<?xml version="1.0" encoding="UTF-8"?>

<kml xmlns:xsd="http://www.w3.org/2001/XMLSchema" xmlns:gx="http://www.google.com/kml/ext/2.2" xmlns:atom="http://www.w3.org/2005/Atom" xmlns="http://www.opengis.net/kml/2.2">
<Document>
<name>ES01b_01a_somport-jaca</name>
<visibility>1</visibility>
<Schema name="ES01b_01a_somport-jaca" id="kml_schema_ft_ES01b_01a_somport-jaca">
<SimpleField type="xsd:string" name="id">
<displayName>id</displayName>
</SimpleField>
<SimpleField type="xsd:string" name="nombre">
<displayName>nombre</displayName>
</SimpleField>
<SimpleField type="xsd:double" name="longitud">
<displayName>longitud</displayName>
</SimpleField>
<SimpleField type="xsd:string" name="_formato">
<displayName>_formato</displayName>
</SimpleField>
</Schema>
<Folder id="kml_ft_ES01b_01a_somport-jaca">
<name>ES01b_01a_somport-jaca</name>
<Placemark id="kml_1">
<name>&lt;img height='20' src='https://nco.ign.es/iconos/icono_todos_caminos_azul.png' /&gt;&lt;img height='20' src='https://nco.ign.es/iconos/Camino Santiago_20.png' /&gt;&lt;img height='20' src='https://nco.ign.es/iconos/icono_todos_caminos_azul.png' /&gt;  Camino de Santiago </name>
<visibility>1</visibility>
<description><![CDATA[<!DOCTYPE html>
<html>
<head>
<style>
#nco {
  border-collapse: collapse;
  overflow:hidden;
}
#nco th, #nco td {
  padding: 4px;
  text-align: left;
}
#nco th {
  color: #364B5F;
  padding-right: 5px;
}
#nco td {
  color: rgb(51, 51, 51);
  font-size: 12px;
  padding-right: 5px;
}
</style>
</head>
<body>
<table id="nco">
<tr>
<td>Camino Francés</td>
</tr>
<tr>
<th><b>Camino: </b></th>
<td>ES01b Camino Francés por Aragón</td>
</tr>
<tr>
<th><b>Etapa: </b></th>
<td>01a Somport-Jaca</td>
</tr>
<tr>
<th><b>Longitud: </b></th>
<td>31.22 km</td>
</tr>
</table>
</body>
</html>]]></description>
<Style>
<IconStyle>
<scale>0.8</scale>
</IconStyle>
<LabelStyle>
<color>ffffffff</color>
<scale>0.75</scale>
</LabelStyle>
<LineStyle>
<color>ffff0000</color>
<width>3.0</width>
<gx:labelVisibility>1</gx:labelVisibility>
</LineStyle>
<PolyStyle>
<color>66ff0000</color>
</PolyStyle>
</Style>
<ExtendedData>
<SchemaData schemaUrl="#kml_schema_ft_ES01b_01a_somport-jaca">
<SimpleData name="id">ES01b_01a</SimpleData>
<SimpleData name="_formato">kml</SimpleData>
</SchemaData>
</ExtendedData>
<LineString>
<extrude>0</extrude>
<tessellate>1</tessellate>
<coordinates>-0.525712632019479,42.7957500697095,1633.0 -0.525712799106106,42.795750405225,1633.0 -0.525719672116365,42.795779909489,1633.0 -0.525715649460529,42.7957805798605,1633.0 -0.525707937423814,42.7957913090997,1633.0 -0.525710619793247,42.7957834300929,1633.0 -0.525686145193327,42.7957762214568,1633.0 -0.525644235192076,42.7957633130126,1633.0 -0.525515656630493,42.7957135248752,1633.0 -0.525437872408355,42.7956697713708,1633.0 -0.525340475268622,42.7955934958285,1632.6666 -0.525224637512738,42.7954719583704,1631.35709999999 -0.525199994029564,42.7953311425765,1630.0316 -0.525217596517555,42.7951968641296,1628.1015 -0.525173005045168,42.7951656833126,1627.2184 -0.5251468532906,42.7951289707034,1625.08839999999 -0.525144170921167,42.7950558802797,1622.0349 -0.525164287793634,42.7950697947698,1623.5569 -0.525173675188369,42.7950684533522,1623.71580000001 -0.525182895496444,42.795056215799,1623.4114 -0.525181889383329,42.7950138032486,1621.424 -0.525209885379137,42.7949430600098,1619.58900000001 -0.525238215548266,42.7948848897998,1618.2408 -0.525236204220332,42.7948094524212,1616.24430000001 -0.525228660168574,42.7947631848375,1615.98020000001 -0.525206699953163,42.7947092048475,1614.6964 -0.525183733624603,42.7946413115455,1614.2764 -0.525165125921793,42.7945519605849,1612.91379999999 -0.525156240685335,42.794547769526,1612.7657 -0.525083151058862,42.7945006632706,1612.0096 -0.525049958309111,42.7944785352757,1610.98209999999 -0.524980891338507,42.7944279082867,1609.6387 -0.524935964794502,42.7944775293676,1608.2337 -0.524950213871529,42.7945053572865,1608.1428 -0.524911657281242,42.7946195184633,1605.7838 -0.524868239008598,42.7946483522235,1605.1205 -0.524837058485079,42.7946138192095,1604.0347 -0.52481342111502,42.7946015815664,1603.2899 -0.524773188268383,42.7945620189932,1602.5094 -0.524753071395916,42.7945464287563,1602.17019999999 -0.524709485138348,42.7944785352757,1601.4129 -0.524650644588901,42.7944104742888,1599.7393 -0.524579230320447,42.7944481925736,1599.1112 -0.524534471761433,42.7944634479719,1598.23480000001 -0.524517204345026,42.794422376447,1598.3094 -0.524484012493606,42.7944111446751,1597.3618 -0.524420980405069,42.794381137463,1594.92140000001 -0.524404048958576,42.7943672234772,1594.0043 -0.524386111399001,42.7943320192599,1592.75350000001 -0.524353254619164,42.7942775372565,1590.9354 -0.524343531254515,42.7942577558696,1589.9762 -0.524360462701008,42.7942369685642,1590.43090000001 -0.52435711018834,42.7942270781946,1590.1646 -0.524343699239472,42.7941377266359,1589.4148 -0.524314362957261,42.7940824066389,1589.1105 -0.524303466392835,42.7940119985195,1587.93459999999 -0.524292234756859,42.7939268384106,1587.6841 -0.524278990894618,42.7938445278472,1587.85709999999 -0.524271782812774,42.7938272611183,1587.2188 -0.524274800253825,42.7938024506517,1586.7326 -0.524244624945091,42.79371075309,1585.6335 -0.524190981149586,42.7936393392853,1584.4154 -0.524138007497283,42.7935714454687,1582.94680000001 -0.524067431356988,42.7934946670148,1580.3383 -0.524083357588662,42.7934891350917,1580.9841 -0.52407547846532,42.7934691860183,1580.6538 -0.52407547846532,42.7934613073751,1580.5787 -0.524109006286655,42.7933753093356,1579.7421 -0.524132307686833,42.7932837785758,1579.308 -0.524149909276493,42.793230134143,1577.0909 -0.524178073257293,42.7931791725809,1576.0434 -0.524208247667663,42.7930893185216,1573.88009999999 -0.524225347099113,42.7930663521856,1573.829 -0.524240769375915,42.7929937649287,1572.4109 -0.524244792930082,42.7929423002055,1571.3484 -0.524269267529968,42.7928661920334,1569.8458 -0.524281840350711,42.7928504339333,1569.9284 -0.524287205089577,42.7928038306719,1568.9898 -0.524298436725586,42.7926851433837,1566.7402 -0.524316709356779,42.7926123882431,1566.5417 -0.524294581156377,42.792527060749,1565.23759999999 -0.524304974664195,42.7924715725345,1564.1603 -0.524353422604122,42.7924100492798,1561.102 -0.524378065188999,42.7923634456868,1558.9973 -0.52442600917402,42.7923245534102,1557.59450000001 -0.524436738651752,42.7923200273256,1557.5557 -0.524552241336051,42.7922940435329,1558.5288 -0.524665564707459,42.7922159239924,1559.02129999999 -0.524696409261064,42.7921570834452,1558.63189999999 -0.524702109071547,42.7921547360187,1558.7605 -0.52472909895424,42.7921461867973,1559.4295 -0.524745025185914,42.7921196999584,1559.32000000001 -0.524774026396542,42.792073096806,1559.159 -0.524780564335183,42.7920082204342,1557.9256 -0.52476178864745,42.7919632935596,1556.8377 -0.524734128621522,42.7919093144235,1555.5757 -0.524725746441606,42.791901267484,1555.4293 -0.52464477679346,42.7918362241525,1552.7323 -0.524592306197731,42.7918040376685,1551.8686 -0.524551067237978,42.791737485306,1550.0463 -0.524540170673586,42.7916483015474,1546.65360000001 -0.52456431110022,42.7916285206384,1546.26519999999 -0.524555760935346,42.7916189647306,1545.2414 -0.524585768259089,42.7915815815781,1545.76519999999 -0.524620637265157,42.7915304518781,1547.0733 -0.524615440511248,42.7914726172953,1546.7417 -0.524607058331332,42.7914679230494,1546.32090000001 -0.52463890989635,42.7914432803952,1547.4002 -0.524684507481853,42.791422493463,1547.96339999999 -0.524719376487921,42.7913282807731,1546.5199 -0.524712335492738,42.7912278653937,1546.33930000001 -0.524674449045619,42.791125271145,1544.6526 -0.524658355727318,42.7911137038934,1544.3818 -0.524628181316915,42.791067938506,1542.9482 -0.524618122880682,42.7909495860674,1542.2332 -0.524599515177872,42.7909054976084,1541.0775 -0.524620637265157,42.7908614084588,1540.913 -0.524617954895724,42.7907948564011,1540.0475 -0.524631533829549,42.7907101988054,1539.5172 -0.524633042100909,42.7906431436,1540.20879999999 -0.524623151649633,42.7906423057309,1539.82309999999 -0.52462197844989,42.7906454910839,1539.82000000001 -0.524611752926997,42.7905916788998,1538.83689999999 -0.52460035330603,42.7905160741194,1539.09239999999 -0.524586942357162,42.7904631003536,1538.5785 -0.524575542736195,42.7904240407587,1538.0557 -0.524549223895001,42.7903541360793,1536.4618 -0.52456431110022,42.790310382082,1536.63890000001 -0.524586104229004,42.7902232101991,1535.6012 -0.524626505060598,42.7901672195669,1535.58689999999 -0.524625834019066,42.7901583345252,1535.3563 -0.524664725681003,42.7901132401828,1535.5497 -0.524782910734702,42.7900314328113,1534.7314 -0.524894222778208,42.7899885171231,1535.5099 -0.525005198851767,42.7899405728149,1536.1746 -0.52502783010871,42.7899280000191,1536.24649999999 -0.525097400135888,42.789884581927,1536.0 -0.525129083715982,42.789860609078,1536.27770000001 -0.525186919050577,42.7898282554408,1536.3023 -0.525218602630671,42.7898118267903,1535.9222 -0.525232013579539,42.7897902014295,1535.4354 -0.525241232989283,42.7897938891592,1535.56879999999 -0.525259673605467,42.789784166183,1535.6393 -0.525323208750545,42.78971895516,1535.1572 -0.525336786786073,42.7896752013728,1534.45 -0.525332093088705,42.7896710106429,1534.342 -0.525305103206012,42.7896255810561,1533.73729999999 -0.525303762021279,42.7895491378708,1532.92290000001 -0.525312144201195,42.7895402527404,1532.8533 -0.525320358396154,42.7895446115833,1532.94990000001 -0.525326896334796,42.7894832561604,1531.82709999999 -0.525313317400971,42.7894093277755,1530.999 -0.525236036235375,42.7893928990138,1530.4957 -0.52518540988092,42.7893992691891,1530.3466 -0.525144170921167,42.7893977608624,1529.1308 -0.525150876844767,42.7893991017437,1529.3606 -0.525131598100458,42.7893923960184,1528.6492 -0.525114498669008,42.789388037824,1527.4317 -0.525050293380729,42.789388037824,1523.6538 -0.525047275939678,42.7894252535378,1525.2417 -0.5250065400365,42.7894584459301,1524.3443 -0.524941161548411,42.7894968350355,1522.97900000001 -0.524875782162059,42.789534888568,1521.7748 -0.524808727417652,42.7895716011996,1521.45510000001 -0.524735636892882,42.7896046260686,1519.9026 -0.524676796343468,42.789623904631,1517.4382 -0.524708311938571,42.7895866890367,1517.8098 -0.524723064072173,42.789538241423,1517.86 -0.524702612128088,42.7895159455272,1517.07610000001 -0.524678304614828,42.789481244182,1515.98940000001 -0.524646117978193,42.789475544455,1514.5745 -0.524678975656326,42.7894859385785,1516.4289 -0.524641759352443,42.7894990137993,1515.5828 -0.524579230320447,42.7894978403653,1514.501 -0.524457860739038,42.7894465434764,1515.7919 -0.524440929292579,42.7894277678539,1515.93459999999 -0.524399690332826,42.789429276839,1516.9295 -0.524290725587168,42.7893808291022,1517.0 -0.524264573832634,42.7893550128395,1517.4139 -0.524244960016708,42.7893429429205,1518.08440000001 -0.524247810371098,42.7893256762542,1518.2053 -0.524238590063024,42.7893097504663,1518.8248 -0.52422266472968,42.7892834318369,1519.8177 -0.524181425769927,42.7891922365099,1524.34669999999 -0.524160302784344,42.7891732933642,1525.0312 -0.524122249250566,42.7891362456043,1525.4988 -0.52407547846532,42.7890829364244,1526.47779999999 -0.523975398057824,42.7889635781478,1526.4207 -0.523928795257502,42.7889161367041,1525.6342 -0.523957628483206,42.7888204151546,1525.5769 -0.523971207417031,42.7887915813162,1525.42539999999 -0.523999370499499,42.7887379369451,1525.29150000001 -0.524008590807574,42.7887121210735,1525.73540000001 -0.524037927089819,42.7886891544318,1525.7947 -0.524088721429231,42.7886576387376,1525.7087 -0.524136666312583,42.7886195846658,1525.8174 -0.524192992477521,42.7885557146338,1526.2827 -0.52421143309367,42.7885082728775,1526.2573 -0.524201541744097,42.7884888271791,1526.6063 -0.524202212785596,42.7884083605411,1525.7264 -0.524180922713353,42.7883726538861,1525.7898 -0.524152926717544,42.7882888348339,1524.1719 -0.524131134487057,42.7882254674655,1524.8426 -0.524180922713353,42.7881855698745,1525.7368 -0.524264406745974,42.7881315900807,1526.0073 -0.524275470397026,42.788101750569,1525.8463 -0.524296257412695,42.7880868311373,1525.5159 -0.524318888669637,42.788071576145,1524.90459999999 -0.524379406373699,42.7880118970492,1523.2046 -0.524389128840018,42.7879899361612,1523.06849999999 -0.524389296824975,42.7878794624657,1522.1811 -0.524387285497074,42.7878838214256,1522.23880000001 -0.524372700450099,42.7878462705452,1522.2332 -0.524312350730996,42.7877394851046,1522.6373 -0.524264238761017,42.7876539893759,1522.46829999999 -0.524203218898711,42.7876100686566,1523.3489 -0.524109676429857,42.7875287636242,1523.6793 -0.524017978202309,42.7874488007272,1523.4996 -0.52392527475991,42.787344865222,1524.82000000001 -0.523850172907205,42.7872558491778,1525.1657 -0.523767023946201,42.7871514103351,1524.3143 -0.523684714011653,42.7870211560579,1522.8924 -0.523606259646313,42.786912861466,1523.27220000001 -0.523534342321319,42.7868375923707,1523.4673 -0.523490253905473,42.7867708724897,1522.0931 -0.523454714756204,42.786665595565,1519.8904 -0.523473490443971,42.7865241090401,1517.7291 -0.523452032386771,42.7863894956967,1516.0 -0.523373913093049,42.7862429796502,1515.0 -0.523330326835447,42.786131668203,1514.0914 -0.523287411619377,42.7860460054362,1513.4871 -0.523269977116343,42.786041311438,1513.6804 -0.523292943444903,42.7860374560303,1513.2787 -0.523256566167475,42.7860129806464,1513.43060000001 -0.52324432841835,42.7860074487138,1513.4041 -0.523230247326281,42.7859953788013,1513.14840000001 -0.523211303653556,42.7859789497928,1512.7567 -0.523139555211816,42.7858991543263,1511.9011 -0.523080881749029,42.7858171792044,1510.2264 -0.522983651695956,42.7857268226397,1508.2662 -0.522888768042368,42.7856758601736,1507.20050000001 -0.522762871850251,42.7856181928501,1506.0 -0.522631611817565,42.785564716481,1506.3288 -0.52255902434937,42.7855514729733,1506.826 -0.522468500219862,42.7855269980565,1507.0757 -0.522451568773369,42.7855233100726,1507.0019 -0.522299520826718,42.785506546027,1507.0 -0.522277559712944,42.7854973260637,1507.2338 -0.522169601080435,42.7854420055958,1508.37450000001 -0.522143282239241,42.7854339584747,1508.7111 -0.522102546336029,42.785400598446,1508.6698 -0.522050410811884,42.7853053804221,1508.5223 -0.522026773441826,42.7852805698358,1508.7727 -0.52195552715833,42.785206306133,1508.2748 -0.521898697936817,42.7851699284631,1508.6416 -0.521763414349999,42.7851075672586,1509.08869999999 -0.521627459721615,42.7850960002009,1509.1155 -0.521458145256888,42.7850547615954,1509.9296 -0.521300062428136,42.7849771451792,1510.0 -0.521246082662683,42.7849400968856,1510.0 -0.521165448984485,42.7848789089712,1510.8273 -0.521080624665461,42.7848192300938,1511.0 -0.520984232740513,42.7847240111758,1512.0 -0.520901586836084,42.7846365044205,1513.0 -0.520835537306496,42.7845582176461,1514.0 -0.520750041945974,42.7844767451024,1514.0484 -0.520670749452476,42.7843892379976,1515.0 -0.520619620041447,42.7843124600204,1516.0 -0.520580560394553,42.784221935778,1516.0 -0.520571843143052,42.7841423074842,1516.7712 -0.520559940465544,42.7840475918823,1517.8646 -0.520544853260326,42.7839698080618,1518.24920000001 -0.520541667834352,42.7838767687768,1519.0 -0.520534962809049,42.7837854059353,1520.6758 -0.520518701505791,42.7837138244258,1521.3833 -0.520500260889642,42.7836670534171,1522.0 -0.520512331552107,42.7836486136005,1522.0 -0.520515684064741,42.7836427458755,1522.0 -0.520493890935957,42.7836103916255,1522.7374 -0.520468913279462,42.7836068716477,1522.6302 -0.520452484889577,42.7835934602602,1522.9327 -0.520400349365432,42.7835538979026,1523.0 -0.52035911040568,42.783516011451,1523.05220000001 -0.520337317276862,42.7834831547507,1523.6217 -0.520330947323211,42.7834782930969,1523.72010000001 -0.520276967557758,42.7834395686323,1523.46580000001 -0.520267077106482,42.7834263253293,1524.0445 -0.520136654303658,42.7834021851548,1522.75260000001 -0.520051829086337,42.7833964855273,1521.24310000001 -0.51999885633233,42.7833808951152,1521.84819999999 -0.51993314187436,42.7833606111569,1521.6627 -0.519835743836296,42.7833656402817,1519.75539999999 -0.519821326774313,42.7833684904266,1519.3809 -0.519704483803611,42.7833763690359,1517.012 -0.519671626125477,42.7833720104179,1516.6336 -0.519529972584941,42.7833874333707,1514.47349999999 -0.51943257454691,42.7834028556604,1512.8588 -0.519368034187013,42.7834484533199,1511.89999999999 -0.519371218714691,42.7834739344861,1511.9967 -0.519382953407241,42.7834990800598,1512.0528 -0.519387144946365,42.7834989125985,1512.0868 -0.519345570016697,42.783512155886,1511.18369999999 -0.51921799756823,42.7835143355197,1509.4212 -0.519160162233635,42.7835118209634,1508.9523 -0.519052371586051,42.7834901953795,1508.14629999999 -0.518995206394624,42.7834440947071,1508.13069999999 -0.518959835230312,42.7834182786056,1507.9379 -0.518904179208575,42.7833899479321,1507.5846 -0.518795047376291,42.7833500498617,1507.79029999999 -0.518681220948309,42.7833306038615,1507.28999999999 -0.518647358055357,42.7832925498113,1507.84970000001 -0.518667474029527,42.7831807352877,1507.6372 -0.518621206300823,42.7831081483048,1507.1235 -0.518568567720103,42.7830742852947,1506.7104 -0.518456250461812,42.7830399192191,1505.88559999999 -0.518448874395011,42.7830218148002,1505.22100000001 -0.518420040271044,42.7830100798902,1505.2069 -0.518395565671124,42.7830090737958,1505.2227 -0.518389362804066,42.7830028717442,1504.9642 -0.518378969296248,42.7829614649409,1503.7494 -0.518383495906956,42.7829287754092,1503.2049 -0.518364887305849,42.7828944099121,1502.5794 -0.518304202515161,42.7828575291538,1501.579 -0.51824653516549,42.7828390890961,1501.3564 -0.518184006133494,42.7827961736958,1501.9645 -0.518199093338713,42.7827428649895,1501.2208 -0.518221557508995,42.7826729595473,1499.1606 -0.518155843051025,42.7826340677747,1498.95209999999 -0.518116615419207,42.7825458901877,1498.4195 -0.518104880726656,42.7824746441511,1497.3199 -0.518049895746418,42.7824039004252,1497.66680000001 -0.517989881098932,42.7823621589519,1498.78690000001 -0.517938248631328,42.7822892360801,1499.5343 -0.517897009671575,42.7822414592069,1500.7338 -0.517839510306895,42.7822059204154,1501.9927 -0.517824590188337,42.7821544552934,1502.0 -0.517811849382637,42.7821293098328,1501.8493 -0.517783351228584,42.7820448197183,1499.9902 -0.517741106155715,42.7820027430721,1499.5546 -0.517695844540127,42.7819651919208,1498.64840000001 -0.517695508570212,42.7819325025224,1496.6547 -0.517717301698996,42.7818910956625,1493.598 -0.517671033970292,42.781872823442,1494.3688 -0.517676733780775,42.7818399665289,1492.8167 -0.517705567006446,42.7818367813821,1491.9963 -0.517766251797134,42.781802247813,1489.50840000001 -0.517789218125694,42.7817589967619,1487.87850000001 -0.517796595090825,42.7817232902274,1486.8547 -0.517815202793601,42.7816999886977,1486.0306 -0.517845042132387,42.7816580786241,1484.6246 -0.517892315974241,42.7816314244461,1482.6303 -0.517902541497101,42.7816138226738,1481.8253 -0.517918802800393,42.7815777804632,1480.2475 -0.517897847799734,42.7815204482115,1479.2487 -0.517860297322563,42.7814486992536,1477.955 -0.51783028999882,42.781387343718,1476.8288 -0.517805311444028,42.7813187797795,1476.0873 -0.517758205587132,42.7812366370589,1475.00229999999 -0.517756194259231,42.781176454905,1473.7552 -0.517727025063646,42.7810752015411,1471.3199 -0.517737083499879,42.7810401651434,1470.1228 -0.517714117171319,42.7810527377665,1470.7806 -0.517721995396364,42.7810148517622,1469.8312 -0.517735574330189,42.7809781386711,1468.81110000001 -0.517755356131072,42.780958525117,1467.9534 -0.517759713858492,42.7809291885084,1466.67049999999 -0.51773322703234,42.7808686711187,1466.4473 -0.51770590207803,42.7808054715352,1465.08930000001 -0.517684109847576,42.7807717767123,1464.2295 -0.51767187209845,42.7807893787239,1464.9745 -0.517658125179668,42.7807483073557,1464.1612 -0.517628956882381,42.7807119297035,1464.0561 -0.51762174790224,42.7807057274218,1464.0287 -0.517590399393764,42.7806447067473,1463.1505 -0.517562907352793,42.7805954213826,1462.37330000001 -0.51751730976729,42.780525851751,1461.09420000001 -0.517483278889381,42.7804767337613,1461.1974 -0.517424438339967,42.7803825208947,1459.212 -0.517370458574548,42.7803050720247,1457.9469 -0.517313294281418,42.7802519306216,1457.2689 -0.517240371741605,42.7801592272834,1456.4988 -0.517214723043612,42.7801037385309,1455.38099999999 -0.517175998468368,42.7800170698515,1453.7922 -0.517129227683089,42.7799433095003,1453.7164 -0.517120678416513,42.7799267127333,1453.50260000001 -0.517104752184839,42.7798531197457,1452.1844 -0.517085809410445,42.7797845560862,1451.0255 -0.517054125830384,42.7797661157725,1451.59329999999 -0.517025626778001,42.7797677924646,1452.57460000001 -0.516982544475304,42.7797319173102,1453.2522 -0.516975503480088,42.7797169978394,1452.93489999999 -0.516944322956568,42.779673411707,1452.3014 -0.516934934663536,42.7796573186015,1452.27680000001 -0.51687777037044,42.7795810431058,1452.61719999999 -0.516801160246375,42.7795002418128,1452.6774 -0.516723040054322,42.7794211164565,1452.3754 -0.516674593012726,42.7793423266035,1452.4188 -0.516665875761226,42.7793227131905,1452.2855 -0.516624971873091,42.779247946516,1453.13099999999 -0.516586415282771,42.7791649656609,1454.2423 -0.516583565826678,42.779156081018,1454.27499999999 -0.516561604712936,42.779069579804,1453.9455 -0.516555234759252,42.7790031950694,1454.1863 -0.516540985682225,42.7789366427901,1454.9044 -0.516541320753809,42.7788772990663,1455.6654 -0.516538303312792,42.778847291576,1455.5393 -0.516526568620208,42.7788130932655,1454.8172 -0.516472421768162,42.7787644783174,1454.2742 -0.516416095603224,42.7787265922317,1454.4261 -0.516364630222281,42.7786866944529,1454.0132 -0.516323894319069,42.7786390849117,1453.33289999999 -0.516291875667425,42.7785725329003,1452.8244 -0.516205877250328,42.7785175477876,1454.7129 -0.516155249997543,42.7784501569521,1453.9336 -0.516119040705072,42.7783877955723,1454.465 -0.516097750632829,42.7782932478732,1454.1707 -0.516084339683961,42.7782743046891,1455.098 -0.51605986418571,42.7781742248435,1455.1122 -0.516036562785566,42.7780800124296,1455.73330000001 -0.516010075959415,42.7780080953055,1457.38159999999 -0.516007896646523,42.77796098899,1454.91220000001 -0.515964981430453,42.7778723082523,1455.56570000001 -0.515936818347984,42.777848001073,1455.9222 -0.515851658059045,42.7777609969199,1454.3235 -0.515813603627003,42.7776884095172,1454.17509999999 -0.515797846278583,42.7776602463363,1454.2908 -0.515819806494028,42.7776444883212,1453.2322 -0.515805389432044,42.7776131404156,1453.0557 -0.515754092036058,42.7775261359325,1453.0419 -0.515731125707498,42.7774498604489,1452.5157 -0.515709668548628,42.7773683884414,1451.9975 -0.515727941179821,42.7772614352516,1453.1051 -0.515743028385006,42.7771675583839,1451.3772 -0.515782088031867,42.7770693223121,1450.01300000001 -0.51586925964874,42.7770156783329,1448.04979999999 -0.51595944870663,42.7769831564377,1447.0727 -0.516007561574939,42.7769305179177,1446.1044 -0.515990294158531,42.7768713417286,1444.6421 -0.515937656476143,42.776833455144,1443.8821 -0.515893064105458,42.7768158533265,1443.3738 -0.515919718916567,42.7767883609854,1441.41009999999 -0.51593949981912,42.7767632153236,1440.4142 -0.515941008988777,42.7767228145002,1439.2202 -0.515945702686144,42.7766948190192,1438.48050000001 -0.515956431265579,42.7766641412115,1438.2101 -0.515968501928078,42.7766366481436,1437.9388 -0.515986941645897,42.7765841774684,1437.54610000001 -0.515990294158531,42.7765228223873,1435.40700000001 -0.516045783093641,42.7764519109744,1432.66529999999 -0.516032371246443,42.7764244184717,1432.0025 -0.51598962401533,42.7763892145993,1430.4811 -0.515916869460474,42.7763851911099,1429.91770000001 -0.515886024008572,42.7763888796382,1429.2732 -0.515812095355643,42.7763937405299,1427.9111 -0.515751745636539,42.7764359858308,1427.5873 -0.51568787541981,42.7764376619537,1424.0543 -0.515647642573207,42.7764579462019,1423.0393 -0.515586621812571,42.7765016994405,1421.1992 -0.515555106217468,42.7765238279278,1420.2372 -0.515522081452674,42.7765332153889,1419.2316 -0.515509173560347,42.7765387475087,1418.9819 -0.51543155642487,42.7765773041937,1417.1773 -0.515385120711208,42.7766044616686,1416.2025 -0.51534857634712,42.7766166995732,1415.40919999999 -0.515305996202667,42.7766155258949,1414.00320000001 -0.515258722360814,42.7766001032333,1411.7965 -0.515217483401094,42.776605970307,1410.4403 -0.515196695487096,42.7766177051121,1410.3649 -0.515161827379325,42.7765997682733,1408.33749999999 -0.51508538434192,42.7765913863617,1406.01300000001 -0.515042972182424,42.7766054678671,1405.6899 -0.514998379811707,42.7766250814814,1405.6277 -0.514968708457878,42.7766265901192,1404.80220000001 -0.51491975746141,42.7766341339673,1403.7837 -0.514878518501657,42.7766339664875,1402.5433 -0.514874159875907,42.7766223991654,1401.7589 -0.514932498267077,42.7765855186273,1401.08010000001 -0.514941383503568,42.7765769692336,1400.81570000001 -0.514923613928916,42.776562049662,1399.8924 -0.514917411061891,42.7765586967636,1399.5628 -0.514855888143012,42.7765742869156,1399.2066 -0.514815822383035,42.776590380163,1399.2496 -0.514761675530956,42.7765987620748,1397.4685 -0.514687578893069,42.7765967503369,1395.61199999999 -0.514648184174591,42.7766061384463,1395.2919 -0.51457375246512,42.7766440245106,1395.08440000001 -0.514561515614326,42.7766280987571,1393.997 -0.51453754317265,42.7766584416231,1395.1496 -0.514513402746017,42.7766757078664,1395.5833 -0.514482725279038,42.7766896218729,1395.2453 -0.514366719538198,42.7767213058647,1393.40399999999 -0.51432883398941,42.7767156056222,1392.5512 -0.514294468039917,42.7767026978184,1390.8765 -0.514274184080789,42.7766936453425,1389.96430000001 -0.514234788464014,42.77668677208,1389.5206 -0.514169745047543,42.7766747023284,1388.6208 -0.514051057835566,42.7766227341252,1386.1363 -0.51391845571985,42.7765801546511,1386.0 -0.51390286545809,42.776592224421,1386.0 -0.513910241524891,42.776608988243,1386.0 -0.51386531408259,42.7766227341252,1386.0 -0.513877551831715,42.7766168670531,1386.0 -0.513878725031457,42.7766115024202,1386.0 -0.513792056471159,42.776616196474,1386.0 -0.513731203695514,42.7766158615142,1385.1387 -0.51364637937649,42.7766130117178,1384.4077 -0.513535067333017,42.776639330459,1382.03969999999 -0.513428113915294,42.7766653142294,1381.212 -0.51335217393443,42.7766780552205,1380.0 -0.513275898881949,42.7766661529471,1379.72199999999 -0.513189565393268,42.7766591122017,1378.712 -0.513074733750501,42.7766564298872,1378.0 -0.512961074409179,42.7766661529471,1377.0 -0.512828138120176,42.7766793963773,1375.82580000001 -0.512793101129151,42.7766696733195,1375.02310000001 -0.512786060133934,42.7766524064151,1374.6315 -0.512771308000367,42.7766353069858,1374.2588 -0.512754376553874,42.7766135141576,1373.8165 -0.512727722641095,42.776596247897,1373.4123 -0.512731913281888,42.776596247897,1373.4103 -0.512682460127176,42.7766492210015,1374.6107 -0.512683466240292,42.7766472092652,1374.5656 -0.512650944532073,42.7766433539318,1374.4911 -0.512647927091023,42.7766470417854,1374.6683 -0.512588415500078,42.7766624644354,1375.8245 -0.512597802894812,42.7766619619959,1375.7791 -0.512575171637837,42.7766691702208,1376.1329 -0.512554384622168,42.7766809050139,1376.33040000001 -0.512568466612568,42.7766765459246,1376.3146 -0.512460339995069,42.7767208027664,1377.3078 -0.512357242146555,42.7767657294946,1379.3554 -0.512347519680236,42.7767680768454,1379.41220000001 -0.512209385738994,42.7767940605618,1380.1121 -0.51207594549512,42.7767880253671,1380.9728 -0.511946193733794,42.7767774642695,1381.62179999999 -0.511811580290144,42.7767672381291,1382.36410000001 -0.511667411466834,42.7767479601784,1383.0 -0.511568170085827,42.7767338787053,1383.058 -0.511531959895025,42.7767290171809,1382.9718 -0.511425677518834,42.7766899574917,1384.1309 -0.511285029193117,42.7766711819563,1383.7732 -0.511159804042498,42.7766601177399,1382.2708 -0.511049665198768,42.7766555911693,1381.948 -0.510976910643912,42.7766418452944,1382.4504 -0.510929133745517,42.7766049647678,1381.8504 -0.510814972245951,42.7765588642436,1381.0 -0.510704498330637,42.7765367364282,1380.0675 -0.510583128749228,42.7765263427679,1378.8953 -0.510477516516205,42.7764973409979,1378.3551 -0.510385819186955,42.7764514085333,1377.5566 -0.51029663534385,42.7764158690559,1376.58010000001 -0.510211307968285,42.7763736244007,1375.806 -0.510151125335841,42.7763439526365,1375.66929999999 -0.510004274143065,42.7762628154544,1373.6928 -0.509892795012932,42.7762247616759,1373.4936 -0.509817023017059,42.7762043098702,1374.113 -0.509692132039728,42.7761620650707,1373.4806 -0.509583000207444,42.7761404395572,1373.6237 -0.509556681366249,42.7761330637895,1373.478 -0.509438999369058,42.7760926625549,1373.7115 -0.509296171730482,42.7760740549792,1374.84050000001 -0.509162228430033,42.7760772404225,1375.6072 -0.509038679535765,42.776097356648,1375.45480000001 -0.509012192709614,42.7760918244888,1375.016 -0.508853774809244,42.7760546093312,1374.7942 -0.508837010449412,42.7760497477534,1374.772 -0.50872033456537,42.7759863803852,1373.4837 -0.50870625257497,42.7759308918495,1372.1053 -0.508685968615843,42.7759079257411,1371.952 -0.508622266384105,42.7758646751882,1370.2941 -0.508597288727643,42.7758559582131,1369.909 -0.508620255056203,42.7758660163626,1370.3556 -0.50857314830101,42.7758420440192,1369.25810000001 -0.508537777136698,42.7758117014126,1368.0227 -0.508510619269014,42.7757775034037,1367.0147 -0.508482456186546,42.7757550396852,1365.8803 -0.508443564524642,42.7757479988362,1364.9605 -0.508403498764665,42.7757307323343,1363.6633 -0.508317835419152,42.7757008927796,1362.6447 -0.508314147834933,42.7756606594049,1361.4368 -0.508273075961807,42.7756039981988,1359.213 -0.508241392381747,42.7755627592052,1357.62549999999 -0.508193783468309,42.7755397923008,1356.992 -0.508129243108412,42.7755114619786,1355.428 -0.508085991922428,42.7754512795351,1353.2265 -0.508061014265967,42.7754247928058,1352.6485 -0.508022457675647,42.7753674607911,1351.3937 -0.507936962315125,42.7753285683859,1349.8508 -0.507860016221145,42.7752863236484,1348.67019999999 -0.50780938896836,42.7752407259122,1347.6819 -0.507770329321466,42.7751932845022,1346.6471 -0.507745686736622,42.7751389696215,1345.45269999999 -0.507692378012701,42.7750893488627,1344.1704 -0.507655497678698,42.7750591740307,1343.25290000001 -0.507561788123217,42.7750628619786,1343.8251 -0.507545862789873,42.7750883432989,1344.3962 -0.507492553167655,42.7750846553526,1344.02129999999 -0.50738861808928,42.7750933724362,1343.6127 -0.50739012636064,42.7750819729698,1343.3588 -0.507351904841904,42.7750409017722,1342.33839999999 -0.507346541001369,42.7749741817061,1340.576 -0.507361293134969,42.7749146699973,1338.9103 -0.507409237119991,42.7748761135959,1337.4304 -0.507470257880593,42.7748923741098,1337.1936 -0.50748903267003,42.7748920391406,1336.5301 -0.507505629044906,42.7748514709305,1333.43150000001 -0.507492218096038,42.7747751954493,1330.9914 -0.507419295556225,42.7747242331999,1328.7982 -0.507367998160238,42.7746660631107,1327.38710000001 -0.507327597328644,42.774585428824,1325.3297 -0.507253501589055,42.774548380906,1323.1617 -0.507252328389312,42.7745329583889,1322.7611 -0.50720723386035,42.7745396637456,1321.46490000001 -0.50713565160694,42.7745337964762,1317.7124 -0.50711117700702,42.7745403343472,1316.9201 -0.507120397315095,42.7745741974089,1317.4776 -0.507127437411981,42.7745916317188,1318.11470000001 -0.507131964022688,42.7745944816081,1318.32769999999 -0.507123916914389,42.7746234829505,1318.7504 -0.507118050017279,42.7746637163396,1319.63890000001 -0.507107824494386,42.7747062958127,1320.6203 -0.507074966816252,42.7748125788606,1322.76880000001 -0.507060214682651,42.7748539851791,1324.1615 -0.507048144918483,42.774895894583,1325.0935 -0.50698393963017,42.7749017618182,1321.1238 -0.506949573680677,42.7748940509338,1319.5134 -0.506836083222642,42.7749253988972,1319.1808 -0.506725441322337,42.7749609385706,1318.9921 -0.506686549660434,42.7749813901275,1318.894 -0.506555288729418,42.7750179353337,1318.7876 -0.506472307753371,42.775012738706,1316.57799999999 -0.506400056255089,42.7749820607242,1315.9255 -0.506384969049871,42.7749798814495,1316.499 -0.506342555992045,42.7749589267795,1317.9369 -0.50630601162799,42.7749176873563,1318.46649999999 -0.506298299591276,42.7748467767429,1319.2153 -0.50632311016111,42.774779050899,1319.8939 -0.506332833525726,42.7747161866639,1320.2006 -0.506340209592527,42.774704787128,1320.0707 -0.506354290684596,42.774672265338,1320.0 -0.506367031490296,42.7746529873944,1320.0 -0.506361666751396,42.7745788909577,1320.0 -0.506363175921087,42.7745705094319,1320.0 -0.506355631869329,42.7744990953046,1320.0 -0.506377592983071,42.7744199701516,1320.0 -0.50641028177795,42.7743488914822,1320.1942 -0.50641179094764,42.7743091616659,1320.5132 -0.506392680188289,42.77424512389,1321.0 -0.506378934167804,42.7741986879549,1321.0 -0.506405588080582,42.7741621429246,1320.6036 -0.506415478531858,42.7741488996154,1320.2675 -0.506410617747864,42.7741354881573,1320.2687 -0.506379939382589,42.7740848616738,1320.5637 -0.506377424998113,42.7740805030612,1320.5135 -0.506383124808597,42.7740719539811,1320.314 -0.506406091137157,42.774054016405,1320.00139999999 -0.506399385213558,42.7740583750195,1320.0521 -0.506425201896508,42.7740426167473,1319.76459999999 -0.506450850594501,42.7740050660436,1318.96799999999 -0.506487730928504,42.7739745557091,1318.2893 -0.506494436852069,42.7738813490831,1318.06419999999 -0.506496448180004,42.7737829455858,1317.0959 -0.506465937799686,42.773685212543,1316.6593 -0.506445653840592,42.7735745715496,1317.1063 -0.506436266445857,42.7734941053084,1318.0163 -0.506444647727477,42.7734034129261,1317.8171 -0.506422687512032,42.7733071886625,1317.6153 -0.506447833153451,42.7732072768507,1317.1403 -0.506486221758813,42.7730941206834,1316.53230000001 -0.506505165431538,42.7730451702227,1316.6355 -0.506537184083182,42.772963530865,1317.21520000001 -0.506569705791435,42.7728998279965,1317.6652 -0.506618991859486,42.7728225471487,1316.8941 -0.506658218593008,42.7727514686241,1316.2953 -0.506688896958283,42.7726978242016,1316.8278 -0.50669644011171,42.7726807256586,1316.89690000001 -0.506728961819929,42.7725873509133,1317.74890000001 -0.506719909496811,42.7725026934756,1316.6764 -0.506691076271141,42.7724711781135,1316.4828 -0.506674144824682,42.7724079785314,1316.7429 -0.506738350112961,42.7723690862458,1316.6467 -0.506822336303827,42.772278561686,1317.1346 -0.506863575263579,42.7721774757712,1317.2862 -0.506926439367159,42.7720727022251,1317.1833 -0.506935994746851,42.7719518353719,1317.1063 -0.506997182594114,42.7718504139382,1315.17170000001 -0.507027357902815,42.7717340729224,1314.7543 -0.507040768851682,42.7716931696354,1314.14659999999 -0.507085863380644,42.7715766608308,1313.5517 -0.507086701508803,42.7715662676568,1313.31359999999 -0.507176388408449,42.7715018946949,1312.0 -0.507291388036173,42.7714190815044,1311.64079999999 -0.507361460221596,42.7713292275113,1311.0 -0.507427509751184,42.771247419716,1311.0 -0.507487859470288,42.7711421434312,1309.92389999999 -0.507520884235081,42.7710335137699,1308.51609999999 -0.507576037200243,42.7709409773147,1307.2969 -0.507630855093821,42.770846094465,1306.46219999999 -0.507685840074059,42.7707569109425,1306.5625 -0.507728252233588,42.7707020929804,1306.0468 -0.507803186999633,42.770676612493,1305.43949999999 -0.507871750913696,42.7706534782589,1304.52650000001 -0.507973171607595,42.7705741853124,1304.0824 -0.508061517322508,42.7704883546257,1303.64720000001 -0.508148688939381,42.7703879397327,1304.6306 -0.508232843115171,42.7702831657971,1305.5946 -0.508313644778359,42.770202029247,1305.8979 -0.508389081702648,42.7701344710967,1305.53260000001 -0.508458316658243,42.7700493104509,1305.40919999999 -0.508548337731176,42.7699675036029,1305.8216 -0.508582871665626,42.769924420356,1305.7472 -0.508662835200656,42.7698449596373,1305.80560000001 -0.508691333354742,42.7697996975077,1305.7959 -0.508739780396305,42.7697281163155,1305.05009999999 -0.508750173904156,42.7696707836433,1304.3912 -0.508742630750729,42.7696112721139,1304.0959 -0.508750676960731,42.7695353324309,1304.99739999999 -0.508741456652622,42.7694882262648,1305.27619999999 -0.508811697721333,42.7694359229673,1305.7773 -0.508820917131111,42.7694300558737,1305.79369999999 -0.508844889572753,42.7694201648378,1305.6792 -0.508873220640213,42.7694054130197,1305.54979999999 -0.508885458389305,42.7693988752661,1305.47070000001 -0.508900880666107,42.769391331196,1305.3983 -0.508931894102966,42.7693814408134,1305.132 -0.508951507918892,42.7693646770133,1305.02770000001 -0.508953351261869,42.7693651795119,1304.9564 -0.508961733441786,42.7693551216255,1304.9228 -0.508990902637371,42.7693214265069,1304.7748 -0.5090494081152,42.7692746551778,1304.4008 -0.50911210513212,42.7692203403819,1303.29059999999 -0.50914680615323,42.76915160866,1302.76790000001 -0.509177315635218,42.7690981325764,1302.55220000001 -0.509195756251401,42.7690867326659,1302.0221 -0.509208664143694,42.769053540562,1302.5001 -0.509273204503591,42.7689735775432,1300.6734 -0.50931695874615,42.768920435648,1300.1924 -0.509381164034463,42.7688473459312,1299.1428 -0.509405471547723,42.7688166681928,1298.69869999999 -0.509442183896769,42.7687331840448,1298.8517 -0.509478561174197,42.7686714934367,1297.64350000001 -0.509565397719453,42.7686079589309,1295.27469999999 -0.509603619238155,42.7685383890206,1294.3898 -0.509653072392867,42.7684968142751,1292.99950000001 -0.509702190475961,42.7684398174456,1292.2931 -0.509791877375607,42.7683675653325,1289.7448 -0.509856249750547,42.768305371853,1287.9013 -0.509930513475093,42.7682415019665,1286.0162 -0.509996059948106,42.7681895339406,1284.51669999999 -0.510026402343467,42.7681781345223,1284.016 -0.510075856396476,42.768110241137,1282.65790000001 -0.510091948816479,42.7680599500101,1282.03539999999 -0.510137714386939,42.7680210576321,1280.3544 -0.5101667155976,42.7679602051504,1278.8596 -0.510207116429161,42.7679296951354,1278.2185 -0.510207116429161,42.7679410945993,1278.211 -0.510219689249904,42.7679213133692,1278.0192 -0.510284230508098,42.7678482231331,1277.0171 -0.510313398805386,42.7678138571798,1276.82309999999 -0.510336365133946,42.7677984343047,1276.348 -0.510391686084065,42.7677236675648,1276.3333 -0.510394703525115,42.7677139450793,1276.29029999999 -0.510491095450063,42.7676599652421,1274.7346 -0.510543398959165,42.7676227496339,1273.91680000001 -0.510593187185461,42.7675984423884,1273.1654 -0.510636270386488,42.7675731287882,1272.9915 -0.510689914181993,42.7675246817532,1272.58349999999 -0.510725453331263,42.767498697445,1272.019 -0.510748084588205,42.7674520942226,1272.0 -0.510785467978749,42.7674133696273,1270.9014 -0.510818995800117,42.7673624079147,1269.6817 -0.510865598600439,42.7673282098565,1268.9129 -0.510903317062567,42.7673087634408,1268.2438 -0.510977245715496,42.7672995434055,1266.8094 -0.511041954060384,42.7672651778074,1266.0134 -0.511125605179632,42.7672103600523,1264.3196 -0.511224344402395,42.7671649304704,1262.0738 -0.511263572034213,42.7671424669253,1261.9188 -0.51130967177796,42.7671193326901,1261.4319 -0.511426850718577,42.7670915049898,1259.82030000001 -0.511501114443123,42.7670633416061,1259.4434 -0.5115626382603,42.7670430575782,1259.0 -0.511604547363254,42.7670147266666,1259.0 -0.5116640589542,42.766956723437,1258.0 -0.511740669976562,42.766899391497,1258.0 -0.511839241214368,42.766820098361,1257.5405 -0.511847790480945,42.7667788594536,1256.815 -0.511854831476128,42.7667649458584,1256.4859 -0.511860363301654,42.7667064398748,1255.1345 -0.51188869436908,42.7666318413023,1253.0551 -0.511892213968375,42.7665600922395,1251.9902 -0.511885508943073,42.7665057770418,1251.28 -0.511854831476128,42.7663909454258,1249.43309999999 -0.511863715814288,42.7663237220912,1247.43339999999 -0.511886347071231,42.766232527237,1246.6629 -0.511919036764441,42.766207213738,1246.2561 -0.511916186410051,42.766204029106,1246.3599 -0.511909816456366,42.7661911204303,1245.76459999999 -0.511878635932847,42.7661716743172,1243.4953 -0.51188148538894,42.7661664776067,1242.9363 -0.511791464316007,42.7661346266421,1244.9901 -0.511741508104721,42.7661165218968,1245.5021 -0.511720553104095,42.7660977464532,1245.77929999999 -0.511650312933715,42.7660067187749,1243.789 -0.511566493829509,42.7659698385099,1245.1256 -0.511545370843893,42.7659564272591,1244.617 -0.511510502736156,42.765939328174,1243.97500000001 -0.511449314888893,42.7659109974171,1242.3308 -0.511467754606712,42.765852994473,1240.56230000001 -0.511473789488813,42.7658204726513,1241.5067 -0.511449314888893,42.7657815808457,1243.6367 -0.511505641053831,42.7656992704492,1244.8866 -0.511543024444375,42.7656102549397,1245.7748 -0.511545873900468,42.7656008671419,1245.9038 -0.511569678357186,42.7655494020682,1245.9629 -0.511615108856029,42.7654786587905,1244.7844 -0.511641930753798,42.7654228357122,1246.2338 -0.511675123503549,42.7653413630507,1244.8922 -0.511692893078167,42.765271625918,1245.2599 -0.511743854504239,42.7651960212123,1244.91310000001 -0.511768497089116,42.7651158903192,1244.1321 -0.511809736048869,42.7650560433482,1244.39019999999 -0.511839576285986,42.7649856351893,1245.48510000001 -0.511877964891315,42.7649110365231,1246.5238 -0.511923395390191,42.7648485071877,1247.548 -0.511968154847535,42.7647770937213,1249.196 -0.511999838427596,42.7647075234655,1249.99370000001 -0.512014757647857,42.7646832163951,1249.7654 -0.512037891961375,42.7646481799558,1250.0361 -0.512114838055354,42.7646061027001,1250.2677 -0.512223299744437,42.7645278156613,1250.17690000001 -0.512302927309518,42.7644404762351,1248.9178 -0.512298066525524,42.7643516284085,1244.64350000001 -0.512284822663283,42.7642850755519,1244.1584 -0.512271243729458,42.7642196971966,1247.35799999999 -0.512266214960507,42.7641450982675,1249.9163 -0.512288008089291,42.7640585965307,1249.67140000001 -0.512292198730084,42.7640103168991,1250.3042 -0.512285493704815,42.7639749457106,1249.2004 -0.512271076642798,42.7639197926534,1248.3021 -0.512232352067554,42.7638421761242,1249.5111 -0.512200333415876,42.7637679124294,1249.9007 -0.512184240097542,42.7636928104116,1249.6945 -0.512180719599951,42.7636059743321,1249.0 -0.512170326092133,42.7635846840811,1248.689 -0.512123890378472,42.7635070677916,1248.72840000001 -0.512133780829748,42.7634433650898,1246.72779999999 -0.512131266445239,42.7633798304978,1244.6032 -0.51213193658844,42.7633583726533,1244.1029 -0.51204040634585,42.7632405232109,1243.4302 -0.512007381581057,42.7632101803661,1243.3012 -0.511908307286676,42.7631429575369,1244.526 -0.511814430644534,42.7631307202675,1244.8257 -0.511782914151134,42.7631360847491,1245.43580000001 -0.511773861827982,42.7631312228167,1245.3952 -0.511699933175053,42.763130887784,1245.5221 -0.511645283266433,42.763123511786,1247.3508 -0.511583928332543,42.7631240143352,1248.1795 -0.511501114443123,42.763138934506,1250.4071 -0.511400866949,42.7630978633026,1248.6321 -0.511240102649112,42.7630837813641,1250.5235 -0.511147733380033,42.7630470688541,1249.4641 -0.511039607660865,42.7630215878558,1248.3207 -0.511037260363016,42.7630168940907,1248.1597 -0.510930306945293,42.7629500060856,1246.0987 -0.510885883457863,42.7628609905828,1243.33809999999 -0.510854534949387,42.7627837090808,1242.0677 -0.51081581037411,42.7626881555367,1239.43090000001 -0.510811954804901,42.7626531192882,1238.2332 -0.510827209995076,42.7626132217064,1236.42359999999 -0.510786641178525,42.7625500219584,1236.09880000001 -0.510776080584047,42.762531581789,1235.9725 -0.510745402218772,42.7624071942609,1233.2246 -0.51070131380296,42.762350029586,1231.55039999999 -0.510672312592332,42.7622821364083,1229.458 -0.51067147446414,42.7622154164478,1226.1004 -0.510674491905191,42.7621622753501,1226.87390000001 -0.510658230601932,42.7621022606447,1225.9593 -0.510666612781849,42.7620601836383,1223.3088 -0.510666444796892,42.7620085507419,1220.56969999999 -0.510638616786007,42.7619463574733,1220.2849 -0.51058966668787,42.7618714227457,1221.6057 -0.510613136072971,42.7617966567667,1219.59540000001 -0.510577428938744,42.7617446886103,1220.2139 -0.510566365287692,42.7616382387008,1219.697 -0.510566029317778,42.7616115838201,1219.31230000001 -0.510572232184836,42.761592138248,1219.08199999999 -0.510573070312994,42.7614873639443,1217.45389999999 -0.510562173748602,42.7614270142027,1217.3648 -0.510575752682427,42.7613281081408,1217.0 -0.510596707683053,42.7612499884384,1216.6848 -0.510612968088014,42.7611809220631,1216.0018 -0.510646495909382,42.7611297923184,1216.0992 -0.510671138494226,42.7610909002061,1216.9749 -0.510710869182619,42.7610146249266,1218.6882 -0.510765519091239,42.7609396903913,1219.25139999999 -0.51077742087045,42.7609227594224,1219.3649 -0.510776918712206,42.7608337436451,1219.9491 -0.510792508973966,42.7607671909668,1220.81789999999 -0.510782282552775,42.7606858869606,1221.1107 -0.510770715845181,42.7605921768941,1219.8061 -0.510765519091239,42.7605283069695,1221.3771 -0.510771721958297,42.7604394588086,1225.6676 -0.510764848049741,42.7603910114711,1226.0192 -0.510721429777096,42.7603060188044,1226.60060000001 -0.510728973828854,42.7602359462316,1225.7288 -0.510755460655006,42.7602097946395,1224.9005 -0.510820001014903,42.7601440802324,1223.2932 -0.510895940995766,42.7600505381903,1222.0904 -0.510999373915897,42.759934868196,1221.0 -0.511057544322143,42.7598426673595,1219.11470000001 -0.511051174368458,42.7597487898112,1218.0327 -0.51104346323004,42.75970805405,1218.0 -0.511070620199394,42.759654744595,1216.9026 -0.511153266103856,42.7595459477082,1214.231 -0.51121948272007,42.7594537469525,1214.0 -0.511230379284463,42.7594175368494,1214.0 -0.511258207295347,42.759335897338,1213.65119999999 -0.51126088966478,42.7593340532256,1213.6085 -0.51125351359798,42.7593057227459,1213.7478 -0.511272791443991,42.7592829239355,1213.4472 -0.511310007747875,42.7592041335251,1213.0 -0.511341858414596,42.7591127712161,1213.0 -0.511385444672197,42.758992742435,1212.9837 -0.511424504319058,42.7588648343327,1214.01880000001 -0.511441603750508,42.7588175604391,1213.97870000001 -0.511473287330569,42.758730724122,1214.7356 -0.511490218777028,42.7586757385417,1215.5854 -0.511484854038162,42.7586130419801,1217.2331 -0.511514693376948,42.7585565478769,1218.24679999999 -0.511541851244632,42.758512794493,1217.5816 -0.511548389183274,42.7585122912468,1217.4032 -0.51156112909061,42.7584816136666,1217.2533 -0.511605050419796,42.7584204259899,1216.2591 -0.511698256918736,42.7583190048258,1214.26270000001 -0.511766150689598,42.7582496027624,1213.6793 -0.511812083346718,42.7581785240043,1212.4173 -0.511853993347969,42.7580864907226,1209.1124 -0.511870756809505,42.758002001443,1206.8195 -0.511899087876931,42.7579577450763,1205.8857 -0.511938147523792,42.7578927010413,1205.96309999999 -0.511969998190513,42.7578041881202,1207.01059999999 -0.511975362929379,42.7577413238053,1208.9587 -0.512014590561197,42.7576464411839,1208.6857 -0.512039233146074,42.7575482051492,1201.5866 -0.512045603099759,42.7574715944025,1206.9014 -0.5120373889048,42.7574543274226,1207.13159999999 -0.511975027857795,42.7574122505576,1208.1243 -0.511920880107385,42.7573760405807,1208.17170000001 -0.511882491502056,42.7573389929223,1208.823 -0.511841084557346,42.757293227633,1209.4118 -0.511810407090401,42.7572355602598,1208.9883 -0.511781237894783,42.7571587815941,1209.62760000001 -0.511798672397817,42.7570675864404,1208.292 -0.511816273987511,42.7569234177117,1208.1072 -0.511850807921962,42.7568436223985,1207.5855 -0.511878971004464,42.7568188116212,1207.14079999999 -0.511891878896757,42.7568038919072,1207.0 -0.512005705324739,42.7566932511004,1207.0 -0.51195591709841,42.7566349130331,1207.0 -0.511882491502056,42.7565490821604,1206.1467 -0.511832870362387,42.7564495054295,1206.1373 -0.511838738157827,42.7563331645101,1206.2349 -0.511845443183096,42.7563103652656,1206.0453 -0.511862709701173,42.7562736526996,1205.7641 -0.511873439178938,42.7561643525472,1207.652 -0.511870085767973,42.7561221079306,1208.4206 -0.511888358399166,42.7560600822252,1208.48420000001 -0.511895734465966,42.7559717368604,1208.8428 -0.511918365722909,42.7559076992542,1208.1859 -0.511885173871489,42.7558912701779,1209.2939 -0.511872768137406,42.7558647836589,1209.7347 -0.511892213968375,42.7558014160871,1208.6063 -0.511900261076674,42.7556976484234,1207.7632 -0.511921719133874,42.7556357898299,1208.43240000001 -0.51195608418507,42.755611650035,1206.9123 -0.511972010416744,42.7555906954085,1205.8263 -0.51200855567913,42.7555645438347,1203.8306 -0.512024648099133,42.7555462711019,1203.2291 -0.512056667649108,42.7555194493615,1201.7228 -0.512079801064295,42.7554981589701,1201.06510000001 -0.512139648625155,42.7554111550812,1199.4602 -0.512163620168534,42.755373101024,1199.1542 -0.512200165430919,42.7553407471747,1197.8521 -0.512228831569963,42.7553372269092,1197.3852 -0.512251294841948,42.7553335384465,1197.0199 -0.512272417827531,42.7553040340342,1196.5016 -0.512307453920259,42.7552792239597,1196.0212 -0.512329917192245,42.7552502221348,1195.89380000001 -0.512413904281407,42.7552094867142,1195.378 -0.512513145662415,42.7551472925573,1195.3529 -0.512620769223339,42.7550483863654,1196.1594 -0.512696206147662,42.7550081527675,1196.7614 -0.512738954277072,42.7549982627268,1194.6084 -0.512760747405856,42.7549508209832,1195.8692 -0.512849930350664,42.7549211488503,1195.5221 -0.512917992106449,42.7549109230589,1195.3195 -0.51298454379428,42.7549055585248,1195.8419 -0.513022765312983,42.7549528327645,1195.8404 -0.513112452212662,42.7550460395106,1197.0 -0.513168107336068,42.7550612940647,1197.0 -0.513246059543163,42.7550634733807,1197.0 -0.513381008058398,42.7550376573205,1197.0 -0.513506401193973,42.7550275990867,1197.0 -0.513568930225969,42.7550336337633,1197.0 -0.513641517694165,42.7550562652797,1197.0 -0.51364503819179,42.7550793994023,1197.0 -0.513685942079925,42.7550953247603,1196.8183 -0.513705219925903,42.7550981748871,1196.6633 -0.513713937177437,42.7551053829831,1196.7038 -0.513725839854945,42.7551700915701,1196.99280000001 -0.513730868623896,42.7552019428949,1196.9725 -0.5137965830819,42.7553023579991,1196.9875 -0.51385123299052,42.7553839975481,1197.0 -0.513926166858268,42.7554807245628,1197.0 -0.513992887429354,42.755516934328,1197.0 -0.514032952291034,42.755514419954,1197.0 -0.514176786042726,42.7554964829402,1197.6021 -0.514193214432644,42.7554854188988,1197.7126 -0.514262449388239,42.7554475324243,1197.0 -0.514393542334264,42.7553593550429,1198.977 -0.514536034002959,42.7552839176514,1199.46400000001 -0.514626726117424,42.7552207183426,1199.52280000001 -0.514666288820826,42.7551633860954,1199.0 -0.514720100601322,42.7551441073568,1199.0 -0.514751282023138,42.7551295229752,1199.0 -0.514751449109765,42.7550809079054,1199.0 -0.514772571197051,42.7549912214971,1198.0 -0.514790173685042,42.7549224898186,1198.0 -0.514834598070802,42.7549199754205,1198.0 -0.514849182219412,42.7548750486766,1197.95209999999 -0.514861419968538,42.7547600490711,1197.0 -0.514864437409588,42.7547496550545,1197.0 -0.514859743712221,42.7546681828687,1196.3524 -0.514864102337971,42.754593919391,1196.0 -0.514838453639978,42.7545345754287,1195.3171 -0.514830239445018,42.7544561206564,1195.0 -0.514829736388477,42.7543821926642,1194.01489999999 -0.514797214680225,42.754293679346,1194.0 -0.514770224797532,42.7542096927935,1193.8881 -0.514773074253625,42.7541748245682,1193.72010000001 -0.5147769298228,42.754076420766,1193.0 -0.514776427664556,42.7540269678246,1193.0 -0.514809284444393,42.7538931921205,1193.0 -0.514835771270545,42.7537667932403,1192.0 -0.514769051597756,42.7537525442777,1192.7951 -0.514750107925065,42.7537424858352,1192.8452 -0.514718927401546,42.7536833092592,1192.0 -0.514716916073611,42.7535579165238,1192.0 -0.514746084370899,42.753435540621,1192.0 -0.514749269796906,42.7534065392525,1192.0 -0.514752958279455,42.7533190317772,1192.0 -0.5147621776892,42.7532474506708,1192.0 -0.514759663304724,42.7531884418249,1192.0 -0.514801908377592,42.7531681578716,1192.0 -0.514811798828869,42.7531661460323,1192.0 -0.51482806013216,42.7531101548708,1192.0 -0.51482504269111,42.753050308176,1192.0 -0.514843482408963,42.7529520721111,1192.03690000001 -0.514842309209187,42.7528912193395,1192.0 -0.51484214122423,42.7528677499714,1192.0 -0.514849182219412,42.7527602940565,1192.81690000001 -0.514860581840379,42.752711679107,1192.97169999999 -0.514880530727889,42.7526322187372,1192.75380000001 -0.514885559496874,42.7526213223889,1192.6786 -0.514880697814549,42.7526270222103,1192.75440000001 -0.514894276748374,42.7525737132597,1192.6464 -0.514905676369341,42.7524996167961,1193.0 -0.514910705138293,42.752477824051,1193.0 -0.514930318954218,42.752377576533,1193.0 -0.514963678790596,42.7522877226246,1193.0 -0.515022687324967,42.7521502591313,1194.0 -0.515065770525994,42.7520553765245,1194.0 -0.515064262254634,42.7520096112908,1194.0 -0.51507281152121,42.7519837946182,1194.0 -0.515082701972487,42.75186326324,1195.0 -0.515137686952691,42.7517370317247,1195.0 -0.515163168564058,42.7516770168163,1195.0566 -0.515187140107403,42.7515710700639,1196.0 -0.515196025343894,42.7515271488175,1196.0 -0.515206921908286,42.7514884241626,1196.0 -0.515223350298204,42.751369233526,1196.0 -0.515251010324099,42.7512976521465,1195.60769999999 -0.515291411155693,42.7512351229246,1196.0 -0.515324100848903,42.7511353786817,1195.682 -0.515339188054088,42.7510694969968,1195.4624 -0.515383444454891,42.7509737756487,1195.9722 -0.515409596209425,42.7509122520563,1195.7078 -0.515460558533794,42.750805299358,1195.6663 -0.515462569861729,42.7507970848037,1195.6082 -0.515463911046462,42.7507850152844,1195.5866 -0.515497773939414,42.7507221504454,1195.4019 -0.515453852610228,42.7506078212505,1194.9194 -0.515429545096935,42.7504564446894,1193.8092 -0.515430383225093,42.7503662548729,1193.27959999999 -0.515461396661953,42.7503250162276,1193.1465 -0.515452344338835,42.7501850384086,1192.49679999999 -0.515409931281043,42.7500556219712,1191.2259 -0.515390988506615,42.7499446452265,1190.8432 -0.515378918742481,42.7498291430502,1190.14019999999 -0.515352431916329,42.7496972119194,1190.0 -0.515349917531853,42.7495553895985,1188.83259999999 -0.515371877747264,42.7494405575702,1188.7978 -0.515387468009024,42.7493356162751,1188.0 -0.515439771518126,42.7492244720066,1187.0 -0.515478160123488,42.7491029345541,1186.448 -0.515525937021883,42.7490075485764,1185.30650000001 -0.515567679038177,42.7489435110304,1185.0 -0.515615791008155,42.7488613682484,1184.19899999999 -0.51572928236452,42.7487845897622,1184.15949999999 -0.515834893699213,42.7486610407811,1185.5398 -0.515920221973108,42.7485654872272,1187.2083 -0.51595944870663,42.748530786021,1187.732 -0.515894070218574,42.7483619745739,1183.7996 -0.515852831258821,42.7482260196195,1183.94160000001 -0.515842772822588,42.7480952619338,1183.0 -0.515876970787124,42.7479658457508,1183.0 -0.515882838582565,42.7478979519851,1183.0 -0.515897087659591,42.7478020634586,1182.0968 -0.515957772450312,42.7477066774581,1182.6571 -0.51603103096004,42.7475946951155,1182.53479999999 -0.51605097984755,42.7474884122048,1182.0 -0.516078639873478,42.7473881651927,1181.4691 -0.51607981307322,42.7473660368517,1181.61320000001 -0.516087860181553,42.7473155778188,1181.773 -0.516102276345239,42.7472377933812,1182.35279999999 -0.516077801745319,42.7471167586705,1180.7084 -0.516081154257954,42.7471065329108,1180.853 -0.51609255387892,42.7470599295222,1181.2227 -0.516103450443312,42.7469663875198,1180.9442 -0.51612272828929,42.7468470292028,1179.80190000001 -0.516161452864567,42.7467528166365,1182.1807 -0.516158770495134,42.7466503894828,1182.4178 -0.516154914925925,42.7465187939654,1177.56170000001 -0.516081322242911,42.7464059736478,1175.82889999999 -0.516057181816277,42.7463250043941,1175.3281 -0.516095236248353,42.7462354854113,1175.0 -0.516155753054084,42.7461563604395,1175.0 -0.51622549106622,42.746088131546,1175.0 -0.516286007871984,42.7460370018822,1175.0 -0.516402683756026,42.7459406104271,1174.81630000001 -0.516508967030547,42.7458472356183,1174.0 -0.516612567037305,42.7457523525983,1174.0 -0.516721028726421,42.7456698750782,1174.0 -0.516773332235523,42.7456160627301,1174.0 -0.516850948472671,42.745509277693,1173.8161 -0.516874082786188,42.7454246201947,1173.78260000001 -0.516924374069059,42.7452947010198,1173.0 -0.516999643008391,42.7451842270222,1173.0855 -0.517028812204009,42.7450620193034,1173.0 -0.5170336738863,42.745037040862,1173.0 -0.517054628886959,42.7449703208052,1172.70729999999 -0.517094023605404,42.7448504599056,1172.3898 -0.517155043467709,42.7447277488305,1172.0 -0.517169460529726,42.7446806422742,1172.30190000001 -0.517189074345619,42.7446286749369,1171.8998 -0.517226457736162,42.7444709274491,1171.3097 -0.517246238638749,42.7443151916865,1170.24800000001 -0.51725696811648,42.7442095793607,1169.88159999999 -0.517257135203141,42.7440816717528,1169.2004 -0.517262499942007,42.7439730421422,1169.5227 -0.517249088993139,42.7438506664464,1170.2582 -0.517244897454015,42.7437450546487,1170.0 -0.517240371741605,42.7436508419861,1170.0007 -0.517237186315631,42.7435303102371,1169.58960000001 -0.517231319418487,42.7434270451884,1168.96279999999 -0.517236013115855,42.743337359069,1169.15059999999 -0.517248417951607,42.7432342612691,1170.0 -0.517249256079766,42.7432198442941,1170.0518 -0.517311785111761,42.743104342122,1170.68889999999 -0.51735989708174,42.7430143203943,1171.0 -0.517431981493395,42.74289110627,1170.83500000001 -0.517504568961624,42.7427940435964,1171.6145 -0.51761437183544,42.7427067045431,1172.0 -0.517736412458347,42.7426171856133,1172.86199999999 -0.517859626281031,42.742540742454,1172.9225 -0.51798770178604,42.7424518942335,1173.47070000001 -0.518078896957046,42.7423948978545,1173.8539 -0.518161207789891,42.7423394095766,1174.1176 -0.518276207417649,42.7422577693382,1175.04519999999 -0.518379975409364,42.7421989288183,1175.66160000001 -0.518476031364364,42.7421489722573,1176.2487 -0.518560521510102,42.7420745413798,1176.0695 -0.518642328388075,42.7420100005485,1176.4672 -0.518727488677014,42.7419295342119,1177.2219 -0.518821366217486,42.7418376687843,1177.0 -0.518896468070191,42.7417493235983,1177.0 -0.518968719568473,42.7416344916237,1176.8705 -0.519035607226218,42.7415230122521,1176.00019999999 -0.519072320473561,42.7414623270504,1176.0 -0.519117247017565,42.741376328702,1176.0 -0.519135016592183,42.7413444775293,1175.36840000001 -0.519172399982727,42.7412801041732,1175.0 -0.519243981337841,42.7411783481764,1174.696 -0.519312713236861,42.7410797766166,1174.0 -0.519412793644358,42.7409657832627,1173.7905 -0.519422013054102,42.7409503603021,1173.4519 -0.51947548976298,42.7408665410586,1173.0 -0.519538018794943,42.7407649526197,1173.0 -0.519582443180703,42.7406601787292,1172.6105 -0.519639607473799,42.740576694908,1172.0 -0.519708171387863,42.7404975699709,1172.0 -0.519745722763364,42.7404062071343,1171.15609999999 -0.519810933266462,42.7402893637137,1170.9124 -0.519867762487974,42.7402052090797,1170.86380000001 -0.519918389740759,42.7401084819767,1170.5291 -0.519982091972498,42.7400107492496,1170.0 -0.520038586122393,42.7399395031067,1170.0 -0.520073958185035,42.7398917258941,1169.9771 -0.520093739087588,42.7398528336483,1170.0 -0.520141851057566,42.7397780674943,1169.9745 -0.520162638073235,42.7397463837399,1169.8894 -0.520234722484923,42.7396538473972,1169.28969999999 -0.520291551706402,42.7395951739654,1169.0 -0.520364810216163,42.7395311365926,1169.0 -0.520407389462285,42.7395064937224,1169.0 -0.520440750196993,42.7394625725043,1169.0 -0.520558431295854,42.7393941759207,1169.19839999999 -0.520648286180457,42.739360648583,1169.0 -0.520704947417012,42.7393286294539,1169.71679999999 -0.520747192489881,42.7393205829387,1176.287 -0.52166786055321,42.738687581646,1166.51820000001 -0.521735921410698,42.738663777013,1168.4486 -0.521756541339739,42.7386086245199,1166.4415 -0.5216251124238,42.7386790323002,1166.448 -0.521619077541699,42.7386413136915,1166.079 -0.521620753798016,42.7386382958851,1166.0376 -0.52158957327453,42.7386570717319,1166.412 -0.521458815400089,42.7387016631906,1164.31789999999 -0.52138321138914,42.738701830773,1162.2043 -0.521298386171785,42.7387066926427,1158.9985 -0.52121305879622,42.7387180922049,1155.85799999999 -0.521185397871995,42.7387139006657,1154.6918 -0.521163102584967,42.7386917725273,1153.98239999999 -0.521248261975575,42.7386408109437,1153.7494 -0.521345995085223,42.7385749291747,1153.71309999999 -0.521393436912,42.7385313431223,1152.87089999999 -0.521402489235118,42.7385031799527,1152.3547 -0.521518326991001,42.7384099734011,1152.0557 -0.521581862136112,42.7383923712221,1153.04399999999 -0.521599128654189,42.738383318426,1153.3009 -0.521600134767305,42.7383248126949,1152.0126 -0.521649084865442,42.7382260742931,1150.4958 -0.521661657686185,42.7381779619121,1149.4086 -0.521660484486409,42.7381452724963,1148.4273 -0.521665178183777,42.7380783853558,1145.72500000001 -0.521647576594082,42.738073691021,1145.2733 -0.521544981802143,42.7380705062626,1143.3943 -0.52143199350232,42.738043348389,1141.03630000001 -0.521268713919659,42.7380037859661,1142.0 -0.521234012898548,42.7379791431487,1143.1681 -0.521293692474451,42.7379291871464,1143.2794 -0.52132923162372,42.7378840923783,1143.8168 -0.521383881532341,42.7378391658219,1144.0719 -0.52147641788808,42.737770769427,1145.6204 -0.521604493393055,42.7376991875194,1144.75629999999 -0.521687641455762,42.7376215711372,1145.6048 -0.521743800534073,42.7375342320552,1145.7792 -0.521794762858442,42.7374685180158,1146.4705 -0.52184538921293,42.7374019653173,1146.6888 -0.521931890686568,42.7372901510807,1147.3619 -0.521962233081929,42.73722829259,1148.19160000001 -0.522006489482699,42.7371426294804,1148.4835 -0.522039179175908,42.7370705447469,1148.9877 -0.522087458232547,42.7369691242737,1149.00780000001 -0.522133391787965,42.7368777615163,1149.2813 -0.52216038077236,42.7368091971332,1149.08620000001 -0.522188879824744,42.7367698021703,1149.2151 -0.52224017722073,42.7366757570531,1149.3432 -0.522293150873034,42.736591938629,1149.0796 -0.522390715997724,42.7364849849758,1148.7997 -0.522464811737313,42.7363912752638,1146.2669 -0.522520802830634,42.7363170116613,1146.1972 -0.522568747713986,42.7362335279306,1145.716 -0.52261803288374,42.7361305984437,1146.4632 -0.522670838551087,42.7360150956013,1146.8808 -0.522690117295395,42.7359200451194,1147.2953 -0.522740408578266,42.7358078950096,1148.12450000001 -0.522744600117389,42.7357182090856,1147.8214 -0.52271928649098,42.7356033764982,1149.1425 -0.522677544474686,42.7355079908628,1149.6231 -0.522643011438532,42.7355110081617,1150.74219999999 -0.522669498264684,42.7355145282336,1149.95909999999 -0.522655248289327,42.7354768096795,1150.37 -0.522633791130457,42.7353532605688,1151.0 -0.522615183427647,42.7352672623248,1149.8076 -0.522568914800646,42.7351738879359,1150.59209999999 -0.522539578518401,42.7351370077947,1151.43369999999 -0.522490963491848,42.7350300542714,1151.1731 -0.522499512758424,42.7349542820253,1150.1995 -0.522535219892651,42.7348823656399,1148.11350000001 -0.522573106339736,42.7348412941841,1145.8578 -0.522580817478154,42.7348054194029,1146.2067 -0.52263060570445,42.7347797710759,1145.6067 -0.522643178525159,42.7347375264001,1145.7519 -0.522647537150942,42.7346682912567,1146.61689999999 -0.522682071085393,42.7346094507925,1145.44839999999 -0.522715430921804,42.7345804491934,1143.8524 -0.522734373696198,42.7345529565834,1142.9838 -0.522744935188973,42.7344545533019,1142.6033 -0.522738900306906,42.7343695606961,1141.7944 -0.522737559122172,42.7343261425811,1140.7087 -0.522721297818914,42.7342579138648,1138.9915 -0.522713083623955,42.7341699036255,1137.06849999999 -0.522709228054746,42.7341090508904,1135.0272 -0.522722471916987,42.7340475277156,1133.12420000001 -0.522685926654602,42.7339541534696,1135.008 -0.522683076300212,42.7338961509647,1136.54829999999 -0.52269062035197,42.7338311067516,1136.7159 -0.522678885659385,42.7337845039409,1137.8518 -0.52269799641877,42.7337373976479,1138.15150000001 -0.522751640214275,42.733670509712,1137.0482 -0.522799417112636,42.7335987607536,1136.56170000001 -0.522815175359353,42.7335288559328,1137.0101 -0.522818527871988,42.7334604594025,1135.7993 -0.522807631307595,42.7333721141575,1135.454 -0.52283093360607,42.7333023766782,1134.67909999999 -0.522832106805846,42.733238171148,1134.6341 -0.522828754293178,42.7332250952658,1134.70540000001 -0.522821378226411,42.7331402705521,1134.4656 -0.522841662185505,42.7330527634993,1135.0031 -0.522872004580866,42.7329811820841,1134.70729999999 -0.522881895032142,42.7329394402968,1135.25719999999 -0.522864293442481,42.7328594768607,1135.9379 -0.522868987139815,42.7327962771222,1135.1335 -0.522872172565823,42.7327402860366,1135.75290000001 -0.52287686626319,42.7326663578783,1134.77800000001 -0.52278365976425,42.7326231074895,1137.79549999999 -0.522703193172679,42.7325758333751,1139.5619 -0.522683914428371,42.7325226919357,1140.1525 -0.522690117295395,42.7324301560303,1139.23480000001 -0.522691626465086,42.7323533776496,1139.37820000001 -0.522707048741888,42.7322673792046,1138.8593 -0.522704366372421,42.7321937863425,1139.0646 -0.522734373696198,42.7321761843787,1138.0834 -0.522791705974252,42.7321619350719,1136.819 -0.522802937610261,42.7321696459961,1136.4961 -0.522819533985103,42.7321828897007,1136.045 -0.522810146590402,42.7321354483105,1136.6338 -0.522804110810004,42.7320908560892,1137.3311 -0.522803440666803,42.7321149964663,1137.0754 -0.522809308462243,42.7321103023399,1136.89169999999 -0.522816348559129,42.7320298363531,1137.78969999999 -0.522819701970061,42.7319421614525,1138.5943 -0.522795058486886,42.731887846924,1139.4721 -0.522779803296744,42.7318110685318,1139.264 -0.522745773317132,42.7316841666888,1144.1583 -0.522741917747956,42.73166304429,1145.35739999999 -0.522736553009057,42.7315508943999,1143.6339 -0.522736888080674,42.7314610399963,1142.9336 -0.522746276373706,42.7313671630086,1143.5949 -0.52274661144529,42.7313156978772,1144.8401 -0.522701013859787,42.7312318788071,1147.65459999999 -0.522700343716586,42.7312236649584,1147.75719999999 -0.522687434925962,42.7311485630921,1148.79489999999 -0.522670838551087,42.7310913979578,1148.9598 -0.522675868218369,42.7309940007422,1146.3187 -0.522627923335017,42.7307985347769,1144.183 -0.522592887242288,42.7307289646471,1144.8708 -0.522542763944409,42.7306815234645,1146.6537 -0.522522144015367,42.7305931775603,1148.04640000001 -0.522481575198816,42.7305044976408,1148.0 -0.522383171945966,42.7304500149085,1149.4178 -0.522310249406153,42.7303967060223,1151.09110000001 -0.522266999118466,42.7303581496298,1151.7035 -0.522270351631134,42.7302894176919,1150.6936 -0.522270016559516,42.7302656131344,1150.31080000001 -0.522258784923507,42.7301936965908,1150.0 -0.522266831133509,42.7301289883249,1149.651 -0.522313769903745,42.7300488569588,1143.51880000001 -0.522313937888702,42.7299658761864,1139.1008 -0.522162896055133,42.7298161754356,1135.16710000001 -0.522018224175283,42.7296881002227,1137.76059999999 -0.521993581590406,42.7296502138173,1138.95570000001 -0.521967932892412,42.7295878521432,1140.19990000001 -0.521998778344314,42.7295097333449,1136.1572 -0.521994754790148,42.7294381517997,1134.8624 -0.521989222964622,42.7293615412821,1135.3128 -0.521980672799748,42.7293099081984,1135.7153 -0.521961058983856,42.7292163664703,1135.12760000001 -0.521949325189602,42.7291382472042,1133.59819999999 -0.521947312963371,42.7290549313163,1136.8029 -0.521948151091529,42.7290415199951,1136.7007 -0.521936584383936,42.7289654124736,1132.955 -0.521925855804501,42.728853429934,1128.84149999999 -0.521953180758811,42.7287919068246,1127.9803 -0.521973464717938,42.7287260251503,1127.68769999999 -0.52200145981545,42.7286770746099,1126.178 -0.522006154411115,42.728623095081,1125.8809 -0.522000957657206,42.728531397346,1125.18949999999 -0.522007495595848,42.7284579716204,1122.6415 -0.522033479365425,42.7283877317236,1121.4886 -0.522043034745117,42.7283345899952,1119.7594 -0.522017050975507,42.7282321634283,1119.36689999999 -0.522014200621117,42.7281704727517,1119.67600000001 -0.521999448487516,42.7281020762513,1119.239 -0.521976817230573,42.7280521202111,1118.084 -0.521918143767786,42.7280722368529,1119.9561 -0.521890148670274,42.7280102107946,1118.1636 -0.521907415188351,42.7279175064841,1116.2741 -0.521894339311067,42.7278494455881,1120.5114 -0.521895848480758,42.7277193582683,1113.5569 -0.521912276870676,42.7276653792258,1111.7895 -0.521911270757527,42.727647442072,1111.7126 -0.521933566942885,42.7276378861901,1110.2059 -0.521973632702896,42.7276236371604,1107.9093 -0.521972961661364,42.7275869247611,1108.0056 -0.521927029004243,42.7275527265285,1110.2631 -0.521947816019945,42.7275026024332,1108.45729999999 -0.521969441163772,42.7274605256925,1106.51639999999 -0.521980672799748,42.7274033611186,1105.98119999999 -0.52199827528774,42.727359775133,1104.942 -0.522015709790774,42.7273118305135,1103.92509999999 -0.522013865549499,42.7272913783985,1104.0992 -0.522007662682475,42.7272801469886,1104.53479999999 -0.522051248940076,42.7271902929971,1101.93580000001 -0.52205979820662,42.7271495569538,1101.8656 -0.522066336145261,42.7270405921465,1100.7068 -0.522055439580869,42.7269711900351,1102.2643 -0.522061474462937,42.7269086606929,1101.3279 -0.522074885411805,42.7268940762671,1100.7883 -0.522132050603231,42.7268119339664,1099.0566 -0.522145293567142,42.7267866202026,1098.5784 -0.52215585505995,42.7267482311605,1098.1079 -0.522160883828902,42.7266530127188,1098.67819999999 -0.52216708669596,42.7265805931006,1098.4384 -0.522155016931792,42.7264952656919,1100.1685 -0.522170272121934,42.7264312279895,1101.0453 -0.522194914706811,42.7263725545852,1102.7901 -0.522235985681607,42.7262979556321,1102.2864 -0.522254761369374,42.7262402877984,1101.7968 -0.522288456277369,42.7261569719776,1102.1275 -0.522327851894144,42.7260872343045,1102.19809999999 -0.522358697346046,42.7260265491746,1102.3048 -0.522412006069967,42.7259886631725,1100.628 -0.522472187804114,42.7259187583532,1099.068 -0.522569082785603,42.7258490204123,1096.3737 -0.522564892144777,42.7257967178951,1096.4764 -0.522542763944409,42.7257180954292,1096.89 -0.522522647071908,42.7256584163042,1097.2583 -0.522462967496039,42.7255843200059,1096.2072 -0.522452070931613,42.7255606832404,1096.10030000001 -0.522462129367847,42.7255459308797,1096.0396 -0.522460956168104,42.7254793785848,1096.15399999999 -0.522490460435306,42.7254492040081,1095.71550000001 -0.522533543636334,42.7253906979533,1094.54919999999 -0.522534884821033,42.7253380598125,1093.69899999999 -0.522527675840893,42.7252807276438,1093.2224 -0.522555838923362,42.7252203776226,1091.0012 -0.522581990677896,42.7251476230734,1091.22900000001 -0.522607974447507,42.7250914640632,1089.6922 -0.522610321745323,42.7250316173759,1090.4535 -0.522652733904851,42.7249506485858,1089.58960000001 -0.522666815895251,42.724891304622,1090.1581 -0.522704869428996,42.7248131851883,1090.9151 -0.522765890189598,42.724753841093,1090.98119999999 -0.522812157918336,42.7247169606948,1090.3897 -0.522827580195105,42.7246381712198,1088.90360000001 -0.522820875169836,42.7245821800289,1089.7766 -0.522807631307595,42.7245419464549,1089.1203 -0.522779803296744,42.7245240097177,1090.1652 -0.522785839077142,42.7245079161442,1088.764 -0.522777623983852,42.7244990315817,1088.5052 -0.522750802086117,42.724492158468,1088.7126 -0.522682909213552,42.7244579598492,1088.63099999999 -0.522667821110036,42.7244497457634,1088.533 -0.522656925443975,42.7244125299423,1087.143 -0.522718280377864,42.7244309702347,1086.84570000001 -0.522709731111321,42.7243920781914,1086.13370000001 -0.52266094809981,42.7243733026452,1085.7374 -0.522569920913762,42.7243588859044,1084.0748 -0.522533710722961,42.7243285431614,1082.4026 -0.522483754511707,42.7242638353763,1081.8048 -0.522428266474928,42.7242026475776,1081.43610000001 -0.522380825546448,42.7241384418666,1080.7461 -0.522304382509043,42.7240923412381,1082.5668 -0.522230621841038,42.7240769187003,1084.2019 -0.522165577526269,42.7240370207027,1083.7631 -0.522108078161555,42.7239971226794,1083.8178 -0.522066001073644,42.7239299002133,1083.91650000001 -0.522007495595848,42.7238713947054,1085.48239999999 -0.522003975098223,42.7238224442937,1084.8471 -0.522010345051908,42.7237951191572,1084.5876 -0.522016211949018,42.7237491865565,1084.38920000001 -0.522019062303441,42.7236923571081,1084.5736 -0.522022079744458,42.7236368685929,1084.5471 -0.522012356379842,42.7235669637632,1084.97530000001 -0.522007327610857,42.7235059435607,1085.30160000001 -0.522000286615674,42.7234583345095,1085.474 -0.522017218062167,42.7233825619849,1084.03879999999 -0.522046052186134,42.7233010894903,1082.7999 -0.522066168160304,42.7232373870388,1082.1419 -0.522100869181415,42.7231886044111,1081.3269 -0.522138755628534,42.7231482036287,1079.5848 -0.522163734183292,42.7230977446849,1078.61079999999 -0.52219591992163,42.7230323657768,1077.08409999999 -0.522188543854829,42.7229770456161,1076.818 -0.522174630747717,42.7228861855801,1076.3392 -0.522182173901145,42.7228374026762,1076.6928 -0.52218016257321,42.722789793772,1077.00169999999 -0.522177480203777,42.7227032923891,1077.6553 -0.522151663520827,42.7226273526364,1078.9927 -0.522124338566516,42.7225592912157,1079.4866 -0.522089805530363,42.7224781542125,1081.02069999999 -0.52207739979628,42.7224105961675,1081.5276 -0.52203297630885,42.7223351589365,1084.3319 -0.522073712212062,42.7222473172245,1081.50260000001 -0.522118471669406,42.7221743942014,1078.7436 -0.522161218900519,42.7220749846549,1078.6795 -0.522184856270578,42.722020167183,1079.06 -0.522254593384417,42.721952776927,1077.126 -0.522309914334536,42.7218320776106,1078.12760000001 -0.522361378817182,42.7217346797149,1077.55319999999 -0.522387698556674,42.7216587394366,1076.3802 -0.522403455905094,42.7215729089716,1075.6642 -0.522444527778186,42.7214698112834,1074.9791 -0.522475205245131,42.7213836452985,1073.6447 -0.522488616194032,42.7213668817132,1073.2273 -0.522550140011209,42.7212599288628,1073.1599 -0.522587355416796,42.7211700747307,1074.5431 -0.522641502268842,42.7210891055206,1073.0692 -0.522727500685939,42.7209633769331,1071.9537 -0.522769074717309,42.7209179471071,1071.9807 -0.522827748180063,42.7208106588812,1072.0817 -0.522887762827582,42.7207352216847,1071.5595 -0.522980299183322,42.7206282684054,1070.0687 -0.523083564118495,42.7205633924293,1068.4277 -0.523125473221416,42.7205362354688,1067.2911 -0.523191354766046,42.7204752149253,1066.6865 -0.523198060689645,42.720469347816,1066.5805 -0.523292105316744,42.7204219060464,1066.04670000001 -0.523414145939652,42.7203917309898,1064.2101 -0.523516237675084,42.720366585538,1063.4368 -0.523611623486882,42.7203416077081,1062.1554 -0.523712877094155,42.7203059007519,1061.3622 -0.52373919593535,42.7202990271737,1060.9768 -0.523840114470972,42.7202742169488,1059.8308 -0.523918904806225,42.7202489038171,1059.3475 -0.52397355471488,42.7202326428222,1058.75659999999 -0.524088721429231,42.7201907334028,1057.7919 -0.524210594965512,42.7201409445639,1056.2145 -0.524297933669012,42.7200804271898,1055.38920000001 -0.524406228271468,42.7200274538976,1053.7374 -0.524520054699416,42.7199667687798,1053.0067 -0.524622984563006,42.7199119507652,1052.0 -0.524703618241204,42.7199020604051,1051.2941 -0.524809900617428,42.7198827819202,1051.0 -0.524898916475542,42.719844896126,1050.9262 -0.525017771672476,42.7198284673917,1047.7381 -0.52514098549516,42.7198172352907,1048.7687 -0.525248777041041,42.719812709187,1052.06080000001 -0.525350197734941,42.7197793494564,1053.0 -0.525412224608692,42.7196826221736,1053.0 -0.525427814870452,42.7196479213017,1053.0 -0.52546117470683,42.7195533730583,1052.3403 -0.525477603096748,42.7194412230531,1051.9188 -0.525464024162923,42.719313818738,1051.78 -0.525478776296524,42.7192212822664,1051.9572 -0.525487661532981,42.7191926160023,1051.916 -0.525495372671399,42.7190511297936,1051.0 -0.525468215702046,42.7189470260601,1051.0 -0.525447260701387,42.7188340380983,1051.0 -0.525405518685093,42.7187150150191,1050.0004 -0.525389090295175,42.7186645564298,1050.1259 -0.525344162852873,42.718641757191,1048.1257 -0.525272916569377,42.7185857665283,1046.344 -0.525258500405691,42.7185614585289,1046.0 -0.525216925476023,42.7184191340148,1045.3616 -0.525211058578913,42.7184058906714,1045.1254 -0.525181386326754,42.7182987696993,1045.66499999999 -0.525197814716672,42.7182223269221,1048.2999 -0.525230504409848,42.7181344846672,1051.5572 -0.525225810712514,42.7181130269983,1049.8091 -0.52522966628169,42.7180422836934,1045.54919999999 -0.525265038344333,42.7179596379768,1047.9293 -0.525264870359375,42.7178463149194,1044.0 -0.525286160431618,42.7177603168215,1044.0 -0.525335110529756,42.7176491727113,1044.51790000001 -0.525385401812626,42.7175611626655,1045.8232 -0.52542580264422,42.7174624235469,1043.94899999999 -0.525435526008836,42.717373910976,1043.0 -0.525446087501645,42.7172612580705,1044.0 -0.525457989280822,42.7171692247598,1043.2806 -0.525480452552841,42.7170151654811,1043.0 -0.525501575538424,42.7169231318054,1042.98390000001 -0.525538287887436,42.7167923741075,1042.34359999999 -0.525532420990326,42.7167003407614,1042.0 -0.525521691512594,42.7166673166214,1042.0 -0.525516662743609,42.7166612815101,1042.0 -0.525482967835614,42.7167181107986,1042.0 -0.525385569797583,42.7167130815433,1042.0 -0.52531834706822,42.7166431761726,1042.0 -0.525306277304085,42.7166012669688,1042.0 -0.525298063109126,42.7165873526687,1042.0 -0.525264367302801,42.7165747801632,1042.0 -0.525248441969457,42.7165922142919,1042.0 -0.525234695948972,42.7165927172185,1042.0 -0.525237713390022,42.7165717626031,1042.0 -0.525281298749294,42.7165846710536,1042.0 -0.525330248847431,42.7165435993619,1042.0 -0.525366291053275,42.7164855964163,1042.0 -0.52542865299861,42.7164292705028,1042.0 -0.525527894379618,42.71641636202,1042.0 -0.525532085020411,42.7163959102732,1042.0 -0.525528900492734,42.7163811583733,1042.0 -0.52556024900121,42.7162973389235,1042.0 -0.525584220544556,42.7162462097757,1042.0 -0.525612551611982,42.7161407654694,1042.075 -0.525663513936384,42.7160502406097,1042.0 -0.52566317796647,42.7159570339758,1042.9455 -0.525699556142195,42.7158718734601,1043.0 -0.525706932208996,42.715844381138,1043.0 -0.525717995860048,42.7157905693077,1043.0 -0.525780859963628,42.7156740610008,1043.0 -0.52579762432346,42.7155927565892,1044.0 -0.525791253471445,42.7155012257194,1044.0 -0.525794438897453,42.7154360150321,1044.2672 -0.525842550867431,42.7153299000869,1045.0 -0.525853950488398,42.7152569775141,1047.3021 -0.525914300207502,42.7151247107903,1048.101 -0.52597213554213,42.7150048496241,1049.0 -0.525957215423572,42.7149409795885,1049.34420000001 -0.525969453172697,42.7148517961336,1050.0 -0.525962580162438,42.7147287498035,1050.0 -0.525939948905495,42.7146154261261,1050.0 -0.525881107457751,42.7145175258396,1050.0 -0.525830984159838,42.7144702517875,1050.0 -0.525787565887227,42.714426665956,1049.8927 -0.525759737876342,42.7144000112342,1049.3103 -0.525727048183166,42.7143798947792,1048.9109 -0.52562462137615,42.7143542465866,1048.03750000001 -0.525540132128743,42.7142933935523,1046.7534 -0.52545296051187,42.7142322058214,1045.2859 -0.525359250956389,42.7141309526138,1043.98609999999 -0.52533393732998,42.7140357339484,1043.41710000001 -0.525332093088705,42.7140216520839,1043.3383 -0.5253872460539,42.7138960913461,1042.99069999999 -0.525387749110442,42.7138868712852,1042.993 -0.525324213965364,42.7137782422446,1042.75900000001 -0.525302085764962,42.7136769882964,1043.35980000001 -0.525284149103684,42.7135755671928,1042.685 -0.525259505620509,42.713472637728,1042.6228 -0.52522094903019,42.7133888189701,1041.93670000001 -0.525177865829162,42.7132877326977,1041.3306 -0.525157246798451,42.7132007289748,1040.32919999999 -0.525156073598675,42.7131098691435,1039.06759999999 -0.525151211916351,42.713024708681,1037.5575 -0.525143667864593,42.7129846431849,1037.00750000001 -0.525133274356775,42.7129631857153,1036.3517 -0.525082312930704,42.712846845033,1035.0169 -0.525017604585849,42.7127395567128,1033.54399999999 -0.524974521384822,42.7126453438097,1032.50109999999 -0.52492959394252,42.7125682307167,1032.2861 -0.524901430860052,42.7124540687877,1030.1896 -0.524887684839566,42.712382990325,1029.82339999999 -0.524870585408116,42.7122974948777,1028.44439999999 -0.524869077136756,42.7122876039641,1028.16310000001 -0.524865723725825,42.7121798130349,1027.2362 -0.524876788275174,42.7120787274335,1026.054 -0.524864215454432,42.7119947404586,1025.16710000001 -0.524826496992304,42.7118869490207,1023.811 -0.524848290121088,42.7117970951771,1023.1624 -0.524905622399142,42.711715455656,1022.7167 -0.525000840226016,42.7115925767037,1022.7029 -0.525046437811519,42.7115149606551,1021.0076 -0.525085330371754,42.711453605169,1022.3621 -0.525150876844766,42.7113614041698,1022.46890000001 -0.525172837060211,42.7113342464824,1022.671 -0.525161605424201,42.7113280438561,1022.2182 -0.525174681301485,42.7112925046502,1020.8181 -0.525141488551734,42.7112775852007,1019.8655 -0.525128245587824,42.7112752380092,1019.6679 -0.525105279259264,42.7112621621179,1019.23759999999 -0.524981059323464,42.7112090209016,1017.9008 -0.524879973701148,42.7111545383848,1020.1265 -0.524865388654208,42.7111464921748,1020.8468 -0.524798165924878,42.7110881541514,1023.8419 -0.524809397560854,42.7110552966622,1024.353 -0.524872764721008,42.7109704719957,1024.3481 -0.524907801712033,42.7109260480593,1024.5955 -0.524927750599543,42.7108792768845,1025.0572 -0.524980724251847,42.7108427314754,1024.583 -0.5250065400365,42.7107864057208,1025.0851 -0.525102261818213,42.7106958809716,1024.97500000001 -0.525147188362218,42.7106140736638,1026.13099999999 -0.525165125921793,42.7105123168582,1026.6531 -0.525156575756919,42.7103909470946,1027.05839999999 -0.525156575756919,42.7103770333823,1026.8073 -0.5251468532906,42.7103384764287,1026.9172 -0.525124557105241,42.7102152627319,1028.1254 -0.525117013951814,42.7100850077413,1027.62270000001 -0.52509656200773,42.710009906027,1027.988 -0.525042582242311,42.7099321216592,1027.3222 -0.52503369790415,42.7099113344353,1027.1829 -0.525029003308485,42.7098097461183,1024.7525 -0.525059681673761,42.709716539353,1024.32859999999 -0.525089856084131,42.7096149507171,1024.2193 -0.525144170921167,42.7095113499795,1023.69349999999 -0.525233186779315,42.7093933328113,1022.6001 -0.525315329627203,42.7092647546958,1021.7101 -0.525335613586297,42.7092188218999,1021.9327 -0.525427981957079,42.7091185744085,1021.3082 -0.525479447338022,42.7090070953379,1020.9809 -0.525487326461397,42.7089039978947,1020.8607 -0.525464359234507,42.708820681237,1022.1502 -0.525421108946853,42.708723284041,1023.43399999999 -0.525371823777098,42.7086476790084,1023.5233 -0.525307115432244,42.7085559807932,1023.0858 -0.525256656164416,42.7084683063817,1022.1614 -0.52522815801033,42.7083843198019,1022.81479999999 -0.525230337323222,42.7083108939955,1022.6474 -0.525305439175927,42.708175945672,1021.35370000001 -0.525365955981657,42.7080867617372,1019.2806 -0.525382552356533,42.7080401587287,1019.09699999999 -0.525381714228374,42.7079444376236,1019.9246 -0.525399315818069,42.7078170321483,1018.4706 -0.525369979535824,42.7077244963557,1018.9031 -0.52536126228429,42.7077132647042,1019.2582 -0.525331422945504,42.7076301160949,1019.5941 -0.525300242421985,42.7075375800236,1020.7227 -0.525285825360001,42.7074519168361,1021.59849999999 -0.525285825360001,42.7074483964919,1021.6054 -0.525279454508019,42.7073610571704,1022.0594 -0.525281969790792,42.7073142859497,1022.44439999999 -0.525281131662633,42.7072225877451,1024.09239999999 -0.525301247636803,42.7071355834413,1023.27800000001 -0.525320861452729,42.7070133753358,1022.9806 -0.525392275721183,42.7069149719347,1021.235 -0.525481290680999,42.7068246151488,1018.84050000001 -0.525510292789924,42.7067389522976,1016.71610000001 -0.525526386108258,42.7066353513806,1017.9752 -0.525580700046964,42.7065325892975,1016.5383 -0.525597464406797,42.7064948709436,1015.24679999999 -0.525590255426623,42.7064755929143,1015.63370000001 -0.525653455500151,42.7063671311141,1012.9936 -0.525696370716221,42.7063069488499,1012.5067 -0.525721181286022,42.7062863294022,1011.65059999999 -0.525753870979232,42.706204019213,1012.6168 -0.525811538328903,42.7061024301095,1012.9765 -0.525834839729047,42.7060714169982,1012.694 -0.52583752209848,42.7060486184138,1012.8662 -0.525851603190549,42.7059867597928,1012.7481 -0.525869037693583,42.7058970736603,1013.412 -0.525873396319367,42.7058073873983,1014.71769999999 -0.525877084801915,42.7057408350555,1013.2867 -0.525887478309733,42.7057118338223,1012.8213 -0.525906086012543,42.7056368991095,1013.51179999999 -0.525958556608305,42.7055807409237,1012.6465 -0.526014547701626,42.7054987658034,1011.749 -0.526038520143302,42.7054291956881,1013.05190000001 -0.526100211047139,42.7053447059395,1011.7028 -0.526114125052548,42.7053058144754,1011.9316 -0.526130218370882,42.7051911500324,1013.4754 -0.526128542114565,42.7051262737605,1013.1372 -0.5261325647704,42.7050402751993,1013.2643 -0.526164751407036,42.7049360047135,1013.0097 -0.526179671525594,42.7048443062964,1013.6336 -0.526189729961827,42.7047430529566,1012.5606 -0.52620800169469,42.7046474997229,1012.677 -0.526210348992539,42.704545743038,1010.4375 -0.526202972925738,42.7044803643872,1011.3314 -0.526205990366789,42.7044411370316,1012.0868 -0.526241864587642,42.7043152407057,1012.3655 -0.526301041107003,42.7041995703595,1011.5019 -0.52632249916417,42.70412228966,1012.2095 -0.52636105575449,42.7040205334345,1010.0145 -0.526385866324324,42.7039449286154,1011.0001 -0.526407659453109,42.7038596004443,1010.7169 -0.526432134053029,42.7038076325686,1010.8493 -0.526491813628931,42.7036966562331,1010.8912 -0.526511594531484,42.7036304396225,1012.3146 -0.52659558162068,42.7035229835373,1011.18030000001 -0.526653248970318,42.7034592812461,1011.5466 -0.526761040516199,42.7033672479326,1010.3603 -0.526840500096357,42.7032794051158,1010.1153 -0.526884421425543,42.7031856954119,1008.9135 -0.526896324103051,42.7031696022453,1008.5445 -0.526917111118719,42.7030758923757,1007.9903 -0.526892635620502,42.7029967677899,1007.81759999999 -0.526890624292567,42.7029545225951,1007.0062 -0.526809319572838,42.7028532694739,1008.4146 -0.526779648219009,42.7027602305051,1007.6278 -0.526759531346542,42.7026693705739,1007.4703 -0.526750143951807,42.7025645963665,1007.5181 -0.526746288382631,42.7025516883008,1007.37639999999 -0.526754837649174,42.7025007267321,1007.0503 -0.526759363361584,42.7024586495402,1006.9135 -0.526781994618527,42.7023612516045,1005.5938 -0.526788197485585,42.7023310770081,1004.88039999999 -0.526754166607676,42.7022195976309,1006.4381 -0.526776630777958,42.702117505565,1005.2144 -0.526819713080689,42.7019859099534,1003.5946 -0.526798423008445,42.7019034323221,1004.3995 -0.526789035613744,42.7017998319174,1003.2828 -0.526785180044535,42.7017887675363,1003.139 -0.526769086726201,42.7017704947991,1003.55130000001 -0.526755004735834,42.7017207063656,1003.40519999999 -0.52671896252999,42.7016422521033,1003.34269999999 -0.526689123191204,42.7015676531251,1004.6259 -0.526665318734486,42.7014845048664,1004.4583 -0.526615697594817,42.70139632666,1005.56020000001 -0.526549145906985,42.7012762983654,1006.4084 -0.526539757613953,42.7012610431218,1006.2887 -0.526527519864861,42.7012295271815,1005.5132 -0.526500362895508,42.7011470492056,1005.1822 -0.526464152704707,42.7010820056447,1004.91160000001 -0.526447389243204,42.7010592065484,1005.1061 -0.526367593693132,42.7009485659503,1004.8735 -0.526319313738196,42.7008642437301,1003.3872 -0.526306070774252,42.7008520060496,1003.6866 -0.526299867907227,42.7008397683667,1003.6747 -0.526250749824133,42.7007561173988,1003.92080000001 -0.526220407428772,42.7006570432409,1002.5015 -0.526158213468394,42.7005914967707,1003.9347 -0.52611496318074,42.7005323203022,1003.69590000001 -0.52606232460002,42.7004357610745,1004.7133 -0.526017733127633,42.7003623351091,1004.9831 -0.526007339619782,42.7002808634189,1004.7374 -0.525976997224455,42.7001977147573,1004.58500000001 -0.525978170424198,42.7001455794307,1003.6023 -0.525965262531871,42.7001014903827,1003.10950000001 -0.525940619048697,42.7000032549356,1003.0895 -0.525922011345886,42.6999430724437,1003.713 -0.525919328976454,42.6999316730176,1003.5799 -0.525808855959436,42.6997621912236,1001.4884 -0.525806005605046,42.6997078762504,1000.788 -0.525827295677289,42.6996626143966,999.494099999996 -0.525840204467913,42.6996280805815,999.0 -0.525833331457687,42.6995290066043,999.032000000007 -0.525830649088254,42.6994465283499,999.719100000002 -0.525849926934232,42.6993871844219,1000.5243 -0.525880940371125,42.6993464486106,1000.4486 -0.525943804474704,42.6992723525817,1000.74920000001 -0.52603064101996,42.6992046266716,1000.0631 -0.526100211047139,42.6991394153671,1000.2778 -0.526131391570624,42.6990834242749,1000.2116 -0.52611496318074,42.6990026229858,1001.3507 -0.526109933513458,42.6989950795902,1001.61259999999 -0.526106916072407,42.6989370767496,1001.8741 -0.526146981832384,42.6987798323127,999.212 -0.526169948160944,42.6987317197055,998.630499999999 -0.526240021244698,42.6986232582403,998.861099999995 -0.52630690890241,42.6985374276049,997.941699999996 -0.526349656133523,42.6984668514643,998.4087 -0.526402294714243,42.6983944319593,998.498600000006 -0.526435989622238,42.6983315681452,998.411200000002 -0.526466667987513,42.698288484619,998.413 -0.526487119931564,42.6982462401818,998.815400000007 -0.526525676521883,42.698209359874,999.386799999993 -0.526586696384189,42.6981344253484,999.539699999994 -0.526666827904176,42.6980234487754,1000.4443 -0.526753999521016,42.697943150505,1000.2528 -0.526832118814771,42.6978708987422,999.178400000004 -0.5268631313533,42.6978418971337,998.240099999995 -0.526896827159625,42.6977527135378,997.485700000005 -0.526948626713856,42.6976502866628,995.864600000001 -0.527036804443811,42.6975347841369,995.089900000006 -0.527127161486658,42.6974474447327,994.426099999997 -0.527148619543859,42.6974300105079,993.745699999999 -0.527180135138962,42.6973317741353,993.261299999998 -0.527221039027131,42.6972442674113,992.834000000003 -0.527265965571102,42.6971473723024,992.984299999996 -0.52728088568966,42.6970613745729,994.957599999994 -0.527276695048867,42.6969788963419,999.824299999993 -0.527298823249269,42.6969123437783,1001.10400000001 -0.52735649059894,42.6968405952231,1002.70510000001 -0.527437292262095,42.6967639840691,1000.9547 -0.527487918616583,42.6967093343826,999.915900000007 -0.527515578642477,42.6966513313876,999.295199999993 -0.527536533643102,42.6966126074557,999.107300000003 -0.527540724283929,42.6965990286882,998.957200000004 -0.527574755161838,42.6965703625385,997.901299999998 -0.527622364075242,42.6964964341945,998.416100000002 -0.527640972676349,42.6964642476906,999.356499999994 -0.527696460713129,42.6964208294562,1000.7291 -0.527808442899836,42.6964717913936,995.304900000003 -0.527829564987122,42.6964367546947,996.088000000003 -0.527874324444467,42.6963846195114,996.052299999996 -0.527892429090702,42.6963544446514,996.820800000001 -0.527888238449875,42.6963346630236,998.488800000006 -0.52791321610637,42.6962887305638,1000.54889999999 -0.527965184543855,42.6962488325259,1002.3178 -0.527987647815874,42.6962223456178,1002.8893 -0.528042465709452,42.6961599846776,1003.49950000001 -0.528090074622856,42.6960910854513,1004.00750000001 -0.528133995952075,42.6960252033872,1003.46739999999 -0.52819049010197,42.6959407140455,1002.05929999999 -0.528197698183813,42.6959274705272,1002.2077 -0.528225694179622,42.6958729878026,1004.7404 -0.528293755037144,42.695797048229,1003.1741 -0.528336670253214,42.6957008236371,1003.8095 -0.528333484827206,42.6956227044286,1003.51179999999 -0.528335832125055,42.6955455906558,1003.0 -0.528351925443356,42.6954793739351,1003.0 -0.528376400043276,42.6954004166112,1002.5384 -0.528396181844159,42.6953095564736,1002.0 -0.528445131942296,42.6952133324468,1001.3112 -0.528450328696205,42.6951425887894,1000.74649999999 -0.528474804194456,42.6950466999046,999.877099999998 -0.528476480450773,42.6950351331997,999.785499999998 -0.528458375804538,42.6949806503525,999.993300000002 -0.528475977394198,42.694934047409,997.686300000001 -0.528484694645732,42.6948517366945,990.407600000006 -0.528460052060855,42.6947939016462,991.284299999999 -0.528420824429003,42.6947285226301,983.020900000003 -0.528367012648541,42.6947099150535,987.919599999994 -0.528193842614604,42.6946894634169,991.225399999996 -0.528041291611379,42.6946941570734,994.844100000002 -0.52791992202997,42.6947226557278,995.329199999993 -0.527835264797572,42.6947556803196,995.235700000005 -0.527820177592387,42.6947590330222,995.229699999996 -0.527737028631383,42.6947930638011,996.316600000006 -0.527640133649894,42.6948235735013,997.505499999999 -0.527553968146137,42.6948336322576,997.0242 -0.527466963615923,42.6948237412022,996.955100000006 -0.527398064630276,42.6948363141522,996.768299999996 -0.527341067423807,42.6948289379514,996.713199999998 -0.527275520950794,42.6947883694919,996.221999999994 -0.527217853601123,42.6947050536969,996.510899999994 -0.527152642199694,42.6946249227985,997.443199999994 -0.527145099046267,42.6946128529103,997.265499999994 -0.527148619543859,42.6945670875389,995.6296 -0.527138058051084,42.6945659142875,995.935200000007 -0.527082905085889,42.6945194780743,996.635599999994 -0.527001265294542,42.6943868766527,994.922500000001 -0.526942088775214,42.6943320591527,996.543000000005 -0.526949129770397,42.6942582984875,995.117499999993 -0.526941753703596,42.6942148800313,994.362200000003 -0.526906214554327,42.6941028974987,996.638500000001 -0.526912752492969,42.6940646764071,996.704299999998 -0.526946447400964,42.693986389418,996.164099999995 -0.52702205231021,42.6939010614261,995.672200000001 -0.527067482809086,42.693828809582,995.665500000003 -0.527070667336763,42.6938204276997,995.927599999995 -0.527143086820035,42.6937233648266,995.436499999996 -0.527204275565595,42.6936586568205,996.295199999993 -0.527259092560876,42.693598474782,996.541200000007 -0.527269989125268,42.6935823817715,996.735799999995 -0.527356322613983,42.6934786136438,994.659 -0.527389012307159,42.693389430384,996.816200000001 -0.527459420462496,42.693293038318,996.400699999998 -0.527503843949926,42.6932035193809,996.752600000007 -0.527526475206869,42.693152054286,996.4804 -0.527538042812793,42.6930538184088,996.856599999999 -0.527536533643102,42.6930452693764,996.743900000001 -0.527538042812793,42.692973017197,996.391499999998 -0.52751691982721,42.6929379805049,996.760299999994 -0.527435112949236,42.6928776313823,997.139899999995 -0.527431759538271,42.6928684108404,997.200800000006 -0.527399237830019,42.6927986733916,996.961899999995 -0.527387839107383,42.6926910500011,996.071500000005 -0.527379791999084,42.6926048836754,997.223599999998 -0.527387168065884,42.6925805767251,997.118600000002 -0.527403932425717,42.6924553509485,995.850699999995 -0.527404267497301,42.6923452126687,996.974499999997 -0.527393202947952,42.6922657521979,997.448900000003 -0.527383647568293,42.692174892096,999.104000000007 -0.527378115742767,42.6920699509592,999.599000000002 -0.527388677235541,42.6919623269661,1000.88340000001 -0.527410972522603,42.6918800169348,1002.2258 -0.527433436692886,42.6918365987966,1002.0457 -0.52748121359128,42.6917604911999,1003.12729999999 -0.527506191247775,42.6917360162098,1003.8077 -0.52752412880735,42.6917210960219,1004.1615 -0.527569055351355,42.6916625905215,1005.8645 -0.527670476943552,42.691632080589,1005.79519999999 -0.527768545124817,42.6915931884586,1006.1618 -0.527860745510608,42.6915965413319,1005.7387 -0.527949091225554,42.6915935232177,1006.8475 -0.528061576468803,42.6916076048881,1005.82610000001 -0.528100300145749,42.691605425983,1005.09 -0.528096612561498,42.6916104552919,1005.1364 -0.528202727851062,42.691558487068,1004.3146 -0.528221167568915,42.6915501055396,1004.1171 -0.528345219519757,42.6914745007219,1002.511 -0.528395678787585,42.6914335966316,1001.5955 -0.528457704763006,42.691344748497,999.5288 -0.528491064599383,42.6912765200528,998.509900000005 -0.528534818841942,42.6911864983783,996.184399999998 -0.528542697066987,42.6911155877051,995.356499999994 -0.528556779057387,42.6910641222006,995.727299999999 -0.528579913370904,42.6909851652057,993.613700000002 -0.528615117448556,42.6909244800831,992.977599999998 -0.52864093323321,42.6908341231351,990.424299999999 -0.528646801028617,42.6908160181874,990.255499999999 -0.528668929229018,42.6907814847347,989.575299999997 -0.528687201860211,42.6906809017598,988.582800000004 -0.528686865890296,42.6906436861564,988.083299999998 -0.528697762454688,42.6905486354907,985.978000000003 -0.528724920322372,42.6904555965726,979.525599999994 -0.528748724779091,42.6904274333667,976.233399999997 -0.528787281369377,42.690374292143,972.551800000001 -0.528834723196188,42.6902996928334,968.889800000004 -0.528828688314087,42.6902586215767,970.004199999996 -0.528891217346083,42.6902108450576,966.251000000004 -0.528917704172235,42.690176478982,970.800600000002 -0.529008563373326,42.6901454658389,963.480200000005 -0.529044102522596,42.6901085853421,963.394499999995 -0.529027842117635,42.6900879657971,965.614199999996 -0.52904309730781,42.690035160371,966.825599999996 -0.529065392594839,42.690005655923,965.882700000002 -0.529082324041298,42.6899476532697,963.549299999999 -0.529092717549149,42.689904905298,964.558999999994 -0.529075954087613,42.6898252772923,968.242899999997 -0.529096574016655,42.6897540309563,970.286900000006 -0.529113002406573,42.6897315677523,971.870299999995 -0.529190450658797,42.6896609921685,968.612699999998 -0.529284160214278,42.6895696290723,969.301099999997 -0.529359765123558,42.6894764222929,969.1783 -0.529365464934008,42.6893922680569,971.852899999998 -0.529381893323926,42.6893186751835,971.794899999994 -0.529406033750559,42.6892564809696,972.550600000002 -0.52943637614592,42.6892155773995,971.847099999999 -0.529440566786713,42.6890784495147,975.651599999997 -0.529431346478638,42.6889617735359,977.891300000003 -0.529425311596571,42.6888771161119,978.264200000005 -0.529444255269262,42.6887906150032,978.733600000007 -0.52946822681264,42.6887220509597,978.224799999996 -0.529478453233831,42.6886928819833,978.3845 -0.529508795629192,42.6886293473822,978.355299999996 -0.529542993593728,42.6885617894679,978.968599999993 -0.529566798050447,42.6884724380328,978.947199999995 -0.529592111676823,42.6883793986459,979.151899999997 -0.52958507068164,42.6882806599877,978.783299999996 -0.529593117789972,42.6882444505793,978.3658 -0.529582556297164,42.688184100858,978.0 -0.529559421983646,42.688118889206,977.093299999993 -0.529526733188767,42.6880343996731,977.3413 -0.529505443116524,42.6879576218219,977.0 -0.5294764410076,42.6878675999593,976.983399999997 -0.529441739986489,42.6877940066,977.0 -0.529445763540655,42.6876951006118,977.630099999995 -0.529446098612239,42.6876736429848,977.840599999996 -0.529408213063451,42.6875779215143,978.734200000006 -0.529403854437701,42.6875700426103,978.907099999997 -0.529399998868492,42.6874791822423,979.047900000005 -0.529421624012319,42.6873782644206,978.687699999995 -0.529475602879441,42.6872951156507,977.648400000005 -0.529489852854798,42.6872708086035,977.428 -0.529513657311483,42.6872384542189,976.918699999995 -0.529521536434859,42.6872258817118,976.7742 -0.529558751840445,42.6871603349312,975.066000000006 -0.529620442744282,42.6870766833643,975.073099999994 -0.529634020779777,42.6869854881511,975.941399999996 -0.529584735610056,42.6869103868871,976.644799999995 -0.529518518993808,42.6868662976868,977.539799999999 -0.529464707213346,42.6867714149063,977.423999999999 -0.529459174489523,42.686746939271,977.038700000005 -0.529449284038247,42.6866248990371,975.063299999994 -0.529401507139852,42.6864998408621,974.391499999998 -0.529372505929224,42.6863784710379,974.0 -0.529348198415931,42.6862736970764,974.087199999994 -0.529337301851539,42.6861814963194,974.325599999996 -0.529335625595222,42.6860906365617,974.110400000005 -0.52935071280044,42.686008996912,974.1204 -0.529381558252342,42.685926686255,974.303 -0.529474262593038,42.6858299590426,975.080400000006 -0.529580880040847,42.6858021311712,975.149600000004 -0.529672578268427,42.6857389317056,975.964800000002 -0.529688671586728,42.6857156304028,976.0 -0.529710296730555,42.6856675182396,976.139899999995 -0.529734436258891,42.6856318111457,976.844599999997 -0.52980534747077,42.6855511772491,977.876999999993 -0.529856811953416,42.6854836192888,977.266399999993 -0.529894698400501,42.6854108643785,977.317899999995 -0.529907606292828,42.6853428030859,976.525599999994 -0.529919340985379,42.6853099458379,976.354699999996 -0.529949181222495,42.6852038309,976.722299999994 -0.529995280966242,42.6851195090915,978.0 -0.530012715469276,42.6850993923927,978.0 -0.53009586443028,42.6850078621235,977.366299999994 -0.530149843297403,42.6849074467718,977.742800000007 -0.530204493206023,42.6848196049148,977.000700000004 -0.530241206453366,42.6847399763331,975.737099999998 -0.530242714724726,42.6847310920207,975.501099999994 -0.530248414535209,42.6846447581498,973.789000000004 -0.5302519350328,42.6846140803433,973.713499999998 -0.530293173992553,42.6845704946803,973.6495 -0.530309267310854,42.68454199599,974.610100000005 -0.53041772899997,42.684460859473,973.9274 -0.530497022391765,42.6843951453475,972.482900000003 -0.530563239007979,42.6843143434371,972.672900000005 -0.530661139204287,42.684234547799,973.486600000004 -0.530681759133329,42.6842258304835,973.337899999999 -0.53072517740594,42.6842000146493,973.412700000001 -0.530841853289982,42.6841307799023,974.930699999997 -0.530948303651163,42.6840585279185,975.749299999996 -0.531037151524354,42.6839919753767,976.0 -0.53107855846903,42.6839626390902,976.0 -0.531188026271262,42.6839044683465,975.083700000003 -0.531201940276705,42.6838970921682,975.088199999998 -0.531235467199709,42.6838742933661,974.757700000002 -0.531326160212504,42.6838436158395,974.150899999993 -0.531419198726454,42.6838196435634,973.0 -0.531501173589418,42.6837430328562,972.403000000006 -0.531543586647244,42.6836914007759,972.938800000004 -0.531568732288663,42.6835940024597,972.446599999996 -0.531592201673764,42.6835168896005,971.808799999999 -0.531649365966894,42.683425191249,968.978099999993 -0.531665794356812,42.6833975306925,968.344299999997 -0.531720947321974,42.6833531068369,966.929199999999 -0.531750954645717,42.6833407019358,966.448199999999 -0.531811639436438,42.6833083474855,966.380600000004 -0.531823709200607,42.6832927569862,965.945300000007 -0.531895961597218,42.6832194996151,964.134900000005 -0.531929824490171,42.6831769193681,962.685500000007 -0.531995370963183,42.6831283040223,961.002200000003 -0.532017667148542,42.6830751631577,958.439899999998 -0.532009452953583,42.6830736542238,958.548599999995 -0.532019678476443,42.6830577288605,958.1731 -0.532048344615487,42.6829894998983,956.997700000007 -0.532091930873055,42.6829318327634,956.298200000005 -0.532133504904425,42.6828837204254,955.701400000005 -0.532167367797378,42.6828302438848,954.561799999996 -0.532194524766731,42.6827631888077,954.0 -0.532203913059763,42.6827398870491,954.0 -0.532244816049601,42.6826543917217,954.0 -0.532306339866778,42.6825937063846,954.0 -0.532346069656841,42.6825419062754,953.386799999993 -0.532387476601551,42.6825023434597,954.573399999994 -0.53239284044212,42.6825060316319,954.400699999998 -0.532325114656215,42.6824255653748,954.0 -0.532330479395081,42.6824300915633,954.0 -0.532391500155717,42.6824134957574,954.0 -0.532394349611776,42.6824870888872,954.484400000001 -0.532446150064337,42.6824877591639,953.782000000007 -0.532503146372477,42.6825072051111,952.670700000002 -0.532524772414634,42.6825169284126,951.949399999998 -0.532642453513461,42.6825464324554,950.036699999997 -0.532721243848715,42.6825221248708,947.960800000001 -0.532809421578704,42.6825221248708,947.0 -0.532914027698578,42.6825326861803,947.971300000005 -0.533006396069359,42.6825367098189,954.100600000005 -0.533088035860707,42.682533859659,954.948099999994 -0.533157270816268,42.6825061993661,954.535999999993 -0.533261708951218,42.6824497052629,952.334700000007 -0.533320885470546,42.6824572493474,953.515499999994 -0.533312168219046,42.6824602665848,953.588099999994 -0.533523391786727,42.6824332765364,953.063500000004 -0.533702261631181,42.6824421618378,954.143500000006 -0.533779374811787,42.682446688025,954.2071 -0.533965620723008,42.6824545669183,953.253500000006 -0.534087159187705,42.6824626135449,953.240699999995 -0.534237865051326,42.6824730071303,953.391499999998 -0.534378849346958,42.6824870888872,953.817599999995 -0.534526705754519,42.6824862502157,954.372300000003 -0.534692834793273,42.6824686486793,953.531499999997 -0.534839518001091,42.6824416586346,955.0 -0.534972790260009,42.6824186922243,953.8557 -0.5351307060021,42.6823663894257,950.008600000001 -0.535257272337452,42.682319450793,952.847999999998 -0.535349808693157,42.6822778763383,953.3698 -0.535453576684906,42.6821955660208,953.1391 -0.535533540219902,42.6821316959075,953.579100000003 -0.535590201456457,42.6820748666534,953.514599999995 -0.535609480200766,42.6820574320755,953.532200000001 -0.535711907007781,42.6819255014064,954.0 -0.535752977982577,42.6818440293022,954.0 -0.535775106182978,42.6817928995125,954.318100000004 -0.535823051066297,42.6817117627071,954.911699999997 -0.535845682323273,42.681650742297,954.382500000007 -0.535863954954466,42.681620903016,954.662599999996 -0.535880886400925,42.6815409394835,954.075700000001 -0.535951126571305,42.681429124951,954.0 -0.535995382972108,42.6813503346727,954.641000000003 -0.536048356624412,42.6812651748895,954.453899999993 -0.53610317451799,42.6811604008892,955.134399999995 -0.536126475918134,42.6810772523819,955.409799999994 -0.53617643212942,42.6809907509782,955.202399999995 -0.536215323791324,42.6808967065018,955.538 -0.536273997254111,42.6807750008192,954.852799999993 -0.536312050787856,42.6806871590628,955.367100000003 -0.53631624232698,42.6806760948824,955.309099999999 -0.5363407169269,42.6806185946603,955.0 -0.53636938306591,42.6805267289142,955.077000000005 -0.53642939771343,42.680425643285,955.008000000002 -0.536491423688851,42.6803191931091,955.692999999999 -0.536543391228039,42.6802228012319,953.875899999999 -0.536603070803941,42.6801131662771,954.756899999993 -0.536645650948394,42.6800293467255,954.964600000007 -0.536697786472539,42.6799223939679,954.972999999998 -0.536765009201869,42.6797951568496,954.463600000003 -0.536830220603297,42.6796415998376,954.214600000007 -0.536868274137043,42.6795733717468,954.068700000003 -0.536926947599829,42.6794937437055,954.738599999997 -0.536999032011484,42.6793794139716,954.0 -0.537030547606587,42.6793388459875,954.0 -0.537040606042854,42.6792535183459,953.839300000007 -0.537054520048263,42.6792342397839,953.735700000005 -0.537036415402028,42.6791207489498,952.199999999997 -0.537021830355087,42.67910314646,952.002299999993 -0.537017471729337,42.6790986206895,952.0 -0.537044964668604,42.6790186572129,951.168000000005 -0.537046975996506,42.678999378578,951.027900000001 -0.537058040545888,42.6789705451467,951.0 -0.53709039426915,42.6789252827083,951.0 -0.537114366710826,42.678856215771,950.915699999998 -0.53719030669169,42.6787279726445,950.0 -0.53726054686207,42.6786029144228,949.102199999994 -0.537305977360913,42.678518089666,949.0 -0.537365992008433,42.6784104659676,949.0 -0.537449978199298,42.6783107215015,948.591899999999 -0.537521224482794,42.6782087975004,948.179600000003 -0.537575706406458,42.6781362104023,948.299400000004 -0.5375822443451,42.6781274928916,948.256200000003 -0.537604205458841,42.6780865892582,948.0 -0.537653490628596,42.6779744396206,948.0 -0.537709817691831,42.6778599426465,947.216700000004 -0.537757761676885,42.6777588573017,947.0 -0.537801011964539,42.6776291054859,945.820399999997 -0.537850801089166,42.6775142730407,945.711200000005 -0.537887346351551,42.6773999442876,945.0 -0.537942331331789,42.6772665039,944.148300000001 -0.537975021024965,42.6771468106955,944.0 -0.537997149225367,42.6770829406758,943.700700000001 -0.537997484296951,42.6770738881799,943.585600000006 -0.537966973916666,42.6769590560294,943.0 -0.537965297660316,42.6768913302226,943.0 -0.537965297660316,42.6768740632605,943.0 -0.538014750815027,42.6767957763989,942.528999999995 -0.538014750815027,42.6767830360101,942.304000000004 -0.538020115553927,42.676702737356,941.680399999997 -0.538038891241661,42.6766799385556,941.090700000001 -0.53805146406237,42.6766143918755,941.0 -0.538014247758486,42.6765228616541,941.0 -0.538012068445595,42.6764697204233,941.0 -0.537998490410067,42.6763830514588,941.0 -0.537985078562902,42.6763530445389,941.0 -0.537985246547859,42.6763344367409,941.0 -0.53792724412657,42.6761949616243,940.642000000007 -0.537887346351551,42.6761069515854,941.562999999995 -0.537881981612685,42.6760831467175,942.089099999997 -0.537895224576595,42.6760626948918,942.549700000003 -0.537903439669852,42.6760504576076,942.825400000002 -0.537957251450347,42.6759835702302,942.0 -0.537974517968424,42.6759138323172,941.106199999995 -0.538053140318721,42.6758660559931,940.007500000007 -0.53813880276587,42.6758680670376,940.011299999998 -0.538195296915798,42.675864379132,940.0 -0.538380369627243,42.6758581769248,939.945399999997 -0.538515486127435,42.6758402393271,939.213300000003 -0.53866099523718,42.6758102321452,939.351699999999 -0.538797620907062,42.6757634609351,939.0 -0.53894698648428,42.6756789717702,939.0 -0.539042037224495,42.675619459834,939.0 -0.539158378036953,42.6755440231934,938.808799999999 -0.539276562192355,42.6754729447427,938.878899999996 -0.539388712363986,42.6753976750173,938.980100000001 -0.539516284812453,42.6753108381249,938.0 -0.539653915697121,42.675227187114,938.034 -0.53978500864318,42.6751391770255,938.026500000007 -0.539917945830479,42.6750396003464,938.0 -0.540004782375735,42.6748779971835,938.0 -0.540100504157482,42.6747519332684,937.0 -0.540206115492174,42.6746525237244,937.0 -0.540265292011502,42.6745319919899,937.0 -0.54020276297954,42.6744092811739,937.0 -0.540193207599848,42.6743526192175,936.904399999999 -0.540270991821986,42.674216497427,937.0 -0.540355313982766,42.6741169199299,936.0245 -0.540442652686266,42.6740329337792,936.0 -0.54056636956549,42.6739512934757,936.0 -0.540720093768492,42.6739105574927,936.0 -0.540917404229062,42.6738736772645,935.3894 -0.541089736134874,42.6738508787472,935.800799999997 -0.541311018138789,42.6738495373469,935.330900000001 -0.541502292818995,42.6738527227598,935.267000000007 -0.541680492520214,42.673871665495,934.9807 -0.541841257718399,42.6738540634996,934.801200000002 -0.54203487969642,42.6738004193553,934.792100000006 -0.5422279986179,42.6737392313435,934.697899999999 -0.542410220974954,42.6736565860868,934.0 -0.542537793423422,42.6735886928853,934.0 -0.54268045307704,42.6735117465949,934.0 -0.54284607995755,42.673415354725,933.065000000002 -0.542995445534802,42.6733345530657,933.0 -0.543118156300911,42.6732701804735,933.0 -0.543248244032151,42.673192060794,933.031000000003 -0.543380510177952,42.6731218204326,933.0 -0.543514117508487,42.6730495688561,933.0 -0.543664656285481,42.672961055706,933.0 -0.543795414159922,42.6728908150836,933.0 -0.543958023599381,42.672811187065,933.0 -0.544083080765042,42.6727505020215,932.959199999998 -0.544233620440367,42.6726499195734,932.628599999996 -0.544369072012143,42.6725650946163,932.0 -0.544470157634458,42.6724975364053,931.826799999995 -0.544597730082892,42.6724192493142,931.893700000001 -0.544714909023508,42.6723287247679,931.781799999997 -0.544812642133156,42.6722288126851,932.0 -0.54493434768448,42.6721143156925,931.160999999993 -0.545036438521581,42.6720144032651,931.1011 -0.545099303523458,42.6719183472404,930.991599999994 -0.54519904796104,42.6717605997997,931.112999999998 -0.545269958274622,42.6716491203673,931.0 -0.545327458537633,42.6715570868067,931.244200000001 -0.545387305200195,42.6714601919155,931.613899999997 -0.545408763257362,42.6713985016094,932.474400000006 -0.545447319847682,42.6712721023726,933.0 -0.545479673570944,42.6711468765726,933.0 -0.545501131628144,42.6710293624365,932.991999999998 -0.545528288597497,42.6709004486076,933.0 -0.545537676890529,42.6707824313685,933.0 -0.545563325588522,42.670670281759,933.0 -0.545578244808784,42.6705313097792,932.712899999999 -0.545607581989325,42.6703926730226,933.0 -0.545643456210179,42.6702677823063,933.0 -0.545657538200578,42.6701558001962,933.138999999996 -0.54568855073914,42.6700595761732,932.520799999998 -0.545726605171216,42.6699363618087,932.0 -0.545773375956462,42.669811639265,932.426399999997 -0.545817464372308,42.6696865815938,932.122600000002 -0.545885861199711,42.6695754372823,933.0 -0.545965488764826,42.6694404886622,932.839600000007 -0.546042266873848,42.6693412469787,932.529999999999 -0.546136647470828,42.6692198773218,932.540099999998 -0.546244271031786,42.6691005186915,932.5242 -0.546377878362287,42.6689640610849,932.531700000007 -0.546404701158353,42.6689258397174,932.178599999999 -0.546406041444756,42.6688913066462,932.023199999996 -0.546434707583799,42.6688874505555,932.010500000004 -0.546487514149476,42.6688755487216,932.527300000002 -0.546570327140566,42.6687945793335,932.0 -0.546681303214124,42.6687377497709,932.352499999994 -0.546773169426662,42.6686762265159,932.080700000006 -0.546901076946713,42.6685964312707,933.0 -0.547028649395147,42.6685173056899,933.080799999996 -0.547047928139455,42.6685018832145,933.395999999993 -0.547157563028314,42.6684276196059,933.578299999994 -0.547311958272814,42.6683345805849,934.0 -0.547457635367517,42.6682562935343,933.985499999995 -0.54761186262706,42.668174653569,933.685599999997 -0.547748319413654,42.668095025453,933.934899999993 -0.547905229042663,42.6680088593583,933.157000000007 -0.548074878579008,42.6679012359543,933.055900000007 -0.548221897756708,42.6678115496419,933.0 -0.548374447861636,42.6677102960308,932.963499999998 -0.548536386259597,42.667622118752,932.0 -0.548664964821147,42.6675421550395,932.0 -0.548808295516298,42.667443248517,931.810700000002 -0.548916925190371,42.6673538977547,931.282900000006 -0.549035612402314,42.6672566673656,931.138500000001 -0.549140721578762,42.6671617843625,930.365000000005 -0.549279693648163,42.6670352179815,930.055500000002 -0.549416821476289,42.666928096881,930.022700000001 -0.549525618236989,42.6668100800261,929.9951 -0.549623854403211,42.6666917273931,929.615399999995 -0.549688059691491,42.6666070700081,929.4764 -0.549797527493689,42.6665609695866,929.214600000007 -0.549852848443842,42.6665443735057,929.469700000001 -0.549940690203916,42.6664520047579,928.289799999999 -0.549976900394684,42.6663856202915,929.088199999998 -0.549975559209985,42.6663867940751,929.074500000002 -0.550011266344211,42.6663576245206,929.083899999998 -0.550052002247389,42.6663093447824,929.010500000004 -0.550146381946072,42.6662317282755,928.266600000003 -0.550267249369238,42.6661351692265,927.064599999998 -0.550387948807446,42.6660161461753,926.7549 -0.550487526158368,42.6659209277024,926.222999999998 -0.550602692872753,42.665821685684,926.008900000001 -0.550720207783283,42.665732837911,925.8024 -0.550805535158849,42.6656500247972,925.249899999995 -0.550904274381612,42.6655611761184,925.010599999994 -0.551000833393187,42.66546662873,924.867700000003 -0.551098063446294,42.6653880064699,924.063999999998 -0.551193114186509,42.6652929554762,923.947100000005 -0.551316328009192,42.6651752737211,924.0 -0.55145697633491,42.6650331161415,923.011400000003 -0.551573317147368,42.6649286780796,923.0 -0.551673732626448,42.6648394941271,923.0 -0.55177431519219,42.6647508140536,922.791299999997 -0.551874898656228,42.6646559305285,922.050000000003 -0.551994423996362,42.6645521629637,922.000400000004 -0.552122667486295,42.6644435334827,921.611900000004 -0.552226435478043,42.6643525058609,921.367100000003 -0.552339925936077,42.6642487377897,921.0 -0.552435647717824,42.6641538548195,920.980800000005 -0.552537236396681,42.6640577978768,920.847800000003 -0.552639831188653,42.6639721348233,920.188500000004 -0.552739072569661,42.6638785930464,920.0 -0.552854743238884,42.6637726456242,920.0 -0.552959684430375,42.6636630107128,920.0 -0.553073845929941,42.6635676241531,919.725099999996 -0.553167220413839,42.6634732441608,919.302100000001 -0.553284734426039,42.6633615972723,919.011799999993 -0.553387329218012,42.6632700666896,918.960000000006 -0.55349243839446,42.6631503736127,918.657200000001 -0.55360559378091,42.6630355414984,919.0 -0.553702320777443,42.6629190326222,918.0 -0.55378245229743,42.6628182823311,918.0 -0.553849003985261,42.6626992595353,918.0 -0.553867611688038,42.6625757101985,918.0 -0.553888734673654,42.6625076489954,918.0 -0.553892590242829,42.6624908853653,918.0 -0.553915053514848,42.6624613810484,918.0 -0.553944557782017,42.6623582836175,918.0 -0.553996023162961,42.662264909183,918.0 -0.553996525321205,42.6622090856698,918.0 -0.554057211010223,42.662202212265,918.0 -0.554086379307511,42.6622246761742,918.0 -0.554142873457406,42.6622347342636,918.434800000003 -0.554203726233085,42.6622747994772,919.0 -0.554214287725859,42.6622786553175,919.0 -0.554229877987619,42.6622920665319,919.0 -0.554238092182578,42.6622940780156,919.0 -0.554242115736744,42.6622932397322,919.0 -0.55435912669237,42.6623510753124,919.0 -0.554473121105309,42.6623542599935,919.0 -0.554529950326822,42.662352751217,919.0 -0.554690379555092,42.6623371607447,919.0 -0.554853659137752,42.6623148653255,920.0 -0.554983578884035,42.6622937430986,919.777700000006 -0.555059183793282,42.6622503247616,920.0 -0.555106959793379,42.6622380867396,920.535699999993 -0.555216763565492,42.6621970154287,921.0 -0.55530494039715,42.6621430362145,921.0 -0.555373337224554,42.6620885535854,921.0 -0.555491689364946,42.6619995379722,921.0 -0.555588416361478,42.6619448880882,922.0 -0.555685479327924,42.6618949316485,922.0 -0.555816404288992,42.6618151362861,922.893100000001 -0.55590089443473,42.6617494219929,922.986799999999 -0.555969290363836,42.6617014775596,923.288799999995 -0.556054785724358,42.6616387807339,923.311000000002 -0.556154530161941,42.6615609965503,923.272400000002 -0.556250251943687,42.6614686283252,924.0 -0.55632904138061,42.6613905090068,925.0 -0.556411687285073,42.6613254654303,925.0 -0.556502547384495,42.6612780240447,925.614199999996 -0.556622240709554,42.6612451666229,926.324900000007 -0.556754003798814,42.6612252179137,927.0 -0.55686078923158,42.6612173389712,927.446500000005 -0.55689247281164,42.6612000722786,927.311600000001 -0.556994397460411,42.6612034248103,927.874200000006 -0.557082742277027,42.6611462599907,929.195200000002 -0.55707804857966,42.6611343579958,929.340400000001 -0.557126663606213,42.6610914428859,930.0 -0.557201765458918,42.6610669677045,930.330400000006 -0.557295978070974,42.661032434231,930.785199999998 -0.557371079923679,42.6609757726312,931.0 -0.55746713677701,42.6608993292979,932.0 -0.557571071855385,42.6608652991093,933.025399999999 -0.557666793637098,42.6608505465669,933.181700000001 -0.557776261439297,42.6608326092621,934.0 -0.557882375830564,42.6608032726117,935.0 -0.557991340576221,42.6607627043923,935.0 -0.558027047710448,42.6607492935086,935.106 -0.558054875721299,42.660746778596,935.276299999998 -0.55817406598985,42.6607145920657,936.833599999998 -0.558269619786606,42.6606767058366,937.340500000006 -0.558356121260278,42.6606453575756,937.7696 -0.558403227117141,42.6606346287165,938.501399999994 -0.558518226744865,42.6606279235915,939.069699999993 -0.558620654450178,42.6606208828791,939.430099999998 -0.558699611872092,42.6606183679613,940.0 -0.558802373750691,42.6606068007915,941.0 -0.558903794444591,42.6605860135711,941.7932 -0.558992643216078,42.6605514804912,943.0 -0.559084843601903,42.6605276756108,943.643400000001 -0.559125579505081,42.6605208026807,944.051300000006 -0.559239405933063,42.660494818453,944.608500000002 -0.55925516417978,42.6604849278758,944.590899999996 -0.559271257498081,42.6604671582592,944.598700000002 -0.559377204802687,42.6603751253182,944.338000000003 -0.559464711491145,42.6603293598272,945.560800000007 -0.559550877893199,42.660288624165,945.833799999993 -0.559627823088848,42.6602431941989,945.849100000007 -0.559637881525081,42.6602368239598,945.817299999995 -0.559736452762921,42.6601759713967,946.021800000002 -0.559826977790726,42.6601263504462,946.040900000007 -0.559935607464766,42.660076729456,946.276400000002 -0.559959243936527,42.660065497775,946.449200000003 -0.5600618387285,42.6600245941451,947.236300000004 -0.560076422877144,42.6600182238835,947.316699999996 -0.560103244774879,42.6600125241406,947.422399999996 -0.560200642812943,42.6599510008381,947.566999999995 -0.560278427035081,42.6598981949013,949.123399999997 -0.560366771851697,42.6598596383146,949.5337 -0.560411028252466,42.659820746113,948.959000000003 -0.560460481407178,42.6597672695438,949.833899999998 -0.560530889562516,42.659691999956,949.964500000002 -0.560574642906744,42.6596274593119,950.287100000001 -0.56061856423593,42.659561242621,950.643700000001 -0.560642201605989,42.6595176565613,951.138000000006 -0.560677740755258,42.6594016510887,951.098400000003 -0.560726355781811,42.6593411333018,952.581699999995 -0.560749993151903,42.6593044208138,953.369000000006 -0.560813862470269,42.6592226131863,954.298800000004 -0.560848396404753,42.6591463381374,954.608200000002 -0.560887959108155,42.6590734156415,955.318400000004 -0.560954510795986,42.6590038457105,956.582200000004 -0.560978986294237,42.6589984814698,956.862299999993 -0.561000779423021,42.658959757188,957.044999999998 -0.561035312459175,42.6588383870807,957.048200000005 -0.561064481654759,42.6587699908142,957.032399999996 -0.561092141680687,42.6586677315401,957.0 -0.561134051681938,42.658567316564,957.0 -0.561184174979852,42.6584566749275,957.094500000007 -0.561231113750088,42.658350895314,957.420599999998 -0.561258774674312,42.658261041297,957.005499999999 -0.561301018848851,42.6581462094013,957.0 -0.561317112167185,42.6581088263287,957.138600000006 -0.561350472003562,42.658033053975,957.183399999994 -0.561384167809855,42.6579058163041,957.006699999998 -0.561425741841225,42.6577980254457,957.161500000002 -0.561474356867778,42.6576850371871,956.983099999998 -0.561518278196964,42.6576000444865,957.108099999998 -0.561552141089883,42.6575165612242,957.1584 -0.561578962987652,42.6574052491528,957.0 -0.561593380049635,42.6573744039698,957.0 -0.561646688773556,42.657261080658,957.262100000007 -0.561691448230901,42.6571839668326,957.228900000002 -0.56173134600592,42.6571001480669,957.032200000001 -0.561741907498728,42.6569982242954,957.937099999996 -0.561735033590172,42.6569055202918,958.0 -0.561749450652156,42.6568061106128,957.0 -0.561744756954788,42.6566932903377,957.0 -0.561744253898247,42.6565920371161,957.715200000006 -0.561742242570312,42.6565717526269,957.669299999994 -0.561747774395838,42.6565189471236,957.987699999998 -0.561755653519214,42.6564438447115,957.807199999996 -0.561766047027031,42.6563617023354,957.959199999998 -0.561770070581197,42.656277883122,957.979900000006 -0.561782308330322,42.6562111634124,958.0 -0.561782475416949,42.6560928110824,958.0 -0.561778116791199,42.6559850197239,957.881399999998 -0.561761185344706,42.6558933217068,957.545100000003 -0.56176537688383,42.6558607996944,957.592900000003 -0.561746601196096,42.6557468057017,957.212100000004 -0.561727490436711,42.6556519229699,957.0 -0.561702009723709,42.6555439637008,957.206399999995 -0.561688095718266,42.6555002103214,957.042400000006 -0.561660770763956,42.6553887307971,957.0 -0.561625566686271,42.6552879801958,956.933799999999 -0.561580471259012,42.655156887233,957.0 -0.561564210854051,42.6551129664337,956.6492 -0.561546608366059,42.6550266330358,956.997799999997 -0.561552811233084,42.6549238707865,956.650299999994 -0.561520624596483,42.6548294902258,956.869000000006 -0.561482739047694,42.6547426536675,957.0 -0.561459101677602,42.6546657078318,956.806100000002 -0.561431776723292,42.6545947970996,957.169099999999 -0.561406463096916,42.6545082958332,956.755499999999 -0.561375450558354,42.6544100596352,957.167199999996 -0.561356171814046,42.6543357963703,957.580700000006 -0.561337396126279,42.6542523126898,957.0 -0.561326667546844,42.6541632964289,957.023400000005 -0.561309736100384,42.6540796453666,956.998600000006 -0.561276041192389,42.6539753745547,957.0 -0.561241507257905,42.6538741208718,957.0 -0.561229437493737,42.6537921462165,957.481100000005 -0.561223234626713,42.6537232469099,957.866699999999 -0.56121753571456,42.6536530063515,958.0 -0.561196077657359,42.6535691874512,958.0 -0.561165902348659,42.6534721251186,958.267800000001 -0.561150983128431,42.653373386488,958.073499999999 -0.561129860142815,42.6533177300724,958.108500000002 -0.561101026917145,42.653267103377,958.0 -0.561075881275726,42.6532091007834,958.0 -0.561045873951949,42.6531316522525,958.0 -0.560993570442847,42.6530474976828,958.0 -0.560956355037261,42.6529757486785,958.0 -0.560908075082325,42.6529018199898,958.894199999995 -0.560899525815782,42.6528917617119,958.943799999994 -0.560817047896276,42.6527878265193,959.0 -0.5607843582031,42.6527098746806,959.0 -0.560775473864939,42.652628067627,959.0 -0.560762565972613,42.6525333519161,958.0 -0.560752339551422,42.6524656259221,958.0 -0.560740772843829,42.652314584031,958.0 -0.560736414218045,42.6521925435642,958.0 -0.560725517653653,42.6520803941129,957.116099999999 -0.560717973601895,42.6520000952591,957.8315 -0.560706741965919,42.6519275079447,957.473299999998 -0.560688637319684,42.6518222312472,957.0 -0.560661647436957,42.6517407593212,957.937999999995 -0.560644548005541,42.6516976758571,958.0 -0.560620576462162,42.6515664154368,957.072400000005 -0.560609176841229,42.6515047245491,957.0 -0.560553855891076,42.6514318023418,956.557100000005 -0.5605741407485,42.6514048126927,956.219700000001 -0.560560561814675,42.6513719553394,956.0 -0.560544300511384,42.6513385951743,956.0 -0.560522005224355,42.6513100971011,955.936300000001 -0.560480430294688,42.6512747250626,955.100200000001 -0.560463331761569,42.6512537702076,955.0 -0.560391582421531,42.6511533551522,953.0533 -0.560350008390161,42.6510603160472,953.0 -0.560324694763786,42.6509974519048,951.930300000007 -0.560295190496583,42.6509433050592,951.338300000003 -0.560275744665615,42.650912794953,951.0 -0.560114812380803,42.6508331665313,949.310400000002 -0.559951364813152,42.650854792146,947.6446 -0.559852626488719,42.6508821170122,947.0 -0.559701248685236,42.6508606592266,945.547699999996 -0.559633355812705,42.6508445657174,944.424299999999 -0.55952271481073,42.650805506004,943.585300000006 -0.559421964260032,42.6507568911025,941.983399999997 -0.559409391439323,42.650749682774,941.994999999995 -0.559303276149758,42.6506911770153,940.934299999994 -0.559198502044894,42.6506257984992,940.056400000001 -0.559161621710925,42.6506006525421,939.439599999998 -0.559045280898467,42.6505341005086,938.400500000003 -0.558936819209384,42.650480456061,937.200800000006 -0.558847133208035,42.650432511528,936.238100000002 -0.55873313879513,42.6503812145037,935.152700000006 -0.558603555018761,42.6503267321402,933.212599999999 -0.558452178113609,42.6502804637187,931.711599999995 -0.558314044172367,42.6502134085392,929.770499999999 -0.558246988529663,42.6501642910319,928.677500000005 -0.558253023411731,42.6501344511692,928.338199999998 -0.558267273387088,42.6501240574613,928.565199999997 -0.558284539905164,42.650092709166,928.793000000005 -0.558349080265061,42.6500337006452,928.522899999996 -0.558467097333836,42.649938482142,927.846000000005 -0.558542367171499,42.649860362874,927.906199999998 -0.55860003452117,42.6498114129104,927.921000000002 -0.558727606969604,42.6497267556657,928.0 -0.558778569293972,42.6496628852203,927.311900000001 -0.558756273108614,42.6495733668499,928.029599999994 -0.55873900659057,42.6495540883319,928.426399999997 -0.558675136373841,42.6494724482544,930.834700000007 -0.55864043535273,42.6494317120872,930.917700000005 -0.558537002432599,42.6493502403336,932.3321 -0.55848151439582,42.6492746357035,933.0 -0.55845720688256,42.6492149564317,933.619099999996 -0.558447316431284,42.6491703647644,933.962499999994 -0.558444466076894,42.6490684405504,934.687699999995 -0.558448657615984,42.6489760722685,935.738800000006 -0.558444802046808,42.6489425443151,935.904999999999 -0.558433905482416,42.6488513493002,937.0 -0.558423511974565,42.6487668598956,937.811300000001 -0.558418817378901,42.6486840466493,938.175199999998 -0.558414794723031,42.64861179442,939.008799999996 -0.558434910697201,42.6485646882365,939.348100000003 -0.558496098544464,42.6484709785801,941.0 -0.558507833237014,42.648452371025,941.0 -0.558563657243708,42.6483563142728,941.290299999993 -0.558584109187793,42.6483080344316,941.594599999997 -0.558617133952586,42.6481935376507,942.062600000005 -0.558659546112082,42.6480793763133,941.684800000003 -0.558691061707218,42.647982983991,942.139599999995 -0.558719727846228,42.6478850837133,941.546799999996 -0.558742862159746,42.647763713796,940.859700000001 -0.558755602965412,42.6476384882155,940.9948 -0.558769013914314,42.6475394139169,941.133199999997 -0.558793656499191,42.647420893774,940.663499999995 -0.558811426073809,42.6472993564432,940.566399999996 -0.558808911689333,42.6472364918033,940.482000000004 -0.558778234222388,42.6471186424021,940.019199999995 -0.558784101119498,42.6470871267446,940.177800000005 -0.558780077565333,42.6470728770661,940.025200000004 -0.558754596852296,42.6470086715393,939.894199999995 -0.558746382657337,42.6468953485006,940.253100000002 -0.558780245550289,42.6467796782693,939.0 -0.558798183109898,42.6466645106551,938.078999999998 -0.558830368848203,42.6465463258293,937.967099999994 -0.558846462166537,42.6464769235913,937.277700000006 -0.558862388398211,42.6464209326095,937.0 -0.558892562808581,42.6463169971759,937.0 -0.55892072589105,42.6462574855415,937.0 -0.558967497574659,42.6460968885535,936.462199999994 -0.558990295918229,42.6459567429772,936.569699999993 -0.559031869949599,42.6458553216222,936.362699999998 -0.559065900827509,42.6457554099418,936.856599999999 -0.559065229785977,42.6456637113788,936.0 -0.559088699171112,42.6455864305369,936.122000000003 -0.559064559642775,42.645527924547,936.0 -0.559022314569907,42.6454078960093,935.0 -0.558997001841828,42.6453269264538,935.0 -0.558963474020493,42.6452286909516,934.936700000006 -0.558913182737623,42.6451178821974,934.0 -0.55887194377787,42.6450075760913,934.051399999997 -0.558823495837977,42.6448920734895,934.0 -0.558771696283747,42.6447889760032,933.412800000006 -0.558717884503285,42.6446855433342,933.158100000001 -0.558659546112082,42.6446037362989,933.130000000005 -0.558623671891228,42.6445524390932,934.166100000002 -0.558547563925407,42.644466943436,935.0 -0.558499451955429,42.6443722278522,934.255999999994 -0.558471791031204,42.6442528697561,933.292400000006 -0.558449160672558,42.6441485989894,932.713499999998 -0.558412950481757,42.6440512008166,932.0573 -0.55841127422544,42.6440398017071,932.022500000006 -0.558343548439535,42.6439227900671,931.0 -0.558279510237882,42.6438077909497,930.265299999999 -0.558232739452637,42.6437050286659,929.880300000004 -0.558196530160133,42.6436217124319,929.233099999998 -0.558150261533132,42.6434790522766,929.0 -0.558115728496978,42.6433603644872,928.607600000003 -0.558084212003544,42.6432331271934,928.099700000006 -0.558052025366909,42.6430991846067,927.528399999996 -0.55801933657203,42.6429880403425,926.921100000007 -0.557984467565962,42.6428951687595,927.0 -0.557940379150149,42.6427994476992,926.0 -0.557916238723516,42.64274194812,926.009300000005 -0.557913556354083,42.6427213280559,926.009099999996 -0.557889584810704,42.6426100165964,925.571599999996 -0.557865109312487,42.6425077571823,925.720300000001 -0.557842478055544,42.6423981224438,925.0 -0.557807273977859,42.6423015627266,925.000499999995 -0.557769723500688,42.6422019856505,925.0 -0.557766706059638,42.6421917597817,925.0 -0.557729657740678,42.6420955354309,924.237399999998 -0.557687412667809,42.642002328811,924.0 -0.557659920626872,42.6419223651896,924.343900000007 -0.55762756600528,42.6418355291134,923.8508 -0.557591523799436,42.641734275492,924.137700000007 -0.557552632137532,42.6416276579492,923.674100000004 -0.557521283629056,42.6415230517186,922.814400000003 -0.557467639833551,42.6414038606271,922.716499999995 -0.557426735945415,42.6412997575565,922.120699999999 -0.557399914047646,42.6411855961233,921.784199999995 -0.55738868151334,42.6410773018232,922.300900000002 -0.557372924164954,42.6409723602963,922.028200000001 -0.55735163409271,42.6408662456485,922.611000000004 -0.557330679092085,42.6407388406936,922.462299999999 -0.557344928169111,42.6406216616062,923.344100000002 -0.55736437400008,42.6405204079918,923.597999999998 -0.557377617862321,42.6404659255822,923.780199999994 -0.557395722508556,42.6403591406614,924.008499999996 -0.55742137120655,42.64030784326,924.972899999993 -0.557502675926279,42.6402121215231,926.0 -0.557548440598409,42.6401153945296,926.289600000004 -0.557547100312006,42.640106174749,926.493700000006 -0.557530168865547,42.6399925159944,927.0101 -0.557509380951548,42.6398894183186,928.165500000003 -0.55749144429027,42.6398126404604,928.989799999996 -0.55747300367412,42.6397739161271,928.983800000002 -0.557438805709583,42.6396667949797,928.907800000001 -0.557396393550055,42.6395990695147,928.147500000006 -0.557349286794861,42.6394976483683,928.974100000007 -0.557316430015058,42.6394049447125,930.092000000004 -0.557283573235222,42.6392979914416,930.651400000002 -0.557253900983063,42.6391957325314,931.936300000001 -0.557234622238754,42.6390824091382,933.0 -0.55722154636147,42.6389824964932,933.268899999995 -0.557166729366223,42.6389166146714,933.0 -0.557144936237405,42.6388703470147,933.0 -0.55713135730358,42.6388225699763,933.805500000002 -0.557116270098395,42.6387094144166,935.197100000005 -0.557072683840793,42.6386190575413,936.120699999999 -0.557006635209537,42.6385243416456,936.653999999995 -0.556932873643234,42.6384482341764,937.812600000005 -0.556855928447585,42.638390734541,937.815499999997 -0.556757524296406,42.6382970247581,938.846300000005 -0.556652248033331,42.6382205813034,939.498500000002 -0.556574463811193,42.6381689490745,940.066399999996 -0.556546803785265,42.6381488323783,940.492199999993 -0.55640883782898,42.6380733952055,941.678199999995 -0.55630456678069,42.6380029876237,942.092499999999 -0.556189734239626,42.6379245328575,942.770499999999 -0.556097700940428,42.6378328346475,943.369099999996 -0.556028633969824,42.637713476562,943.990999999995 -0.555972475789843,42.6375904300539,943.0 -0.555953868087033,42.6374859915,943.032200000001 -0.555936265599042,42.6373577482735,943.193299999999 -0.555897709008722,42.6372675592743,942.540699999998 -0.555834341848601,42.6371751906524,942.141300000003 -0.555765777934538,42.6371101468616,941.651400000002 -0.555670392122706,42.6370269989052,941.004300000001 -0.555560589248923,42.6369277570323,940.245599999995 -0.555451121446692,42.6368380703214,940.0 -0.555342491772652,42.6367483841422,940.0 -0.555256493355555,42.6366670794962,939.558600000004 -0.555245093734621,42.6366602065726,939.655700000003 -0.555233862098612,42.6366483045176,939.697100000005 -0.555171333066616,42.6365425248206,939.0 -0.555161945671914,42.6365224082596,939.0 -0.555144846240464,42.6364803306577,939.0 -0.555074438085127,42.6364523353007,939.0 -0.5549641330531,42.6363581229876,939.0 -0.55489674233878,42.6362929118056,938.959099999993 -0.554866231958462,42.6362712864154,938.9424 -0.554859526034896,42.6362593836251,938.926900000006 -0.55480672036755,42.636180929304,938.593299999993 -0.554753411643629,42.6361246025893,938.408100000001 -0.554645620097748,42.6360198291602,938.108699999997 -0.554569848101841,42.6359497562963,938.0 -0.554471276864035,42.6358721402244,938.0 -0.554369017143646,42.6357908357554,938.0 -0.554242953864903,42.6357031610715,937.282099999997 -0.554119572057262,42.6356109599709,937.223700000002 -0.553991999608795,42.6355195973781,936.324200000003 -0.553889739888439,42.6354398012171,936.0 -0.553776919573606,42.6353459244158,936.0 -0.553665775515057,42.6352334392682,935.4611 -0.55356804240541,42.6351229656191,935.0 -0.553474835906469,42.6350282496889,935.099000000002 -0.553387329218012,42.6349511367163,934.806700000001 -0.553313232580126,42.6348745259146,934.485700000005 -0.553210638686484,42.634788695111,934.0 -0.553119275530487,42.6347184549803,934.0 -0.553019699077895,42.6346252478837,933.0 -0.552933700660798,42.6345343880957,932.955700000006 -0.55285289899761,42.6344401755225,932.257299999997 -0.552772265319412,42.6343464657383,931.669200000004 -0.552681908276532,42.6342515827446,931.337899999999 -0.552595071731309,42.6341635728063,930.683799999999 -0.552502367390613,42.6340821008837,930.343999999997 -0.552407484635355,42.6339902350944,929.213900000002 -0.552330538541376,42.6338728886505,928.658200000005 -0.552235152729543,42.6337753230484,928.353900000002 -0.552156865450864,42.6336837925382,927.2696 -0.552074052459775,42.6336014826392,927.013800000001 -0.552064329095125,42.6335951123148,926.876000000004 -0.551953856078108,42.6335082758524,926.391900000002 -0.551873724558155,42.6334259650604,925.000400000004 -0.551788397182556,42.6333471753988,924.569699999993 -0.551703571965235,42.6332688885779,924.376099999994 -0.551706254334668,42.633275594009,924.479999999996 -0.551700051467643,42.6332635241003,924.290200000003 -0.551618914732871,42.633161265187,923.372900000002 -0.551526379275429,42.6330653758241,922.146099999998 -0.551417414529805,42.6329659663744,922.551800000001 -0.551290679311199,42.6328655515395,921.026899999997 -0.551205519920591,42.6327765357351,920.443899999998 -0.55113075313947,42.6327061274475,920.410999999993 -0.551091022451077,42.6326640505697,920.091 -0.550991949055026,42.632572687616,919.297900000005 -0.550909303150597,42.6324920536176,918.546300000002 -0.550867058077729,42.6324285190608,918.149300000005 -0.550764631270713,42.6323071487305,917.508300000001 -0.550680645079848,42.6321980168122,917.044099999999 -0.550666898161066,42.6320799994732,916.0 -0.550665892946247,42.63203456939,915.851299999995 -0.550655163468481,42.6319894750148,915.411600000007 -0.550615601663376,42.6319048173105,914.645999999993 -0.550613254365561,42.6318932507485,914.297900000005 -0.550597831190428,42.6318694461345,913.770300000004 -0.550495907439987,42.6318055758609,913.629100000006 -0.550447627485051,42.631737347479,912.005399999995 -0.550412424305696,42.6316954378177,912.006899999993 -0.550389457078806,42.6316741478946,911.801699999996 -0.550342183236985,42.6316037396816,911.637300000002 -0.550278481005247,42.6314879015678,910.358200000002 -0.550210420147759,42.6314010654699,909.453699999998 -0.550155937325765,42.6312998120527,907.419500000004 -0.550106149099469,42.6312429825898,907.113800000006 -0.550071448078358,42.6312072752923,906.214800000002 -0.550064910139716,42.6311251326346,903.647200000007 -0.55001797136948,42.6310505342438,902.913 -0.549944210701508,42.6309730852223,902.650599999994 -0.549941193260458,42.6309693972971,902.681800000006 -0.549885872310305,42.6309181000861,902.559800000003 -0.549802389176014,42.6308275752597,900.237899999993 -0.549788307185615,42.6307742667505,898.920100000003 -0.549780428062273,42.6307606874748,898.688599999994 -0.549756120549013,42.6307435887924,899.048699999999 -0.549749080452127,42.6307347040321,899.176900000006 -0.549696441871408,42.6306230571913,897.733999999997 -0.54966023168064,42.6305638808346,897.230299999996 -0.549621340018702,42.6305333706473,896.972500000003 -0.549581107172099,42.630484755766,896.085399999996 -0.549586638997592,42.6304882758453,896.067899999995 -0.549573898191925,42.630477714946,896.055200000003 -0.549562163499374,42.630467656347,896.036300000007 -0.549499467380752,42.6303726055132,893.302899999995 -0.549442135102698,42.6302802372322,892.019899999999 -0.549385137896229,42.6301965857771,890.099000000002 -0.5493273025616,42.6301250040683,889.493900000001 -0.549279693648163,42.6300582840652,888.052599999995 -0.549227893195635,42.6299798298578,886.862599999993 -0.549186654235883,42.6299052307553,884.214600000007 -0.549174919543332,42.6298299613797,881.923599999995 -0.549145918332705,42.6297962658064,881.547000000006 -0.549121275747827,42.6297838607919,881.366599999994 -0.549072827807901,42.6297610619696,880.763900000005 -0.549073330864475,42.6297556978506,880.6446 -0.549071486623201,42.6297619000306,880.783200000005 -0.549047179109907,42.6297411130759,880.333100000003 -0.548956654980433,42.6296678553799,878.771099999998 -0.548948440785474,42.6296356686281,879.237399999998 -0.548898652559178,42.6295012228814,876.022500000006 -0.548887084953255,42.6293920906696,874.087599999999 -0.548876021302202,42.629256304017,871.180200000003 -0.548877194501978,42.6291830457504,870.617199999993 -0.548904854527872,42.6290947008192,869.069600000003 -0.548883062297419,42.6290095408293,868.112099999998 -0.548823550706473,42.6289346061281,867.568499999994 -0.548769402956097,42.6288481048698,866.684599999993 -0.548778120207597,42.6288080399335,866.1927 -0.548762865017455,42.6287951317455,866.001300000004 -0.548751130324904,42.6287807146248,866.0 -0.548651553872279,42.6286851608812,865.007299999997 -0.548537895429254,42.6285884338158,864.0 -0.548453405283551,42.6285277485713,863.503500000006 -0.548406466513314,42.6284871804497,862.991399999999 -0.548233296479344,42.6284152636585,861.019899999999 -0.548119302964735,42.6283525669856,860.097599999994 -0.547996424213669,42.6282623774939,858.990099999995 -0.547878407144894,42.6281646444691,857.796000000002 -0.547791235528054,42.628097086925,857.0 -0.547726191213252,42.6280486393441,856.193100000004 -0.547726191213252,42.6280457893297,856.159599999999 -0.54773222699365,42.6280417661296,856.132700000002 -0.547692664290248,42.6280156143316,856.0 -0.547637846396637,42.627972866723,855.994099999996 -0.547595936395385,42.6279726988416,856.0 -0.547489989989076,42.6279316280358,855.0 -0.547431483612949,42.6278551850674,854.120800000004 -0.547366775268095,42.6277896384653,853.361900000004 -0.547327548534574,42.6277435376883,852.785000000003 -0.54725177564037,42.6276282026468,851.467900000003 -0.547201652342457,42.6275266145974,850.591700000004 -0.547197460803334,42.6275165561825,850.407000000007 -0.547125376391679,42.6274474889727,850.0 -0.547130406058961,42.6273395303247,849.0 -0.547094698924734,42.6272344208802,849.0 -0.547020603185145,42.6271043342629,849.0 -0.546946339460598,42.6270037513407,848.561700000006 -0.546821951539842,42.6269377015114,843.0 -0.546700413973475,42.6268875781508,843.0484 -0.546692534850134,42.6268810399159,843.185700000002 -0.546637717854853,42.6268505299063,844.179600000003 -0.546490531590493,42.6267667112451,849.572499999995 -0.546482820452108,42.6267506174517,849.709300000002 -0.546509642349844,42.6267085405136,849.296499999997 -0.546566471571357,42.626649867395,848.344599999997 -0.546594131597284,42.6266139928823,847.943400000004 -0.546605866289835,42.6265016750405,847.770499999999 -0.546607039489578,42.6263974042704,847.976899999994 -0.546609721859044,42.6262986656289,847.922099999996 -0.54661810403896,42.626198249952,847.876900000003 -0.546585247259124,42.6260866035669,848.0 -0.546523221283703,42.6259942348745,848.0 -0.546488017206017,42.6258902990284,846.376900000003 -0.546442586707141,42.6257887107868,844.997700000007 -0.546365305541578,42.6256899718408,845.0 -0.546284336791763,42.6256046439319,844.867499999993 -0.546191800436023,42.6255516700303,845.090800000005 -0.546118039768052,42.6254899791237,845.153099999996 -0.54607311232575,42.62542007419,844.8416 -0.545963309451934,42.6253293820717,844.842799999999 -0.545874293593786,42.6252650093528,844.227199999994 -0.54576834628918,42.6251868895087,843.855500000005 -0.54567815723129,42.6251022324668,843.876199999999 -0.545620824953236,42.6250405417757,843.513500000001 -0.545515212720213,42.6249758336401,843.772500000006 -0.545388981456512,42.6248903381847,843.087400000004 -0.545269958274622,42.6248157389315,842.921100000007 -0.545200892202314,42.6247579041401,843.0095 -0.545115899000036,42.6246834726185,842.335300000006 -0.545029733496279,42.6246063593874,841.939799999993 -0.544959995484143,42.6245243845021,841.535900000003 -0.544920768750621,42.6244412355945,840.479999999996 -0.54487299185226,42.6243498731296,839.383400000006 -0.544832087964091,42.6242865060847,838.636499999993 -0.544795039645165,42.6242115716469,838.031099999993 -0.544755141870112,42.6241373080248,838.0 -0.544711388525883,42.6240643854665,838.0 -0.544670652622705,42.6239728552174,838.0 -0.544647686294145,42.6238555083948,837.229999999996 -0.544647183237604,42.6237696775984,837.0 -0.544634778401852,42.6236756324875,837.0 -0.544618852170178,42.6235628122743,837.0 -0.544609967832017,42.6234620616853,837.0 -0.544581636764591,42.6233807575293,837.0 -0.544523801429963,42.6232898971902,837.071800000005 -0.544477198629641,42.6232270334101,837.0 -0.544374435852711,42.6231458961805,838.047600000005 -0.544349625282877,42.6230303939801,838.0 -0.544352643622224,42.6228887395965,837.137900000002 -0.544344261442308,42.6227712254791,837.0 -0.544354990021776,42.6226637690186,837.0 -0.544378627391835,42.6225636892195,836.932700000005 -0.544402431848554,42.6224483544963,836.605299999996 -0.544406287417729,42.6224366196027,836.549599999998 -0.544406622489346,42.6223263136105,836.417199999996 -0.544349625282877,42.6222512122215,837.0 -0.544332526749757,42.6222329392287,836.9804 -0.544251557101645,42.6221315182041,837.0 -0.544191375367498,42.6220520578594,836.958199999994 -0.54412767313576,42.6219665623549,836.5769 -0.544053409411214,42.6218939750326,836.0 -0.543988533081402,42.6218342959377,835.130799999999 -0.543927680305724,42.6217945662494,834.411699999997 -0.543930865731731,42.6217999303934,834.541200000007 -0.543929692531955,42.6217980861591,834.497399999993 -0.543914772413397,42.6217881960386,834.142099999997 -0.543834138735199,42.621768582369,834.271999999997 -0.543776136313911,42.6218007685615,835.0 -0.543745793020253,42.6217761258855,834.954500000007 -0.543669685952763,42.6217090703913,834.0 -0.54361000637686,42.6216519062906,834.0 -0.543528366585513,42.6215679193414,834.0 -0.543451421389864,42.6214919795264,834.859800000006 -0.543450415276748,42.621493487972,834.866500000004 -0.54349835926177,42.6214353176014,835.0 -0.543620902941252,42.6212839405926,834.931899999996 -0.543751492830736,42.6211632412833,834.111300000004 -0.543821397929533,42.6210645022724,834.003200000006 -0.543873533453678,42.620985041888,834.0 -0.543951149690825,42.6208728917064,833.800700000007 -0.543989707179475,42.6208051662807,833.0 -0.544009823153612,42.6207292261964,833.153999999995 -0.544015354979138,42.6206772581967,833.096699999995 -0.54402910189792,42.6206506035676,833.1584 -0.544053074339596,42.6206105386436,833.559099999999 -0.544088445503908,42.6206135555775,833.027499999997 -0.544145609797038,42.6205857275951,833.013000000006 -0.544254742527619,42.6205017411909,832.707500000004 -0.544353481750383,42.6204185928601,832.348400000003 -0.544433612372073,42.6203540517887,832.425600000002 -0.544500164958201,42.6203129805836,832.0 -0.544590857072666,42.6202417345514,832.0 -0.544676519519815,42.6201711587253,832.0 -0.544755812911644,42.6200891839494,831.330300000001 -0.544800069312447,42.6199805548107,830.487999999998 -0.544814821446015,42.6198787982769,830.843800000002 -0.54484851635401,42.6197631280614,831.020000000004 -0.544860083959934,42.6196234857182,830.920299999998 -0.544873326923844,42.6195314518383,831.0 -0.544933341571364,42.6194417658396,830.746599999999 -0.54498463896735,42.6193195577662,830.415200000003 -0.545041468188829,42.6192038871727,830.431100000002 -0.545083377291784,42.6191028016519,830.593299999993 -0.545142553811145,42.6190022190227,830.438599999994 -0.545208603340699,42.6188855423876,830.6397 -0.545240286920793,42.6188077582834,829.8122 -0.545273143700629,42.6187219277997,829.0 -0.545287225690996,42.6185985462721,829.0 -0.545285549434678,42.6184961191573,829.0 -0.545288566875729,42.6184429779106,829.0 -0.545298624413665,42.6183876577908,829.0 -0.545338355102025,42.6182786931739,828.972099999999 -0.545368027354184,42.6181831391756,828.517000000007 -0.545347407425142,42.6180595899944,829.0 -0.545340701501543,42.6180005815016,828.945300000007 -0.545293763629637,42.6178560770926,828.0 -0.545340701501543,42.6177392337061,828.0 -0.545392501954104,42.6176155163959,828.0 -0.545446481719523,42.6174990083773,828.0 -0.545492079305026,42.6173892053,827.691600000006 -0.54554220260294,42.6172966690146,827.0 -0.545578747865325,42.6172024567928,827.1535 -0.545594841183626,42.6171191401119,827.517699999997 -0.545613448886436,42.6170155398146,827.251699999993 -0.545642450097063,42.6168976906888,827.0 -0.545666925595313,42.6167850380045,827.0 -0.545677822159706,42.616690489846,826.082899999994 -0.545722916688634,42.6165929244154,826.0 -0.545767844130936,42.6165260372011,826.0 -0.54582819385004,42.6164242803105,826.0 -0.545895919635944,42.6163521962149,825.448000000004 -0.545933302128191,42.6162568104787,825.0 -0.545929111487398,42.6162482607988,825.0 -0.54587848513291,42.6161937782951,825.0 -0.545865912312201,42.616144157296,825.0 -0.545880496460845,42.6160470947501,825.0 -0.54587563477852,42.6159909362388,825.0 -0.54589709283572,42.6159505351332,825.126399999994 -0.545907653430198,42.6159433267386,825.067500000005 -0.545996334216728,42.6158467676219,825.0 -0.546032544407529,42.6158041875047,825.0 -0.546077638936457,42.6157750186863,825.0 -0.546108149316776,42.6157533927782,825.0 -0.546101108321559,42.6157652955235,825.0 -0.546104293747567,42.615760769109,825.0 -0.546112339957568,42.6157463522751,825.0 -0.546123403608621,42.6157173506831,825.0 -0.546177048302422,42.6156338674059,826.511299999998 -0.54620454124169,42.6155959808236,827.3802 -0.54624745645776,42.6155287580307,827.988299999997 -0.54630596193559,42.6154451065856,828.0 -0.546368826039169,42.6153582699243,827.986900000004 -0.54642498511748,42.6152798157014,828.714000000007 -0.546477790784827,42.615207730942,829.283100000001 -0.546542834201298,42.6151286061875,830.214200000002 -0.546603016833742,42.6150431104316,829.320999999996 -0.546632688187571,42.6150023748617,829.686000000002 -0.54671248463594,42.6149146999833,829.548200000005 -0.546769313857453,42.6148307132019,829.512600000002 -0.546829663576557,42.6147535996673,829.362899999993 -0.546903927301103,42.6146707867673,829.153399999996 -0.546970478988935,42.6146141245848,829.178599999999 -0.547060836031782,42.6145412021113,829.369900000005 -0.547153875444062,42.6144697881682,828.592199999999 -0.547157227956697,42.6144598975449,828.728600000002 -0.547179021085514,42.6144319021999,829.021299999993 -0.547218918860534,42.6144005537716,829.301999999996 -0.547297373225873,42.6143358458163,828.336800000005 -0.547355208560501,42.6142746574677,829.162299999996 -0.547429640269972,42.6141839656417,827.970700000005 -0.547451265413832,42.6141608312189,827.818700000003 -0.547486469491484,42.6141205981669,827.294200000004 -0.547522343712371,42.6140431492374,826.598400000003 -0.547517146958429,42.6139797822804,825.945200000002 -0.547486804563101,42.6138332667289,825.023100000006 -0.547484457265252,42.613814658732,824.976899999994 -0.54741438507983,42.6136899360219,825.783299999996 -0.547325369221715,42.6135586754114,825.418000000005 -0.547296870169299,42.6134594338022,824.883799999996 -0.547273903840772,42.6133846674765,824.556800000006 -0.547260827963488,42.6133063800104,823.609700000001 -0.547242388245635,42.6131767958209,822.993900000001 -0.547240376917734,42.6131677432765,823.037899999996 -0.547198131844865,42.6130693399911,822.529599999994 -0.547126214519837,42.6129561845491,822.019799999995 -0.547061842144898,42.6128504049159,821.190600000002 -0.547003168682111,42.612737249076,820.721900000004 -0.546953715527399,42.6126504126056,820.052500000005 -0.546873751992403,42.6125711199846,820.009900000005 -0.54677249838513,42.6124871333482,820.323699999994 -0.546672753947581,42.6123877234305,820.038499999995 -0.546658671957181,42.6123723009195,820.217099999994 -0.546597652094876,42.6122844583815,819.934999999998 -0.546496566472594,42.6121538684883,819.0 -0.546417105994139,42.6120531179496,819.190000000002 -0.546353570849027,42.6119755018301,819.365300000005 -0.546273607313997,42.6118841389237,819.036600000007 -0.546201187830759,42.6118065225935,818.361399999994 -0.546102784577909,42.6117171712362,818.535000000003 -0.546017289217353,42.6116457573605,818.210399999996 -0.545944701749158,42.6115721643367,818.406600000002 -0.545857530132285,42.6114876752203,818.355899999995 -0.545787121976947,42.6114050292092,818.666299999997 -0.545696094790898,42.6113111518603,818.6774 -0.545602720307001,42.6112172750311,818.332800000004 -0.54550666345367,42.6111171946847,818.179600000003 -0.545403230533539,42.6110125887402,818.683199999999 -0.545390490626169,42.6109914662821,818.429399999994 -0.545302983039415,42.6109098265158,818.146099999998 -0.545212458909908,42.6108320423661,817.494300000006 -0.545128974877287,42.6107567730697,818.251699999993 -0.545031744824213,42.610674295339,818.0 -0.544951111145982,42.6105626482228,819.357900000003 -0.544956642971508,42.61046927339,820.178 -0.544980783398142,42.6103646676796,820.909899999999 -0.544990170792843,42.6102619057084,821.0 -0.544999894157493,42.6101614899516,820.835699999996 -0.545003246670127,42.6100545373365,820.258700000006 -0.54498614723871,42.6099598216081,820.0 -0.544951949274141,42.6099288087723,820.0 -0.544836614574832,42.6098354343115,820.143800000005 -0.544736367080675,42.6097656969219,821.409799999994 -0.544650032693664,42.6097157408902,821.583400000003 -0.544560514677305,42.6096555582318,822.096900000004 -0.544477533701259,42.6096128105787,822.950100000002 -0.54447954502916,42.6095930297712,822.642900000006 -0.544484574696442,42.6095880004375,822.551200000002 -0.544471665905818,42.6095623519536,822.779599999994 -0.544465127967176,42.6095564842846,822.890599999999 -0.544406287417729,42.6094657921995,823.639299999995 -0.54437527398087,42.6094258946219,824.0 -0.544320456985623,42.6093435843828,824.667499999996 -0.544274859400086,42.6092545680006,825.524099999995 -0.54426949466122,42.6092440068049,825.743000000002 -0.544193051623815,42.6091502974368,826.0 -0.544114094201902,42.6090378125547,824.997799999997 -0.544038824364239,42.6089342120367,825.883100000006 -0.543974787060917,42.6088158596867,825.412400000001 -0.543937068598756,42.6087065596449,825.162100000001 -0.543900523336371,42.6085709401069,825.258499999996 -0.54389314726957,42.6084643226122,824.962499999994 -0.543905720090279,42.6083379230677,824.939100000003 -0.543931200803315,42.6082076687032,825.039999999994 -0.543928183362298,42.6080909923392,824.566999999995 -0.543924998834588,42.6079847098936,822.765499999994 -0.543931200803315,42.6079091052524,821.661999999997 -0.543916784639662,42.6078080192488,821.0092 -0.543915107485014,42.6077662772818,820.7166 -0.543854255607666,42.6076556365371,819.2883 -0.543818715560066,42.6076003160911,819.224199999997 -0.543754678256744,42.6075201846311,818.046000000002 -0.543692987352907,42.6074311689489,817.0 -0.543618220571819,42.607348188293,816.239400000006 -0.543595087156632,42.6073004115216,815.522299999997 -0.543591063602466,42.6072918619345,815.334300000002 -0.543572622986316,42.6071792090648,814.896800000002 -0.543568097273906,42.6071688154548,814.702600000004 -0.543536916750387,42.607142496208,814.071599999996 -0.543491151179927,42.6070761119135,814.0 -0.543414205085947,42.6069642970214,813.115300000005 -0.54337397223931,42.6068937213544,813.5095 -0.543366931244127,42.6068689107914,813.641099999993 -0.5433312241099,42.6067889476514,814.006099999999 -0.54333357140775,42.6067530729352,813.392200000002 -0.543363745818119,42.6066394147636,812.849000000002 -0.543413031886204,42.6065322934513,814.0 -0.543418228640113,42.6065220676725,814.0 -0.543455276959073,42.6064523305403,815.113599999997 -0.543518811205854,42.6063730373018,814.469100000002 -0.543527361370728,42.6063502385017,814.343500000003 -0.543562397463423,42.6063328045085,813.570300000007 -0.543601457110283,42.6062868716521,812.170199999993 -0.543651916378111,42.6062612231312,811.148300000001 -0.54373707666705,42.6062112669337,809.990399999995 -0.543832965535423,42.6060974404943,813.314499999993 -0.543838664447576,42.6060624044211,813.791500000007 -0.543917454782863,42.6059319819858,809.426300000006 -0.543910916844221,42.6058754877282,809.615300000005 -0.543877892079428,42.6057946862519,808.997300000003 -0.54382156591449,42.6057103645131,809.993000000002 -0.543735902568977,42.6055923472108,811.624200000006 -0.543715115553309,42.6055546284125,811.776199999993 -0.543710421855941,42.6055467496921,811.858300000007 -0.543651078249953,42.6054605835607,813.213000000003 -0.543583687535666,42.6053687178501,815.0 -0.543577484668641,42.6052998184783,815.0 -0.543573964171016,42.6051811312717,815.0 -0.543604306566377,42.605046349725,815.0 -0.543606653864226,42.6049298413342,814.994500000001 -0.543639343557402,42.6048140038395,815.0 -0.543667673726531,42.6046684935665,814.155100000004 -0.543690640055091,42.6045491353625,814.0 -0.54371427742515,42.6043975903545,814.0 -0.543743781692352,42.6042224089784,814.0 -0.543761886338587,42.6041263520569,814.0 -0.543802455155105,42.6039900626646,814.034799999994 -0.543852914422933,42.6038700333591,814.0 -0.543897002838779,42.6037476578581,813.957299999995 -0.543940589096347,42.6036321553817,814.0 -0.543937403670373,42.6036028188665,814.0 -0.543941762296123,42.6035800197138,814.0 -0.543953329003717,42.6034666962764,814.0 -0.543998256446018,42.603351864409,814.0 -0.544046536400954,42.6032249625483,813.840899999996 -0.544088780575526,42.603083643309,813.239000000001 -0.544122643468478,42.6029632796655,812.718299999993 -0.544146447925197,42.6028174344612,811.928899999999 -0.544142760340945,42.6027408237867,812.145000000004 -0.544156674346387,42.6026295122358,811.417799999996 -0.54414225728437,42.6024955688866,812.858200000002 -0.544148292166471,42.6024293522188,813.0 -0.544134043089411,42.6023705114138,813.0 -0.544123146525019,42.6023259192403,813.0 -0.544130187520236,42.6022969180112,813.0 -0.544093977329435,42.6021778951328,813.0 -0.544065144103764,42.602048478224,813.0 -0.544037819149454,42.6019369994682,812.190799999997 -0.543991886492334,42.6018010444966,812.0 -0.543935559429099,42.6016634136725,812.0 -0.543872527340528,42.6015231005911,811.618700000006 -0.543831959422307,42.6013896607061,810.755999999994 -0.543783847452329,42.6012528680791,811.049599999998 -0.543759539939069,42.601160332284,810.661399999997 -0.543760713138811,42.6011526209616,810.476800000004 -0.543740932236259,42.6010560613963,809.333599999998 -0.543727856358975,42.6009687219706,808.923800000004 -0.543724670932967,42.6008597572941,807.647299999997 -0.543727018230816,42.6007642030197,806.961599999995 -0.543728191430592,42.6007360401765,806.558499999999 -0.543737914795208,42.60072866405,806.270099999994 -0.54375266692881,42.6006998300323,805.431299999997 -0.543741434394503,42.6006771990948,805.331900000005 -0.543748308303059,42.6005751075107,804.442999999999 -0.543792396718872,42.600449211034,802.064899999998 -0.543808154965589,42.6003397435649,800.612800000003 -0.543806645795932,42.6002225644661,799.649799999999 -0.54381033427848,42.600137069409,799.5098 -0.54384302307336,42.6000388333317,800.013000000006 -0.543831624350723,42.5999459618034,800.446200000006 -0.543816034088964,42.599881086083,801.063800000004 -0.543766580934252,42.5997912322623,806.659100000004 -0.543816034088964,42.5996763995719,804.814499999993 -0.543832462478882,42.5995872166264,806.629100000006 -0.543839503474065,42.5995152995173,807.315199999997 -0.543837156176216,42.5994251105748,808.726699999999 -0.543841179730382,42.5993951028899,808.680099999998 -0.543841849873584,42.5993436381558,808.7022 -0.543815866104007,42.5992153950397,809.0 -0.543820894872958,42.5990950311972,809.0 -0.543838162289365,42.5989493534939,809.0 -0.543885268146228,42.5987979767114,808.0 -0.543907899403171,42.5987560666985,807.997399999993 -0.543945952936916,42.5986266506172,807.0 -0.543980821942984,42.598501424692,805.967999999993 -0.54398333632746,42.5984273287875,806.0 -0.544017199220412,42.5983597707191,806.0 -0.544056091780646,42.5983225547323,805.985400000005 -0.544094815457593,42.5982818188072,805.236099999995 -0.544158182617747,42.5982516439327,805.0 -0.544169750223638,42.5982474528298,805.0 -0.544286426107713,42.5981644725053,802.882500000007 -0.544310565636016,42.5980925557379,802.635800000004 -0.544335544190808,42.5980167830321,802.456900000005 -0.544357840376167,42.5979629709776,802.153900000005 -0.544405449289571,42.5978276871204,801.965700000001 -0.544405281304613,42.5977198959979,801.504000000001 -0.544397235094612,42.5976233364031,801.698300000004 -0.544377118222144,42.5975019663329,801.162899999996 -0.544377956350303,42.5973990370012,801.159199999995 -0.54436638964271,42.5972674411801,800.758000000002 -0.544358678504325,42.5971822806423,800.615300000005 -0.544344596513925,42.5970619168402,799.847899999993 -0.544318109687774,42.5969397084963,799.8747 -0.544293634189556,42.5967930252355,799.933499999999 -0.544277373784596,42.5966785282415,799.352799999993 -0.544243510891643,42.5965633611567,799.0 -0.544212162383167,42.596478033013,799.338499999998 -0.544170085295255,42.5963759418228,798.847299999994 -0.544129349392077,42.5963207885853,798.933799999999 -0.544074699483457,42.5962347902255,798.528000000006 -0.544029436969538,42.5961308549651,798.241200000004 -0.543963052368366,42.5960284279325,797.8508 -0.543914940398354,42.5959508116847,798.205100000006 -0.543839335489108,42.5958571021591,797.993799999997 -0.543758701810877,42.59575517792,797.407000000007 -0.543707404414924,42.5956493981736,798.290500000003 -0.543681420645313,42.5955612205836,798.718500000003 -0.543658621403414,42.5954577881069,798.214600000007 -0.54363280561876,42.5953298802067,798.441399999996 -0.54360564775111,42.5951987872317,798.806800000006 -0.54359005748935,42.5950673587022,798.0 -0.543590225474308,42.595053277648,798.0 -0.543574802299175,42.5949461569146,797.851599999995 -0.543558373909256,42.5948197577173,797.093900000007 -0.543536580780472,42.5947009024143,796.705300000001 -0.543520990518713,42.5945889198246,797.007899999997 -0.543480589687152,42.5944687236142,797.0 -0.543472710563777,42.5944144085481,797.0 -0.543455612030657,42.5943837311916,797.169599999994 -0.543437339399464,42.5942543146267,796.941600000006 -0.543431639588981,42.5941812241523,796.762499999997 -0.54342811909139,42.5941616103852,796.658899999995 -0.543427784019806,42.5940464432782,796.0 -0.543422084209322,42.5939218879772,795.040699999998 -0.543409343403622,42.5938115823999,794.383199999997 -0.543393418070279,42.5936990969362,793.8609 -0.543388892357868,42.5935522460093,793.0 -0.54338520387532,42.5933948341603,792.031600000002 -0.543394256198437,42.5933019626495,790.983699999997 -0.543359220105743,42.5931869625903,791.256399999998 -0.543351844038942,42.5931383476477,790.150399999999 -0.543348323541317,42.5930417882283,791.036200000002 -0.543351005910783,42.5930258629528,791.329700000002 -0.543352514182143,42.5930161395453,791.498399999997 -0.543344467972142,42.5929494194575,791.986199999999 -0.543333403422792,42.5928786764715,792.643599999996 -0.543333068351175,42.5927609946235,792.887799999997 -0.543328877710382,42.5927068473681,793.104200000002 -0.543345474085257,42.5926966213041,791.884099999996 -0.543388892357868,42.5926020736146,789.964699999997 -0.543382856577471,42.5924969643923,790.354000000007 -0.543355699608117,42.5923811269291,791.630300000004 -0.543341617617751,42.5922941225418,792.3701 -0.543347317428201,42.5922034304571,792.264999999999 -0.543365422972767,42.5920953035699,791.777100000007 -0.54339543029651,42.5920062876728,791.095100000006 -0.543439518712356,42.591865304077,791.280499999993 -0.543442536153373,42.5917724329323,791.788799999995 -0.543468184851366,42.5917085625293,792.396599999993 -0.54350422705721,42.5916334605918,794.084600000002 -0.543509423811119,42.591616361746,794.108800000002 -0.543506238385112,42.5916203853155,794.1302 -0.54350556824191,42.5915845104624,794.223800000007 -0.543515123621602,42.5915585265433,794.078399999999 -0.54353004284183,42.5914820838937,793.290999999997 -0.543544292817187,42.5914601228503,793.420400000003 -0.543569270473682,42.5914190517701,793.419399999999 -0.543577149597024,42.5914115078834,793.462100000004 -0.54361972974151,42.5913509907609,792.863899999997 -0.543622244125985,42.5913417703713,792.893599999996 -0.543641857941878,42.5912609692253,793.195800000001 -0.54365141332157,42.5912400146639,793.052500000005 -0.543679576404039,42.5911243441679,793.450800000006 -0.543699190219965,42.5910081708368,794.156900000002 -0.543716624722999,42.5909528501583,794.167499999996 -0.543717462851158,42.5908985353347,794.188800000004 -0.543755851456487,42.5908115315232,794.6149 -0.543777979656888,42.5907473261561,795.0 -0.543816872217122,42.5906391993881,795.0 -0.543859452361575,42.5905267141509,795.0 -0.543886274259344,42.5904371953725,795.0 -0.543914102270195,42.5903290693893,795.0 -0.543959196799157,42.5902328448905,795.0 -0.544022899030896,42.5901133188263,795.275800000003 -0.544060114436482,42.5900080420527,795.7935 -0.544119961997342,42.5899161767058,795.865900000004 -0.544175114064207,42.5898052000382,796.122600000002 -0.544198919419256,42.5897344567902,796.906099999993 -0.544270667860996,42.5895881090739,797.0 -0.544323138456725,42.5894630508277,797.989400000006 -0.544390026114471,42.5893317900924,798.0 -0.544446855335984,42.5892179638997,798.645300000004 -0.544502847327635,42.5891220749806,798.249800000005 -0.544565208374673,42.5890171338283,798.472299999994 -0.544622037596152,42.5889073308055,798.729099999997 -0.544664784827265,42.5887842843924,798.015700000004 -0.544686577956082,42.5886842043829,798.039999999994 -0.54469982181829,42.588630728181,798.712899999999 -0.544701163003023,42.5885641753544,799.550099999993 -0.544713735823732,42.5884342559687,799.869099999996 -0.544733013669744,42.5883194241755,799.708899999998 -0.544757489167961,42.5881970478949,798.724600000001 -0.544777606040428,42.5880726607978,797.224600000001 -0.544780287511564,42.5879868302888,797.621199999994 -0.544762350850286,42.5878649573238,797.990699999995 -0.54474575447541,42.5877672243883,798.043900000004 -0.544729996228693,42.587667982696,797.912100000001 -0.544731002341809,42.5875492949722,796.232499999998 -0.544712561725659,42.5874294337333,796.312900000004 -0.544687752054155,42.5873305268237,796.565199999997 -0.54465120679177,42.5872170362659,797.469299999997 -0.544617343898818,42.5871058920923,797.8655 -0.544583481005866,42.5870133557921,797.7114 -0.544539056620105,42.5868859510723,798.292100000006 -0.544517766547862,42.5867813447857,798.813099999999 -0.544473342162135,42.5866676858968,798.928899999999 -0.544461440382924,42.5866185685044,798.738200000007 -0.544446185192782,42.5865422930805,798.120299999995 -0.544466972208451,42.5864319870093,797.912400000001 -0.544460434269809,42.5863317391977,797.0 -0.544464960880516,42.5862677018397,797.0 -0.544494632234378,42.586163598498,796.828999999998 -0.544492452921486,42.5860331760783,796.0 -0.544514078963644,42.5859369515618,796.0 -0.544576607995606,42.58581004995,795.757500000007 -0.544624551980628,42.5857025938742,795.0 -0.54463712480137,42.5856623609616,795.0 -0.544675346320073,42.5855704951628,794.0 -0.544713064782234,42.5854653859879,794.0 -0.544735696039177,42.585374525892,794.0 -0.544779114311788,42.5852573470932,793.632500000007 -0.544814988532675,42.5851882799738,793.142399999997 -0.544858071733702,42.5850479674958,793.072799999994 -0.544899813749996,42.5849188860603,793.0 -0.544947087591816,42.5847946663723,791.971099999995 -0.544995870603327,42.584702465283,791.2019 -0.545065607717166,42.5845810951832,790.135599999994 -0.545103662149208,42.5845267807601,789.543600000005 -0.545104332292409,42.5844791710231,789.565700000006 -0.545218158720391,42.584365847903,789.0 -0.545282028937087,42.5843282968212,788.746499999994 -0.545274987941904,42.5843334935473,788.858699999997 -0.545258559551985,42.5842490038682,790.0 -0.545255039054394,42.5841864750427,787.676099999997 -0.545251518556769,42.5841279695463,786.376300000004 -0.545238107607901,42.5840567231314,785.994200000001 -0.545244142489968,42.5840171604948,788.1639 -0.545256883295668,42.5840002295438,788.479800000001 -0.545365176999794,42.5839045078742,788.979200000002 -0.545496437930776,42.583816162864,789.0 -0.545621328009811,42.5837241296511,789.0 -0.545715037565292,42.5836154999259,788.098899999997 -0.545775387284396,42.5834892682394,787.710399999996 -0.545790977546156,42.5833496259285,786.5576 -0.545793659915589,42.5832213829708,785.062399999995 -0.545783098422781,42.5830897869776,784.245699999999 -0.545786618920372,42.5829712671385,784.0 -0.545792151644229,42.5829110851031,784.0 -0.545790642474539,42.5828312889841,784.0 -0.54578544572063,42.5827519961114,783.868499999997 -0.545812267618365,42.5826807501084,784.140100000004 -0.545874293593786,42.5825659182995,784.161200000002 -0.545956771513292,42.5824323101644,784.106499999994 -0.546043440971921,42.5823164725169,785.290500000003 -0.546116698583319,42.5822080109895,785.403300000005 -0.546159445814431,42.5821324061575,785.753500000006 -0.546197667333134,42.5820199207824,786.615900000004 -0.546210408138833,42.5819875665321,786.051000000007 -0.546236559893368,42.5819438130289,786.346099999995 -0.546257178924079,42.581835854209,786.655700000003 -0.546276122596803,42.5817351035873,787.100999999995 -0.546278972052896,42.581676095079,787.172300000006 -0.546281319350712,42.5816439086566,787.1489 -0.546294227243039,42.5816180925687,787.162700000001 -0.546317864613097,42.5815227065621,788.130799999999 -0.546325742838142,42.5814603449934,788.852299999999 -0.546325407766558,42.5813545654594,789.016399999993 -0.546330269448883,42.5812548207811,790.0 -0.546329599305682,42.5811646312089,790.0 -0.546313505987347,42.5810447702616,790.067999999999 -0.546308141248481,42.5809597780544,791.074800000002 -0.546289198474087,42.5808679119405,791.5242 -0.546261873519777,42.5807736995237,792.0 -0.546246282359687,42.5806972562157,793.624200000006 -0.546233709538978,42.5805986852265,794.132199999993 -0.546222477902968,42.5805260979802,794.0 -0.546219460461951,42.5804352379617,795.0 -0.546219795533535,42.5803346557323,795.658899999995 -0.546255670652719,42.5802375929533,796.723899999997 -0.546302273453041,42.580139524607,797.704500000007 -0.546317025586642,42.5801237666913,797.829500000007 -0.546358264546394,42.5800672728472,798.0 -0.546408723814222,42.5799811065395,799.713499999998 -0.546494219174745,42.5799110341082,800.409700000004 -0.54655373076569,42.5798518578469,801.3891 -0.54661944522366,42.5798065953742,801.681800000006 -0.546616762854227,42.5798104510333,801.597999999998 -0.546650960818763,42.5797958664673,801.961299999995 -0.546701923143166,42.5797433960008,802.997399999993 -0.546714495963875,42.5797070182154,803.170899999997 -0.546761769805695,42.5796112972304,804.475399999996 -0.546821784453215,42.5795467562096,805.880399999995 -0.546921025834223,42.5794857360998,806.820099999997 -0.546985902164034,42.5794171725765,808.3174 -0.547059662832006,42.5793600080269,809.200700000001 -0.547147840561995,42.5792899348976,810.5818 -0.547246411799801,42.579206451091,812.463399999993 -0.547323860052025,42.5791398987866,814.489300000001 -0.547404158658639,42.579086422335,815.186300000001 -0.547512956317636,42.579031437025,816.295299999998 -0.547597110493459,42.5789915391415,817.139599999995 -0.547673217560949,42.5789526473292,817.052500000005 -0.54777229185533,42.5788981646194,818.644899999999 -0.547842196954126,42.5788656433812,819.045299999998 -0.54784102375435,42.578840832903,819.904800000004 -0.547870528021552,42.5788450233266,819.605599999995 -0.547860469585319,42.5788723487175,818.937600000005 -0.547851417262201,42.5788785513349,818.748200000002 -0.547848734892735,42.5788750309841,818.825100000002 -0.54786533126761,42.5788584346643,819.306599999996 -0.547953676084226,42.5788269188428,819.968299999993 -0.547990892388143,42.578752654685,821.6106 -0.547941774305048,42.5787052131831,823.353300000002 -0.547902714658187,42.578641175929,825.439299999998 -0.547893494350112,42.5785861902264,826.690799999997 -0.547938253807457,42.5785501484565,827.0 -0.547966248904969,42.5785305344011,827.0 -0.54803699213189,42.5784881219287,827.0 -0.548111758912978,42.5784385013235,827.906199999998 -0.548197422258491,42.5783751338714,828.0 -0.548235140720652,42.5783411035313,828.0 -0.548310242573324,42.5782919855321,828.0 -0.548446197201707,42.5781905643979,828.473700000002 -0.548457931894258,42.5781719570002,828.842399999994 -0.548477377725193,42.5781303823782,829.0 -0.548519622798062,42.5780774091085,829.316600000006 -0.548562538014132,42.5780049889275,830.0 -0.548592042281334,42.5779074237648,829.0 -0.548640992379471,42.5778138815871,829.0 -0.548692624847075,42.577712125626,829.0 -0.548722800155775,42.5776251212702,829.0 -0.548746436627537,42.5775097866816,829.0 -0.54875783624847,42.5774070241026,829.0 -0.548763200987369,42.5773061062444,828.7788 -0.548807121418225,42.5772009970277,828.0 -0.548809636701031,42.5771061136112,828.286900000006 -0.548852719003727,42.5769750206743,828.873099999997 -0.548839811111434,42.5768667264738,828.760999999999 -0.5488223766084,42.5767592708593,828.0 -0.548828244403807,42.5766682432856,828.143100000001 -0.548862442368377,42.5765617934644,828.0 -0.548897814430987,42.5764384117802,828.521900000007 -0.548940226590515,42.5763706856701,828.831600000005 -0.548985489104434,42.5762935721578,828.0 -0.548986997375794,42.5762426102701,828.0 -0.548953469554426,42.5761255988667,827.0 -0.548952464339641,42.5761165462307,827.0 -0.548956319908816,42.5760236747752,827.0 -0.54898498604786,42.5759520936402,827.0 -0.548976938939527,42.5758313938087,827.0 -0.548874847204129,42.5757021451142,826.671300000002 -0.54886529182447,42.5756154759835,826.0 -0.548866968979084,42.5755090263498,826.0 -0.548872667891271,42.5754260455194,826.0 -0.548881553127728,42.5753393766665,826.0 -0.548892114620536,42.5752289025958,826.0 -0.54892664765669,42.5751814610591,826.0 -0.549005940150188,42.5751058563067,825.598899999997 -0.549017674842739,42.5750250552842,826.0 -0.549024548751295,42.5749984003041,825.516799999998 -0.549090262310935,42.574887591565,825.0 -0.54912094067621,42.5748089692886,825.0 -0.549204088738917,42.5747112363926,825.0 -0.549182966651631,42.5746113243077,825.0 -0.54923845468841,42.5745223085812,825.0 -0.549243148385778,42.5744490507585,825.0 -0.549229066395378,42.5743952388631,825.0 -0.549226384924275,42.5742438613187,824.662800000006 -0.549224708667958,42.5741449553209,824.0 -0.549247674996518,42.5740317993057,824.0 -0.549297463222814,42.5738995329773,824.0 -0.549319256351598,42.5738321428106,824.0 -0.549338870167524,42.573811690442,824.0 -0.549349095690385,42.5737188195232,824.0 -0.549383964696453,42.5736125366645,823.684599999993 -0.549403075455804,42.5734879815473,823.0 -0.54942285635839,42.5734110358065,823.0 -0.549466106646044,42.5732985505746,823.0 -0.549532659232172,42.5732011526928,823.0 -0.549549255607048,42.5731584051682,823.0 -0.549577418689517,42.5731332596685,823.0 -0.549575742433199,42.5731066052028,823.0 -0.549558307930165,42.5729996518287,822.891000000003 -0.5495603192581,42.5729927784929,822.768899999995 -0.549550596791781,42.5728771085386,822.053 -0.549556631673848,42.5728652061992,822.0 -0.549465771574426,42.5727250604805,822.0 -0.54936720033662,42.5725619491464,822.0 -0.549334511541741,42.5724871826963,822.0 -0.549400560173031,42.5724053747247,822.0 -0.549409780481106,42.5723555865404,822.0 -0.549450852354198,42.5723021102246,822.0 -0.549461412948676,42.5722203026719,822.0 -0.54951723695537,42.5721343041377,822.0 -0.54955143491994,42.5720667460161,822.0 -0.549598038618558,42.5719990204507,821.0 -0.549620836962161,42.571974880693,821.0 -0.549708176563958,42.5718758063719,821.0 -0.549843795222427,42.5717854497553,821.0 -0.549890566906003,42.5717592981509,821.0 -0.549917053732155,42.5717304639616,821.0 -0.549924596885582,42.5717074976851,821.0 -0.550054684616822,42.5716810106432,821.0 -0.550068765708892,42.5716622352546,821.0 -0.550065581181214,42.5716437952653,821.0 -0.550051331205857,42.571610267998,821.0 -0.550020485753956,42.5715220901405,821.0 -0.549979917835735,42.571445982143,821.0 -0.549939684989098,42.5714320684175,820.874599999996 -0.549922417572724,42.5714080964741,820.350300000006 -0.549822170078567,42.5714141311385,820.247000000003 -0.549809932329475,42.5714263684993,820.219700000001 -0.54979031941188,42.5714563757575,820.485400000005 -0.54975477936428,42.5714370975231,820.074099999998 -0.549738350974362,42.5714161429137,820.0 -0.549707673507417,42.5713693719355,820.0 -0.549691412204125,42.5713326591507,820.0 -0.549693424430357,42.5712654362294,820.0 -0.549692921373816,42.5712471634955,820.0 -0.549681521752849,42.5711814494844,819.434399999998 -0.549685042250474,42.571140378275,819.0193 -0.549656376111431,42.5710399629805,819.0 -0.549667943717355,42.5709410565326,819.0 -0.549720581399744,42.5708629373563,819.0 -0.54972745440997,42.5707742563202,819.0 -0.54971622277396,42.5707120626227,819.0 -0.549693089358773,42.5706976459492,819.0 -0.54958462677136,42.5706456785504,819.0 -0.549569874637759,42.5706242208904,819.0 -0.549553949304415,42.5706264000654,819.0 -0.549533665345288,42.5706215382689,819.0 -0.549403745599005,42.5705670562189,819.0 -0.549239962959803,42.5705115678885,819.0 -0.549132507383803,42.570431604404,819.018599999996 -0.549090095224308,42.5704180258636,819.0 -0.548980962493693,42.5703425886658,819.0 -0.548948943842015,42.5703157662939,819.189299999998 -0.548866465922543,42.5702116634412,820.0 -0.548661276338598,42.570168747815,819.0 -0.548638645979953,42.5701595276003,819.0 -0.54855600007549,42.5700822469707,819.367599999998 -0.548471007771542,42.5700049655839,820.0 -0.548439994334649,42.5699907161231,819.918999999994 -0.548329353332675,42.5699511538234,819.017399999997 -0.548136234411228,42.5699313723334,819.0 -0.548014528859904,42.5698532532156,819.0 -0.547892321150336,42.5697707749288,819.0 -0.547786205860772,42.5696708628681,819.0 -0.547709762823334,42.5696235891115,819.0 -0.547673720617524,42.5696188952755,819.0 -0.547465849562476,42.5696048137652,818.619099999996 -0.547340791498484,42.5695892232108,818.455400000006 -0.547307431662107,42.5696009581366,818.008700000006 -0.547286979718022,42.5695442959824,818.281799999997 -0.547286476661481,42.5694514246634,819.491500000004 -0.54724004094782,42.5693994568879,819.0 -0.547166280279814,42.5692539472831,819.0867 -0.547158401156473,42.5691989619039,819.310700000002 -0.547153707459105,42.569152693383,819.203899999993 -0.547166280279814,42.5691077665018,819.217799999999 -0.547221768316627,42.5690864763528,819.051800000001 -0.547320004482816,42.5691062581108,819.0 -0.547399129889687,42.5690990495888,819.266600000003 -0.547383706714554,42.5690903320131,819.075500000006 -0.547433159869266,42.5690819505164,819.129300000001 -0.547621921063293,42.5690452377084,819.0</coordinates>
</LineString>
</Placemark>
</Folder>
</Document></kml>
