<?xml version="1.0" encoding="UTF-8"?>

<kml xmlns:xsd="http://www.w3.org/2001/XMLSchema" xmlns:gx="http://www.google.com/kml/ext/2.2" xmlns:atom="http://www.w3.org/2005/Atom" xmlns="http://www.opengis.net/kml/2.2">
<Document>
<name>FR12a_01a_royan-sanguinet</name>
<visibility>1</visibility>
<Schema name="FR12a_01a_royan-sanguinet" id="kml_schema_ft_FR12a_01a_royan-sanguinet">
<SimpleField type="xsd:string" name="id">
<displayName>id</displayName>
</SimpleField>
<SimpleField type="xsd:string" name="nombre">
<displayName>nombre</displayName>
</SimpleField>
<SimpleField type="xsd:double" name="longitud">
<displayName>longitud</displayName>
</SimpleField>
<SimpleField type="xsd:string" name="_formato">
<displayName>_formato</displayName>
</SimpleField>
</Schema>
<Folder id="kml_ft_FR12a_01a_royan-sanguinet">
<name>FR12a_01a_royan-sanguinet</name>
<Placemark id="kml_1">
<name>&lt;img height='20' src='https://nco.ign.es/iconos/icono_todos_caminos_azul.png' /&gt;&lt;img height='20' src='https://nco.ign.es/iconos/Camino Santiago_20.png' /&gt;&lt;img height='20' src='https://nco.ign.es/iconos/icono_todos_caminos_azul.png' /&gt;  Camino de Santiago </name>
<visibility>1</visibility>
<description><![CDATA[<!DOCTYPE html>
<html>
<head>
<style>
#nco {
  border-collapse: collapse;
  overflow:hidden;
}
#nco th, #nco td {
  padding: 4px;
  text-align: left;
}
#nco th {
  color: #364B5F;
  padding-right: 5px;
}
#nco td {
  color: rgb(51, 51, 51);
  font-size: 12px;
  padding-right: 5px;
}
</style>
</head>
<body>
<table id="nco">
<tr>
<td>Chemins vers Via Turonensis</td>
</tr>
<tr>
<th><b>Camino: </b></th>
<td>FR12a Chemin Voie Littorale - Royan - Irun</td>
</tr>
<tr>
<th><b>Etapa: </b></th>
<td>01a Royan-Sanguinet</td>
</tr>
<tr>
<th><b>Longitud: </b></th>
<td>208.5 km</td>
</tr>
</table>
</body>
</html>]]></description>
<Style>
<IconStyle>
<scale>0.8</scale>
</IconStyle>
<LabelStyle>
<color>ffffffff</color>
<scale>0.75</scale>
</LabelStyle>
<LineStyle>
<color>ffff0000</color>
<width>3.0</width>
<gx:labelVisibility>1</gx:labelVisibility>
</LineStyle>
<PolyStyle>
<color>66ff0000</color>
</PolyStyle>
</Style>
<ExtendedData>
<SchemaData schemaUrl="#kml_schema_ft_FR12a_01a_royan-sanguinet">
<SimpleData name="id">FR12a_01a</SimpleData>
<SimpleData name="_formato">kml</SimpleData>
</SchemaData>
</ExtendedData>
<LineString>
<extrude>0</extrude>
<tessellate>1</tessellate>
<coordinates>-1.02738998790776,45.6197460181542,0.0 -1.02661801527848,45.6192360629389,0.0 -1.02567404491667,45.6189960055342,0.0 -1.02524707117054,45.6185160579137,0.0 -1.02520398796951,45.6180959570414,0.0 -1.02661801527848,45.617195069738,0.0 -1.02782199132118,45.6164750642666,0.0 -1.02987991665271,45.6152139234123,0.0 -1.03095397384746,45.6144630722666,0.0 -1.03219700953702,45.612993053795,0.0 -1.06210900496812,45.5692069979629,0.0 -1.06245802740546,45.5684769340717,0.0 -1.06341306141828,45.56805297763,0.292000000001281 -1.06427991770114,45.5676600337515,0.582399999999325 -1.06436993967241,45.5676399171203,0.750199999994948 -1.06437999721034,45.5676399171203,0.791500000006636 -1.0643969286568,45.5676300267132,0.813399999999092 -1.06442006297032,45.5676300267132,0.907300000006217 -1.0644299534216,45.5676399171203,0.99659999999858 -1.06443699441678,45.5676399171203,1.02550000000338 -1.06444705285301,45.5676499754368,1.13039999999455 -1.06448007761781,45.5676799824644,1.46360000000277 -1.06451997539286,45.5677500553991,2.11010000000533 -1.0644299534216,45.5678600261802,2.49120000000403 -1.06440899931927,45.5678799748221,2.54790000000503 -1.06433993234866,45.5679699967461,2.76559999999881 -1.06433004099906,45.5679800550035,2.72430000000168 -1.0643070746705,45.567989945349,2.62829999999667 -1.06428997613738,45.5680100618547,2.55689999999595 -1.06419006371487,45.5680499596538,2.13959999999497 -1.06402996955818,45.5681200327558,1.69180000000051 -1.06380701039962,45.5682199446,2.08789999999863 -1.06330007311849,45.5684400539024,0.564299999998184 -1.06314903128492,45.5685200167699,0.791500000006636 -1.06310997163806,45.5685399658063,0.827499999999418 -1.06303000810303,45.5686199291604,0.763600000005681 -1.06295004456803,45.5686900021801,0.721000000005006 -1.06278894429823,45.5688299800498,0.264100000000326 -1.06272691832281,45.5688599870759,0.0938000000023749 -1.06270998687635,45.568870045174,0.0553000000072643 -1.0626989232253,45.568870045174,0.0507999999972526 -1.06268702054779,45.5688799359916,0.022899999996298 -1.06268702054779,45.5689000521787,0.066900000005262 -1.06267997955257,45.568909942991,0.131099999998696 -1.06266992201467,45.5689200010801,0.196500000005472 -1.06264695568611,45.5689600667689,0.45679999999993 -1.0626370643365,45.5689999645221,0.716000000000349 -1.0626370643365,45.5690400301538,0.97620000000461 -1.06264695568611,45.5690700376966,1.02129999999306 -1.06266003066506,45.5691000445944,1.02129999999306 -1.06267997955257,45.5691500009249,1.02129999999306 -1.06270998687635,45.5691699497375,1.02129999999306 -1.06272691832281,45.5691900664496,1.02129999999306 -1.06273697675904,45.5691900664496,1.02129999999306 -1.06277704251902,45.5692200732834,1.05240000000049 -1.0628600234951,45.5692400227,1.58379999999306 -1.06289992127012,45.56925008073,1.8926000000065 -1.06298005189177,45.5692700295071,2.4826999999932 -1.06307996431431,45.5692799202543,3.03840000000491 -1.06322698259372,45.5693099276689,3.70630000000529 -1.06336696077623,45.5691999572109,3.78100000000268 -1.06342999286477,45.5691500009249,3.62619999999879 -1.06367005055645,45.5689300597962,4.20759999999427 -1.06373995565525,45.568870045174,4.38450000000012 -1.06387993293944,45.568720009281,4.28800000000047 -1.06398001334693,45.568610038297,4.13550000000396 -1.06404908031754,45.5685200167699,4.36010000000533 -1.06414999795486,45.568410046652,4.83909999999742 -1.06443699441678,45.5680199528238,3.2155000000057 -1.06458904236346,45.5678300186199,3.03859999999986 -1.06465995267705,45.5677500553991,2.55229999999574 -1.06471694988352,45.5676900407738,2.45930000000226 -1.06497695646271,45.5674099180099,2.43760000000475 -1.06502003966374,45.5673599613896,2.11669999999867 -1.06505004698748,45.5673100053537,1.88880000000063 -1.06515700040523,45.5671200712648,2.59979999999632 -1.0651900242717,45.5670600572242,2.73709999999846 -1.06530904745359,45.5668399481741,2.63800000000629 -1.06537995866547,45.5666900798037,2.98390000000654 -1.06563007479342,45.5663299930997,3.82229999999981 -1.06583006672512,45.5660299211795,4.85099999999511 -1.06609007330432,45.5656399950907,6.13689999999769 -1.06617003683935,45.5656700025631,6.07690000000002 -1.06657907392417,45.5658099797829,6.00179999999818 -1.06665702523294,45.5658399871646,6.1478000000061 -1.06669692300799,45.5658399871646,6.32889999999315 -1.06673698876797,45.5658699945302,6.44710000000487 -1.06677705452794,45.5659000018797,6.58160000000498 -1.06681996974401,45.5659600159019,6.68730000000505 -1.06684897095464,45.5660200304889,6.66719999999623 -1.06687696695048,45.5661199429238,6.5795999999973 -1.06689993327904,45.5662099645239,6.5795999999973 -1.06690999081695,45.5662500302591,6.52469999999448 -1.06696698802342,45.5663700587492,6.32480000000214 -1.06702901399884,45.5664800290876,6.26279999999679 -1.06707997632324,45.5665799419622,6.39650000000256 -1.0671190359701,45.566669963454,6.50190000000293 -1.06714703106761,45.5667400357619,6.68730000000505 -1.06720905794136,45.5668399481741,7.02790000000095 -1.06727695081389,45.5669400283217,7.47319999999308 -1.06730997557869,45.5670099330086,7.70059999999648 -1.06738893300057,45.5670600572242,7.75079999999434 -1.0674400624116,45.5670300498654,7.74099999999453 -1.06746705229432,45.5670300498654,7.7497000000003 -1.0675299163979,45.5670499988021,7.83400000000256 -1.06763703780058,45.5671200712648,8.10830000000715 -1.06775991655168,45.5671899763565,8.28560000000289 -1.06790006182083,45.5672600492735,8.30869999999413 -1.06815000996379,45.5673599613896,8.36209999999846 -1.06842007497925,45.567449983518,8.50179999999818 -1.06863699835741,45.5674999394294,8.45230000000447 -1.06881704140161,45.5675299465372,8.59799999999814 -1.06908693933041,45.5675200561107,8.64380000000529 -1.06930704813458,45.5674999394294,8.65619999999763 -1.06972899311173,45.5673899685721,8.68910000000324 -1.06979705396925,45.5673700197562,8.76900000000023 -1.0697799545378,45.5673100053537,8.875 -1.06979705396925,45.5673700197562,8.76900000000023 -1.07014004152449,45.5672600492735,8.86010000000533 -1.07071906321728,45.5670600572242,10.0353999999934 -1.07115693352781,45.5668999624498,10.3374999999942 -1.07172002988726,45.5667299779114,10.4091000000044 -1.072199978184,45.5665799419622,10.6732999999949 -1.07227005036942,45.5665599928586,10.7367999999988 -1.07254698839507,45.5664899203261,10.729800000001 -1.07276693011262,45.5664500220479,10.3491000000067 -1.07295703159305,45.5663799493782,10.0124999999971 -1.07336992424708,45.566200073865,9.99109999999928 -1.07377896043361,45.5659900232034,10.2885999999999 -1.07442000900015,45.5655999295493,11.3647000000055 -1.07437994324014,45.5655699220395,11.4103000000032 -1.07434691847535,45.565549973206,11.4176000000007 -1.07461698349081,45.5653600394551,11.5274999999965 -1.07532994848405,45.5649099313776,12.0969000000041 -1.07589991785372,45.5645800193003,12.1876000000047 -1.07664708081149,45.5641599182835,12.3944000000047 -1.07744906076455,45.5636600218098,11.4315000000061 -1.07799706991878,45.5633599494639,10.8521000000037 -1.07808692390508,45.5632900446374,10.7752000000037 -1.078137047203,45.5632999351798,10.7670999999973 -1.07808692390508,45.5632900446374,10.7752000000037 -1.07821701073799,45.5632000227607,10.7605999999942 -1.0784069451318,45.5630300377181,10.8883999999962 -1.07854893464221,45.5628999511025,11.281799999997 -1.07884699475518,45.5625799298402,11.8747000000003 -1.07920708174187,45.5621700549288,12.3295999999973 -1.07926893973234,45.5621100406314,12.3858999999939 -1.07963992238512,45.5616599323012,12.9377999999997 -1.07978995900387,45.5614899470015,13.1698000000033 -1.08004007513179,45.5611999332284,13.0500999999931 -1.0803299210498,45.5608599631049,12.2437000000064 -1.08046000788271,45.560730043799,12.1025999999983 -1.08059998606523,45.5605600588307,11.5571999999956 -1.08091698985089,45.5601999724586,10.891300000003 -1.08122007963114,45.5598700603968,10.5945999999967 -1.08143901433724,45.5596300030589,10.8515000000043 -1.08176004167707,45.5592600257642,11.6836000000039 -1.08190001896126,45.5591099893627,12.0197999999946 -1.08203999714377,45.5589400045249,11.321299999996 -1.08231693516946,45.5586499907982,10.5142000000051 -1.08259705862112,45.5583299698584,10.2896999999939 -1.08288992198018,45.5580000581384,10.2967999999964 -1.08308706445579,45.557760000359,10.347299999994 -1.08316803320561,45.5576699784273,10.3239000000031 -1.08340691769755,45.5574200301781,10.2207999999955 -1.08367698271297,45.5571400744655,9.80019999999786 -1.08403706880137,45.5567600393813,9.57000000000698 -1.08406808223823,45.5567399226209,9.58819999999832 -1.08474701635355,45.5559800193349,10.7507999999943 -1.08522998209134,45.5554600058262,10.4413999999961 -1.08551697765493,45.5552600139135,10.1600999999937 -1.08579995146101,45.5550400724978,10.2345999999961 -1.08656907463423,45.554559957042,8.90189999999711 -1.08717005744076,45.5542000385402,9.32080000000133 -1.08776701579483,45.5538099447963,10.6405999999988 -1.08846992235184,45.5533900110895,11.7883000000002 -1.08879698457373,45.5531900187295,13.3147999999928 -1.08915003056524,45.5529600195905,13.9820999999938 -1.09016893389646,45.5523600427046,14.3885000000009 -1.09050001967252,45.5521499925092,14.0865000000049 -1.09065994584425,45.5520500803924,13.5326999999961 -1.09073001892797,45.551999956624,13.2339000000065 -1.0909900255072,45.5518400296676,12.6888000000035 -1.09122807187094,45.551689993584,12.5302999999985 -1.09136704394034,45.5515900812785,12.4358000000066 -1.09145706501328,45.5515300670037,12.7989999999991 -1.09154004598936,45.5514599939677,13.0139000000054 -1.09158799087268,45.551399979554,13.171199999997 -1.09166007528433,45.5513200162226,13.4038 -1.09171992194689,45.5513300749448,13.7311000000045 -1.09176803391687,45.5513399650762,13.9937000000064 -1.09182704245124,45.5513500237947,14.3540000000066 -1.0918669402263,45.5513200162226,14.5721000000049 -1.09190700598627,45.5512700603923,14.8021000000008 -1.09197992852609,45.551169980009,15.299199999994 -1.09208704903047,45.5510400609447,15.9713000000047 -1.09222702721299,45.5508499592469,16.3773999999976 -1.09247999279699,45.5505299379209,16.777900000001 -1.09255995633199,45.5504399163593,16.7217999999993 -1.09278995558747,45.5501200631783,16.9765000000043 -1.09309991837792,45.5496600639952,17.1769000000058 -1.09336998339338,45.549319926543,17.6361000000034 -1.09338892616777,45.5492999776015,17.6217000000033 -1.09347006290255,45.5491700579892,17.9054999999935 -1.09353695056029,45.5490699782702,18.1967000000004 -1.09382998190428,45.5487199498018,18.4250000000029 -1.09403902705743,45.5484700013774,18.2614999999932 -1.09433691918541,45.5480899661671,17.5285000000003 -1.09452702066584,45.5478500761736,17.2502999999997 -1.09470706460834,45.5475999603138,16.8628999999928 -1.09478702724503,45.5475000476578,17.1638999999996 -1.09482994335943,45.5474499242354,17.2473999999929 -1.09501702739881,45.5471000637169,16.2057000000059 -1.09505005216361,45.5470400490515,16.1015999999945 -1.09508005858905,45.5469599178354,15.5700999999972 -1.095157004683,45.5468100492803,14.5081999999966 -1.09529899419345,45.5465200358641,14.1198000000004 -1.09536001495409,45.5463399923345,13.8524999999936 -1.09542706969846,45.5460799856206,13.2612999999983 -1.09547903723765,45.5459200588057,12.3567000000039 -1.09551692368477,45.5457599648176,12.4992999999959 -1.0955799557733,45.5454600604816,11.2094999999972 -1.09569696672893,45.5450300687105,12.4098999999987 -1.09578698870019,45.5447199382599,14.2424000000028 -1.09580995502875,45.5445100551744,14.3484999999928 -1.09583895623938,45.5444099753373,14.290599999993 -1.09586007922496,45.5443100633028,14.4033000000054 -1.09587701067145,45.5442500488045,14.5053000000044 -1.09594004186166,45.5440899544644,14.4934000000067 -1.09600692951941,45.5438500643874,13.7259000000049 -1.09608002004418,45.543610006562,13.0749999999971 -1.09613701725065,45.5433699489699,11.8623999999982 -1.09621999822669,45.5433099347264,11.9033999999956 -1.096289064299,45.5432499197895,11.9407999999967 -1.09640004127089,45.5431500075809,11.7170000000042 -1.09718693401876,45.5423399806807,11.9700000000012 -1.09726002454353,45.5422900244192,12.0915999999997 -1.09727695598999,45.5422600170436,12.0322000000015 -1.0977099646182,45.5418000183416,12.7544999999955 -1.09787995012446,45.5416499825123,13.338499999998 -1.09804993473242,45.5414699391146,14.0445000000036 -1.09817700502261,45.5413299610286,13.4809999999998 -1.09841002171911,45.5409199185322,13.5470999999961 -1.09853692312604,45.5406899188883,14.0348999999987 -1.09893707587271,45.5399999206033,15.9655999999959 -1.09919792058009,45.5395300313364,15.6928999999946 -1.09934695108573,45.5392700245858,14.0439000000042 -1.09951006268343,45.5390500835168,14.3221999999951 -1.09963998242971,45.5388499237304,14.3699000000051 -1.09985992324893,45.5386199244277,15.7406999999948 -1.10001699996457,45.5384799467968,16.3031000000046 -1.10014691971085,45.5383699757683,16.1823000000004 -1.10023694078378,45.5382799542381,16.4979000000021 -1.1003769189663,45.5381800420063,16.7051999999967 -1.10060691822175,45.5380499551208,16.3478000000032 -1.1008099275945,45.5379399845099,15.9418000000005 -1.10091704899718,45.5378900281141,15.4648000000016 -1.10075008093194,45.5378700795209,16.1630000000005 -1.10068000874652,45.5378700795209,16.1630000000005 -1.10072895884469,45.537759941187,16.1630000000005 -1.10084999335448,45.5376000146138,15.6347999999998 -1.10092995688951,45.5375099924801,15.3464999999997 -1.10117906690431,45.5372499858269,14.7762999999977 -1.10144007959662,45.5369700303173,14.8423000000039 -1.1016499619796,45.5367400308758,15.2798999999941 -1.10179999859838,45.5365700463326,14.9998999999953 -1.10194701687775,45.536420009761,14.3779000000068 -1.10210007093755,45.5362500248797,13.9133000000002 -1.10222697234449,45.5361199379339,13.2630000000063 -1.10235706007573,45.5359799603719,13.0173000000068 -1.1024799388268,45.5358599311456,12.8948999999993 -1.10257700089494,45.5357499606562,12.9177999999956 -1.10273994540602,45.5355799756371,13.2580000000016 -1.10295904809708,45.5353399177378,13.3595000000059 -1.10314998770567,45.5351099185506,13.1058000000048 -1.10327001700067,45.5349699409914,12.8853999999992 -1.10345006004484,45.5348100140343,13.0200000000041 -1.10359992867866,45.5346400293202,13.101999999999 -1.10379707025594,45.534449927534,13.4677999999985 -1.10396001476702,45.5342900009859,14.0292999999947 -1.10414994916082,45.5340900086273,14.4355000000069 -1.10419001402247,45.5340400525867,14.5650000000023 -1.10428707698892,45.5339399723606,14.702099999995 -1.10442705427314,45.5337800456207,14.401199999993 -1.10466895620609,45.5335099805776,14.3940000000002 -1.10510699450158,45.5330099165299,15.6747999999934 -1.10550697926329,45.5325700342722,17.3894 -1.10586002435647,45.5322099479027,16.8261999999959 -1.10595691933795,45.5321299843322,16.4036000000051 -1.10607996607401,45.5320699700474,16.0301999999938 -1.10622698435341,45.5319900062779,16.0478000000003 -1.10636696253593,45.5318999852318,15.6542999999947 -1.10650995726117,45.531800072362,14.5102000000043 -1.10661003766866,45.5316599273556,13.225099999996 -1.10667692532641,45.5315100589179,12.9143999999942 -1.10681707059555,45.5313499641706,12.4557000000059 -1.10703701141477,45.5310599502934,12.2301000000007 -1.10717698959728,45.5309000241737,12.3996999999945 -1.10742995518129,45.5306500758112,13.2762999999977 -1.10766699543196,45.5303699521459,12.4410000000062 -1.10768996176052,45.5303500034022,12.4207000000024 -1.10772902140738,45.5303300546514,12.5758999999962 -1.10776707494113,45.5303199959474,12.728099999993 -1.10780697271615,45.5303099378709,12.8672999999981 -1.10788006324092,45.530300047186,13.0632000000041 -1.1079300194522,45.5302100253229,13.1923999999999 -1.10796991722722,45.5301500108772,13.0034000000014 -1.10805993919849,45.5300199242946,12.7084999999934 -1.10823998224265,45.5297899247462,13.3295999999973 -1.10882001004859,45.5290400797766,17.533500000005 -1.10896904055422,45.5288900432534,18.664300000004 -1.10912997283903,45.5287800729796,19.2553000000044 -1.10932996477074,45.5286600441192,18.7397999999957 -1.1096000297862,45.5285500733958,18.7989999999991 -1.10983707003683,45.5284999494408,17.8001999999979 -1.11009707661606,45.5284600518784,17.3420999999944 -1.11051902159321,45.5284199862594,15.6661000000022 -1.11116996061103,45.5283400229645,12.4233999999997 -1.11154697814588,45.5282699505995,10.5503999999928 -1.1118170431613,45.5282000449175,10.4040999999997 -1.11195903267176,45.5281499212799,10.0850999999966 -1.11203698398052,45.5281100234692,9.87979999999516 -1.11216003071658,45.5280399508177,9.62410000000091 -1.11221702792305,45.5279799365739,9.58749999999418 -1.11230704899598,45.527890082174,9.53320000000531 -1.11230704899598,45.5278800242922,9.55289999999513 -1.11230704899598,45.5278699657794,9.57270000000426 -1.11225692569807,45.5278399588895,9.73949999999604 -1.11222892970222,45.5278200098778,9.8012000000017 -1.11221702792305,45.5278099513542,9.82739999999467 -1.11220998692783,45.527800060859,9.84279999999853 -1.11221702792305,45.5277799444322,9.82739999999467 -1.11230704899598,45.5276899223117,9.62919999999576 -1.11237008108452,45.5276000687071,9.66509999999835 -1.11240897364475,45.5275400539939,9.67489999999816 -1.11243696874226,45.5274500327481,9.83879999999772 -1.11245993507079,45.5272899384017,10.008600000001 -1.11245993507079,45.5271400696477,10.2664999999979 -1.11246999350702,45.526999924358,10.6751999999979 -1.11248692495352,45.5268800628786,10.880799999999 -1.11254995704205,45.5267600343692,10.684500000003 -1.11262707022266,45.5266099980576,11.2035999999935 -1.11270703375769,45.526480078874,11.809500000003 -1.11275698996894,45.5263300424451,11.954700000002 -1.1128470119402,45.526119991905,12.8871000000072 -1.11297693078816,45.5259300583056,13.1227999999974 -1.11311003596045,45.5257699640387,11.8870000000024 -1.11326996213218,45.5255699715919,11.3374999999942 -1.11341999875093,45.525270067181,10.6799000000028 -1.11358897724577,45.5250499580714,10.0166999999929 -1.11369006376635,45.5249699950206,9.75650000000314 -1.11380992417811,45.5248900318561,9.59930000000168 -1.11396700179204,45.5247399955918,9.66629999999714 -1.1141899600523,45.5245299454082,9.02109999999811 -1.11437704409168,45.5243400114751,8.64629999999306 -1.11447695651422,45.5242399309811,8.50759999999718 -1.11461995213779,45.5242699385327,8.37840000000142 -1.11481994406946,45.5240699464176,8.56149999999616 -1.11475892330886,45.5240499973276,8.53280000000086 -1.11410697907626,45.5237799321366,8.65609999999288 -1.11409004762977,45.5237599835732,8.67780000000494 -1.1140670813012,45.5237299763789,8.71349999999802 -1.11405802897809,45.5236999691686,8.73660000000382 -1.1140670813012,45.5236900785802,8.72870000000694 -1.1140670813012,45.5236699619424,8.73639999999432 -1.11501691856015,45.5226899495355,8.79919999999402 -1.11579995573881,45.5219099300029,8.88289999999688 -1.11679002674266,45.5209699830669,10.2967000000062 -1.11727902646422,45.5205299330072,9.99000000000524 -1.11742000986152,45.5203800651258,10.1376000000018 -1.11743694130801,45.5203299408144,10.1376000000018 -1.11743006829776,45.5202699265273,10.1530000000057 -1.11739704353296,45.5202300287925,10.1855999999971 -1.11731993035236,45.5201800724003,10.1944999999978 -1.11739000343611,45.5201599557662,10.2428999999975 -1.11748002450904,45.5201299485401,10.267200000002 -1.11770700632344,45.5200300367924,10.4211000000068 -1.11788000927075,45.5198900588378,10.4612999999954 -1.11789694071721,45.5198699421001,10.4677999999985 -1.117929965482,45.5198399347193,10.4804000000004 -1.11789694071721,45.5198300440816,10.4677999999985 -1.11788705026593,45.5198099279518,10.4565000000002 -1.11788000927075,45.5198000373089,10.4431999999942 -1.11788705026593,45.519779920539,10.4232000000047 -1.11788705026593,45.5197599718161,10.401199999993 -1.11789694071721,45.5197500811643,10.3919000000024 -1.117929965482,45.5197200737196,10.3600000000006 -1.11793700647722,45.5196500013171,10.2666999999929 -1.11795997280578,45.5195799281979,10.1392999999953 -1.11802702755015,45.5192900821153,9.91529999999329 -1.11812995741371,45.5189600029384,9.65069999999832 -1.11823003782121,45.5186599304807,9.55210000000079 -1.11855005814959,45.5183499680427,9.37290000000212 -1.11906705386696,45.517840012925,8.61139999999432 -1.11973006264894,45.5171900798442,8.89410000000498 -1.12069901066721,45.5163500455348,9.7152999999962 -1.12120997150251,45.5157700183481,9.88800000000629 -1.12154994161673,45.5154300478832,9.65850000000501 -1.12200004967635,45.5149499327887,10.4005999999936 -1.12221697305455,45.5147299916585,10.5994000000064 -1.122526935845,45.5144000796103,10.8738000000012 -1.12255007015851,45.5143799634277,10.8417999999947 -1.12297704480295,45.5140299349083,10.3053999999975 -1.12290998916025,45.5139999275604,10.5335999999952 -1.12297704480295,45.5140299349083,10.3053999999975 -1.12318005417571,45.5141000080148,9.92389999999432 -1.12341005343115,45.5141799707782,9.87480000000505 -1.1235790328243,45.5142599346868,10.0195999999996 -1.12378003086912,45.5143400652933,10.284799999994 -1.12410692510606,45.5144500360984,10.5482999999949 -1.12445896498445,45.5146099624052,11.2057999999961 -1.12447908185692,45.514620020771,11.2146000000066 -1.12488996228472,45.514759998617,12.2560999999987 -1.12537896290458,45.5149499327887,12.9101999999984 -1.12554006317438,45.5150000562276,13.0241999999998 -1.12581700120006,45.5151199178398,13.0296999999991 -1.12594004703779,45.5151799319545,12.9994000000006 -1.12620994406826,45.5153499169403,12.6842999999935 -1.12640691945725,45.5154800040864,12.4857000000047 -1.12663893004063,45.5156399312429,12.1912000000011 -1.12684696908063,45.5158000253816,11.7403999999951 -1.12706003688962,45.5159299446804,11.4625999999989 -1.12714000042462,45.5159800685054,11.1603999999934 -1.12743705532277,45.5156999454327,10.8773999999976 -1.12747008008757,45.5156799965222,10.852899999998 -1.12750997786259,45.5156499894247,10.8362000000052 -1.12815001941771,45.5151100270019,10.4168000000063 -1.12848998953194,45.5148200131157,10.4896000000008 -1.12858001150317,45.5147400500028,10.0783999999985 -1.12883700064134,45.5145199412414,10.0342999999993 -1.1294669846585,45.5139900371552,9.73769999999786 -1.12952901063395,45.5139400808883,9.38890000000538 -1.13011993500425,45.5134400165967,7.61289999999281 -1.13022001451342,45.5133600534115,7.63219999999274 -1.13049007952884,45.5131300537321,7.65609999999288 -1.13054707673531,45.5130599813064,7.50190000000293 -1.13060893472578,45.5129900762383,7.454899999997 -1.13063693072162,45.5129399522682,7.56209999999555 -1.1306500065989,45.5129300616767,7.57360000000335 -1.1306769955833,45.5128599890019,7.78040000000328 -1.13071806745639,45.5127699675568,7.94729999999981 -1.13074002767184,45.5126700553305,8.10629999999946 -1.13076701755453,45.5124100484128,8.89999999999418 -1.13080004231932,45.5123000780279,9.23129999999946 -1.13083004964307,45.5121899393513,9.34230000000389 -1.13086692997707,45.5121299251954,9.32439999999769 -1.13094706059873,45.5120100641395,9.45100000000093 -1.13103004157477,45.51189003538,9.56100000000151 -1.13115996132105,45.5117099917609,9.70440000000235 -1.13135693581174,45.5114199779794,10.0584999999992 -1.13146003366026,45.5112800000093,10.0507000000071 -1.13166706658715,45.5109899865301,9.76050000000396 -1.13171702279843,45.5109299717242,9.71480000000156 -1.13210996656496,45.5103600025684,10.0059999999939 -1.13245999421708,45.5098800544818,10.7893999999942 -1.13269904669398,45.5095499755056,11.4517000000051 -1.13315703387698,45.5089000423687,12.0292999999947 -1.13324705494991,45.5087800139017,11.9435999999987 -1.13350002053392,45.5084199269651,12.2255000000005 -1.13375902189833,45.5080499500531,12.4839000000065 -1.1342369579688,45.5073700101177,12.2183999999979 -1.13446695722428,45.5070199814398,11.7722999999969 -1.13448992355281,45.5069799162909,11.7495000000054 -1.13449998198904,45.5069500764244,11.7299999999959 -1.13451993087659,45.5068900623473,11.6833999999944 -1.13451993087659,45.5068800038591,11.6799000000028 -1.13449998198904,45.5067899822927,11.661500000002 -1.13447902698842,45.5067799237866,11.6704999999929 -1.13446695722428,45.5067700333717,11.6726999999955 -1.13443996734156,45.5067400259304,11.6742999999988 -1.13440006956654,45.5067100191026,11.6928999999946 -1.13434994626863,45.5066900701533,11.722299999994 -1.13391006373186,45.5065299759116,11.9397999999928 -1.13316994176927,45.5062699689592,12.4140000000043 -1.13313993444553,45.5062600784547,12.4040999999997 -1.13287003741506,45.5061499399205,12.3941999999952 -1.13229705060434,45.5059499482448,12.159599999999 -1.13227006072161,45.5059199409959,12.190300000002 -1.13224893773603,45.505889933731,12.2106000000058 -1.13222898884852,45.5058599264501,12.2241999999969 -1.13221691908435,45.5058399771995,12.2296999999962 -1.13220702863307,45.5058299191532,12.2318999999989 -1.13220702863307,45.505809969892,12.2336000000068 -1.13220702863307,45.5057900212533,12.2437999999966 -1.13220702863307,45.5057600139192,12.2592000000004 -1.13220702863307,45.5056200363532,12.3102000000072 -1.13248698409981,45.5052700081261,12.5062999999936 -1.1328470710865,45.5048299580582,12.2311999999947 -1.13319005774344,45.5043900757986,11.0645999999979 -1.13362004982893,45.5038400552329,9.91590000000724 -1.13373002068767,45.5037099682543,9.90089999999327 -1.13400695871335,45.5033699979712,9.67570000000705 -1.134417001013,45.5028600431042,9.41710000000603 -1.13446695722428,45.5028000290739,9.36719999999332 -1.13584997109636,45.5010500549087,8.77730000000156 -1.13594703406281,45.5009300260736,8.35689999999886 -1.13635707636245,45.5003999543708,8.18510000000242 -1.13658992597229,45.5001000499143,8.46719999999914 -1.13693006317314,45.4996799492836,9.82270000000426 -1.13724002596362,45.4992900231733,11.6940000000031 -1.14243697391836,45.4927799661462,16.2197000000015 -1.14245004979564,45.4927700757906,16.2618999999977 -1.14328002574451,45.4917600564343,18.5062999999936 -1.1439569476336,45.4909200223117,15.5862000000052 -1.14492908107788,45.4897500759416,16.4570999999996 -1.14545697335964,45.4890800270392,17.1477000000014 -1.1461270231368,45.4882599411794,16.1229000000021 -1.14702707127112,45.4871500100059,15.3243999999977 -1.14735899517535,45.4867399667995,14.5997000000061 -1.1476969530633,45.4863200335286,14.4496000000072 -1.14818897112421,45.4856999403118,13.2173000000039 -1.14825904330963,45.4856199773984,13.2084999999934 -1.14859700209592,45.4851799274249,12.3435999999929 -1.14873697938014,45.4849700444835,11.7428999999975 -1.148759946607,45.4849499278605,11.693299999999 -1.14852894123843,45.4849700444835,11.7994000000035 -1.14842701658966,45.4849700444835,11.7988999999943 -1.14823708309419,45.4849799349491,11.9223000000056 -1.14815695247253,45.4849799349491,11.9845000000059 -1.14805704005003,45.4849700444835,12.065499999997 -1.14752696845537,45.4848800225241,12.2519999999931 -1.14749997857265,45.4848800225241,12.2874000000011 -1.14716704945364,45.484809950202,12.317200000005 -1.14692900308986,45.4847599938609,12.2744999999995 -1.14643698592728,45.4846500229948,12.3399999999965 -1.14603700116554,45.4845700598508,12.8061000000016 -1.14545697335964,45.484450031157,14.1211999999941 -1.14472707691994,45.4842999947727,15.6815999999963 -1.1441369915761,45.4841799661333,15.7428999999975 -1.143376920726,45.484020039657,14.2899000000034 -1.14331992351956,45.4840099808618,14.2415999999939 -1.14333702295098,45.4839799738864,14.2560999999987 -1.1435299738875,45.4836200552071,14.9382999999943 -1.14395007462338,45.4828100275962,16.3938999999955 -1.14437704926781,45.4819899424094,17.6312999999936 -1.14440705659156,45.4819299281801,17.6303999999946 -1.14469991995058,45.4813599589277,16.4915000000037 -1.14527693031544,45.4802999831506,14.3607000000047 -1.14531699607545,45.4802000706138,14.5265999999974 -1.14588998288617,45.4791300372842,18.118100000007 -1.14643698592728,45.4780900107689,18.4082999999955 -1.14686999455549,45.4772900417526,16.7587000000058 -1.14688692600195,45.477239918121,16.5675000000047 -1.14723997199345,45.4765499195186,14.0391999999993 -1.14778697503457,45.4754500466082,12.7259000000049 -1.14843891926717,45.474169962103,14.9244999999937 -1.14900000429871,45.4730499722641,16.5727999999945 -1.14942898937275,45.4721700397771,17.1693999999989 -1.14978907635944,45.4714299177028,16.9542999999976 -1.15002997217928,45.4709600283587,17.2768000000069 -1.15035703440118,45.4703600517141,17.3366999999998 -1.15056993422521,45.4699699578866,16.9873999999982 -1.15066699719166,45.4697699655981,16.7612999999983 -1.15067705472956,45.4697500167913,16.732799999998 -1.15074997726941,45.4696599950825,16.3074000000051 -1.15080697447584,45.4695600832091,15.7678000000014 -1.15089699644711,45.4694600029542,15.150999999998 -1.15116706146253,45.469189937897,13.7358999999997 -1.15263003886964,45.4679400285009,11.5859999999957 -1.1527470498253,45.4678399485194,11.6156999999948 -1.15284897357574,45.4677400365698,11.7648000000045 -1.15289993590014,45.4676800222832,11.718200000003 -1.15292692578283,45.4676300658738,11.6254000000044 -1.152938995547,45.4676099493596,11.5880000000034 -1.1529800665218,45.4675400445592,11.4731000000029 -1.15295005919802,45.467529985972,11.463699999993 -1.15292692578283,45.467529985972,11.4600999999966 -1.15071007949435,45.4673299938461,11.6229000000021 -1.15064000730893,45.4673299938461,11.664499999999 -1.14941691960858,45.4672200229801,13.9217999999964 -1.14903001072413,45.4671900158829,14.5804999999964 -1.14843891926717,45.4671300016407,14.7317000000039 -1.14732999396468,45.4670399801575,13.5580000000045 -1.14642005448079,45.4669600165913,14.1907000000065 -1.14553693689467,45.4668800535416,14.973800000007 -1.14414705001233,45.4667600243332,16.5402000000031 -1.14328706673972,45.4666800609998,14.8160999999964 -1.14215701845162,45.4665799813014,13.8395000000019 -1.14089000942209,45.4664700108622,14.4119000000064 -1.13943994080564,45.4663399232411,14.3364000000001 -1.13780899011851,45.4661999459695,14.292300000001 -1.13704003403191,45.4661399313031,14.340200000006 -1.13619999964682,45.4660599677202,13.7612999999983 -1.13558694707612,45.466010011765,13.1726000000053 -1.13543992879672,45.4659999535348,13.1514000000025 -1.13532995793794,45.4659900628875,13.1668999999965 -1.13494992296204,45.4659499975265,13.3047999999981 -1.13377997689895,45.465849917162,15.3861000000034 -1.1329000447388,45.4657699537976,15.1300999999949 -1.13206906267679,45.4657000492354,14.9269000000058 -1.1313289407142,45.4656299763707,15.6967000000004 -1.13060893472578,45.4655699617275,15.9578000000038 -1.12945692622227,45.4654700495346,14.9373999999953 -1.1285900699394,45.465399977014,14.9030000000057 -1.12716699030735,45.4652700570306,15.3978999999963 -1.125907022273,45.4651500281742,13.787599999996 -1.12422008049251,45.4649999926893,12.1674999999959 -1.11728992302861,45.4644400814389,13.3233000000037 -1.11717693472879,45.4644300229286,13.0249999999942 -1.1140670813012,45.4641100019645,11.366200000004 -1.11282002205751,45.4640000311171,8.92160000000149 -1.11026002112713,45.463729966362,4.10700000000361 -1.11006908151854,45.4637100173077,3.8747000000003 -1.1100169459944,45.4637100173077,3.83359999999811 -1.11000001454791,45.4637100173077,3.82030000000668 -1.10998995611167,45.4637100173077,3.81239999999525 -1.10996698978311,45.4637200759465,3.77659999999742 -1.10995994878793,45.463729966362,3.75250000000233 -1.10991703357186,45.4637799224475,3.69800000000396 -1.10990999257668,45.4637899810739,3.7216000000044 -1.10989993414041,45.4638000390683,3.74529999999504 -1.10987696781188,45.4638000390683,3.74529999999504 -1.10986003636539,45.4638000390683,3.74529999999504 -1.10466895620609,45.4630899241199,1.3405000000057 -1.10299995198521,45.4628699832713,0.839099999997416 -1.10250894003746,45.4628000782633,0.690300000002026 -1.10195707531402,45.4627199473888,0.621799999993527 -1.10101997886074,45.4625999181432,0.89539999999397 -1.10029997287232,45.4625000057269,1.17119999999704 -1.09938701594737,45.4623799772732,1.2670000000071 -1.0987290368327,45.4622800650971,1.47400000000198 -1.09830692387059,45.4622299413468,1.4713999999949 -1.09736697706292,45.4621000216184,0.766300000002957 -1.0968000251343,45.4620200579755,0.726399999999558 -1.09596703174439,45.4619099198649,1.55849999999919 -1.0954599264783,45.4618400149266,1.69500000000698 -1.09473992138817,45.4617399348263,1.68589999999676 -1.09459005275438,45.4617300440617,1.71779999999853 -1.09443699959291,45.4617300440617,1.75280000000203 -1.09402695639493,45.4616700296772,2.10580000000482 -1.09334701706482,45.4615800082959,1.62069999999949 -1.09257001386993,45.4614700375538,1.56949999999779 -1.09213700524172,45.4614100235227,1.6024999999936 -1.09191706442251,45.4613699580569,1.71330000000307 -1.09148992269144,45.4613099432892,1.82180000000517 -1.09113000368971,45.4612599869052,2.12940000000526 -1.09113804989971,45.461240038237,2.13929999999527 -1.09113804989971,45.4612199219629,2.14840000000549 -1.09114693513617,45.4611900824212,2.1530999999959 -1.09117995990097,45.4611099511486,2.19090000000142 -1.09122002476265,45.4609999807499,2.36590000000433 -1.09127702196908,45.4608100466678,2.53109999999288 -1.09136704394034,45.4605599306694,2.44809999999416 -1.09145002401809,45.4603200404084,2.20699999999488 -1.09151892390207,45.4600999318633,1.96390000000247 -1.09155697743582,45.4599700122673,1.7835999999952 -1.09163694097085,45.4596900566173,1.65489999999409 -1.09180994301983,45.459129977953,1.12510000000475 -1.09195696219753,45.4586699788224,1.35400000000664 -1.09201999338777,45.4584699867692,1.93499999999767 -1.092030051824,45.4584299211045,2.01750000000175 -1.09200691840881,45.4583700745953,2.12889999999607 -1.09195696219753,45.4583300088596,2.15810000000056 -1.0918669402263,45.458310060415,2.15810000000056 -1.09173702048001,45.4582899437256,2.17119999999704 -1.09159704319579,45.4582800529859,2.23080000000482 -1.09154691899958,45.4582399871862,2.27559999999357 -1.09151892390207,45.4582099803499,2.33629999999539 -1.09150702122456,45.4581600243698,2.40099999999802 -1.09151892390207,45.4581000099659,2.4652999999962 -1.09155697743582,45.4579799809665,2.52400000000489 -1.09163006796059,45.4577999376186,2.52740000000631 -1.09169896694627,45.4575499891094,2.41890000000421 -1.09180994301983,45.4571999607851,2.14629999999306 -1.09191706442251,45.4567999762535,1.70339999999851 -1.09194807696107,45.4567300712809,1.70339999999851 -1.09196903196169,45.4566900062703,1.70339999999851 -1.09201999338777,45.4566599986091,1.68839999999909 -1.09208704903047,45.4566499406011,1.6585999999952 -1.09220003733026,45.4566599986091,1.60550000000512 -1.09232895096343,45.4566900062703,1.49330000000191 -1.09240707025718,45.4567000642712,1.42609999999695 -1.09247999279699,45.4566900062703,1.39770000000135 -1.09252005855697,45.4566700572454,1.40829999999551 -1.09255995633199,45.4566299915621,1.44040000000678 -1.09258694531639,45.4565800354424,1.48050000000512 -1.0926270110764,45.4564499483146,1.4198999999935 -1.09268903705182,45.4562400654814,1.56620000000112 -1.09280705412059,45.4558699202949,2.07050000000163 -1.09286908099431,45.4557299428623,2.31720000000496 -1.09292004242038,45.4556699283926,2.31579999999667 -1.09295893498062,45.4556199720526,2.31780000000435 -1.09302900716604,45.4555200598698,2.30389999999898 -1.09310997681415,45.4553700239627,2.18450000000303 -1.09321692933358,45.4551899804731,1.94999999999709 -1.09341993960463,45.4548800176875,1.75089999999909 -1.09353695056029,45.4546899161664,1.85550000000512 -1.09355991688885,45.4546399602185,1.9097000000038 -1.09357701632027,45.4545799458491,1.92350000000442 -1.09357701632027,45.4545299898037,1.93859999999404 -1.09355002643758,45.4544899238601,1.949099999998 -1.09349906411317,45.4544500261372,1.99069999999483 -1.09342999714257,45.4544200191745,2.03149999999732 -1.09333997606964,45.4543900115657,2.0685999999987 -1.09301006439165,45.4543299975605,2.09299999999348 -1.09249692424345,45.4542399758027,1.98729999999341 -1.09203793094737,45.4541600123551,2.11960000000545 -1.09173702048001,45.4540899396405,2.49929999999586 -1.09163694097085,45.4540599324862,2.45050000000629 -1.0915700533131,45.4540200344591,2.42999999999302 -1.09148992269144,45.4539600200601,2.46799999999348 -1.09145706501328,45.4539000055973,2.48750000000291 -1.09145002401809,45.4538500495798,2.48540000000503 -1.09145002401809,45.4538099837833,2.49779999999737 -1.09145002401809,45.4537499697909,2.51889999999548 -1.09148003134184,45.4536500574459,2.50759999999718 -1.09152998755309,45.453489963033,2.47119999999995 -1.09163006796059,45.4532400143246,2.40760000000591 -1.09182704245124,45.4527399503714,2.19569999999658 -1.09208000803525,45.4520900175796,2.27959999999439 -1.09226692498801,45.4515700039439,3.19899999999325 -1.09240707025718,45.4512199756816,3.90429999999469 -1.09248904512011,45.4510799980504,4.17759999999544 -1.09253699000346,45.4509799183874,4.40820000000531 -1.0926270110764,45.4508600569868,4.71910000000207 -1.09276698925891,45.4506900720358,4.93949999999313 -1.09287997666041,45.450529977413,5.193299999999 -1.09298005706787,45.4503899999599,5.24719999999797 -1.09303705427434,45.4503100367253,5.19340000000375 -1.09311902913727,45.4502000660598,5.0460000000021 -1.09316697312233,45.4500999860958,4.94759999999951 -1.09322899909775,45.4499700667769,4.88400000000547 -1.09325699509356,45.4498699864047,4.86840000000666 -1.09329001985835,45.4497199505905,4.89440000000468 -1.09331902106898,45.4495600239986,5.04679999999644 -1.09336998339338,45.4493999293192,5.12010000000009 -1.09341993960463,45.4492800683421,5.40690000000177 -1.093486994349,45.4491900467163,5.60610000000452 -1.09357701632027,45.4490899668507,5.82200000000012 -1.09370693606655,45.4489900544428,6.01780000000144 -1.09384708133573,45.4488899742224,6.15159999999742 -1.09415704412617,45.4486899821455,6.1877999999997 -1.09460698420084,45.4484199171624,6.47490000000107 -1.09447706535289,45.4482199253094,5.94719999999506 -1.09434697762165,45.4480499399643,5.8353000000061 -1.09427003152767,45.4479300786394,5.73390000000654 -1.09419006889097,45.4478400573798,5.46790000000328 -1.09412904813036,45.4477599260423,5.21420000000217 -1.09410004691974,45.4477200286001,5.08090000000084 -1.09418001045473,45.4476080462545,5.20780000000377 -1.09427606730806,45.4474729300355,5.33419999999751 -1.09444806324393,45.4473899489268,5.77490000000398 -1.09465006740187,45.4472920483422,6.35839999999735 -1.09482005200983,45.4471200516624,6.49030000000494 -1.09520897312052,45.4469599576204,6.85000000000582 -1.09625000465214,45.4467500747616,5.82319999999891 -1.09652006966757,45.4466300455533,5.7326999999932 -1.09668703773281,45.4465400241096,5.66130000000703 -1.09682902724326,45.4464300536567,5.81560000000172 -1.09690697855202,45.4463499228371,6.03019999999378 -1.09700907028742,45.4462099450942,6.31720000000496 -1.0970699230631,45.4460999739977,6.49880000000121 -1.09710898270996,45.4459799452968,6.994200000001 -1.09710898270996,45.4457600045137,7.47430000000168 -1.09710898270996,45.4456200265675,7.5625 -1.09709892427373,45.4454699901627,7.4606000000058 -1.09708702159622,45.4453700782755,7.28429999999935 -1.09706003261183,45.445250049282,7.3176999999996 -1.09703706538497,45.4451600275269,7.28560000000289 -1.09700907028742,45.4450599474438,7.13959999999497 -1.09697001064056,45.4449199696512,6.93309999999474 -1.09687998866933,45.4447300362394,6.83179999999993 -1.09682902724326,45.4446599631532,6.79760000000533 -1.09675996027262,45.4445600510918,7.02939999999944 -1.09667697929658,45.4444700294961,7.16800000000512 -1.09657991633013,45.4443800077568,6.9545000000071 -1.09645703847736,45.4442499208491,6.64160000000265 -1.0963789191836,45.4441699571032,6.28220000000147 -1.09626006308837,45.4440599864417,5.77439999999478 -1.09621999822669,45.4440100305322,6.07200000000012 -1.09615998357921,45.4439300670766,6.2899000000034 -1.09612997625546,45.4438599942572,6.1643999999942 -1.09610902125481,45.4437999797616,6.04929999999877 -1.09608002004418,45.4436799512091,5.91719999999623 -1.09606996160794,45.4435800386726,5.90869999999995 -1.09606996160794,45.4435099660487,5.96289999999863 -1.09606996160794,45.4434400609896,6.01050000000396 -1.09608002004418,45.4433699881918,6.05000000000291 -1.09609695149067,45.4433200323016,6.11710000000312 -1.09615998357921,45.443230010618,6.37949999999546 -1.09625000465214,45.4431599375593,6.66389999999956 -1.09631706029484,45.4430999235795,6.71980000000622 -1.09634991707468,45.4430699162505,6.74599999999919 -1.09640004127089,45.4430900326967,6.84519999999611 -1.09645703847736,45.443109981483,6.94190000000526 -1.09659701576155,45.4430999235795,6.96769999999378 -1.09681695658076,45.4430699162505,6.88550000000396 -1.0970699230631,45.4430400765585,6.74229999999807 -1.0971990037829,45.4430199600945,6.59799999999814 -1.09735004561646,45.4430000112763,6.44530000000668 -1.09748700635793,45.442989952723,6.40039999999863 -1.09761994354526,45.442989952723,6.40230000000156 -1.09775707137339,45.4430000112763,6.44130000000587 -1.09796997119739,45.4430100691977,6.49060000000463 -1.09817700502261,45.4430300186425,6.52580000000307 -1.09857698888602,45.4430699162505,6.48949999999604 -1.09866701085728,45.4430999235795,6.48099999999977 -1.09871696706854,45.4431299308925,6.46679999999469 -1.0987479796071,45.4431800546037,6.56260000000475 -1.09893707587271,45.443109981483,6.46099999999569 -1.09902692985902,45.4430799747896,6.42110000000685 -1.09985003279765,45.4429500550584,5.88779999999679 -1.10006695617582,45.4429099897124,5.69220000000496 -1.10024699922002,45.4428799822824,5.47319999999308 -1.10046694093756,45.4428699237076,5.40380000000005 -1.10133899397434,45.4428199680048,5.06909999999334 -1.10138995540041,45.4428199680048,5.06900000000314 -1.1012370702239,45.4426699317162,4.85000000000582 -1.10109692405642,45.4425100053048,4.84249999999884 -1.10107999260993,45.4424799976621,4.83199999999488 -1.10104696784514,45.4424000345589,4.78830000000016 -1.10100707007012,45.4422600564693,4.82600000000093 -1.10095007376198,45.4421100205826,4.99009999999544 -1.10210007093755,45.4420500061162,6.82270000000426 -1.10212705992195,45.4420399480237,6.89380000000529 -1.10208498283404,45.4418049191751,7.36229999999341 -1.10206503394653,45.4415340163473,8.01350000000093 -1.10203301529485,45.4413080401884,8.75340000000142 -1.10201206029422,45.4410899430849,9.23330000000715 -1.10199898441694,45.4407429319535,10.2326999999932 -1.10198004164255,45.4404800755145,10.3273999999947 -1.10196897799153,45.4401640780132,10.2712000000029 -1.10202295685862,45.4398019797538,9.96430000000692 -1.10205497551029,45.4395240361629,9.97470000000612 -1.10208498283404,45.4392680526875,9.18880000000354 -1.10204206761797,45.4389820623295,9.38899999999558 -1.10192606187713,45.4387859254713,10.0 -1.10146304592518,45.4386729376745,10.6438999999955 -1.10084194714448,45.4385069759194,9.80229999999574 -1.10032495142711,45.4383420196775,8.41939999999886 -1.09975799949849,45.4382060656202,6.45679999999993 -1.09955498922744,45.438116043971,6.27199999999721 -1.09926497532447,45.4379879685023,5.79709999999614 -1.09901804462252,45.4380330629657,5.75770000000193 -1.09893104099064,45.4378749803684,5.800900000002 -1.09888007866624,45.4375899952677,6.12559999999939 -1.09881905880397,45.4372899234711,6.57749999999942 -1.09876994072084,45.4370299171076,6.82559999999648 -1.09875703193022,45.4368099754703,6.81630000000587 -1.0987479796071,45.4366800564292,7.10929999999644 -1.0987399333971,45.4365400786464,7.51020000000426 -1.09870707571896,45.436420049777,7.93570000000182 -1.09868997718584,45.4363499770853,8.16210000000137 -1.09865795853417,45.4362500648055,8.09500000000116 -1.09859995521458,45.4360500720415,8.62069999999949 -1.09852703267477,45.4358700292845,9.83030000000144 -1.0984780825766,45.4357099348344,9.85640000000421 -1.09843701160183,45.4355800151517,10.0700999999972 -1.09841002171911,45.4353999721557,10.1848000000027 -1.09839694584182,45.4352299866329,10.2995999999985 -1.09839694584182,45.4350400527476,10.3534000000072 -1.09842008015534,45.4348400607381,10.4643999999971 -1.09845897181724,45.4346600172725,10.4713000000047 -1.09850004279204,45.4345200395218,10.6542999999947 -1.09850993414165,45.4344199594753,10.6254999999946 -1.09852703267477,45.4343500545002,10.4458000000013 -1.09851999167955,45.4341899601506,10.3583999999973 -1.0984780825766,45.4339500705554,10.5908999999956 -1.09843701160183,45.4337100128901,10.6965999999957 -1.09839694584182,45.4335400273198,10.7461000000039 -1.0983570480668,45.433400049943,10.7670000000071 -1.09829703341932,45.4331499340432,10.376099999994 -1.09824992756242,45.4329199345856,10.4738999999972 -1.09819997135117,45.4327499491571,10.5898000000016 -1.09816007357615,45.4326200295941,10.635500000004 -1.09809905281551,45.4324599353799,10.5981000000029 -1.09807692461514,45.4323700817044,10.4844000000012 -1.09807005160489,45.4323100669644,10.3757000000041 -1.09803702684009,45.4322200453651,10.1606999999931 -1.09807005160489,45.4321999288258,10.100099999996 -1.09811699037512,45.4321499725013,10.0053999999946 -1.09827892877308,45.4319999368377,9.92570000000705 -1.09852703267477,45.4317199810316,9.59769999999844 -1.0988869516765,45.4313399458932,10.508799999996 -1.09917897690737,45.4310100338928,11.4731999999931 -1.09944904192283,45.4307300782197,12.0151999999944 -1.09959002621846,45.430580042564,12.082899999994 -1.09971893985159,45.4304400647802,12.3178999999946 -1.09982807168391,45.4303800498791,12.3975000000064 -1.09986998168516,45.4303899404683,12.4015999999974 -1.09991792567018,45.4302179439533,12.4418000000005 -1.10008103816622,45.4300080612223,12.7229999999981 -1.10017692703459,45.4298189652447,12.9226000000053 -1.10017692703459,45.429571028613,13.2823999999964 -1.1000049302004,45.4294429532936,13.4213000000018 -1.09967200108139,45.429329965072,13.8313000000053 -1.09933806584924,45.4292550311713,14.0639999999985 -1.09917897690737,45.4292089304638,14.5141000000003 -1.09897395620671,45.4290810226476,14.6395000000048 -1.09866198119,45.4289529474772,15.0654000000068 -1.09843701160183,45.4287650249843,14.8089000000036 -1.09824607109492,45.4286069422718,14.3729000000021 -1.09798606451572,45.4284719936335,13.8659000000043 -1.09774198416817,45.4282979852176,13.7375999999931 -1.09738793206358,45.4281779564703,13.4364999999962 -1.09699901185119,45.4280569219135,13.2842999999993 -1.09672106771239,45.4279290140086,13.1695999999938 -1.09640892560905,45.4278770459412,13.1958000000013 -1.09609795760379,45.427740924191,13.0016000000032 -1.09581096114187,45.4275380819117,12.801999999996 -1.09545607090909,45.4273350724647,12.7336000000068 -1.09511107202591,45.4271840304105,12.8138000000035 -1.09469499394587,45.4270329885825,13.0892000000022 -1.09442492982874,45.4269729738415,12.8986000000004 -1.09410507568869,45.4269429667623,13.1327000000019 -1.09371598838967,45.4269129596672,13.1717000000062 -1.09355706743276,45.42683802571,12.9312999999966 -1.09338892616777,45.4268499274409,13.1276000000071 -1.09320905021024,45.426810029712,13.1848999999929 -1.09295893498062,45.4267800225462,13.0448999999935 -1.09270999205244,45.4267500153644,12.9441999999981 -1.09246993436076,45.4267000592598,12.9373999999953 -1.09231704828592,45.4266799426443,12.9453000000067 -1.09220992778154,45.4266599937233,12.9174000000057 -1.09208704903047,45.4266400447952,13.042300000001 -1.09200691840881,45.4266400447952,13.1518000000069 -1.09194807696107,45.4266499354094,13.1934999999939 -1.09190700598627,45.4266599937233,13.2173999999941 -1.09171992194689,45.4260300097025,12.6166999999987 -1.09158799087268,45.4255599525764,12.4765000000043 -1.09134994450893,45.4247899909634,12.5969000000041 -1.09119705843409,45.4242500287242,12.7480000000069 -1.09106898292908,45.4238099794079,13.1790000000037 -1.09094006929591,45.4233699291834,13.2173000000039 -1.09101701538989,45.4233799874513,13.182799999995 -1.09114693513617,45.4233600386251,13.0671000000002 -1.09115900490034,45.4233600386251,13.056700000001 -1.09124902597327,45.4233399220803,12.977899999998 -1.09133904794454,45.4233000243926,12.9339000000036 -1.09143996648016,45.4232400094659,12.8364000000001 -1.09155697743582,45.4231300389944,12.8080000000045 -1.09166996573561,45.4230299589266,12.9899000000005 -1.09173702048001,45.4229399376581,13.1012000000046 -1.09183995034357,45.4228200765797,13.1989000000031 -1.0918669402263,45.4227800108115,13.2474999999977 -1.09190700598627,45.4227300549766,13.3221999999951 -1.09204698327049,45.4225699604522,13.5081999999966 -1.09221898010465,45.4223999753778,13.6938999999984 -1.09234001461448,45.4222599974846,13.7722000000067 -1.0924469680322,45.4221000706034,14.1742999999988 -1.09257906709138,45.421909969582,14.4664000000048 -1.09266892107765,45.4217099770732,14.7884000000049 -1.09277905902305,45.4215299339663,15.6625000000058 -1.09296999863164,45.4212999344461,16.0813000000053 -1.09313897802481,45.4210999422985,16.6469999999972 -1.09324995409837,45.4209599643346,16.9257999999973 -1.09330695130484,45.4208499938356,17.1285000000062 -1.09332991763337,45.4207500812282,17.2262000000046 -1.09332991763337,45.4206500013551,17.2330999999976 -1.09331902106898,45.420559980075,17.1821999999956 -1.09329001985835,45.4205200823143,17.1196999999956 -1.09326705352979,45.4204699580208,17.0630999999994 -1.09321692933358,45.420370046002,16.8393999999971 -1.09315993302544,45.4202800242755,16.5852000000014 -1.09307007903913,45.420190003036,16.2902000000031 -1.09298005706787,45.4200800322983,15.9790000000066 -1.09283002134745,45.4199499448549,15.8074999999953 -1.09266892107765,45.4198399742801,15.6818999999959 -1.09245702646843,45.4197300041218,15.598800000007 -1.09203793094737,45.4195100625319,15.8301000000065 -1.09155697743582,45.419280063611,16.0167999999976 -1.09118699999785,45.4191000203219,15.1968999999954 -1.09087703720737,45.4189699331428,14.9765000000043 -1.09059791986883,45.4188299549425,14.6300000000047 -1.09045995391254,45.4187600502054,14.540399999998 -1.09045006346127,45.4187600502054,14.5507000000071 -1.09040999770126,45.4187300431744,14.4775999999983 -1.09010707590599,45.4187900572204,14.6272999999928 -1.08990993343038,45.4188500718331,15.0966999999946 -1.08978705467928,45.4188899695129,15.3723000000027 -1.08967004372366,45.4189199770894,15.5227000000014 -1.08962897185053,45.4189399255928,15.5568999999959 -1.08961707007135,45.4189399255928,15.5620000000054 -1.08961707007135,45.4189099186575,15.5461000000068 -1.08959008018863,45.4187999479487,15.4570999999996 -1.08927994941319,45.4187399332827,15.6940999999933 -1.08864996539603,45.4185999557734,16.1346999999951 -1.08798695751238,45.4184200799334,15.9386999999988 -1.0876099390792,45.4183000509912,15.2109000000055 -1.08723996164123,45.4181500150852,14.7090999999928 -1.0869169238718,45.4179800299451,14.6540999999997 -1.08668692371802,45.4178100449237,14.6524999999965 -1.08655700487007,45.4176799579254,14.6107999999949 -1.0864669828988,45.4175399803106,14.6391000000003 -1.08645692446257,45.4175099732618,14.6475999999966 -1.08639992815443,45.4173599371481,14.6824000000051 -1.0863670704763,45.417230017473,14.725099999996 -1.08645005145234,45.4169800689037,14.9651000000013 -1.08657997119863,45.4167500697663,14.9741999999969 -1.0866999995953,45.4165200703226,14.6638999999996 -1.08679002156657,45.416370034101,14.4112000000023 -1.08685003621405,45.4162800123028,14.0908000000054 -1.08694005728698,45.4161599838561,13.4284999999945 -1.08704701070471,45.4160399551542,13.1503999999986 -1.08717005744076,45.4158999772575,12.6304999999993 -1.08731003472498,45.4157700573762,12.0708000000013 -1.08748001933291,45.4156000726385,11.8536000000022 -1.08761999751543,45.4154800440077,11.8029999999999 -1.08772695093315,45.4153900220519,11.761599999998 -1.08783993833464,45.4153199491043,11.7790999999997 -1.08794705973732,45.4152599351537,11.7458000000042 -1.08807697858531,45.4152299275238,11.7415999999939 -1.08818896077198,45.4152200368008,11.7336000000068 -1.08834704360074,45.4151999205087,11.7434999999969 -1.08850998811181,45.4151799713146,11.9458000000013 -1.08869003115601,45.4151199572152,12.3994999999995 -1.08883000933853,45.415080059394,12.8580999999976 -1.08902698382918,45.4149999281945,13.1157999999996 -1.08922999320194,45.414910074471,13.4453000000067 -1.08941992759571,45.4148099943361,13.8757999999943 -1.0895389507776,45.4147100823915,14.2115000000049 -1.08969703360635,45.4145699366137,14.3527999999933 -1.08980901579306,45.4144700242444,14.3785000000062 -1.08990993343038,45.4143099302612,14.3350999999966 -1.09001001383788,45.4141500035629,14.2409999999945 -1.09005695170978,45.4140499233422,14.0280999999959 -1.09010707590599,45.4139699603121,13.7808999999979 -1.09026297942186,45.4139079339449,13.3172999999952 -1.09037999037751,45.4138779268579,13.1926999999996 -1.09050806588252,45.4137800261426,12.8393999999971 -1.09060496086401,45.4136440715634,12.2884000000049 -1.09061904285441,45.4135899248551,12.098800000007 -1.09068006271672,45.4135399684562,11.8925000000017 -1.09076991670299,45.4133200273489,11.471000000005 -1.09109697892492,45.4125299493086,11.180600000007 -1.0912699809739,45.4121899793647,11.1141999999963 -1.09148992269144,45.4116900825386,11.3874000000069 -1.09149796890145,45.4116500170705,11.4314000000013 -1.09148992269144,45.4116900825386,11.3874000000069 -1.09136704394034,45.4116000608475,11.4738999999972 -1.09125992253766,45.4115400460969,11.5672999999952 -1.09117995990097,45.4114999805224,11.7045000000071 -1.09108004747843,45.4114500247973,11.8845000000001 -1.09094006929591,45.4114099591589,12.1270999999979 -1.09079891791365,45.4113799520059,12.2287000000069 -1.09063999695674,45.4113600033542,12.1732000000047 -1.09050001967252,45.411329995544,12.3500000000058 -1.09036993194128,45.411319937652,12.5219999999972 -1.09010003491081,45.4112800396686,12.6998000000021 -1.0895389507776,45.4111900179547,12.6796999999933 -1.08919998587819,45.4111199454713,12.506899999993 -1.089019942834,45.4110899381642,12.5776999999944 -1.08866002383227,45.4110200333047,12.6925999999949 -1.08841996614058,45.4109900259445,13.1646000000037 -1.08830697873909,45.4109700771551,13.3991999999998 -1.08784999677088,45.410919953213,13.9182000000001 -1.08709696691599,45.4106899539882,15.0573000000004 -1.08654007342357,45.4105199684638,14.8509999999951 -1.08608007401438,45.4104299467997,14.7792999999947 -1.08564002439095,45.4103799907588,14.6212999999989 -1.08544003245928,45.4103999397566,14.4412000000011 -1.08518002588006,45.4104500635296,14.2137999999977 -1.08510006234506,45.4104099984431,14.0388999999996 -1.08487894742774,45.4103099185317,13.5565000000061 -1.08467895549607,45.4102100061935,13.377999999997 -1.08435994038247,45.4100599696038,12.9358999999968 -1.08415793622453,45.4099300501614,12.6327000000019 -1.08401007981697,45.4098499192223,12.5829999999987 -1.08386892843468,45.4098100214618,12.5215000000026 -1.08376700468424,45.4097600655033,12.4084000000003 -1.08371704847295,45.4097500073316,12.3594000000012 -1.08368905247714,45.4097399485276,12.3257000000012 -1.08370799614983,45.4095500146371,12.2981 -1.08372995636528,45.4093899205811,12.0469000000012 -1.08374001480151,45.4093000667609,11.8726000000024 -1.08375007323774,45.4092199355587,11.7909000000072 -1.08376700468424,45.4091500302767,11.854800000001 -1.08383003587444,45.4090400601113,11.9113999999972 -1.08398694550345,45.4088100601685,11.3000999999931 -1.08420705430763,45.4085200463747,10.5535999999993 -1.08443705356307,45.408189967584,9.38529999999446 -1.0845889335248,45.408009924253,8.87889999999607 -1.08478892635481,45.4077899830526,8.71869999999763 -1.08490996086463,45.4076800121313,8.90129999999772 -1.08504993814882,45.4075599836956,9.13649999999325 -1.08519695732655,45.4074600709077,9.31669999999576 -1.08538705880698,45.4073400420046,9.83340000000317 -1.08557900452868,45.4072399623297,10.0454999999929 -1.08569702159742,45.4071799479916,10.2978000000003 -1.0858599652102,45.4070899260494,10.360400000005 -1.0860500666906,45.4069600067129,10.3316999999952 -1.08625994997191,45.4067799632455,10.3396000000066 -1.08647905266297,45.4065999204656,10.3359000000055 -1.0866999995953,45.4064200448736,10.1747000000032 -1.0868899339891,45.4062599501452,9.88569999999891 -1.08734004204873,45.4059199803015,9.4948000000004 -1.08772695093315,45.4056100173847,9.22830000000249 -1.08798695751238,45.4053800179812,8.85020000000077 -1.08818896077198,45.4052199234588,8.7609999999986 -1.08830697873909,45.4051000626069,8.95819999999367 -1.08852691955831,45.4049000704773,9.33599999999569 -1.08866706482745,45.4047899318396,9.77929999999469 -1.08886001666227,45.4046499544405,9.75950000000012 -1.08906000859398,45.4045099766946,9.97070000000531 -1.089219935664,45.4044100641883,9.68820000000414 -1.08956694587511,45.4041899557094,9.13340000000608 -1.0897800136841,45.4040600360102,9.02069999999367 -1.08988696710182,45.4039800727119,8.94060000000172 -1.08999995540161,45.4038999415312,8.95679999999993 -1.09016893389646,45.4038000292075,9.02529999999388 -1.09037697293646,45.4036399352532,9.05509999999776 -1.09055701687899,45.4035400224696,8.96570000000065 -1.09064703795192,45.4034800079849,8.93940000000293 -1.09074996781548,45.403400045127,8.91899999999441 -1.09085993867425,45.4032999647789,8.75389999999607 -1.09092799953177,45.4032000526555,8.61479999999574 -1.09103998171845,45.4030500163674,8.56780000000435 -1.09110703736115,45.4029100390722,8.23179999999411 -1.09120996632641,45.4027400541022,7.72809999999299 -1.09129998829764,45.4025900178539,7.64599999999336 -1.09142906991577,45.4024099743345,6.8972999999969 -1.09159704319579,45.4022099821426,6.48940000000584 -1.09173702048001,45.4020200481618,6.16199999999662 -1.0918500087798,45.401889961374,5.93510000000242 -1.09191706442251,45.401799939832,5.8469000000041 -1.092030051824,45.4016500713859,5.83220000000438 -1.0922389289922,45.4014200716286,5.88890000000538 -1.09243003658571,45.4012299703689,5.97939999999653 -1.09266892107765,45.4010100292618,6.10869999999704 -1.09281694547017,45.4008799420406,6.02999999999884 -1.09295893498062,45.4007500222984,6.05569999999716 -1.09312707534727,45.4005899279009,6.16479999999865 -1.09326705352979,45.4004700666868,6.11999999999534 -1.09343703813775,45.4003000819446,6.3698000000004 -1.09364004840881,45.4001399875336,6.58879999999772 -1.09380701557572,45.4000000099668,6.50840000000608 -1.09399996741054,45.3998199663936,6.7789000000048 -1.09425695654871,45.3996100835612,6.87140000000363 -1.09443699959291,45.3994699381607,7.31560000000172 -1.09459994320566,45.3993500770938,7.59299999999348 -1.0946970061721,45.3992600552896,7.69920000000275 -1.09479691859464,45.3992000406737,7.80449999999837 -1.09492700542755,45.3991400266249,7.88619999999355 -1.09505692517383,45.3990800118815,7.82630000000063 -1.09520897312052,45.3990199977052,7.70940000000701 -1.09577693026396,45.3988600706052,7.18180000000575 -1.09595697330815,45.3988099472707,7.04630000000179 -1.09622703832358,45.3987100347762,6.80890000000363 -1.09652006966757,45.3986200132138,6.65009999999893 -1.09685702234077,45.398480035666,6.82009999999718 -1.09715005368476,45.3983900137371,7.05969999999797 -1.09726706553871,45.3983600066059,7.17870000000403 -1.09733998807853,45.3983400577714,7.26660000000265 -1.09735691952502,45.3983400577714,7.28320000000531 -1.0973969843867,45.3983400577714,7.30869999999413 -1.09748700635793,45.3983499482967,7.30210000000079 -1.09754702100545,45.3982399779216,7.41610000000219 -1.09775003037817,45.3977999277551,7.29809999999998 -1.09793694733093,45.3973600457348,6.94090000000142 -1.09817700502261,45.3968200829718,6.67710000000079 -1.09838001439536,45.3963899239703,7.34350000000268 -1.09862694509727,45.3958300129402,9.26149999999325 -1.09889701011273,45.3952300362794,9.0399999999936 -1.09891997644129,45.3951899704909,9.02340000000549 -1.09893707587271,45.3951500730999,9.05139999999665 -1.09899893386317,45.3951700217989,9.20799999999872 -1.09910001948549,45.3952199780439,9.65769999999611 -1.09911695093195,45.3952300362794,9.72939999999653 -1.09915701669193,45.3952600431804,9.88589999999385 -1.09924703866319,45.3953599554671,10.0424999999959 -1.09940998227593,45.3954499771768,10.585699999996 -1.09945993848722,45.3955099919909,10.8516999999993 -1.09956705899157,45.3957299330603,11.0700999999972 -1.09959991666974,45.3958000057111,10.9382999999943 -1.09962891788036,45.3958400710671,10.832899999994 -1.09969697873785,45.3959399835899,10.8562999999995 -1.09976001082639,45.3960100559802,10.8576999999932 -1.09985003279765,45.3960900192045,10.7011999999959 -1.09994005387059,45.3961200269104,10.6241000000009 -1.10014004670062,45.3961500339696,10.5578999999998 -1.10034892297049,45.3961899319162,10.5292999999947 -1.10059702777047,45.3961999899791,10.536300000007 -1.10091704899718,45.3962100480401,10.6097000000009 -1.1012370702239,45.3962400556823,10.7856999999931 -1.10163705408731,45.396300070288,10.983699999997 -1.10203703884902,45.3963699750711,10.9836000000068 -1.10236996796806,45.3964499384168,10.9087 -1.10280700015039,45.3965399602826,10.3947999999946 -1.10298704319459,45.3965600769127,10.3456000000006 -1.10307002417064,45.3965399602826,10.3601000000053 -1.10316691915213,45.3965300694405,10.3285000000033 -1.10331896709881,45.3964900039429,10.3475000000035 -1.10351007469236,45.396440047559,10.354600000006 -1.10360998621657,45.3963999819975,10.3555999999953 -1.10373001551157,45.3963300772516,10.3935000000056 -1.10384702646723,45.3962600046273,10.4569999999949 -1.10393704843846,45.3962199389382,10.5117000000027 -1.10402707040972,45.3961999899791,10.6052000000054 -1.10415698925768,45.3961699829464,10.7584000000061 -1.10431993376875,45.3961399758978,11.0031000000017 -1.10446695204816,45.3960900192045,11.0366000000067 -1.10464699599065,45.3960400630978,11.188599999994 -1.10491002001089,45.3959699907447,11.6763000000064 -1.10509006305509,45.3959099764192,11.9703000000009 -1.1052300412376,45.395870078275,12.171199999997 -1.10535006963431,45.3958199548115,12.1426999999967 -1.10552005514057,45.3957599403266,12.1926999999996 -1.1056799813123,45.3957099839281,12.3438000000024 -1.10581694205377,45.3956699184799,12.2266999999993 -1.10598005365147,45.3956199626326,11.9300999999978 -1.10610896728464,45.3955800642836,11.6736999999994 -1.10624995068197,45.3955500575526,11.5486999999994 -1.10642999372614,45.3955299405629,11.4640000000072 -1.10656997190865,45.3955099919909,11.4101999999984 -1.10671799630117,45.3954900427811,11.7084000000032 -1.10684992737539,45.3954600353715,11.8803999999946 -1.10703701141477,45.3954199703768,11.9667000000045 -1.10733993321003,45.3953899629299,11.9916999999987 -1.10779004126969,45.3953599554671,11.8061000000016 -1.10817896238038,45.3953299486192,11.5008999999991 -1.10843695673334,45.3953200575653,11.402900000001 -1.10870702174876,45.3953200575653,11.1915000000008 -1.10893702100421,45.3952999411245,10.7890999999945 -1.10911706494674,45.3952999411245,10.6735999999946 -1.10924698379469,45.3952799924714,10.6872000000003 -1.10944999406575,45.3952399267183,10.7103000000061 -1.10972994953248,45.3952099198066,11.0699000000022 -1.10997905954728,45.3951899704909,11.417100000006 -1.11021995536712,45.3951800800433,11.4570999999996 -1.1104400641713,45.3951700217989,11.8047999999981 -1.11067995387805,45.3951700217989,12.1251000000047 -1.11095001889348,45.3951700217989,12.2710999999981 -1.11116006926142,45.3951700217989,12.5611000000063 -1.11133994521896,45.3951700217989,12.8466000000044 -1.11153004669939,45.3951599635527,12.8108000000066 -1.11163700011711,45.3951700217989,12.8105999999971 -1.1118500679261,45.3951599635527,12.7247000000061 -1.11202005253406,45.3951299565986,12.4557000000059 -1.11216707171176,45.3951299565986,12.1146000000008 -1.11256001547829,45.3951100072546,11.8151999999973 -1.11313903717108,45.3950600515432,11.5611000000063 -1.11347699505907,45.3950199856341,11.8252999999968 -1.11351706081904,45.3950099273612,11.8797999999952 -1.11354991759888,45.3950000368822,11.9290999999939 -1.11360004179512,45.3949799203275,12.0562000000064 -1.11374001907931,45.3950199856341,12.3263000000006 -1.11404998186979,45.3951200655098,12.4553000000014 -1.11409004762977,45.3951299565986,12.5163999999932 -1.11412894019,45.3951500730999,12.5720000000001 -1.11449992284278,45.3952699342448,12.8396000000066 -1.1147869193047,45.3953599554671,12.9220000000059 -1.11492706457385,45.3954000211352,13.1046999999962 -1.1154080180854,45.3955399987432,13.3821000000025 -1.11609701063697,45.395739991205,13.4792000000016 -1.11720006904231,45.3960799611221,13.8464999999997 -1.11766694146176,45.3962100480401,15.0835999999981 -1.11797003034368,45.396300070288,15.6921000000002 -1.11799903245264,45.3963099605396,15.809699999998 -1.11815694729644,45.3963599170385,16.3377000000037 -1.11881995607839,45.3965399602826,17.0966000000044 -1.11901005755882,45.3965800257448,17.193299999999 -1.11912991886887,45.3965999745698,17.1895999999979 -1.11927006413804,45.3965999745698,17.2304000000004 -1.11937701665744,45.3965999745698,17.2725000000064 -1.11950006339349,45.3965800257448,17.2697999999946 -1.11958991737977,45.3965600769127,17.2630000000063 -1.11967993935103,45.3965200114364,17.2611000000034 -1.11973006264894,45.3964799459316,17.2611000000034 -1.11976996042396,45.3964299895389,17.151199999993 -1.11984003350771,45.3963300772516,16.818299999999 -1.11986702339041,45.3962900116122,16.7167999999947 -1.11991697960169,45.3962499459443,16.6276000000071 -1.11999995967941,45.3962100480401,16.5387000000046 -1.1201699451857,45.3961399758978,16.392200000002 -1.12053992262367,45.3961200269104,16.0951999999961 -1.12076707152473,45.3961099682025,16.0841999999975 -1.12104702699143,45.3961000779159,16.0608999999968 -1.12149696796443,45.3961200269104,16.0795999999973 -1.12201999856386,45.3961099682025,16.3744000000006 -1.12270697978752,45.3961200269104,16.610400000005 -1.12321894583761,45.3961399758978,16.5917999999947 -1.12369704989307,45.3961399758978,16.5099000000046 -1.12415704840397,45.3961099682025,16.1486000000004 -1.12477697398493,45.3961299171935,15.7050000000017 -1.12555900594877,45.3961399758978,13.1782999999996 -1.12577693544005,45.3961399758978,12.9229999999952 -1.12620005361698,45.3961599248782,13.4042000000045 -1.12690899505605,45.3961699829464,13.9118000000017 -1.12755993407387,45.3961699829464,13.6321000000025 -1.12824004138894,45.3961699829464,12.9260000000068 -1.12902995157783,45.3961699829464,13.4176000000007 -1.12978700588521,45.3961599248782,13.508799999996 -1.13058697451037,45.3961399758978,14.1152000000002 -1.13100992560064,45.3961599248782,14.3209000000061 -1.13105904278543,45.395769998466,15.6974000000046 -1.13112006354604,45.3950099273612,16.3533000000025 -1.13120002708107,45.3941499444004,15.1085000000021 -1.13126708182544,45.3931600414384,14.227899999998 -1.13131703803669,45.392459984825,13.1521999999968 -1.13134905668837,45.3921399637167,13.4907999999996 -1.1313899605765,45.3916499577889,13.9811999999947 -1.13144695778297,45.3908900545939,14.303700000004 -1.13150898375839,45.3901299834655,14.4373999999953 -1.13157704461592,45.3892700000581,12.4550000000017 -1.13161895461717,45.3887499866652,12.5679999999993 -1.13166706658715,45.3881500105453,13.2477000000072 -1.13172993069073,45.3873399829355,12.3130999999994 -1.13180704387137,45.3864000364073,13.2608000000037 -1.13184006863616,45.3859400373606,12.6128999999928 -1.1318890187343,45.385229922788,11.8234999999986 -1.1318890187343,45.3852200324902,11.813599999994 -1.13192003217116,45.3848599458578,11.5681000000041 -1.13193696361765,45.3844400121332,11.3932999999961 -1.13194702205388,45.3839199991023,11.0387999999948 -1.13203704312682,45.3839500063298,11.2041000000027 -1.13224005339787,45.3839800135415,11.4847000000009 -1.13227006072161,45.3839800135415,11.4847000000009 -1.13249905386395,45.3840400279169,11.7465999999986 -1.1327800154438,45.3841000422286,12.4670000000042 -1.1332069891899,45.384220071292,12.6496999999945 -1.13347705420536,45.3843000347937,12.3123000000051 -1.13363999871644,45.3843499905522,12.1324000000022 -1.13382708275582,45.3844100051658,11.7844999999943 -1.13401701714959,45.3844700197157,11.4444999999978 -1.13432697994007,45.3845499828639,11.3748000000051 -1.13472696380348,45.3846500629832,11.571299999996 -1.13510901100561,45.3847600333052,11.8824000000022 -1.13558007406586,45.3848700040443,12.4513000000006 -1.1359599419551,45.3849600254282,12.9801000000007 -1.13642999890227,45.3850699964092,13.1321000000025 -1.13684004210021,45.3851499593397,13.1135000000068 -1.13716693633718,45.3852200324902,13.0469000000012 -1.13750003254285,45.3853100539476,12.9619999999995 -1.13787805619081,45.3853799590755,12.4293999999936 -1.13799992972709,45.3854000752617,12.1926999999996 -1.13806698447147,45.3854000752617,12.1383999999962 -1.13814007499624,45.3853900171695,12.1598999999987 -1.13819707220271,45.3853700681729,12.199099999998 -1.13826999474252,45.385349951976,12.2470999999932 -1.13833704948689,45.3853100539476,12.3212000000058 -1.1385289952086,45.385349951976,12.3604999999952 -1.13914707654828,45.3854999879449,12.5195999999996 -1.13975996113402,45.3856399654678,11.2826999999961 -1.14061005395535,45.3858300668103,11.829899999997 -1.14151999343928,45.3860399497204,12.7206000000006 -1.14219004321642,45.3862000443314,13.3123000000051 -1.14309998270031,45.3864099271296,14.2372000000032 -1.14369694105441,45.3865500727436,14.067200000005 -1.14386692656067,45.3865899705277,13.8089999999938 -1.14426992876343,45.3866699338318,13.6472999999969 -1.14469991995058,45.38678007183,13.6968000000052 -1.14527693031544,45.3868999330614,13.6821999999956 -1.14599693540556,45.3870699183674,13.3295000000071 -1.14651996600503,45.3871800562172,13.1245999999956 -1.14660998797626,45.3872000052059,13.1733999999997 -1.14707702748238,45.3873099756146,13.3254000000015 -1.14765705528828,45.3874499537028,13.8263000000006 -1.14812007213856,45.3875500337351,13.7740999999951 -1.14860706053219,45.387670062413,13.5356000000029 -1.14895004808743,45.387759916568,13.2397999999957 -1.14915892525562,45.3878100402404,13.0007999999943 -1.14975001671255,45.387950018352,12.5081999999966 -1.15035703440118,45.3880899961169,12.432799999995 -1.15096991898692,45.388240031753,12.7808999999979 -1.15151004901781,45.3883600608585,13.1465000000026 -1.15193702276394,45.3884700315339,12.9345999999932 -1.15232007607916,45.3885600528628,12.6992000000027 -1.15243993738921,45.3885999511209,12.7231999999931 -1.15261998043341,45.3886299577569,12.8791000000056 -1.15271000150634,45.3886400165344,13.0334000000003 -1.15271000150634,45.3886100092728,13.0283000000054 -1.15271000150634,45.3886400165344,13.0334000000003 -1.15278007459009,45.3886100092728,13.1548000000039 -1.15281008191383,45.3885699438381,13.2035999999935 -1.15282701336029,45.3885199873926,13.2213999999949 -1.15240993006547,45.3843499905522,14.0742999999929 -1.15223005410793,45.3823700177027,12.2112000000052 -1.15205001106373,45.3807300144163,13.2839999999997 -1.15205001106373,45.3806800579829,13.2326999999932 -1.15209996727499,45.3806399926063,13.2112999999954 -1.15217992991169,45.3805999272013,13.1772999999957 -1.15228001031918,45.380549971284,13.1814000000013 -1.15235008340294,45.3804899563586,13.0295000000042 -1.15237707238733,45.3804500586861,12.920299999998 -1.15239903350107,45.3804299420004,12.8652000000002 -1.15246005336338,45.3803699275785,12.6781000000046 -1.1524999511384,45.3803499787034,12.6303000000044 -1.15251000957463,45.3803499787034,12.6230999999971 -1.15275895250281,45.380319971458,12.3849999999948 -1.1531800593518,45.3802899641966,12.1276999999973 -1.15338893652,45.3802800736655,12.0225999999966 -1.1537870761421,45.3802599569193,11.6628999999957 -1.1542100272324,45.380250066383,11.5001999999949 -1.15456994623414,45.3802299502571,11.136599999998 -1.15472702294977,45.3802200590845,11.001099999994 -1.15511007626502,45.380199942948,10.6287000000011 -1.15552900380112,45.3801799940129,10.2795000000042 -1.15581901770409,45.3801699356229,9.86819999999716 -1.15602705584577,45.3801600450708,9.58199999999488 -1.15625001500436,45.3801499866773,9.24580000000424 -1.15643693105879,45.3801399282819,9.11030000000028 -1.15660004355482,45.3801399282819,8.93469999999797 -1.15669006462775,45.3801600450708,8.81190000000061 -1.15671906583838,45.380199942948,8.72349999999278 -1.15714000560075,45.3801799940129,8.97090000000026 -1.15832705019695,45.3800899719582,8.4722000000038 -1.15830006121256,45.3797600602295,8.30809999999474 -1.15830006121256,45.3797099369911,8.37020000000484 -1.15835001652552,45.3796499224359,8.18619999999646 -1.15832705019695,45.3791800326358,8.94599999999627 -1.15832705019695,45.3791699746989,8.96300000000338 -1.15832705019695,45.379130076726,9.03019999999378 -1.15828698533528,45.3786999174832,8.67220000000088 -1.15823702912402,45.378210078992,8.57000000000698 -1.15822998812884,45.3777200728275,8.60940000000119 -1.15819696336405,45.3773299788116,8.46279999999388 -1.15816997348132,45.3768399732234,7.90459999999439 -1.15810694139278,45.3763300181439,8.25879999999597 -1.15801692031985,45.3763300181439,8.60420000000158 -1.1578890119015,45.376340076586,8.60420000000158 -1.15752104668973,45.376359019139,9.22900000000664 -1.1569839340999,45.3763429262672,9.42410000000382 -1.15664295877089,45.3763960674958,9.45050000000629 -1.15621196147062,45.3763890265935,9.66860000000452 -1.15575296817451,45.376419034032,10.1006999999954 -1.15546295427154,45.3764339538199,10.2260999999999 -1.15543093561986,45.3761630502684,10.0411000000022 -1.15540696317822,45.3758909742386,9.81810000000405 -1.15536404796215,45.3756649978162,9.44180000000051 -1.15537695585444,45.375340953459,10.2967000000062 -1.15532197087424,45.3750019896071,11.0586000000039 -1.15523798378504,45.3747460057392,11.9888000000064 -1.1551199667163,45.3744590095279,12.6126999999979 -1.15484101736268,45.3740749510397,13.3040999999939 -1.15448696525806,45.3737659941253,13.6189000000013 -1.1540980450457,45.3734270296679,13.9453000000067 -1.15372505016668,45.3731249458181,14.2330999999976 -1.15329505897953,45.3727710618165,14.6665999999968 -1.15298392209097,45.3724999911561,14.9900000000052 -1.15264998775715,45.3722959754679,14.9700000000012 -1.15233901885359,45.3722740150668,14.8880000000063 -1.15113906546672,45.3721980752664,14.7145000000019 -1.14985998757132,45.3722210416143,15.729600000006 -1.1484570239134,45.3721610273146,15.4118000000017 -1.14720996466971,45.3721529805975,14.2825000000012 -1.14575302214467,45.3721000070317,13.6380000000063 -1.14470193127852,45.3720629590157,12.9204000000027 -1.14479798813185,45.3703820521225,14.7399000000005 -1.14481005789598,45.3701399824003,14.4575999999943 -1.14481005789598,45.3700900267082,14.3331999999937 -1.14482698934248,45.3697099907977,13.6892999999982 -1.14484995567104,45.3693899696375,13.6165000000037 -1.14485699666622,45.3693400139141,13.6196999999956 -1.14485699666622,45.3693200649343,13.6168000000034 -1.14487996299478,45.3691500799033,13.600099999996 -1.14489002143101,45.3690800070311,13.6015000000043 -1.14490007986725,45.3688300587307,13.6321000000025 -1.14492908107788,45.3685100376408,13.6873000000051 -1.14495707707372,45.3680099733335,14.1350999999995 -1.14501893506418,45.3671699389307,15.4839999999967 -1.14508699592167,45.3663099558963,14.7795999999944 -1.1450970543579,45.3662700576858,14.8715999999986 -1.14512706168165,45.3657599353436,14.690300000002 -1.14516997689772,45.3650999440144,14.6684999999998 -1.14524994043275,45.3641900045832,12.8246999999974 -1.145307942854,45.3634200432851,12.3784000000014 -1.14535001994191,45.3629499858047,11.790399999998 -1.14541992504071,45.3623300602682,11.8574999999983 -1.1454799396882,45.361599996649,12.7783000000054 -1.14557800786946,45.3605599698608,12.617499999993 -1.14557800786946,45.3605400209406,12.6190999999963 -1.14558706019258,45.3602800146362,13.2255000000005 -1.14563701640383,45.3597700598322,14.3913999999932 -1.14570993894365,45.3587300328605,13.8883999999962 -1.14579996091491,45.3576199337901,12.1258999999991 -1.14579996091491,45.3571899423322,12.0602999999974 -1.14580700191009,45.3566699286703,12.9039000000048 -1.14581706034633,45.3556999752805,13.0999000000011 -1.14582896212554,45.3548599405173,13.0068000000028 -1.14584002667489,45.3547600286139,13.2734999999957 -1.1459189840968,45.3541800009083,14.5521000000008 -1.14598704495429,45.3535500171599,15.7574000000022 -1.14607706692555,45.3528600187661,15.9603999999963 -1.14611796991539,45.3525299393517,15.6049000000057 -1.14616692091182,45.3518199923087,15.3270000000048 -1.14621704420974,45.351250022626,15.1000000000058 -1.14625006897453,45.3506299297574,15.3304999999964 -1.146307066181,45.3497999536045,15.7059000000008 -1.14636892417146,45.3488499485207,14.3264999999956 -1.14642005448079,45.3482900376118,13.6778000000049 -1.14647805690208,45.347439944815,14.2825000000012 -1.14654896811396,45.3464800491362,14.5982999999978 -1.14659003908875,45.3459999335654,14.1159999999945 -1.14661702897148,45.3457499855753,13.9918000000034 -1.14663898918689,45.3454100154183,14.2304000000004 -1.14666698518273,45.3448700533458,15.0699000000022 -1.14671694139399,45.3439299388072,16.4519 -1.14677008213295,45.343149919071,16.1223000000027 -1.14677997348252,45.3428099490842,16.4290999999939 -1.14681903312942,45.3421199510886,16.7724000000017 -1.14686999455549,45.3411499971077,16.5592000000033 -1.14690905420235,45.3402499482752,16.5473000000056 -1.14694995809049,45.3395200518894,16.3263000000006 -1.14694995809049,45.3394199720976,16.2446999999956 -1.14698700640944,45.3388099372453,15.7550999999949 -1.14705992894926,45.3379100558029,15.5766000000003 -1.14708893015989,45.3373699262166,15.1649999999936 -1.14710904613406,45.33688997839,14.5880000000034 -1.14716704945364,45.3361699729311,14.303700000004 -1.14720694722866,45.335550047652,14.8643000000011 -1.14724701298864,45.3348999472135,15.5650000000023 -1.14728003775343,45.334480013843,15.2991000000038 -1.14729696919992,45.3341900000701,14.6428000000014 -1.14732999396468,45.3337799569415,14.7709000000032 -1.14738699027286,45.3332800605744,15.0859000000055 -1.14747701224409,45.3323900697288,15.1735999999946 -1.14754993478393,45.3316100501517,13.6753999999928 -1.14760005808181,45.3311099855915,15.2198000000062 -1.14766996318061,45.3305200676516,16.2128999999986 -1.14775998515187,45.329620018473,15.7617000000027 -1.14782905212248,45.3288200499054,16.4247999999934 -1.14783693124582,45.3287900424806,16.482799999998 -1.14783693124582,45.3286899626712,16.7232999999978 -1.14791907409374,45.3279500081236,17.1189000000013 -1.14800004284356,45.3271899373421,15.4633000000031 -1.1480669305013,45.3263700195943,14.2602999999945 -1.14809006481479,45.3259799257998,15.1107999999949 -1.14812996258984,45.3259400275749,15.1009999999951 -1.14821998366277,45.3258600643031,15.3426000000036 -1.14824697354546,45.3253199347346,16.5124000000069 -1.14831000563403,45.3246700017141,17.2375999999931 -1.14835996184529,45.3237800113673,15.5929999999935 -1.14840002760526,45.3231399694139,14.702099999995 -1.14846708234964,45.3225200436205,13.8068999999959 -1.1484999400278,45.322249979032,13.6684999999998 -1.14857001221323,45.3218699433097,13.9177000000054 -1.14875005525742,45.3214200024279,14.1068999999989 -1.14889992389122,45.3210699745636,13.7451000000001 -1.14914702257808,45.3205400704439,13.6907000000065 -1.14942898937275,45.3199600426692,13.4444999999978 -1.14959696265278,45.3195999562069,13.6199000000051 -1.14977700659527,45.3192100299251,14.6368999999977 -1.15002997217928,45.3187000752423,14.7229999999981 -1.15028997875848,45.3181399962929,14.6545999999944 -1.15051997801392,45.3176499903388,15.0991999999969 -1.15060999998519,45.3174199906076,15.3794999999955 -1.15067705472956,45.3171899912061,15.2694000000047 -1.15071695340291,45.3171899912061,15.1533000000054 -1.15067705472956,45.3171899912061,15.2694000000047 -1.15071007949435,45.317039955335,15.2838000000047 -1.15076707670082,45.3167499413302,15.1092000000062 -1.15084704023585,45.3163900227102,14.8693000000058 -1.15097997742315,45.3158599510098,14.4955999999947 -1.15112699570256,45.3151999601775,15.7896000000037 -1.15128004886403,45.314629990738,14.8316999999952 -1.15128994021363,45.3145899253295,14.8861999999936 -1.15134006351155,45.31427996262,14.6536999999953 -1.15142002704654,45.313860029247,14.0268000000069 -1.15148708268925,45.3134399278832,13.4967999999935 -1.15158900643972,45.3129100237912,13.6774000000005 -1.15170702350846,45.3122399748838,13.9882999999973 -1.15165706729721,45.3122299164174,14.1248000000051 -1.15170702350846,45.3122399748838,13.9882999999973 -1.15177994604831,45.3119999167979,13.8512999999948 -1.15185907145515,45.3116200492282,13.2939000000042 -1.15195998909247,45.311079919094,13.5439999999944 -1.15201698629894,45.3106899929359,13.9455000000016 -1.15209007592541,45.3103899211237,14.5564000000013 -1.15210700737187,45.3103399651215,14.5182999999961 -1.15217003946041,45.3101999869999,14.8243999999977 -1.15217992991169,45.3101699798203,14.9492000000027 -1.15218998834792,45.3101500308302,15.0265999999974 -1.15219702934314,45.310070067384,15.4101999999984 -1.15220691979441,45.310010053503,15.6944999999978 -1.15223005410793,45.3097500463177,16.2762999999977 -1.15223005410793,45.3096499663558,16.9458000000013 -1.15223005410793,45.3094900398349,18.0669000000053 -1.15223005410793,45.3092799891399,18.6244000000006 -1.15221899045688,45.3092000263616,19.2029999999941 -1.15220691979441,45.3090300408004,20.2801999999938 -1.15220691979441,45.3088399397542,20.5813999999955 -1.15219702934314,45.3086500054905,20.5271000000066 -1.15215696358316,45.3085299765532,20.3454999999958 -1.15212896848565,45.3083899990158,20.1677999999956 -1.15212896848565,45.3083400425144,20.1677999999956 -1.15211706580811,45.3082200141843,20.1101000000053 -1.15214992348627,45.3080099632052,20.2522999999928 -1.15220691979441,45.307829920514,20.738400000002 -1.15228001031918,45.3075799720979,20.2109999999957 -1.15239903350107,45.3073300232115,20.3334000000032 -1.15252995846214,45.3071600383602,19.8224999999948 -1.15263992932092,45.3069699367285,19.5605000000069 -1.15278007459009,45.306799952061,19.4354000000021 -1.15298995787137,45.3065300545253,18.5553000000073 -1.15320906056243,45.3062400410704,17.8206999999966 -1.1534580025923,45.3059000706389,16.9437000000034 -1.15358004321521,45.3056799621749,16.3138000000035 -1.15376997760898,45.3054700793217,16.429999999993 -1.15395706164839,45.3051899558901,15.5994000000064 -1.15409703893258,45.3050000220323,15.2280000000028 -1.15453792758246,45.3049500657024,15.0890999999974 -1.15493003322083,45.3048999418972,15.1392000000051 -1.1549890417552,45.3048900514549,15.1391000000003 -1.15500899064271,45.3045599722742,14.0782000000036 -1.15502994474503,45.3041299802695,13.0951999999961 -1.15503698574022,45.303689930708,12.5964999999997 -1.15504704417645,45.3033999166232,12.5921999999991 -1.15507001050501,45.3030200489133,12.8353000000061 -1.1550869419515,45.3024400212523,13.4649999999965 -1.1550869419515,45.302199963362,13.5371000000014 -1.15509901171564,45.3019399569988,13.6175999999978 -1.1551199667163,45.3013699875287,14.2094999999972 -1.15513706614771,45.3007500617756,14.7271999999939 -1.15514997404004,45.3000800125513,15.0141000000003 -1.15514997404004,45.2996699695829,15.527900000001 -1.15516003247627,45.2995100433395,16.2351999999955 -1.15516003247627,45.2993700656446,17.0063999999984 -1.15516003247627,45.2991600147302,17.582899999994 -1.15516891681444,45.2987799795974,18.4321000000054 -1.15516003247627,45.2981999515264,18.4002000000037 -1.15516891681444,45.2975699679588,17.477899999998 -1.1551890336869,45.2971299180318,16.0749000000069 -1.15517696392273,45.2968999184357,15.2624999999971 -1.1553690767311,45.2968999184357,15.2924000000057 -1.15562707198239,45.2969099764629,15.5224000000017 -1.15606896584705,45.2969299256891,15.9465000000055 -1.15658998511859,45.2969599329266,16.5792999999976 -1.15689894179592,45.2969899401482,17.0097999999998 -1.1569369953297,45.2969899401482,17.0112999999983 -1.15702701730093,45.2969899401482,17.0148000000045 -1.15710698083596,45.296849962551,16.7336000000068 -1.1571800704624,45.2967699986683,16.5381000000052 -1.15725902878264,45.2966699191706,16.4489999999932 -1.15735994641996,45.2964399196044,16.2795000000042 -1.1573700048562,45.296400022064,16.229600000006 -1.15746706692431,45.2961599638767,16.0375000000058 -1.15749992460248,45.2960800009167,16.0417000000016 -1.15758994567541,45.2957700380884,15.8815000000031 -1.1575170231356,45.2957299726185,15.7265000000043 -1.15758994567541,45.2957700380884,15.8815000000031 -1.15764694288188,45.2955599877402,15.9759000000049 -1.15765700131812,45.2954500165454,15.9891000000061 -1.15764694288188,45.2950099672289,16.358699999997 -1.15774702239105,45.2935300579022,16.2161999999953 -1.1577089688573,45.2935300579022,16.1067000000039 -1.15774702239105,45.2935300579022,16.2161999999953 -1.15776998961791,45.293429978374,15.9373000000051 -1.1577869210644,45.2933000588719,15.4864999999991 -1.15782698592605,45.2931500223215,15.3913999999932 -1.15786001069084,45.2929999866379,15.2739000000001 -1.15790996690213,45.2928300017918,15.3035999999993 -1.15795992311338,45.2926900240373,15.3374999999942 -1.15801692031985,45.2925599366364,15.3365000000049 -1.15809705094151,45.2924400752251,15.5130000000063 -1.1582100392413,45.2922799813446,16.0065000000031 -1.15835001652552,45.2921099962363,16.1744000000035 -1.15842897484573,45.2919899670368,16.6777000000002 -1.15853995091928,45.2918399314442,17.1667000000016 -1.15859694812575,45.291729960619,17.1383999999962 -1.15865997931599,45.2916199902126,17.1251999999949 -1.15872703495866,45.2914600633839,17.1907999999967 -1.15876995017473,45.2913100270213,17.1055999999953 -1.15877699116995,45.2911700493071,17.0675000000047 -1.15878906093412,45.2910300718794,16.9128999999957 -1.15881705692993,45.2908899260018,16.6137000000017 -1.158859972146,45.2907700648529,16.5868000000046 -1.15890003700768,45.2906500359775,16.5108000000037 -1.15891696845414,45.2905400653731,16.3552000000054 -1.15895703421415,45.2903900297366,15.9701999999961 -1.15899693198917,45.2902500516478,15.9701999999961 -1.15904001519019,45.2901600299797,15.8600000000006 -1.15908008095017,45.2900500596892,15.6812000000064 -1.15913707725831,45.2899100820253,15.329899999997 -1.15916993493648,45.2897799945679,15.3242999999929 -1.15919994226022,45.2896899727857,15.3234999999986 -1.15922005823439,45.2895800022158,15.3068000000058 -1.15923900190708,45.2894200759546,15.2121000000043 -1.15925995600941,45.2892599811333,15.1968000000052 -1.15927705544083,45.2890599888436,15.3494999999966 -1.15928996333315,45.2889300694428,15.5029000000068 -1.15931008020562,45.2888199311849,15.5429000000004 -1.15933908141628,45.2887000700855,15.6713000000018 -1.15937998530442,45.2885399757599,15.9501000000018 -1.15940697518711,45.2883699908183,16.1067000000039 -1.15944704004879,45.2881699985506,15.9677999999985 -1.15947000637735,45.2880199623328,15.8591000000015 -1.15948006481358,45.2878399193588,15.165599999993 -1.15948995616319,45.2876600439274,15.1331999999966 -1.15948995616319,45.2874099275856,14.6321000000025 -1.15948006481358,45.2872399424176,14.6453000000038 -1.15944704004879,45.2870300595599,15.0414000000019 -1.15940697518711,45.2868600751495,15.2517999999982 -1.15937998530442,45.2867499366644,15.3341999999975 -1.15935701897586,45.2866399660824,15.360400000005 -1.15935701897586,45.2864599225204,15.3423999999941 -1.15937998530442,45.2862500399367,15.0234000000055 -1.15939993419193,45.2860599383475,15.0546999999933 -1.15944704004879,45.2858899535581,15.0532999999996 -1.15947000637735,45.2857300263734,14.9881000000023 -1.15950906692254,45.2857300263734,14.9226000000053 -1.15947000637735,45.2857300263734,14.9881000000023 -1.15948995616319,45.2855900487928,15.0250999999989 -1.15949699626007,45.2855499830834,15.054999999993 -1.15949699626007,45.2854800784905,15.1306999999942 -1.15951895737382,45.2853300421101,15.2793999999994 -1.15953706202005,45.285180005965,15.2712000000029 -1.15951895737382,45.285010021067,15.4030999999959 -1.15950906692254,45.2848400362918,15.3402999999962 -1.15951895737382,45.2846499344017,15.2004000000015 -1.15954695247133,45.2844799498115,14.892200000002 -1.15956002834861,45.2843000738383,14.5442999999941 -1.15954695247133,45.2841399797353,14.4527999999991 -1.15953706202005,45.2840100604424,14.3546999999962 -1.15956002834861,45.2838999221122,14.2685999999958 -1.15959892090881,45.2837599444402,14.2578000000067 -1.15965005031984,45.2836000175711,14.3104000000021 -1.15971006496736,45.2833800759902,14.4082999999955 -1.1597670612755,45.2831400183119,14.5325000000012 -1.15979991895363,45.2830000406611,14.7286000000022 -1.15979991895363,45.282880011777,14.9143999999942 -1.15980695905052,45.2826999689227,15.0341999999946 -1.15981701748675,45.2825100349433,15.2617999999929 -1.15981701748675,45.2823100422415,15.3742000000057 -1.15989698102178,45.2818500439002,14.7912000000069 -1.15998700299305,45.2815100738657,14.1799000000028 -1.16017693648849,45.2807600611514,13.7788 -1.16032898443517,45.2802499381481,14.0754000000015 -1.16039704529269,45.2800700626691,14.0810000000056 -1.16043694306771,45.279860012327,14.4732999999978 -1.16050902747937,45.2796400707852,14.4554000000062 -1.16060994601502,45.2793899551123,14.9455000000016 -1.1607299744117,45.2791299484581,14.9857999999949 -1.16081999638296,45.2789500725889,14.8683000000019 -1.16088001013215,45.2787599711896,14.6312999999936 -1.16092007589213,45.278579927903,14.2905000000028 -1.16093700733859,45.2783899940372,13.9260999999969 -1.16098696354987,45.2780699730366,13.8175999999949 -1.16104898952529,45.27771994484,14.0244999999995 -1.16106793319799,45.2774299306776,14.4716000000044 -1.16106793319799,45.2772500551084,14.5160000000033 -1.16104898952529,45.2771600336695,14.6870999999956 -1.16100003942716,45.2770299466824,14.9496000000072 -1.16097003210338,45.2768800782248,15.1156000000046 -1.16097003210338,45.2767999471177,15.0997000000061 -1.16095896845236,45.2767000346624,14.7722000000067 -1.16094706577485,45.2765399406056,14.7229999999981 -1.1609299663434,45.2762499267338,14.9622999999992 -1.16092007589213,45.275810044521,15.2508999999991 -1.16089694157861,45.2752499653185,15.8864999999932 -1.16088805724045,45.274750069033,15.7492999999959 -1.16088001013215,45.2742099391152,15.4407999999967 -1.1608689464811,45.2735799552084,14.8864999999932 -1.16083994527047,45.2730599418298,14.7491000000009 -1.16083994527047,45.2730200442794,14.7491000000009 -1.16083994527047,45.2729900370193,14.7859999999928 -1.16080692050568,45.2728899566521,14.8717000000033 -1.1607970300544,45.2727799863871,15.0102000000043 -1.1607970300544,45.2726500670003,15.123900000006 -1.16080692050568,45.2725099212299,15.2439000000013 -1.16080692050568,45.2724100088074,15.5317000000068 -1.16081999638296,45.2723199872764,15.6294000000053 -1.1607970300544,45.2722100165392,15.670100000003 -1.16074992329921,45.272109936693,15.6625000000058 -1.16071706651937,45.2719999661809,15.6601999999984 -1.16069996708795,45.271889996088,15.6298999999999 -1.16065001087667,45.2717699670915,15.5522999999957 -1.16060994601502,45.2716499378411,15.5485999999946 -1.16057692125023,45.2715399677021,15.5543999999936 -1.16057004823997,45.2714299967178,15.5556999999972 -1.16057692125023,45.2713099680129,15.6244000000006 -1.16061698611191,45.2711800484218,15.6597000000038 -1.16066006931294,45.2710600198204,15.6708000000071 -1.16067700075939,45.2709399909652,15.6687999999995 -1.16066694232316,45.2708199618561,15.662599999996 -1.16063995244043,45.2707299403319,15.7177999999985 -1.16060994601502,45.2706300279368,15.7912000000069 -1.16057004823997,45.2705299484655,15.8727999999974 -1.1605499313675,45.2704300357183,15.9379999999946 -1.16053702347521,45.2703800799111,15.9622999999992 -1.16053702347521,45.2703500725196,15.9698000000062 -1.16039000429748,45.2703299558943,16.0469000000012 -1.16012698027723,45.2703100067952,16.104600000006 -1.15993000578658,45.2702999484764,15.9560999999958 -1.15977695172678,45.2702900583213,15.7351999999955 -1.15974007139277,45.2702900583213,15.6607999999978 -1.1597670612755,45.2701100147135,15.6542000000045 -1.15987904346218,45.2696699647887,15.4881000000023 -1.15993000578658,45.2693799512118,15.4489999999932 -1.15999706053095,45.2690099735951,15.2789000000048 -1.16002991820912,45.2687900329893,15.2332000000024 -1.16007702406598,45.2685900406096,15.2011000000057 -1.16011993928205,45.2682599612978,15.1793000000034 -1.16016000504203,45.2680700270307,15.1913999999961 -1.16016704603721,45.2680400203146,15.1934999999939 -1.16011004883077,45.2680299615935,15.2136000000028 -1.16005891941974,45.2680100129505,15.2207999999955 -1.16003695830597,45.2679800055705,15.2075000000041 -1.16002991820912,45.267969947471,15.2017999999953 -1.16002002775781,45.2679499981746,15.1843999999983 -1.16002002775781,45.2679099326527,15.1395000000048 -1.16005891941974,45.2678599765241,15.1003999999957 -1.16005891941974,45.2678499184033,15.0905999999959 -1.16008708250221,45.2678400278213,15.110400000005 -1.16011993928205,45.2678200791115,15.1346999999951 -1.16014894139097,45.2678100203514,15.1668000000063 -1.16016704603721,45.2677999622218,15.1889999999985 -1.16017693648849,45.2677999622218,15.202099999995 -1.16024801478702,45.2676090224325,15.2883000000002 -1.16030199455248,45.2673969603498,15.2511999999988 -1.16034407164039,45.2670880034608,15.3632999999973 -1.16037692842019,45.2668610217446,15.0457000000024 -1.16039603917954,45.2666120788247,15.0656000000017 -1.16048203759664,45.2664229830898,15.1214999999938 -1.1605050039252,45.266197007148,15.0258999999933 -1.16111705038278,45.2636299657174,14.5108000000037 -1.16104898952529,45.2636200750324,14.4875999999931 -1.16111705038278,45.2636299657174,14.5108000000037 -1.16109006139839,45.2586799490548,14.8945999999996 -1.16101998831467,45.2586799490548,14.8864999999932 -1.16109006139839,45.2586799490548,14.8945999999996 -1.1611100102859,45.2584300002599,14.422900000005 -1.1611100102859,45.2582000011974,13.9373999999953 -1.16111705038278,45.2578400820639,13.6635999999999 -1.16111705038278,45.2574799956073,13.4299000000028 -1.16111705038278,45.2571799236075,12.7511999999988 -1.16111705038278,45.2568699606903,12.9196999999986 -1.16111705038278,45.2564099616428,13.0240999999951 -1.1611100102859,45.2560200357996,12.811400000006 -1.1611100102859,45.2558500508126,12.8797999999952 -1.16109995184966,45.2553699354882,12.9962999999989 -1.1611100102859,45.254969950954,13.9138999999996 -1.1611100102859,45.2546599879888,15.1739999999991 -1.1611100102859,45.2545999736442,15.4557000000059 -1.16111705038278,45.2544900027248,15.8083000000042 -1.16111705038278,45.2543099595943,16.1100000000006 -1.1611100102859,45.2540199459605,17.269100000005 -1.16111705038278,45.2536100708718,17.297900000005 -1.16111705038278,45.253249984152,17.0485000000044 -1.16113901149652,45.2529299630502,16.8233999999939 -1.16116700659407,45.2527400293498,16.4725000000035 -1.16115795427095,45.2526200003336,16.1658000000025 -1.16103691976113,45.2526200003336,16.1649000000034 -1.16115795427095,45.2526200003336,16.1658000000025 -1.1611899729226,45.2524900809695,15.7094999999972 -1.16122903346779,45.2523700520575,15.6245999999956 -1.16135995842889,45.2520500310566,14.7338000000018 -1.16156699135578,45.2515199592638,12.9015999999974 -1.16184694682248,45.2508700268857,12.8911999999982 -1.1621399781665,45.2501800286408,12.3319000000047 -1.162328068319,45.2496900222307,12.2663999999932 -1.16250894949135,45.2492699210362,12.9977999999974 -1.16244005050567,45.2492699210362,13.0244999999995 -1.16250894949135,45.2492699210362,12.9977999999974 -1.16255002136444,45.2492000160203,13.1616000000067 -1.16279996950744,45.2486300465736,14.5800000000017 -1.16288999058037,45.2483299746106,15.2356 -1.16284891960557,45.248319916192,15.2372999999934 -1.16288999058037,45.2483299746106,15.2356 -1.16305695864558,45.2480399607973,15.4864999999991 -1.16318704547852,45.2476899327108,15.5993000000017 -1.16337697987229,45.2472699995035,15.7140000000072 -1.16353003303376,45.2469000219962,15.4122000000061 -1.16371996742756,45.2464700305277,15.1579000000056 -1.16392901168239,45.245999973162,14.9732999999978 -1.16402993021801,45.2457300759643,15.1649999999936 -1.16399003154469,45.2456100473132,15.3766999999934 -1.16402993021801,45.2457300759643,15.1649999999936 -1.16454692593538,45.2445200642876,19.1304999999993 -1.16477994263188,45.2438099495332,17.9655999999959 -1.1647170785283,45.2437900006024,18.023199999996 -1.16477994263188,45.2438099495332,17.9655999999959 -1.1648399572794,45.2436600812803,16.7513999999937 -1.1648500148173,45.2434800379729,16.1379000000015 -1.16486996370481,45.2432200312656,15.6426999999967 -1.16489695358754,45.2428200465505,15.2167000000045 -1.16494003678856,45.2422500776025,14.6303999999946 -1.16499703399503,45.2416199262339,14.9786000000022 -1.16503693177005,45.2411000805658,16.4453000000067 -1.16507699753003,45.2404699290927,16.9036999999953 -1.16512695284298,45.2400199880365,16.3102000000072 -1.16514002872027,45.23966006944,15.454700000002 -1.16515997760778,45.2393700556418,14.5617999999959 -1.16523994114281,45.2386699986345,14.3243999999977 -1.16527900078967,45.2381199782002,13.9912999999942 -1.16532996311404,45.2374599871354,13.7685999999958 -1.16539701785844,45.2368600108038,14.027700000006 -1.1654469740697,45.2362100776882,13.9771999999939 -1.16548703982967,45.2356600574809,14.204899999997 -1.16551000615823,45.2353599853264,15.0951999999961 -1.1655490658051,45.2350000663112,15.2124999999942 -1.1655490658051,45.2347199434268,15.5755000000063 -1.16557002080575,45.234450045779,15.2967999999964 -1.16560991858077,45.2339799889111,14.9128999999957 -1.16561695957596,45.233730040219,14.7416999999987 -1.16557706180094,45.233730040219,14.7416999999987 -1.16561695957596,45.233730040219,14.7416999999987 -1.16566004187869,45.2330899983076,13.8830000000016 -1.16570698064889,45.2325800434424,14.1149000000005 -1.16570698064889,45.2324900220179,14.1738000000041 -1.16575006384992,45.2318499794263,14.1704000000027 -1.16578996162497,45.2314300461702,13.670299999998 -1.16579700262015,45.2310900765392,12.6374000000069 -1.16578007117369,45.2310600692594,12.5966999999946 -1.16580303750222,45.2308159881215,11.9643999999971 -1.16577202496369,45.2305900121888,11.9241000000038 -1.16570698064889,45.2302649616751,11.8463999999949 -1.16561192990867,45.229963045327,12.0308999999979 -1.16558996969326,45.2296680024216,13.4959999999992 -1.16548703982967,45.2295399272625,13.3948999999993 -1.16547999883449,45.2293699421095,14.3727999999974 -1.16551000615823,45.2291800080816,15.4134000000049 -1.16552006459447,45.2290299721763,15.9910999999993 -1.16555996236949,45.2288700454643,16.2887000000046 -1.1656000281295,45.228739958534,16.6157999999996 -1.16566004187869,45.2286400462703,16.6720000000059 -1.16575006384992,45.228550024299,16.7030999999988 -1.16588702459142,45.2284499446773,16.700800000006 -1.16606706763558,45.228330083239,16.6839999999938 -1.16625700113105,45.2282100545231,16.5886000000028 -1.1664600114021,45.2280700767978,16.3751000000047 -1.16671901186821,45.2278799751966,15.9213000000018 -1.16696007567301,45.2276900412513,15.4933000000019 -1.16716895284118,45.2275200562601,14.8693000000058 -1.16739995820978,45.2272799983173,13.9839999999967 -1.16750707871412,45.2271400208324,13.4532999999938 -1.16761906090083,45.2269799262031,12.7831000000006 -1.16771997853816,45.2267899924138,12.2740000000049 -1.16776004429813,45.2266099487956,12.1646000000037 -1.16779893596007,45.226390007821,12.1009999999951 -1.16779893596007,45.2261799575086,12.6178000000073 -1.16777697574463,45.2260899354374,12.9421000000002 -1.16773003697439,45.2259799649995,12.9082999999955 -1.16765996478897,45.2258399874767,12.9474999999948 -1.16759005969021,45.2257300165553,13.5081000000064 -1.16746701295415,45.2255999293985,14.3600000000006 -1.16732703477163,45.225429944484,15.6445999999996 -1.16719694793872,45.2252800764695,15.3959999999934 -1.16701707287948,45.2250899743955,16.5660999999964 -1.16644894685276,45.2243999762217,16.4079000000056 -1.16659998868632,45.2228999508862,12.4511999999959 -1.16660702968151,45.2228399365215,12.4572000000044 -1.16659998868632,45.2228999508862,12.4511999999959 -1.16592993980749,45.2228300456926,14.1468000000023 -1.16543708361842,45.2227899806046,16.0437999999995 -1.16540992664907,45.2227799220934,16.0516000000061 -1.16547999883449,45.2223799377578,15.6423000000068 -1.16552693760473,45.2220300774434,15.3935999999958 -1.16562701801219,45.2213999258347,14.7593000000052 -1.16567999166449,45.2210599556902,14.2820999999967 -1.16570698064889,45.2208800799529,14.0858000000007 -1.16578996162497,45.220309942821,14.6747000000032 -1.16589708212932,45.2196799588127,16.2504000000044 -1.16561695957596,45.219649951837,16.6325999999972 -1.16545904383387,45.219630003283,16.9553000000014 -1.16492997835233,45.2195899372054,17.6376000000018 -1.16444701351287,45.2195599301823,17.9707999999955 -1.16403998775594,45.2195200323713,18.6374999999971 -1.16379003961299,45.2195099739144,18.7437999999966 -1.16362005500502,45.2195000837717,19.0050000000047 -1.1634990195969,45.219479966849,19.2021999999997 -1.16362005500502,45.2195000837717,19.0050000000047 -1.16345006949876,45.2195000837717,19.2100999999966 -1.16330992422959,45.2195200323713,19.202099999995 -1.16309702440559,45.2195500394155,19.2473000000027 -1.16302896264977,45.2195599301823,19.3242000000027 -1.16288999058037,45.2195800470766,19.6233000000066 -1.16273693741886,45.2195999956482,20.117499999993 -1.16255706146133,45.2195999956482,20.2217999999993 -1.16250006515319,45.2195999956482,20.2713999999978 -1.16233695265716,45.2195999956482,20.6582999999955 -1.16192707834247,45.2195800470766,22.1486000000004 -1.16163002344432,45.2195800470766,22.5348999999987 -1.16132995110511,45.2195699886304,23.2109999999957 -1.16106005407464,45.2195699886304,23.3034999999945 -1.16080692050568,45.2195599301823,23.1426999999967 -1.16057692125023,45.2195699886304,22.9934000000067 -1.16035697953268,45.2195699886304,22.9628999999986 -1.16012698027723,45.2195699886304,22.9554000000062 -1.1598899400266,45.2195800470766,23.0795999999973 -1.15971006496736,45.2195899372054,23.2164000000048 -1.15950906692254,45.2196199448456,23.4330000000045 -1.15931695321588,45.219630003283,23.4535999999935 -1.1591870334696,45.219630003283,23.3613999999943 -1.1590069904254,45.2195999956482,23.4210000000021 -1.15890707800286,45.2195599301823,23.4008000000031 -1.15879995749851,45.2195099739144,23.1346999999951 -1.1586799282035,45.2194300105108,22.7167000000045 -1.15851899591866,45.2193200404779,22.4078000000009 -1.15837700640821,45.2192199604253,22.196100000001 -1.15827005388882,45.2191500551363,22.0742000000027 -1.15813996615758,45.2190799827097,21.9893000000011 -1.15805698518153,45.2190699241749,22.0420000000013 -1.15800702986857,45.2190600333229,22.0786999999982 -1.15784995225461,45.2190399168773,22.2620000000024 -1.15774702239105,45.2190399168773,22.3788000000059 -1.15764694288188,45.2190300266528,22.4628999999986 -1.15752892581311,45.2190199681092,22.5442000000039 -1.15741007061617,45.2190199681092,22.6558999999979 -1.15727998288493,45.2190199681092,22.8292999999976 -1.1572699244487,45.2190199681092,22.8466999999946 -1.15719700190889,45.2190199681092,22.9728000000032 -1.15710698083596,45.2190399168773,23.1570000000065 -1.15701695886469,45.2190699241749,23.3580999999976 -1.15692693779176,45.219120047881,23.5464999999967 -1.15687999902152,45.219139996614,23.6003000000055 -1.15681998437404,45.2191700038587,23.6003000000055 -1.15674706183422,45.2191800623758,23.6003000000055 -1.15665703986296,45.2191800623758,23.6435000000056 -1.15652008001979,45.2192000110877,24.0656000000017 -1.15632997853936,45.2192100695994,24.9872999999934 -1.15614993459687,45.2192300183008,26.0630999999994 -1.1559600011014,45.2192400768072,27.1460999999981 -1.15584701280161,45.2192499676279,27.2805999999982 -1.15572899573283,45.219260025498,27.6494999999995 -1.15566696975741,45.2192699163153,28.1462999999931 -1.15558700622238,45.2192999234915,28.7866999999969 -1.1554589307174,45.2193500476276,29.8962999999931 -1.15531694120695,45.2194400689819,31.2382000000071 -1.15511007626502,45.2195800470766,34.0326000000059 -1.15493003322083,45.2197200248268,34.3249000000069 -1.1547499892783,45.2198600022323,35.9860000000044 -1.15453004845908,45.220019928983,38.5191999999952 -1.15444807359615,45.2200900015168,39.2728000000061 -1.15431698065013,45.2201900819362,40.4450999999972 -1.15421991768368,45.2202599865793,41.1230999999971 -1.15409703893258,45.22033005945,41.6012999999948 -1.15398002797692,45.2203900739331,42.3052000000025 -1.15383904457962,45.2204599789631,42.236699999994 -1.15369705506917,45.2205300515873,42.888300000006 -1.15358993366649,45.2205699493223,43.3181999999942 -1.15337703384246,45.2206700295296,43.5439999999944 -1.15328701187123,45.2207199854111,43.5402999999933 -1.15314703458701,45.2207999488987,44.4444999999978 -1.15298995787137,45.2208800799529,44.744200000001 -1.15289004544886,45.2209300362825,44.0754000000015 -1.15281997236511,45.2209499850132,44.0013000000035 -1.15267999508093,45.2209799925683,44.4084000000003 -1.1525670067811,45.2209900507651,44.9425000000047 -1.15237003229045,45.2210099994747,45.7045000000071 -1.15210700737187,45.2210299481774,46.4358999999968 -1.15185907145515,45.2210500651844,47.8736000000063 -1.15165002630202,45.2210599556902,49.6288999999961 -1.15151004901781,45.2210700138729,50.9541000000027 -1.15137996128657,45.2210800720538,50.9131999999954 -1.15129698031052,45.2210800720538,50.9131999999954 -1.15121701767382,45.2211000213646,50.729600000006 -1.1510770394913,45.2211300282077,50.5311999999976 -1.15091996277567,45.2211999335935,49.3764999999985 -1.15077897937833,45.2212800647167,48.460500000001 -1.15065006574516,45.2213499692852,47.3695000000007 -1.15048008023891,45.2214399912695,46.9477000000043 -1.15032903840537,45.2214899471072,46.6999000000069 -1.15007992839054,45.2215799688699,46.0194999999949 -1.14984003868381,45.2216599324135,46.391300000003 -1.14961992987964,45.2217300048242,46.6195000000007 -1.14949705112854,45.2217700706592,46.525999999998 -1.14938992972586,45.2218000777814,46.9002000000037 -1.14929001820165,45.2218099681568,47.3481000000029 -1.14921994511793,45.2218000777814,47.7755999999936 -1.14912992314667,45.2217900197279,48.3491000000067 -1.14912992314667,45.2217600119676,48.3484999999928 -1.14912992314667,45.2217900197279,48.3491000000067 -1.14892993121496,45.221749953907,48.8790000000008 -1.14869708160512,45.2217100563673,49.5862999999954 -1.14844998381655,45.22166999049,50.5426000000007 -1.14828703930547,45.2216399832991,50.8129000000044 -1.14809894915295,45.2216200341778,50.6290000000008 -1.1479889791925,45.2216200341778,50.4625999999989 -1.14786006466104,45.2216399832991,49.4906999999948 -1.1476969530633,45.22166999049,46.789300000004 -1.14738699027286,45.2217400635211,45.1527999999962 -1.14716704945364,45.2217900197279,45.0071000000025 -1.14701902506112,45.221839975258,43.9097000000038 -1.14688005299172,45.2218899320096,42.3160000000062 -1.14677997348252,45.2219499461117,40.8053999999975 -1.14666698518273,45.2220599167527,40.4456999999966 -1.14662691942276,45.2221599968683,40.7813000000024 -1.14660998797626,45.2222500182028,41.3347999999969 -1.14660998797626,45.2223499303089,41.4565000000002 -1.14659992954003,45.2224300617095,41.4305000000022 -1.14659003908875,45.2224999667623,42.3399999999965 -1.14656003176501,45.2225599808531,42.8435999999929 -1.14652700700022,45.2226000467359,42.9015000000072 -1.14651007555376,45.2226199955134,42.8948999999993 -1.14647001069208,45.2226699515796,42.9225000000006 -1.14638803493082,45.2227799220934,42.6153000000049 -1.14625694198479,45.2228999508862,41.1729999999952 -1.14610992370539,45.2230099215878,41.4171999999962 -1.14596005507159,45.223090052691,42.5247999999992 -1.14579996091491,45.2231700160088,42.3352000000014 -1.14561991787071,45.2232399207845,40.6290000000008 -1.14548798679653,45.2232799868208,40.2054999999964 -1.14526703986416,45.2233599498715,38.3277999999991 -1.14515991846148,45.223410073592,37.8937000000005 -1.14504693105999,45.2234699203161,38.1263000000035 -1.14498004340228,45.2235399930269,37.8190999999933 -1.14492908107788,45.2236199563446,35.3983000000007 -1.14490007986725,45.223729926919,34.6802000000025 -1.14487996299478,45.223870072246,35.9514000000054 -1.14484995567104,45.2239599263663,36.3016000000061 -1.14479999945975,45.2240400573958,35.9220999999961 -1.14472003682305,45.224130078917,35.0405000000028 -1.14463705584701,45.2241800355544,35.2969000000012 -1.14454703387574,45.2242100426701,35.7773000000016 -1.14445701280281,45.2242299915153,35.2277000000031 -1.14438895104699,45.2242499403535,34.8674000000028 -1.14421997255218,45.2242900056781,34.1445999999996 -1.14407999436963,45.224330071607,33.6350999999995 -1.14391704985858,45.224339962175,31.8969999999972 -1.14380003890292,45.224339962175,31.1444999999949 -1.14363005429496,45.2243099544952,30.3242999999929 -1.14348906999933,45.2242900056781,30.3763999999937 -1.14333702295098,45.2242799474323,30.2418999999936 -1.14324700097971,45.2242799474323,30.0706999999966 -1.1431070227972,45.2242799474323,29.975099999996 -1.14296704551301,45.2242900056781,30.0850000000064 -1.14289998987031,45.2242900056781,29.7127999999939 -1.14280996879737,45.2242700568539,28.9833000000071 -1.14274006369858,45.2242499403535,28.3999999999942 -1.1425000060069,45.2241000717591,27.0513000000064 -1.14233706149582,45.2240100501905,26.5887999999977 -1.14217998478018,45.2239200284793,26.5322000000015 -1.14207705491663,45.2238499562369,26.474000000002 -1.14190991976476,45.2237599342722,27.2670000000071 -1.14174999269473,45.2236700804686,27.418399999995 -1.14161001541051,45.2235800588518,27.7663999999932 -1.14149903843862,45.2235200439396,27.950800000006 -1.14142008101674,45.2234699203161,28.0270000000019 -1.14134699139027,45.2234600295967,28.0310999999929 -1.14127993574756,45.2234699203161,27.9961000000039 -1.1412100306488,45.2234900370924,27.9478999999992 -1.14116007443752,45.2235200439396,27.8701000000001 -1.1410100387171,45.2236300147072,27.5911000000051 -1.14087995098586,45.223729926919,27.4122000000061 -1.14077903334853,45.2238100582727,27.2810000000027 -1.14066001016664,45.223879962894,27.3508000000002 -1.14058691964187,45.2239299191186,27.5399000000034 -1.14049706565556,45.2239699846687,27.895199999999 -1.14032892528888,45.2240400573958,27.7636000000057 -1.14014904933134,45.2241200206429,28.0522999999957 -1.1399800699382,45.2241899261485,28.4134999999951 -1.13983992466902,45.2242400497699,28.6156999999948 -1.13966004960981,45.2242900056781,29.3580999999976 -1.13940892736875,45.224339962175,29.6481000000058 -1.13915897922579,45.2243999762217,30.4465999999957 -1.13903006559262,45.224429983854,30.8451000000059 -1.13889997786138,45.2244599908376,31.2118000000046 -1.13873703424864,45.2245000566468,31.6784999999945 -1.13859806217924,45.2245300635936,31.8062999999966 -1.13843897323737,45.2245600705245,31.8194999999978 -1.13831995095377,45.2245800198796,31.857600000003 -1.13820696265398,45.2245900780722,31.7839999999997 -1.13805793214835,45.2245900780722,31.4955000000045 -1.13791007574079,45.2245699616851,31.5066999999981 -1.13769801314662,45.2245399541267,31.7148000000016 -1.13747706621429,45.2245000566468,32.4054999999935 -1.13722007707611,45.2244599908376,33.2315999999992 -1.13697700194338,45.2244199256329,34.8343000000023 -1.13672906512832,45.2243800274361,38.7262000000046 -1.1365200208735,45.2243500204102,40.4382000000041 -1.13635707636245,45.224330071607,41.8252000000066 -1.13603001503885,45.2242799474323,45.2780999999959 -1.13571703390903,45.2242400497699,45.6459999999934 -1.13551000098214,45.2241999844102,45.7465999999986 -1.13532995793794,45.2241800355544,45.6052999999956 -1.13515008198041,45.2241399695197,45.8411999999953 -1.13498998782372,45.2241200206429,45.9514000000054 -1.13488001786328,45.224130078917,45.9171999999962 -1.1347700470045,45.2241699772892,46.0314999999973 -1.13465907093095,45.2242499403535,45.917300000001 -1.13457994552407,45.2243500204102,44.8678999999975 -1.13449998198904,45.224429983854,43.7866999999969 -1.13440006956654,45.2245200053903,42.7296999999962 -1.13432697994007,45.2245900780722,42.0926000000036 -1.1342369579688,45.2246400343055,41.3071999999956 -1.13416001187482,45.2246499248196,41.102899999998 -1.13414006298731,45.2246499248196,41.102899999998 -1.13405708201127,45.2246400343055,41.1015000000043 -1.13394996150688,45.224599968595,40.9845999999961 -1.13378701699584,45.2245200053903,40.4609999999957 -1.13362004982893,45.2244199256329,40.3785999999964 -1.13344000678473,45.2243099544952,40.3430999999982 -1.1332190598524,45.2241500277902,39.6820000000007 -1.13301705569446,45.2239899335981,37.7372999999934 -1.13282997165505,45.2238400655837,35.584600000002 -1.13264992861089,45.2236700804686,34.1876000000047 -1.13247692566358,45.2235099861903,33.9897000000055 -1.13229705060434,45.2233599498715,33.6401999999944 -1.1320199445937,45.2231100012965,34.354800000001 -1.13181995266199,45.2229500750122,33.9887000000017 -1.13161895461717,45.2227700312541,33.7372999999934 -1.13141896178716,45.2226000467359,32.5222000000067 -1.13125903561544,45.2224500105466,30.6771000000008 -1.13112693655626,45.2223499303089,30.5276000000013 -1.13101998313854,45.2222800257044,30.270199999999 -1.13089794251563,45.2221900037847,30.2826000000059 -1.13080004231932,45.2221299893033,30.2127000000037 -1.13072695179455,45.222089923722,30.2688000000053 -1.13071806745639,45.222089923722,30.2994000000035 -1.13063693072162,45.2220699747586,30.4184999999998 -1.1305190807395,45.222089923722,30.2188000000024 -1.13045705476408,45.2221100403539,30.0234999999957 -1.13039000001968,45.2221299893033,29.9198999999935 -1.13024901572405,45.2221199313081,29.7456999999995 -1.13011993500425,45.222089923722,29.5776000000042 -1.12994994949799,45.2220599167527,29.567200000005 -1.12976001600252,45.2220200187978,29.1760000000068 -1.12959707149144,45.2219900117917,29.0105999999942 -1.12939992901583,45.2219400557607,28.7749999999942 -1.12924704294099,45.2218899320096,28.6505999999936 -1.12907906966096,45.2218299172115,28.4398999999976 -1.12889902661676,45.2217300048242,28.1763999999966 -1.12878000343487,45.2216599324135,28.0645999999979 -1.12867992392571,45.2215999180052,27.533500000005 -1.12855000417942,45.2215400712109,27.0764000000054 -1.12843701587963,45.2214899471072,26.8611999999994 -1.12828698015918,45.2214599398213,26.7226999999984 -1.12810693711498,45.2214399912695,26.6293000000005 -1.12790895651121,45.2214200420781,26.2838000000047 -1.1276499551468,45.2213999258347,25.2979999999952 -1.12746002165133,45.2213900347552,24.8349000000017 -1.12730696759153,45.2213900347552,24.2188000000024 -1.12720705606732,45.2213900347552,23.732600000003 -1.12711703409609,45.2214099839573,23.2388000000064 -1.12707696833608,45.2214399912695,23.0362000000023 -1.12696699837564,45.2212269234439,22.3858000000037 -1.12707193956713,45.2210760490348,22.4254999999976 -1.12725500005234,45.2209699337369,22.7283000000025 -1.12757703260699,45.220826938939,23.6411999999982 -1.12788800151059,45.2207129447666,24.1845999999932 -1.12815605519808,45.2205769906173,21.2762999999977 -1.12817902152664,45.2205169756987,20.2361999999994 -1.12818505640874,45.2204720487829,20.1597000000038 -1.12807894111917,45.2204100228532,20.267399999997 -1.12796796504558,45.2203510144752,19.8652000000002 -1.12780200309349,45.2202529458778,18.7054999999964 -1.12767392758848,45.2201890758493,18.7171999999991 -1.12758591784345,45.2201270496109,18.3873000000021 -1.12747393565677,45.2200569771228,17.9579999999987 -1.12732691647904,45.2200420572608,17.8675999999978 -1.1271289367736,45.2200299873497,17.9627000000037 -1.12706892212608,45.2200259642563,18.0060999999987 -1.1269839298221,45.2199169995694,17.4587999999931 -1.12694906081603,45.219868049075,17.4759000000049 -1.12691301861022,45.2198090401344,17.6594000000041 -1.12691301861022,45.2197639456096,17.7079999999987 -1.12695392249836,45.2196900172395,17.5733999999939 -1.1269919760321,45.2196130717476,17.4511000000057 -1.12700505190939,45.2195840702016,17.4315999999963 -1.12697806202669,45.2194819784151,17.6080999999976 -1.12697303325771,45.2194159289015,17.7360999999946 -1.12696398093459,45.2193430068135,17.9235999999946 -1.12693799626668,45.2192590200275,18.1394 -1.12692995005668,45.2191909586787,17.9165999999968 -1.12700505190939,45.2191329564066,17.4829999999929 -1.12710094077776,45.2190759589163,17.315499999997 -1.12718693919486,45.2190119211466,17.545299999998 -1.12724896517028,45.2189609595541,17.7281999999977 -1.12735105690568,45.2189190497369,17.5959000000003 -1.12742599077342,45.2188850191856,17.4906000000046 -1.12752104151364,45.2188459599593,17.3956000000035 -1.12765599002887,45.2188040500573,17.2045000000071 -1.12774802332807,45.2187470535029,17.1058000000048 -1.12781692321205,45.2187130228487,17.0893000000069 -1.12787894918747,45.2186620609883,17.0865000000049 -1.12792806727056,45.2185680158386,17.1211999999941 -1.12794801615807,45.2185210770484,17.1484999999957 -1.12795405104014,45.218458045404,17.1778999999951 -1.12791700272121,45.2183919959665,17.1989000000031 -1.1278910189516,45.2183180677109,17.2746999999945 -1.12786604129514,45.2182540297204,17.3705000000045 -1.12784005662723,45.2181920039021,17.4625999999989 -1.12785397063268,45.2181309835067,17.4250000000029 -1.12789303027954,45.2180600726527,17.2274000000034 -1.12795203881391,45.2179779298016,17.0322000000015 -1.12801104824661,45.2178820408513,17.1401000000042 -1.12804004945724,45.2177970483093,17.1662000000069 -1.12810693711498,45.2177120556402,17.1177000000025 -1.12815303685873,45.2176419833398,17.102899999998 -1.1282019878552,45.2175670492414,17.1212999999989 -1.12829301504125,45.2174869179474,17.1186000000016 -1.12833794248355,45.2174099720054,17.1055999999953 -1.12838102478628,45.2173680623106,17.1107000000047 -1.12848998953194,45.2173529753192,17.1839999999938 -1.1286289616013,45.2173489520364,17.2608000000037 -1.12876206677359,45.2173489520364,17.2608000000037 -1.12886600185197,45.2173529753192,17.3512999999948 -1.12897396048451,45.2173529753192,17.6027000000031 -1.12907705833302,45.2173640390289,17.8245000000024 -1.12919406928868,45.2173640390289,18.1713000000018 -1.12926296917266,45.2173759418165,18.2697000000044 -1.1292400028441,45.2173080484345,18.6175999999978 -1.12921401817619,45.2171890253666,19.0464999999967 -1.12920798329413,45.2170790547961,19.0148999999947 -1.12919105184763,45.2170019412444,19.0292000000045 -1.12918501696557,45.2169340474158,19.1763999999966 -1.12917495852933,45.2168579398133,19.3558000000048 -1.12916892364723,45.2168009432065,19.5019999999931 -1.12916104452389,45.2167350614339,19.6722000000009 -1.12914796954494,45.2166579480485,19.7624000000069 -1.12917495852933,45.2166049739442,19.8399000000063 -1.12921401817619,45.2165540120929,19.9180000000051 -1.12923698540305,45.2165099230369,20.0420000000013 -1.1292929764964,45.2164569494275,20.2039999999979 -1.12932499514808,45.2164349893451,20.2814000000071 -1.12941702844725,45.2163600549216,20.5016999999934 -1.12949397454123,45.2162950111014,20.7333999999973 -1.12953705684392,45.2162390200871,20.9921999999933 -1.12964199893374,45.2161709589203,21.3622999999934 -1.12959003049623,45.2160720528733,21.2642000000051 -1.12951291731562,45.215909947023,21.5298000000039 -1.12945592010915,45.2157290652805,21.6720000000059 -1.12939204989245,45.2155810410149,21.7445000000007 -1.12933103003015,45.2153659610375,21.9088000000047 -1.12926799794161,45.2152900209303,21.4680999999982 -1.12920999552036,45.2152600141692,21.0142000000051 -1.12911997354909,45.2151500436651,20.0304999999935 -1.12907906966096,45.2150999196235,19.4676999999938 -1.1291870291918,45.215049963234,20.4986000000063 -1.12923698540305,45.2150199563462,21.0390999999945 -1.12925894561849,45.2150199563462,21.2978000000003 -1.12933706491225,45.2149800585137,22.0535999999993 -1.12957008160872,45.2148199638127,24.6777000000002 -1.12962992827128,45.2147700078101,25.5146999999997 -1.12973704967396,45.2146300298977,27.2474999999977 -1.12990804039504,45.214469935477,29.2973000000056 -1.12999806146797,45.2143599653435,29.9192000000039 -1.13006897267985,45.2141799215948,29.0356999999931 -1.13011004365464,45.2140300536672,30.9015999999974 -1.13014692398865,45.213869958823,30.0764000000054 -1.13017793742551,45.2137199230111,29.0288 -1.13020006562591,45.213600061524,29.2516999999934 -1.13018698974862,45.213489923906,28.2890000000043 -1.13013703353737,45.2133400554256,26.2617999999929 -1.13011993500425,45.2132399749734,25.3545000000013 -1.1300880834392,45.2131300049929,25.2109999999957 -1.13003997146922,45.2129799684945,24.5439999999944 -1.13002002258171,45.2127300204848,23.9039000000048 -1.12999806146797,45.2125499772714,24.071299999996 -1.13000694670443,45.2123900503948,24.5210999999981 -1.13003997146922,45.2122700215646,25.147100000002 -1.13006897267985,45.2121799996175,25.9000999999989 -1.13008003722923,45.2120599709768,26.2317000000039 -1.13008003722923,45.2119500006131,26.4257999999973 -1.13008003722923,45.2118200806414,27.196299999996 -1.13008003722923,45.211679935356,26.8515000000043 -1.13008003722923,45.2115800228532,26.8151999999973 -1.13009696867569,45.2114900017125,27.2079999999987 -1.13014692398865,45.2113399653175,28.2289000000019 -1.1302270555086,45.2111599221337,29.8625000000029 -1.13031707747986,45.2110100538419,31.5659000000014 -1.13043995533263,45.210819952151,32.6447999999946 -1.1305190807395,45.2106999231715,32.5531999999948 -1.1305970329466,45.2104199678509,32.5008999999991 -1.13076701755453,45.2098399403371,33.0019999999931 -1.13100992560064,45.2090800368786,37.0635000000038 -1.13130697960046,45.2085400746549,41.578800000003 -1.13143002633651,45.2082299438073,43.2612999999983 -1.13143002633651,45.2080299520788,40.7477999999974 -1.13137001168899,45.2079699372084,40.2981 -1.13134905668837,45.2079499883542,40.0142000000051 -1.13120002708107,45.2078700251501,37.3975000000064 -1.13099701680998,45.2077999527472,34.7066999999952 -1.13074002767184,45.2077199893322,32.9198000000033 -1.1305380244122,45.2076499161116,29.6704000000027 -1.13029997804845,45.2075699531185,27.4943000000058 -1.13013703353737,45.2075199970765,27.1796999999933 -1.12996704892941,45.207459982301,26.1742999999988 -1.12982707074689,45.2074199171421,25.2832999999955 -1.12969698391398,45.2073699609683,24.5368000000017 -1.12957008160872,45.2073099466673,24.5368000000017 -1.12942691889852,45.2072100340827,24.3286999999982 -1.12932700647598,45.2071399614996,23.9521999999997 -1.12922005395659,45.2070700565501,23.3506000000052 -1.12909700722053,45.2070100419328,23.2983999999997 -1.12890992318115,45.2069500272521,23.2301000000007 -1.12878000343487,45.2069300786731,22.6919000000053 -1.12852703785086,45.2068700639081,21.8963999999978 -1.12836996113523,45.2068400571347,21.7682999999961 -1.12817902152664,45.2067800422747,21.4159999999974 -1.12805999834475,45.2067399772698,20.4982000000018 -1.12801004213349,45.2067099697949,20.2231000000029 -1.1279770173687,45.2066900211317,20.0743999999977 -1.1278299990893,45.2065999992134,20.4513000000006 -1.12761005737179,45.2064400726947,21.1036000000022 -1.12743705532277,45.2062999268112,21.1938999999984 -1.12723002239588,45.2061400000818,19.0307999999932 -1.12708903810025,45.2060300296643,21.465400000001 -1.1269200596054,45.2059400079673,21.3337999999931 -1.12669005945166,45.2058199794494,21.7802999999985 -1.12654907605432,45.2057500741436,22.5531999999948 -1.12638998801075,45.2056600526365,21.7905000000028 -1.12630700703471,45.205570030987,21.4575999999943 -1.12597005436153,45.2053400318357,18.6016999999993 -1.12580006975357,45.205149930182,16.7494000000006 -1.12566998202233,45.2048999813072,17.5623000000051 -1.1255469361846,45.2044299243934,18.4875000000029 -1.12545004120311,45.2036599627189,18.5739000000031 -1.12534996079562,45.2034899780373,20.4573999999993 -1.12523697339413,45.2033800075604,20.269100000005 -1.12513706097162,45.20330993469,19.0861000000004 -1.12499004269222,45.2032400294645,18.4536999999982 -1.12474897888742,45.2031300591374,19.2943999999989 -1.12450003595924,45.203019920866,17.6812000000064 -1.12425997826756,45.2029000596155,16.9768999999942 -1.12406702733104,45.2027899215318,17.1245000000054 -1.12387005284038,45.2026700597967,17.2341000000015 -1.12382898096726,45.2026499432499,17.0102000000043 -1.12367995046162,45.2025500313418,17.4171999999962 -1.12348901085303,45.2024199443188,18.3027000000002 -1.1233989897801,45.2023500392655,18.408500000005 -1.12328801280821,45.2022499590968,18.7165999999997 -1.12321894583761,45.2021599377476,18.8773999999976 -1.12315691986219,45.2020300182003,18.8381999999983 -1.12310796976405,45.2018600330791,20.4728999999934 -1.12307695632716,45.2017500626164,20.9927000000025 -1.12303907077837,45.2016300334866,21.2983999999997 -1.12301006956774,45.2015299533171,21.4682999999932 -1.12301006956774,45.201389975733,21.5167999999976 -1.12288702283169,45.2011799254755,21.3617999999988 -1.12279700086046,45.2008900792921,21.1385000000009 -1.12288702283169,45.2008000576901,21.3867000000027 -1.12326404036657,45.2004580755802,21.9651000000013 -1.12341592122659,45.2000049503594,22.5219999999972 -1.12362999425037,45.1995809934382,23.3267999999953 -1.12378003086912,45.1990519279284,24.0161999999982 -1.12382294608519,45.1987949386545,23.9305000000022 -1.12485308195072,45.1971319689733,23.0265000000072 -1.12532297181122,45.196708012168,22.7075000000041 -1.12575497522464,45.1962399670584,21.1349000000046 -1.12609595055365,45.1957410762013,14.2045999999973 -1.12667497224644,45.1953479644546,23.1444999999949 -1.12710596954671,45.1951209828172,24.4192000000039 -1.12772908055368,45.1948180606876,26.1717999999964 -1.12850105408129,45.1946219245221,32.6720999999961 -1.1287209949005,45.1944760793402,33.5164999999979 -1.12905207977823,45.1942450737394,33.2056000000011 -1.12906699989679,45.1941399649343,33.7492000000057 -1.12906699989679,45.1940900084938,33.9358000000066 -1.12905006845033,45.1939699796638,33.9603999999963 -1.12901704368554,45.1938600091446,33.9363000000012 -1.12902995157783,45.1932199671991,33.4106000000029 -1.1290400100141,45.1929500700398,32.2599999999948 -1.12906699989679,45.1927899753716,28.4489000000031 -1.12922005395659,45.1926800051044,24.9710999999952 -1.12954007428497,45.1926300486485,28.4698999999964 -1.12974995756629,45.1925899831745,31.1750000000029 -1.13002002258171,45.1925400272726,30.420299999998 -1.13022001451342,45.1925200780723,30.946100000001 -1.1305970329466,45.1924699543461,32.273199999996 -1.13087899974124,45.1924300565224,33.8231999999989 -1.13109994667357,45.1924099401536,35.2385000000068 -1.13134000436525,45.1923700422878,34.9272999999957 -1.13157704461592,45.1923299766308,34.861699999994 -1.13177904877385,45.1922800205006,35.5663999999961 -1.13195892383306,45.1922699622906,36.6818000000058 -1.1321589166631,45.1922800205006,37.1567000000068 -1.13236008179454,45.1923199184295,37.5311999999976 -1.1325999723996,45.1923599840936,37.4851000000053 -1.13281002276754,45.1923899909076,37.6261999999988 -1.13301001469925,45.1924399475743,37.6928999999946 -1.133196931652,45.1924500057543,37.6567000000068 -1.13337697469619,45.1924199983389,37.8622999999934 -1.13355701774036,45.1923599840936,38.3191999999981 -1.13373706078455,45.1922800205006,38.766300000003 -1.13391693674212,45.1921799403451,38.7228999999934 -1.13406999080189,45.1920500214333,38.9140999999945 -1.1342369579688,45.1918999850427,38.8417999999947 -1.13440006956654,45.1917400583509,38.4468000000052 -1.13450702298426,45.1916299201889,38.8414000000048 -1.13471003235698,45.1914200371194,39.4337999999989 -1.13481698577474,45.1913100667375,38.6043000000063 -1.13497003893621,45.1911400818775,38.5197999999946 -1.13508000979498,45.1909399218131,41.7139000000025 -1.13521998707917,45.1906700246034,40.3102999999974 -1.13531000905043,45.1905099304853,41.216499999995 -1.13540003102166,45.1903600616024,38.2878000000055 -1.13553699086483,45.1901000550008,38.0835999999981 -1.13561997184088,45.1898900048502,36.6217000000033 -1.13564897305154,45.1890600287458,36.6649000000034 -1.13571703390903,45.1888699271431,37.1165000000037 -1.13578006599756,45.1887200583737,37.4149999999936 -1.13584008064508,45.1886199789224,37.3144999999931 -1.13591903806697,45.1884000378885,37.2403000000049 -1.13598693183783,45.1882699501705,37.3176999999996 -1.13603705513574,45.1881400311969,37.8445000000065 -1.13607007990053,45.1880300601755,38.1114999999991 -1.1360600214643,45.1879299801442,38.0837999999931 -1.13601995660262,45.1878399589316,38.4272000000055 -1.13593999306759,45.1877499369435,38.8343000000023 -1.13584997109636,45.1876200174162,39.3013000000064 -1.13575005867382,45.1874999888696,39.2583000000013 -1.13566992805216,45.1873900185111,38.9456999999966 -1.13558007406586,45.1872500403313,38.5063999999984 -1.13547999455669,45.1871300116377,38.2998999999982 -1.1353670062569,45.1870299319232,38.2317999999941 -1.13523993596668,45.1869400776996,38.4119999999966 -1.13513700700142,45.1868599469431,38.642200000002 -1.13506995135875,45.1867900417674,38.7425999999978 -1.13501898903435,45.1867000200183,38.7932000000001 -1.1349970288189,45.1865799914311,38.8561000000045 -1.1349970288189,45.1864400131589,38.8974000000017 -1.1349970288189,45.1862400214416,38.9453999999969 -1.1349970288189,45.1860799268929,39.1153999999951 -1.1349970288189,45.1859399492903,40.0047999999952 -1.13506006090744,45.1858199203668,41.7918999999965 -1.13512996600624,45.1857600732762,42.9921000000031 -1.13523993596668,45.1857099492951,42.4051000000036 -1.13532995793794,45.1856900008664,41.6472999999969 -1.13549005209463,45.1856599936858,42.213699999993 -1.13566992805216,45.1856100373996,42.0124999999971 -1.13592993463136,45.1855600810696,39.6564000000071 -1.13609908111116,45.1855200156838,38.6444000000047 -1.13625699685325,45.1854600011275,38.1940000000031 -1.13634701792622,45.1854199356714,36.3960999999981 -1.13641994046603,45.1853200232669,36.0809000000008 -1.13647006466224,45.1851999943026,37.5124999999971 -1.13650007198599,45.1850900239327,37.976800000004 -1.13659998440853,45.1848499660473,35.1892999999982 -1.13670006391769,45.1844900476401,32.9421000000002 -1.13675706112416,45.1842900554037,29.585699999996 -1.136789917904,45.1841599677903,27.9682999999932 -1.13679695889918,45.1840999536996,27.5907000000007 -1.13678002745272,45.1840300483004,27.5907000000007 -1.13675002012898,45.1839799246954,27.5907000000007 -1.13669000548146,45.1839200782031,27.0068000000028 -1.13661004194646,45.1838500054279,26.9087 -1.1365200208735,45.1837599834615,27.0727000000043 -1.13647995511352,45.183669961986,26.5552000000025 -1.13647006466224,45.183570049676,25.8635999999969 -1.13647006466224,45.1834699700344,25.309500000003 -1.13647995511352,45.183390006615,25.2225999999937 -1.13647006466224,45.1832999845544,24.8628999999928 -1.13643703989745,45.1831900143131,23.6897999999928 -1.13638993314229,45.1830999925695,24.309500000003 -1.13633997782933,45.1829700731934,25.228099999993 -1.13629002161805,45.1828399857295,26.3457999999955 -1.13624006540679,45.1827000083915,26.8889999999956 -1.13623000697056,45.1826099865062,27.5766000000003 -1.13621693109328,45.182549972048,28.0001000000047 -1.13621005808305,45.182450059672,28.2553999999946 -1.13621693109328,45.1823499799611,28.4051000000036 -1.13623000697056,45.1823100820085,28.4051000000036 -1.13625699685325,45.1821499878048,28.2966000000015 -1.13629002161805,45.1820100100367,28.4220999999961 -1.13630695306454,45.1819199883268,28.6898999999976 -1.13633997782933,45.1818599737743,28.7100000000064 -1.13645900011289,45.1817500032843,28.7179000000033 -1.13661004194646,45.181629974391,28.8757999999943 -1.13669000548146,45.1815600691248,29.0130000000063 -1.13684004210021,45.1814299822383,28.7847000000038 -1.13698706037961,45.1812700552553,29.0733999999939 -1.13715000489069,45.1811599170959,29.5717000000004 -1.13727992373864,45.1810900118858,30.7804999999935 -1.13741001146988,45.1810299977249,31.4051999999938 -1.13759005451408,45.1809899323169,31.5059000000037 -1.13778803511788,45.1809599251916,34.3126999999949 -1.13797696339853,45.1809599251916,36.7116999999998 -1.13814795411961,45.1809699835007,37.281799999997 -1.13834895216443,45.1809999906207,37.1489000000001 -1.13849999399797,45.1810299977249,37.0889000000025 -1.13865707071361,45.1810799535978,36.2063000000053 -1.13880995678845,45.1810900118858,35.8810999999987 -1.13898999983265,45.1811099612931,35.2942000000039 -1.13926995529935,45.1811300778565,33.2393000000011 -1.13952996187857,45.1811599170959,31.4337999999989 -1.13973699480546,45.181189924749,30.8849000000046 -1.13992994664028,45.1811999830175,30.8684000000067 -1.14008702335592,45.1812100412842,31.1754999999976 -1.14018693577846,45.1811800336417,31.6570000000065 -1.14027695774969,45.1811399683393,32.090400000001 -1.14033998893993,45.1810700631046,32.4578000000038 -1.14045700079388,45.1809399763649,33.3006000000023 -1.14061005395535,45.1807899398155,33.8022999999957 -1.14079998834916,45.180589947878,33.834600000002 -1.14095907639269,45.1804199626636,33.6803999999975 -1.14110995113964,45.1802600360096,33.4998000000051 -1.1412100306488,45.1801500655952,33.9407000000065 -1.14142008101674,45.1799400148204,33.8730999999971 -1.14155000076302,45.1798199859106,33.4642000000022 -1.14170003648344,45.179680008746,33.1567000000068 -1.14182006577845,45.1795400306041,32.7599000000046 -1.14187002198974,45.1794900746464,32.870299999995 -1.14197697450913,45.179389994798,32.8622999999934 -1.14211007968142,45.179319922146,32.4683999999979 -1.14228995474066,45.1792200098005,32.4333000000042 -1.14236991827566,45.1792000603642,32.8806999999942 -1.14259002707983,45.1790899226331,34.4621999999945 -1.14269698049755,45.1790399662804,34.9756000000052 -1.14279706000675,45.1790200174143,34.9958000000042 -1.14289998987031,45.1790099593939,34.7299000000057 -1.14305002648906,45.178990009884,35.5236000000004 -1.14323006953325,45.178990009884,38.4247000000032 -1.1433499308433,45.1789700610003,39.8561999999947 -1.14349996656372,45.1789400540769,40.9058999999979 -1.14363005429496,45.1789100465045,41.0656000000017 -1.14374907657856,45.1788599228243,41.1417999999976 -1.14391704985858,45.1787900179563,41.1230999999971 -1.14409692581612,45.1787199451991,40.7434000000067 -1.14429892997406,45.1786299233529,39.3230999999942 -1.14440001559634,45.1785799672299,38.5491000000038 -1.14453999288056,45.1785199529561,37.5666000000056 -1.14458005864054,45.1783199606439,38.4073000000062 -1.14461006596428,45.1780700123253,39.1989000000031 -1.14465901606245,45.1777199839252,40.9618999999948 -1.14470997838682,45.1774299701257,41.4226999999955 -1.14473696826954,45.1772299784177,41.5650000000023 -1.14477703313119,45.1770599933041,41.4060000000027 -1.14478994192185,45.1769399640223,41.1710000000021 -1.14490007986725,45.1768400519334,40.1977999999945 -1.14493997764227,45.1768100445207,39.796199999997 -1.14496998496601,45.1767899283307,39.4983999999968 -1.14499697484874,45.1767200234544,38.9658000000054 -1.14506000693727,45.1765999940892,38.2936999999947 -1.14519897810834,45.176389943516,36.0191999999952 -1.14535001994191,45.1762000098401,34.7023999999947 -1.1454690431238,45.1759899596913,34.3567999999941 -1.14553693689467,45.1758100839019,34.6708000000071 -1.14561991787071,45.17563993117,34.7817000000068 -1.14566802984069,45.1755400186998,34.5464999999967 -1.14564891908134,45.175490062399,34.2666999999929 -1.1455999689832,45.1753700336075,33.5951999999961 -1.14561002741944,45.1752900702104,33.0187000000005 -1.14564891908134,45.175200048641,32.7253999999957 -1.1457389410526,45.1750999688514,32.3905999999988 -1.14580700191009,45.1750500127978,31.7762999999977 -1.1458799244499,45.1750200057084,31.3086000000039 -1.14579996091491,45.1750300638004,31.6533000000054 -1.1457270383751,45.1750500127978,32.053700000004 -1.14571697993886,45.1750500127978,32.0886000000028 -1.1457270383751,45.1750500127978,32.053700000004 -1.14579996091491,45.1750300638004,31.6533000000054 -1.1458799244499,45.1750200057084,31.3086000000039 -1.14596005507159,45.1749899986032,30.9027999999962 -1.14619994567662,45.1748999765594,30.3372999999992 -1.14656003176501,45.1748000646908,30.7225000000035 -1.14665005373627,45.1747700574697,31.0769 -1.14683898201693,45.17471004298,31.508799999996 -1.14708893015989,45.1746500284271,31.7666999999929 -1.14731993552845,45.1746000719788,32.3383999999933 -1.14749997857265,45.1745600064791,33.0933999999979 -1.14774707725955,45.1744800432112,33.1174000000028 -1.14794002819604,45.1744200290492,32.5907000000007 -1.14809006481479,45.1743799634229,32.3481000000029 -1.14817991880109,45.1743400655847,32.046199999997 -1.148230042099,45.1743199491554,31.9042000000045 -1.14829994719777,45.1742800512751,31.7284000000072 -1.14812996258984,45.1741999204306,31.527900000001 -1.14795997708355,45.1741199566571,31.7314000000042 -1.14778697503457,45.1740500516695,31.3032999999996 -1.1476969530633,45.1739999281441,30.7364999999991 -1.14764900907828,45.1739499717588,30.4538999999932 -1.14760693199037,45.1739100742526,30.2554999999993 -1.1475170780041,45.1737999357885,29.7114000000001 -1.14746896513579,45.1736800744193,29.131899999993 -1.14746896513579,45.1735399289077,29.1684999999998 -1.14747701224409,45.173360053612,28.7350000000006 -1.14747701224409,45.1732100173541,28.6719000000012 -1.14746896513579,45.1730299738295,28.6818999999959 -1.14742705603283,45.1728499310023,29.343200000003 -1.14737894406286,45.1727300695335,29.6162999999942 -1.14729696919992,45.1725899242172,30.0081000000064 -1.14719001578217,45.1724400556522,29.5329000000056 -1.14708893015989,45.1723099688278,28.7286000000022 -1.14697007496295,45.1721800488957,28.2924999999959 -1.14683898201693,45.1720499621107,28.7828000000009 -1.14670000994753,45.171950049675,28.2360999999946 -1.14657696321147,45.1718499698737,26.8120000000054 -1.14652700700022,45.1718000135023,26.3276000000042 -1.14651007555376,45.1717700066003,26.2201000000059 -1.14647805690208,45.1717099921156,26.2611000000034 -1.14645894614273,45.1716000216541,26.6347999999998 -1.14645894614273,45.1715200580298,26.4058999999979 -1.14648694213854,45.1714499851926,26.1232000000018 -1.14656003176501,45.1714499851926,26.1232000000018 -1.14648694213854,45.1714499851926,26.1232000000018 -1.14656807887331,45.1713599638859,25.4091000000044 -1.14671694139399,45.1712800005579,27.3840999999957 -1.14689698443818,45.1712099274253,29.0338000000047 -1.14714005957091,45.1711500808094,31.8478000000032 -1.14729696919992,45.1711100154159,32.7544000000053 -1.14744901624828,45.1710600590287,32.0026000000071 -1.14760693199037,45.1709899862588,34.8641000000061 -1.1477190812637,45.1709200812292,36.7896000000037 -1.14781999979936,45.1708200015179,37.7725999999966 -1.14791002087229,45.1707199216307,39.315300000002 -1.14800892808001,45.1705299874097,41.0641999999934 -1.14812007213856,45.1702699807996,42.4697000000015 -1.148230042099,45.1700000837531,43.7136000000028 -1.14835996184529,45.1697300188644,40.0685999999987 -1.14842701658966,45.1695100776829,39.1604999999981 -1.14846708234964,45.1693300344949,33.6929999999993 -1.14846708234964,45.1691600492331,31.0204999999987 -1.14846004135445,45.1690899766589,30.8828999999969 -1.14842701658966,45.1690299625168,29.1915000000008 -1.14841695905176,45.1689999547887,28.4553000000014 -1.14835996184529,45.1689300498499,26.0587999999989 -1.148230042099,45.1688299698084,26.784599999999 -1.14812007213856,45.1687600652943,24.7940999999992 -1.14795997708355,45.168670043536,21.9242999999988 -1.1477970334708,45.1685500143037,20.8766000000032 -1.14755898710705,45.1683600804467,19.3956000000035 -1.14728003775343,45.1681099642771,17.9717999999993 -1.14703998006175,45.1678700742012,16.678899999999 -1.14668995151129,45.1675700021318,16.8940000000002 -1.14642005448079,45.1673400026616,17.7786999999953 -1.14619994567662,45.1671400109864,18.0164999999979 -1.14613993102913,45.1670900549173,18.0296999999991 -1.14596005507159,45.1669700255223,18.4682999999932 -1.14552000544817,45.1666099389865,17.7917000000016 -1.14524004998147,45.1663700489269,16.7326999999932 -1.14498004340228,45.1661400496783,16.7231999999931 -1.14473696826954,45.1659199407275,17.0111000000034 -1.14447897301825,45.1656899415618,20.7345999999961 -1.14403992860965,45.1653300223775,23.3941999999952 -1.14373700681439,45.1650800740475,25.1723000000056 -1.14342704402391,45.1648200678944,26.221000000005 -1.14317994533701,45.1646100169423,23.5945000000065 -1.14305706658594,45.1644299741003,23.7050000000017 -1.14299001184157,45.1644400321623,23.7033999999985 -1.14297693596429,45.1644400321623,23.7033999999985 -1.14299001184157,45.1644400321623,23.7033999999985 -1.14305706658594,45.1644299741003,23.7050000000017 -1.14291993875782,45.1643000545616,24.1184000000067 -1.14278700246881,45.1641800256215,25.152900000001 -1.14268004905109,45.1640499382995,24.886599999998 -1.14260695852632,45.1639300773129,25.5838999999978 -1.14259002707983,45.1638199391843,26.4496999999974 -1.14260695852632,45.1636799613266,26.896900000007 -1.14268004905109,45.1634700784528,27.1108999999997 -1.14271994682611,45.1633299331536,27.3693000000058 -1.14274693670884,45.1632199623472,27.3815000000031 -1.14274693670884,45.1632100719189,27.4312000000064 -1.14279706000675,45.1630399189125,27.9572000000044 -1.14288708197798,45.1628699338814,28.1126999999979 -1.14299001184157,45.1627200657097,28.5746999999974 -1.14311892547474,45.1625599709006,28.7565000000031 -1.14323006953325,45.1624099353289,28.7007000000012 -1.14338899049016,45.1621700453177,29.4992000000057 -1.1434790115631,45.1619900017321,29.6015000000043 -1.14358998853499,45.1618099582108,30.4127000000008 -1.14366894595687,45.1616699804818,30.4026000000013 -1.14373700681439,45.1615499517012,30.2734999999957 -1.14381998779043,45.161420032562,29.4867999999988 -1.14392895253609,45.1613100618695,28.5222000000067 -1.14402903204526,45.1612500471317,28.5378999999957 -1.14421997255218,45.161190032964,28.8159000000014 -1.14436699083155,45.1611499675321,28.7685999999958 -1.14438895104699,45.1611400767444,28.7225999999937 -1.14444997180763,45.1611300187332,28.7262999999948 -1.14446707034075,45.1611199600868,28.6826000000001 -1.14477703313119,45.1610599457821,28.4189999999944 -1.14502999961353,45.1609999314142,27.7305999999953 -1.14535001994191,45.1609199681107,26.2372000000032 -1.14566802984069,45.1608200557874,25.2422999999981 -1.1459189840968,45.1607399250085,24.693299999999 -1.14611796991539,45.16065996134,24.6272999999928 -1.14638803493082,45.1605399323318,25.2271999999939 -1.14659003908875,45.1604500787421,26.0132000000012 -1.14679003102046,45.1603099329815,27.2155999999959 -1.14693705019816,45.1601800135484,28.0558000000019 -1.14702707127112,45.1600899921661,28.6836000000039 -1.1471169252574,45.1600199192028,28.6386999999959 -1.14728003775343,45.1598700511352,28.4388000000035 -1.14737894406286,45.1597300730741,28.4741999999969 -1.14747701224409,45.1595899274429,27.9719000000041 -1.14755898710705,45.1594600082683,27.969299999997 -1.14760693199037,45.159339979266,28.1015999999945 -1.14762906019077,45.1592100595215,28.0581999999995 -1.14760005808181,45.1590400750989,27.9597000000067 -1.14757994210768,45.1588600317572,27.6045000000013 -1.14755898710705,45.1586999368699,26.0951999999961 -1.14753903821951,45.1585400106626,24.260500000004 -1.14752696845537,45.1584099231312,23.1502999999939 -1.14757994210768,45.1582999529631,21.7817000000068 -1.14763995675516,45.1581899819494,20.0451999999932 -1.14760005808181,45.1581799240509,20.2406999999948 -1.14763995675516,45.1581899819494,20.0451999999932 -1.14773903015121,45.1580699534389,19.3516999999993 -1.14780893525001,45.1579499246756,19.1910999999964 -1.1478769961075,45.1578399536198,19.1294999999955 -1.1478769961075,45.1578300635244,19.1417999999976 -1.14791907409374,45.1577499323411,19.1339000000007 -1.14792695231879,45.1576000640039,19.1710000000021 -1.14791002087229,45.1574699768603,19.190300000002 -1.14788705454373,45.1573499481,19.1704999999929 -1.14778697503457,45.157190021271,18.9260000000068 -1.14768002161684,45.1570699925545,18.7315999999992 -1.14753903821951,45.1569499635852,19.6533000000054 -1.14744901624828,45.1568700002989,20.0335999999952 -1.14716704945364,45.1566700079749,21.4076999999961 -1.14694995809049,45.1565399206085,24.9271000000008 -1.14674007480921,45.1564100014477,25.2709999999934 -1.14645894614273,45.1562500745144,24.4444999999978 -1.14625694198479,45.1561499943676,23.8540000000066 -1.14605007704282,45.1560299659942,23.7580000000016 -1.14584807288489,45.1559199950339,24.0415999999968 -1.1457389410526,45.1558499226435,23.7847000000038 -1.14564891908134,45.1557800174045,23.7707999999984 -1.14561002741944,45.1557399519692,23.6119999999937 -1.14561002741944,45.1557300615093,23.5712000000058 -1.14556996165946,45.1556599882518,23.3822999999975 -1.14556996165946,45.1555500178444,23.3049000000028 -1.14561002741944,45.1553300770264,23.0308999999979 -1.14564891908134,45.1551099681201,22.5568000000058 -1.14567708216381,45.1549299250301,23.071100000001 -1.14570993894365,45.1547699977439,23.1343999999954 -1.14575000470366,45.1546499689979,23.3623999999982 -1.14582896212554,45.1544699257215,24.1511000000028 -1.1459189840968,45.1543400062757,24.6742999999988 -1.14598704495429,45.1541800798681,26.0547999999981 -1.14605007704282,45.1540099271342,26.4630999999936 -1.14602794884242,45.1538699492475,26.3350999999966 -1.14596994552287,45.1537799273985,25.9585999999981 -1.14590708141929,45.1537100227877,25.9024999999965 -1.14587003399863,45.1536800152251,25.991200000004 -1.14570993894365,45.1535360144342,26.457899999994 -1.14571899216509,45.1533769257942,27.1263000000035 -1.14558002009569,45.1532790249206,27.2991000000038 -1.14580498968386,45.1531050165181,28.1652000000031 -1.1460210758322,45.1529610155414,28.1036000000022 -1.14616692091182,45.1528599299427,27.6009000000049 -1.14629801385788,45.1527700756451,27.6132000000071 -1.14645894614273,45.1526500471213,26.6416999999929 -1.14660998797626,45.1525300183448,25.982799999998 -1.14674795393255,45.1523799823354,25.5512000000017 -1.14686999455549,45.1522500625597,24.7753999999986 -1.14700997273801,45.1520899681069,23.581600000005 -1.14713000113468,45.1519300417202,23.4994000000006 -1.14723008154218,45.1518100126943,22.9238999999943 -1.14732999396468,45.1516799256368,23.0432000000001 -1.14744901624828,45.1515399477289,22.8601000000053 -1.14755898710705,45.1513999701106,22.5026000000071 -1.14764900907828,45.1512899997184,22.2599000000046 -1.1477190812637,45.1511800291139,22.2538000000059 -1.1477970334708,45.1510799489324,22.2617000000027 -1.1478500071231,45.1509800364603,21.9231 -1.14791002087229,45.1508700658912,21.8613999999943 -1.14794002819604,45.1507800443719,24.7032000000036 -1.14794002819604,45.1507299206425,25.9861999999994 -1.14794002819604,45.1506799647551,25.9232000000047 -1.1478769961075,45.1505699942406,24.4735999999975 -1.14777004358811,45.1504400747737,21.4054999999935 -1.14759000054391,45.1502000165288,17.9774999999936 -1.14737894406286,45.1498999445181,17.9939000000013 -1.1471169252574,45.1495599747386,17.7883000000002 -1.14682992879548,45.1491799392195,19.1584000000003 -1.14660998797626,45.1488599182471,22.4472999999998 -1.14642994493207,45.1486299186347,26.2973999999958 -1.14625694198479,45.1484200360749,31.9931999999972 -1.14614998946536,45.1482700000164,34.0783999999985 -1.14596994552287,45.148089956225,37.2011000000057 -1.1457270383751,45.1478599573071,40.3254000000015 -1.14557800786946,45.1477099210416,38.5581999999995 -1.14531699607545,45.1474799218574,37.6926999999996 -1.14512002068646,45.1472899874472,37.3344999999972 -1.14489002143101,45.1471000536712,35.5733000000037 -1.14463001485179,45.1469600759196,34.8708999999944 -1.14435994983636,45.1468199305605,33.1897000000026 -1.14418694778738,45.1467399669988,32.6328000000067 -1.14396700606984,45.1466499452921,31.6889999999985 -1.14381998779043,45.1465899309532,29.6956999999966 -1.14377003157918,45.1465800401725,30.1135000000068 -1.14366894595687,45.1465699821256,30.9587999999931 -1.14345001035247,45.1465599240768,32.2115999999951 -1.14328706673972,45.1465599240768,31.6515000000072 -1.14311892547474,45.1465399752387,30.6435000000056 -1.14300996072908,45.1465099677024,29.8675999999978 -1.14285992500863,45.1464600119178,28.1984999999986 -1.14269698049755,45.1463899386666,27.2975000000006 -1.14257896342881,45.1463200338617,26.0601000000024 -1.14236002782438,45.146139990247,24.9717999999993 -1.14215701845162,45.1459700054853,24.1358999999939 -1.14211007968142,45.1458399184039,25.3074999999953 -1.14211007968142,45.1457500644435,25.7856999999931 -1.14219993366769,45.1456600430743,25.8439999999973 -1.1423870177071,45.1454499924487,25.5301000000036 -1.1425000060069,45.1453100144468,25.0874999999942 -1.14257896342881,45.1451899854187,24.6101000000053 -1.14262992485488,45.145090073393,24.7495000000054 -1.14263998329111,45.1449899932894,25.2372999999934 -1.14265004172735,45.1448200082665,25.9989999999962 -1.14266898450174,45.1445400526267,26.9244000000035 -1.14268004905109,45.1443300023095,24.7195000000065 -1.14268004905109,45.1442000825587,24.3880000000063 -1.14266898450174,45.144140068175,24.3027000000002 -1.14260695852632,45.1440399883044,24.402900000001 -1.14251006354483,45.1439499667691,24.2367999999988 -1.14210002124519,45.1435999384128,22.3303000000014 -1.14185895744035,45.1433499904322,23.6610999999975 -1.14184705566118,45.1433300411043,23.7593000000052 -1.14184001466596,45.1433099244954,23.7970999999961 -1.14184001466596,45.1432700270719,23.8701000000001 -1.14184705566118,45.1432500777161,23.8935000000056 -1.14185895744035,45.1432100123427,23.9008999999933 -1.14196004306267,45.1431000419893,24.0485000000044 -1.14205995548518,45.1429800127435,24.0485000000044 -1.14214997745644,45.1428799333708,25.6710000000021 -1.14222994099147,45.1427200064868,29.4584999999934 -1.14225693087416,45.1425500216651,31.4049999999988 -1.14229699573584,45.1423899272124,32.6383999999962 -1.14233706149582,45.1422900147147,33.801999999996 -1.1423870177071,45.1421000807535,34.5307999999932 -1.1424200424719,45.1419299280726,34.7991000000038 -1.14242708346708,45.1418300160359,35.0601000000024 -1.14242708346708,45.1417200455552,35.0016999999934 -1.14239891948628,45.1415800672655,35.1316999999981 -1.1424200424719,45.1414699296568,35.0402999999933 -1.14247703967833,45.1413500680606,34.7363999999943 -1.14252699499129,45.1412699371497,34.4716000000044 -1.14256706075127,45.1411899740401,34.4281000000046 -1.14261701696255,45.1410699452084,34.4992999999959 -1.14265708272253,45.1410000395825,34.4801000000007 -1.14266898450174,45.1408500036371,34.9416000000056 -1.14256706075127,45.1404600777682,34.6301999999996 -1.14242708346708,45.1397799703518,23.8801999999996 -1.14233002050064,45.1397799703518,24.367499999993 -1.14242708346708,45.1397799703518,23.8801999999996 -1.14234695194709,45.1395300214652,20.1230999999971 -1.14230906550001,45.1393600366373,19.8399000000063 -1.14230906550001,45.1392899641637,19.6861999999965 -1.14230906550001,45.139250065828,19.4472999999998 -1.14236002782438,45.1391199792538,18.4597999999969 -1.14252699499129,45.1387099359947,16.7510000000038 -1.14273000526234,45.1382299883687,16.5481 -1.14285992500863,45.137939974383,16.8154000000068 -1.14289998987031,45.1378700693553,16.7737999999954 -1.14292697975303,45.1377999969517,16.6264999999985 -1.14323006953325,45.1374499688579,17.0400999999983 -1.14333702295098,45.1373099908573,17.6031999999977 -1.14341698558768,45.137210078329,17.9225000000006 -1.1434600687887,45.137159954707,18.1741000000038 -1.1434790115631,45.1371099983332,18.324099999998 -1.14350700755894,45.1370300350926,18.4008999999933 -1.1435299738875,45.1369599622904,18.4349999999977 -1.14355696377019,45.1368499919216,18.7834000000003 -1.14356903353436,45.1368099264864,18.9164000000019 -1.14355696377019,45.1367500798546,19.284799999994 -1.14355696377019,45.1366800067083,19.9005000000034 -1.14363994474624,45.1366800067083,19.909799999994 -1.1435299738875,45.1365700364333,20.4109000000026 -1.1435299738875,45.1364800145094,20.4419000000053 -1.14351706599517,45.1363100294606,22.8659000000043 -1.14354003232373,45.1361100378653,25.6331999999966 -1.1435299738875,45.1360000671248,26.3071999999956 -1.14349996656372,45.1359299943242,26.972299999994 -1.14342704402391,45.1358200238702,27.7909000000072 -1.14333702295098,45.1356999951404,28.3236000000034 -1.14324700097971,45.1355700753683,28.3622999999934 -1.14309998270031,45.1354099809611,28.9744999999966 -1.14296000451779,45.1352899520019,28.4254999999976 -1.14279706000675,45.1352099887439,28.2584999999963 -1.14266898450174,45.1351100763383,28.0305999999982 -1.14248894145755,45.1349499819071,27.829899999997 -1.14233002050064,45.134820062961,27.5301000000036 -1.14216707688789,45.1346799175423,27.1533999999956 -1.14203900138288,45.1345699465787,27.2706000000035 -1.14196993441224,45.1344799252997,27.3478000000032 -1.14189701187243,45.1343600635845,27.4685999999929 -1.14182995622973,45.1342100279108,27.8138000000035 -1.14179005845471,45.1341000573085,28.1101000000053 -1.14173004380722,45.1339500209508,28.1269000000029 -1.14167908238115,45.1338199336921,28.2768000000069 -1.1416599716218,45.1336900147064,28.4162999999971 -1.141626946857,45.133550036982,28.5040000000008 -1.14156994965053,45.1333899426073,28.648000000001 -1.14152703443446,45.1332900301815,28.7396000000008 -1.14151999343928,45.13324996478,28.5724000000046 -1.14147003722799,45.1331399942276,28.0681999999942 -1.141390073693,45.1329400016544,26.7112000000052 -1.14133005994381,45.1328100825653,26.510500000004 -1.14124992842382,45.1326699366432,25.0807999999961 -1.14119997221257,45.13255007556,24.1463999999978 -1.14116007443752,45.1324499956243,23.5815000000002 -1.14113895235026,45.132350083453,23.1591000000044 -1.14112000867754,45.1322000475612,23.1356999999989 -1.14107692637484,45.1320999676451,22.9038 -1.14101992916837,45.1319799386903,22.6165999999939 -1.14093007518207,45.1318300704,22.3243999999977 -1.1408569846573,45.1316800344077,22.2906999999977 -1.14076696358436,45.1315100489933,22.3018000000011 -1.14067006860287,45.131319947303,22.5034000000014 -1.14055993065747,45.1311400717922,22.6545000000042 -1.14044006934742,45.130900014026,23.0375000000058 -1.14035692038639,45.1307300294556,23.1054000000004 -1.14026002630323,45.130480080826,23.2612999999983 -1.140249967867,45.1304400153518,23.2513000000035 -1.14006707446841,45.1302200739722,23.2217999999993 -1.13996900628714,45.1299330777884,23.3506999999954 -1.14001192150321,45.1296529546187,23.2774000000063 -1.14012105423383,45.1291979849992,23.0380000000005 -1.14015307288551,45.1289639620892,22.9811999999947 -1.1402390713026,45.1287500561694,23.0858000000007 -1.14026706640011,45.1286000196801,23.0114000000031 -1.14026002630323,45.1281919890864,22.6171000000031 -1.14042095858807,45.127608944013,22.7906999999977 -1.1404640417891,45.1269729248054,23.2900999999983 -1.14061407750952,45.1263979260642,23.7814000000071 -1.14071097249101,45.1257469880642,24.430600000007 -1.1407850682306,45.1252239567934,24.1790000000037 -1.14088196321209,45.1247170197742,24.0041000000056 -1.14099796895293,45.1240209860035,24.5470000000059 -1.14108396737003,45.1234910820889,23.110400000005 -1.14112704967276,45.1230139841568,20.7522999999928 -1.14116996488879,45.1225709171594,19.4263000000064 -1.14134397394922,45.122203957408,19.2905000000028 -1.14194294452955,45.1216589660901,21.0893000000069 -1.14212499890165,45.121447071261,21.8098999999929 -1.14256504942337,45.1210380342726,22.1855000000069 -1.1431249603568,45.1205540637255,22.774900000004 -1.14339301404433,45.1201369796748,23.2731000000058 -1.14368302704897,45.1197809164362,24.3871000000072 -1.14405602192798,45.1193420402694,23.5994999999966 -1.14432407561548,45.1189640162141,24.1489000000001 -1.1446700806118,45.1185849868422,27.2118000000046 -1.14499999228979,45.1182450166935,25.903999999995 -1.14547407279109,45.1178359802033,24.0610000000015 -1.14595603241573,45.1174120231714,21.9795000000013 -1.14630907750894,45.1171159744069,23.5164999999979 -1.1466200464125,45.1168140585519,24.5325000000012 -1.14695398164465,45.1164960486118,23.2244999999966 -1.14730803285094,45.1161470263774,21.7173999999941 -1.14738196150387,45.1158900375726,21.0065999999933 -1.14728707785032,45.1155269334767,21.2502999999997 -1.14725304787074,45.1151029764051,22.5809000000008 -1.1468369697907,45.1129830258868,19.7020000000048 -1.14681903312942,45.112870037319,19.8937000000005 -1.14677008213295,45.1125800237036,20.0785999999935 -1.14671694139399,45.1122900098824,20.6777000000002 -1.14668995151129,45.1121899299019,20.6472999999969 -1.14661702897148,45.1121200250107,20.6174000000028 -1.14668995151129,45.1121899299019,20.6472999999969 -1.14665793285961,45.1120700688932,20.6120999999985 -1.14662691942276,45.111939981817,20.7341000000015 -1.14656807887331,45.1118000039702,20.3074000000051 -1.14652700700022,45.1116799747757,20.2347000000009 -1.14651007555376,45.1116000113843,20.2216000000044 -1.14643698592728,45.1113700123556,20.6584000000003 -1.14633992296084,45.1110900566928,21.8610000000044 -1.1462400105383,45.1107499188994,22.4091999999946 -1.14607002593033,45.1102600804492,22.3896999999997 -1.14596994552287,45.1099600087201,22.3156000000017 -1.14587003399863,45.1096399876137,22.0378999999957 -1.14580700191009,45.1094099876604,22.1071999999986 -1.14575000470366,45.1093900391393,22.1071999999986 -1.14580700191009,45.1094099876604,22.1071999999986 -1.14570993894365,45.1091300325274,22.4309999999969 -1.14564891908134,45.1089000330552,22.8993000000046 -1.1455999689832,45.1087099314626,23.088499999998 -1.14553693689467,45.108500048415,23.5296999999991 -1.14548798679653,45.1083500125591,23.4510000000009 -1.14542998347694,45.1082100347838,23.646900000007 -1.14535706093713,45.1081000641418,24.1407999999938 -1.14525999886898,45.107969976893,24.8271999999997 -1.14517701789293,45.1078900133757,25.5991000000067 -1.14515991846148,45.1078700649574,25.8043000000034 -1.14504693105999,45.1077699848346,26.3695000000007 -1.14491701131371,45.1077000796019,26.9318000000058 -1.14472707691994,45.1075999998151,28.6138999999966 -1.14452004399305,45.1074900292659,29.0066999999981 -1.14432692507157,45.1074000077284,29.1554999999935 -1.14417001634089,45.1073200440467,29.2462999999989 -1.14398008194712,45.1072499715171,29.3398000000016 -1.14381998779043,45.1071800662816,29.324099999998 -1.14371001693166,45.1071299428982,29.3445000000065 -1.14360691998144,45.107079986217,29.2795999999944 -1.14349996656372,45.1070199720774,29.0093000000052 -1.14341698558768,45.1069500671942,28.7081000000035 -1.14340005414122,45.1069400084973,28.6303999999946 -1.14335998927954,45.1068999429748,28.540599999993 -1.143260076857,45.1067800822691,28.7391999999963 -1.14314004756199,45.1066300456964,28.5194999999949 -1.14292697975303,45.1063799299735,27.110400000005 -1.14277996147363,45.1061899962472,27.5679999999993 -1.14266898450174,45.1060600764669,26.7516000000032 -1.14247703967833,45.1058300773051,25.2253000000055 -1.14213991902021,45.1054299253243,24.1508000000031 -1.14211007968142,45.1053900273953,24.0696999999927 -1.14214997745644,45.1053600197621,24.1340999999957 -1.14211007968142,45.1053900273953,24.0696999999927 -1.14182995622973,45.1052599403107,24.4137999999948 -1.14187002198974,45.105229932609,24.3649000000005 -1.14202005771016,45.1051300203158,23.9375 -1.14214997745644,45.1050700060281,23.821299999996 -1.14216707688789,45.1050599476339,23.7979999999952 -1.1422399994277,45.1050099916774,23.7131999999983 -1.14229699573584,45.1049799844784,23.7315999999992 -1.1423199620644,45.1049699260683,23.7795000000042 -1.14229699573584,45.1049799844784,23.7315999999992 -1.1422399994277,45.1050099916774,23.7131999999983 -1.14227000585312,45.1049399188483,23.5236000000004 -1.1423199620644,45.104870013954,23.6543999999994 -1.14234695194709,45.1047699342777,23.7385000000068 -1.14239891948628,45.1046700218133,23.399900000004 -1.14242708346708,45.1045399343561,22.6371999999974 -1.14243697391836,45.1044799200821,22.1775000000052 -1.14233706149582,45.1043099354099,21.8652000000002 -1.14230906550001,45.1041600667083,21.7880000000005 -1.1423199620644,45.103999972277,21.4879999999976 -1.14236991827566,45.1038199288311,21.4467000000004 -1.14240998403563,45.1036400534759,22.5241999999998 -1.14242708346708,45.1034799588544,22.4979000000021 -1.14243697391836,45.1033899373336,22.5982999999978 -1.1423870177071,45.1032700762325,23.4070999999967 -1.14237997671189,45.1032600181553,23.4928999999975 -1.14229699573584,45.1031399893895,24.4277000000002 -1.14214997745644,45.1030199603713,26.077099999995 -1.14198703294536,45.1029200480146,26.182799999995 -1.14182006577845,45.102789961008,26.7627000000066 -1.14167908238115,45.1026699318881,27.3328000000038 -1.14159995697428,45.1026000267504,27.6205000000045 -1.14149903843862,45.1025400123394,27.585500000001 -1.14149903843862,45.1024600488245,27.3445000000065 -1.14149903843862,45.1024499906045,27.3141999999934 -1.14148696867449,45.1023899766698,27.1184999999969 -1.14147992767927,45.1022800055946,26.2697999999946 -1.14147003722799,45.1021599766706,25.3782999999967 -1.14147003722799,45.1021499183978,25.303899999999 -1.14145997879176,45.1020600647111,24.667300000001 -1.14145997879176,45.1020399481284,24.6358999999939 -1.14148696867449,45.1019499262391,24.5807999999961 -1.14155000076302,45.1018600722376,24.1545000000042 -1.14161705640573,45.1017599923572,23.5583999999944 -1.14171696792994,45.1016800290179,23.5023999999976 -1.14182006577845,45.1016399636081,24.0636999999988 -1.14199994173602,45.1015700584775,24.1013999999996 -1.14219004321642,45.1015199346067,24.0782000000036 -1.14240998403563,45.1014599203284,24.4042000000045 -1.14245004979564,45.1014500299632,24.483699999997 -1.14260695852632,45.1014000733841,24.8242000000027 -1.14274006369858,45.1013600084119,25.2453999999998 -1.14285992500863,45.1012899355411,25.2712999999931 -1.14291004830654,45.1012299210211,25.2504000000044 -1.14297693596429,45.1011499575735,25.2430000000022 -1.14303996805282,45.1010299288101,25.9640000000072 -1.14306695793555,45.100970082049,26.2332000000024 -1.14308992426408,45.1009100678268,26.2464999999938 -1.14308992426408,45.100880060375,26.2464999999938 -1.14308992426408,45.100839995038,26.2464999999938 -1.14306695793555,45.1007600316783,26.1441999999952 -1.1430000702778,45.1006599517719,25.9302000000025 -1.14291004830654,45.100569930243,25.167100000006 -1.14278700246881,45.1004700174031,24.2042999999976 -1.14265004172735,45.1003600470684,23.6980999999942 -1.14251693745339,45.1002400179125,23.6802000000025 -1.1424200424719,45.1001499963557,23.2467999999935 -1.14236991827566,45.1000899819055,23.002800000002 -1.14234695194709,45.1000499166481,22.9088999999949 -1.14233002050064,45.1000200767794,22.8546999999962 -1.14233002050064,45.0999500041664,22.4961999999941 -1.14234695194709,45.0999000481771,22.267399999997 -1.14239891948628,45.0998199173675,21.8978999999963 -1.14243697391836,45.0997500119107,21.5200999999943 -1.14246999868315,45.0997000557464,21.3196000000025 -1.14251006354483,45.0996499321362,21.5007999999943 -1.14251693745339,45.0996199252903,21.5339999999997 -1.14254007086857,45.0995399614901,21.5862000000052 -1.14254007086857,45.0994199325126,21.1327000000019 -1.14252699499129,45.0993200208308,20.8362999999954 -1.1425000060069,45.0991800424723,20.6484999999957 -1.14245994024692,45.0990400650388,20.6901999999973 -1.14243697391836,45.098939985288,20.8637000000017 -1.14239891948628,45.0987899490353,21.9247000000032 -1.14233706149582,45.0985200514608,23.7872000000061 -1.14219004321642,45.0980900599958,25.7176999999938 -1.14211007968142,45.0978399442698,25.2179999999935 -1.14208996280895,45.0977899877025,24.9413999999961 -1.14202005771016,45.0975899954906,22.7295000000013 -1.14189701187243,45.0973499379626,22.037599999996 -1.14179693146493,45.097140055,21.4980999999971 -1.14170707747866,45.0970000776385,21.2970000000059 -1.14159995697428,45.0967999177859,21.2287000000069 -1.14148696867449,45.0966099838934,20.786300000007 -1.14134699139027,45.0963699260502,20.8886000000057 -1.14121707164399,45.0961499845946,20.6408999999985 -1.14117700588401,45.0960800797178,20.7415000000037 -1.14107692637484,45.0959099273542,21.0215000000026 -1.14107005336458,45.0959000366617,21.0429000000004 -1.14103702859979,45.0958500802997,21.2400000000052 -1.14095907639269,45.0957000441718,21.9290000000037 -1.14084005321084,45.0955099423774,22.2859000000026 -1.14081691979562,45.0954899934379,22.4182000000001 -1.14073997370164,45.0953500158364,23.1662999999971 -1.14066001016664,45.095199979663,23.4915999999939 -1.1405299233337,45.0949800387744,23.6489000000001 -1.14043001091119,45.0948100537201,24.0108000000037 -1.14031702261137,45.0946199521337,24.9478999999992 -1.14020001165574,45.0944199602339,26.073000000004 -1.14012893245887,45.0943200474133,26.073000000004 -1.14005902825841,45.0942199676338,26.9811000000045 -1.1399899612878,45.0940900485163,28.0411000000022 -1.13990698031172,45.0939700194974,28.636599999998 -1.13980991734528,45.0938300413411,28.8398000000016 -1.13966994006109,45.0936399402973,28.9177000000054 -1.13951906531418,45.0934399475022,29.0795999999973 -1.13937707580373,45.0932500138492,28.3545000000013 -1.13926995529935,45.0930899192654,28.1714000000065 -1.13919703275953,45.0929799486687,27.8041999999987 -1.13915897922579,45.0928399712564,26.9410999999964 -1.13913903033828,45.0927600081084,26.3852000000043 -1.13913903033828,45.0926399788308,26.1012000000046 -1.13914707654828,45.0925700740966,26.1296000000002 -1.13914707654828,45.0925300086361,25.8852000000043 -1.13917993422641,45.0924599357098,25.5433000000048 -1.13923693053455,45.0922899507644,24.7354999999952 -1.13929996262312,45.0920700094494,24.6208000000042 -1.13938998459435,45.0918400103692,24.5718000000052 -1.13944999834354,45.091620069224,24.8191999999981 -1.13954002031481,45.0913500039461,25.3540000000066 -1.13964697373253,45.0911099461881,25.1018999999942 -1.13981695834049,45.0908799470468,24.4410999999964 -1.13990698031172,45.090769976634,23.6055999999953 -1.13994000507652,45.0907300786074,23.5372999999963 -1.13991703874796,45.0906799547337,23.1364999999932 -1.13991703874796,45.0906199404775,22.8660999999993 -1.13992994664028,45.0905999910982,22.8540999999968 -1.13994905739963,45.0905699839359,22.7912999999971 -1.13995693652301,45.0905599261582,22.7638000000006 -1.14000705982089,45.0905299189749,22.696100000001 -1.14008702335592,45.0904900207806,22.395399999994 -1.14017000433197,45.0904900207806,22.3191999999981 -1.14008702335592,45.0904900207806,22.395399999994 -1.14017704532718,45.0903999990732,21.616200000004 -1.14029003272867,45.0902700795102,21.0182000000059 -1.14036697882265,45.0901500507075,20.6925999999949 -1.14041894636184,45.090069919534,20.0332999999955 -1.14043001091119,45.0900499705968,19.8631000000023 -1.14061005395535,45.0898199716264,18.7299000000057 -1.14080702844604,45.0895700232593,18.290399999998 -1.14092001674583,45.0894000379574,18.3047999999981 -1.14115001600128,45.0890900750599,17.9536999999982 -1.14142997146802,45.0887299887006,18.656799999997 -1.141626946857,45.0884599237099,21.428700000004 -1.14176893636742,45.0882999970871,24.2602000000043 -1.14184705566118,45.0882200339249,25.9088999999949 -1.14179693146493,45.0881300124452,24.5274999999965 -1.14179005845471,45.0880800562627,24.6631000000052 -1.14179005845471,45.087999924722,25.2194000000018 -1.14179693146493,45.0878899544722,25.0835999999981 -1.14179408200887,45.0876659897685,22.6230000000069 -1.14184604954806,45.0874230821308,24.5071999999927 -1.14195501429368,45.0871959329934,23.0920000000042 -1.14207102003456,45.0869840383235,24.4808000000048 -1.14222306798121,45.0867639294317,24.4140000000043 -1.14227704684833,45.086566955029,23.3212000000058 -1.14233102661375,45.0863629391754,23.017399999997 -1.1423199620644,45.0862259791548,21.3206999999966 -1.14237394182982,45.086067057906,21.5219999999972 -1.14246999868315,45.085863042804,22.7256999999954 -1.14260796463944,45.0856509801865,25.4676999999938 -1.14268507782004,45.0855289399654,28.1699999999983 -1.14278096668842,45.0852870380539,31.3525999999983 -1.14281399145321,45.085036922068,33.8163999999961 -1.14279001990986,45.0848479943198,33.7929000000004 -1.14279001990986,45.0846429727241,35.7430000000022 -1.14286696510551,45.0844010708665,38.2213999999949 -1.1430000702778,45.0841700660298,40.8806000000041 -1.14300996072908,45.0839900228487,40.9159999999974 -1.14300996072908,45.0838399866424,37.7011999999959 -1.1430000702778,45.0837300159953,34.8683000000019 -1.14297693596429,45.0836200451364,37.1227000000072 -1.14293904951717,45.0835400817657,40.6889999999985 -1.14289998987031,45.0834800676189,38.6022999999986 -1.14283695778177,45.0834200534091,34.7017999999953 -1.14280996879737,45.0833699294633,33.0932999999932 -1.14278700246881,45.0832800754015,31.0623999999953 -1.14277007102235,45.0831799953051,29.688599999994 -1.14275900647297,45.0830400173436,29.670100000003 -1.14274693670884,45.0829000396735,29.161500000002 -1.14274693670884,45.0828100180555,29.722299999994 -1.14273000526234,45.0826899894336,30.9475999999995 -1.14273000526234,45.0826599819215,31.4318999999959 -1.14273000526234,45.0826400329336,31.7538000000059 -1.14271994682611,45.0825800184756,32.7222000000038 -1.14269698049755,45.0825300625137,35.4061999999976 -1.14266898450174,45.0824700479402,38.2497000000003 -1.14265708272253,45.0823999753577,40.7247000000061 -1.14265004172735,45.082309953586,40.9915999999939 -1.14265004172735,45.082199983165,41.7112999999954 -1.14263998329111,45.0820900125325,42.1005000000005 -1.14262992485488,45.0820199401181,42.1303000000044 -1.1425999175311,45.0819099691389,41.6987999999983 -1.14256001975608,45.081789940529,40.491200000004 -1.14251693745339,45.0816900284485,40.4015999999974 -1.14246999868315,45.0815899481038,41.3168000000005 -1.1424200424719,45.0814300219104,42.1870000000054 -1.14234695194709,45.0812900441014,41.7793999999994 -1.14228006428938,45.0811299496121,40.0063999999984 -1.14221904442708,45.0809800809631,36.4622999999992 -1.14216707688789,45.0808900594913,34.2786000000051 -1.14210002124519,45.0807400233898,34.0605000000069 -1.14202693072042,45.0806000457932,33.5617999999959 -1.14193003663722,45.0804500095645,32.3217000000004 -1.14182006577845,45.0803100318916,31.7853999999934 -1.14170707747866,45.0801799447552,31.1892999999982 -1.14161705640573,45.0800699740403,31.315300000002 -1.14152703443446,45.079960003748,30.8215999999957 -1.14144707089943,45.0798599235445,30.5933999999979 -1.14142997146802,45.0797900183926,30.5834999999934 -1.14142008101674,45.0796800481958,30.6549999999988 -1.14139694760155,45.079609975363,30.8408999999956 -1.14133995039508,45.0795300120885,30.7605999999942 -1.14126702785527,45.0794699975352,30.726999999999 -1.14119997221257,45.0794200413912,30.8742999999959 -1.14110995113964,45.0793600267224,30.9771999999939 -1.14101992916837,45.0792899541315,30.9409000000014 -1.14094700662856,45.079199932534,30.9663 -1.14089000942209,45.0791199693199,30.3974000000017 -1.14084994456041,45.0790400059939,29.6255999999994 -1.14079998834916,45.0789799915603,28.448000000004 -1.14076696358436,45.0789199770636,27.6826000000001 -1.14076696358436,45.0788800790062,28.573000000004 -1.14077903334853,45.0788299555176,29.780700000003 -1.14072706580934,45.078810006461,29.9385000000038 -1.14077903334853,45.0788299555176,29.780700000003 -1.14081691979562,45.0787699408634,31.0356000000029 -1.1408569846573,45.0786599706062,30.4683999999979 -1.14092001674583,45.0785300509831,29.7081000000035 -1.14096997295712,45.078390073047,30.5010000000038 -1.14099696283981,45.0782899932652,32.1154999999999 -1.141048930379,45.078199971361,32.3870000000024 -1.14108698481108,45.078100059346,32.5108999999939 -1.14112704967276,45.0780100377769,32.3227999999945 -1.14116007443752,45.0779300741662,33.4489999999932 -1.14117700588401,45.0778799504786,34.9856 -1.14126702785527,45.0778100454417,36.7381000000023 -1.141390073693,45.0777399728529,36.7997999999934 -1.14147992767927,45.0776799583225,38.6040999999968 -1.14158906040989,45.0775899367259,40.8895000000048 -1.14213991902021,45.0766000336232,48.2504999999946 -1.14220697466291,45.076499953878,49.5742999999929 -1.14225693087416,45.0764000414279,50.6748999999982 -1.14229699573584,45.0762999619668,50.3231999999989 -1.14236002782438,45.0761599836424,49.1398000000045 -1.14239891948628,45.0760600718666,48.9257999999973 -1.14242708346708,45.075949933363,49.1258999999991 -1.14275900647297,45.0749699215432,39.8828999999969 -1.14279706000675,45.0748800669582,38.1840999999986 -1.14282991768488,45.0747900453913,36.2866999999969 -1.14284902844424,45.074659958375,33.4027999999962 -1.14286998254656,45.0745099224078,34.9691000000021 -1.14287702354175,45.0743999515646,32.9303000000073 -1.14289998987031,45.0743300467111,31.0915999999997 -1.14291004830654,45.0742200761561,29.0975000000035 -1.14291004830654,45.0741199960491,29.3978000000061 -1.14291004830654,45.0740799309692,30.3598000000056 -1.14291993875782,45.0740100257243,32.2241000000067 -1.14291993875782,45.0739200040556,31.5286000000051 -1.14291993875782,45.0738499311372,30.995299999995 -1.14292697975303,45.0737800262452,30.8055000000022 -1.14292697975303,45.0736599976849,30.3513999999996 -1.14293904951717,45.0735399688724,30.561400000006 -1.14294994608156,45.0733999907656,30.4354000000021 -1.14294994608156,45.0732600129503,30.2146000000066 -1.14296000451779,45.073169991369,30.2618999999977 -1.14296000451779,45.0731200354267,30.190499999997 -1.14302907148843,45.0731200354267,30.7808999999979 -1.14312998912576,45.0731099771141,31.5454999999929 -1.14314004756199,45.0731099771141,31.6232000000018 -1.14319000377328,45.0730900279636,32.0077000000019 -1.14323694254348,45.0730600211193,32.1952000000019 -1.1435319852154,45.0731349550951,32.9792000000016 -1.14402500938942,45.0733550638425,34.3415999999997 -1.14434804805715,45.0734690574591,35.1848000000027 -1.1448090526812,45.0736130586868,35.1232000000018 -1.14512907300958,45.0737639331301,34.7523999999976 -1.14561405007527,45.0739079342492,33.9594999999972 -1.1459129492147,45.074044055964,32.8764999999985 -1.14625593676997,45.0741199960491,32.0145000000048 -1.14667603750585,45.0742190706615,31.0466000000015 -1.14690100799235,45.0742259435499,31.1803999999975 -1.14678299092357,45.0739230218239,30.8665000000037 -1.14664401885417,45.0736050121063,30.1726000000053 -1.1465340479954,45.0733850711663,29.3193000000028 -1.14640798381833,45.0731659680477,28.5809000000008 -1.14630907750894,45.0729609464007,27.3046000000031 -1.14624705153348,45.0728549997266,26.9643999999971 -1.14654695588773,45.0730139202985,27.6552999999985 -1.14670604482959,45.0730970691023,29.0179000000062 -1.14692296820779,45.0731810551839,30.9066000000021 -1.14706194027719,45.0731810551839,31.5216999999975 -1.14701902506112,45.0729909539314,30.7109999999957 -1.14712597758052,45.0728020256815,30.6021999999939 -1.14722203443385,45.0726350584378,29.2256999999954 -1.14737307626741,45.0725220699509,29.8282999999938 -1.147555969666,45.0724530033818,30.6536000000051 -1.1476419680831,45.0722560284862,28.8579000000027 -1.14773802493643,45.0721809265098,29.1202000000048 -1.14810096137921,45.0720969402272,30.6949000000022 -1.1484999400278,45.0720590541807,31.0644000000029 -1.14867093074888,45.0720749796585,31.3950000000041 -1.14889707443512,45.0720520129142,31.236699999994 -1.14915305746018,45.0720060800322,31.3248000000021 -1.14932404818126,45.0718999653733,31.3320999999996 -1.1494869926923,45.0717789304988,30.4608000000007 -1.14966904706443,45.0717029904749,29.8745999999956 -1.14992603620258,45.0715819558177,29.4048999999941 -1.15015100668907,45.0714530421398,30.7756999999983 -1.15036508061118,45.071346927723,32.0127999999968 -1.15069901584334,45.071202926495,37.9036000000051 -1.15084704023585,45.0711199455932,40.0295999999944 -1.15108307437337,45.0711350326352,40.5587999999989 -1.15127803753612,45.0711430795634,40.5384000000049 -1.15154592323869,45.0711350326352,40.5078999999969 -1.15171607583158,45.0711269863401,40.7798000000039 -1.15185705922891,45.071013998044,40.8016000000061 -1.15188807266577,45.0708470306518,42.4391999999934 -1.15193098788184,45.0706649756099,44.0678999999946 -1.15200793397582,45.0705590284861,44.3025999999954 -1.15216702201939,45.0704079863416,48.6021000000037 -1.15232996653047,45.0702639852857,51.198000000004 -1.15241596494753,45.0701650789184,51.730899999995 -1.15250196336463,45.0700670110932,52.7446000000054 -1.15263003886964,45.0699530170352,54.3727999999974 -1.15272693295283,45.0698009689857,54.2459999999992 -1.1528860218947,45.0695969535319,54.118100000007 -1.15283204212928,45.0694299864412,53.6095000000059 -1.15278895982655,45.0692479313267,52.8090999999986 -1.15256398934005,45.0690970570157,52.5443999999989 -1.15252107412398,45.0690130700081,52.1873999999953 -1.1525670067811,45.0690499505849,52.4187999999995 -1.15258997310966,45.068969987125,52.2173999999941 -1.15263003886964,45.0688900241876,52.0703999999969 -1.15263992932092,45.0688700748331,52.0305999999982 -1.15282399591928,45.068718027075,51.5341999999946 -1.1529720203118,45.0684680790094,51.2621000000072 -1.153027005292,45.0681949965999,50.9998999999953 -1.15303806984138,45.067929960901,51.213499999998 -1.15301493552787,45.0675809380335,52.6533999999956 -1.15303806984138,45.0673460774788,52.3133999999991 -1.15306992050807,45.0672480092581,51.5684999999939 -1.15322096234164,45.0672099550379,49.3831000000064 -1.15337904517039,45.067270975395,46.9563000000053 -1.15362798809856,45.067430064398,44.7746000000043 -1.15390693745215,45.0675430521657,43.5510000000068 -1.15411095293802,45.0676649252421,42.4449000000022 -1.15433592342452,45.0677710401504,43.0764000000054 -1.15448696525806,45.0678459740818,43.3448999999964 -1.15468796330288,45.0678459740818,42.7979999999952 -1.15494595855417,45.0677710401504,42.1073000000033 -1.1551280129263,45.0676489991699,41.4864999999991 -1.15531107430984,45.0675130449468,42.147100000002 -1.15543898182986,45.0672780166161,41.4722000000038 -1.15555901112487,45.067111049096,41.6842000000033 -1.15565607319302,45.067051034189,41.5852000000014 -1.15595597754723,45.0669829736094,41.9716000000044 -1.15623492779915,45.0668919460344,42.4217000000062 -1.15651404513772,45.0668230465047,43.0368000000017 -1.15677203949068,45.0667249786556,43.578800000003 -1.15695392677616,45.0666190312076,43.8408999999956 -1.15703992519325,45.0664369760225,44.088499999998 -1.1571039633949,45.066225081766,44.7697999999946 -1.15708300839428,45.0659439524022,45.8021000000008 -1.157069932517,45.0657930782529,46.8266000000003 -1.15719901413512,45.065581016011,47.7375000000029 -1.15740504094889,45.0653989613268,48.3003999999928 -1.15740504094889,45.0651190054997,49.0473999999958 -1.1574580146012,45.0648150780654,49.1622000000061 -1.15743504827267,45.064580049428,48.4066000000021 -1.15721007778617,45.0644060413364,47.7902000000031 -1.15674002083901,45.0641790589261,49.9649000000063 -1.15634104219041,45.0640199703926,49.4853000000003 -1.15600995731268,45.0639140236417,50.2915999999968 -1.15569898840909,45.0638149489313,52.4717999999993 -1.15531107430984,45.0636560281613,53.4407000000065 -1.15506598695088,45.0634290465801,55.0902999999962 -1.15497998853378,45.0631479174248,54.3010999999969 -1.15492500355354,45.0628530421845,53.2988999999943 -1.15501100197064,45.0625870001294,52.1143000000011 -1.15535398952591,45.0624429990399,51.0513000000064 -1.15575296817451,45.0623980723871,49.3862999999983 -1.1560639370781,45.062277037696,51.8834999999963 -1.1563319898673,45.0621779633213,52.6442999999999 -1.15655696035379,45.0621020232317,54.9732999999978 -1.15697404364862,45.0621400770452,56.1628000000055 -1.15719901413512,45.0621630439652,57.6376000000018 -1.15764107598474,45.0621630439652,59.7118999999948 -1.15809101605944,45.062170922741,59.4863000000041 -1.15843500972779,45.062170922741,57.9536999999982 -1.15874597773309,45.062170922741,58.8212000000058 -1.15894999321893,45.0622009302261,58.8671999999933 -1.15898201276894,45.0619739479438,61.2722000000067 -1.15899693198917,45.0619100780223,61.7072000000044 -1.15907002251394,45.0616800787088,62.5722999999998 -1.15911997872519,45.0615000350944,64.0684000000037 -1.15922005823439,45.0612499190443,64.988400000002 -1.15931008020562,45.0609200073851,65.8580999999976 -1.15939993419193,45.060619935255,65.8127999999997 -1.15947000637735,45.0603899358276,65.4376000000047 -1.1596200429961,45.0599299373698,64.5942000000068 -1.15966999920735,45.0597800689607,64.519100000005 -1.15969900041801,45.0596600395543,63.8975000000064 -1.15971693797759,45.0595599599685,63.0739000000031 -1.15971006496736,45.059499945383,62.4965999999986 -1.15967704020257,45.0594300407074,61.8390999999974 -1.15963697444259,45.0593299607189,61.7415999999939 -1.1595870182313,45.0592300480759,61.3703999999998 -1.15956991879989,45.0591599755495,60.4505000000063 -1.15953706202005,45.0590900704582,59.5351999999984 -1.15947000637735,45.0589400342298,57.7577000000019 -1.15939004374065,45.0587599908706,56.3864000000031 -1.15928996333315,45.0585199332341,56.0001999999949 -1.15920999979816,45.0583299996038,56.2249000000011 -1.15909701239666,45.0580899414311,54.344299999997 -1.15902006630268,45.0579199570171,52.8839000000007 -1.15890707800286,45.0577900372024,51.1374999999971 -1.15886701314121,45.0577100738557,50.9496000000072 -1.15884002325849,45.0576500592323,50.5529999999999 -1.15876005972346,45.0575199725478,48.6042000000016 -1.15865997931599,45.0574299509243,47.0739000000031 -1.15853995091928,45.0573699360069,46.0852000000014 -1.15832001010007,45.0572899727072,45.1223999999929 -1.15807995240839,45.0572400168462,44.2829000000056 -1.15761894688604,45.0571300464069,43.966499999995 -1.15711703927219,45.0570200757562,46.5292999999947 -1.15674706183422,45.0569399444399,48.152900000001 -1.15649996314732,45.0568799302773,49.8497999999963 -1.15634707707248,45.0568299740581,50.2354999999952 -1.15620005879308,45.0567800177952,50.4266999999963 -1.15605002307266,45.0567300614887,51.3162000000011 -1.15586997913017,45.0566599890715,51.7379999999976 -1.15566696975741,45.0565899165683,51.5905999999959 -1.15537997329549,45.0564799455133,50.7599000000046 -1.15494696466728,45.0563300775801,49.1328000000067 -1.15450708213056,45.05618004109,47.3421999999991 -1.1542370171151,45.0560799611243,46.7351999999955 -1.15412000526114,45.0560199466938,45.5752999999968 -1.15407004994818,45.0559999979245,45.0527000000002 -1.1540569740709,45.0559899397722,44.9152000000031 -1.15401891963886,45.0559599322003,44.5335999999952 -1.15400701785965,45.0559500415711,44.4198999999935 -1.15392906565255,45.0558600200145,44.1279000000068 -1.15392906565255,45.0558499618375,44.1263000000035 -1.15382697391715,45.0556499700105,44.0280000000057 -1.15372002139773,45.0554100795409,43.9566999999952 -1.15360703309794,45.055129956765,42.4676000000036 -1.15351701112668,45.0549100151742,44.4042000000045 -1.1534499563823,45.0547400301916,46.2739000000001 -1.15341005860725,45.0546099432329,45.8533000000025 -1.15341005860725,45.0545400382904,45.8533000000025 -1.15344006593103,45.0544399579929,46.0482000000047 -1.15353997835353,45.054209958456,46.6371999999974 -1.15367006518648,45.0539400615636,47.9955000000045 -1.15375991917275,45.0537199529365,49.5901000000013 -1.15386703967713,45.0534700046596,50.9511000000057 -1.15400701785965,45.0531799907913,51.5010000000038 -1.15404708272133,45.0531000273441,52.2341000000015 -1.1541369367076,45.052999947065,52.8029999999999 -1.15431698065013,45.0528400208245,55.0295999999944 -1.15448998269911,45.0526599772971,56.9330999999947 -1.15462895476851,45.0525300575896,56.6125000000029 -1.15471897673977,45.0524400363608,57.6132000000071 -1.1547499892783,45.0523600725136,57.613400000002 -1.1547499892783,45.0522899998184,57.613400000002 -1.15472702294977,45.0521800293791,54.053899999999 -1.15470003306705,45.0520900075994,50.7967000000062 -1.15467706673849,45.0519500302726,45.436400000006 -1.1546700257433,45.0518199426791,40.8464999999997 -1.1546700257433,45.0517599282203,40.1380999999965 -1.1546700257433,45.0517399792342,40.0715999999957 -1.15470003306705,45.051649958031,40.0963999999949 -1.1547499892783,45.0514900311886,35.8531999999977 -1.1548089978127,45.0513399953272,33.3144000000029 -1.15484001124956,45.0511800682526,33.2019 -1.15484001124956,45.0510699300386,32.0004999999946 -1.1548500696858,45.0510399230581,31.6677999999956 -1.15484001124956,45.0508900548303,30.4386999999988 -1.1548089978127,45.0507899744917,30.1713000000018 -1.15472702294977,45.0506900621583,30.1751999999979 -1.15464907164097,45.0506099314917,30.2814000000071 -1.15462895476851,45.0506000405719,30.3564000000042 -1.15453004845908,45.0504999609952,30.8763000000035 -1.15439996162617,45.0503599829501,31.8012000000017 -1.15430004920363,45.0502300637295,32.075800000006 -1.15424992500742,45.0501499324184,32.0669999999955 -1.15416007102112,45.0500300712884,32.014599999995 -1.15404004262444,45.0498699768109,31.8349000000017 -1.15393996221694,45.0497499481804,31.7125999999989 -1.15390006444193,45.0497199411421,31.8089000000036 -1.15386703967713,45.0496800430092,31.9995000000054 -1.15372806760773,45.0495499559645,32.4753000000055 -1.15360703309794,45.0494500433689,33.0630999999994 -1.15359697466167,45.0494399853339,33.1692000000039 -1.15344006593103,45.0493499636839,34.1405999999988 -1.1532600219885,45.0492599418923,35.0418000000063 -1.15290898822326,45.0490059700452,38.3821000000025 -1.15260707254108,45.0487409348738,39.4079999999958 -1.15243507570692,45.0485209934636,39.1284000000014 -1.15225302043649,45.0481570509503,40.8478000000032 -1.15211304315227,45.0478690487132,41.4872000000032 -1.1519420515329,45.0476040133513,42.6040999999968 -1.1519420515329,45.0473609379473,43.5616000000009 -1.15195496032352,45.0469589419326,48.8000000000029 -1.1519420515329,45.0465949996354,49.3561999999947 -1.15197407108287,45.0461410359388,49.4429999999993 -1.15199603129831,45.0457390396021,49.4089999999997 -1.15195496032352,45.0452840700906,52.2002999999968 -1.15188807266577,45.0449050403142,49.9135999999999 -1.15178296348932,45.044594071855,47.9759000000049 -1.15162001897825,45.0442829354105,47.1174000000028 -1.15136403595322,45.0439649264602,44.0910000000003 -1.15123596044821,45.0436769240622,43.3551000000007 -1.15120293568342,45.0433889214838,42.0234000000055 -1.15112598958944,45.0431609340179,39.7424000000028 -1.15097796519692,45.04288801953,38.4478999999992 -1.15104099728546,45.0426380708858,38.9937000000064 -1.151112075584,45.0425279327265,39.2758999999933 -1.15114996203112,45.042333975713,39.5166000000027 -1.15113906546672,45.0420610604538,40.6101000000053 -1.15099992631066,45.041806921444,39.2743999999948 -1.15090705488334,45.0415879861004,37.9744999999966 -1.15082206168106,45.0413150710912,37.863400000002 -1.15084804634897,45.0411819664727,37.0378000000055 -1.15100998474693,45.0410800429745,37.8464999999997 -1.1512180228886,45.0409430823333,38.9611000000004 -1.15151993946908,45.0407229738339,41.6635999999999 -1.15182001180828,45.0405759552834,43.303700000004 -1.15217406301458,45.040438994705,43.3723999999929 -1.15229593565256,45.0404009410493,42.821100000001 -1.15247799092295,45.0402150300108,41.9410999999964 -1.15271000150634,45.0399769841627,40.9223000000056 -1.15292407542844,45.0397679396892,40.940499999997 -1.1531720122435,45.0395669413814,41.7197000000015 -1.15328801798434,45.0393059288063,44.3393999999971 -1.1534130760483,45.0390440784114,43.0721000000049 -1.15356193856898,45.0387979857333,40.2293000000063 -1.15371901528461,45.0385289263848,36.6444000000047 -1.15390693745215,45.0383089857017,35.7353000000003 -1.15412201748737,45.0380890441732,34.4444999999978 -1.15432905041426,45.0378499922327,33.8454999999958 -1.15453792758246,45.037644970888,33.8127999999997 -1.15478603148414,45.0374479966708,36.2737999999954 -1.15508006894124,45.0372810290069,38.3585000000021 -1.15539707272691,45.0371489300375,41.0936999999976 -1.15552196280594,45.0370649437082,41.2137999999977 -1.15564500954197,45.0369370357928,39.8917999999976 -1.15564500954197,45.0368609282415,38.8695000000007 -1.1555960585455,45.0365839895457,33.9333000000042 -1.15552196280594,45.0363910382208,29.2706999999937 -1.15544501671196,45.0363640490043,29.0111999999936 -1.15521099390235,45.0364289244168,28.7032000000036 -1.15486498890606,45.0364629554446,26.3122000000003 -1.15456692879309,45.0364629554446,25.1380000000063 -1.15431798586491,45.0364359656272,24.895199999999 -1.15403099030132,45.0363600256319,24.9565000000002 -1.15375706881836,45.0363189539538,25.3426999999938 -1.15349404479812,45.0362919640685,25.3637000000017 -1.15320906056243,45.0363070520488,25.8145999999979 -1.15298995787137,45.0363449376655,26.1209999999992 -1.15272693295283,45.0363449376655,27.3824000000022 -1.15241093528028,45.0363070520488,28.2301000000007 -1.15223893934439,45.036273021563,29.7632000000012 -1.1519420515329,45.0363000108225,32.3172999999952 -1.15189997444498,45.0363400763534,32.3172999999952 -1.15183006934619,45.0363300179177,32.3172999999952 -1.15179000448454,45.036319960115,32.3172999999952 -1.15172998983702,45.0362899523798,32.321100000001 -1.15165002630202,45.0362599452635,33.0997999999963 -1.15156704532594,45.0362399965849,34.0096000000049 -1.15148708268925,45.0362200478994,34.9772999999986 -1.15140896249719,45.0361900401117,36.040399999998 -1.15129698031052,45.0361600329432,37.2834000000003 -1.15121701767382,45.0361399166414,37.4401999999973 -1.15116706146253,45.036119967921,37.4401999999973 -1.15112699570256,45.0360899607157,37.4532999999938 -1.15108994738363,45.0360299462578,37.6273999999976 -1.15104904439379,45.0359499829573,37.9048000000039 -1.15095902242253,45.0358500707305,38.6195000000007 -1.15088995545192,45.0357900560211,38.9217999999964 -1.15073002838186,45.0357699395893,39.1385000000009 -1.15062693143168,45.0357499907398,39.2030999999988 -1.15049198291641,45.0357409377371,39.1563000000024 -1.1504049783862,45.0357000344737,39.0228999999963 -1.15035099951911,45.035707075139,38.8708000000042 -1.15027992032224,45.0357300412486,38.5997000000061 -1.1501270342474,45.0357499907398,37.8317999999999 -1.14992000132051,45.0358200633836,36.2881000000052 -1.14969905438818,45.0359000268657,36.2198999999964 -1.14939998816209,45.0361300257588,33.7927999999956 -1.14904694217062,45.0364099813219,33.5102999999945 -1.14898994586245,45.0364599376032,33.1855999999971 -1.14873999771949,45.0365479475451,31.9330000000045 -1.14863991731199,45.0367900170361,31.3546999999962 -1.14852894123843,45.0369499437169,29.9398999999976 -1.14847999024196,45.0370999798705,30.2734000000055 -1.14840991805654,45.0372900811313,30.2964999999967 -1.1483490652809,45.0374000522672,30.3607000000047 -1.14831000563403,45.0374900736793,30.9470000000001 -1.14825904330963,45.0375799273658,31.159799999994 -1.14814203235397,45.0376260281957,31.159799999994 -1.1480689418292,45.0375660134445,30.5525000000052 -1.14800607772562,45.0374520199668,29.5993000000017 -1.14794606307814,45.0372850523146,28.016300000003 -1.14788101966166,45.0371410509881,25.6946000000025 -1.14778395759352,45.0369930266062,24.7692999999999 -1.14766795185267,45.0368949583777,24.4609000000055 -1.1475700516564,45.0368039311461,22.7016000000003 -1.14739302515492,45.036686081657,20.5374000000011 -1.14721801087971,45.0365690698602,18.9640000000072 -1.14705707859487,45.0364699960161,19.7507000000041 -1.14686898844237,45.0364170225347,18.5994000000064 -1.14663295430482,45.036348961039,17.8129000000044 -1.14628996674955,45.0362470371838,17.0993000000017 -1.14602208104702,45.0361179562262,16.5748000000021 -1.1457800120274,45.0360150264278,15.7222000000038 -1.14555906509507,45.0358790718926,12.1350999999995 -1.14541992504071,45.0357389266638,9.85379999999714 -1.14528698875171,45.0355340729629,14.6276000000071 -1.14515204023644,45.035333074383,13.6972999999998 -1.14496998496601,45.0351429729689,8.80000000000291 -1.14483101289661,45.0350299852918,12.0883000000031 -1.14467795973514,45.0348779370509,12.473800000007 -1.14454099899367,45.0347379595019,11.4296999999933 -1.14440705659156,45.0345820558502,14.0663999999961 -1.14426204964005,45.0343929606756,13.4474999999948 -1.14425701997281,45.0342489590544,13.6588000000047 -1.14424997897759,45.0341009348092,13.8785000000062 -1.14417102155571,45.0339379904444,11.3852999999945 -1.14417102155571,45.0337369926066,11.1327000000019 -1.14417102155571,45.033491067554,8.80000000000291 -1.14418493556112,45.0332929191935,8.80000000000291 -1.14427194009133,45.0331420452302,8.80000000000291 -1.14438492839115,45.0329980442702,8.80000000000291 -1.14442801069385,45.0329110401686,9.35370000000694 -1.14441007403257,45.0327479279918,18.6839999999938 -1.14439096327322,45.0325960482697,23.0843000000023 -1.14432407561548,45.0325279866733,23.0675000000047 -1.14415291690947,45.0324750133519,19.5246000000043 -1.14400807794293,45.0324180163319,18.459600000002 -1.14370800560376,45.0323080457792,17.9443000000028 -1.14345705134765,45.0321980750151,14.5417000000016 -1.1432270520922,45.0321070479305,17.4649999999965 -1.14299001184157,45.0320309403039,14.9759999999951 -1.14275900647297,45.0319509764943,9.65630000000237 -1.14261299340839,45.0318760425003,13.1022999999986 -1.14247402133899,45.0317920560504,13.8487000000023 -1.14234494061919,45.0317469612061,12.8821999999927 -1.14219104843123,45.0316939877966,11.848800000007 -1.14205207636183,45.0316559334039,11.3782000000065 -1.14193707673411,45.0315419395802,15.4109000000026 -1.14183196755766,45.0313709487365,16.3013999999966 -1.14179408200887,45.0312609787113,16.192200000005 -1.14179408200887,45.0311359204047,16.2577000000019 -1.14191193109266,45.0310869701731,17.4839999999967 -1.14210505001414,45.0311290474148,19.6592999999993 -1.14230202540312,45.0311439672489,20.3570999999938 -1.14257594598776,45.0311669332853,23.914499999999 -1.14277593791946,45.0311739745083,25.482600000003 -1.14301498949803,45.0311779976104,25.8276000000042 -1.14326393242621,45.0311929174318,25.5678000000044 -1.14354304976475,45.0312049873683,24.4812999999995 -1.14371404048583,45.0312390176935,23.7673000000068 -1.14390296876648,45.0312460589077,23.7826000000059 -1.144050993159,45.0312919915241,23.8518999999942 -1.14423304753113,45.0313109344086,24.0310999999929 -1.144420970597,45.0313600526858,24.1377000000066 -1.14462096252867,45.0313979390382,24.3481999999931 -1.14470193127852,45.0314090026838,24.5690999999933 -1.14469606438138,45.0315379165037,24.6826000000001 -1.14484693822999,45.0316329675638,25.5035000000062 -1.14500602717186,45.0317580254191,25.7936999999947 -1.14514600445604,45.0318869390877,26.5264000000025 -1.14525396398691,45.0319670699524,27.3573000000033 -1.1453890804871,45.0320689938124,28.6441999999952 -1.14550592345781,45.0321789641896,29.5285000000003 -1.14557599654153,45.0322770328821,29.5285000000003 -1.14583399179282,45.0322810559067,31.2985999999946 -1.14605896138099,45.0323149186275,36.1499999999942 -1.14618703688599,45.0323310119833,37.4447999999975 -1.14637596516665,45.0323310119833,37.8934000000008 -1.14652901922645,45.0323080457792,39.8286999999982 -1.14668006106002,45.0322399844752,40.4005999999936 -1.14678299092357,45.0321519748911,39.9538999999932 -1.14692296820779,45.0320200437439,40.0393999999942 -1.14707602226756,45.0318760425003,40.0240000000049 -1.14717895123282,45.0318259184257,39.2531000000017 -1.14736301783118,45.0317390820478,39.4104999999981 -1.14750198990058,45.0316819173284,39.5378999999957 -1.14770399405852,45.0315799934139,40.321100000001 -1.14804396417274,45.0314430335227,38.7749999999942 -1.14835493307634,45.031279921606,37.8665000000037 -1.14866606906656,45.0311550309437,38.4581999999937 -1.14881593770035,45.0310980345137,38.6347999999998 -1.14902598806829,45.0311630777852,38.7486999999965 -1.14918004734288,45.0312309714975,38.9869999999937 -1.14942697804482,45.0312120279518,38.338699999993 -1.14956595011422,45.0311479903532,37.9614000000001 -1.14984607356588,45.0310529397574,37.7207999999955 -1.14999996485554,45.0309919194759,37.7446000000054 -1.15020599256764,45.0308899956024,38.0864000000001 -1.1504190603766,45.0307840484177,39.0154000000039 -1.15052802512226,45.0306360234637,39.4557999999961 -1.15066196752438,45.0304920225469,39.6634000000049 -1.15088693801087,45.0304269791477,40.6125000000029 -1.15112096082049,45.0303480212679,41.3858999999939 -1.15151993946908,45.0303099678848,43.0426000000007 -1.15177106081182,45.0303059440868,43.0130000000063 -1.15199200774415,45.0302870015046,42.7780999999959 -1.15219904067104,45.0302680582813,42.2087999999931 -1.15233901885359,45.0302259810414,41.6025999999983 -1.15246407691755,45.030211060968,41.3233000000037 -1.1526610514082,45.0301999970908,41.1840999999986 -1.15290395945427,45.0301889332114,39.8043000000034 -1.15319699079829,45.0301730074939,38.7630999999965 -1.15347107846956,45.0301730074939,37.4480999999942 -1.1537439938394,45.0301919507487,34.9912999999942 -1.1539590729763,45.0302380511818,34.9786000000022 -1.15415403613905,45.0302449242787,33.5323000000062 -1.15425595988949,45.0302449242787,32.5868999999948 -1.15438504150762,45.0302489474461,31.2758000000031 -1.15442192184162,45.0302449242787,30.8935000000056 -1.15450104724846,45.0301850776454,30.167100000006 -1.15468796330288,45.0301009230128,28.6869000000006 -1.15474294828312,45.0300330298645,28.5152999999991 -1.15478200882831,45.029987934904,28.3867000000027 -1.15532197087424,45.0300559963467,24.6165999999939 -1.15557393034513,45.0300749390053,24.5565999999963 -1.15580996538098,45.0300670602518,24.1154999999999 -1.15611506648913,45.0300710834317,24.881899999993 -1.15627700488706,45.0300479493495,25.0920999999944 -1.15650901547044,45.0300330298645,25.4303000000073 -1.15665402242191,45.030041076229,26.0495999999985 -1.15686206146195,45.0300670602518,26.9336000000039 -1.15710798694907,45.0300940498986,27.1245000000054 -1.15744108315474,45.0300789621848,28.9156999999977 -1.15774601717623,45.0300600195275,29.3565999999992 -1.15810006838256,45.0299840793245,29.4348000000027 -1.15828799055009,45.0298999250312,30.261599999998 -1.1585939306847,45.0297980011176,31.6527999999962 -1.15881906825786,45.0297150204352,32.1601999999984 -1.15907303995499,45.0296270101427,33.2372000000032 -1.15940395774609,45.0296159461526,34.8214000000007 -1.15968793586863,45.0296499767878,36.1316999999981 -1.15990301590385,45.029745027174,39.395199999999 -1.16005891941974,45.0298890287004,40.7796999999991 -1.16016704603721,45.0300330298645,40.412599999996 -1.16021398480745,45.0301919507487,39.8729000000021 -1.16026695845975,45.0303669644648,39.1686999999947 -1.16032697220894,45.0305369495056,39.5979999999981 -1.1604619216225,45.0306549665653,39.5268000000069 -1.1606439759946,45.0307989677069,40.4833999999973 -1.16085201503464,45.0309050831024,41.4836000000068 -1.16100406298129,45.0310039894548,41.4897000000055 -1.16119701391781,45.0311099362323,40.9997000000003 -1.16138895963952,45.0312239302815,40.0632000000041 -1.16155693291955,45.0313560289615,39.153999999995 -1.16176497195955,45.0314589588868,39.0724000000046 -1.16193596268063,45.0315799934139,38.2768000000069 -1.16215003660273,45.0316329675638,37.4968999999983 -1.16248497704967,45.0316939877966,36.9471000000049 -1.16264892767387,45.0316899640959,36.9928999999975 -1.16293491802267,45.0316629745668,36.8600000000006 -1.16323398424872,45.031644031164,36.5136999999959 -1.16355601680337,45.0315840171224,35.1223999999929 -1.16367001121628,45.0315530038329,35.0761999999959 -1.16388391715342,45.031508077037,35.363400000002 -1.16404904007906,45.0314740462368,33.4835000000021 -1.16423193347765,45.0314210725748,33.2924999999959 -1.16437895265535,45.0313830186355,33.2771999999968 -1.16451792382645,45.0313520058719,33.4569000000047 -1.16469997909688,45.0313179756139,33.5360999999975 -1.16483492761211,45.0313070789182,33.2939999999944 -1.16501094800047,45.0312579612304,32.8398000000016 -1.16511907461794,45.0312390176935,32.8457999999955 -1.16527900078967,45.0312239302815,33.385500000004 -1.16548201106072,45.031200964268,34.9233999999997 -1.1655690146926,45.0311669332853,35.2694999999949 -1.16570396320787,45.0311060807284,36.1858000000066 -1.16584595271829,45.0310150531766,37.9679000000033 -1.16588098970932,45.0308940187245,38.2440000000061 -1.16596095234601,45.030814055231,38.8331000000035 -1.16611098896476,45.0306469202872,39.3920999999973 -1.16622799992042,45.0305260532961,39.0761999999959 -1.16637904175399,45.0303860752605,39.4435999999987 -1.16652203737753,45.0302720814471,39.1554999999935 -1.16667391733925,45.0301430003446,38.8580999999976 -1.16680098673115,45.0300330298645,38.8466999999946 -1.16702092844869,45.0299230591732,38.8681999999972 -1.16716694061495,45.0298400780372,38.6989999999932 -1.16730205711517,45.0298129206639,38.3751000000047 -1.1675089229554,45.029789954719,37.671199999997 -1.16772601342022,45.029775034532,36.7017999999953 -1.16789801025442,45.0297710113312,35.5093999999954 -1.16817696050634,45.029729940003,33.1591999999946 -1.16835398610948,45.0296840074028,31.6254999999946 -1.16856202514952,45.0296390804094,31.2733000000007 -1.16876101096811,45.0295520762804,29.6725000000006 -1.16898095268562,45.0294910556686,30.0109999999986 -1.16920692838694,45.0294000280877,30.4642000000022 -1.16940792643176,45.0293049777635,29.5158999999985 -1.16962300646695,45.0292030534253,29.7997000000032 -1.16975393142805,45.0291039795263,30.4020000000019 -1.17002701388453,45.0290060787199,30.8730999999971 -1.17020403948767,45.0288769973018,30.9900000000052 -1.17038995032731,45.0287710502002,30.9777000000031 -1.17060704169043,45.0286610796238,30.6159000000043 -1.17072405264609,45.0286610796238,31.0204999999987 -1.17086302471549,45.0287060067499,31.8068999999959 -1.17137398555079,45.0288119539718,31.1808000000019 -1.17163700957104,45.0288649275093,29.1830000000045 -1.17197295613109,45.0289450587957,27.8181999999942 -1.17232298468155,45.0290169752188,24.3208000000013 -1.17265406955928,45.0290999562783,22.774900000004 -1.17296000969392,45.0291799196272,20.8267999999953 -1.17317106617498,45.0291950069431,20.7698999999993 -1.17345001552856,45.0291569527935,21.2170999999944 -1.17362704113171,45.0290850365463,21.1349999999948 -1.17380892841718,45.0290439647259,20.9269000000058 -1.17397002868698,45.028989985699,20.938599999994 -1.17412006440744,45.0288959403507,21.2402000000002 -1.17433497645767,45.0288649275093,21.2483999999968 -1.17458995426794,45.0288540309814,21.3138999999937 -1.1748479495192,45.0288580542467,21.3484999999928 -1.1752420664855,45.0288769973018,21.5915999999997 -1.17553492984453,45.0288729740379,22.5252999999939 -1.17556007548598,45.0288699564311,22.6447999999946 -1.17564992947225,45.0288800149083,22.8224999999948 -1.17572905487913,45.0288900733836,23.0311999999976 -1.17585997984019,45.0288999642478,23.8595999999961 -1.17598705013038,45.0289100220848,24.7860999999975 -1.17605008221895,45.0289100220848,25.1475999999966 -1.17610707852709,45.0289200805549,25.4400000000023 -1.17615703473835,45.0289400292456,25.6612000000023 -1.17619693251337,45.0289599785643,25.7666999999929 -1.17624001571439,45.0289799272411,25.6315000000031 -1.17626901692505,45.028989985699,25.5644999999931 -1.17628695448463,45.029000044155,25.4997000000003 -1.17630992081319,45.029000044155,25.540599999993 -1.17633003768566,45.0290099343653,25.5038000000059 -1.17636993546068,45.0290099343653,25.5895000000019 -1.17639994278445,45.0290099343653,25.653999999995 -1.17643699020508,45.0290099343653,25.7403999999951 -1.17647705596506,45.0290099343653,25.9198000000033 -1.17652701217631,45.0290099343653,26.1435000000056 -1.1765580256132,45.0290099343653,26.2823999999964 -1.17659993471616,45.029000044155,26.4861999999994 -1.17664000047614,45.029000044155,26.661300000007 -1.17667000779988,45.028989985699,26.8294000000024 -1.17669699678427,45.028989985699,27.011599999998 -1.17676002887281,45.0289799272411,27.4300999999978 -1.17679707719177,45.0289700363908,27.6609999999928 -1.17682792264367,45.0289599785643,27.8405999999959 -1.17686999973158,45.0289499201012,28.0847000000067 -1.17689900094221,45.0289499201012,28.165599999993 -1.17692699693805,45.0289400292456,28.165599999993 -1.17694996326661,45.0289400292456,28.165599999993 -1.17698902291348,45.0289299714139,28.165599999993 -1.17703998433955,45.0289299714139,28.165599999993 -1.17706697422224,45.0289299714139,28.165599999993 -1.17709798765913,45.0289299714139,28.165599999993 -1.17714006474701,45.0289299714139,28.5417000000016 -1.17717996252206,45.0289400292456,29.023000000001 -1.17720996984581,45.0289400292456,29.3794999999955 -1.17728708302641,45.0289400292456,30.2954999999929 -1.17731993980625,45.0289400292456,30.6858000000066 -1.17734894191521,45.0289400292456,30.8650999999954 -1.17739001289,45.0289499201012,30.9805999999953 -1.17745002753749,45.0289599785643,31.0880000000034 -1.1775289849594,45.0289700363908,31.2167000000045 -1.1775479277338,45.0289799272411,31.2474999999977 -1.17764700202814,45.028989985699,31.252800000002 -1.17805704432779,45.0290699492014,30.008799999996 -1.17812007641636,45.0290900654488,29.6628000000055 -1.17817003262761,45.0290999562783,29.4104999999981 -1.17822702983408,45.0291200725152,29.1168000000034 -1.17831001081013,45.0291500802008,29.0267000000022 -1.17840707287825,45.0291899780498,28.7639999999956 -1.17852995162935,45.0292499920622,28.0565000000061 -1.17858694883582,45.0292799996798,27.7274999999936 -1.17862902592373,45.0293100066466,27.5651000000071 -1.17866992981186,45.0293400135978,27.4072000000015 -1.17892993639105,45.0295599551049,25.5166999999929 -1.17926705615089,45.0298300197288,22.8466000000044 -1.1793399786907,45.0299659746675,21.9774000000034 -1.1794070343334,45.0301109812736,21.6211999999941 -1.17948397952909,45.0299569220195,21.7829000000056 -1.17948800308322,45.0298060475151,21.9704000000056 -1.17960300271094,45.029722061202,21.6205000000045 -1.17971900845182,45.0296620464148,21.6713000000018 -1.17981506530515,45.0296270101427,21.4814999999944 -1.17998706213931,45.0294989345015,21.3176999999996 -1.1801330743056,45.0294000280877,21.1882000000041 -1.18029803014461,45.0293359903664,20.8717999999935 -1.18041805943961,45.0291950069431,20.7507999999943 -1.18056306639108,45.0290630759634,20.6690999999992 -1.18071092279864,45.0289339946738,20.5644000000029 -1.1807830072103,45.02881597724,20.5239000000001 -1.18090605394632,45.0287209265807,20.527700000006 -1.18106497490326,45.0286230257541,20.4945000000007 -1.18116203697138,45.0285660287073,20.4670000000042 -1.18142506099162,45.0285730696154,20.167100000006 -1.18162002415438,45.028559994096,19.968200000003 -1.18195194716027,45.0285090322386,19.9386999999988 -1.18218596996988,45.0285050089489,19.9937999999966 -1.18240792301533,45.0284979680324,20.031799999997 -1.18261797338327,45.0285090322386,20.2287000000069 -1.18276801000202,45.0285849718591,20.5589000000036 -1.1829390007231,45.0286610796238,21.0559000000067 -1.18315407986002,45.0287710502002,21.1324000000022 -1.18342800044466,45.0288050807029,23.0638000000035 -1.1836640354805,45.0287819467439,24.2694000000047 -1.18382496776532,45.0287479162275,24.4869999999937 -1.18407994467726,45.0287440605644,25.9584000000032 -1.18432201459517,45.0287329964036,27.6202000000048 -1.18443902555083,45.0287400372912,27.9260000000068 -1.18468796847901,45.0286530330653,28.1233000000066 -1.18513807653863,45.028701983474,28.1975999999995 -1.18528392161826,45.0286639296314,28.2963000000018 -1.18551794442787,45.0286570563447,28.2173999999941 -1.18560897161392,45.0286449865058,28.1515000000072 -1.1858309246594,45.0286300666551,27.053700000004 -1.18604499858147,45.0286079382874,25.4703000000009 -1.18633802992549,45.0285849718591,25.0421999999962 -1.18655797074471,45.0285769252899,24.3279999999941 -1.18679400578055,45.0285009856588,23.8696999999956 -1.18690900540828,45.0283990611588,23.6744000000035 -1.18708100134414,45.0282439960727,23.3597000000009 -1.1872509868504,45.0280919482145,23.1297999999952 -1.18740303479709,45.0279549882301,22.3662999999942 -1.18753697719921,45.0277620370163,21.9348000000027 -1.18764694805798,45.0276289319809,21.729600000006 -1.18795892217636,45.0275380722266,20.5338000000047 -1.18790192496992,45.027421060772,20.7173999999941 -1.1877500450082,45.0271479785125,22.3819999999978 -1.18735006114478,45.026550013482,23.1438000000053 -1.18694001794684,45.0259699855928,21.9318000000058 -1.18663994560764,45.0255299357312,21.0828000000038 -1.18634892648988,45.0250699368988,21.7244999999966 -1.18610702455689,45.0246199967705,22.4296000000031 -1.18606695879692,45.0245100258382,22.6658000000025 -1.18605907967358,45.0244800188947,22.7152999999962 -1.1860270610219,45.0244300623149,22.7970999999961 -1.18600996248878,45.0243400406767,22.922900000005 -1.18600996248878,45.0242999756338,22.922900000005 -1.18591792918961,45.0241680441656,22.9416999999958 -1.18598900748815,45.0239670463032,23.2088999999978 -1.18601700258566,45.0237390582793,23.5383000000002 -1.18605606223252,45.0235310199231,23.8583999999973 -1.18609897834693,45.0232240745197,24.3369999999995 -1.18615094588611,45.0229620559302,24.790399999998 -1.18615094588611,45.0226279536785,24.6006999999954 -1.18612596733132,45.0223709643933,24.3847999999998 -1.18612999088545,45.0220859798481,24.5195999999996 -1.18611305943899,45.0218279848889,23.8561999999947 -1.18609394867964,45.0214110687086,23.4817000000039 -1.18611305943899,45.0211269219912,23.0865999999951 -1.18609897834693,45.02085803101,22.1760999999969 -1.18611708299316,45.0203499197489,22.5665000000008 -1.18610702455689,45.02002000838,23.0290999999997 -1.18607902856108,45.0198500232214,23.2633999999962 -1.18603996891422,45.0196999869289,23.4015000000072 -1.18600007113917,45.019519943875,23.7314999999944 -1.18598900748815,45.0193799662291,23.8304000000062 -1.18596905860064,45.0191999228039,23.8589000000065 -1.18596000627752,45.0190599450106,23.8399999999965 -1.18596905860064,45.0188599528275,23.4965999999986 -1.18598900748815,45.0185000335905,22.584600000002 -1.18598900748815,45.0184599682706,22.5136999999959 -1.18605002735046,45.0179200060546,21.9630999999936 -1.18617994709674,45.016699936095,25.0234999999957 -1.18620693697943,45.0165899658249,24.3861999999936 -1.18633702381238,45.0161799231198,23.3383999999933 -1.18647700199489,45.01586996002,23.0412000000069 -1.18672007712763,45.0154399682965,23.960500000001 -1.1868689396483,45.0151300056367,23.6215999999986 -1.18710698601205,45.0146899556438,23.5261000000028 -1.18731904770792,45.0143499855622,22.6674999999959 -1.18753999464026,45.0140200739154,19.7415999999939 -1.1877500450082,45.0137200021376,16.9021999999968 -1.18798004426365,45.0133999810388,15.3166000000056 -1.18821004441742,45.0131200253309,15.2011000000057 -1.18831699693682,45.0129899383541,15.4809999999998 -1.18844004367287,45.012870076853,15.8706999999995 -1.18856007206955,45.0127699973245,15.9599000000017 -1.18890708317899,45.0124799835307,17.0256999999983 -1.18922894864698,45.0122300347997,17.1861000000063 -1.18951007731345,45.0119799192242,17.2878000000055 -1.18977997434392,45.0117700357993,17.5498999999982 -1.18997694883458,45.0116000509172,17.7252000000008 -1.19014006133061,45.0114600735981,17.8396999999968 -1.19021901875253,45.0113599935109,17.959400000007 -1.19034692627258,45.0111799502721,18.1646999999939 -1.19057893775426,45.0108899360474,18.2890000000043 -1.1912300438587,45.0101300332084,17.0963000000047 -1.19132006582997,45.0100400113142,16.7541999999958 -1.19146004311415,45.0098400187481,16.2345999999961 -1.19157906629604,45.009659975812,15.9890000000014 -1.19174703957607,45.0093999693885,15.1821000000054 -1.19186002787589,45.0092499330242,14.9991000000009 -1.19195004894883,45.0091399624198,14.9072000000015 -1.1921069585778,45.0089899266447,15.1944999999978 -1.19230996795056,45.0088299999571,15.6823000000004 -1.19249805810305,45.0086900222191,15.4572000000044 -1.19259696441248,45.00861005883,15.3227999999945 -1.19276007601018,45.0085099788436,15.7626000000018 -1.19296995929149,45.0083599426885,15.5255000000034 -1.19330791717945,45.0080699287923,15.4977000000072 -1.19351997977366,45.007890053044,14.5454999999929 -1.19384905332345,45.0075899809039,13.5288 -1.19389699730851,45.0075400248301,13.129700000005 -1.1939300220733,45.0074999594634,12.8494000000064 -1.19394695351976,45.0074600617409,12.6055999999953 -1.19396991984832,45.0073599816506,12.0794000000024 -1.19396991984832,45.0072500112283,11.8427999999985 -1.19414996379081,45.0073400324265,12.664499999999 -1.19448708355065,45.0075200756687,13.0620000000054 -1.19452698132567,45.0075400248301,13.2023999999947 -1.19499905049906,45.0078099221372,15.110400000005 -1.19525704575032,45.0079599584628,16.1837999999989 -1.19537992360309,45.0080300308317,16.732600000003 -1.19546005512308,45.0080699287923,17.065300000002 -1.19546994557435,45.0080799871133,17.1419000000024 -1.19551001133433,45.0080999360796,17.3081999999995 -1.19558997486936,45.0080499798155,16.9309999999969 -1.19557991643313,45.0080399214892,16.8701000000001 -1.19566993750606,45.0080199725019,16.6943000000028 -1.19572995215358,45.0079500677915,16.2063000000053 -1.19577001791356,45.007890053044,15.8640000000014 -1.19581997412481,45.0078199805039,15.7356 -1.19586003988479,45.0077400171704,15.5426000000007 -1.19592692664423,45.0076000393092,14.659799999994 -1.19598895351795,45.0074199956832,13.5243999999948 -1.19605701437547,45.0072099456588,13.0617999999959 -1.19603002449275,45.0069900040271,11.8861999999936 -1.19598895351795,45.0068200195665,11.4055999999982 -1.19594000252152,45.0066599248621,10.9159999999974 -1.19587697133128,45.0064999980204,10.1404000000039 -1.19581997412481,45.0063700789258,10.0540999999939 -1.19580907756042,45.0063400713674,10.0950000000012 -1.19571905558915,45.0061600282271,10.3430999999982 -1.19565702961373,45.0059600360865,11.3758999999991 -1.19564998861855,45.0057999415192,12.8114999999962 -1.19565702961373,45.0056599639981,13.0160999999935 -1.19569005437853,45.0055099279995,14.0984000000026 -1.19687693188811,45.0055900589481,9.26179999999295 -1.19756994799383,45.0056400148171,8.84739999999874 -1.19762007129175,45.0056400148171,8.89870000000519 -1.19756994799383,45.0056400148171,8.84739999999874 -1.19817696478413,45.0052799286513,8.92359999999462 -1.19880694880133,45.0049099509312,9.28770000000077 -1.19940893682264,45.0045300833708,10.3151000000071 -1.19943005980826,45.0045399739975,10.4254999999976 -1.199460067132,45.0045500323032,10.5681000000041 -1.19947699857846,45.0045599229264,10.649900000004 -1.19949895879391,45.0045599229264,10.7391000000061 -1.19954992111831,45.0045599229264,10.9459000000061 -1.19957707808766,45.0045500323032,11.0097999999998 -1.19960004441619,45.0045399739975,11.0097999999998 -1.19963005173996,45.0045099667506,11.0097999999998 -1.19969995683873,45.0045699812286,11.0097999999998 -1.19972007371119,45.004589930147,11.0097999999998 -1.20003892083983,45.0048499368095,12.5344000000041 -1.20030898585529,45.0050799359787,13.7195000000065 -1.2005170248953,45.005259979338,13.1622000000061 -1.20064794985637,45.0053699497698,11.4450999999972 -1.20070695839077,45.0053999572013,11.0663000000059 -1.20073797182763,45.005410015356,11.0663000000059 -1.20078004891554,45.0054200741441,11.0663000000059 -1.20082799379889,45.0054299646171,11.0663000000059 -1.20088700233326,45.0054299646171,11.0663000000059 -1.20090996866182,45.0054299646171,11.0663000000059 -1.20099596707892,45.0054299646171,10.3521000000037 -1.20110694315248,45.0053999572013,9.39519999999902 -1.20115505512246,45.0053429605345,8.98040000000037 -1.20115505512246,45.0052370130706,9.55819999999949 -1.20117299268207,45.005104076063,10.5329000000056 -1.20120903488791,45.0047300754224,10.2691999999952 -1.2012199314523,45.0045599229264,10.3830000000016 -1.201246921335,45.0043699892532,9.66280000000552 -1.20132001096147,45.003869924642,9.79559999999765 -1.20133694240793,45.0036799905867,9.87440000000061 -1.20136795584482,45.0034900565368,9.56570000000647 -1.20144004025648,45.0029499271287,9.29200000000128 -1.20146703013917,45.0027599931991,7.91529999999329 -1.20148999646773,45.0025799496049,8.30560000000696 -1.2015570512121,45.0020299294505,7.72509999999602 -1.20156895388964,45.0019700825406,7.7155000000057 -1.20160700742339,45.0016500612133,7.56780000000435 -1.20160700742339,45.0016200543584,7.58999999999651 -1.2015900759769,45.0015999379867,7.65760000000591 -1.20156895388964,45.0015900468525,7.91599999999744 -1.2015570512121,45.0015600399661,8.119200000001 -1.2015570512121,45.0015399229381,8.14890000000014 -1.20150005400567,45.0015300324288,8.98480000000563 -1.20135605316728,45.0015270152863,10.9845999999961 -1.19994906685353,45.0014400109929,13.574099999998 -1.19864601651648,45.0013409366889,13.0486999999994 -1.1985610242125,45.0011779924465,12.6974999999948 -1.20000991962921,45.0002799557316,13.7762999999977 -1.19997002185419,45.0002100504686,13.5420000000013 -1.19988704087811,44.9999500437096,12.9269000000058 -1.19993699708939,44.9998499638381,13.2038999999932 -1.19997706284937,44.9997500514866,13.4271000000008 -1.1999899707417,44.9997299350936,13.4272000000055 -1.20001796673751,44.9995899573507,13.3073000000004 -1.20002701906062,44.9994199725289,13.1627000000008 -1.20006004382542,44.9992099217551,14.0924999999988 -1.20006004382542,44.9990900606369,13.9934999999969 -1.20002701906062,44.9990099294896,13.8077000000048 -1.20001796673751,44.998959973556,13.6919000000053 -1.19994906685353,44.9988099371612,13.1469999999972 -1.1999200656429,44.9987599810532,12.8484000000026 -1.19988704087811,44.998729973955,12.5559000000067 -1.19978997880999,44.998570047208,11.8859999999986 -1.19972007371119,44.998469967467,11.9562000000005 -1.19955997955454,44.998230077361,11.6475999999966 -1.19947699857846,44.9980899320656,11.1778999999951 -1.19943693281848,44.9979600123197,10.9138999999996 -1.19943005980826,44.997790027109,10.7948999999935 -1.19946995758328,44.9976699984959,11.0739000000031 -1.19949895879391,44.9975799767122,11.4278999999951 -1.19954992111831,44.9974099916445,11.7741999999998 -1.19956701965143,44.9972800722627,12.1153000000049 -1.19954992111831,44.9971699344804,12.5896000000066 -1.19949895879391,44.9970899708913,13.0182000000059 -1.19939703504346,44.996990058809,12.9695999999967 -1.19925001676406,44.996829963949,12.8512999999948 -1.19914993635657,44.9967099352305,12.5255999999936 -1.19912697002801,44.9967199936404,12.3631000000023 -1.19911707957673,44.9967199936404,12.2926000000007 -1.19912697002801,44.9967199936404,12.3631000000023 -1.19914993635657,44.9967099352305,12.5255999999936 -1.19917994368031,44.9967000445226,12.7387000000017 -1.19919000211658,44.9966799283292,12.8083999999944 -1.19920006055281,44.9966599791974,12.8782999999967 -1.19920693356304,44.996649920777,12.9266999999963 -1.19920693356304,44.9966400300587,12.9257000000071 -1.19920006055281,44.9966100231208,12.8730999999971 -1.19919000211658,44.9965999646916,12.7994000000035 -1.1991599947928,44.9965800161672,12.5800000000017 -1.19912697002801,44.9965600670006,12.3804999999993 -1.19914993635657,44.9965399501229,12.7246000000014 -1.19907902514469,44.9965240245739,12.6166999999987 -1.19894005397358,44.9965320712011,12.335500000001 -1.19887098700298,44.9964519402879,12.0899999999965 -1.19876202225732,44.996331073524,11.0749000000069 -1.19863998163441,44.9962279756271,10.2592000000004 -1.1985000034519,44.9960499443018,9.80469999999332 -1.19837796282896,44.9959439968039,9.86280000000261 -1.19837796282896,44.995837044143,9.9829999999929 -1.19849698601085,44.9955699967139,9.73630000000412 -1.19854995966315,44.9954300189725,9.80680000000575 -1.19857694954584,44.9953200478831,9.81059999999707 -1.19859907774624,44.9952499752135,9.70570000000589 -1.19859907774624,44.9951099979609,9.74950000000536 -1.19858700798211,44.9948900562485,10.0868999999948 -1.19857007653562,44.9947299625094,9.97930000000633 -1.19853705177082,44.994619991347,9.81519999999728 -1.19850905577502,44.9945400280112,9.96259999999893 -1.19849698601085,44.9945100212441,10.0179000000062 -1.19842993126647,44.9944500063924,10.1833999999944 -1.19839003349142,44.9943899921131,10.4320000000007 -1.19828006263265,44.994190000177,10.7942999999941 -1.19820998954893,44.9940699710109,10.9763999999996 -1.19817696478413,44.9940200152175,10.9668999999994 -1.198119968476,44.9939700587452,10.9910999999993 -1.19778703935696,44.9937509556664,11.7575999999972 -1.19754094588488,44.9934470282938,12.2627000000066 -1.1975310554336,44.9932770430364,12.0866999999998 -1.19754496943904,44.9931519849819,12.0823999999993 -1.19777798613554,44.9928400104648,11.1447999999946 -1.19830001152019,44.9919099544688,10.229800000001 -1.19853001077564,44.9912900288251,11.5114999999932 -1.19858097310001,44.9909750372744,11.5225999999966 -1.19871105993295,44.9905950017202,11.8013999999966 -1.1988490258892,44.9901779185156,12.7611000000034 -1.19901096428716,44.9897910098889,12.8714000000036 -1.19918195500824,44.9892750194402,11.686400000006 -1.19935395184244,44.988826923234,11.1469999999972 -1.19952494256352,44.9882889726629,11.4367000000057 -1.19964396574537,44.9879699575412,12.008600000001 -1.19982702623062,44.9875069408973,12.9413999999961 -1.19993297353523,44.9870970661158,12.3628000000026 -1.20011502880565,44.9865959955651,10.2617000000027 -1.20032005040464,44.9860499988317,8.47590000000491 -1.20044795792466,44.9857090226299,8.19980000000214 -1.20060905819446,44.9852309186894,8.61209999999846 -1.20069505661156,44.9848889375395,9.70849999999336 -1.20064208295926,44.9845320357162,9.86010000000533 -1.20054501999281,44.9841449593612,9.95059999999648 -1.20042599770925,44.9837280439821,10.5877000000037 -1.20028803085463,44.9831889196455,10.4563000000053 -1.20017001378589,44.9827419964579,11.4045000000042 -1.20029792220424,44.9827039425711,11.4820000000036 -1.20023405198755,44.9824910423949,11.6699999999983 -1.20020102722275,44.9823170343266,11.7580000000016 -1.20017001378589,44.9821649865166,11.7554999999993 -1.2000840153688,44.9819829313315,11.9023000000016 -1.20009005025086,44.9818800014219,11.6051000000007 -1.20017001378589,44.9817299654233,11.1928000000044 -1.20023002843338,44.9816000460777,11.0896999999968 -1.2002699262084,44.9815100244672,10.9931999999972 -1.20032005040464,44.9814000539906,10.6496999999945 -1.2003700066159,44.9812600759529,10.5022000000026 -1.20041007147758,44.9811299890641,10.6199999999953 -1.20043806747338,44.9810300764804,10.6337000000058 -1.20044996925259,44.9809700621279,10.6294999999955 -1.20046002768883,44.9808899310603,10.6291000000056 -1.20046807479716,44.980779960665,10.784799999994 -1.20048902889946,44.9807100557604,10.9633000000031 -1.20050998390011,44.9806800487422,11.0399000000034 -1.20052792145969,44.9806599320091,11.0840000000026 -1.20055004966009,44.9806299249647,11.1346000000049 -1.20058994743511,44.9805999172692,11.1472999999969 -1.20064007163132,44.9805700779444,11.1113999999943 -1.20064794985637,44.9805700779444,11.0994000000064 -1.20078792803888,44.980530012145,11.1209999999992 -1.20090007821055,44.9804899469531,11.3267000000051 -1.20099998973476,44.980450048849,11.5722999999998 -1.2011079492656,44.9804099836013,11.8028000000049 -1.20118003367725,44.9803900345249,11.894100000005 -1.20118807988725,44.9803799764261,11.9186000000045 -1.20125999631395,44.9803499692352,11.9964000000036 -1.20133794852104,44.9803199620286,12.0718999999954 -1.20139997449647,44.9803000129209,12.0935999999929 -1.20150793312901,44.9802599475682,12.0577000000048 -1.2015900759769,44.9802200493041,11.9760999999999 -1.20165897496258,44.9801799838956,11.9495000000024 -1.2016879770715,44.9801499766,11.9483999999939 -1.20171999572318,44.9801100788949,11.9563000000053 -1.2017290480463,44.9800899625972,11.9642000000022 -1.20171999572318,44.9800599552545,11.9790000000066 -1.20169803460944,44.9800400060564,11.9955000000045 -1.20163902607507,44.9800200574867,12.0314999999973 -1.20156895388964,44.9799999411575,12.0963999999949 -1.20150005400567,44.9799999411575,12.2063000000053 -1.20141003293273,44.9799900501074,12.370299999995 -1.20133794852104,44.9799900501074,12.4587000000029 -1.20127793387356,44.9799900501074,12.4872000000032 -1.20124792654981,44.9799699337677,12.5574999999953 -1.20122998988854,44.9799499845382,12.6255999999994 -1.2012199314523,44.9799300359372,12.6913000000059 -1.20122998988854,44.9799199777577,12.7121999999945 -1.20123803609854,44.9799000285108,12.7620000000024 -1.20127793387356,44.9798800798924,12.7807999999932 -1.20136007672145,44.9798599628787,12.7562999999936 -1.20144993070775,44.9798500724399,12.6199999999953 -1.2015490050021,44.9798400142463,12.4591999999975 -1.20162997375195,44.979829956051,12.3846999999951 -1.2016879770715,44.9798100067728,12.3757000000041 -1.20173793328279,44.9797900581232,12.3499000000011 -1.20176006148319,44.9797699417133,12.3378999999986 -1.20176995193446,44.9797399342031,12.3387999999977 -1.20177799814447,44.9797000362125,12.3064000000013 -1.20176006148319,44.9796599710761,12.3083000000042 -1.20171999572318,44.9796200730299,12.3659000000043 -1.20165897496258,44.9795699489612,12.4850000000006 -1.2015900759769,44.9795000438521,12.9875999999931 -1.2015490050021,44.9794299715389,13.440300000002 -1.20151799156524,44.9793900733327,13.7605999999942 -1.20148999646773,44.9793699567824,13.9694000000018 -1.20144993070775,44.9793500079797,14.2039999999979 -1.20138907793207,44.9793300591699,14.4844000000012 -1.20132805806977,44.9793300591699,14.5516000000061 -1.20127005475018,44.9793300591699,14.5516000000061 -1.20120903488791,44.9793300591699,14.5516000000061 -1.20113996791727,44.9793300591699,14.5516000000061 -1.20109001170602,44.9793300591699,14.6410000000033 -1.20101792729437,44.9793099425986,14.8984999999957 -1.20097802951931,44.9792899937749,15.0951000000059 -1.20093896987245,44.979259986649,15.3521000000037 -1.20091801487183,44.9792400378079,15.476800000004 -1.20090996866182,44.9792199212051,15.5475000000006 -1.20087795001015,44.9791500156692,15.8013999999966 -1.20087795001015,44.9790700523549,15.9670000000042 -1.20087795001015,44.9789800305847,15.9670000000042 -1.20090007821055,44.9788700603388,15.7710999999981 -1.20092807330806,44.9787200240888,15.2743999999948 -1.20093896987245,44.9785800464979,14.7869999999966 -1.20091801487183,44.9784900245939,14.7946999999986 -1.20088800754808,44.9784300101244,14.5733000000037 -1.20082799379889,44.9783599377745,14.1585999999952 -1.20074803026386,44.978290032461,13.9437999999936 -1.20064007163132,44.9781899528895,13.6619999999966 -1.20055004966009,44.9781099895072,13.5678999999946 -1.20041996282715,44.9780000188636,13.3116000000009 -1.20034804550215,44.9779200552164,13.088699999993 -1.2002699262084,44.9778499828787,12.7520999999979 -1.2001980097817,44.9777500702983,12.7030999999988 -1.20015794402172,44.9776699391787,12.840200000006 -1.20007999271293,44.9775299615661,12.6122000000032 -1.20007999271293,44.9774499985343,12.383799999996 -1.20006004382542,44.9773700347556,12.2480999999971 -1.20004998538918,44.9773299692619,12.2155999999959 -1.20009005025086,44.9771799334302,12.0766000000003 -1.2001180462467,44.9770200069144,11.5157999999938 -1.20015006489835,44.9769199263972,11.4618999999948 -1.20009994160047,44.9769400431715,11.4728000000032 -1.20015006489835,44.9769199263972,11.4618999999948 -1.20020806821793,44.9767599997916,11.4507000000012 -1.20028803085463,44.9766399709813,11.2305000000051 -1.20044996925259,44.9764099714039,11.7954999999929 -1.2006580082926,44.976179972175,11.4723999999987 -1.20090007821055,44.975949972659,11.7189999999973 -1.201130077466,44.9757699293479,10.8963999999978 -1.20129905685914,44.9756400098421,10.8600000000006 -1.20144004025648,44.9755099229117,10.7736000000004 -1.20137801428105,44.9755300395452,10.7736000000004 -1.20144004025648,44.9755099229117,10.7736000000004 -1.20156895388964,44.9753499961866,10.446299999996 -1.20165897496258,44.975160062286,9.67690000000584 -1.20169803460944,44.9750499239371,9.53549999999814 -1.20176995193446,44.9748799394074,8.73979999999574 -1.20181907001756,44.9747099543739,7.74920000000566 -1.2018599730074,44.9745500273243,7.72250000000349 -1.20187807855193,44.9744799546813,7.72539999999572 -1.20190892400387,44.9742199481157,7.87790000000678 -1.20195804208696,44.9739299342689,7.93129999999655 -1.2019989450768,44.9736699277515,7.96869999999763 -1.20202995851366,44.9734699353304,7.95909999999276 -1.20204001694989,44.9734099206908,7.94400000000314 -1.20208008181157,44.9731400233972,8.14479999999458 -1.20210908392053,44.9729700389258,8.23010000000068 -1.20216004534657,44.9726500177058,8.47620000000461 -1.20217898901929,44.9725199303478,8.60420000000158 -1.20221000155785,44.9723299966065,8.57099999999627 -1.20222793911743,44.9721300045968,8.60719999999856 -1.20225995776911,44.9719300118896,8.58289999999397 -1.20227806241534,44.971799924805,8.61119999999937 -1.20235903206349,44.9713099191032,7.92829999999958 -1.20246900202393,44.9706100300752,5.94689999999537 -1.20254796034414,44.9701399725765,5.47520000000077 -1.20256992055959,44.9698900247058,5.57339999999385 -1.20256992055959,44.9697399884746,6.35589999999502 -1.20257997899582,44.9696199595883,7.17359999999462 -1.20254796034414,44.9694000185751,8.58019999999669 -1.2024400008133,44.9689400195291,10.6431000000011 -1.20230002352908,44.968389999372,10.5 -1.20216004534657,44.9677700735987,9.89960000000428 -1.20208008181157,44.9674500525994,9.75350000000617 -1.20205795361117,44.9673600310188,9.83719999999448 -1.20204806315989,44.9673199655228,9.91969999999856 -1.20193993654239,44.9669099229032,11.0632999999943 -1.2018599730074,44.9666100181387,11.9326000000001 -1.20182795435572,44.9664599822257,12.1719000000012 -1.20176995193446,44.9662400411715,12.6781999999948 -1.20163902607507,44.9657500350029,12.5332999999955 -1.20153006132941,44.9652999269657,13.3554000000004 -1.20144004025648,44.9650799852772,14.2424000000028 -1.20132805806977,44.9649200587044,14.8034999999945 -1.20109805881432,44.9647400157238,15.3285000000033 -1.2008380513368,44.9645400233079,16.5053000000044 -1.20064794985637,44.9643799287028,16.8619000000035 -1.20061794253262,44.9643299730944,16.9330000000045 -1.20050998390011,44.9643499220375,16.8625000000029 -1.20061794253262,44.9643299730944,16.9330000000045 -1.20060000587134,44.964280016807,16.9385000000038 -1.20055792878343,44.9640999737244,16.8702000000048 -1.20056798721967,44.9640500172366,16.8733999999968 -1.20056798721967,44.9640200103989,16.8705999999947 -1.20060000587134,44.9639199300766,17.0847999999969 -1.20069002694428,44.9637700619195,17.1558999999979 -1.20086001245057,44.9635300043351,16.4152000000031 -1.20093896987245,44.9633999166316,15.1089999999967 -1.20014805357045,44.9633570014683,16.3178999999946 -1.19955796732831,44.9633870086528,16.261599999998 -1.19894592087073,44.9635159224155,16.4168999999965 -1.19838902737831,44.9636149966394,17.6201000000001 -1.1977560259201,44.9636599233077,18.6460999999981 -1.19696091897727,44.9637060239071,20.8196000000025 -1.19653293821972,44.9637060239071,22.3319999999949 -1.19602801316485,44.9636530504825,24.479800000001 -1.19565200084478,44.963600077009,25.2375999999931 -1.19528805828888,44.9635159224155,25.9599000000017 -1.19516802989221,44.9634999965898,25.9758000000002 -1.19492897741531,44.9633499608055,25.6146000000008 -1.1947700564584,44.9632500483872,24.8598999999958 -1.19462806694795,44.9631600265715,24.3653999999951 -1.19449999144297,44.9630700052501,24.3031000000046 -1.19429899339815,44.962960034368,22.6828999999998 -1.19407804646582,44.9629000201722,21.7314000000042 -1.19384000100033,44.9628800713605,21.1502000000037 -1.19355903942052,44.9628800713605,19.5427000000054 -1.19346901744925,44.9629000201722,19.0717000000004 -1.19331797561572,44.9629300275958,18.4458000000013 -1.19304807858522,44.9630399978998,18.0742999999929 -1.19253996720601,44.9632800556277,18.9833999999973 -1.19242999724557,44.9633300115147,19.8598000000056 -1.19226001173927,44.9634099751663,19.7872000000061 -1.19189992565091,44.9635700693003,20.7566999999981 -1.19163002862041,44.9636999888177,21.853099999993 -1.19137806825122,44.9637900104217,21.7005999999965 -1.19108000813828,44.9638699740677,22.2388999999966 -1.19060793896489,44.9639700538415,23.6926999999996 -1.19023997375315,44.9640500172366,24.1790999999939 -1.18973001813267,44.964149929533,24.4216000000015 -1.18948794911305,44.9642000530969,24.7727000000014 -1.18940899169114,44.9642099436925,24.8798999999999 -1.18899794327838,44.9642699584249,25.7045000000071 -1.18856007206955,44.9643299730944,25.4272000000055 -1.18847005099662,44.9643599797701,24.4296000000031 -1.18819596242702,44.9645329827903,23.4051000000036 -1.1872840116152,44.9649049716167,19.9986000000063 -1.18665101015699,44.965132959291,18.858699999997 -1.18610400711588,44.9654209614942,16.4857000000047 -1.18567401503039,44.965565968187,14.5752000000066 -1.18533203358827,44.9657399768785,15.1306999999942 -1.18489097785173,44.9658849834004,16.0093000000052 -1.18444003166395,44.9659979715021,17.5939999999973 -1.18392605338763,44.9661810320804,18.8181999999942 -1.18357200218131,44.9662640132994,20.0930999999982 -1.18308903644355,44.9663699603624,21.2335000000021 -1.18263792227078,44.9665149671986,22.0544999999984 -1.18225201949947,44.9665900693459,22.7796999999991 -1.18199503036129,44.9666889755537,22.3108999999968 -1.18147904075704,44.9667650835856,22.045299999998 -1.18119103818201,44.9668939967485,21.7375000000029 -1.18080295609781,44.9669779836803,21.4869000000035 -1.18074797111757,44.9669999445546,21.4334999999992 -1.18061805137129,44.9670700168034,21.460699999996 -1.18020800907164,44.9672099945253,21.7737000000052 -1.17990994806037,44.9673199655228,21.216499999995 -1.17958808349072,44.9674800595497,20.7746000000043 -1.17930796003902,44.9676399866122,19.9391000000032 -1.17907896599839,44.9678399783896,19.3984000000055 -1.17889003861604,44.9680699780181,18.7185999999929 -1.17872793223312,44.9682699702029,18.8891000000003 -1.17860907703622,44.9683599916266,18.2636000000057 -1.17824899004949,44.968639947424,17.5834000000032 -1.17787800739674,44.968970026971,17.9777999999933 -1.17750802995878,44.9692399241869,19.0962 -1.17722002828204,44.9693899604551,19.8889000000054 -1.17722991873332,44.9693599532329,19.7899999999936 -1.17722002828204,44.9693899604551,19.8889000000054 -1.17709798765913,44.9695099891871,20.241399999999 -1.17691794371661,44.9697099814354,23.1861000000063 -1.17673806865737,44.9699599294553,25.303899999999 -1.17654997850487,44.9702700602485,30.3450000000012 -1.17641000032236,44.9704199285836,30.3812000000034 -1.17619793862651,44.9706100300752,29.5320000000065 -1.17599895190959,44.9707800151862,29.4958000000042 -1.17579795386477,44.9709499997934,26.7715999999928 -1.17570793279184,44.9710299636272,26.4168999999965 -1.17561807880553,44.971109926714,26.3904999999941 -1.17559008280972,44.9711399336562,26.360400000005 -1.17548799107429,44.971199948129,26.172900000005 -1.17530794803013,44.9712899700384,26.0426000000007 -1.17515003318634,44.9713699333982,24.9158000000025 -1.17503805099963,44.9714099986074,24.3796000000002 -1.17489807281711,44.9714400060282,24.5583000000042 -1.17489002660711,44.9714400060282,24.5583000000042 -1.17475792754797,44.9714599550408,23.2140000000072 -1.1745780515904,44.9714899624354,21.4962999999989 -1.17435794368456,44.9715000201871,21.3478999999934 -1.17413800196701,44.9715199691788,21.2075999999943 -1.17401998489824,44.9715300275607,21.2073999999993 -1.17370197589779,44.9716230670335,21.1679000000004 -1.17339100699419,44.9718279206103,21.6117999999988 -1.17302505311039,44.9720329418668,21.7636000000057 -1.17263998846721,44.9722299168012,22.2390000000014 -1.17250503995198,44.9723140706857,22.5766000000003 -1.17222106093111,44.9722149968693,22.7391000000061 -1.172006987009,44.9720099756281,23.2360999999946 -1.17171596699292,44.9717370606614,23.7566999999981 -1.17144992553162,44.9715799838895,23.4956999999995 -1.17088800327028,44.9713499843543,23.2323999999935 -1.17062799669106,44.9711799996616,23.2571000000025 -1.17049908305792,44.9709499997934,23.8984999999957 -1.17060100680836,44.9707200002739,24.2571000000025 -1.17076093298006,44.9703550527352,24.6447999999946 -1.17087995616195,44.9700370430153,24.5720000000001 -1.17101892823135,44.9699230491861,24.696100000001 -1.17123400826657,44.9697329479596,24.7519999999931 -1.17144808129035,44.9694900401319,24.9541000000027 -1.17165192968956,44.9691029639129,25.8350000000064 -1.17185695128855,44.9687009674135,26.9918000000034 -1.17199592335795,44.968336019739,27.976999999999 -1.17203900566068,44.9680019172655,27.7124999999942 -1.17186700882649,44.9677749350125,29.3375999999989 -1.17167305177685,44.9674859270879,29.6401000000042 -1.1715659312725,44.9672130122032,28.5310999999929 -1.17161907290976,44.9669020437219,28.3132000000041 -1.17168495445435,44.9666130358482,31.7307000000001 -1.17165192968956,44.9661649392014,34.1055999999953 -1.1715659312725,44.9657780305832,36.9572000000044 -1.17159895603726,44.965443927829,34.6766999999963 -1.17190992494085,44.9651939791976,32.5997999999963 -1.17216791929381,44.9649279375224,31.8059999999969 -1.17236992345178,44.9646320565289,27.3769999999931 -1.17221100249484,44.9642979540919,26.1076999999932 -1.17202693589651,44.9638729912858,26.7100999999966 -1.17190992494085,44.9635390566781,29.3984000000055 -1.17187706726272,44.9632810618011,28.617499999993 -1.17184504861104,44.9629999325645,29.2652999999991 -1.17187706726272,44.9627870323248,28.9818999999989 -1.17203900566068,44.9624460563428,25.9400000000023 -1.17210203774922,44.9621949346362,25.2069000000047 -1.17224201593173,44.9618839656483,23.2222000000038 -1.17233807188673,44.9616489375387,23.2332000000024 -1.1724140118676,44.9613909424249,22.870299999995 -1.17229498958404,44.9611170215706,22.229600000006 -1.17230705934817,44.960926920399,21.6457999999984 -1.1724140118676,44.9605929851697,21.2970000000059 -1.17251006872093,44.9602669293618,20.0190000000002 -1.17247905618237,44.9598870614633,19.8709999999992 -1.1724669855199,44.9595910127207,20.7641000000003 -1.17248995184846,44.9592719974681,22.0709000000061 -1.17247905618237,44.9590450149977,24.6368999999977 -1.17232801434883,44.9588170272846,26.9931999999972 -1.17225207346964,44.9585969189887,27.411300000007 -1.17224201593173,44.9583310450483,28.4036999999953 -1.17215601751464,44.958026949595,28.9140999999945 -1.17196407179293,44.9577689540862,28.8332999999984 -1.17169501289059,44.9575639326991,29.0706999999966 -1.17138303787391,44.9573820454178,33.0656000000017 -1.17112705484885,44.9572449176183,33.2428999999975 -1.17096595457905,44.9570779500205,30.476800000004 -1.17075003641567,44.9567969887215,26.5632000000041 -1.17053596339189,44.9565919676757,25.0053000000044 -1.17019398105144,44.9564479662069,24.9429999999993 -1.16999901788869,44.956342019255,25.0451999999932 -1.16986004671762,44.9562809988329,25.6744000000035 -1.16964999545135,44.9563100002442,26.4796999999962 -1.1693400326609,44.9562099204577,28.2348000000056 -1.16929007734794,44.9561899712269,28.4824999999983 -1.16903006987042,44.9560999497759,30.2982000000047 -1.16877794241457,44.956019986107,29.2724000000017 -1.1685880089191,44.9559899795191,29.2765999999974 -1.16837996987909,44.9560000374458,28.5310999999929 -1.16830000634406,44.9560099281837,28.4937000000064 -1.16809800308446,44.9560399353968,28.7712000000029 -1.16779893596007,44.9560999497759,29.3475000000035 -1.16751797527852,44.9561700226249,29.8061000000016 -1.16724807734972,44.9562799931723,29.3940000000002 -1.16688799126136,44.9564399196742,29.2069999999949 -1.16664994489758,44.9565500581613,28.3917999999976 -1.16649001872588,44.9566499701694,27.9799000000057 -1.16624006968459,44.9567899478893,28.3396999999968 -1.16610998285165,44.9568499627554,27.5213999999978 -1.16597000466913,44.9568700789413,27.4339999999938 -1.1658080671695,44.9568700789413,27.1505999999936 -1.1656000281295,44.9568400715266,26.4104999999981 -1.16532996311404,44.9568100647319,26.040599999993 -1.16516802471611,44.9568000063115,25.9398999999976 -1.16509895774547,44.9568199553302,25.7094999999972 -1.16506006608357,44.9568199553302,25.5920000000042 -1.16495998567607,44.9568799695292,25.2315999999992 -1.16489008057731,44.9569599332711,24.8654999999999 -1.1648500148173,44.9570700713958,24.4109000000026 -1.16477994263188,44.9572900126443,23.6025999999983 -1.16473903874374,44.9575200119813,23.5817999999999 -1.16464901677248,44.9577800186067,24.6298999999999 -1.16455899569954,44.9579399453776,24.4275000000052 -1.16442002363014,44.9580799231291,24.4434000000037 -1.1642099732622,44.9582500756841,24.1389999999956 -1.16399807865299,44.9583300387881,23.860400000005 -1.1637380720738,44.9583999442763,23.3996999999945 -1.16341805084709,44.958480074987,23.0046000000002 -1.16309802962037,44.9585900455569,22.9355000000069 -1.16288999058037,44.9586800669154,22.7826999999961 -1.16262998400114,44.9587900377378,22.6671999999962 -1.16241004318193,44.9588599426656,22.8994999999995 -1.16197803976854,44.9590099787501,22.6915000000008 -1.16160806233057,44.9591499564339,22.4397000000026 -1.16137001686512,44.9592800436036,22.0798000000068 -1.16124797624218,44.9593799559436,21.6025999999983 -1.16106005407464,44.959450028601,21.1790999999939 -1.16083005481919,44.9595100432275,21.0304999999935 -1.16032898443517,44.9596200137304,21.3932000000059 -1.15994006422281,44.95971003538,22.0274000000063 -1.15974007139277,44.9597499332939,22.5861000000004 -1.15942893540255,44.9598099476067,22.6992999999929 -1.15923900190708,44.9598200061352,22.704899999997 -1.15895804032726,44.9598200061352,22.4783000000025 -1.15891797456725,44.9598200061352,22.4278000000049 -1.1584799362718,44.9597799404582,21.8665000000037 -1.15761894688604,44.9596899189184,21.182799999995 -1.15751802924872,44.9596899189184,21.1566000000021 -1.15688804523152,44.9596200137304,20.9848000000056 -1.1564379371719,44.9595700577913,21.0654000000068 -1.15620793791645,44.9595499412806,21.1591000000044 -1.15579001649343,44.9594999852804,21.3515000000043 -1.15533001708424,44.9594599193799,22.3313999999955 -1.15482894670021,44.9594099633013,24.0767000000051 -1.15427792100323,44.9593799559436,24.7534000000014 -1.15393996221694,44.9593600071792,23.9431999999942 -1.15350795880356,44.959340058408,22.6251999999949 -1.1531800593518,44.9593299997954,22.2868000000017 -1.15226995188295,44.9592999930315,22.1043999999965 -1.15172998983702,44.9592699856162,21.3999999999942 -1.1509380674219,44.9592399781853,21.7118000000046 -1.14994799731635,44.9592000805523,21.7820999999967 -1.14893998965119,44.9591300075896,21.6431000000011 -1.148230042099,44.9591000007211,21.1230000000069 -1.14757994210768,44.9590500443292,21.5492999999988 -1.14743795259723,44.959059935177,21.7899000000034 -1.14729797441471,44.9590800518595,22.0212999999931 -1.14728003775343,44.9590800518595,22.0592999999935 -1.14717895123282,44.9591199495758,22.1512999999977 -1.14702807738424,44.9592000805523,22.145199999999 -1.14681903312942,44.9593100510137,22.2559000000037 -1.14653807154957,44.9593900145474,22.0926999999938 -1.14631997407333,44.9594399706433,21.8080999999947 -1.14593004774782,44.959519933996,21.5764999999956 -1.14567792029197,44.9595799485494,21.4048000000039 -1.14544792103652,44.9596300722922,21.1413999999932 -1.14516997689772,44.9596600795191,20.9563999999955 -1.14499798006352,44.9596699702618,20.911500000002 -1.14479999945975,44.9596500209626,20.9493999999977 -1.14458005864054,44.9596000650496,21.1420999999973 -1.14434000094885,44.9595400505172,21.3252999999968 -1.14406993593339,44.9594999852804,21.4051999999938 -1.14378796913876,44.9594599193799,21.4162000000069 -1.14354992277501,44.9594300798611,21.2736000000004 -1.14337792594081,44.9593900145474,21.057799999995 -1.14324800709283,44.9593499492058,20.9918999999936 -1.1430000702778,44.9592699856162,20.9581000000035 -1.14293904951717,44.9592500368136,20.9401000000071 -1.14274794192362,44.9591900219152,20.8867000000027 -1.14275900647297,44.9593199418167,20.8411999999953 -1.14263998329111,44.9592699856162,21.0381000000052 -1.14236002782438,44.9591700730848,21.3185999999987 -1.14213991902021,44.9590899420665,21.4774000000034 -1.14188795865102,44.9589900298572,21.9038 -1.14161806162051,44.9588800594182,22.0801000000065 -1.14119997221257,44.95871996491,24.7880000000005 -1.14077903334853,44.9585699287027,24.7939000000042 -1.14047996712244,44.958480074987,24.6698000000033 -1.14022800675325,44.9584200605545,24.5384999999951 -1.13995794173779,44.958369937026,24.3886000000057 -1.13958897041294,44.95833992976,23.6883999999991 -1.13917993422641,44.9583000315012,21.7005000000063 -1.1388679592097,44.9582800829971,21.329899999997 -1.13840008157546,44.9582500756841,20.307799999995 -1.13810000923626,44.9582299587107,20.4523000000045 -1.13802792482461,44.9582299587107,20.5185999999958 -1.13779792556916,44.9582200683555,20.7081000000035 -1.13741705156677,44.9583459647777,20.9591999999975 -1.13723499719467,44.9582480637964,21.1199999999953 -1.13700902059506,44.9581719565427,21.3277999999991 -1.13658992597229,44.9581179768296,21.5929999999935 -1.13610796634762,44.9580960163691,21.9752000000008 -1.13553799697795,44.958020076095,22.0531000000046 -1.13518394487336,44.957959056186,21.7364999999991 -1.13478697845096,44.9579210017445,21.3698000000004 -1.13435899859174,44.957943968539,20.9005000000034 -1.13364804492644,44.958160053651,20.846000000005 -1.13350002053392,44.9581900610111,21.0046000000002 -1.13351007897015,44.9580100178867,21.0044000000053 -1.13353002785766,44.9577699603563,20.8454000000056 -1.13357897885413,44.9575500190404,20.7122999999992 -1.13362004982893,44.9573699758148,20.6713000000018 -1.13365793627601,44.9572700631533,20.7565000000031 -1.13366899992707,44.9572400559478,20.8076000000001 -1.13373806689767,44.9570900203206,20.9579999999987 -1.13374795734895,44.9570700713958,20.9529000000039 -1.13406999080189,44.9565299412275,21.4955000000045 -1.13410804433564,44.9564199705234,21.6300999999949 -1.13413000455108,44.9563500658014,21.7258000000002 -1.13414006298731,44.956269934659,21.8427999999985 -1.13414006298731,44.9561599640923,21.9477999999945 -1.13414006298731,44.9560399353968,22.0071999999927 -1.13411894090006,44.9559400229623,22.1352999999945 -1.13391006373186,44.9553799440873,22.1790999999939 -1.13383797932021,44.9552600828566,22.3488999999972 -1.13374795734895,44.9551299961086,22.3623999999982 -1.13371007180016,44.9550899303352,22.3494999999966 -1.13368995492769,44.9550599232611,22.3399000000063 -1.13366899992707,44.9550399742662,22.3319000000047 -1.13363999871644,44.9550099671659,22.3246999999974 -1.13359004250515,44.9549799600499,22.3157000000065 -1.13353991920724,44.9549499529183,22.3139999999985 -1.13350002053392,44.9549300038852,22.2737000000052 -1.13290993519008,44.9546500479297,21.4128999999957 -1.13233895970729,44.9544299395422,19.7170999999944 -1.1318890187343,44.9542500638906,19.6775999999954 -1.13143002633651,44.9540200641613,19.6784000000043 -1.12876994499864,44.9527200313353,20.1511000000028 -1.12867003347443,44.9526700751105,19.626099999994 -1.12860800660068,44.9526300095268,19.284799999994 -1.12824305882999,44.9527129906386,18.7186999999976 -1.1279220323885,44.952546022569,19.8015000000014 -1.12767392758848,44.9524390696783,20.0553000000073 -1.12742800299965,44.9523329551203,19.8387999999977 -1.12692408226124,44.9521359798849,16.8588000000018 -1.12660204970663,44.9519529196284,15.3898999999947 -1.12640792467203,44.9517859518904,14.1316999999981 -1.12633399691743,44.9516649172052,13.0100999999995 -1.12671000923746,44.9516800045959,13.6178000000073 -1.12723505116483,44.9517329782676,14.1491999999998 -1.12767392758848,44.9517410248246,19.1831999999995 -1.12804004945724,44.9517180587261,18.6398000000045 -1.12812604787433,44.9516729637717,17.2966000000015 -1.12845797088026,44.9515130373354,16.7168999999994 -1.12900598003449,44.9512620826598,10.0 -1.12949900331018,44.9510949476178,16.5708000000013 -1.12988507406648,44.9509279799268,10.0 -1.13019604207174,44.9508830534608,15.5736999999936 -1.13075394167728,44.9507310055911,13.3046000000031 -1.13107597423189,44.9505940449948,10.164300000004 -1.13143002633651,44.9504349566548,14.4168999999965 -1.13169807912571,44.9503209626545,10.0 -1.13194400461283,44.9501159413592,13.8353000000061 -1.13214902621182,44.9498879537723,11.1193999999959 -1.13229805581912,44.9496760589738,13.7350000000006 -1.13235203558458,44.9493719634299,14.9033999999956 -1.13228900349601,44.9492120369397,13.1870999999956 -1.13203000302993,44.9490070154978,13.758600000001 -1.13183805730822,44.948855973535,13.5516000000061 -1.13164393227363,44.9485589193038,15.8551000000007 -1.131526921318,44.948361944467,16.5580999999947 -1.13157905594382,44.9481039493742,16.3567000000039 -1.13169807912571,44.9480660632369,18.3620999999985 -1.1317089756901,44.9477919751394,16.523000000001 -1.13177301389175,44.9475800802327,15.9630999999936 -1.13189103096053,44.9473670127862,15.8481999999931 -1.13201005414242,44.947207923767,13.8407000000007 -1.13211600144703,44.9470790102396,16.1729999999952 -1.13218003875038,44.9468359352813,17.7498000000051 -1.13218003875038,44.9467499370908,17.5754000000015 -1.13218003875038,44.9466600826694,17.4296999999933 -1.13216796898621,44.9464399741566,17.0752000000066 -1.13215003142661,44.9462099742821,16.3626999999979 -1.13213896777559,44.9459900331671,17.0559999999969 -1.13212807121119,44.945760034033,18.4631999999983 -1.13209001677912,44.9450899848336,18.1995000000024 -1.13220803474619,44.9448599852724,19.2050000000017 -1.13275805522835,44.9446599928665,16.6441999999952 -1.13390000529563,44.9446299860614,20.2911000000022 -1.13403998347815,44.9445999786047,19.6352999999945 -1.13438900591549,44.9444700590755,21.5060999999987 -1.13450802819905,44.9443800376794,21.1857000000018 -1.13462001128405,44.9443399720311,20.952099999995 -1.13466996659701,44.9443000742119,20.3113000000012 -1.13468807214157,44.9442799574347,19.7657000000036 -1.13469997392075,44.9442600085078,18.9320000000007 -1.13463794794533,44.9441899357406,13.6009999999951 -1.13454004774906,44.9441200307454,10.0 -1.13447902698842,44.9440400675515,10.0 -1.13438900591549,44.94393998735,11.1420000000071 -1.1342879202932,44.9438499657586,11.7783999999956 -1.13417996076237,44.943739995554,12.0841999999975 -1.13405004101608,44.9436199663159,14.876099999994 -1.13399991771817,44.9435099956708,16.2486999999965 -1.13397996883066,44.9434100836765,16.2627999999968 -1.13400796392817,44.9433500693797,16.4122000000061 -1.13421298552713,44.9432739614431,17.9645000000019 -1.13386195176189,44.9427720533409,16.164300000004 -1.13373806689767,44.9426000567358,16.825800000006 -1.13364804492644,44.9423900063201,18.1459000000032 -1.13357897885413,44.942119940825,17.3968000000023 -1.13342793702056,44.9417199565725,16.8950999999943 -1.13338803834721,44.9415799789754,16.9928000000073 -1.13338803834721,44.9415400811456,17.4073999999964 -1.1333070695974,44.9412690101798,16.4709000000003 -1.1333070695974,44.9410950023053,14.3179999999993 -1.13333892116242,44.9409659205365,14.7878999999957 -1.13348895688287,44.9409199879738,15.1122000000032 -1.13368308191746,44.9409199879738,15.8193000000028 -1.13394107627043,44.940995927985,18.8317999999999 -1.13423997540985,44.9410110156368,19.2329000000027 -1.13447701566052,44.9410490692101,20.424199999994 -1.13464800638156,44.9410039747755,18.8239000000031 -1.13492695573518,44.9409659205365,18.8545000000013 -1.13509895256938,44.9408740547386,21.2149999999965 -1.13529307760394,44.9407830274943,21.414300000004 -1.13543204967334,44.9407069199698,21.8521000000037 -1.13541997990921,44.9405629187026,21.7062000000005 -1.13535594170752,44.9404039977711,21.8130999999994 -1.13530296805522,44.9403049235301,21.2056000000011 -1.13502301258851,44.9401379562456,19.7768000000069 -1.13479804210202,44.9398259819571,20.2863999999972 -1.13461598772992,44.9395760336432,19.017200000002 -1.13435899859174,44.9393480455254,19.579899999997 -1.13416604675692,44.9391279369554,17.4896000000008 -1.13385507875166,44.9389380033027,16.6539000000048 -1.13369297236874,44.9386570415862,17.8421999999991 -1.13342491868122,44.9384749869183,17.8239000000031 -1.13313607887632,44.9382919256975,15.1245999999956 -1.13287892175322,44.9380719847695,15.3485999999975 -1.13285696153778,44.9379279838886,15.8193000000028 -1.13269602835463,44.9377529694417,13.9747999999963 -1.13274900200694,44.937563035692,14.0791000000027 -1.1328249428861,44.9373809807349,14.8910000000033 -1.13292200495425,44.9371610394971,17.1245000000054 -1.13274900200694,44.9368420241956,18.3410000000003 -1.13257700607104,44.936705064163,18.0746000000072 -1.13221205740203,44.936484955,14.9468999999954 -1.1319339461766,44.9363860488718,18.0654000000068 -1.13175205889113,44.9363179880535,15.7235999999975 -1.13139700157172,44.9361729805764,18.1025999999983 -1.13107597423189,44.9360440670696,17.8098000000027 -1.13075394167728,44.9359230322585,17.2973999999958 -1.13048605597471,44.9357939509446,16.8800999999949 -1.13020693863613,44.9356269838966,17.7021999999997 -1.13006696135195,44.9355429968607,17.3407000000007 -1.12991591951838,44.9354060369094,15.9082000000053 -1.12974593401212,44.9352850020253,15.1659999999974 -1.12955197696248,44.9352239814729,15.5718000000052 -1.12958500172727,44.9351480414587,16.9140999999945 -1.12968105858061,44.9350570140395,19.6655000000028 -1.1298530545165,44.9349349736571,20.8714999999938 -1.13000191703718,44.934851992917,21.2351000000053 -1.13023795207303,44.9347460455272,23.3169000000053 -1.13036703279282,44.9346469716984,23.9183000000048 -1.13051706941157,44.9345410245663,24.0556999999972 -1.13059200327932,44.9344419503838,23.9245999999985 -1.13065805280891,44.9341460692684,26.0265999999974 -1.13076400011351,44.9338490145951,26.1569000000018 -1.13068906624576,44.9336139855003,25.4655000000057 -1.13065805280891,44.9333479443114,25.1135999999969 -1.13072091691248,44.9331429228107,24.5102000000043 -1.13076400011351,44.9330369754476,24.6364000000031 -1.13083994009434,44.9329380691043,24.7219999999943 -1.13134000436525,44.9320400318282,25.7651999999944 -1.13140806522274,44.9319300612617,25.9159000000072 -1.13158794118031,44.9317300689688,25.2213999999949 -1.1317089756901,44.9315500261497,24.5497999999934 -1.13177904877385,44.9314199390856,23.5305999999982 -1.13177904877385,44.9313099679677,23.2305999999953 -1.13178994533825,44.9311999979111,23.0262999999977 -1.13186906984679,44.9310700779499,22.513300000006 -1.13190997373492,44.9309699980351,22.0972000000038 -1.13193796973076,44.9308400788255,21.5014999999985 -1.13193796973076,44.9307599476827,21.2715000000026 -1.131948028167,44.9307099914253,21.2715000000026 -1.13199999570619,44.930490050712,20.7924000000057 -1.13210007521535,44.9303200651605,20.3110000000015 -1.13222898884852,44.9302000364864,20.2644 -1.13229805581912,44.9301100149751,20.241200000004 -1.13243803400164,44.9300600587884,20.2005000000063 -1.13229805581912,44.9301100149751,20.241200000004 -1.13229805581912,44.929989985862,20.4673000000039 -1.13229805581912,44.9298500082881,20.7145000000019 -1.13220803474619,44.929600059797,21.0227000000014 -1.13219998763789,44.929590001696,21.0630999999994 -1.13166002559196,44.9292800389696,21.6051000000007 -1.13130798571357,44.9291400609375,21.1753000000026 -1.13071002034809,44.9289199526703,20.457899999994 -1.13067800169641,44.9289100617162,20.286500000002 -1.12948006053578,44.9280899760041,21.7970999999961 -1.12922005395659,44.9278899843316,22.0029000000068 -1.12891796939116,44.9276799335273,21.5138000000006 -1.12870791902322,44.9275399560478,21.8956000000035 -1.12850993841945,44.9273399637323,23.0081999999966 -1.12836996113523,44.9271999860602,23.3337000000029 -1.12821992451648,44.9270499495012,23.8631000000023 -1.12806804455475,44.9269399789204,23.707899999994 -1.12793795772184,44.9268199501789,23.2565000000031 -1.12786000551474,44.926720037763,22.758799999996 -1.1278299990893,44.9265399945033,22.6992999999929 -1.12786000551474,44.9264799803821,22.6811000000016 -1.12789906605994,44.9262699301458,22.7866999999969 -1.12793795772184,44.9260900540217,23.5289000000048 -1.12797802348182,44.9259100106956,23.2394000000058 -1.12798892004621,44.9257899823461,23.2777999999962 -1.12792806727056,44.9256399459204,22.8233999999939 -1.12788800151059,44.9256000484635,22.3858000000037 -1.12810391967393,44.9253650193213,24.7546000000002 -1.12825395539439,44.9251900053853,25.6110000000044 -1.12846802931649,44.9250149915521,25.6992000000027 -1.12864103136547,44.9248480236961,25.5430999999953 -1.12882291865094,44.9247120692586,25.3127999999997 -1.12913405553949,44.9245829881881,24.6352999999945 -1.12926296917266,44.9244230613355,24.2838000000047 -1.12943496510852,44.9242859336638,23.8445000000065 -1.12961702037895,44.9242410060654,23.7949999999983 -1.12975699856147,44.9240889588695,23.5366999999969 -1.12969094903188,44.9238990244511,23.479800000001 -1.12953102196186,44.9237240105012,24.4351000000024 -1.12952096352562,44.9235109422966,25.1352999999945 -1.12948793876083,44.9232910013672,26.1888999999937 -1.12955197696248,44.9231470003137,26.0274000000063 -1.12949900331018,44.9229570665974,26.7899000000034 -1.12941199877996,44.9227820523221,26.8954999999987 -1.12936003124078,44.9225770312687,27.1910999999964 -1.12917998819661,44.9225699900553,27.6526000000013 -1.12747008008757,44.9226499532543,26.9282999999996 -1.12634992225078,44.9227000774453,23.0071000000025 -1.12580006975357,44.9227200262302,22.2969000000012 -1.12409904598272,44.9227899312008,23.4383999999991 -1.12269004834103,44.9228600040059,20.4257000000071 -1.12252794195811,44.9228700620133,20.0780999999988 -1.1219199190547,44.9229000693773,18.9471999999951 -1.12156000005296,44.9229200187288,18.0504999999976 -1.1215370337244,44.9227210318426,17.6012000000046 -1.1214619318717,44.9224779568018,16.7445000000007 -1.12125992771376,44.9206699802887,14.6252999999997 -1.12125003726248,44.9205199444849,14.661300000007 -1.12125003726248,44.9204200319251,14.6953999999969 -1.12125003726248,44.9203300103527,14.7590000000055 -1.12126797482209,44.9202299301713,14.8488999999972 -1.1213289946844,44.9199699239244,14.9824999999983 -1.12137006565919,44.9198599531479,15.1076999999932 -1.12137995700877,44.9198299461043,15.1333000000013 -1.12140795210628,44.919769931334,15.1891999999934 -1.12149797407754,44.9195699393195,15.3524000000034 -1.12163996358799,44.9193999545289,15.4182000000001 -1.12191002860342,44.9191000501882,15.3986000000004 -1.12211806674513,44.9188499340606,15.1996000000072 -1.12234806600058,44.9184799564204,14.9790000000066 -1.12256800771812,44.9181899426238,15.0492999999988 -1.12278006941396,44.9179399942853,15.468200000003 -1.12289791939611,44.9178000166087,15.4983000000066 -1.12286992340027,44.9176300316708,15.7041000000027 -1.12315004685196,44.9172699448608,15.995299999995 -1.12355003161367,44.9167400412497,15.9560000000056 -1.12393895182603,44.9161900207649,16.0823999999993 -1.12448997752301,44.9154500663808,16.0068000000028 -1.12490907304407,44.9148899875053,15.4689999999973 -1.12525004927141,44.9144299885398,15.3007000000071 -1.12567802913066,44.9138799682098,15.1324000000022 -1.12600894602344,44.91344997664,14.4505999999965 -1.1263400317995,44.9130000360617,13.9296000000031 -1.12669995080123,44.912519920784,13.6276999999973 -1.1270699273409,44.9120500312567,14.241200000004 -1.12750997786259,44.9114500545852,14.6190999999963 -1.12784793575058,44.911020062648,14.3533000000025 -1.12815806652601,44.9106200787263,14.3947000000044 -1.12830994648774,44.9104199187199,14.1477000000014 -1.12859996039068,44.9100400504937,13.6774000000005 -1.12889902661676,44.9096300083355,13.5592000000033 -1.12914796954494,44.909309986961,13.4578000000038 -1.1293199654808,44.9090699293614,13.5234000000055 -1.12948995098706,44.908860046418,13.5746999999974 -1.12957997205999,44.9087100103155,13.6303000000044 -1.12968005246749,44.9084800107365,13.6913000000059 -1.12976001600252,44.9082699602215,13.7246000000014 -1.12979907564938,44.9080500194832,13.8007999999973 -1.12980997221377,44.9078000709398,13.9180000000051 -1.1297779526638,44.907530006292,14.2042999999976 -1.1296979900271,44.9072299337505,14.355899999995 -1.12968005246749,44.9071199634055,14.351800000004 -1.12962992827128,44.9069300295175,14.2461000000039 -1.12957008160872,44.9067000298146,14.3142999999982 -1.12948995098706,44.9063699503203,14.3843000000052 -1.12939992901583,44.9059800242694,14.4851999999955 -1.12927805637785,44.9055800402676,14.2780999999959 -1.12914796954494,44.9049899541206,14.2142000000022 -1.12910807176988,44.9048399180966,14.2360999999946 -1.12902995157783,44.9044900573304,14.8289999999979 -1.12891796939116,44.9040300584758,15.2669000000024 -1.12882794831822,44.9036699717103,15.1074999999983 -1.12878000343487,44.9034099656153,14.8950999999943 -1.12876005454736,44.9033300017288,14.8813999999984 -1.12876005454736,44.9032800457972,14.8813999999984 -1.12867003347443,44.9032899367098,14.8191999999981 -1.12846802931649,44.9033199434825,14.8040000000037 -1.12825898416334,44.9033400599734,14.8337000000029 -1.12815806652601,44.9033499508758,14.8371999999945 -1.12808899955541,44.9033600091169,14.8130999999994 -1.12792806727056,44.9033799582534,14.7596000000049 -1.12764006469553,44.9033799582534,14.7964000000065 -1.12758994139762,44.9033700673562,14.7994999999937 -1.12738005811634,44.9033400599734,14.8003000000026 -1.12714000042462,44.9032399801071,14.8127999999997 -1.12695995738046,44.9031400680439,14.9118000000017 -1.12678997187416,44.9029999226083,15.2029999999941 -1.12629996603952,44.9025300328779,15.9290000000037 -1.12545004120311,44.9016599918641,15.1943000000028 -1.12476004253844,44.9009800515705,15.1705999999976 -1.12424807648835,44.9004499799412,14.551999999996 -1.12419795229211,44.9003899659295,14.4392999999982 -1.12338792523075,44.8995700477145,13.6582000000053 -1.12231906478995,44.8984399995135,14.5774999999994 -1.12099807689329,44.8970900100655,14.9821999999986 -1.12030992246989,44.8963599468757,15.4998999999953 -1.11984992395899,44.8958999478792,15.553700000004 -1.11823003782121,44.8942500537808,15.1263000000035 -1.11666899133454,44.8926499483689,17.8147000000026 -1.11612902928861,44.8920999283613,18.4930000000022 -1.11590808235628,44.8918699285129,18.4556000000011 -1.11568797355211,44.8916699367791,18.4152000000031 -1.11541807652164,44.8914399371204,18.9519 -1.11530994990414,44.8913500833499,19.5062999999936 -1.1148380487157,44.890970047741,21.2070999999996 -1.11451802748902,44.8906800338657,21.5371000000014 -1.11426003313602,44.8904299175209,22.0881999999983 -1.11414000384105,44.8903499546747,22.2596999999951 -1.11411804362561,44.8903400634452,22.2844000000041 -1.11403891821874,44.8903100562627,22.4094000000041 -1.11394906423246,44.8902800490644,22.4955000000045 -1.11369006376635,44.8902500418506,22.2618999999977 -1.11324800191673,44.8901799693765,21.994200000001 -1.11251994971831,44.8900599402182,22.6252999999997 -1.11242992774705,44.8900500495753,22.6160999999993 -1.11162794779399,44.8899999261816,23.4260000000068 -1.11108798574806,44.8899600281631,23.0782999999938 -1.11032003577462,44.8899100720705,22.5733999999939 -1.11001795120919,44.8899100720705,23.1836000000039 -1.10984997792916,44.8899100720705,24.0754000000015 -1.10963003710994,44.8899300207823,24.7719999999972 -1.10949005892743,44.8899600281631,24.7869999999966 -1.10907901051466,44.8900399915515,26.7559000000037 -1.10849998882187,44.8901600207514,26.7792999999947 -1.1079300194522,44.8902800490644,26.0573000000004 -1.10753808179879,44.8903600126443,25.2654999999941 -1.10722795102336,44.8904200269416,24.1763000000064 -1.10688999313537,44.8904800418127,23.5783999999985 -1.10664892933057,44.8904999903269,22.6215999999986 -1.10633008220193,44.8905100489066,22.1723000000056 -1.10587997324398,44.8905100489066,20.1992999999929 -1.1052300412376,44.8904999903269,20.3454000000056 -1.10439905917562,44.8904800418127,20.050900000002 -1.1043499410925,44.8904800418127,19.9138999999996 -1.10401801808661,44.8904699832277,19.8831999999966 -1.10382003748284,44.8904699832277,19.3773999999976 -1.10357796756489,44.8904800418127,18.8603000000003 -1.10330807053442,44.8905100489066,18.4499999999971 -1.10301001042145,44.8905400559849,18.2244000000064 -1.10256006944849,44.8905499465435,19.3224000000046 -1.10244004015348,44.8905499465435,19.6398000000045 -1.10245998904099,44.8900899475313,20.8405000000057 -1.10247004747722,44.8899699188215,20.940300000002 -1.10249804347303,44.8896899630813,21.6978999999992 -1.10253794124808,44.8895300364931,22.0834000000032 -1.10255001101222,44.8894899714043,22.0714000000007 -1.10256995989976,44.8894400149034,22.0314000000071 -1.10261991611102,44.8893600513174,22.1454999999987 -1.10266802808099,44.8893099279588,22.2087000000029 -1.10296994466147,44.8890599794023,21.9817000000039 -1.10352801135363,44.8886199297321,21.4900000000052 -1.10421901613143,44.8880700767555,23.1913000000059 -1.10469795741672,44.8876799826767,25.4994000000006 -1.10526993901266,44.887200035245,25.9995000000054 -1.10595004632773,44.8865900002595,24.2207000000053 -1.10672805473741,44.885910059976,24.6318000000028 -1.10718905936145,44.8855100757367,24.7118000000046 -1.10759993978926,44.8851499894623,24.2960000000021 -1.10787000480468,44.8849199898269,23.0458999999973 -1.10797896955034,44.8848100194524,22.525999999998 -1.10802792054681,44.8847399467158,21.8564999999944 -1.10805993919849,44.8846899905449,21.4106999999931 -1.1080689915216,44.8846299759972,21.034799999994 -1.10807804384472,44.8845600710729,20.545100000003 -1.10807804384472,44.8844100345656,20.1291000000056 -1.10805004874721,44.883989933828,21.2030999999988 -1.10802792054681,44.883670080335,22.4300999999978 -1.10799891843785,44.8832300308032,23.1453000000038 -1.10797896955034,44.8828199877381,26.065499999997 -1.10796002677595,44.8824900760345,25.5374000000011 -1.1079380665605,44.8824000542477,25.2244999999966 -1.10791996101597,44.8823199236575,25.2011000000057 -1.10784804458927,44.8822099527683,24.8747000000003 -1.10771795775633,44.8820099605447,24.2048000000068 -1.10758803801005,44.8818399754238,23.434500000003 -1.10727908133272,44.881450049783,22.8895000000048 -1.10703801752788,44.8811499773413,21.6870000000054 -1.10676007338908,44.8807999488778,21.301999999996 -1.10647994993742,44.8804700376843,20.7737000000052 -1.10630996532946,44.8802400377978,21.4021999999968 -1.10612992228526,44.8800299872274,22.2860999999975 -1.10608801228401,44.8799800314222,22.0359000000026 -1.10603000986276,44.8798700605162,21.7504000000044 -1.1059399878915,44.8797599226273,21.8883999999962 -1.10581794726855,44.8796300028429,22.338699999993 -1.10566992287604,44.8794799668454,22.5381999999954 -1.10554000402808,44.8793800548732,22.0267000000022 -1.10535996008559,44.8792199602178,21.7657000000036 -1.10524999012511,44.8791099897687,21.7462999999989 -1.10517002659012,44.8790100777904,21.8138000000035 -1.10492795667217,44.8786499909335,21.7639000000054 -1.10471002718089,44.8783599773236,22.1196000000054 -1.10458999878421,44.8781799340523,22.0852000000014 -1.10452998413669,44.8780600727302,22.284799999994 -1.10435999952876,44.8775900154857,22.934500000003 -1.10425991912127,44.8772899432822,22.6619000000064 -1.1041980611308,44.8771600236497,22.6875 -1.10409999294954,44.8769799804432,22.8960999999981 -1.104000080527,44.8768500613839,23.2768000000069 -1.10388793035537,44.8766899666915,23.5549000000028 -1.10382003748284,44.8765699380301,23.7897999999986 -1.10360998621657,44.8762899826416,23.7391000000061 -1.10342005272109,44.8760700411553,23.355899999995 -1.10333992209944,44.8759900780811,23.4784000000072 -1.10320799012692,44.875870049233,23.0978000000032 -1.10301001042145,44.87572001298,23.0402000000031 -1.10279995915521,44.8755500277368,22.730899999995 -1.10257800700806,44.8753599265412,22.8239000000031 -1.10244791927682,44.8752499557172,22.8306000000011 -1.10235001908055,44.8751500434023,22.6518999999971 -1.10230794199263,44.8750900290883,22.5074000000022 -1.10227994599679,44.8750300147118,22.5203000000038 -1.10226804421758,44.8749700002727,22.5258000000031 -1.10227994599679,44.8748999276463,22.4471999999951 -1.10231800042887,44.8747700077104,22.2480999999971 -1.1024080215018,44.8746000228438,22.0420000000013 -1.1024799388268,44.8744499870991,22.0102999999945 -1.10250894003746,44.8743800819009,21.9689999999973 -1.102588064546,44.8742900601569,21.9854999999952 -1.10208800027509,44.8741899800234,22.0721999999951 -1.10184995480964,44.8741400242407,22.1650999999983 -1.10103003639868,44.8739899879332,23.1477000000014 -1.10014792492567,44.8738000541034,23.5516000000061 -1.09992798410642,44.8737599888813,23.521900000007 -1.09980896092456,44.8737400396548,23.5011999999988 -1.09969798485097,44.8737299813256,23.4425000000047 -1.09951794180677,44.8737100327253,23.332699999999 -1.09897797886255,44.8736600765259,23.1218999999983 -1.09844807525285,44.8736099528563,22.6975999999995 -1.09775807748651,44.8735499382094,22.4900999999954 -1.09729992231855,44.8735100402404,22.4891999999963 -1.09676800648262,44.8734599164401,22.4850000000006 -1.09605805982877,44.8734099606602,22.6263999999937 -1.09547903723765,44.8733600042004,22.6809000000067 -1.09505005216361,44.8733199386719,22.6052000000054 -1.09461804875022,44.8732899315234,22.5253999999986 -1.09434798373476,44.8732699827706,22.5368000000017 -1.09418001045473,44.873239975596,22.559699999998 -1.09401002494847,44.8732099684058,22.5629000000044 -1.09388798432553,44.8731799612,22.7266999999993 -1.09382998190428,44.8731600117723,22.8279999999941 -1.09373006948174,44.8731100557322,23.0745000000024 -1.09366804350632,44.8730800484742,23.2507999999943 -1.09358891809948,44.8730500412006,23.4756000000052 -1.09350996067757,44.8730399833875,23.5498999999982 -1.09349906411317,44.8730399833875,23.5498999999982 -1.09350996067757,44.8730399833875,23.5498999999982 -1.09358891809948,44.8730500412006,23.4756000000052 -1.0936179202084,44.8729400710554,23.2213999999949 -1.09364004840881,44.8728800563466,23.0801999999967 -1.09373006948174,44.8727300205739,23.2459999999992 -1.09370006215799,44.8727199620682,23.2578999999969 -1.09373006948174,44.8727300205739,23.2459999999992 -1.09375806547758,44.8726700062827,23.3436999999976 -1.09376896204197,44.8726500573149,23.3785999999964 -1.09401002494847,44.8721900584041,23.085699999996 -1.09413994469476,44.8719600585248,22.8135000000038 -1.09429802752351,44.8717600663249,23.0737999999983 -1.09453992945647,44.8715300672737,23.7839999999997 -1.09464000896563,44.871440045528,23.8506000000052 -1.09554005799825,44.8706699159745,27.283500000005 -1.09577005725373,44.8704600335567,28.3074000000051 -1.09609795760379,44.8701599610987,29.3236999999936 -1.09652996101717,44.8697899839422,30.4481999999989 -1.09675996027262,44.8695799334234,31.046199999997 -1.09689004710557,44.8694600726509,30.9514999999956 -1.09715005368476,44.8692300726849,30.4239999999991 -1.09762798975527,44.8688200304398,29.6633000000002 -1.09812805402614,44.8683799800216,28.9762000000046 -1.09861001365081,44.8679600468297,28.0044000000053 -1.09925793522758,44.8673800192686,28.3603000000003 -1.0997080432872,44.8669800348148,28.1043999999965 -1.09994005387059,44.8667899333242,28.4189000000042 -1.10029997287232,44.866520035791,30.0518000000011 -1.10081898081592,44.8660999349514,28.2292000000016 -1.1012900438762,44.8657400162559,29.7062000000005 -1.10279006870393,44.8645900188661,32.2363000000041 -1.10307002417064,44.8643799684725,32.9557000000059 -1.10377997172282,44.8638500644288,28.7418000000034 -1.10439905917562,44.8633800076341,24.7603999999992 -1.10480004915215,44.863089993476,25.8938999999955 -1.10481999803966,44.8630700443714,26.0561000000016 -1.10480004915215,44.863089993476,25.8938999999955 -1.10496802243218,44.8632599785918,24.3954999999987 -1.10501797864343,44.8633099349042,24.0040000000008 -1.10521998280137,44.8635099271767,23.1359999999986 -1.10545802826682,44.8637600427688,23.0179000000062 -1.10569993019981,44.8639699260593,23.1533999999956 -1.10598005365147,44.864269997679,23.5194999999949 -1.10636796775072,44.8646699824993,23.6255999999994 -1.10661003766866,44.8649299892881,22.7185000000027 -1.10679008071286,44.8651199231024,22.6040000000066 -1.10686803202162,44.8651899955393,22.2284999999974 -1.10693994934665,44.8652399514504,22.0342999999993 -1.10702997041959,44.8652999664855,21.7592000000004 -1.1072579583471,44.8654300536028,21.3111999999965 -1.10768996176052,44.8656699432151,21.1723999999958 -1.10784804458927,44.8657400162559,21.5084000000061 -1.10829798466394,44.8659200596096,22.313599999994 -1.10878899661169,44.8661200517282,23.1367999999929 -1.10916903248593,44.8662799784528,23.0792999999976 -1.10975995685622,44.866499919154,22.0899000000063 -1.11012993339589,44.8666499552506,21.6208000000042 -1.11018793671544,44.8666799626777,21.6671999999962 -1.11023001380336,44.8667200283718,21.6319999999978 -1.11044995462257,44.8668799547029,21.3580999999976 -1.11082797827057,44.8671699688685,21.1159999999945 -1.11138001097897,44.8675800114083,20.2900999999983 -1.11188996570112,44.8679300400699,19.6402999999991 -1.11216003071658,44.8681000249007,19.5369000000064 -1.11231895167349,44.8681900461405,19.5040000000008 -1.11265992790083,44.868369922029,19.4891999999963 -1.11330801656422,44.8686800522097,19.8234999999986 -1.11387798593392,44.8689799566662,21.3331999999937 -1.11419800626231,44.8691700585639,22.3818000000028 -1.11472992209823,44.8694999702443,24.0256999999983 -1.11500803422199,44.8696699555319,25.4118000000017 -1.1151079457462,44.8697200788133,25.3665000000037 -1.11518807726619,44.8697400281599,24.9244000000035 -1.11538907531101,44.8697899839422,24.1266000000032 -1.1157900652875,44.8698900640875,24.1542999999947 -1.1164399981922,44.8700499905241,22.6119000000035 -1.11696001135062,44.8701700194151,22.4575000000041 -1.11736904843545,44.8702799903969,21.7783000000054 -1.11745906950838,44.8702999389129,21.8996000000043 -1.11760994425532,44.8703099972049,22.1255999999994 -1.11800992901703,44.8703700120472,22.6499999999942 -1.11834805488998,44.8704000188082,22.828800000003 -1.11878793652841,44.8704499752908,24.2290000000066 -1.11928800079932,44.8704999310935,24.4223999999958 -1.11990993860648,44.8705700039843,23.5950000000012 -1.12015904862128,44.8706000112777,23.4281999999948 -1.12024907059254,44.8706100695173,23.4043999999994 -1.12027807180317,44.8706100695173,23.4045999999944 -1.12058803459365,44.8706300185555,23.3643000000011 -1.12106999421832,44.8706499675868,22.7358999999997 -1.12120997150251,44.8706600258176,22.6591000000044 -1.12134994968502,44.8706699159745,22.1775999999954 -1.12150903772859,44.8706999232158,21.4833000000071 -1.12166007956213,44.8707299304415,20.8145999999979 -1.12204899977452,44.8708300108624,19.726999999999 -1.12258896271875,44.8709800464953,18.1343999999954 -1.12327996659821,44.8711599225775,16.7446999999956 -1.12406803254586,44.8713800311648,16.7869999999966 -1.12488996228472,44.8715999721141,17.5755999999965 -1.12528894093331,44.8717099429102,17.688599999994 -1.12560996827314,44.8717900736344,18.8233000000037 -1.12589998127778,44.8718499207745,19.6404999999941 -1.12617004629324,44.8718799280373,20.3282000000036 -1.12646995154578,44.8719000440673,20.6959000000061 -1.12690899505605,44.8719099352843,21.4728000000032 -1.12732004346882,44.871919993295,21.8916000000027 -1.12795002748601,44.8719099352843,21.3867000000027 -1.12843802199275,44.8719099352843,20.7596000000049 -1.12882006919485,44.8719099352843,19.9174000000057 -1.12906800600991,44.8719099352843,18.504700000005 -1.1293199654808,44.8719000440673,16.9584999999934 -1.12963797537958,44.8718899860532,15.8267000000051 -1.13024901572405,44.8718700374517,14.9648000000016 -1.13089006429059,44.8718599787957,16.7213999999949 -1.13083994009434,44.8725300285031,16.7136000000028 -1.13081797987893,44.8729000052345,17.8620999999985 -1.13081797987893,44.8729600199225,18.2174999999988 -1.13103792069815,44.8729499614571,18.5225000000064 -1.131290048154,44.8729600199225,18.7866999999969 -1.13161006938071,44.8729999176362,19.420299999998 -1.13215003142661,44.8730699906663,20.4122000000061 -1.13281002276754,44.8731499539784,21.0285000000003 -1.13366899992707,44.8732699827706,20.6260000000038 -1.13475998856827,44.8734099606602,20.9135999999999 -1.13567797426217,44.8735299895467,22.1275000000023 -1.13580001488507,44.8735499382094,21.8929999999964 -1.13589003685634,44.87355999657,21.4505000000063 -1.13599799548888,44.8735799452223,20.7017999999953 -1.1360600214643,44.8735900035777,20.2026999999944 -1.13617803943137,44.8736200112064,19.3938999999955 -1.13630795827932,44.8736600765259,18.6876000000047 -1.13634802403934,44.8736800251435,18.2572999999975 -1.136789917904,44.8738699593696,14.766300000003 -1.13687004852565,44.8739100245151,14.5228000000061 -1.13701991715945,44.8737930132805,14.9541000000027 -1.13716894766508,44.8735730724362,15.2743999999948 -1.13736307269968,44.8733670450763,15.3420999999944 -1.13757999607784,44.8731600117723,15.0835999999981 -1.1379890331627,44.8727600273777,15.0957000000053 -1.13841801913504,44.8723199777983,14.5721999999951 -1.13870903825279,44.8720299641162,14.2633999999962 -1.13880995678845,44.8719300513039,14.1940000000031 -1.13931002105936,44.8714199287005,14.1864999999962 -1.13984998310525,44.8709099741037,14.1800999999978 -1.14029992407825,44.8704499752908,14.4453999999969 -1.14070996637789,44.8700399321867,15.7256000000052 -1.14107005336458,44.8696800132974,15.9919999999984 -1.14134799660509,44.8693799412293,15.777700000006 -1.14168997894554,44.8690599205678,14.6401000000042 -1.14199994173602,44.8687400668416,14.0607000000018 -1.14230906550001,44.8684299363476,13.7229999999981 -1.14268993950237,44.8680500689251,13.7989999999991 -1.14308992426408,44.8676499165896,16.2783000000054 -1.14355796988331,44.8671600781102,18.4296999999933 -1.14396801218295,44.8667299185691,18.0381999999954 -1.14432793118468,44.8663699999924,17.7505999999994 -1.14479999945975,44.8659299499443,17.0513000000064 -1.14519897810834,44.8655100167057,15.9738999999972 -1.14564891908134,44.8650600759681,14.8757000000041 -1.14599794151868,44.8647100476823,14.8754999999946 -1.14635802760707,44.8643600198149,14.959600000002 -1.14672901115815,44.8639999329732,14.2128999999986 -1.14726897320408,44.8634700292517,14.428700000004 -1.1477299778281,44.8630299793205,14.781799999997 -1.14804999905481,44.8627099583752,15.2336000000068 -1.14820992612483,44.862559922197,15.4428999999946 -1.14837002028152,44.8624199440252,15.6306999999942 -1.14884007722865,44.8619299381519,15.2342999999964 -1.1491480286912,44.8616300338948,14.9226999999955 -1.14949001013335,44.8612800051292,14.4824999999983 -1.14976795427216,44.8610000498622,14.5709999999963 -1.15003801838928,44.8607299850988,14.7706999999937 -1.15025008098346,44.8605400508094,14.9783000000025 -1.15051997801392,44.8602699857986,14.789499999999 -1.15075802437771,44.8600200377927,14.2060000000056 -1.15097997742315,44.8598200454953,13.0663000000059 -1.15116002046735,44.8596299439202,12.5360999999975 -1.15119002779109,44.8595999366388,12.5328000000009 -1.15133000507531,44.8594500681019,12.1288000000059 -1.15134006351155,44.8594400098225,12.0889000000025 -1.15140896249719,44.8593799956828,11.9061999999976 -1.15149898446846,44.8592899740375,11.8543000000063 -1.15161800765035,44.8591800037093,11.9719999999943 -1.15179000448454,44.8590299672468,12.6359999999986 -1.1519700475287,44.858840033717,13.5815000000002 -1.15215796969628,44.8586400411415,14.2609999999986 -1.15233801274044,44.8584799467351,15.1290000000008 -1.15251000957463,44.8582900126645,15.424199999994 -1.15263003886964,44.8581500349365,15.9134999999951 -1.15277001615386,44.858010057505,16.321100000001 -1.15289993590014,44.8578799701772,16.468200000003 -1.15302901751827,44.8577299341478,16.6662999999971 -1.15319799601308,44.857529942174,16.8429000000033 -1.15329908163536,44.8574100805083,17.0564000000013 -1.15340000017102,44.8572900517554,17.2456999999995 -1.15350795880356,44.8571500741436,17.5969000000041 -1.15358004321521,44.8570099287163,17.7986999999994 -1.1537099629615,44.8568300529913,17.323000000004 -1.15381004247066,44.8566600679949,16.9590000000026 -1.15390006444193,44.8565199226485,17.045100000003 -1.15395002065318,44.8563900032522,16.5776999999944 -1.15398002797692,44.8562699742833,16.1282999999967 -1.15402998418821,44.8560899306793,15.9584000000032 -1.15407994039946,44.8559499533342,15.8393999999971 -1.15412000526114,44.8558399823581,15.6206999999995 -1.15416007102112,44.8557600191967,15.5469000000012 -1.15425998344366,44.8556299318801,15.7125999999989 -1.15442996805162,44.8554099910429,15.868100000007 -1.15459794222994,44.8551900500025,16.2633999999962 -1.15479005503831,44.8549300431657,16.1445999999996 -1.1548500696858,44.8548400215682,16.355899999995 -1.15491896867148,44.8547300510198,16.4559000000008 -1.15500899064271,44.8545800150615,15.9719000000041 -1.1551199667163,44.8544599861409,16.0651000000071 -1.15526799110882,44.8543600740352,16.0862999999954 -1.15539003173172,44.8542900011532,16.3496000000014 -1.1555100601284,44.8542400446562,16.7744999999995 -1.15557795389926,44.8541899212691,16.8065999999963 -1.15565003831092,44.8541099577269,16.7075000000041 -1.15574995073346,44.8539300818587,16.2970999999961 -1.15586997913017,44.8537299225762,16.5092000000004 -1.15599906074826,44.8535299300834,15.9076999999961 -1.15612797438142,44.8533299381697,16.1244000000006 -1.15625806121437,44.8531599530306,15.9499999999971 -1.15637993475065,44.8529800773793,16.3674000000028 -1.15651002158356,44.852770026659,16.3056999999972 -1.15657808244108,44.8526399395933,16.75 -1.15660004355482,44.8525799253714,16.8788999999961 -1.15663994132984,44.852499962141,17.074099999998 -1.15666793642735,44.8523700425909,17.3043999999936 -1.15669995507903,44.852149933277,17.9305000000022 -1.15670800218733,44.8518899267248,18.3788999999961 -1.15671906583838,44.8516699856141,17.6803000000073 -1.15675795839862,44.8514500449373,17.0090000000055 -1.15679802415859,44.8512700015483,16.2609999999986 -1.15683792193361,44.8510500599808,15.6579000000056 -1.15686005013401,44.8509000239879,15.6153000000049 -1.15686005013401,44.850730039319,15.0304000000033 -1.15683004281027,44.8505399376663,15.9355000000069 -1.15677991861406,44.8503699525715,16.2446999999956 -1.15669006462775,44.8501399533948,16.7060000000056 -1.15657808244108,44.8499699683931,16.471000000005 -1.15629795898939,44.8496700636178,15.5280000000057 -1.15619000035684,44.849599990761,14.9146999999939 -1.15606008061056,44.8495200278513,13.9731000000029 -1.15591993534142,44.8494400641937,13.7209000000003 -1.15580795315471,44.8494100573339,13.6285999999964 -1.15570904684532,44.8493500429307,13.3751000000047 -1.15562807809551,44.8492700790371,13.1566000000021 -1.15556001633969,44.8491800575084,13.1135000000068 -1.15548005370299,44.8490499706133,13.1287000000011 -1.1553690767311,44.8488600366463,12.8767999999982 -1.15530000976046,44.8487500661426,12.692200000005 -1.15519993025129,44.848630037172,12.5666999999958 -1.15513807136253,44.8485100085882,12.3925000000017 -1.15502994474503,44.848329964925,12.3647000000055 -1.1548500696858,44.8480900750315,12.7765000000072 -1.1546780728516,44.8478800243095,13.6989999999932 -1.15453004845908,44.8477199299225,13.8108000000066 -1.15437900662555,44.847570061674,13.944399999993 -1.15421991768368,44.8473799604189,14.2991000000038 -1.15400802307443,44.8471300118714,14.6024000000034 -1.15390794356527,44.8469799758574,14.6664000000019 -1.15385999868195,44.8468899539341,14.7011000000057 -1.15378808225522,44.8467100784443,14.9820000000036 -1.15374902260836,44.8464700206677,15.2617000000027 -1.15377802381898,44.8462299631644,15.6695999999938 -1.15383904457962,44.8459699566376,15.7997000000032 -1.15393996221694,44.8457399570876,15.9465999999957 -1.15404792174778,44.845520016058,16.1696999999986 -1.15419896358135,44.8452300017477,16.4501000000018 -1.15428898465428,44.8449299296221,16.190499999997 -1.15433994697869,44.8446499744794,16.1331999999966 -1.15435805162492,44.8443700186132,16.0476000000053 -1.15435000541492,44.8441200703808,15.8948999999993 -1.15433994697869,44.8439100198314,15.8335999999981 -1.15426802965366,44.8437199185993,15.5736000000034 -1.15421991768368,44.8435499331224,15.8214000000007 -1.15413006369737,44.8433499409488,15.6303000000044 -1.15399796553653,44.843119941766,15.3439000000071 -1.15384994114401,44.842889942302,15.3987000000052 -1.15358004321521,44.8425799795669,15.4228000000003 -1.1532600219885,44.8421799947976,16.0697999999975 -1.15292793099765,44.8417900686153,14.8956000000035 -1.15277001615386,44.8415699602721,14.0271999999968 -1.15267999508093,44.8413899165738,13.4354000000021 -1.15263003886964,44.841210041108,12.7967999999964 -1.15261998043341,44.8411200197223,12.5642999999982 -1.15255795445798,44.8406600204689,12.3206000000064 -1.15255795445798,44.840640071874,12.4128000000055 -1.15302901751827,44.8404400797907,14.3078999999998 -1.15341793773063,44.8402799851098,16.665599999993 -1.15355808299977,44.8402199707488,17.3689000000013 -1.15407994039946,44.8400000296647,18.5673999999999 -1.15425998344366,44.839920066168,19.2342000000062 -1.15430004920363,44.8398999497919,19.4128999999957 -1.15455904966974,44.8398099282701,20.0160999999935 -1.15530000976046,44.8395899868948,23.1790999999939 -1.15568993608597,44.8394699579467,23.4334999999992 -1.15584801891472,44.8394300599261,23.4415000000008 -1.15597894387579,44.8394200019719,23.3571999999986 -1.15611003682185,44.8394200019719,23.3070000000007 -1.15604197596433,44.839059076952,22.0709999999963 -1.15608405305224,44.8387849892561,21.6233999999968 -1.15604197596433,44.8385420816746,21.6558999999979 -1.15596704209661,44.838206973068,21.5369999999966 -1.15585908256574,44.8378269374538,21.4820999999938 -1.15573100706077,44.8375149632132,21.3319000000047 -1.15569898840909,44.8372869753342,21.2811999999976 -1.15568792475803,44.8369290678474,21.1980999999942 -1.1557189372966,44.8368070274071,21.1894000000029 -1.15566596364429,44.8364650455079,21.4217000000062 -1.15561298999199,44.836092050847,21.8230999999942 -1.15563394499262,44.8357190563198,22.1515000000072 -1.15565607319302,44.8352780005807,21.1833000000042 -1.15570904684532,44.8347759244774,19.8784000000014 -1.15576202049762,44.8344109767769,18.8288999999932 -1.15575296817451,44.8340530692641,18.1358000000037 -1.1557189372966,44.8336800749172,18.0967999999993 -1.15569898840909,44.8332619851796,18.0470999999961 -1.15563394499262,44.8329580576994,17.4478999999992 -1.15567602208053,44.8326150699778,15.8426999999938 -1.15564500954197,44.832333940775,15.4590999999928 -1.15575296817451,44.8319530675476,15.9649999999965 -1.15577392317513,44.8316340518402,17.3099999999977 -1.15584801891472,44.831382930295,17.5515000000014 -1.15599906074826,44.8311009630625,17.991399999999 -1.15593401733182,44.8307589817029,17.6070999999938 -1.15586997913017,44.8306290621723,17.478099999993 -1.15575296817451,44.8302790335581,16.8919000000024 -1.15559203588966,44.8301199452724,15.8491999999969 -1.15550603747256,44.829921964275,15.3751000000047 -1.15545105159403,44.8296329564132,14.7090000000026 -1.15553705001113,44.8292829281205,13.7505999999994 -1.15568792475803,44.8290009608078,12.8347999999969 -1.15580493571369,44.8287419602349,12.7100999999966 -1.15594508098284,44.8284609988109,12.5751000000018 -1.15605203440056,44.8283089512563,12.5947000000015 -1.1562459914502,44.8280960506216,12.3647999999957 -1.1563319898673,44.8279129901565,12.2354999999952 -1.15644900172125,44.8277609424306,11.943299999999 -1.15656701879003,44.8275480416831,11.7811999999976 -1.15668604107359,44.8273420146324,11.5638000000035 -1.15670599085943,44.8271440342869,11.5124999999971 -1.15671705451045,44.8268550258758,11.5117000000027 -1.15670599085943,44.8266649244398,11.5114999999932 -1.15674002083901,44.8263990508808,11.5075999999972 -1.15679198837819,44.8261700569597,11.4977000000072 -1.15690095312385,44.8259040154638,11.5099999999948 -1.15700807452653,44.8257140816435,11.5084999999963 -1.15709407294363,44.8255239802678,11.5096999999951 -1.1572330441147,44.8253110795409,11.4597000000067 -1.15732993909622,44.8250669988923,11.4492000000027 -1.15741493140017,44.8248619773063,11.3908999999985 -1.1574249898364,44.8247630708856,11.4094000000041 -1.15743605438579,44.8243059216421,11.4434999999939 -1.15749003325287,44.8239560610666,11.4698999999964 -1.15749003325287,44.8234920387651,11.3304999999964 -1.15749003325287,44.8231420107738,11.2186999999976 -1.15752205280288,44.822958949868,11.1080999999976 -1.15764107598474,44.8226930757825,10.7946999999986 -1.15778004715584,44.8223579674029,10.5810000000056 -1.15786604557294,44.822068959209,10.5090999999957 -1.1578970590098,44.8218020793764,10.5081999999966 -1.15797199287755,44.8215670509419,10.4578000000038 -1.15802597264297,44.8213610241788,10.3222999999998 -1.15803804240713,44.821140077003,10.0096000000049 -1.15797199287755,44.8210569281698,10.0084000000061 -1.1580809576232,44.8207749613983,9.88360000000102 -1.15821992969257,44.8204400202835,10.2814000000071 -1.15829402543216,44.8200899922408,11.0149999999994 -1.15836896019824,44.819830991136,11.226800000004 -1.15850893748243,44.8196030033911,11.2560999999987 -1.15860499433576,44.8193139954055,11.2198000000062 -1.15852100814489,44.819086007528,11.0084999999963 -1.15843500972779,44.8188040406759,11.1794999999984 -1.15846602226636,44.8185529186717,11.6083000000071 -1.15857398179719,44.8183629848461,11.721000000005 -1.15871395908141,44.8180810176444,12.0124000000069 -1.15882007437098,44.8177160693741,12.9026000000013 -1.15892803300349,44.8173809607414,14.883799999996 -1.15895904644038,44.8169390669003,16.9864999999991 -1.15895904644038,44.8166049644063,17.6532000000007 -1.15900196165645,44.8161709491839,17.8515000000043 -1.15890003700768,44.8156100322629,16.0659000000014 -1.15895804032726,44.815590083281,16.033500000005 -1.15890003700768,44.8156100322629,16.0659000000014 -1.158859972146,44.8151999899229,13.5127000000066 -1.15876995017473,44.8146999253434,10.7614000000031 -1.15877799728307,44.8146799766839,10.7554999999993 -1.15878906093412,44.8146300202497,10.7042999999976 -1.15896893689165,44.8141899705916,9.29140000000189 -1.15915903837208,44.8137700373442,9.25079999999434 -1.15963798055571,44.812719952187,9.75359999999637 -1.15976002028032,44.8124299384864,9.64470000000438 -1.15994006422281,44.8120200634455,9.9320000000007 -1.16008792063037,44.8116499185951,10.0350999999937 -1.16020996125328,44.81136007222,9.73540000000503 -1.16031791988582,44.8111200143856,9.54090000000724 -1.16044800761706,44.8108300009243,9.46799999999348 -1.16055998980374,44.8105200378182,9.38400000000547 -1.16068907052356,44.8102799803112,9.95600000000559 -1.16085804991671,44.8098600466346,10.6082000000024 -1.16104898952529,44.8094500041985,11.8163000000059 -1.16129793245347,44.8088500274665,11.7379999999976 -1.16140907651198,44.8085799629274,12.0717000000004 -1.16152793170892,44.808330014329,12.7216999999946 -1.1615599503606,44.8081499713073,12.7534000000014 -1.1608689464811,44.8078800736579,10.8880999999965 -1.16049796382831,44.8077199796685,10.9912999999942 -1.16014894139097,44.8075499944364,10.403999999995 -1.15985792137492,44.8074400241199,10.3292999999976 -1.15966999920735,44.8073699508921,9.8408000000054 -1.15945793661318,44.8072599808697,9.64299999999639 -1.15942893540255,44.8072400315487,9.6536000000051 -1.15940798040193,44.8072100243815,9.66950000000361 -1.15940798040193,44.8071999659031,9.67489999999816 -1.15940798040193,44.8071800171987,9.68540000000212 -1.15942893540255,44.8071600684873,9.69599999999627 -1.15945793661318,44.8071399515115,9.70669999999518 -1.15951895737382,44.8071099442923,9.72259999999369 -1.1596200429961,44.8070700468142,9.83409999999276 -1.15953002102483,44.8069500176982,9.74940000000061 -1.15950906692254,44.8069200103801,9.88259999999718 -1.15947000637735,44.8068700542349,10.0200999999943 -1.15939004374065,44.8068199304251,9.90219999999681 -1.15933908141628,44.8067800327465,9.64960000000428 -1.15923900190708,44.8067200185552,9.01429999999527 -1.15917798114648,44.8066700622368,8.63710000000719 -1.15914897993585,44.8065999893482,8.43859999999404 -1.15913808337146,44.8065999893482,8.398199999996 -1.15913104237624,44.8064590058419,8.32159999999567 -1.15901403142058,44.806177038433,8.34780000000319 -1.15904504395914,44.8059490508794,7.91210000000137 -1.15908796007355,44.8056370761791,7.79150000000664 -1.15919591870605,44.8051720485625,7.50849999999627 -1.15926096212252,44.8047539592013,7.31459999999788 -1.15933505786211,44.8043120654846,7.41169999999693 -1.15933505786211,44.8038929698489,7.29039999999804 -1.15936707741209,44.8035360685738,7.07529999999679 -1.15937797307818,44.8032390140592,6.69389999999839 -1.15939004374065,44.8028809391344,6.68600000000151 -1.15946397149528,44.8025689644136,6.84739999999874 -1.15959204700026,44.8022569899181,6.89269999999669 -1.15964602676571,44.8018990829075,6.83860000000277 -1.15966899309424,44.8016169478828,6.74490000000515 -1.15971107018215,44.8013359868504,6.83179999999993 -1.15965792944322,44.8011829333242,6.9030999999959 -1.15959204700026,44.8009239320761,6.92729999999574 -1.15953907334795,44.8006280509716,6.84500000000116 -1.15961501332882,44.8004749974796,7.12450000000536 -1.15987099725217,44.8002240436151,7.10689999999886 -1.16006596041493,44.8000109755295,6.83980000000156 -1.16021499002226,44.7998129950352,6.82570000000123 -1.16015095271891,44.799562040841,6.71920000000682 -1.15995699566927,44.7993709334371,6.64919999999984 -1.15974392786031,44.7991959191625,6.86030000000028 -1.15965792944322,44.7989600521603,6.41719999999623 -1.15977494039884,44.7987089304361,6.45739999999932 -1.15996906543344,44.7984120435727,6.40180000000692 -1.16020493248433,44.7981609220133,6.46110000000044 -1.16030199455248,44.798084981996,6.67639999999665 -1.16039704529269,44.7980090418787,6.93399999999383 -1.1603660318558,44.7977730074767,6.65510000000359 -1.16043007005745,44.7976890204967,6.98189999999886 -1.16043007005745,44.7975059597424,7.10629999999946 -1.16034407164039,44.7973619586463,7.48889999999665 -1.16026796367457,44.7971180452649,7.73970000000554 -1.16023695113601,44.7968820110429,7.35890000000654 -1.1603229495531,44.7965470701202,6.67840000000433 -1.16038698685643,44.7963720562048,7.27689999999711 -1.1605050039252,44.7962580619712,8.37270000000717 -1.16048304370976,44.7960290688257,8.06590000000142 -1.16063391755837,44.7957169263744,7.41400000000431 -1.16073098052481,44.7954430061383,7.72599999999511 -1.16083793304424,44.7951380722375,6.68369999999413 -1.16086995259421,44.7949940709695,6.82809999999881 -1.16084899759359,44.7948490640439,6.63310000000638 -1.16080608237752,44.7946970164603,6.57589999999618 -1.16073098052481,44.7944760697588,6.66849999999977 -1.16070901941107,44.7942859680301,6.70160000000033 -1.16070901941107,44.7940730673497,6.82709999999497 -1.16074103896105,44.793858993547,6.8298000000068 -1.16078395417712,44.7936159183186,6.39509999999427 -1.16081697894191,44.7933869248882,6.56419999999343 -1.16086995259421,44.7931440172449,7.074099999998 -1.16090197124589,44.7928699292466,7.37820000000647 -1.1609770730986,44.7925879617208,7.45669999999518 -1.16100992987843,44.7922989541436,7.95750000000407 -1.16110598673176,44.7920780071858,7.77899999999499 -1.16114906993279,44.7918260471503,7.52360000000044 -1.16119198514886,44.7915749249798,6.95739999999932 -1.16126691901658,44.7913239712953,6.85229999999865 -1.16134202086928,44.791003949815,6.02529999999388 -1.16135291743367,44.790744949415,5.8914999999979 -1.16132106676695,44.7904639877196,5.79780000000028 -1.16136398198302,44.7902660069826,5.64639999999781 -1.16138493608535,44.7900519330835,5.74700000000303 -1.16136398198302,44.7898849661371,5.83839999999327 -1.16140706428575,44.7896110449955,5.84829999999783 -1.16143908383573,44.7893820516128,5.95239999999467 -1.16149205748803,44.7891919503178,5.90469999999914 -1.16154603635515,44.7890020160696,5.9085999999952 -1.16161007455681,44.7887810692411,5.90499999999884 -1.16164293133664,44.7886290216091,6.00229999999283 -1.16164293133664,44.7884310409533,6.18120000000636 -1.16172792364062,44.7882860341133,6.36819999999716 -1.16183605025809,44.7881110200088,6.22289999999339 -1.16200704097917,44.7879130394888,6.52199999999721 -1.16211500051001,44.7876540386073,6.1875 -1.16200704097917,44.7873650305506,7.23639999999432 -1.16192204867519,44.7872119769449,6.79989999999816 -1.16189992047482,44.7869690694523,6.04660000000149 -1.16196496389126,44.7867020220891,6.03879999999481 -1.16200704097917,44.7864659873439,5.99039999999513 -1.16199698254293,44.7862450403713,6.18420000000333 -1.16201793754356,44.7860319723126,5.95609999999579 -1.16201793754356,44.7857649250771,5.94289999999455 -1.16200704097917,44.7855830378945,5.85000000000582 -1.16202900209291,44.7854080238831,5.1024999999936 -1.16207191730898,44.7852019967379,4.8015000000014 -1.16196496389126,44.7851639426616,4.34070000000065 -1.16167494998832,44.785171989585,3.84810000000289 -1.16143908383573,44.7851999851676,3.90009999999893 -1.16092007589213,44.7852100430184,4.42500000000291 -1.16049896904313,44.7852100430184,4.39900000000489 -1.16022907201263,44.7851999851676,4.22530000000552 -1.16000996932157,44.7851999851676,4.32000000000698 -1.15996906543344,44.7851999851676,4.30899999999383 -1.15994006422281,44.7850199413723,4.51750000000175 -1.15985892748804,44.784539993776,3.83259999999427 -1.15982992537908,44.7842199729372,3.30019999999786 -1.15983998381531,44.7840999441029,3.30000000000291 -1.15980897127675,44.7838600540111,3.30000000000291 -1.15976907350173,44.7834300624168,3.3298000000068 -1.15977896395301,44.7832399606475,3.3347999999969 -1.15976002028032,44.7830000708078,3.36130000000412 -1.15974996274238,44.7828599254724,3.30000000000291 -1.15971894930552,44.7826099770266,3.57369999999355 -1.15972900774176,44.7824200427994,3.4655999999959 -1.15971006496736,44.782190043425,3.96279999999388 -1.15965005031984,44.7818200661559,5.08289999999397 -1.15965005031984,44.781769942263,5.25169999999343 -1.15983998381531,44.781739935239,5.45290000000386 -1.16035899175891,44.78165008113,4.74550000000454 -1.16091001745589,44.7815199941992,4.52959999999439 -1.16166908309118,44.7813000529593,5.3859999999986 -1.16193898012168,44.7811800244303,5.05499999999302 -1.16209002195521,44.7810900023916,4.88460000000487 -1.16224894291212,44.7810199296798,4.41909999999916 -1.16228900867213,44.7810100394328,4.35730000000331 -1.16221105646504,44.7808390483924,4.47629999999481 -1.16212505804794,44.7808229552495,4.48769999999786 -1.16207996351898,44.7808199373464,4.48949999999604 -1.16181995693979,44.7809200177667,5.32910000000265 -1.1613490618645,44.7810700535863,5.38710000000719 -1.16084899759359,44.7812199219581,5.0908000000054 -1.16026896978768,44.7813699582736,5.27460000000428 -1.16004902896847,44.7814200818763,5.73619999999937 -1.15983998381531,44.7814400305606,5.83860000000277 -1.15971006496736,44.7814299726906,5.63619999999355 -1.15967905153047,44.7813399510417,5.75199999999313 -1.15966999920735,44.7812799365311,5.8405000000057 -1.15963898577049,44.7811399585416,5.70909999999276 -1.15962892733426,44.7810799444607,5.61560000000463 -1.15962892733426,44.7809800320138,5.44899999999325 -1.15963898577049,44.7808700614265,5.46169999999984 -1.15962892733426,44.7808299959603,5.46450000000186 -1.1596200429961,44.7806700692116,5.31149999999616 -1.1596200429961,44.7806100546422,5.267399999997 -1.15960897844675,44.7804900259541,5.18159999999625 -1.15960897844675,44.7803599389601,5.14489999999932 -1.15959892090881,44.7801700049822,5.11960000000545 -1.15956991879989,44.77975996195,5.0338999999949 -1.15951895737382,44.7789900005134,4.03200000000652 -1.15950906692254,44.7782399875264,3.07339999999385 -1.15944905227502,44.7776599601582,2.74499999999534 -1.15940898651504,44.777249917155,2.62179999999353 -1.15944905227502,44.7772400268999,2.50059999999939 -1.15941099784298,44.7770150566156,2.12570000000414 -1.15962607787817,44.7770080154397,2.00100000000384 -1.15981902971299,44.7769600713982,1.71520000000601 -1.16007903629221,44.7768599911282,1.87080000000424 -1.16030903554766,44.7767800280501,2.17269999999553 -1.16062905677437,44.7767099552089,2.3012000000017 -1.16107899684904,44.7765999847783,2.26399999999558 -1.1611690188203,44.7765599188997,2.23399999999674 -1.16120891659532,44.7765200213401,2.22340000000258 -1.16122903346779,44.7764700650191,2.22329999999783 -1.16123992913388,44.7764499488211,2.22329999999783 -1.16122903346779,44.7763500360144,2.22329999999783 -1.16115896038407,44.7761899419003,2.66310000000522 -1.16103893108906,44.775959942577,2.93189999999595 -1.16085905602982,44.7757200524598,2.81290000000445 -1.1604089479702,44.7751599735898,2.2835999999952 -1.16011993928205,44.7747299822445,2.33269999999902 -1.16006998307076,44.7745799458925,2.36599999999453 -1.16006998307076,44.7744000704911,2.33019999999669 -1.16008892674349,44.7741499540545,1.90790000000561 -1.16011004883077,44.7737600281393,1.56320000000414 -1.16009999039454,44.773639999241,1.36759999999776 -1.16002991820912,44.7734700143654,1.49839999999676 -1.15987904346218,44.7732200660833,1.58470000000671 -1.15968894198178,44.7728899869123,1.48440000000119 -1.15960897844675,44.7727399508816,1.64479999999458 -1.15944905227502,44.7725000607803,1.96110000000044 -1.15919994226022,44.7721899300121,1.09489999999641 -1.15904906751331,44.7720100541815,0.424199999994016 -1.1587290462866,44.7716999239707,0.00179999999818392 -1.15845898127117,44.7714900412782,0.0 -1.15805899740776,44.7711800785506,0.0 -1.1579689754365,44.7711100059292,0.0 -1.15779899082853,44.7709200714986,0.0 -1.15741996106745,44.7706300581313,0.0 -1.15709993984074,44.7703799419482,0.0 -1.15700002741823,44.7703400439454,0.0 -1.15689894179592,44.770310036721,0.0 -1.15665905208919,44.7702899202905,0.0 -1.1564600653723,44.7702999788255,0.0 -1.15626895777876,44.7703199275253,0.0 -1.15602001574892,44.7703900004675,0.0 -1.15583997180639,44.7704399563087,0.0 -1.1557189372966,44.7704500148175,0.0 -1.15560008209966,44.7704500148175,0.0 -1.1554589307174,44.7704099491362,0.0 -1.15534007552047,44.7703599932691,0.0 -1.15499893220647,44.7701199351206,0.0 -1.15435000541492,44.7696899438759,0.0 -1.15407004994818,44.7695100679122,0.0 -1.15374902260836,44.7693499733308,0.0 -1.15347895759293,44.7692400029152,0.201600000000326 -1.15340000017102,44.7691900466739,0.127600000007078 -1.15310898015496,44.7688700255758,0.0 -1.15302901751827,44.7687699459538,0.0 -1.15289993590014,44.7686799243379,0.0 -1.1527490611532,44.7686100189664,0.0 -1.15248905457401,44.7684799319944,0.0 -1.15209007592541,44.7682499325771,0.0 -1.15157894800349,44.7679099624849,0.0908999999955995 -1.1510790508192,44.7675399855549,0.611900000003516 -1.15079004302938,44.7672699202753,0.19090000000142 -1.15071896473085,44.7671200520502,0.0467000000062399 -1.15065006574516,44.766860045217,0.0 -1.15036994229351,44.7668699359742,0.0399999999935972 -1.14986903989444,44.7669200600459,0.801900000005844 -1.15004908293863,44.7651600279685,0.0 -1.15002997217928,44.7651400787622,0.0 -1.14962998741757,44.7647300361552,0.0 -1.1496259647617,44.7645550220766,0.0 -1.14947592814295,44.7644329815263,0.0 -1.14919697878937,44.7641359266456,0.0 -1.14890797099951,44.7638690472939,0.0 -1.14864997574822,44.7636019996004,0.0 -1.14844596026238,44.7634799589504,0.0 -1.14828905063338,44.7633599303737,0.760200000004261 -1.14814002102607,44.7632199523161,1.56669999999576 -1.14814002102607,44.7631899452198,1.11749999999302 -1.14815896380047,44.7631399894865,0.338099999993574 -1.14831000563403,44.7630499673881,0.0 -1.14847999024196,44.7629599457874,0.0 -1.14852894123843,44.762929938556,0.0 -1.14854000488948,44.7628699240464,0.0 -1.14851904988882,44.7627899607322,0.0 -1.14844998381655,44.7626999393642,0.0 -1.14817991880109,44.762520063957,0.0 -1.14724902431657,44.7619100284847,0.0 -1.14665005373627,44.7615499424269,0.0 -1.14656003176501,44.7615100440655,0.0 -1.14647906301519,44.7615100440655,0.0 -1.14634897528395,44.761519935101,0.0 -1.14621905643597,44.7615700587121,0.0 -1.14549905044755,44.7618500141913,0.0 -1.14506000693727,44.7620300575224,0.0 -1.14481994924559,44.7621930018312,0.0 -1.14457301764535,44.7621849548945,0.378599999996368 -1.14426204964005,44.7621470687073,0.687999999994645 -1.1439899723984,44.762099962565,2.46180000000459 -1.14303996805282,44.7618699632581,3.52019999999902 -1.14238902903501,44.7616899200659,4.76549999999406 -1.14220898599081,44.7616200151651,4.79709999999614 -1.14214997745644,44.7618500141913,4.98820000000705 -1.14189902320036,44.7626900485307,3.66090000000258 -1.14156994965053,44.7638400457352,3.43989999999758 -1.14144908222737,44.7642599788477,3.9719999999943 -1.14143902468943,44.7643199938267,4.04790000000503 -1.14139895892946,44.7643199938267,4.07850000000326 -1.1413490027182,44.7643300521257,4.08900000000722 -1.14130893695819,44.7643600592677,4.12020000000484 -1.1412289734232,44.7643199938267,4.07850000000326 -1.14119008176129,44.7642700371571,4.02659999999742 -1.14113895235026,44.764169957219,3.97119999999995 -1.14110995113964,44.7640899944286,3.93670000000566 -1.14093996563334,44.76373996569,4.00599999999395 -1.14093996563334,44.7637300750346,3.99280000000726 -1.14058004663161,44.7629700043232,3.69520000000193 -1.14050896833307,44.762839917406,3.71600000000035 -1.14041894636184,44.7626699319977,3.61049999999523 -1.14032892528888,44.762559961621,3.64089999999851 -1.14017905665508,44.7624499910349,3.68829999999434 -1.14001996771322,44.7623599691371,3.68809999999939 -1.139800026894,44.762239940147,3.73559999999998 -1.13945905156499,44.7620600645834,3.69439999999304 -1.13850904632109,44.7614300807827,3.68399999999383 -1.13816907620687,44.7612099724489,4.02120000000286 -1.13803999458874,44.7611199505325,4.1536000000051 -1.1376500691616,44.7609100676663,4.42660000000615 -1.13741001146988,44.7607900388531,4.53599999999278 -1.13728998217491,44.7607400829582,4.5454999999929 -1.13706903524254,44.7606800680874,4.56609999999637 -1.13662898561915,44.7605499811168,4.55270000000019 -1.13625900818119,44.7604400105319,4.52520000000368 -1.13591903806697,44.7603399303374,4.54580000000715 -1.13584008064508,44.7603300397378,4.56930000000284 -1.13580001488507,44.760319982018,4.58220000000438 -1.13576900234655,44.7601800042492,4.60910000000149 -1.13586304697361,44.7600549456742,4.59590000000026 -1.13597804660134,44.7599240204227,4.54439999999886 -1.13594904539071,44.7599199974343,4.56230000000505 -1.13624006540679,44.7595200126331,4.7560999999987 -1.13666905048083,44.7589299268212,5.30130000000645 -1.13625900818119,44.7586699201217,5.0512000000017 -1.13582901699403,44.7584100812897,5.25019999999495 -1.13531000905043,44.758099950776,5.54559999999765 -1.13515997332998,44.7580000387562,5.62720000000263 -1.13509895256938,44.7579599733697,5.67190000000119 -1.13428892550799,44.7574699671709,6.45160000000033 -1.13340999946099,44.7568800486016,7.22830000000249 -1.1332990224891,44.7568299247491,7.39949999999953 -1.13308997823428,44.7567000051694,7.58440000000701 -1.13302895837197,44.7566399912053,7.59390000000712 -1.13175004756323,44.755850080402,7.79480000000331 -1.13172993069073,44.7558400219025,7.82020000000193 -1.13003997146922,44.7548199445717,6.26959999999963 -1.12915903319595,44.7543099894198,6.48530000000028 -1.12807894111917,44.7536600566177,5.33520000000135 -1.12720604995421,44.7531799415056,4.4826999999932 -1.12632997336327,44.7525700740772,6.51170000000275 -1.12587701494925,44.7523380630342,6.63189999999304 -1.12575497522464,44.7522659784426,6.42190000000119 -1.12548608340896,44.7522969915103,6.75750000000698 -1.12522892628583,44.752418026141,6.67530000000261 -1.12493908036781,44.7526089661987,7.00290000000678 -1.12463900802865,44.7527990673731,7.24000000000524 -1.12437095523942,44.7529900074478,7.07640000000538 -1.12405998633586,44.7531579805796,6.81269999999495 -1.12376997243289,44.7532639281755,6.75740000000224 -1.1235119771816,44.7532109540828,6.2445000000007 -1.1232439243924,44.7529900074478,4.39860000000044 -1.12309405575861,44.7526470200393,2.57820000000356 -1.12287897572339,44.7522889451091,1.30409999999392 -1.12269692135129,44.752029943917,1.2329000000027 -1.12267596635063,44.7518470509618,1.51189999999769 -1.12275106820334,44.7516950036752,1.38099999999395 -1.12284695707171,44.7515649162524,1.29640000000654 -1.12267596635063,44.7514130360056,2.22349999999278 -1.12249307295204,44.7513900696289,2.99550000000454 -1.12235393379602,44.7513290491977,2.98530000000028 -1.12232107701618,44.7511919217316,2.98279999999795 -1.12235393379602,44.7510319945665,2.4600000000064 -1.12231101857995,44.7508720682347,0.565300000002026 -1.12213902174575,44.7507349403224,0.0 -1.12188203260758,44.7506199404921,0.0 -1.12172093233781,44.7504149190633,0.0 -1.12156000005296,44.7502320261011,0.205900000000838 -1.12137693866942,44.7501329521661,0.0 -1.12117292318355,44.7499649785358,0.174400000003516 -1.12104501566353,44.749781917639,1.69960000000719 -1.12087301882934,44.7495990245877,0.393100000001141 -1.12072298310888,44.7494699436395,0.28870000000461 -1.12055098627469,44.7493559492967,2.4658000000054 -1.12056205082404,44.7492030635317,0.0 -1.12041201420529,44.749042969454,0.0 -1.1203580353382,44.7488749958459,0.0 -1.12036893100426,44.7486770154099,0.0 -1.12030405557278,44.7485169211512,0.0 -1.12028293348549,44.7483120670716,0.0 -1.1201969350684,44.7481670602819,0.0 -1.1199719645819,44.7480450195674,0.0 -1.11996106801751,44.7479149328612,0.0 -1.11995000436645,44.7477020321603,0.0 -1.11995000436645,44.7474809177252,0.0 -1.11990692116543,44.7472299637854,0.0 -1.11982192886148,44.7469320708032,0.0 -1.11968195067896,44.7467339222967,0.0 -1.1195530370458,44.7465739955563,0.608900000006543 -1.11935991812432,44.7464519553064,1.27060000000347 -1.11933896312369,44.7462469337674,0.528300000005402 -1.11918892740324,44.7460410744268,2.07129999999597 -1.11906906609322,44.7459399886645,2.56540000000678 -1.11901005755882,44.7458700838499,2.64890000000014 -1.11895993336261,44.7457399967151,2.0289000000048 -1.11865902289525,44.745550062452,2.84880000000703 -1.1184290236398,44.7452000343277,3.50370000000112 -1.11797908356513,44.7449599762652,4.35490000000573 -1.11760994425532,44.7447400355219,3.78770000000077 -1.11739000343611,44.7446300648364,2.45600000000559 -1.11735898999922,44.7446200062981,2.2954000000027 -1.11676907174203,44.7446300648364,0.632299999997485 -1.11649900672661,44.7446800212602,0.141399999993155 -1.11607002075424,44.7447199191198,0.0 -1.11559895769399,44.7447799333401,0.0 -1.11535001566411,44.7447799333401,0.0 -1.11518908248097,44.7447799333401,0.0 -1.11499998711366,44.7447899912126,0.0 -1.11481005361819,44.7447499262378,0.0 -1.11426003313602,44.7446800212602,0.0 -1.11379902851201,44.7446099483961,0.0 -1.11337004253967,44.7445499339993,0.0 -1.11306896408736,44.7445199267776,0.0 -1.11302001398918,44.7445100360223,0.0 -1.11274994897376,44.7442999856361,0.0 -1.11223999425157,44.7438800522921,0.0 -1.11210001606906,44.7437600231968,0.0461999999970431 -1.11124992414602,44.743949956961,1.00169999999343 -1.11053997659384,44.7440999931172,2.04150000000664 -1.10978007283039,44.744250029522,3.79279999999562 -1.10947899527637,44.7442999856361,4.11130000000412 -1.10932007431946,44.7443199343815,4.20930000000226 -1.10924899602092,44.744329992972,4.24409999999625 -1.10912997283903,44.7443199343815,4.22000000000116 -1.10893903323044,44.744310043592,4.19210000000021 -1.10868992321564,44.744250029522,4.1539000000048 -1.10860895356753,44.7442399709176,4.19449999999779 -1.10853904846874,44.7442399709176,4.30920000000333 -1.10837006907559,44.744160007981,4.22090000000026 -1.10811894773286,44.7440699862999,3.88150000000314 -1.10787000480468,44.7440099713426,4.02929999999469 -1.10733993321003,44.7438699936233,3.80419999999867 -1.10699895788102,44.7437700812467,3.13360000000102 -1.10678605715869,44.7435570134259,2.48750000000291 -1.10666804008992,44.743336066892,1.72960000000603 -1.10657198323659,44.743160046893,1.06630000000587 -1.10653895847179,44.7429999520295,0.494399999995949 -1.10633594909907,44.7428789174559,0.922999999995227 -1.10610997339776,44.742757044869,1.43690000000061 -1.10598105976459,44.7426420451171,0.903500000000349 -1.10578793994481,44.742528051346,0.933900000003632 -1.10561694922373,44.7424519437142,1.22759999999835 -1.10538108307117,44.7425429709337,2.21970000000147 -1.10512291983492,44.7427340782431,2.51450000000477 -1.10483307391695,44.742946978738,3.0966999999946 -1.10458999878421,44.7428200765495,3.14669999999751 -1.10456904378355,44.7428100183344,3.13850000000093 -1.10384903869346,44.7424199248953,2.44689999999537 -1.10361903943801,44.7423099542626,2.22550000000047 -1.10285896768958,44.7418700715546,1.97479999999632 -1.10248899114991,44.7416900285773,2.14949999999953 -1.10192991834463,44.74135994918,3.09170000000449 -1.10214902103572,44.7411599566994,2.42810000000463 -1.10235001908055,44.740970022702,1.87230000000272 -1.10202999785383,44.7408000380407,0.822899999999208 -1.1016890216265,44.740579928971,0.283400000000256 -1.10135005762539,44.7403599881537,1.86089999999967 -1.10130999276371,44.7403299806713,1.87949999999546 -1.10101394397867,44.7401430646143,1.80710000000545 -1.10070297507508,44.7403640112276,2.97699999999895 -1.10087899456511,44.740190002975,2.29050000000279 -1.10088905300134,44.7401700540806,2.21730000000389 -1.10087899456511,44.7401400471378,2.14340000000084 -1.10081898081592,44.7400899234425,2.13790000000154 -1.10073901728092,44.7400099598704,2.45029999999679 -1.10066005985901,44.7399499451649,2.32279999999446 -1.10060892954968,44.7399400549039,2.17089999999735 -1.10057003788778,44.7399400549039,2.11190000000352 -1.10055897423673,44.7399400549039,2.09510000000591 -1.10050901802547,44.7399700619505,2.63039999999455 -1.10031003130855,44.7401199304113,3.08400000000256 -1.09971893985159,44.7405200826709,3.77129999999306 -1.09915902801986,44.7408900597091,4.21820000000298 -1.09908895583444,44.7408300452791,4.32259999999951 -1.09884906522938,44.7406399436606,4.52270000000135 -1.09867991874961,44.7405299728326,4.52390000000014 -1.09816007357615,44.7401799449403,4.52000000000407 -1.09793895865886,44.7400399668807,4.53620000000228 -1.09801992740868,44.7399600038776,4.57150000000547 -1.09793895865886,44.7400399668807,4.53620000000228 -1.09778992815323,44.7401700540806,4.52150000000256 -1.09766000840694,44.7402800249551,4.52129999999306 -1.09730897464167,44.7401700540806,4.5225999999966 -1.09707998149933,44.7400899234425,4.52490000000398 -1.09689004710557,44.7400200179346,4.54970000000321 -1.09686892501828,44.7400500255778,4.55070000000705 -1.09689004710557,44.7400200179346,4.54970000000321 -1.0969800690768,44.7398399749388,4.5512000000017 -1.09709892427373,44.739639982305,4.7097999999969 -1.09715994413603,44.7395600193868,4.82369999999355 -1.09717905489539,44.7395100630053,4.86710000000312 -1.09717905489539,44.7394699975618,4.87290000000212 -1.09715994413603,44.739450048419,4.87320000000182 -1.09712893159747,44.7394200417406,4.86179999999877 -1.09706003261183,44.7393699174211,4.86280000000261 -1.09703002528808,44.7393600270609,4.86669999999867 -1.09698995952807,44.7393499688819,4.87390000000596 -1.09674906370823,44.7392700055626,4.74039999999513 -1.09640004127089,44.739139918252,4.74989999999525 -1.09594004186166,44.7389600428862,5.24860000000626 -1.09540997116534,44.738779999142,5.2789000000048 -1.09564902274391,44.738489985234,5.43589999999676 -1.09468007472564,44.7379899208065,5.78729999999632 -1.09389904887492,44.7376100530559,6.09309999999823 -1.09387004766425,44.7375899367254,6.10129999999481 -1.09389904887492,44.7376100530559,6.09309999999823 -1.09396006873719,44.7375200313855,6.17459999999846 -1.09401002494847,44.7374199516983,6.28250000000116 -1.09418001045473,44.7370999307435,6.30079999999725 -1.09442895248458,44.7367299537009,5.94839999999385 -1.09466901017629,44.7362699545033,3.89690000000701 -1.09477998714815,44.7360399551276,2.97659999999451 -1.09476992871191,44.7358830458559,2.41559999999299 -1.09457697687709,44.7357529585827,2.05969999999797 -1.09446901824459,44.7356460057429,2.06489999999758 -1.09437296139126,44.7355849852828,2.13959999999497 -1.09427003152767,44.7355300001927,2.10090000000491 -1.09408998848347,44.7354000805921,1.69610000000102 -1.09403902705743,44.7353700737263,1.72590000000491 -1.09398907084615,44.7353600154914,1.75010000000475 -1.09387004766425,44.7353400662068,1.66539999999804 -1.09378002569302,44.7353400662068,1.66049999999814 -1.0937899161443,44.7354099716296,1.76399999999558 -1.09378002569302,44.7354599277248,1.75930000000517 -1.09376896204197,44.7354999927562,1.74920000000566 -1.09353896188819,44.7357499415153,2.4036999999953 -1.09320905021024,44.7360999694245,3.35749999999825 -1.09309991837792,44.7362099403827,3.86770000000251 -1.09280604890577,44.7360729799727,4.40240000000631 -1.09264595474909,44.7359740732076,4.87200000000303 -1.09267897861559,44.7358999772553,4.62829999999667 -1.09293898609311,44.7356599195015,3.07730000000447 -1.09296999863164,44.7356300799604,2.91509999999835 -1.09263908084053,44.7353000010645,3.29459999999381 -1.09231906051215,44.7350099869319,4.61870000000636 -1.0922999497528,44.7349900381648,4.60460000000603 -1.09168907649499,44.7343499956666,5.48099999999977 -1.09132898950827,44.7340199164837,5.69479999999749 -1.09101902671782,44.7337399608313,5.48510000000533 -1.09077896902611,44.7335099616033,5.30329999999958 -1.09053991744754,44.7332900206955,4.92419999999402 -1.09059004074545,44.7331999986812,4.96450000000186 -1.09077896902611,44.7330400721527,4.85150000000431 -1.09091894720866,44.732899926841,4.55899999999383 -1.09093001085968,44.7328900360123,4.5627999999997 -1.09113000368971,44.7326399198187,4.43309999999474 -1.09123896843534,44.7325100007449,3.20639999999548 -1.09125992253766,44.7324699349182,3.10460000000603 -1.0912699809739,44.732449985913,3.08419999999751 -1.09136905526828,44.7323539293784,2.37059999999474 -1.09126092865078,44.7322089227646,2.83060000000114 -1.09112195658138,44.7319960222957,2.18600000000151 -1.09098298451198,44.7317670282722,1.23020000000542 -1.0908649674432,44.7315380352565,0.0464000000065425 -1.09068207404462,44.7313630208429,0.0 -1.09050001967252,44.7312260604407,1.05760000000009 -1.09038200260375,44.7310500405886,1.82219999999506 -1.0902849396373,44.7308899460166,1.48189999999886 -1.0902210694206,44.7307529857705,1.35300000000279 -1.0900599691508,44.730646032618,1.94389999999839 -1.08991999186662,44.7304329649348,2.41760000000068 -1.08967406637949,44.7300899777002,0.461999999999534 -1.08947005089362,44.7298839504218,0.937999999994645 -1.08935203382485,44.7297620772478,0.0 -1.08915908288836,44.7294499352176,0.0 -1.08890091965211,44.7291679681727,0.0 -1.08868701371496,44.7289240545324,0.872000000003027 -1.08852608143015,44.7286419196284,0.0 -1.08829993774387,44.7283899597858,0.24989999999525 -1.08809592225804,44.7281309587326,0.503800000005867 -1.08784999677088,44.7278800050431,0.0767000000050757 -1.08766693628567,44.7276510113165,0.420100000003004 -1.08746292079979,44.727430063993,1.2960000000021 -1.0872379503133,44.7271940295345,0.439100000003236 -1.08700208326241,44.7269269821299,0.300900000002002 -1.08675498547384,44.7266679815464,0.846799999999348 -1.08651895043799,44.7264160214024,0.0 -1.08630504450087,44.7262329606089,0.479200000001583 -1.08608996536395,44.7260960008234,0.0 -1.08572501669494,44.7260810808212,0.0 -1.08535001048802,44.7259890473566,0.453800000002957 -1.08493108295188,44.7259590400754,0.755600000004051 -1.08451299354394,44.725905060629,1.20219999999972 -1.08421292120474,44.7258519197755,0.686700000005658 -1.08390195319947,44.7257759797505,0.0 -1.08358997818276,44.7257149590879,0.412500000005821 -1.0831930117604,44.7255929188462,0.334600000001956 -1.08285002420513,44.7254789246515,0.115000000005239 -1.08251692710116,44.7253179919643,0.088900000002468 -1.08233503981569,44.725235011411,0.00229999999282882 -1.08209397601089,44.7252839614888,1.75149999999849 -1.08191695040772,44.7253790124074,2.76639999999315 -1.08119895664553,44.7259699366723,4.28320000000531 -1.08088899385508,44.7261900451905,5.13060000000405 -1.08069906035961,44.7263600306775,5.41060000000289 -1.0806400518252,44.7263699213465,5.46020000000135 -1.08061892883962,44.7263799792304,5.4716999999946 -1.08034903180915,44.726570081139,5.26669999999285 -1.08027996483851,44.7266299278359,5.24259999999776 -1.0798600311893,44.7269600070734,4.9207000000024 -1.07929894705608,44.7274000568211,4.67720000000554 -1.078919917295,44.7276999612644,4.61190000000352 -1.07871891925018,44.7278499974664,4.63280000000668 -1.07791895062506,44.7284600325236,5.81660000000556 -1.07748996465269,44.7282199745201,7.11389999999665 -1.07714898842535,44.7280399317997,7.41779999999562 -1.07690893073366,44.7278900633025,7.70810000000347 -1.07679996598801,44.7278000411798,7.85039999999572 -1.07676006821299,44.7277299689189,7.98140000000421 -1.07672905567443,44.7276900708229,8.0338999999949 -1.07664892415447,44.7275599836284,8.0170999999973 -1.07659008360503,44.7274399551172,8.06879999999364 -1.07641892489899,44.7271299922124,7.91770000000542 -1.07622999661834,44.7267600152074,6.69010000000708 -1.07604995357414,44.7264399939786,6.25130000000354 -1.07591902861307,44.7262200529901,6.52850000000035 -1.07581006386741,44.7260200604805,6.91340000000491 -1.07560906582259,44.725650083397,7.61139999999432 -1.07532005713444,44.7250700558223,7.6073999999935 -1.07512895043923,44.7247299178434,7.54619999999704 -1.07512895043923,44.7247200275322,7.5396999999939 -1.07486994907482,44.7242499702912,7.39440000000468 -1.07469996446686,44.7239400075258,6.68459999999322 -1.07467900946623,44.7239100004583,6.56840000000375 -1.0746500082556,44.7238600439603,6.36819999999716 -1.07469996446686,44.7238399273146,6.2335000000021 -1.07474003022683,44.7238099201952,6.1420000000071 -1.07475897300123,44.7237899713943,6.0960999999952 -1.07477992800189,44.723759964249,6.03949999999895 -1.07477992800189,44.7237200659677,5.91079999999783 -1.07474003022683,44.7236800004346,5.72370000000228 -1.07470901678997,44.723660051589,5.63420000000042 -1.07466895103,44.723639935512,5.64130000000296 -1.07461899481871,44.7236300443762,5.68709999999555 -1.07455998628434,44.7236300443762,5.74120000000403 -1.07452897374578,44.7235700299041,5.76959999999963 -1.0744600738618,44.7234199940896,5.08789999999863 -1.07437005278887,44.7232600673252,4.41710000000603 -1.07431892337784,44.7231899946709,4.35689999999886 -1.07425907671531,44.723090082303,4.45140000000538 -1.07416000242093,44.7229599949759,4.63099999999395 -1.07402907656153,44.7227900103485,5.4039000000048 -1.07398901169985,44.7227400541599,5.64470000000438 -1.07397995847844,44.722719937763,5.73739999999816 -1.07428003081764,44.7225900181077,5.545100000003 -1.07454992874644,44.7224899381142,4.72699999999895 -1.07460005204432,44.7224699894964,4.72699999999895 -1.07456903860746,44.7223400699181,4.88779999999679 -1.07448907597076,44.7220899534197,5.8127999999997 -1.07442000900015,44.7218299469496,6.47430000000168 -1.07438899556326,44.7217699325249,6.65810000000056 -1.07425002349386,44.721519984622,7.02090000000317 -1.07420006728261,44.7214400209029,7.14350000000559 -1.07404902544904,44.7212400284634,7.35640000000421 -1.0738000834192,44.7210499269111,7.37369999999646 -1.07362892471316,44.7209300661667,7.21330000000307 -1.07325006293703,44.7206199356145,6.72840000000724 -1.07319993874082,44.7205899281015,6.72840000000724 -1.07285007817533,44.7202000019954,6.39169999999285 -1.07245897865007,44.7197599523705,5.8972999999969 -1.07221992707151,44.7194699381866,5.97259999999369 -1.07218908161957,44.7194399313538,6.01840000000084 -1.07207994888899,44.7192900629166,5.97620000000461 -1.0719300802552,44.7191200777194,5.81939999999304 -1.07178892977124,44.7189599833204,5.66909999999916 -1.07161894426494,44.7188200055999,5.66419999999925 -1.07146907563115,44.7186999768271,5.80009999999311 -1.07130998758761,44.7186000643649,5.96890000000712 -1.07119901061572,44.7185400497814,5.96890000000712 -1.07107898221902,44.7184699771551,5.99000000000524 -1.07097906979651,44.7184200210661,6.12570000000414 -1.07089893917485,44.7183900143271,6.18760000000475 -1.07081998175294,44.7183499482944,6.20040000000154 -1.07020894051017,44.7181300071876,7.09239999999409 -1.0700190070147,44.7180699927549,7.64849999999569 -1.06974005676278,44.718020036959,7.90829999999551 -1.06952900028173,44.7179499643411,8.16060000000289 -1.0694999990711,44.7179400735092,8.15210000000661 -1.06981901418467,44.7172899730919,7.48559999999998 -1.06988891928346,44.7171399369495,5.77129999999306 -1.0700190070147,44.7169500032129,5.12720000000263 -1.07006896322596,44.7168599813006,4.39169999999285 -1.07008907920012,44.7168100250984,4.16730000000098 -1.07010902808763,44.7167699598866,4.0060999999987 -1.07012998308826,44.71670994532,3.77749999999651 -1.07014993197577,44.7166599889882,3.71600000000035 -1.07014004152449,44.7166400402753,3.71950000000652 -1.07014004152449,44.7166199236725,3.71950000000652 -1.07010902808763,44.716580025574,3.73040000000037 -1.07006896322596,44.7165500185191,3.7445000000007 -1.07002906545094,44.7165200114487,3.71779999999853 -1.06980895664676,44.7163899240309,3.35970000000088 -1.0694999990711,44.7162100487611,3.12840000000142 -1.06933001446314,44.7161000780753,2.97470000000612 -1.06921903749125,44.7159999983458,2.81810000000405 -1.06914008006934,44.715939983619,2.74400000000605 -1.06908895065834,44.7158700789209,2.69229999999516 -1.06903899444705,44.7158100640593,2.80770000000484 -1.06899892868708,44.7157699987935,2.90579999999318 -1.06893908202451,44.7157099844665,3.02689999999711 -1.0689300297014,44.7156600279098,3.00710000000254 -1.06879994286849,44.7155099920096,2.18869999999879 -1.06858905437239,44.7152799924248,3.58740000000398 -1.0683900676555,44.7150600517777,4.56080000000657 -1.06824992238633,44.7149100155987,3.82660000000033 -1.06815000996379,44.7148199937046,1.81429999999818 -1.06808899010148,44.7147700376562,2.12099999999919 -1.0680489243415,44.7147499210417,2.90679999999702 -1.06801891701776,44.7147499210417,3.53819999999541 -1.06784993762462,44.7145799359122,3.57180000000517 -1.06765899801603,44.7143499364611,1.34320000000298 -1.0676299968054,44.7142800317573,1.59530000000086 -1.06761993836917,44.7142399660705,1.23979999999574 -1.0675299163979,44.7141100465243,0.0 -1.0674300048737,44.7140200253008,0.333799999993062 -1.06738893300057,44.7139799594341,0.0 -1.06712993253449,44.7138200327488,0.0 -1.06709891909763,44.7137999164423,0.0 -1.06683908050336,44.7136200407823,0.0 -1.06682902206713,44.713599923768,0.0 -1.06651905927669,44.7134500555258,1.41610000000219 -1.06628000769809,44.7133300264662,2.01350000000093 -1.06619903804997,44.7133000196412,2.77340000000549 -1.06587700549533,44.713273029764,3.23029999999562 -1.06555497294071,44.7132120093199,4.98099999999977 -1.06523294038607,44.7130450417553,4.44749999999476 -1.06506194876669,44.7128539346412,0.0 -1.06479305784934,44.7127089276604,0.0880999999935739 -1.06454696527555,44.7126100211594,0.26249999999709 -1.06423599637196,44.7125870546898,0.795800000007148 -1.06402996955818,44.7126100211594,1.91330000000016 -1.06385897883711,44.7125000506545,2.20650000000023 -1.06368899333085,44.7123999704443,1.71520000000601 -1.06350895028665,44.7122900001786,1.72209999999905 -1.063440051301,44.7122499343909,1.71679999999469 -1.06336897210413,44.7122100371097,1.66959999999381 -1.06332907432911,44.7121999786775,1.69759999999951 -1.0632789510312,44.7121800297039,1.77469999999448 -1.06332404556016,44.7120309991819,0.951700000005076 -1.06334500056079,44.7118320128836,0.0 -1.06308801142261,44.7116950528407,0.0 -1.06284007460759,44.7115899438844,0.0 -1.06258995847964,44.7114400749059,0.0 -1.06223892381607,44.7112300244133,0.0 -1.06194002557497,44.7110399231703,0.0 -1.06170902020637,44.7109100034626,0.0 -1.06157993858825,44.7108799966596,0.338499999998021 -1.0614500197403,44.7108399311726,0.446800000005169 -1.06135999776903,44.7108099236949,0.482000000003609 -1.0612699757978,44.7107599673769,0.544999999998254 -1.06082992617441,44.7105299680658,0.596199999999953 -1.06047905949577,44.7103299762211,0.393500000005588 -1.06033002988846,44.7102500123593,0.743199999997159 -1.06024906024032,44.7102200052142,0.986000000004424 -1.06020899448034,44.7102099470746,1.16779999999562 -1.06015903916738,44.7102099470746,1.47329999999783 -1.06011897340741,44.7102300633521,1.79869999999937 -1.06010002973468,44.7102500123593,1.9655999999959 -1.06002895143614,44.7102900782548,1.95010000000184 -1.05997899522489,44.7103199174622,1.91479999999865 -1.05993004512675,44.7103400343399,1.9426999999996 -1.05990892303947,44.7103499245556,1.9887000000017 -1.05987003047923,44.7103599833092,2.05969999999797 -1.05981906905316,44.7103599833092,2.14969999999448 -1.0597800094063,44.7103599833092,2.21880000000237 -1.05973994364632,44.7103499245556,2.22070000000531 -1.05964992167506,44.7103100272414,2.18309999999474 -1.05925899013477,44.7101199255302,2.24580000000424 -1.05887996037368,44.7099299917355,2.23189999999886 -1.05871902808884,44.7098399697556,1.98930000000109 -1.05853898414635,44.7097400573175,1.68369999999413 -1.0581700128215,44.7095700727947,0.992299999998068 -1.05798007932602,44.7094800508935,0.346799999999348 -1.05790900102748,44.7094500439876,0.215500000005704 -1.05787999891853,44.7094500439876,0.215500000005704 -1.05784999249311,44.7094399857142,0.160900000002584 -1.05780003628183,44.7094200364277,-0.0173000000067987 -1.05763005077557,44.709540065297,0.4887000000017 -1.05761999233933,44.709540065297,0.516900000002352 -1.05756903091326,44.709579963142,0.995100000000093 -1.05749007349135,44.7096200288629,1.51880000000529 -1.05750901626578,44.7095900213911,1.23129999999946 -1.05754002970263,44.7095199487798,0.574500000002445 -1.05756903091326,44.7094500439876,0.0144000000000233 -1.05750901626578,44.709429927439,0.0154999999940628 -1.057479008942,44.7094200364277,0.00950000000011642 -1.05726996468717,44.7093300149315,-0.323699999993551 -1.05711892285364,44.7092599420054,-0.0852000000013504 -1.0570190104311,44.7092200445783,0.0681999999942491 -1.05691004568544,44.7091900368992,0.0820999999996275 -1.05682002371421,44.7092899496483,0.0828000000037719 -1.05673905496436,44.7093799712068,0.0124999999970896 -1.05669898920439,44.7094200364277,0.0 -1.05668993688127,44.7094500439876,0.0 -1.05669898920439,44.7094800508935,0.0 -1.05671005285544,44.7095000001593,0.0 -1.05674894541567,44.709540065297,0.38310000000638 -1.0569189300236,44.7096599266527,1.62840000000142 -1.05703996453343,44.7097499482742,2.14800000000105 -1.05708003029341,44.709779955663,2.3460999999952 -1.05710903150403,44.7098000720899,2.47890000000189 -1.05718899503906,44.7098500279595,2.77109999999811 -1.05723006691216,44.7098699770978,2.79360000000452 -1.05709897396613,44.7100099547626,3.60150000000431 -1.05700895199487,44.7101100346367,3.60619999999471 -1.05691004568544,44.7102200052142,3.75999999999476 -1.05685992148923,44.7102900782548,4.15810000000056 -1.05680996527798,44.7103400343399,4.44650000000547 -1.05674894541567,44.7104000484902,4.79709999999614 -1.05671005285544,44.710430055542,4.9652999999962 -1.05663998067002,44.7104800121446,5.1704999999929 -1.0563199594433,44.7106699460496,4.9149000000034 -1.05600999665283,44.7108600472311,4.54889999999432 -1.05599993821659,44.7108600472311,4.53879999999481 -1.0557399316374,44.7110100836957,4.31750000000466 -1.05557899935255,44.7111099958566,4.65210000000661 -1.05556005567986,44.7110900471457,4.54379999999946 -1.05542007839564,44.7109400108884,3.76050000000396 -1.05533994777399,44.7108600472311,3.37600000000384 -1.05527004267519,44.7107799162016,3.09130000000005 -1.05519996959147,44.7107100116543,3.09750000000349 -1.05510994762021,44.7106399384837,3.10970000000088 -1.05507004984519,44.7106000407311,2.51039999999921 -1.05498908109537,44.710510019155,0.755099999994854 -1.0549099556885,44.7104000484902,0.0 -1.05485899336413,44.7103299762211,0.0 -1.05479998482976,44.7102800194889,0.0 -1.05473997108057,44.7102300633521,0.0 -1.05467895031994,44.7101899980535,0.0 -1.05461994178557,44.7101700490255,0.0 -1.05455003668677,44.7101700490255,0.0 -1.05444895106449,44.7101899980535,0.0 -1.05427997167134,44.7102300633521,0.0 -1.05399901009149,44.7102900782548,2.86280000000261 -1.05377906927228,44.7103299762211,3.39579999999842 -1.05357002501745,44.7103700414228,3.47010000000591 -1.05337807929575,44.7103460692102,4.21820000000298 -1.0532810163293,44.7102620827567,4.54580000000715 -1.05337807929575,44.710117075666,4.306700000001 -1.05366792521376,44.7100409681528,3.24529999999504 -1.05397906120398,44.7099640223044,1.64939999999478 -1.05438591897595,44.7098800352965,0.0 -1.05456897946116,44.7098039274716,0.0 -1.05471901607991,44.7097739207335,0.0 -1.05501892043416,44.7097809611653,0.0 -1.05525596068482,44.7097430751033,0.0 -1.05548093117132,44.7096669670983,0.0 -1.05566298554342,44.7096059473209,0.0 -1.05578100351049,44.7094689871176,0.0 -1.05585593737824,44.7093469464427,0.0 -1.05583900593175,44.7093100662455,0.0 -1.05588007690654,44.7091600298429,0.0 -1.05593891835429,44.7089999353399,0.0 -1.05597898321597,44.7087999433158,0.0 -1.05599993821659,44.7087199798939,0.0 -1.05599004776532,44.7086800820946,0.0 -1.05599004776532,44.7086299585858,0.0 -1.05590002579405,44.708339944801,0.0 -1.05568997542611,44.7078299895296,0.0 -1.05556005567986,44.7075200269028,0.0 -1.05550993238195,44.70746001232,0.0 -1.0554700346069,44.7074300050053,0.0 -1.05540901384629,44.7074199470193,0.0 -1.05531899277336,44.707410056303,0.0 -1.0552289708021,44.707410056303,0.0 -1.0550489277579,44.7074199470193,0.0 -1.0547689722912,44.7074300050053,0.0 -1.05448901682446,44.7074700702991,0.0 -1.0542499643476,44.707509968294,0.0 -1.05405902473901,44.7075200269028,0.0 -1.05396900366608,44.7075299176004,1.62729999999283 -1.05389893058233,44.7075299176004,3.26589999999851 -1.0538000242729,44.7075200269028,5.22010000000591 -1.05384998048419,44.707440063628,3.92639999999665 -1.05384998048419,44.7074199470193,3.85279999999329 -1.05383992204795,44.707399997675,3.98510000000533 -1.05377906927228,44.7073399836063,4.25599999999395 -1.05371905462479,44.7072900274856,4.04889999999432 -1.05361998122874,44.7072000058689,2.29929999999877 -1.05335008329994,44.7069700064569,3.48140000000421 -1.05308001828448,44.7067200578295,0.452999999994063 -1.0529090275634,44.7065100074453,0.0176999999966938 -1.05272898451924,44.7063200732968,0.0 -1.05259001244984,44.7061599792388,0.0 -1.05248993294064,44.7060000526519,0.0 -1.05241902172876,44.7058500166077,0.0 -1.05237895596878,44.7057100384595,0.0 -1.05231994743438,44.7054800388736,0.0 -1.05228893489582,44.7052599300978,1.35129999999481 -1.05226999122313,44.7050899451873,2.31050000000687 -1.05228893489582,44.7049400766166,0.728400000007241 -1.05239002051813,44.7047999315431,0.0 -1.05261901366047,44.7045699321719,0.0 -1.05294993145157,44.7042700278621,0.0 -1.05322904879011,44.7039900718864,0.0 -1.05332896121265,44.7038700430008,0.0 -1.05337992353702,44.7037900797917,0.0 -1.05340003951119,44.7037300651727,0.0 -1.05337992353702,44.70367005113,0.0 -1.05331001843826,44.7035800289915,0.0 -1.05288907867589,44.7032600085224,2.66160000000673 -1.0525189341513,44.7029899436051,1.99719999999797 -1.05222992636145,44.7027700022234,1.96289999999863 -1.05176992695222,44.7024000252363,0.050600000002305 -1.05143900916111,44.7021500766697,0.736000000004424 -1.05108898150899,44.701850004668,0.0 -1.05092000211584,44.7017499245592,0.0 -1.05079008236956,44.7016999687223,0.171100000006845 -1.05041993784493,44.7016000562808,0.0 -1.0498989185734,44.7014600780722,0.0 -1.04938996996436,44.7013100423931,0.0 -1.04877892872157,44.7011400573776,0.0 -1.04808993617,44.70093000654,0.0 -1.04767000341908,44.7008200361911,0.0 -1.04725996022114,44.7007100656333,0.0 -1.04694999743066,44.7006099854695,0.0 -1.04675905782207,44.700579978435,0.0 -1.04664003464018,44.700579978435,0.0 -1.04653995513102,44.7005999275756,0.0 -1.04632001341347,44.700650051014,0.0 -1.04602899429572,44.7006770410309,0.0 -1.04573898039278,44.7007219681753,1.61259999999311 -1.04549204969084,44.7007070480151,2.11109999999462 -1.04544896648981,44.7007199562175,2.13199999999779 -1.04540906871479,44.700590036971,1.92220000000088 -1.04530898830729,44.7003799860535,1.16400000000431 -1.04520002356164,44.7001300377052,0.927500000005239 -1.04503892329187,44.6996799300163,0.00530000000435393 -1.04490900444388,44.6993399594922,-0.0611000000062631 -1.044830047022,44.6991200189305,0.0458000000071479 -1.04476902626137,44.6989599241168,0.0500999999931082 -1.04471907005011,44.6988300047522,0.0574000000051456 -1.04462904897718,44.6985800567366,0.407099999996717 -1.04458898321717,44.6984499692224,0.812900000004447 -1.04445906347089,44.6980699337524,0.816099999996368 -1.04427902042672,44.6975700371043,0.35899999999674 -1.04409897738253,44.6970800311776,0.370100000000093 -1.04402001906232,44.696830082632,0.125700000004144 -1.04391993955315,44.6965199525516,0.0467000000062399 -1.04387903566498,44.6964099814892,0.243300000001909 -1.04380996869438,44.6963499675212,0.327600000004168 -1.04371994762144,44.6962800621502,0.103799999997136 -1.04343999215471,44.6961499752158,0.0963000000047032 -1.04305895016739,44.6959799903765,0.0 -1.0428500729992,44.6959099172542,0.0 -1.04267002995503,44.6958800776429,0.0 -1.04237901083725,44.6958700195659,0.0 -1.04207893849808,44.6958599614871,0.0 -1.04161893908885,44.6958400119905,0.0 -1.04110999047978,44.6958200631257,0.0 -1.04057908075697,44.6957900561631,0.0 -1.04006007281337,44.6957699393375,0.0 -1.03955900332767,44.6957499904484,0.0 -1.0394490324689,44.6957399323488,0.0 -1.03942992170955,44.6957300415526,0.0 -1.03937895938518,44.6957099253447,0.0 -1.03923998731578,44.6956299617209,0.0 -1.03895902663426,44.695429969483,0.0 -1.03864906384378,44.6952299771931,0.0 -1.03836894039209,44.6950400437125,0.153500000000349 -1.03786904320784,44.6947000734044,0.575899999996182 -1.03741893514822,44.6944300087893,0.399399999994785 -1.037198994329,44.6942600233712,0.286399999997229 -1.0370189512848,44.694129936369,0.394499999994878 -1.03697905350979,44.6940999291692,0.432300000000396 -1.03695994275043,44.6940799803435,0.464500000001863 -1.03692892931358,44.6940499731177,0.528300000005402 -1.03689992810291,44.6940199658765,0.580199999996694 -1.03683002300415,44.6939899586197,0.62050000000454 -1.03672005214538,44.6939400024734,0.629000000000815 -1.03651905410056,44.6938199738257,0.529399999999441 -1.03624898908513,44.6936499885328,0.42960000000312 -1.03620003898696,44.6936099232533,0.431899999995949 -1.03616902644843,44.6935800837339,0.433399999994435 -1.03613901912465,44.6935599667792,0.434800000002724 -1.03611907023714,44.6935299599226,0.468599999992875 -1.03611907023714,44.6935100109006,0.500499999994645 -1.03612896068842,44.6934800033795,0.548500000004424 -1.03613901912465,44.6934499964815,0.596900000004098 -1.03616902644843,44.6934199889294,0.646299999993062 -1.03620003898696,44.6933799234908,0.709600000001956 -1.03634906949259,44.6932600622717,0.855299999995623 -1.03658895919935,44.6930600701511,0.729699999996228 -1.03684896577855,44.6928500200154,0.566399999996065 -1.03723906008898,44.6925499477101,0.831099999995786 -1.03751901555571,44.692340064955,1.17919999999867 -1.037648935302,44.6922699918985,1.24219999999332 -1.0377099551643,44.6922599338331,1.28089999999793 -1.03778908057114,44.692250043081,1.32570000000123 -1.03795001285598,44.6922599338331,1.34709999999905 -1.03829903529332,44.6923100574664,1.53729999999632 -1.03863900540755,44.6923600137415,1.68899999999849 -1.03883899733925,44.6923900212042,1.7103000000061 -1.0393100603995,44.6924500354445,1.39669999999751 -1.03957006697873,44.6924800428606,0.881299999993644 -1.03968992828878,44.6924999915989,0.732499999998254 -1.03980006623418,44.6925100496226,0.585999999995693 -1.03992998598046,44.6925299989891,0.42960000000312 -1.04015998523591,44.6925700643771,0.375899999999092 -1.04060003575763,44.6926099617847,0.907500000001164 -1.04124896254918,44.6926899257471,0.721699999994598 -1.04196008330114,44.692790005551,0.178199999994831 -1.04245997958709,44.6928600779784,0.155499999993481 -1.04270892251524,44.6928899178687,0.121199999994133 -1.04279894358817,44.6928899178687,0.146699999997509 -1.04287907510815,44.6928899178687,0.157699999996112 -1.04302005850549,44.6928699686262,0.332200000004377 -1.04313908168735,44.6928500200154,0.507400000002235 -1.04328995553596,44.6928099541825,0.730500000005122 -1.04371994762144,44.6927100417268,0.151800000006915 -1.04458898321717,44.6924800428606,0.318299999998999 -1.04527998709667,44.6923100574664,1.11909999999625 -1.04564996453463,44.6922099774716,1.66559999999299 -1.0458890161132,44.6921499629826,1.78170000000682 -1.04609001415802,44.6921100652581,1.68679999999586 -1.04618992658056,44.6921100652581,1.53369999999995 -1.04625899355116,44.6921300141238,0.936300000001211 -1.04630894976245,44.6921700797885,0.454800000006799 -1.0463300718497,44.6922200361843,0.206200000000536 -1.04634901552243,44.6922599338331,0.0746999999973923 -1.04637902194787,44.692340064955,0.0288000000000466 -1.04641003538473,44.6923700717895,0.0175000000017462 -1.0464690439191,44.6924099699735,0.00470000000495929 -1.04662997620395,44.6924399767717,0.0 -1.04705007783816,44.6924699841931,0.0 -1.04778902570264,44.6925100496226,0.0 -1.04845002315669,44.6925600057252,0.0 -1.04892997055514,44.6925900130843,0.0 -1.04912895727202,44.6926200204279,0.0 -1.04917908056994,44.6926599184397,0.0 -1.04921897834496,44.6927199324003,0.0 -1.04931905875245,44.692919925057,0.0 -1.04969993275481,44.6935899742588,0.0 -1.0498989185734,44.6939599513473,0.162599999996019 -1.05018893247637,44.6944799645129,0.0868999999947846 -1.05047894637931,44.6949899198876,0.0 -1.0505790267868,44.6951800214779,0.0 -1.05062898209976,44.6952199190031,0.0 -1.05070006129659,44.6952400353812,0.00119999999878928 -1.05082998014458,44.6952499262612,0.00629999999364372 -1.05107892307275,44.6952499262612,0.00879999999597203 -1.05142895162321,44.6952700426289,1.15429999999469 -1.05182893548662,44.6952799335037,0.264599999994971 -1.05231994743438,44.6952899916832,0.0161999999982072 -1.05295898377469,44.6953099407307,0.0 -1.05318898303014,44.695319998905,0.0 -1.05324899767762,44.6953099407307,0.0 -1.05331907076138,44.6952799335037,0.0 -1.05341898318392,44.6952100287566,0.0 -1.05359902622808,44.6951000577609,0.0 -1.05401007464084,44.6948299930954,0.0 -1.05435892909322,44.6945800444163,0.0 -1.05493007256097,44.6941800602996,0.0 -1.05525897812584,44.6939800681631,0.0 -1.0553490000971,44.6939700097561,0.0 -1.0554700346069,44.6939500608856,0.0 -1.05596004044157,44.6939400024734,0.0 -1.05651894616019,44.6939400024734,0.0 -1.0570190104311,44.6939500608856,0.0 -1.05750901626578,44.6939500608856,0.320099999997183 -1.05783892794373,44.6939500608856,0.706500000000233 -1.05795895723874,44.6939599513473,1.05599999999686 -1.05799902210042,44.6939800681631,1.11509999999544 -1.05876898430012,44.6944199504604,0.877900000006775 -1.05979895218069,44.6950400437125,0.627399999997579 -1.06086999193439,44.6956599687665,0.724499999996624 -1.06191907057431,44.6962800621502,0.762799999996787 -1.06268903277402,44.6967199442178,0.162200000006123 -1.06340903786414,44.697140045666,0.0 -1.06359897225791,44.6972500159804,0.0 -1.06367893489461,44.6972800234636,0.0 -1.06375001409148,44.6972900812957,0.0 -1.06382997672818,44.6972999724641,0.0 -1.06417899916552,44.6972300669628,0.0 -1.06525892415568,44.6969499441247,0.139500000004773 -1.06643993386981,44.6966999956561,0.453599999993457 -1.06753997483414,44.696459938059,0.173599999994622 -1.0682289673857,44.6963100694975,0.0 -1.06896992747645,44.696169923967,0.0 -1.06902005167266,44.6961399165471,0.0 -1.06902893601082,44.6961199677856,0.0 -1.06903899444705,44.6961100770543,0.0 -1.06903899444705,44.6960800702419,0.0 -1.06902005167266,44.6960400047279,0.0 -1.06900898712331,44.6960200552934,0.0 -1.06893908202451,44.6959699316783,0.0 -1.06842996543052,44.6956599687665,0.0 -1.06789000338459,44.695319998905,0.0736000000033528 -1.06715993985824,44.6948599999169,0.225999999995111 -1.06633901623249,44.694339986971,0.0 -1.06565907600404,44.693899936756,0.0375000000058208 -1.06491996015457,44.6934300474319,0.0394999999989523 -1.06439894088303,44.6930999678596,0.883199999996577 -1.0635200139377,44.6925299989891,0.0 -1.06261996580338,44.691960029618,0.0510000000067521 -1.06182904950138,44.6914500743843,0.0 -1.06105892021504,44.690969958733,0.0 -1.06021905291657,44.690429996537,0.0 -1.05933995888458,44.6898600275738,0.0 -1.05850998293572,44.6893400137976,0.0 -1.05826892002922,44.6891799194062,0.206099999995786 -1.05795895723874,44.6889799272461,1.30819999999949 -1.05795007200228,44.6889599785727,1.39400000000023 -1.05791905856539,44.6889400298924,1.71240000000398 -1.05835894110215,44.6883600015744,0.0 -1.0585699975832,44.6880899367718,0.0 -1.05878993840242,44.687820039954,0.0 -1.05879999683865,44.6877900326781,0.0 -1.05879999683865,44.6877499671766,0.0 -1.05879999683865,44.687740076293,0.0 -1.05879999683865,44.6877300180796,0.0 -1.05878993840242,44.6877100689757,0.0 -1.05875993107868,44.6876800616428,0.0 -1.05867896232886,44.6876099893348,0.0 -1.05769995587433,44.6870100124035,0.0424000000057276 -1.05651006092373,44.6862499414576,0.234400000001187 -1.05549903581756,44.6856400745254,0.0 -1.05471901607991,44.6851500685659,0.0 -1.0542499643476,44.6848600546792,0.0209999999933643 -1.05366993654166,44.6844800188023,0.0225999999966007 -1.05261901366047,44.683800078674,0.794899999993504 -1.05160899466737,44.6831699274253,0.98859999999695 -1.05069000286036,44.6825900674331,0.451300000000629 -1.05036897552057,44.682399966034,0.17160000000149 -1.05015004081447,44.682279937103,0.135800000003655 -1.0498189550384,44.6821200103433,0.0 -1.04975894128921,44.6821000612236,0.0 -1.04971904351416,44.6820900033082,0.0 -1.04967897775418,44.6820900033082,0.0 -1.04964997654356,44.6820900033082,0.0 -1.04963907997917,44.6821000612236,0.0 -1.04961007876854,44.6821099517927,0.0 -1.04882905291778,44.6826500816084,0.0 -1.0480000821837,44.6832599493607,0.470700000005309 -1.04768894619348,44.6834899484343,0.213300000003073 -1.04762004720783,44.6835400719928,0.103300000002491 -1.0475400836728,44.6835799698724,0.0130000000062864 -1.04745006170157,44.6836099774131,0.0 -1.047378983403,44.6836299260129,0.0 -1.047299019868,44.6836500425846,0.0 -1.04722006244609,44.6836599335278,0.00440000000526197 -1.04690004121941,44.6836699918093,0.00239999999757856 -1.04655001356725,44.683680050089,0.0 -1.04546992149044,44.6837100575779,0.0 -1.04524997977292,44.6837100575779,0.0 -1.04492006809493,44.6836899410271,0.0 -1.04454891745719,44.6836399842996,0.0 -1.04434993074031,44.6836099774131,0.0 -1.04365004252265,44.6835000067453,0.0 -1.04353001322764,44.6834899484343,0.0 -1.04348005701639,44.6834899484343,0.0 -1.04345004969265,44.6834899484343,0.0 -1.04341903715408,44.6835000067453,0.0 -1.04339003594346,44.6835199560217,0.0 -1.04334997018345,44.6835499629548,0.0 -1.04330001397219,44.6835999191212,0.0 -1.04323899410989,44.6836899410271,0.0 -1.04317998557552,44.6837900204151,0.0 -1.0429399269855,44.6842399610078,0.0 -1.04264907495438,44.6847499164928,0.446100000001024 -1.04259006642,44.684839937889,0.0424000000057276 -1.0425290465577,44.6848999522884,0.0 -1.04244992115083,44.6849700246813,0.0 -1.0423490035135,44.6850499883341,0.0 -1.04190995910493,44.6853700091764,0.0 -1.04164995252571,44.6855800596154,0.0 -1.04158004742694,44.6856300159473,0.0 -1.04155004010317,44.6856400745254,0.0 -1.04151902756464,44.6856499651288,0.0 -1.04147896180463,44.6856600230648,0.0 -1.04125902098541,44.6856999214003,0.0 -1.04083003501308,44.685769994103,0.0 -1.04057908075697,44.685810059058,0.0 -1.040459051462,44.6858600151914,0.0 -1.04030901574154,44.6859500367786,0.0 -1.04023005831963,44.6860499493998,0.0 -1.04017892890863,44.6861099638229,0.0 -1.04011992037423,44.6861099638229,0.0 -1.04007901648609,44.6861099638229,0.0 -1.03994892875485,44.686100073298,0.0 -1.03936906893391,44.6859899349145,0.0 -1.03876003991734,44.6858900228285,0.0 -1.03850891857464,44.6858600151914,0.0 -1.03842996025439,44.6858499572902,0.0 -1.03834999761769,44.6858400667209,0.0 -1.03827891842086,44.6858400667209,0.0 -1.03822007787141,44.6858499572902,0.0 -1.03818906443455,44.6858600151914,0.0 -1.0376589928399,44.6859500367786,0.0 -1.0366000237487,44.6861800366682,0.368900000001304 -1.0353289920633,44.6864700503333,0.737599999993108 -1.03456992642802,44.6866400356237,0.993300000001909 -1.03364892329307,44.6868499179588,0.957500000004075 -1.03278005478397,44.6870500777781,0.234299999996438 -1.03152897198608,44.687319975629,0.262000000002445 -1.0301600401044,44.6876200475691,0.383499999996275 -1.02886000631004,44.6879100610498,0.895300000003772 -1.02841006623538,44.6880099734835,1.06750000000466 -1.02812994278372,44.6880899367718,1.3064000000013 -1.0279100019645,44.6881700679154,1.52929999999469 -1.02783892276763,44.6881900168608,1.58969999999681 -1.02780992155701,44.6882000749944,1.62440000000061 -1.02777002378199,44.6882000749944,1.64860000000044 -1.02772995802198,44.6882000749944,1.67200000000594 -1.02763993694904,44.6881799587255,1.70329999999376 -1.02748906220214,44.6881400608208,1.84279999999853 -1.02728907027043,44.6880899367718,2.10300000000279 -1.02709008355354,44.6880500388051,2.26240000000689 -1.02700006248061,44.6880299224841,2.30999999999767 -1.02689998207311,44.6880200316483,2.38700000000244 -1.02682001853808,44.6880200316483,2.44460000000254 -1.02674894023954,44.6880299224841,2.48889999999665 -1.02665891826828,44.6880399806454,2.545100000003 -1.02656906428201,44.6880699877919,2.6024999999936 -1.02648893366035,44.6881100537106,2.64840000000549 -1.02637007846342,44.6882000749944,2.7219000000041 -1.02607302356527,44.6881300026768,2.79369999999471 -1.02602994036424,44.6879660525757,2.73910000000615 -1.02590102673107,44.6878440119147,2.81560000000172 -1.02569801735835,44.6876720151916,2.99550000000454 -1.02549903064143,44.6874810753029,3.2899999999936 -1.02533306958763,44.6873250044522,3.51970000000438 -1.02517196931783,44.6871650775692,3.83060000000114 -1.02497901748301,44.687020070742,4.04850000000442 -1.02483401053154,44.6868710405898,4.96409999999742 -1.02507004556739,44.6867800132548,4.42410000000382 -1.02523097785223,44.6867639201011,3.83839999999327 -1.02525193285286,44.6866420467934,3.86419999999634 -1.02525796773493,44.6864519452785,3.9097000000038 -1.02530004482284,44.6863699704659,3.79399999999441 -1.025228965626,44.6861399713305,4.12119999999413 -1.02512905410179,44.6858700737296,4.30830000000424 -1.02501992137118,44.6856000088142,3.36740000000282 -1.0250100309199,44.6855500524565,3.29679999999644 -1.0249590685955,44.6854100750466,3.40290000000095 -1.02493006738487,44.6852600386562,2.85700000000361 -1.02484993676322,44.6848900615569,1.704899999997 -1.02479998055196,44.6846399454341,1.72890000000189 -1.02469906201631,44.6842099537934,2.16650000000664 -1.02462999504567,44.6838500352634,2.32189999999537 -1.02458003883442,44.6836399842996,2.30019999999786 -1.02451901897211,44.6833600288528,2.00130000000354 -1.02444006155023,44.6830299493739,2.20609999999579 -1.02433897592792,44.6826200748479,2.48589999999967 -1.02415306508831,44.6825840322242,2.51380000000063 -1.02389506983702,44.6826190688738,2.92889999999898 -1.02370195091554,44.6826490762736,3.22890000000189 -1.02322502095818,44.6827139516298,3.0396999999939 -1.02285403740707,44.6827409417034,2.88439999999537 -1.02260794483332,44.68277094904,2.87029999999504 -1.02244902387641,44.6826380118411,3.3585000000021 -1.02236604290033,44.6825040689998,3.58359999999811 -1.02228004448323,44.6823520214289,4.17449999999371 -1.02221600717991,44.6822070146891,4.75199999999313 -1.02213000876281,44.6820650248988,5.25370000000112 -1.02207100022844,44.6819210240655,5.19920000000275 -1.02198500181134,44.6817909368138,5.32499999999709 -1.02191593484071,44.681649953272,5.46480000000156 -1.02187804839359,44.6815309300576,5.55839999999444 -1.02180294654092,44.6814169359348,5.49199999999837 -1.02173304144212,44.6813029422264,5.43349999999919 -1.02163698548712,44.681234043214,5.33409999999276 -1.02146498865292,44.6812259965062,5.19389999999839 -1.02123398328436,44.6812529859955,5.11299999999756 -1.02100901279786,44.6812839994613,5.22590000000491 -1.0207780074293,44.6813059595783,5.08719999999448 -1.02059092338988,44.6813260763182,4.61530000000494 -1.02035991891965,44.681348037058,4.148199999996 -1.02029001382085,44.681348037058,4.05030000000261 -1.02023100438815,44.6812570093477,4.39939999999478 -1.02017803073585,44.6811120024221,4.8469000000041 -1.02008599743668,44.6809939853823,4.65959999999905 -1.02002196013333,44.6808449550565,4.74210000000312 -1.01995205503457,44.6807079951581,4.96279999999388 -1.01984007284786,44.6805279515202,4.93039999999746 -1.01976497099519,44.6804220041609,4.64879999999539 -1.01967293769599,44.6803259474815,4.45609999999579 -1.01957101394555,44.6802919173758,4.01429999999527 -1.0194370706451,44.6802729742801,3.47990000000573 -1.01940002322447,44.6803899854984,3.50560000000405 -1.01931905357636,44.6804699490857,3.50909999999567 -1.01911906164465,44.6806199851073,2.96700000000419 -1.01900003846276,44.6806999483771,2.96349999999802 -1.01785993173846,44.6809899620118,4.0399000000034 -1.01765893369364,44.6810399184695,4.42130000000179 -1.01747000631128,44.6810699254097,4.76390000000538 -1.01719994129582,44.6811099910603,4.95119999999588 -1.01500907877695,44.6814199539195,4.70110000000568 -1.01478896997278,44.6810699254097,4.39070000000356 -1.01475007831088,44.6809899620118,4.25909999999567 -1.01473901376153,44.6809800712515,4.2445000000007 -1.01471001255087,44.6809200572624,4.17429999999877 -1.01460892692858,44.6807700207404,4.06609999999637 -1.01460892692858,44.6807599625941,4.06609999999637 -1.01449007173165,44.6805700289262,4.01940000000468 -1.01431908101061,44.6802800151057,4.18760000000475 -1.01431002868749,44.6802600659912,4.20720000000438 -1.01408991988328,44.6799199284431,4.25789999999688 -1.01395899402388,44.6797199362496,4.24760000000242 -1.01379906785219,44.6794599297805,4.14299999999639 -1.01369898744469,44.6793100613011,4.12360000000626 -1.01360896637176,44.6791999227834,4.05920000000333 -1.01341903197799,44.6792299300378,4.30389999999898 -1.01310001686439,44.6792699956833,4.64089999999851 -1.01276004675017,44.6793100613011,4.89579999999842 -1.01213006273298,44.679330010104,4.773199999996 -1.01185999771755,44.6793400684985,4.40979999999399 -1.0118299912921,44.6793400684985,4.35199999999895 -1.01170007154582,44.6788800697035,4.53699999999662 -1.01162899324728,44.6786700186054,5.24529999999504 -1.01150007961412,44.6783300486598,6.02120000000286 -1.01143905885351,44.6781500059365,6.14070000000356 -1.01138005031911,44.678010027893,6.44789999999921 -1.01132003567162,44.6778700501502,6.85309999999299 -1.0112499634862,44.677760079446,7.21859999999288 -1.01117905227429,44.6776700579076,7.24349999999686 -1.01110998530368,44.677599984989,7.21769999999378 -1.01098895079386,44.6774700656135,7.61669999999867 -1.01084997872449,44.6773500366895,8.10550000000512 -1.01076900997464,44.6772700732679,8.40600000000268 -1.01064898067967,44.6771500445685,8.78630000000703 -1.01037908364917,44.6768900380652,9.21289999999863 -1.01025000203104,44.6767599510155,9.30920000000333 -1.01006006853557,44.6765700170107,9.42939999999362 -1.00990902670203,44.6764199807222,9.33839999999327 -1.00979000352014,44.6762900612561,9.19040000000678 -1.00971993043639,44.676200039989,9.14320000000589 -1.00963896168658,44.6760800109894,8.94389999999839 -1.00954005537718,44.6759199163622,8.50669999999809 -1.00940007719467,44.6756899172597,8.09900000000198 -1.00931005522341,44.6755100413621,8.22669999999925 -1.00922003415047,44.6753299981809,8.25819999999658 -1.00917996839046,44.6752299182325,8.34470000000147 -1.00913001217921,44.6751100571434,8.32829999999376 -1.00908005596796,44.6749100649569,8.30210000000079 -1.00905004864421,44.6748200434624,8.21670000000449 -1.0089999253463,44.6747000141596,7.99340000000666 -1.00899003489502,44.6746899562373,7.95759999999427 -1.00893907257062,44.6746200509139,7.70870000000286 -1.00888995448753,44.6745799852471,7.56969999999274 -1.00882893462522,44.6745399201914,7.47900000000664 -1.0087300274175,44.6744899638786,7.35950000000594 -1.00860899290767,44.6744400075228,7.18520000000717 -1.00851897183474,44.6743999423703,7.12390000000596 -1.00845996330037,44.6743699351698,7.12119999999413 -1.00842894986351,44.6743399279538,7.09290000000328 -1.00836005087783,44.6743000300991,7.0795999999973 -1.00827991935784,44.6742200663014,7.07110000000102 -1.00820900904426,44.6741399356647,6.90189999999711 -1.00815000050989,44.6740299649084,6.71820000000298 -1.0081089286368,44.6739399433243,6.61590000000433 -1.00807992742617,44.6738299728272,6.49430000000575 -1.00806903086175,44.673709944029,6.33520000000135 -1.00805997853863,44.6735999730955,6.16670000000158 -1.008039023538,44.6734799444598,6.01290000000154 -1.008039023538,44.6734299885109,5.95050000000629 -1.008039023538,44.6733800318801,5.89720000000671 -1.00802896510177,44.6731899309255,5.78100000000268 -1.00802896510177,44.6730400621996,5.71859999999288 -1.00802896510177,44.672920033043,5.61179999999877 -1.00799996389114,44.6726900341717,5.42299999999523 -1.0079699565674,44.6724999322315,5.38670000000275 -1.00792000035611,44.6722600419994,5.54039999999804 -1.00787004414486,44.6720699405651,5.83950000000186 -1.00781992084695,44.6719500793284,5.92380000000412 -1.00773006686067,44.671779927002,6.02069999999367 -1.00764004488941,44.6716300584628,6.08599999999569 -1.00753996538024,44.6714399568786,6.43309999999474 -1.00731901844791,44.6710399726766,7.40029999999388 -1.00721893804042,44.6708399804988,8.02659999999742 -1.00718993682979,44.6708000821511,8.03599999999278 -1.00716898182913,44.6707400678397,8.07540000000154 -1.00716898182913,44.6707100606607,8.11019999999553 -1.00716898182913,44.6706599368631,8.23619999999937 -1.00716898182913,44.6705900317892,8.41190000000643 -1.00718993682979,44.6702700110799,8.71120000000519 -1.00721893804042,44.6700299531824,8.59799999999814 -1.00725900380039,44.6697099319361,8.35279999999329 -1.00730896001165,44.6693699618087,7.96929999999702 -1.00733896733542,44.6689800356524,7.58060000000114 -1.00738892354668,44.6686900219603,7.20699999999488 -1.00740903952085,44.668539985714,6.63330000000133 -1.00742898840836,44.6683800593625,6.34329999999318 -1.00743904684459,44.6682300229527,6.47990000000573 -1.00746000184521,44.6681200524817,6.51249999999709 -1.00747006028145,44.6680499801538,6.45070000000123 -1.00747006028145,44.6680199728598,6.43349999999919 -1.00746000184521,44.6679299508846,6.73080000000482 -1.00744994340898,44.6678699367957,6.99839999999676 -1.00741993608524,44.6678199804832,7.29309999999532 -1.00736997987395,44.6677800826121,7.62209999999322 -1.00720904758914,44.6676999513766,8.55909999999858 -1.00704895343245,44.6676099301821,9.11320000000705 -1.00668903443072,44.6674099376686,10.6444000000047 -1.00630899855652,44.6671400403411,11.9324999999953 -1.0060999543017,44.666959997351,12.926999999996 -1.0059690293406,44.6668200197498,13.5384999999951 -1.00571908029931,44.6664500424541,13.601999999999 -1.00562000690326,44.6663499625044,13.9284999999945 -1.00543996296076,44.6661900358605,13.6570999999967 -1.00457997968812,44.6654500810884,9.86749999999302 -1.00445894517833,44.6653300521856,9.38589999999385 -1.00441904740331,44.6653099356425,9.23919999999634 -1.00513000017028,44.664990082564,11.5507000000071 -1.00526897223968,44.6649000609945,11.5004999999946 -1.00531004411281,44.6648599949973,11.4904999999999 -1.00533904532344,44.6647899225618,11.4375 -1.00536905264718,44.6645699811364,10.9701000000059 -1.00539000674951,44.6644900179699,10.8132000000041 -1.00548002872074,44.6644100546932,10.6587 -1.00550902993137,44.6643999962628,10.6113000000041 -1.005570050692,44.6643899378308,10.5736000000034 -1.00566007176494,44.6643899378308,10.5890999999974 -1.00574003529997,44.6643899378308,10.602899999998 -1.00659901245946,44.6643999962628,10.4306999999972 -1.00695893146119,44.6643999962628,10.5782999999938 -1.00696999601057,44.6643899378308,10.5516000000061 -1.00701006087222,44.6643899378308,10.5516000000061 -1.00706907030492,44.6643399817138,10.4189000000042 -1.00713897540372,44.6642199530682,10.5283000000054 -1.00733896733542,44.6631299704453,8.91610000000219 -1.00734902577166,44.662970043863,8.99400000000605 -1.00738003831022,44.6624099651038,9.92560000000231 -1.00740903952085,44.6622699873774,10.0558000000019 -1.00744994340898,44.6621000021491,10.0607000000018 -1.00750995805647,44.6619199588398,10.6670000000013 -1.00759998002773,44.6617600321144,11.0252999999939 -1.00766904610004,44.6616299449667,11.2157000000007 -1.00770894477339,44.6615600398644,11.3703999999998 -1.00781992084695,44.6614100036927,11.6224999999977 -1.00820900904426,44.6611600558507,11.8225999999995 -1.00845007195076,44.6610400270108,11.4305000000022 -1.00869901487894,44.6609500050581,11.1227999999974 -1.00891895569815,44.6609199979224,11.534799999994 -1.00922003415047,44.6609099395255,10.718200000003 -1.00986007570557,44.6609000491716,9.24940000000061 -1.01009896019751,44.6609099395255,8.54050000000279 -1.01018898216874,44.6609099395255,8.36830000000191 -1.01022904703042,44.6609000491716,8.2045000000071 -1.01032996556607,44.6608499251972,7.62549999999464 -1.0103589667767,44.6608299764223,7.50759999999718 -1.01036902521293,44.6608100270015,7.43529999999737 -1.01038998021356,44.6607800197934,7.43120000000636 -1.01040892298795,44.6607500125698,7.42130000000179 -1.0104199875373,44.6607300637605,7.41180000000168 -1.01043004507524,44.660700056511,7.39299999999639 -1.01043004507524,44.660670049246,7.37119999999413 -1.01043004507524,44.6606400419654,7.34410000000207 -1.01040003864979,44.6605399622085,7.2326999999932 -1.01026006046728,44.660070072565,6.82940000000235 -1.01019904060497,44.6598199566494,6.8862999999983 -1.01003006121183,44.6592300388073,6.24730000000272 -1.00972898275951,44.6581600047215,6.25019999999495 -1.00955899815158,44.6575999261415,7.21970000000147 -1.00949998961717,44.6574299412789,7.1417999999976 -1.00946897618032,44.6573499778491,6.80389999999898 -1.00922003415047,44.657330028509,8.06609999999637 -1.00893907257062,44.657259955918,9.77509999999893 -1.00676899796575,44.6567399428371,10.6609999999928 -1.0063490643165,44.6566299722948,10.036500000002 -1.00622903591982,44.6565999648404,9.84130000000005 -1.00590901469311,44.6565099430228,9.351800000004 -1.00548991917202,44.6564499286132,8.35499999999593 -1.00543996296076,44.6564400381374,8.29140000000189 -1.00511005128277,44.6564100312237,8.02109999999811 -1.00479908327751,44.6563900821992,7.76009999999951 -1.00450001615313,44.6563800236555,7.68399999999383 -1.00399995188222,44.6563900821992,8.2152999999962 -1.00338907952271,44.6564400381374,10.7406000000046 -1.00253898670138,44.6565500090399,12.9241000000038 -1.00148906903493,44.6566799280264,12.7351999999955 -1.00134992987891,44.6566599790947,12.6101999999955 -1.00126896023076,44.6566400301562,12.4878999999928 -1.00111993062346,44.6565999648404,12.3916999999929 -1.00060997500297,44.6562900021355,12.0356999999931 -1.00049899892938,44.6562199295657,11.2489999999962 -1.00016003492828,44.6559899302449,8.88610000000335 -1.00001905153097,44.6558900175498,7.29260000000068 -0.999760050166567,44.6557099747658,8.65489999999409 -0.999629963333657,44.6555500475253,10.0065999999933 -0.999500043587374,44.6553899537002,9.76780000000144 -0.999410021616111,44.6552100780637,9.67930000000342 -0.999219920135681,44.6548999475356,7.73450000000594 -0.999079942851495,44.6546999552668,7.96739999999409 -0.999018922090859,44.6546399409009,7.83990000000631 -0.99891901056665,44.6545499192357,7.45919999999751 -0.998798981271644,44.6544699556686,7.0966999999946 -0.998699068849104,44.6544199993111,6.97819999999774 -0.998618938227448,44.6544099410647,7.07779999999912 -0.998622961781614,44.6543519386893,6.94169999999576 -0.998590942231639,44.6542069315383,6.82540000000154 -0.998537968579335,44.6540659479868,6.93610000000626 -0.998483989712213,44.6539100446583,7.05220000000554 -0.998469069593655,44.653850030114,7.14609999999811 -0.998419951510561,44.6537199431121,7.24830000000657 -0.998329930437628,44.6535900232451,7.12639999999374 -0.998230018015088,44.6534500459523,7.66060000000289 -0.998108982606965,44.6533000098827,8.24020000000019 -0.998060032508828,44.6532200465091,8.44439999999304 -0.998010076297542,44.6531300245569,8.61800000000221 -0.998000017861308,44.6531300245569,8.63920000000508 -0.997839923704655,44.653054922762,8.69100000000617 -0.99777605348796,44.6528990192717,8.67770000000019 -0.997753925287558,44.652718976148,8.70200000000477 -0.99773297118523,44.6526009588006,8.73930000000109 -0.997685026301878,44.6524829418521,8.88360000000102 -0.99757706766937,44.6523719650453,8.98600000000442 -0.997501965816665,44.6522650121131,8.95320000000356 -0.997474975933938,44.6521429716639,8.95829999999842 -0.997454020933313,44.6520479212678,8.96940000000177 -0.99742703105062,44.6518950352317,9.03299999999581 -0.997341032633523,44.6517689711611,9.32129999999597 -0.997265930780818,44.651632010926,9.57339999999385 -0.99715394859411,44.6514640375754,9.71349999999802 -0.997045989961602,44.6513450143526,9.64949999999953 -0.996944066211128,44.6511849204219,9.74319999999716 -0.996874999240523,44.6510209699496,9.88490000000456 -0.996848009357797,44.6509099935406,9.95829999999842 -0.996740050725289,44.6507730331942,10.0881999999983 -0.996617003989232,44.6506509928008,9.80070000000705 -0.99655296668591,44.6505740472831,9.70600000000559 -0.996431932176084,44.6504290402719,9.42389999999432 -0.996301006316686,44.6502920800679,9.55869999999413 -0.996206961689587,44.6501779184115,9.1646999999939 -0.996090955948746,44.6500479989176,8.90840000000026 -0.996016022080998,44.6499599889581,8.90720000000147 -0.995940920228327,44.6498490124362,8.97580000000016 -0.995828938041619,44.6497269720158,9.14870000000519 -0.995737071829081,44.6495970527899,8.98179999999411 -0.995602961442006,44.6494409815126,8.99490000000515 -0.995469019039887,44.6493070386324,9.11359999999695 -0.995335075739438,44.649177957581,9.14969999999448 -0.995212029901711,44.6490780452921,9.02680000000692 -0.995072051719195,44.6489680742801,8.75830000000133 -0.994905922680441,44.6488609540211,8.70100000000093 -0.994888991233982,44.6488599481002,8.68309999999474 -0.994708948189786,44.6487100797394,7.84299999999348 -0.99446905758473,44.6484899705872,6.48179999999411 -0.99425900721679,44.6483499931277,5.45620000000054 -0.994040071612393,44.6482400226525,5.24400000000605 -0.993759949059031,44.6481600586933,4.93080000000191 -0.993419978944808,44.6481099352097,4.97569999999541 -0.992929973110133,44.6480599791257,5.52360000000044 -0.992629062642805,44.6480100229986,6.25380000000587 -0.992309041416093,44.6478899937798,7.4149000000034 -0.992149952474225,44.6477600742739,7.97149999999965 -0.991979967866263,44.6476400458161,8.00620000000345 -0.991889945894999,44.6474900094154,7.91030000000319 -0.991749968610813,44.6473000759996,8.03530000000319 -0.991718955173921,44.6472700688303,8.06680000000051 -0.991749968610813,44.6473000759996,8.03530000000319 -0.992059931401293,44.6471999955872,7.36130000000412 -0.99236905606358,44.6471299228987,7.2213999999949 -0.992680024068844,44.6470499599656,7.46859999999288 -0.99292008176056,44.6469599380228,8.06130000000121 -0.993158966252467,44.6468000115776,8.53710000000137 -0.993189979689359,44.6467500550045,8.58419999999751 -0.993280000762292,44.6464699322111,9.66830000000482 -0.993306990644985,44.64643405756,9.70879999999306 -0.993350073846012,44.646292068321,9.71570000000065 -0.993387960293131,44.6461319738643,9.03429999999935 -0.993409082380417,44.6460479869549,8.56810000000405 -0.993440933945434,44.6459259468454,8.04820000000473 -0.99346792292983,44.6458040739284,8.04390000000421 -0.993490051130232,44.6456739867747,7.69640000000072 -0.993537996013584,44.6455559691525,7.45590000000084 -0.993564985896277,44.6454639361271,7.32279999999446 -0.993597004547954,44.6453610065263,7.33359999999811 -0.993629023199632,44.6452699785357,7.36040000000503 -0.993770006596934,44.6453199351053,7.55430000000342 -0.993928927553844,44.6453100440096,7.64410000000498 -0.994108971496371,44.6452599206197,7.70230000000447 -0.99418004979491,44.6452399715944,7.72609999999986 -0.994239058329281,44.6452000735232,7.81669999999576 -0.994369983290382,44.6450999939615,7.98050000000512 -0.994519013796016,44.6449700745979,7.93080000000191 -0.994699056840179,44.6447799725092,8.16749999999593 -0.994918998557725,44.6445400826088,7.93739999999525 -0.995089989278804,44.6443600391022,7.8463999999949 -0.995450075367163,44.643949996541,7.34290000000328 -0.9957890402666,44.6435500124915,7.65480000000389 -0.996110066708097,44.6432199331671,7.80109999999695 -0.996318943876294,44.6429999917313,7.97460000000137 -0.996390022174833,44.6429000796667,8.11389999999665 -0.996469985709829,44.6428700721387,8.01489999999467 -0.996390022174833,44.6429000796667,8.11389999999665 -0.996399074497951,44.6428050288239,8.1027000000031 -0.996365044518339,44.6426950580628,8.2899999999936 -0.996190030243127,44.6425899491444,8.92130000000179 -0.996023062177884,44.6425420048417,9.21349999999802 -0.995727013392848,44.6425140091906,9.61280000000261 -0.995040033067551,44.6424070559767,10.5495999999985 -0.994182061122811,44.6422509851673,10.5424999999959 -0.993639919764024,44.642151072452,10.4753000000055 -0.993141028692892,44.6420709415872,10.3791000000056 -0.992851014789922,44.6420139444163,10.2884999999951 -0.992748923952822,44.6419720352413,10.2391000000061 -0.992604922216172,44.6419110150858,10.0954000000056 -0.99243795504926,44.6417700310464,10.2109000000055 -0.992229077881063,44.6416280418963,10.0071999999927 -0.991922970659793,44.6414639244329,9.98829999999725 -0.991606972987247,44.6413150615511,9.91190000000643 -0.991236995549281,44.6411509438415,9.79730000000563 -0.990845057895871,44.6409990639022,9.39840000000549 -0.990544985556668,44.6408800409369,9.55460000000312 -0.990275926654358,44.6407930365505,9.45970000000671 -0.989996977300738,44.6406820603871,9.69190000000526 -0.989900920447408,44.6406510469269,9.7106000000058 -0.989557932892168,44.6404869292565,9.43429999999353 -0.989186950239384,44.6403380670638,9.5335999999952 -0.988811944032467,44.6402009392173,9.93619999999646 -0.988452025030735,44.6400669960937,10.4388000000035 -0.988115072357529,44.6399600428431,10.3353999999963 -0.987722966719162,44.6398380027099,10.1131000000023 -0.987444017365576,44.6397729591917,10.0409999999974 -0.987234972212422,44.6397469750017,9.8469999999943 -0.987052079712166,44.6397580393131,9.51029999999446 -0.987015031393206,44.6397350727149,9.39969999999448 -0.987015031393206,44.6396859550627,9.37330000000657 -0.986934061745094,44.6396130321085,9.16999999999825 -0.986822079558386,44.6394869688291,9.10169999999925 -0.986692998838592,44.6393759920851,9.08969999999681 -0.986595935872146,44.639288988,9.08550000000105 -0.986563917220468,44.6392080190366,9.08740000000398 -0.986521002004398,44.6390599941023,9.05650000000605 -0.98648898335272,44.6389220284461,8.99659999999858 -0.986441038469401,44.6387699803161,8.84870000000228 -0.986429974818349,44.6386320146095,8.84390000000712 -0.986451935033794,44.6385019273531,8.10379999999714 -0.986456963802745,44.6383379774665,7.76469999999972 -0.986473057121046,44.6381740271167,7.78690000000643 -0.986451935033794,44.6380290204279,8.17729999999574 -0.986429974818349,44.6378759670423,8.99300000000221 -0.986414048586675,44.6377390066023,9.76119999999355 -0.986370966283978,44.6375899762784,10.3803999999946 -0.986323021400626,44.6374300495704,10.5883999999933 -0.986311956851277,44.6372459831599,10.5155999999988 -0.986284967866881,44.6370790151842,10.4526999999944 -0.986275076517275,44.6369529515129,10.2161999999953 -0.986231994214578,44.63681096208,9.77499999999418 -0.98618304321811,44.6367040092196,9.61789999999746 -0.986205004331852,44.6366470118901,9.3298000000068 -0.986284967866881,44.6365440826266,8.85529999999562 -0.986316986518526,44.6364299207604,8.63150000000314 -0.986323021400626,44.6362919546035,8.32039999999688 -0.986323021400626,44.6361590175466,7.94659999999567 -0.9862960315179,44.636014010936,7.73159999999916 -0.986269041635207,44.6358800677355,7.81080000000657 -0.986237022983529,44.6356929837136,7.06149999999616 -0.986198969449784,44.6355709435546,7.55959999999322 -0.986189078100177,44.6354329772732,8.37140000000363 -0.98613996091538,44.6352879701268,8.58229999999458 -0.986080952381009,44.6351469866141,9.25010000000475 -0.986054967713102,44.6350779195899,9.66650000000664 -0.986019931620373,44.635070040986,9.74069999999483 -0.985878948223072,44.634789917408,11.054999999993 -0.985679961506151,44.6343599260373,12.8791000000056 -0.985619947756995,44.6342400648244,13.1399999999994 -0.985210072543976,44.6333700229173,13.4318000000058 -0.984669942513091,44.6322699819806,10.7676999999967 -0.984608921752488,44.6321400626533,10.5190000000002 -0.984550081203041,44.6320200338413,10.2145000000019 -0.984429046693249,44.6318699979566,10.0500000000029 -0.984339024721986,44.631809983622,10.0319000000018 -0.98423894521282,44.6317300200295,10.0102999999945 -0.984050016932166,44.6316399986068,9.71360000000277 -0.98391003874965,44.6315900424041,9.2667999999976 -0.983799062676058,44.6315499770445,8.75849999999627 -0.983499996450004,44.631450064441,8.42369999999937 -0.983488931900655,44.631489962379,8.37910000000556 -0.983488931900655,44.6315000207643,8.37910000000556 -0.983488931900655,44.631489962379,8.37910000000556 -0.983499996450004,44.631450064441,8.42369999999937 -0.983499996450004,44.6314299476513,8.42369999999937 -0.983469989126261,44.631369933501,8.37110000000393 -0.983389020376413,44.6312899699414,8.21719999999914 -0.983208976433919,44.6311300431312,8.41330000000016 -0.983258932645172,44.6311099268699,8.51589999999851 -0.983319953405808,44.631079919637,8.69550000000163 -0.983379967154998,44.6310299635914,8.9664000000048 -0.983449034125602,44.6309900653373,9.12410000000091 -0.983539056096865,44.6309500002028,9.21349999999802 -0.983650032170424,44.6309000440454,9.40899999999965 -0.983758996916081,44.6308499203526,9.47890000000189 -0.98386997388797,44.630799964109,9.33299999999872 -0.98398899617153,44.6307500078225,9.07210000000487 -0.98423894521282,44.6306400372271,8.64280000000144 -0.984499957006831,44.6305200085093,8.41049999999814 -0.984759964484354,44.6303999795432,7.79730000000563 -0.985039919951056,44.6302799509682,7.38959999999497 -0.985239073754604,44.6301899292142,7.38779999999679 -0.985379051038823,44.6301300825547,7.23390000000654 -0.985648948967622,44.6299999954173,7.06040000000212 -0.985849947012444,44.6299200318882,7.31110000000626 -0.986088998591011,44.6298100609988,7.87729999999283 -0.986300055072066,44.6297099811008,7.76609999999346 -0.986448917592743,44.6296400765191,7.94160000000556 -0.986538939564006,44.6296000110921,8.10080000000016 -0.986709930285051,44.6295299382423,8.37540000000445 -0.986880082877971,44.6294600328045,8.56939999999304 -0.987168922682868,44.629320055458,8.41000000000349 -0.987509060782047,44.6291700189865,8.70440000000235 -0.987849030896269,44.6290199834059,9.17669999999634 -0.988110042690281,44.6288999545342,9.4487999999983 -0.988438949153451,44.6287499182554,9.53909999999451 -0.988698955732643,44.6286300569635,9.25680000000284 -0.989038925846866,44.6284800206263,8.92680000000109 -0.98937001072463,44.6283299845407,8.04480000000331 -0.98969891628947,44.6281799487065,7.38499999999476 -0.990040060501765,44.6280300806245,7.07080000000133 -0.990368966066638,44.6278800440151,7.74679999999353 -0.990709941395679,44.6277199498972,8.65150000000722 -0.991049073381743,44.6275700812668,9.58900000000722 -0.991378985059732,44.6274200453863,10.6882999999943 -0.991718955173921,44.6272700091181,11.2652999999991 -0.992038976400633,44.6271199731014,11.1918000000005 -0.992299989092975,44.6270100026607,10.6013999999996 -0.992510039460915,44.6269300394877,9.83640000000014 -0.992728975065312,44.6268700251596,9.46980000000622 -0.99295997953558,44.6268100107695,8.92230000000563 -0.993189979689359,44.6267800032316,7.96199999999953 -0.993419978944808,44.6267499963174,7.43499999999767 -0.994010065186947,44.6266899818032,7.00810000000638 -0.994569976120385,44.6266299672269,6.99539999999979 -0.995119996602547,44.6265800111872,6.77039999999397 -0.995579995113445,44.6265399455659,6.91529999999329 -0.995729025619079,44.6265199964973,7.15320000000065 -0.996100008271864,44.6264899894488,7.41590000000724 -0.996370073287323,44.6264599823847,7.97860000000219 -0.996480044146063,44.6264499237653,8.19259999999485 -0.996699984965279,44.6264299753051,8.36699999999837 -0.996948927893452,44.6263999675706,8.86460000000079 -0.997208934472678,44.6263800190933,9.51979999999458 -0.997469947164987,44.6263600699697,9.42260000000533 -0.997708998743554,44.6263500119723,9.37110000000393 -0.997959952999662,44.6263300628385,8.93289999999979 -0.998209063014462,44.6263099461922,8.57240000000456 -0.998320039088021,44.6263000556917,8.5347000000038 -0.998429003833678,44.6263000556917,8.41730000000098 -0.998539980805567,44.6263000556917,8.26559999999881 -0.998640060314733,44.6263099461922,8.13069999999425 -0.998738966624157,44.6263300628385,8.03130000000237 -0.998819936272269,44.62636996046,8.05869999999413 -0.998676940648736,44.6264430509391,8.56309999999939 -0.998489018481165,44.6264849604615,8.94220000000496 -0.99822096569197,44.6265040707385,9.14100000000326 -0.997888035674634,44.6265419575426,9.57069999999658 -0.99757706766937,44.6265649236083,9.81399999999849 -0.997406076948291,44.6265959369252,9.94349999999395 -0.99719099691307,44.626589063477,9.86440000000584 -0.996922944123875,44.6265810168552,9.07640000000538 -0.996815990706153,44.6264819428132,8.53650000000198 -0.996708032073611,44.6262299826941,8.49249999999302 -0.996676012523636,44.6260390430484,8.13950000000477 -0.996515080238791,44.6258249695575,7.63980000000447 -0.996397063170016,44.6255430022454,7.6140000000014 -0.996225066335822,44.6253669820046,7.65399999999499 -0.996096990830813,44.6251990086837,7.86220000000321 -0.995946955110394,44.6250540015404,8.10899999999674 -0.995752998060755,44.6247559412105,8.50530000000435 -0.995442029157194,44.6244739738206,9.0054999999993 -0.995303057087794,44.6242830341531,8.98399999999674 -0.995131060253599,44.6240770069107,8.82630000000063 -0.995045061836502,44.6239160743321,8.57630000000063 -0.994874071115424,44.6237859873339,8.24020000000019 -0.99484104635063,44.6235590057181,8.41770000000542 -0.995099041601921,44.6233149246216,8.46940000000177 -0.995377990955508,44.6230549177118,8.8640000000014 -0.995634980093683,44.6228869447341,9.27390000000014 -0.995936058546002,44.6225969306828,9.38929999999527 -0.996365044518339,44.6223369243937,9.63689999999769 -0.996773075490083,44.6220769175795,9.94419999999809 -0.997030064628225,44.6219250375885,10.7219000000041 -0.996880028009475,44.6216799502632,9.91959999999381 -0.996858067794064,44.6213599294335,10.4134999999951 -0.996858067794064,44.6211609430203,10.8956999999937 -0.996900983010101,44.6208100768538,11.9192999999941 -0.997373052183498,44.6205649899369,13.4394999999931 -0.998060032508828,44.6203210765635,13.2345999999961 -0.998382065063442,44.6201380153782,12.9477000000043 -0.998725052618715,44.619939029253,11.7896999999939 -0.999025963086076,44.6197410488717,11.0445999999938 -0.999368950641315,44.6194049342718,11.9698000000062 -0.999648067979892,44.618992041967,11.2655999999988 -0.999861973917007,44.6187169478188,10.4131999999954 -1.00018400736995,44.6183810012131,9.46330000000307 -1.00044200172295,44.6179540272188,9.48420000000624 -1.00089194269591,44.6175570598479,9.12699999999313 -1.00123593546597,44.6171589195972,8.93379999999888 -1.00175091985543,44.6166709250891,9.32000000000698 -1.00190095647418,44.616487026236,8.89650000000256 -1.00207295241005,44.6163810788544,8.5347000000038 -1.00232994154822,44.6162739585379,8.29180000000633 -1.00224394313112,44.6160439587768,8.66180000000168 -1.0022229890288,44.6158459785427,9.12679999999818 -1.0024370629509,44.6157539450739,8.94409999999334 -1.00282397093703,44.6155859714356,9.28849999999511 -1.00321004169333,44.6152649450442,9.71820000000298 -1.00357498946401,44.6149600107886,10.2094999999972 -1.00402493043701,44.6148069573142,10.0938000000024 -1.00445408349601,44.6145779640131,11.1970000000001 -1.0046899505469,44.6141959166425,10.3794999999955 -1.00492598468445,44.6139370838887,10.6374999999971 -1.00490502968379,44.613524023529,10.8444000000018 -1.00477594896399,44.6131270565682,11.2232999999978 -1.0046899505469,44.6127909420515,12.0124000000069 -1.00449699871208,44.612088035933,11.2798999999941 -1.00456204302684,44.6118290351901,10.7332000000024 -1.00434696299162,44.6116759811378,10.1493000000046 -1.00372502608276,44.61173700175,10.6199999999953 -1.00297400755578,44.6119200625624,11.0985999999975 -1.00336007741378,44.6120580284594,11.3934000000008 -1.00381102449986,44.6121190486702,11.7551999999996 -1.0042400095739,44.6121490561123,11.7480999999971 -1.00490502968379,44.6121190486702,11.7871000000014 -1.00522706313673,44.6120729484248,11.9214999999967 -1.00580591684456,44.6119810829181,12.1729999999952 -1.00634302943443,44.6119510753892,11.7026000000042 -1.00660001857257,44.6118129416908,11.3460999999952 -1.00700804954432,44.6116610617099,11.0871999999945 -1.00715791817811,44.6112939345005,11.0869999999995 -1.00722195548143,44.6109120548185,11.1248999999953 -1.00778002307193,44.6109120548185,10.9554999999964 -1.0081089286368,44.6109499409262,10.8411999999953 -1.0102199947073,44.6111299844942,10.1713000000018 -1.01152908082474,44.6112399549591,11.3040000000037 -1.01244907784657,44.6112999694573,11.3283999999985 -1.01441899343311,44.6114399467693,11.936400000006 -1.01517906428321,44.6114900705953,11.9995999999956 -1.01544896131371,44.6114800125797,12.0264000000025 -1.01639896655759,44.6114500054314,11.375 -1.01797895492032,44.6114500054314,11.9361000000063 -1.01912995820904,44.6114399467693,10.9051999999938 -1.02039897856651,44.6114500054314,10.9481999999989 -1.02142006121062,44.6114399467693,11.3426000000036 -1.02235900280348,44.6114300562935,10.7688999999955 -1.02259000727371,44.6114099396003,10.3683000000019 -1.02280894287814,44.6113899910882,10.0875999999989 -1.02328905826151,44.6113100275041,10.0847999999969 -1.02389993151935,44.6112099476868,10.8551000000007 -1.02463904736879,44.611080027907,11.7263999999996 -1.02481003808987,44.6110399624603,11.8576999999932 -1.02493006738487,44.6110000645355,11.9348999999929 -1.02503903213053,44.6109299922561,11.9714999999997 -1.02510005199284,44.6108800361365,11.9946000000054 -1.02516006664032,44.6107799562177,11.9758000000002 -1.02521907517473,44.6104399859477,12.030700000003 -1.02528998638661,44.6099499799817,12.2437000000064 -1.02535000103413,44.6095399372921,12.7992999999988 -1.02538000835787,44.6093199961115,12.7590000000055 -1.02542996367082,44.6091900765807,12.732799999998 -1.02549903064143,44.6091200040361,12.9340999999986 -1.02559894306397,44.609059989204,13.1349000000046 -1.02570002868625,44.6090400405243,13.1679000000004 -1.02585894964316,44.6090400405243,13.165599999993 -1.02595903005066,44.6090400405243,13.1609999999928 -1.02603899358569,44.6090400405243,13.0627999999997 -1.02614996965925,44.609059989204,12.9438999999984 -1.02628994694343,44.6090799385163,12.9238000000041 -1.02639907967405,44.6091300624605,13.0059999999939 -1.02648893366035,44.6091699597512,13.0544999999984 -1.02656001195889,44.609270039886,13.2856999999931 -1.02658901406785,44.6093600614657,13.5157999999938 -1.02656906428201,44.609509929781,13.5138000000006 -1.02643897744907,44.6100599507624,14.1039000000019 -1.02636002002719,44.6103499641232,13.688599999994 -1.02628994694343,44.6106099710117,13.335699999996 -1.0262589344049,44.6107700656295,13.0877999999939 -1.0262589344049,44.6108699773757,12.9116999999969 -1.0262589344049,44.6108999848237,12.8580999999976 -1.02628994694343,44.6109499409262,12.7603999999992 -1.02631894905239,44.6110099557241,12.7458000000042 -1.02638902123781,44.6110699698204,12.7263999999996 -1.02657895563158,44.6111499330956,12.6291999999958 -1.02718999597605,44.6113199180003,12.2161000000051 -1.02789994352827,44.6115100197125,12.2393000000011 -1.02847896522106,44.6116499977973,12.0828000000038 -1.02853998508337,44.6116600557834,11.9309000000067 -1.0292690433949,44.6117400188857,11.2252000000008 -1.03153903042231,44.6119599604946,11.1193999999959 -1.03379996512664,44.6121899598044,11.1095000000059 -1.03574004047606,44.6124000100382,13.3929000000062 -1.03727996307882,44.6125899438673,12.4679999999935 -1.0380289702779,44.6126799660567,12.4104999999981 -1.03960996475375,44.6128199438796,11.5500000000029 -1.04109993204355,44.6129599213652,13.9802000000054 -1.04116899901418,44.612969979764,14.0302999999985 -1.04124007731272,44.612980038161,14.0626000000047 -1.04327905897157,44.6131600811909,13.8393999999971 -1.04486893868391,44.613290000794,12.9122999999963 -1.04632001341347,44.6134499275159,12.6006999999954 -1.04782003913954,44.6135800146522,12.376099999994 -1.04978006337647,44.6137499994786,10.6082000000024 -1.05117900258192,44.6138700283411,11.0479999999952 -1.05192901589408,44.613949991598,12.1695000000036 -1.05197897210537,44.613949991598,12.3454999999958 -1.05219706868331,44.6125409938076,12.2415000000037 -1.05279805148984,44.6105249785418,15.9465999999957 -1.05322703746221,44.6086910177813,17.5734999999986 -1.05505093908584,44.6017690748629,14.6024999999936 -1.05841996186278,44.589070994493,16.8660999999993 -1.06048006560892,44.5805289971017,22.2835999999952 -1.06258291748446,44.5724759996612,23.4523999999947 -1.06372000676771,44.5672919602324,28.7375999999931 -1.06410607662568,44.5662899871271,26.2088999999978 -1.06470705943224,44.5654110608066,25.5332000000053 -1.07236694535091,44.5531639268306,28.8763999999937 -1.08032807680853,44.5402350089889,28.6475999999966 -1.08063904571209,44.5399230348488,28.6668999999965 -1.08055908217709,44.5395979843478,28.9253000000026 -1.08067106436377,44.539395980667,29.0286999999953 -1.08047895155543,44.5386600495807,29.9363000000012 -1.08137497703389,44.5354859904486,30.982799999998 -1.08405198891992,44.5320980252828,32.2899999999936 -1.08745303034852,44.5272489262984,30.3086000000039 -1.08949100589425,44.5240520686515,28.3034000000043 -1.09217304744757,44.5205630173508,26.2505999999994 -1.09116503978241,44.5193550177138,28.3319000000047 -1.08764598128504,44.5156750271973,27.9940000000061 -1.08395492685177,44.5116889291384,30.4603000000061 -1.08240997458174,44.5101590643138,33.4377999999997 -1.07828993327781,44.5058279669483,37.3283999999985 -1.07683097942487,44.5042219947488,33.5048999999999 -1.07676995956259,44.5042199830218,33.5035999999964 -1.07544997688072,44.5027999209185,32.3543000000063 -1.07454003739683,44.5018299670611,33.2642000000051 -1.07449896642204,44.5017800107339,33.4812999999995 -1.07448907597076,44.5017500033441,33.6088000000018 -1.07449896642204,44.5017099381528,33.7501000000047 -1.07451992142266,44.5016499239263,33.9239999999991 -1.07452897374578,44.5016199164696,33.9091999999946 -1.07443895177455,44.5015699599623,34.0412999999971 -1.07425907671531,44.5015000549941,34.013300000006 -1.07397995847844,44.5012799466351,35.6901000000071 -1.07377896043361,44.5010600053118,35.7556999999942 -1.07351995996754,44.500789940038,34.3758999999991 -1.07332902035895,44.5005899481655,33.4869000000035 -1.07223903783086,44.4994300602017,31.2698999999993 -1.07224892828214,44.4994300602017,31.2850999999937 -1.07225999193315,44.4994300602017,31.3021000000008 -1.07225999193315,44.4994200020206,31.2739000000001 -1.07227005036942,44.4994200020206,31.2908000000025 -1.07227893560588,44.4994099438378,31.2859000000026 -1.07228999925693,44.4994000528839,31.2964999999967 -1.07228999925693,44.4993899946977,31.2877000000008 -1.07228999925693,44.4993799365097,31.2789000000048 -1.07228999925693,44.4993700461914,31.2703000000038 -1.07228999925693,44.4993599873592,31.2614999999932 -1.07227893560588,44.499349929166,31.2406999999948 -1.07227005036942,44.4993400388427,31.2247000000061 -1.07225999193315,44.4993400388427,31.2149999999965 -1.07225999193315,44.4993299806461,31.2094999999972 -1.07224892828214,44.4993299806461,31.2001000000018 -1.07227005036942,44.4992999732767,31.1984999999986 -1.07239997011567,44.4990899225404,30.8413 -1.0724799336507,44.4988699819258,31.2173000000039 -1.07285896341178,44.497799947783,34.4955999999947 -1.07288997595035,44.4977300427798,34.1432999999961 -1.07296893337226,44.4975600576622,32.9386999999988 -1.07337998268332,44.4968400520282,31.7250000000058 -1.07379002498296,44.4961399954519,30.5549000000028 -1.07398901169985,44.4957500693352,29.9501000000018 -1.07402907656153,44.4956699383683,29.8770999999979 -1.0741390474203,44.4954199902251,29.8482999999978 -1.07419000974467,44.4952300561399,29.982799999998 -1.07423996595596,44.494959991416,29.6579000000056 -1.07431892337784,44.4945300000993,29.2532999999967 -1.07435999435263,44.4944299198227,29.0703999999969 -1.0754290218801,44.4948800278885,28.5911000000051 -1.07558995506324,44.4949400426756,28.6408999999985 -1.07596898482432,44.4950699618322,29.3126000000047 -1.07638003323709,44.4947479290109,28.8273000000045 -1.07653107507065,44.4945489429496,28.1756000000023 -1.07657399028672,44.4942270777005,26.411300000007 -1.07681002442424,44.4941509700715,20.5512000000017 -1.07650894687025,44.4935389232772,21.7692999999999 -1.07622999661834,44.4930789250091,22.7939999999944 -1.07590796406372,44.492650944765,23.7206000000006 -1.07567192992617,44.4922680595943,25.9278999999951 -1.07567192992617,44.4920690727609,25.4187999999995 -1.07573697334264,44.4916870258012,22.2051999999967 -1.0756290147101,44.4912890532581,21.7795999999944 -1.07543606287528,44.4911809264021,23.2483999999968 -1.07511403032067,44.4909519331657,23.9459999999963 -1.07492107938415,44.4905690477348,24.0387999999948 -1.0747710427654,44.4902319273256,23.444399999993 -1.07479300387914,44.489819035173,23.5176000000065 -1.07474992067811,44.489390049239,21.1376000000018 -1.07485704118249,44.4888549482845,19.7627000000066 -1.07470700546204,44.488517996124,22.3724999999977 -1.07440592700976,44.488319009313,23.9159000000072 -1.07404198535215,44.4880130701889,25.0314999999973 -1.07404198535215,44.4875990042949,24.2271999999939 -1.07425605837596,44.4872779773904,23.5470000000059 -1.0745990459312,44.4870940780949,21.2302999999956 -1.07498595481566,44.4869869573132,21.317200000005 -1.075414940788,44.4868489913524,22.4269000000058 -1.07588700906306,44.4866810182519,22.8389000000025 -1.07633795614917,44.4867879710469,21.3650000000052 -1.07704605946009,44.486834071296,23.1245999999956 -1.07762508115288,44.4870179707704,20.3732000000018 -1.07839705378219,44.4871249235884,24.7002000000066 -1.07817895720425,44.4868900626636,30.4174000000057 -1.07731897393161,44.4858299198501,28.7587000000058 -1.07635002591334,44.4846299664296,29.0130000000063 -1.07612991710917,44.4843000544629,27.4529999999941 -1.07609001933415,44.4842599888178,27.1557999999932 -1.0756989198089,44.483819939134,25.4856 -1.07560001349947,44.4836799615788,25.0549000000028 -1.07560001349947,44.4836600121846,25.0194999999949 -1.07550999152821,44.4835399836878,24.756899999993 -1.07530899348339,44.4832699186669,24.553899999999 -1.07526993383653,44.4831800646335,24.4961999999941 -1.07526993383653,44.483139999501,24.4520000000048 -1.07507999944276,44.4830499773491,24.4171999999962 -1.07497908180543,44.4829500651596,24.454899999997 -1.07492895760919,44.4828600433555,24.5236000000004 -1.07467900946623,44.4826300439018,24.6190000000061 -1.0744600738618,44.482370037715,25.4394999999931 -1.07376906998234,44.4815400616079,26.3608999999997 -1.07335902768269,44.4810500557766,25.9680999999982 -1.07325006293703,44.4808899610006,25.7498000000051 -1.0731789846385,44.480769932573,25.7066999999952 -1.07313891887852,44.4806299547501,25.7311999999947</coordinates>
</LineString>
</Placemark>
</Folder>
</Document></kml>
