<?xml version="1.0" encoding="UTF-8"?>

<kml xmlns:xsd="http://www.w3.org/2001/XMLSchema" xmlns:gx="http://www.google.com/kml/ext/2.2" xmlns:atom="http://www.w3.org/2005/Atom" xmlns="http://www.opengis.net/kml/2.2">
<Document>
<name>ES29a_06a_gradefes-mansilla_de_las_mulas</name>
<visibility>1</visibility>
<Schema name="ES29a_06a_gradefes-mansilla_de_las_mulas" id="kml_schema_ft_ES29a_06a_gradefes-mansilla_de_las_mulas">
<SimpleField type="xsd:string" name="id">
<displayName>id</displayName>
</SimpleField>
<SimpleField type="xsd:string" name="nombre">
<displayName>nombre</displayName>
</SimpleField>
<SimpleField type="xsd:double" name="longitud">
<displayName>longitud</displayName>
</SimpleField>
<SimpleField type="xsd:string" name="_formato">
<displayName>_formato</displayName>
</SimpleField>
</Schema>
<Folder id="kml_ft_ES29a_06a_gradefes-mansilla_de_las_mulas">
<name>ES29a_06a_gradefes-mansilla_de_las_mulas</name>
<Placemark id="kml_1">
<name>&lt;img height='20' src='https://nco.ign.es/iconos/icono_todos_caminos_azul.png' /&gt;&lt;img height='20' src='https://nco.ign.es/iconos/Camino Santiago_20.png' /&gt;&lt;img height='20' src='https://nco.ign.es/iconos/icono_todos_caminos_azul.png' /&gt;  Camino de Santiago </name>
<visibility>1</visibility>
<description><![CDATA[<!DOCTYPE html>
<html>
<head>
<style>
#nco {
  border-collapse: collapse;
  overflow:hidden;
}
#nco th, #nco td {
  padding: 4px;
  text-align: left;
}
#nco th {
  color: #364B5F;
  padding-right: 5px;
}
#nco td {
  color: rgb(51, 51, 51);
  font-size: 12px;
  padding-right: 5px;
}
</style>
</head>
<body>
<table id="nco">
<tr>
<td>Caminos del Norte</td>
</tr>
<tr>
<th><b>Camino: </b></th>
<td>ES29a Ruta Vadiniense</td>
</tr>
<tr>
<th><b>Etapa: </b></th>
<td>06a Gradefes-Mansilla de las Mulas</td>
</tr>
<tr>
<th><b>Longitud: </b></th>
<td>24.33 km</td>
</tr>
</table>
</body>
</html>]]></description>
<Style>
<IconStyle>
<scale>0.8</scale>
</IconStyle>
<LabelStyle>
<color>ffffffff</color>
<scale>0.75</scale>
</LabelStyle>
<LineStyle>
<color>ffff0000</color>
<width>3.0</width>
<gx:labelVisibility>1</gx:labelVisibility>
</LineStyle>
<PolyStyle>
<color>66ff0000</color>
</PolyStyle>
</Style>
<ExtendedData>
<SchemaData schemaUrl="#kml_schema_ft_ES29a_06a_gradefes-mansilla_de_las_mulas">
<SimpleData name="id">ES29a_06a</SimpleData>
<SimpleData name="_formato">kml</SimpleData>
</SchemaData>
</ExtendedData>
<LineString>
<extrude>0</extrude>
<tessellate>1</tessellate>
<coordinates>-5.22761698830161,42.6235430312705,852.0 -5.22770298671868,42.6234659172878,852.0 -5.22778697290954,42.6233889717644,852.0 -5.22787196521352,42.6233090080206,852.0 -5.22793499730206,42.623226027367,852.020099999994 -5.22801697216499,42.6231539432132,852.0 -5.2280590492529,42.6230649274009,852.080600000001 -5.22814203022898,42.6229980398675,852.0 -5.22827094386212,42.6229509334605,852.0 -5.22838594348984,42.6229029888646,852.0 -5.2284900474515,42.6228520267455,852.0 -5.22859096508883,42.6227960356566,852.0 -5.22872407026112,42.6227960356566,852.0 -5.22884108121678,42.6227549647403,852.0 -5.22893898231138,42.6226999789547,852.0 -5.22905800459494,42.6226629308621,852.295899999997 -5.22918004521785,42.622645999834,852.091400000005 -5.22927895152728,42.6225910146132,852.346600000004 -5.22937500838061,42.6225269768379,852.0 -5.22947207134705,42.6224699800623,852.0 -5.22957600642543,42.6224190175887,852.0 -5.22967994240213,42.6223690617914,852.0 -5.22979008034753,42.6223269845359,852.0 -5.22989502153902,42.6222790401205,852.0 -5.22999493396156,42.622222043118,852.0 -5.23010507190696,42.6221940472965,852.0 -5.23021202532469,42.6221469409423,852.0 -5.2303260188393,42.6220989963883,852.0 -5.23044202458014,42.6220470288709,852.0 -5.2305340578793,42.621982991197,852.0 -5.23054897799786,42.6219360525808,852.0 -5.23066096018457,42.6218839170295,852.0 -5.23076003447891,42.6218220585566,852.0 -5.2308649756704,42.6217689175042,852.0 -5.23095801508272,42.621707058917,852.0 -5.23105792660693,42.6216319567811,852.0 -5.23115197213232,42.6215550109741,852.0 -5.23124903420047,42.6214859444214,851.340700000001 -5.23135699373131,42.6214349824644,851.258900000001 -5.23147299857385,42.6213840204656,851.004100000006 -5.23158598687364,42.6213379195721,851.0766 -5.23170501005554,42.6212939986926,851.145699999994 -5.23181397480119,42.621250077782,851.228000000003 -5.23192394565993,42.6211959301656,850.653900000005 -5.23203995050247,42.6211429571397,850.974100000007 -5.23215193268915,42.6210899834078,850.888000000006 -5.23225301920976,42.6210339920562,850.646900000007 -5.23235796040125,42.6209739776586,850.886299999998 -5.2324630695777,42.6209199983636,850.659400000004 -5.23256599944129,42.6208640068592,851.0 -5.2326739580738,42.6208110335509,851.0 -5.23277504369612,42.6207530304435,851.0 -5.23288300232862,42.6207049182372,851.0 -5.23299196707428,42.620658986064,851.0 -5.23308903004073,42.6206040004104,851.0 -5.23319397123222,42.6205530383925,851.0 -5.23328399320348,42.620492018105,851.0 -5.23339597539016,42.6204400505685,851.0 -5.23351499767372,42.6203959618147,851.0 -5.23361591620937,42.6203429881082,851.0 -5.23371901405792,42.6202809621852,851.0 -5.2338229491363,42.6202310059944,851.0 -5.23393593743608,42.6201820551949,851.0 -5.23403601694525,42.6201280758743,851.0 -5.23414196424986,42.6200660497372,851.0 -5.23425897610385,42.6200110648821,851.0 -5.23436995217741,42.6199579236062,851.0 -5.23446097936345,42.6199069610595,851.0 -5.23456994410911,42.6198519760638,850.855599999995 -5.23468393852202,42.6198030256273,851.0 -5.23479994426286,42.6197510581767,851.0 -5.23490002377206,42.6196950669432,851.0 -5.23502005306706,42.6196260003104,850.546600000001 -5.23513203525374,42.6195800673413,851.0 -5.235234964219,42.6195220644092,851.0 -5.23534292374984,42.6194570206786,851.0 -5.23545406780835,42.6194000237369,851.0 -5.23555800288673,42.6193500675003,851.0 -5.23567099118655,42.6192959208758,850.497900000002 -5.23578699692739,42.6192439530019,850.035799999998 -5.235900990442,42.6191889674208,850.220700000005 -5.23602101973701,42.619151919222,850.444000000003 -5.23609394227682,42.6190769852147,850.0 -5.23617994069392,42.6189980279937,850.0 -5.23626593911101,42.6189339898281,850.0 -5.23634891918876,42.6188649230122,850.0 -5.23651102557165,42.6188220078245,850.0 -5.23661898420419,42.6187799308161,850.0 -5.23672593762191,42.6187350039995,850.0 -5.23683993113652,42.6186890710342,850.0 -5.23695392554946,42.6186429701285,850.0 -5.23706305738175,42.6185920084887,850.189599999998 -5.23717001079947,42.6185400406884,849.550199999998 -5.23728601654031,42.618484049688,850.020999999993 -5.23739296905973,42.6184359370506,850.0 -5.23751098702681,42.6183900045257,850.0 -5.23762095698725,42.6183400481399,850.080499999996 -5.23773495140019,42.6182729929115,850.0 -5.23784492136063,42.618220019382,849.749500000005 -5.23796696198357,42.61817391879,849.777900000001 -5.23807307727314,42.6181199397117,849.566500000001 -5.23818807690086,42.6180679715175,850.053 -5.23827893700028,42.6180019221235,850.0 -5.23837499295528,42.617936040568,850.0 -5.23847607857756,42.6178810551541,850.291400000002 -5.23859107910362,42.6178359604414,850.310500000007 -5.23868797318678,42.6177719230639,849.959600000002 -5.23877900127116,42.6176949771141,849.3465 -5.23888193113475,42.6176309395916,849.0 -5.23899693076247,42.6175829948654,849.646299999993 -5.23910304515371,42.6175479586419,849.5671 -5.23920698113041,42.6174909619359,849.944900000002 -5.23932298687125,42.6174299412919,849.640100000004 -5.23942407249354,42.6174369822656,849.970100000006 -5.2395020238023,42.6173880319137,850.094400000002 -5.23961098854796,42.6173280173072,849.501499999998 -5.23971592973945,42.6172639794073,849.738899999997 -5.23983193548029,42.6172110063416,849.634900000005 -5.23994592989323,42.6171779815294,849.674499999994 -5.24005204428446,42.6171320487377,850.0 -5.240151956707,42.6170970122606,849.981199999995 -5.24028405576617,42.617026939247,850.0 -5.24042503916348,42.6169709482082,849.962799999994 -5.24052998035497,42.6169189803772,850.0 -5.24065202097791,42.6168760651705,850.0 -5.24074204294914,42.6168140390994,850.0 -5.24086006001791,42.6167739736899,850.0 -5.24098595621003,42.6167399431591,849.967999999993 -5.24109307671441,42.6166799285891,850.0 -5.24119701269109,42.6166110291682,850.0 -5.2412920634313,42.6165479973431,849.997900000002 -5.24139197585384,42.6164950236684,849.920599999998 -5.2415109981374,42.6164579758499,850.0 -5.24160705499073,42.6163969555158,850.0 -5.24169405952094,42.6163240331467,849.735499999995 -5.24180905914867,42.616276926979,850.0 -5.24191500645331,42.6162269708811,850.0 -5.24202397119893,42.6161790263961,850.0 -5.24212706814915,42.6161290702198,849.966899999999 -5.24222999801274,42.6160749227776,849.931500000006 -5.24233493920423,42.6160140699818,850.0 -5.24244407193481,42.6159659580802,849.594599999997 -5.2425550480084,42.6159190195554,849.521299999993 -5.24265999009819,42.6158670515076,850.0 -5.24276895484385,42.6158140779146,849.091100000005 -5.24288093703052,42.615756075441,849.501699999993 -5.24299291921723,42.6156960605839,849.554600000003 -5.24309400483951,42.6156360463299,849.0 -5.24318201458454,42.6155520598603,848.610499999995 -5.24328008276578,42.6154860104422,848.186300000001 -5.24335501753182,42.6154080588038,848.761599999998 -5.2434649874923,42.6153569292455,847.406300000002 -5.24358401067419,42.6153319508325,847.0 -5.24370906873815,42.6152930592175,847.0 -5.2438309413761,42.6152509818077,847.720600000001 -5.24394007410671,42.6151919732978,848.955199999997 -5.24406697641194,42.6151349764185,849.061199999996 -5.2441859986955,42.6150900489555,849.094100000002 -5.24429194600015,42.6150429431765,849.057799999995 -5.24440007261761,42.614994998441,849.644 -5.24451205480432,42.6149490653613,848.947100000005 -5.24457793724725,42.6148659168877,848.869300000006 -5.24458598345725,42.6147960119249,848.454199999993 -5.24460392101682,42.6147019671424,848.392200000002 -5.24464499199162,42.6146079222179,848.244500000001 -5.24467499931536,42.614519074005,848.0 -5.24468706907953,42.6144220115705,848.0 -5.24469997697186,42.6143199200332,847.0 -5.24466192343811,42.6142820339737,847.0196 -5.24470400052602,42.6141829594525,847.0 -5.24472394941353,42.6140860650741,847.0766 -5.24475496285039,42.6139970488587,847.0 -5.24478597538895,42.6139050159182,847.0 -5.24481698882581,42.6138180118343,847.0 -5.24488203224228,42.6137289958969,847.406400000007 -5.24492595357147,42.613641991567,847.0 -5.24497305942833,42.6135449290878,847.0 -5.2450159746444,42.6134490405789,847.0 -5.24504195931231,42.6133600247752,847.0 -5.24508906516917,42.6132700026403,847.0 -5.24513701005252,42.6131600321181,847.0 -5.2451690287042,42.6130690048091,846.747900000002 -5.24522099624339,42.6129850181831,846.271399999998 -5.24526491757258,42.6128939906183,846.155899999998 -5.24533901331213,42.6128120155178,846.0 -5.24544294928884,42.6127429485229,846.0 -5.24556398379863,42.6127179703838,846.204299999998 -5.24568401309364,42.6126859520468,846.0 -5.24580806504448,42.6126450483346,846.587899999999 -5.24592507600014,42.6126009593506,846.0 -5.24603907041304,42.6125560320428,846.0628 -5.2461560813687,42.6125089263304,846.0 -5.24628097234603,42.6124650045121,846.0 -5.24633193377211,42.6124750633755,846.0 -5.24639597197376,42.6124509234229,846.0 -5.24651600037043,42.6124049904501,846.0 -5.24661205722377,42.6123630809958,846.0 -5.24667492132735,42.6123489992225,846.0 -5.24678405405796,42.612302060616,846.0 -5.24685597048466,42.6122909968271,846.0 -5.24697499366655,42.6122470755163,846.0 -5.24708798196637,42.6122090215942,846.0 -5.24721002169095,42.612166944084,846.0 -5.24732200387766,42.6121210115629,846.0 -5.24744102705955,42.6120769228691,846.0 -5.24755401535934,42.6120380305434,846.0 -5.24767404465434,42.6119979653668,846.0 -5.24779692250711,42.6119619230816,846.0 -5.247915945689,42.611916995974,846.0 -5.24803597498401,42.6118749189277,846.0 -5.24816304437587,42.6118400500621,845.819699999993 -5.24828106144464,42.6118050139132,845.258499999996 -5.24840394019574,42.6117639423584,845.348499999993 -5.24851994593658,42.6117329290986,845.070300000007 -5.24863796300536,42.6117019164845,845.315300000002 -5.24876503239722,42.6116660419533,845.0 -5.24888891726143,42.611620947368,845.0 -5.24900006131995,42.6115820554187,845.0 -5.24911891651688,42.6115389719142,845.0 -5.24923793969877,42.6115039355959,845.0 -5.24937104397274,42.6114749346726,845.0 -5.24948000871839,42.6114269898348,845.0 -5.24959903190028,42.6113869242651,844.929399999994 -5.24973699785657,42.6113510502136,845.0 -5.24987295248492,42.6113230541324,845.0 -5.24998694689782,42.6112839947319,845.0 -5.25009205607427,42.6112370559839,845.0 -5.25022197492226,42.6112090605125,845.0 -5.25034300943205,42.6111659774111,845.0 -5.25045298029082,42.6111260796004,844.763500000001 -5.25056999214478,42.6110779672282,844.402499999997 -5.25068599698732,42.6110380693611,844.122900000002 -5.25080703239544,42.6109949868025,844.476800000004 -5.2509159971411,42.6109460360148,844.049700000003 -5.25102898454256,42.6108979241647,844.0 -5.2511349318472,42.6108290249583,844.0 -5.25120802237197,42.6107549291695,844.532000000007 -5.25128899112179,42.6106789887289,844.0 -5.25139292709846,42.61061595685,844.0 -5.25150004760284,42.6105670064256,844.0 -5.25157598758371,42.6104860378171,844.0 -5.25165695723182,42.6104119416202,844.0 -5.25174094342268,42.6103430425373,844.0 -5.25183498894811,42.6102810159095,844.0 -5.25194797634961,42.610227036601,844.0 -5.25205291843939,42.6101730572457,844.0 -5.2521550092765,42.610119916169,844.0 -5.25227000980252,42.6100600690993,844.0 -5.25238098587611,42.6100139684168,844.0 -5.25250302649902,42.609981950012,844.0 -5.25260696157739,42.6099329997505,844.0 -5.25271994987722,42.6098890780992,844.0 -5.25284903149534,42.6098520303178,844.0 -5.25297006600513,42.6098059301426,844.0 -5.25305908186328,42.6097340129283,844.289900000003 -5.25315698205955,42.6096750044803,844.0 -5.25325102758498,42.6096109666446,844.0 -5.25337105598166,42.6095600048861,843.979300000006 -5.25349292861961,42.6095159157017,844.012900000002 -5.25360105523711,42.6094520456337,844.0 -5.25370297988588,42.6093849907521,844.0 -5.25378998351776,42.609318941405,843.854699999996 -5.25388604037109,42.6092440068049,843.908299999996 -5.25399902867092,42.6091849985538,843.981700000004 -5.25411503351346,42.6091370539368,844.0 -5.25421394072118,42.6090810630771,844.0 -5.25432894034891,42.6090500498037,844.017500000002 -5.25443706696637,42.6089989203149,844.021500000003 -5.25453899071684,42.6089469524429,844.6731 -5.2546640487808,42.6089189566034,844.108900000007 -5.25480201473709,42.6089159391028,844.032200000001 -5.25493495192439,42.6088929733006,844.0 -5.25505799776211,42.6088649774367,844.0 -5.2551879175084,42.6088399990647,844.108999999997 -5.2553159930134,42.608814015729,844.0 -5.25543602141011,42.6087819967074,844.0 -5.25555806203302,42.6087399195266,844.0 -5.2556799355693,42.608711923594,844.0 -5.25580298140703,42.6086710199165,844.0 -5.25591697581997,42.608617040535,844.0 -5.25602191701146,42.6085709401069,844.0 -5.25612903751581,42.608518972539,844.108999999997 -5.25625493370793,42.6084859477457,844.076000000001 -5.2563789856588,42.6084440382989,844.0 -5.25649901495378,42.6084130253696,844.8995 -5.25649197395859,42.60836105767,844.163400000005 -5.25646196663485,42.6084029671725,844.405100000004 -5.25651292895922,42.6083779886152,844.544599999994 -5.25655802348818,42.6083129451455,844.760500000004 -5.25661502069465,42.6082259411837,844.262199999997 -5.2566530742284,42.6081620711153,844.332899999994 -5.25671007143486,42.6080700374865,844.0 -5.25676991809739,42.6079890682768,844.0 -5.25682305883632,42.6078899943236,844.608200000002 -5.25692598869991,42.6078329973735,844.334300000002 -5.25702992467659,42.6077840474067,844.0 -5.25704601799492,42.607707939375,844.0 -5.25705607643115,42.6076040040782,844.0 -5.25709999686201,42.6075089533786,844.0 -5.25713704518097,42.6074169201072,844.0 -5.25713503385303,42.6073180131811,844.0 -5.25714794174536,42.6072249739872,844.0 -5.25716202373576,42.6071319353154,844.0 -5.25719605371534,42.6070400694248,844.0 -5.25729294869683,42.6069720082857,843.872600000002 -5.25737794100081,42.606904953379,843.574699999997 -5.25746796297207,42.6068410832786,843.0 -5.25757508347642,42.606773021922,843.075599999996 -5.25769092123234,42.6067269214515,843.0 -5.25779401908085,42.6066670750889,843.0 -5.2578850462669,42.6065929789773,843.0628 -5.25799099357151,42.6065490576155,844.0 -5.2581019696451,42.6065009456751,843.389299999995 -5.25820003782633,42.606429028612,843.331300000005 -5.25824395915552,42.606344035973,843.609400000001 -5.25826105858697,42.6062540142764,843.0 -5.25836398845053,42.6061819303105,843.0 -5.25846608018592,42.6061140368354,843.0 -5.25853196173055,42.6060260267872,843.004100000006 -5.25861293048037,42.6059480752098,843.028200000001 -5.25869306200036,42.6058739789043,843.0 -5.25872692489331,42.6058169820931,843.0 -5.25878995698185,42.6057309836156,843.0 -5.25886405272143,42.6056580613204,843.0 -5.25892205514269,42.6055789363349,843.0 -5.25895793026187,42.6055170775334,843.374800000005 -5.25900403000562,42.6054300736337,843.254100000006 -5.25907192377648,42.6053529597,843.704100000003 -5.25913495586502,42.6052619322215,843.614799999996 -5.25921005771772,42.6051789519819,843.0 -5.25928096803131,42.605099994331,843.0 -5.25935104111506,42.6050240542692,843.0 -5.25941206097736,42.6049670573416,843.0 -5.25948196607613,42.6048790469955,842.0 -5.25958104037051,42.6048200385766,842.0 -5.25962194425864,42.6047489599543,842.0 -5.25967005622862,42.6047209642116,842.0 -5.25975706075883,42.6046440186669,842.0 -5.25981305185219,42.6045590262373,842.0 -5.25985898450931,42.604470010291,841.710900000005 -5.25981606929324,42.6043840119377,841.0 -5.25975102587677,42.6043020368776,841.0 -5.25969603999823,42.6042100034967,841.0 -5.259677935352,42.604114952908,841.039099999995 -5.25968799378823,42.6040249312963,841.0 -5.25979192886661,42.6039459735051,841.0 -5.25988999794617,42.6038770745434,841.0 -5.25997297802392,42.6038039841151,841.0 -5.26007205231827,42.6037359234076,841.0 -5.26017095862769,42.6036760761552,841.0 -5.26026098059895,42.6036009747544,840.936000000002 -5.26034094413395,42.6035330811113,841.0 -5.26041001110459,42.6034539560717,841.0 -5.2605050618448,42.6033899184526,841.0 -5.26061201436419,42.6033449911131,841.0 -5.26074696287943,42.6032799476778,841.0 -5.26084201451797,42.6032160778281,841.0 -5.26092901814985,42.6031500278908,841.0 -5.261018034008,42.6030710709745,841.0 -5.26111006730717,42.6030110564572,841.0 -5.26120796840177,42.6029550653809,841.0 -5.26131307667992,42.6028940450414,841.0 -5.26140008121014,42.6028290011354,841.0 -5.26149999363268,42.6027619463978,841.0 -5.26159705570079,42.6026999201557,840.721699999995 -5.2617030030054,42.602620962669,840.493000000002 -5.26181397997729,42.6025669833346,840.672999999995 -5.26192394993773,42.6025099861427,841.0 -5.26202905911418,42.602444942497,840.8658 -5.2621199192136,42.6023839223191,840.548899999994 -5.26221295862588,42.6023120057931,840.130999999994 -5.26230901458092,42.6022489733824,840.377600000007 -5.26239601911113,42.6021800745276,840.298200000005 -5.26248503496924,42.6021019548153,840.797099999996 -5.26258796483283,42.6020360729707,840.157399999996 -5.262688044342,42.6019690180408,840.209199999998 -5.26279097420555,42.6019039744916,840.939599999998 -5.26289993895121,42.6018340695278,841.0 -5.26300303679976,42.6017650022622,841.0 -5.2631049605502,42.6017049878092,840.2212 -5.2632070522856,42.6016369267923,840.463900000002 -5.26330193504085,42.6015670221902,840.244600000005 -5.2633929622269,42.6015029839541,841.0 -5.2634930426344,42.6014490049736,840.736199999999 -5.26358406982045,42.60137507656,841.0 -5.26367794736092,42.6013080209188,841.0 -5.26377299810114,42.6012449894759,841.0 -5.26387106628237,42.6011779336947,841.0 -5.26396092026867,42.6011130579346,840.999899999995 -5.26404792479889,42.6010480148142,841.0 -5.26414901042117,42.6009809594823,841.0 -5.26425093417161,42.6009120598865,841.0 -5.26435503723494,42.6008460108129,841.0 -5.26445394354437,42.6007769437744,840.830600000001 -5.26455301783875,42.6007229641649,841.0 -5.26466600613854,42.6006709966626,840.4997 -5.26477798832525,42.6006150054671,840.797699999996 -5.26488695307087,42.600555996977,840.0 -5.26498502125213,42.6004919590242,840.0 -5.26508795111569,42.6004349619178,840.0 -5.26519205417902,42.6003699187507,840.0 -5.26530604769363,42.6003159387887,840.0 -5.26541098978345,42.6002649773609,840.0 -5.26551593097495,42.6002029512779,839.970400000006 -5.26561902792516,42.6001409251332,840.0 -5.26571592290665,42.6000829219499,839.526700000002 -5.26581801464205,42.6000210636425,839.0 -5.2659090418281,42.5999570258012,839.0 -5.2660069429227,42.5998899706176,839.0 -5.26610299977603,42.5998309621021,839.0 -5.26619905573107,42.5997739650522,839.0 -5.26631707369814,42.5997219974196,839.0 -5.26641296256651,42.5996619829825,839.0 -5.26650499586568,42.5995989511969,839.0 -5.2665750680511,42.5995240168072,839.0 -5.26667900402781,42.5994559560529,839.0 -5.26679500976865,42.5994019766216,839.0 -5.26691302683742,42.5993659343219,838.743000000002 -5.26701796802891,42.5993089375079,838.282399999996 -5.26713397376975,42.5992589810255,839.0 -5.26725299695164,42.5991890757392,838.723700000002 -5.26735106513288,42.5991320794247,838.405899999998 -5.26745198277023,42.5990730701915,838.117100000003 -5.2675520631777,42.5990140622249,838.0 -5.26765096948712,42.5989500240099,838.0 -5.26775406643734,42.5988839748402,838.0 -5.26785297274673,42.5988249660333,838.0 -5.26795204704111,42.5987709867166,838.0 -5.26804307512549,42.598706948913,838.0 -5.26814600409075,42.5986519637153,838.0 -5.26824591651325,42.5985979842487,838.0 -5.26835806668492,42.5985349520481,838.0 -5.26844607642992,42.5984660530539,838.0 -5.26854297141141,42.5984110676436,838.0 -5.26865696492602,42.5983560821847,838.0 -5.26876592967167,42.5982950619699,838.0 -5.26886299263812,42.5982330359098,838.0 -5.26896491638859,42.5981780509551,838.0 -5.26907606044711,42.5981269211395,838.0 -5.26918703652067,42.5980709303029,837.679699999993 -5.26929097249737,42.5980159445438,837.607499999998 -5.26939205811965,42.5979589478175,837.656400000007 -5.26949498798321,42.5978959162931,837.010500000004 -5.26959305616448,42.5978350635904,837.200700000001 -5.26968307813574,42.5977649907276,837.743000000002 -5.26979003065513,42.5977019590069,837.0 -5.26986496542121,42.5977059821835,837.0 -5.26995699872038,42.5976439561983,837.0 -5.27006093379875,42.5975730452877,837.0 -5.27015397321103,42.5975140365619,837.0 -5.27025003006436,42.597454021982,837.0 -5.27038095502546,42.5974209972744,837.0 -5.27046594732941,42.5973529362069,837.0 -5.27056502162379,42.5972840372283,837.0 -5.27066392793322,42.5972240224269,837.0 -5.27077792234612,42.5971650140318,836.465100000001 -5.27088604896362,42.5971070113847,836.098100000003 -5.27101194515574,42.5970550435116,836.115399999995 -5.27111906566012,42.5969970407622,836.674100000004 -5.27122400685161,42.5969299856995,836.7696 -5.27131905759183,42.5968649421802,836.241899999994 -5.27141192901915,42.5968049276365,836.0 -5.27152307307766,42.5967529595115,836.0 -5.27162399161332,42.5966939513316,836.566600000006 -5.27173295635898,42.5966319250004,836.0 -5.27184694987358,42.5965819690169,836.0 -5.27195507649108,42.5965330188065,836.0 -5.27205398280048,42.5964790388269,836.0 -5.27211299133488,42.596457916731,836.1109 -5.27219999586509,42.5963930406855,836.0 -5.27229605271842,42.5963300088996,836.0 -5.27239294680158,42.5962579246933,836.0 -5.27247693389078,42.5961769553409,836.0 -5.27256494363578,42.5961040324436,836.0 -5.27262395217015,42.5960859276815,836.0 -5.27266602925806,42.596050053415,836.0 -5.27272202035141,42.5960230635526,836.0 -5.27279393767644,42.5959709281304,836.0 -5.27287993609354,42.5959100755317,836.0 -5.27296995716647,42.5958480497428,836.0 -5.27306098525082,42.5957769708043,836.0 -5.27315502987791,42.5957169565353,836.0 -5.27325091874629,42.5956609655172,836.0 -5.27333205548106,42.5955920659904,836.0 -5.27341704778504,42.5955149524446,836.0 -5.27350204098735,42.5954450475872,836.0 -5.27358401585029,42.5953709513549,836.0 -5.2736790665905,42.5953040638346,836.0 -5.27376104145343,42.5952360031002,835.454800000007 -5.27383999887534,42.5951540279073,835.342600000004 -5.27392297985139,42.5950849611727,835.460200000001 -5.27402305936056,42.5950170675079,835.0 -5.27413504154723,42.5949490064601,835.157399999996 -5.27422506351849,42.5948829570173,835.0 -5.27431206804871,42.5948259600706,835.0 -5.27438901324436,42.5947490142091,835.0 -5.27448507009769,42.5946769301579,835.328800000003 -5.27456201619167,42.5946009899566,835.0 -5.27465706693188,42.5945419810617,835.0 -5.2747380356817,42.5944710705891,835.0 -5.27483291933528,42.5944080381819,836.256399999998 -5.27493199362967,42.5943480239172,835.388000000006 -5.27501899726155,42.5942789569506,835.429499999998 -5.27509393202759,42.5942060344776,835.0 -5.27518294788574,42.5941379738666,835.0 -5.27526391663555,42.5940650512286,835.179600000003 -5.27535997348889,42.5940030249259,835.0 -5.27545301200287,42.5939430102713,835.176999999996 -5.27554404008725,42.5938719318052,835.0 -5.27563892284247,42.5938040388029,835.0 -5.2757430259058,42.5937530766785,835.0 -5.27583606531812,42.5936920565856,835.0 -5.27590999397105,42.5936149426727,835.0 -5.27599498627503,42.5935400083613,835.0 -5.27609607189731,42.5934719476843,835.0 -5.27618307642753,42.5933950014736,835.0 -5.27627997140901,42.593327946503,835.371700000003 -5.27633596250237,42.5932949215927,835.224799999996 -5.27640201113362,42.5932159640916,835.0 -5.27648398689489,42.5931329836803,835.0 -5.27650795843823,42.5930419562039,835.0 -5.27646806066321,42.592969033606,835.0 -5.27642799580153,42.5929279621975,835.0 -5.27640100591884,42.5928810235062,835.0 -5.2763319389482,42.5928059216588,835.0 -5.27626806873151,42.5927199230778,835.0 -5.27619799564775,42.5926359367914,835.0 -5.2761540752169,42.5925400478399,835.0 -5.27607997857901,42.5924619279455,835.0 -5.27600906826543,42.5923749243323,835.0 -5.27593698385377,42.5922939545642,835.0 -5.27588602152937,42.5921980657479,835.0 -5.27590496430376,42.592094968275,835.0 -5.27596900250542,42.5920129935798,835.0 -5.2760519834815,42.5919390652136,835.0 -5.27613194701649,42.5918699982226,835.0 -5.27621895064841,42.5917910409003,835.0 -5.27631500750174,42.5917149331714,835.0 -5.27639999980572,42.5916309461921,835.0 -5.27648599822279,42.5915550062472,835.0 -5.276581048963,42.5914849335975,835.0 -5.27667693783137,42.5914160340833,835.0 -5.27677802345369,42.5913630608586,835.0 -5.2768509459935,42.5913509907609,835.0 -5.27693292085643,42.5912809178818,835.0 -5.27703300126393,42.5912049781719,834.7068 -5.27712101100893,42.5911300436083,834.923699999999 -5.27721505653436,42.591054941635,834.276299999998 -5.27729602528417,42.5909739727974,834.396699999998 -5.27739694381983,42.5909040674758,834.353199999998 -5.27748897711899,42.5908259481761,834.0 -5.27758302174609,42.5907550374436,834.011700000003 -5.27767706637319,42.5906859704632,834.0 -5.27773506969274,42.5906029899902,834.0 -5.27767404893214,42.590517996925,834.090899999996 -5.27759492352527,42.5904420569469,834.0 -5.27750791989339,42.5903649436422,834.214699999997 -5.27742292758941,42.5902940330465,834.0 -5.27738805858334,42.5901899298153,834.573000000004 -5.27744304356358,42.5901619341445,834.935599999997 -5.27756106153065,42.5901190183591,834.127800000002 -5.27767505504526,42.5900769411393,834.022500000006 -5.27778904855987,42.5900370437105,834.054199999999 -5.27790505430071,42.5899879256663,834.0 -5.27802994437971,42.5899450104225,834.0 -5.27814293267953,42.5899019271651,834.0 -5.27825206541011,42.5898590118621,834.0 -5.2783739380481,42.5898110675834,834.490699999995 -5.27848307077871,42.5897699960779,834.484800000006 -5.27860796085771,42.5897210458078,834.0 -5.27873000148062,42.5896809801666,834.0 -5.27884902466251,42.5896350475997,834.0 -5.27897005917234,42.5895899529393,834.0 -5.27908992048235,42.5895440203054,834.0 -5.27920492011008,42.5894920520778,834.0 -5.27931304672757,42.5894459520478,834.0 -5.27942704024218,42.5893970015232,833.915599999993 -5.27954002854201,42.5893549244773,834.0 -5.27964396362038,42.5893059738812,833.811300000001 -5.27975091703811,42.589260041038,833.714699999997 -5.27986792889206,42.589221987624,833.112299999993 -5.27998896340185,42.589181921662,834.0 -5.2801130153527,42.5891450414572,833.938999999998 -5.28023706730357,42.5891009523753,833.448600000003 -5.28035307304441,42.5890540141087,833.440100000007 -5.28047896923653,42.5890340647394,834.0 -5.28052205243756,42.589075974677,834.0 -5.28054501876612,42.5891299537939,833.288700000005 -5.2805909514232,42.5892159520374,833.991999999998 -5.28065800706591,42.5892920601724,833.992100000003 -5.28071399815926,42.5893829198492,834.0 -5.28076697181156,42.5894699243322,834.0 -5.28081692712452,42.5895549168424,833.866699999999 -5.28087895399824,42.5896390706357,833.631599999993 -5.28091197876303,42.5897289245453,833.658899999995 -5.28096696374327,42.5898229699951,833.2451 -5.28101691995452,42.5899129916236,833.561900000001 -5.28107391626266,42.5900060308773,833.556100000002 -5.28112504657202,42.5900920285735,833.6152 -5.28116896790121,42.5901770215581,833.901400000002 -5.28121992932728,42.5902700604176,834.0 -5.28128698496998,42.5903560590723,834.0 -5.2813619188377,42.5903580702364,834.0 -5.2814899943427,42.5903260516496,834.0 -5.28160600008355,42.5902900093913,833.0 -5.28171898838337,42.5902459204579,833.058999999994 -5.28182996445693,42.5902070283911,833.0 -5.2819479815257,42.5901619341445,833.196400000001 -5.28207303958966,42.5901180131039,833.383700000006 -5.2821809982222,42.5900739240488,833.134300000005 -5.28230102751721,42.5900340259568,833.420800000007 -5.28240999226283,42.5899919486796,833.530599999998 -5.28252197444954,42.5899520511964,833.0 -5.28263798019038,42.5899079620239,833.512900000002 -5.28275297981811,42.5898749372854,833.277400000006 -5.2828740143279,42.5898340338062,833.0 -5.28298096774565,42.5897879333678,833.0 -5.28308406469584,42.5897530647053,833.0 -5.28313804446129,42.5897279192838,833.0 -5.28316905699982,42.5896799742429,833.0 -5.28328204529964,42.58962800679,833.0 -5.28336703760362,42.5895599458092,833.0 -5.28341397637382,42.5894670738748,833.0 -5.28346996746718,42.5894010245746,833.0 -5.28351103844197,42.5893549244773,833.0 -5.28354205187883,42.5892630588292,833.0 -5.28358094354074,42.5891760547189,833.0 -5.283626038968,42.5890840214823,833.0 -5.28368907015824,42.5889960111874,833.986199999999 -5.28377406336051,42.5889239270959,833.017900000006 -5.28383994490514,42.5888439634112,832.665399999998 -5.28389694211161,42.5887509244071,833.0 -5.28394203664058,42.5886560413711,833.0 -5.28398495185661,42.5885579730392,833.0 -5.28404194906308,42.5884739864355,833.785199999998 -5.28407497292958,42.5883839647129,833.334099999993 -5.28412492914083,42.5882949488063,832.577399999995 -5.28415896001874,42.5882079446674,832.403900000005 -5.28422199210728,42.5881299932844,833.0 -5.28428703552375,42.5880540530423,833.0 -5.28437303394085,42.5879869976166,833.0 -5.28444293903961,42.5879040168573,832.669500000004 -5.28452105833337,42.5878299209187,832.362200000003 -5.2845700084315,42.5877380550073,832.222299999994 -5.28459699831419,42.5876399872152,832.596799999999 -5.2846479606386,42.5875469477368,832.571200000006 -5.28470797438779,42.5874679902292,832.646299999993 -5.28473999393776,42.5873699220123,832.954700000002 -5.28478005879944,42.5872810739715,832.8986 -5.28482398012863,42.5871870286549,832.675799999997 -5.28484895868342,42.5870909725883,833.0 -5.2848479525703,42.5869940777371,832.0 -5.28488399477612,42.5868929915303,831.904800000004 -5.28490997854573,42.5867969350106,832.094299999997 -5.28491701954091,42.5867000403639,832.0 -5.28492892132012,42.5866009662883,831.749500000005 -5.2849669757522,42.586503065362,831.432700000005 -5.28499195340866,42.5864100261709,831.898400000005 -5.28503805405073,42.5863139695684,831.444699999993 -5.28510292948221,42.5862319945454,831.6878 -5.28516294412973,42.5861429788727,831.881699999998 -5.28523704076762,42.5860489338233,831.963199999998 -5.28532505051265,42.5859729943529,832.627299999993 -5.2853939494983,42.5858900128968,832.878100000002 -5.2855020761158,42.5858320103384,833.0 -5.28556192277833,42.5858259757464,833.602899999998 -5.28563803074415,42.5857450060689,834.0 -5.28570994717085,42.5856549843737,834.0 -5.28578605513667,42.585570997827,833.691399999996 -5.28585696634858,42.5854890231499,833.312600000005 -5.28594899964774,42.5854130829975,833.222800000003 -5.28602896228444,42.5853530686699,833.273700000005 -5.28610205280921,42.5852680757217,832.668999999994 -5.28618704511319,42.5851919679648,832.699699999997 -5.28626801476134,42.5851170341093,833.202399999995 -5.28633104595155,42.5850300301648,833.182499999995 -5.28641100948658,42.5849500667763,833.0046 -5.28649197913469,42.5848749646324,833.437600000005 -5.28655903387909,42.5847909783578,833.588499999998 -5.28664100874202,42.5847079973124,833.650299999994 -5.28673103071329,42.5846310515264,833.996499999994 -5.2868200465714,42.5845680197503,833.6394 -5.28691895288083,42.5845140399901,833.824900000007 -5.2870099809652,42.58444497337,833.380799999999 -5.28711106658749,42.5843899874943,834.423800000004 -5.28721902522,42.584342043639,834.485199999996 -5.28731206463231,42.5842759941996,834.531300000002 -5.28741398838275,42.5842109500408,834.906900000002 -5.2874889222505,42.5841309869246,834.417700000005 -5.28754692557008,42.5840520297202,834.245500000005 -5.28753804033359,42.5839610022099,833.599100000007 -5.28753301156464,42.5838639397849,834.0 -5.28753804033359,42.5837700619436,833.170599999998 -5.28753099933841,42.5836699824823,833.0 -5.28753200545153,42.5835739256263,833.0 -5.28755698310799,42.5834770305999,832.934999999998 -5.28759604275488,42.5833849975478,832.387400000007 -5.28760995676029,42.5832899469409,832.0 -5.28764097019718,42.5831989196409,832.0 -5.28768807605405,42.583105042121,832.0 -5.28772294506011,42.5830140145509,831.884600000005 -5.28779000070282,42.5829270103172,831.966100000005 -5.28785806156031,42.5828480529109,832.0 -5.28793400154117,42.5827749629507,832.0 -5.28800306851177,42.5826960053519,831.811799999996 -5.2880689500564,42.5826110127498,831.678400000004 -5.28812795859077,42.5825310495658,831.0 -5.28818394968413,42.5824490741985,831.0 -5.28828604141956,42.5823959332863,831.0 -5.28836097528727,42.5823129523603,831.0 -5.28846692259188,42.5822390237338,831.0 -5.28856901432731,42.582180015041,831.0 -5.28866004241166,42.5821119538654,830.969700000001 -5.28877504203942,42.5820630035345,831.0 -5.28932506252158,42.5817600815812,830.880699999994 -5.28936998906555,42.5817159932291,830.426500000001 -5.28948197125222,42.5816700600847,831.0 -5.28958003943349,42.5816100454611,831.0 -5.28967592830186,42.5815520428893,830.635200000004 -5.28977600870936,42.5814910227577,830.225099999996 -5.28988296122875,42.5814360375838,830.525200000004 -5.28998304163625,42.5813820577576,831.0 -5.29008798282774,42.5813260670907,830.623500000002 -5.29019694757339,42.5812680642547,830.972699999998 -5.29032099952424,42.5812209580357,831.0 -5.29042895905508,42.5811750251881,830.914600000004 -5.29054094124178,42.5811250687214,831.0 -5.29064303297718,42.5810630427707,830.926900000006 -5.29073892184556,42.5810030282241,831.093200000003 -5.29083095514472,42.5809319495536,831.668799999999 -5.29091293000765,42.5808580212739,832.0 -5.29099205541452,42.5807829194922,831.857999999993 -5.2910770477185,42.5807170375983,831.998600000006 -5.2911570112535,42.5806350624918,832.0 -5.29123093900813,42.5805629786539,831.931400000001 -5.2913229723073,42.5804900560087,832.0 -5.29141098295062,42.5804219949726,831.440499999997 -5.29150502757772,42.580355945349,831.526100000003 -5.29159806699004,42.5802890575902,831.999200000006 -5.29168708284815,42.5802240145635,832.0 -5.29178800048548,42.5801629937936,832.001799999998 -5.29189897745736,42.5801239340402,832.219700000001 -5.29201598841303,42.5800870537682,832.987399999998 -5.29214104647698,42.5800449770528,833.030499999993 -5.29226593655598,42.5800059172254,833.094899999996 -5.29237104573243,42.579955961145,833.0 -5.29249107502744,42.5799100280269,832.965100000001 -5.29260406242893,42.5798729802789,832.914300000004 -5.29272392373898,42.5798220180092,832.497700000007 -5.29284998791605,42.5797859762921,832.864400000006 -5.29295895266171,42.5797370254581,832.689100000003 -5.29307395228944,42.5796939424217,832.163499999995 -5.29318207890694,42.5796480097721,832.500100000005 -5.29330294543177,42.5796049266742,832.566999999995 -5.29341006683445,42.5795469242215,833.008799999996 -5.29350193214866,42.5794880829773,832.781799999997 -5.29359798900199,42.5794319245817,832.577300000004 -5.29370293019348,42.5793579958465,831.983900000007 -5.29379093993851,42.5792959701223,831.852899999998 -5.29388196802289,42.5792260649338,832.016199999998 -5.29397198909582,42.5791499570772,831.816800000001 -5.29404591774875,42.5790720056129,831.710200000001 -5.29413107803769,42.5789930479549,831.419599999994 -5.29420299446439,42.5789189520086,832.031000000003 -5.29428496932732,42.5788389887198,832.664600000004 -5.29436392674923,42.5787610368666,832.326300000001 -5.29444305215607,42.5786829175632,832.536099999998 -5.294525027019,42.5786099947036,832.748099999997 -5.29459593823091,42.5785260085886,832.854600000006 -5.2946780810788,42.5784549297402,832.7788 -5.2947640794959,42.5783769780684,832.703999999998 -5.29484907179988,42.5783010378522,832.017399999997 -5.29493305799075,42.5782359947362,831.592999999993 -5.29502894685912,42.5781640774635,832.556299999997 -5.29512399849763,42.5780960165344,832.586299999995 -5.29519993847849,42.5780229262954,832.001600000003 -5.29525391734562,42.5779349162599,831.458100000003 -5.29532197820311,42.5778599822813,831.251600000003 -5.29538601640476,42.5777780073875,831.0 -5.29545592150355,42.5776910031235,830.769700000004 -5.29551107446872,42.5776100341261,830.0 -5.29557494468545,42.5775260473256,830.119999999995 -5.29565105175294,42.5774459162174,830.0 -5.29572196296481,42.5773709823126,830.0 -5.29581500237713,42.5773010769506,830.0 -5.29589094235799,42.5772259748536,830.0 -5.29597392333404,42.5771550645262,830.0 -5.29603695452425,42.5770700716474,830.0 -5.29610803372111,42.5769830677186,829.996100000004 -5.29615698381925,42.5768940520701,829.305399999997 -5.29619704957926,42.5767990008288,829.0 -5.29624298223635,42.5767109910504,829.0 -5.29629595588865,42.5766149347186,829.0 -5.29635798186407,42.5765240742928,829.0 -5.29641095551638,42.5764290238105,829.0 -5.29646895793767,42.5763410135099,829.0 -5.29653299613932,42.5762509921276,828.564199999993 -5.29660407443786,42.5761720348666,828.8269 -5.29666995598249,42.5760870419709,828.776100000003 -5.29673600551204,42.5760000379937,828.687600000005 -5.29679903760061,42.575919068785,828.0 -5.29686793658626,42.5758379321109,828.0 -5.29693197478791,42.5757619921102,828.0 -5.29700003564543,42.5756739821912,828.0 -5.29706591719003,42.5755980419909,828.0 -5.2971369963869,42.5755140551267,828.0 -5.29719198136714,42.5754250393657,828.0 -5.29725803089669,42.5753390412815,828.0 -5.29732307431316,42.5752560602249,828.0 -5.29740605528921,42.5751749233496,828.0 -5.29747797171591,42.575098983203,828.0 -5.29754502735861,42.5750109736714,828.115999999995 -5.29760805854885,42.5749229633542,828.193199999994 -5.29767997587388,42.5748399824054,829.0 -5.29774803673137,42.5747539841759,829.0 -5.2977949755016,42.5746619508167,829.0 -5.29783906391742,42.5745749468358,828.877999999997 -5.29787795647765,42.5744810695617,828.573000000004 -5.29791198645723,42.5743920536493,828.645399999994 -5.29794903477619,42.5743040437817,828.530400000003 -5.29798692122331,42.5742089932232,828.525699999998 -5.2980360393064,42.5741250064729,828.190600000002 -5.29811499672828,42.5740400134334,827.955900000001 -5.29819495936498,42.5739580388103,828.004700000005 -5.2982710673308,42.5738579588145,827.9179 -5.29834700731166,42.5737749777718,827.714399999997 -5.29841406295437,42.5736940089818,828.606 -5.29846401916562,42.5736120339038,828.137600000002 -5.29853694170547,42.5735270414884,827.987299999993 -5.29860802000401,42.5734519394769,827.996199999994 -5.29867205730733,42.5733739875049,827.487800000003 -5.29873592752403,42.5732849719969,827.592000000004 -5.29880901804883,42.5732080260057,827.624200000006 -5.29888495802966,42.5731260509505,827.920199999993 -5.29895804855446,42.5730519553096,828.044099999999 -5.29902795365323,42.5729719917742,827.695000000007 -5.29910406072072,42.5728900164088,827.659199999995 -5.29916591960951,42.5728110588617,827.725099999996 -5.29924303279012,42.5727289165774,827.249800000005 -5.29931394400203,42.5726519705616,827.248099999997 -5.29939893630601,42.5725760306506,827.616399999999 -5.29946800327661,42.5724999226162,827.868700000006 -5.29954897202643,42.5724219714389,827.652499999997 -5.29962692423353,42.5723510602797,827.5671 -5.29970303219935,42.5722729408848,827.258000000002 -5.29978802450333,42.5721949894238,827.7261 -5.2998530679198,42.5721069791018,827.426800000001 -5.29992900790066,42.5720229928285,827.724100000007 -5.30000092432736,42.5719500701193,827.962 -5.30007401485213,42.5718709446727,827.626999999993 -5.30014593127883,42.5717960106845,827.381399999998 -5.30020996948048,42.5717170530755,827.093099999998 -5.30028406522007,42.5716439626369,827.459799999997 -5.30035497643198,42.5715629937266,826.998999999996 -5.30043007828465,42.5714880593684,827.051999999996 -5.30051305926073,42.5714199984301,827.484100000001 -5.30057592336431,42.5713390292289,827.715800000005 -5.30064800777597,42.5712649334498,827.327600000004 -5.30071891808955,42.5711879876125,827.127800000002 -5.30079502605537,42.5711080243335,826.956099999996 -5.30087297826247,42.5710369456303,826.883499999996 -5.30093399812477,42.5709539648035,826.480200000005 -5.30102703753705,42.5708820477329,826.998999999996 -5.3011160533952,42.5708109694337,826.968500000003 -5.30120892482252,42.5707380466306,826.941800000001 -5.30128804933106,42.5706619389996,827.0 -5.30135694921504,42.5705880104521,827.0 -5.30143406239565,42.5705120706742,827.0 -5.30149692649923,42.5704319398154,827.0 -5.30159499468049,42.5703600228045,827.0 -5.30167495821552,42.5702800597872,826.953599999993 -5.30175408362236,42.5702019404446,827.0 -5.30181996516699,42.5701209709854,827.0 -5.30187796758824,42.5700299436457,827.0 -5.30194502323095,42.5699499802052,827.272400000002 -5.3020479530945,42.5698829251547,827.0 -5.30213596283954,42.569814025582,827.0 -5.30218306959473,42.5697290332833,827.0 -5.30225196858038,42.5696430352835,827.0 -5.30232103555101,42.5695649158047,826.644700000004 -5.30240703396808,42.5694770731184,826.385800000004 -5.30247006605665,42.5693949304127,826.014999999999 -5.30254399381125,42.5693169786626,826.0 -5.30262295123316,42.5692450623509,826.0 -5.30273007263584,42.5691790127971,826.0 -5.30283099027316,42.5691079345418,826.474799999996 -5.3029129651361,42.5690350117324,826.419500000004 -5.30301807431254,42.5689770087103,826.692599999995 -5.30312301550403,42.5689159888432,827.292700000005 -5.30325394136343,42.5689010689558,828.0 -5.30334899210365,42.5689399610827,828.902000000002 -5.30334999821676,42.5689689626177,828.602599999998 -5.30329300101033,42.5690549608853,828.681299999997 -5.30322695148074,42.5691389471858,829.395699999994 -5.30316593161844,42.5692190783826,829.445800000001 -5.30310004917551,42.5693000476894,830.576300000001 -5.30303400054422,42.5693870517517,831.713099999994 -5.30297096845568,42.5694700326784,832.607999999993 -5.30286703247901,42.5695310526652,833.914900000003 -5.30277499917981,42.5695989463029,835.0 -5.30270894965026,42.5696819269477,836.241500000004 -5.30262093990522,42.5697459648016,837.138200000001 -5.30251801004167,42.5697940766718,837.285799999998 -5.30250795160544,42.5698949947781,838.909499999994 -5.30252907459102,42.5699840104934,840.0 -5.30256293748397,42.5700760441401,841.107699999993 -5.30261792246421,42.5701590248118,842.0 -5.30267408154249,42.5702389879842,843.0 -5.30272202552751,42.5703239809111,844.216 -5.30279897162149,42.5703980771466,845.033100000001 -5.30285999148379,42.5704760282072,846.0 -5.30289301624858,42.5705700735919,847.0 -5.30294598990089,42.5706530542679,848.059299999994 -5.30300499843529,42.5707330174686,849.001399999994 -5.3030470755232,42.5708180103839,850.304300000003 -5.30308194452927,42.570912055253,851.088699999993 -5.30306199564173,42.571002077065,851.0 -5.30296795101466,42.5710639350653,851.0 -5.3029639274605,42.5710169964497,851.0 -5.30307104796485,42.5709660348811,851.0 -5.30308596808341,42.5708699783006,851.0 -5.30301405075841,42.5707920264093,849.898499999996 -5.30294196724505,42.5707080396884,848.9663 -5.30287407347419,42.5706260646551,846.924899999998 -5.30281506493982,42.5705360429619,846.0 -5.30276091808774,42.5704490385177,845.162299999996 -5.30269805308586,42.5703610290398,844.324399999998 -5.30263703322356,42.5702780479754,843.302299999996 -5.30257500724814,42.5701769624517,842.008100000006 -5.30251499260062,42.5700879463502,841.008799999996 -5.30247006605665,42.569995075179,839.661900000006 -5.30245900150726,42.5699050532368,838.9715 -5.30249604982622,42.5698170429914,838.000499999995 -5.30256193137085,42.5697350681102,837.0 -5.30264792978795,42.5696700246602,835.956399999995 -5.30269503564481,42.5695850321653,834.936700000006 -5.30277097562568,42.5695060744036,833.838900000002 -5.30284507226356,42.5694259435755,832.470400000006 -5.30291698869026,42.5693409514096,831.381399999998 -5.30299192255801,42.5692700400554,830.691300000006 -5.30306300175485,42.5691910825566,829.8462 -5.30313994695053,42.5691179924659,829.762600000002 -5.30320700259323,42.5690309886899,828.908100000001 -5.30326299368655,42.5689459959859,828.311900000001 -5.30332099610784,42.5688630150236,828.0 -5.30338604042261,42.5687840576711,828.0 -5.30344001928973,42.5686900129013,827.618700000006 -5.30348293450577,42.5686030085285,827.478300000002 -5.30354294915329,42.5685190215064,827.0 -5.30361805100599,42.5684430818559,827.0 -5.30365392522684,42.5683540659263,827.0 -5.30369700842787,42.568264044262,826.856599999999 -5.3037789832908,42.5681810637156,827.0 -5.3039040413548,42.5681339568726,827.0 -5.30402306453665,42.5680900361913,827.0 -5.3041570078371,42.5680419236683,827.0 -5.30427804234689,42.5680040379165,826.786699999997 -5.30437007564609,42.5679359764844,826.151800000007 -5.30446797584237,42.5678779737636,826.603400000007 -5.30454106636717,42.5678040452244,826.203200000004 -5.30460996535282,42.5677210647277,826.165599999993 -5.30467802621031,42.5676459630026,826.328299999994 -5.30475195486327,42.5675589584966,826.5098 -5.30483108027011,42.5674910652848,826.359800000006 -5.30491104380514,42.5674169689041,826.292100000006 -5.30499704222223,42.5673430404801,826.791800000006 -5.30508806940828,42.5672779971821,826.767699999997 -5.30517691728144,42.5672149650654,826.7791 -5.305283032571,42.5671569623358,826.166700000002 -5.30537405975708,42.56708806306,826.0625 -5.30549794462127,42.5670399510873,827.0 -5.30560104157148,42.566981948195,826.932199999996 -5.30564194545965,42.5669380273641,826.775599999994 -5.30575007207712,42.5668900826603,827.0 -5.30583104082693,42.5668119637033,827.190799999997 -5.30591502791613,42.5667320001071,827.0 -5.30600102633322,42.5666530427036,826.648199999996 -5.30608400730927,42.5665749234497,826.621299999999 -5.30616497605909,42.5664909363434,826.8701 -5.30626606168137,42.5664359511751,827.0 -5.30635306621158,42.5663559877585,827.0 -5.3064340349614,42.5662820594004,827.0 -5.30649203828098,42.5661970669204,827.0 -5.30657501925703,42.5661159301689,827.0 -5.30665799933478,42.5660329494114,826.808999999994 -5.30673695765499,42.5659539917848,827.137799999997 -5.30681407083563,42.5658790573042,826.934099999999 -5.30690107536584,42.5658039560078,827.726800000004 -5.30698405544356,42.5657249980913,827.429199999999 -5.30705999542442,42.5656500639972,827.1342 -5.30715605227775,42.5655769737271,827.936199999996 -5.30722998093068,42.5654980161849,827.615099999995 -5.30732100811676,42.5654239200833,827.588199999998 -5.30741505364216,42.5653650794073,826.722999999998 -5.30751798260742,42.5653040593149,827.7552 -5.3076090106918,42.5652410271885,828.112599999993 -5.30770305531886,42.5651820182894,828.363200000007 -5.30779693285934,42.5651109401111,828.719500000007 -5.30790204203579,42.5650629953262,828.771699999998 -5.30798904566767,42.564989066759,828.455000000002 -5.30808996420332,42.5649320702675,828.968800000002 -5.30818803238459,42.5648760787246,828.857900000003 -5.3082770482427,42.5648140531523,829.0 -5.30837796588006,42.5647500155282,829.0 -5.30847603495962,42.5646960358138,828.967499999999 -5.30855901503734,42.5646289804083,828.932499999995 -5.308659933573,42.5645719835879,829.0 -5.30874693810321,42.5645069400471,828.864499999996 -5.30883997661719,42.5644489374461,828.456000000006 -5.3089459239218,42.5643879171192,828.306400000001 -5.30904700954408,42.564327064124,828.062999999995 -5.30914206028429,42.5642539742886,828.0 -5.30923694393788,42.5641850751147,828.0 -5.30932897723705,42.5641190254961,828.0 -5.30937105432496,42.564078959943,828.0 -5.30942905674621,42.5640060372092,828.0 -5.30949795663019,42.5639500461584,827.880999999994 -5.30954606860017,42.5638870146488,827.0 -5.30962401990897,42.5638110746526,827.0 -5.30968906332544,42.5637339608287,826.967399999994 -5.30976098065044,42.5636590269896,827.091499999995 -5.30983792584612,42.5635800690049,827.0 -5.30990498148879,42.563496082498,826.975200000001 -5.30997605978732,42.5634219866652,826.906900000002 -5.31003607443485,42.5633430290421,826.854900000006 -5.31010899697466,42.5632650770073,826.905199999994 -5.31017907005841,42.563166003408,826.171199999997 -5.31023606636655,42.5630840283876,826.263099999996 -5.31030094269636,42.5630060766908,826.022800000006 -5.31038006810323,42.5629309745825,826.469400000002 -5.3104419260937,42.5628449764735,826.862299999993 -5.31049992851495,42.5627630010314,826.864300000001 -5.31058793915828,42.562692928441,827.0 -5.31067293146226,42.5626179940132,826.952399999995 -5.31073998620663,42.5625360195961,826.998900000006 -5.31081408284452,42.5624490152414,825.586899999995 -5.31089404637955,42.5623720691155,826.571899999995 -5.31099496401688,42.5623070259277,827.002299999993 -5.31109001475709,42.56223795853,827.387900000002 -5.31118707772354,42.562165036291,827.390799999994 -5.31129905991025,42.5621030100082,827.524699999994 -5.31139595399341,42.5620419900335,828.003700000001 -5.31148698207778,42.5619789579195,827.487999999998 -5.31158907381318,42.5619159264036,827.284299999999 -5.31172402232845,42.5618969833245,827.603900000002 -5.31183801584306,42.5618639583053,827.717799999999 -5.31194698058868,42.5618220486023,827.664300000004 -5.31202795023683,42.5617499641916,827.565700000006 -5.31212802974599,42.5616899502468,827.056800000006 -5.31222308048621,42.5616190387967,827.0 -5.31230807279019,42.561547960529,827.0 -5.31240496777168,42.5614859342945,827.0 -5.31246397630605,42.5614690031808,827.0 -5.31256405671355,42.5614150232742,827.0 -5.31266799179192,42.5613580268258,827.0 -5.31276807219942,42.5613030411033,827.0 -5.31285893140051,42.5612430267286,826.619699999996 -5.31295699958178,42.5611779830256,826.843900000007 -5.31304903288094,42.5611080780399,826.105599999995 -5.31314894530348,42.5610430348578,826.301099999997 -5.31326997981327,42.5609999514786,827.0 -5.31338196289828,42.5609520075043,827.0 -5.31351506717224,42.5609230055505,827.0 -5.31364297469229,42.5608970220858,826.808999999994 -5.31376602142831,42.5608990335385,826.960900000005 -5.31389007337915,42.5609010449911,826.028000000006 -5.31402502189442,42.5609189826466,826.0 -5.3141629878507,42.5609230055505,826.0 -5.31429106335568,42.5609280348418,826.0 -5.31441293689196,42.5609209940986,825.945399999997 -5.31453598272969,42.5609189826466,825.769 -5.31467294347119,42.5608990335384,825.0 -5.3147949840941,42.5608829405916,825.084799999997 -5.31490394883975,42.5608390194368,825.0 -5.31499396991269,42.5607749817026,824.743900000001 -5.31508499799707,42.5607069203233,824.576700000005 -5.31516898418793,42.5606319861569,824.5533 -5.31523402760437,42.5605449817937,824.452000000005 -5.31530493881628,42.5604680359663,824.231 -5.31539797822856,42.5603959519762,824.387499999997 -5.31547794086526,42.560322023172,824.075700000001 -5.31555404883108,42.5602350190383,824.400200000004 -5.31561305736545,42.5601470090448,823.507800000007 -5.3156879912332,42.560064028288,823.776199999993 -5.31576795476823,42.5599889266082,823.679300000003 -5.31583601652405,42.5599099692722,823.909400000004 -5.31592000271491,42.5598420756761,823.802500000005 -5.31600097236303,42.5597649622399,824.0 -5.31606500966638,42.5596819809751,823.984200000006 -5.31613592087826,42.5596010117561,823.464300000007 -5.3162150453868,42.5595220545909,823.993000000002 -5.3162849504856,42.5594479586702,823.740300000005 -5.31635602968247,42.5593599482282,824.001999999993 -5.31643096355018,42.5592789792531,823.553 -5.31650103663394,42.5592020331877,823.339399999997 -5.31656892950647,42.5591200582527,823.242100000003 -5.316631961595,42.559033054428,822.664999999994 -5.31671091901692,42.5589510792709,822.372099999993 -5.31679892876191,42.5588789948517,823.119500000001 -5.31689599172836,42.5588079161093,823.917799999996 -5.31697092559611,42.5587309707865,823.348899999997 -5.31706295889527,42.5586620714684,823.887300000002 -5.31715398697965,42.5585909924789,823.887400000007 -5.3172450141657,42.5585289666133,824.0046 -5.31735397891136,42.558464929155,824.534299999999 -5.31745204709262,42.5584050821044,824.738400000002 -5.31754408039179,42.558329980413,824.398799999995 -5.31763494049121,42.5582610813139,824.776899999997 -5.31773099644621,42.558196037149,824.555300000007 -5.31781498353537,42.5581309935781,824.100699999995 -5.31791992472686,42.558065950601,823.965400000001 -5.31801799290813,42.5580000685297,824.0 -5.31810801487939,42.5579390485125,824.0 -5.31819300718337,42.5578659578106,824.0 -5.31828906403671,42.5578069492147,824.0 -5.31837003278652,42.5577350328678,824.0 -5.31844195011151,42.5576500399928,823.872600000002 -5.31853197118445,42.5575880145153,823.4663 -5.31862098704259,42.5575110683499,823.254499999995 -5.31871402645487,42.5574450189447,823.426800000001 -5.31880505364096,42.5573850048294,823.180800000002 -5.31891703582763,42.5573300189142,823.989799999996 -5.31901007523991,42.5572530730924,823.319699999993 -5.3190989231131,42.5571850125034,823.8894 -5.31917804851994,42.5571109164543,823.059099999999 -5.3192680704912,42.5570490578518,823.241399999999 -5.3193480331279,42.5569789854612,822.876300000004 -5.31944291678149,42.5569030449973,823.036900000006 -5.31952707095728,42.5568299550671,823.133799999996 -5.31962295982565,42.5567729577389,823.2641 -5.31971801056587,42.5567099262575,823.505999999994 -5.31981607874713,42.5566549410709,823.738299999997 -5.31990593273344,42.5565920762206,823.126499999998 -5.32000701835572,42.5565240155724,822.903600000005 -5.32010894300449,42.5564450578221,822.952099999995 -5.32019997019054,42.5563719680172,823.0 -5.32030206192594,42.5563079296687,822.937600000005 -5.32039392724018,42.5562360129178,822.5622 -5.32049702508869,42.5561780105681,823.0 -5.32060096016707,42.5561139726822,822.777900000001 -5.32068192981521,42.5560330034654,822.0 -5.32075300811375,42.5559470051129,822.0 -5.32080698787917,42.5558579892192,822.0 -5.32085593797731,42.5557740029052,822.0 -5.32090807350145,42.5557510360478,822.0 -5.3209159526248,42.5556660437791,822.0 -5.32102994613941,42.5556350310546,822.0285 -5.32113907887002,42.555586918852,822.0 -5.32123798517944,42.5555270716881,821.983099999998 -5.32133202980654,42.5554529756556,821.516199999998 -5.32142892478803,42.5553790476122,821.620599999995 -5.32152397552825,42.5553039455874,821.081000000006 -5.32162506115053,42.5552320290029,821.0 -5.32169999591657,42.555155083241,820.379700000005 -5.32178901177472,42.5550809867669,820.928499999995 -5.3218820502887,42.5550159432576,820.982399999994 -5.32197693394226,42.554948050292,821.0 -5.32207902477936,42.5548830066442,821.0 -5.32217793198708,42.5548219862259,821.0 -5.32226594173211,42.5547529191452,821.0 -5.32235797503128,42.5546799967608,820.853000000003 -5.32243592634004,42.55460305098,820.809399999998 -5.32251002297796,42.5545299603412,821.0 -5.32257406028128,42.5544459742251,820.6829 -5.32263591917008,42.5543519290164,820.664099999995 -5.32268604246799,42.5542600634127,820.595199999996 -5.32275695367987,42.5541760769334,820.805300000007 -5.32282702586529,42.5540979572767,820.532099999997 -5.32291302428239,42.5540189997656,820.989799999996 -5.32298695293532,42.5539380304775,821.0 -5.32307395746553,42.553858067586,820.943100000004 -5.32312894244577,42.5537749189873,820.661300000007 -5.3232169521908,42.5536939493826,821.0 -5.32328199560724,42.553610968647,820.574399999998 -5.3233639713685,42.5535360345618,820.5285 -5.32343706099497,42.5534540594625,820.919699999999 -5.32352406552519,42.5533650439834,820.445900000006 -5.3236159308394,42.5532909480309,820.426800000001 -5.32371500513378,42.5532289215295,820.104600000006 -5.32380804454606,42.5531709190318,820.887100000007 -5.32390896218338,42.5531179450776,820.727299999999 -5.32401893304215,42.5530639658875,821.0 -5.32412001866444,42.5530059632365,820.857000000004 -5.32422495985593,42.5529380694078,821.0 -5.32432403415031,42.552870008745,820.916700000002 -5.32442294045973,42.5528120059138,820.481199999995 -5.32454498108264,42.5527679169497,820.417799999996 -5.32465897459725,42.5527070645329,820.939899999998 -5.32476492190186,42.552653923424,820.807400000005 -5.32486399619624,42.5525860298741,820.309399999998 -5.32497296094186,42.552528026779,820.0 -5.32508997279585,42.5524849441381,820.066099999996 -5.3251890461919,42.5524329761261,819.969800000006 -5.32526599228588,42.552359047814,820.0 -5.32535199070298,42.5522849519907,820.0 -5.32570503669445,42.5519459877397,819.440799999997 -5.32574392835639,42.5518509368622,820.0 -5.32582305376322,42.5517679556614,820.0 -5.32592497751367,42.5517079413806,820.0 -5.326021034367,42.5516330069958,820.0 -5.32609596823475,42.551553043798,820.0 -5.32617693788289,42.5514769359232,820.0 -5.32624801618143,42.5514009960434,820.0 -5.32632093872124,42.5513230443098,819.980100000001 -5.32643107666664,42.5512610184997,820.0 -5.32652495420711,42.5511850783571,820.0 -5.32662905727045,42.5511170171061,820.0 -5.32671907924168,42.5510400715649,820.0 -5.32680306543254,42.5509669813857,820.0 -5.32686693564924,42.5508880238841,820.0 -5.32694002617404,42.5508080603937,820.0 -5.32700406347736,42.5507210562303,820.0 -5.32705301447383,42.5506330460538,820.0 -5.32709693580302,42.5505430246286,819.8122 -5.32715493822427,42.5504489794946,819.822100000005 -5.32719701531218,42.5503619754925,819.566800000001 -5.32726205872866,42.5502850296822,819.783800000005 -5.32734101615053,42.5502129451792,819.761799999993 -5.32742802068075,42.5501410286841,820.0 -5.32750697810266,42.5500669322129,819.9326 -5.32760605239704,42.5500069182819,820.0 -5.32769791771125,42.5499410363056,820.0 -5.32781291733897,42.5498850452073,820.0 -5.32792892307982,42.5498500086397,819.995999999999 -5.32805599247171,42.5498159786191,819.737200000003 -5.32816797465838,42.5497740687657,820.0 -5.32828498651237,42.5497209278067,820.0 -5.32839596258593,42.5496669483258,820.0 -5.32850794477261,42.5496099510733,819.891099999993 -5.32862294440033,42.5495759209219,820.0 -5.32873593270015,42.5495179176765,819.949999999997 -5.32886702564618,42.549487072637,820.0 -5.3289820252739,42.5494419780603,820.0 -5.32910792146605,42.5494010738674,820.0 -5.32922392720689,42.5493539680657,820.0 -5.32934194427564,42.5493229548517,820.0 -5.32946398489858,42.5492959652759,819.844899999996 -5.3295709383163,42.5492439972558,819.943499999994 -5.32967906403547,42.5491980646824,819.990300000005 -5.32979506977631,42.549144923233,820.0 -5.32989297087095,42.5490800469255,820.0 -5.33001098793969,42.5490589246539,820.0 -5.33011894657223,42.5490099741904,820.0 -5.33022992354412,42.5489529776617,819.982000000004 -5.33035397549496,42.5489090567132,819.953200000004 -5.3304619341275,42.548863961719,819.960600000006 -5.33056100842185,42.5488109880799,819.944199999998 -5.33066997316751,42.5487650551879,819.941000000006 -5.33075697679939,42.548701017637,820.0 -5.3308770060944,42.548668998837,819.934800000003 -5.33098496472694,42.5486200480678,819.958499999993 -5.33108806257545,42.5485560103682,820.0 -5.33118395144383,42.5484800709054,819.998900000006 -5.33128604317926,42.5484190501829,820.0 -5.33140992714514,42.5483989336154,819.709900000002 -5.3315349852091,42.5483389194042,819.969100000002 -5.33165601971889,42.5482899690379,820.0 -5.33178493425039,42.5482510772742,819.770399999994 -5.33189708352372,42.5482019587426,819.979399999997 -5.33201694483377,42.5481610550608,819.981700000004 -5.33214300901085,42.548118977985,820.488800000006 -5.33226303740752,42.5480909826176,820.0 -5.33238206058941,42.5480490729296,820.0 -5.33249907154507,42.548016048523,819.980100000001 -5.33262295640925,42.5479790003607,820.0 -5.33274902058633,42.5479570398786,819.882199999993 -5.33286603154199,42.5479169745365,819.959799999997 -5.33299393996034,42.5478889790785,820.0 -5.33312201456705,42.5478640007555,820.0 -5.33324606741619,42.5478370112107,820.0 -5.33338403337247,42.5478190737656,820.0 -5.33351898188771,42.5477919161038,820.0 -5.33363901118271,42.5477659324658,820.0 -5.3337689300307,42.5477469890619,820.0 -5.33388795321259,42.5477179882507,820.0 -5.33401502260445,42.5477149704343,820.0 -5.33414008066841,42.5477240232213,820.0 -5.33426094809157,42.547760064935,820.0 -5.33438600615556,42.5477800142727,820.0 -5.33451408166054,42.5477699555559,820.0 -5.33463394297059,42.547741960032,820.051000000007 -5.33473603470602,42.5476859689465,820.0 -5.33484097589751,42.5476360127899,820.0 -5.3348949547646,42.5476080172059,820.209900000002 -5.3349809531817,42.5475330831933,820.0 -5.33508002747608,42.5474740747542,820.0 -5.33518396345275,42.5474070193713,820.0 -5.33526895575673,42.5473169979261,820.0 -5.33534506372255,42.5472340166538,820.0 -5.33544296391886,42.5471740026462,820.0 -5.33551705965842,42.5470930330817,820.0 -5.33559501186551,42.5470219548133,820.0 -5.33565703784093,42.5469409857133,819.936900000001 -5.33572493161179,42.546898069963,819.979600000006 -5.33580506223345,42.5468189451705,820.0 -5.33587295600431,42.5467319407413,820.0 -5.33596297707725,42.5466549950889,819.634600000005 -5.33607395404913,42.5465839163217,819.688099999999 -5.33617302744519,42.5465289314791,819.289900000003 -5.33627293986773,42.5464759578438,819.783599999995 -5.33635005394666,42.5463980059158,819.0 -5.33644108113271,42.5463289387784,818.609700000001 -5.33654903976525,42.5462809947834,818.853199999998 -5.33666001673714,42.5462350613532,818.8079 -5.33677702769277,42.5461929843028,818.742400000003 -5.33691499364905,42.5461819206904,818.559200000003 -5.33705295960533,42.5461879551477,818.755799999999 -5.33717198278723,42.5462139394425,819.351899999994 -5.33729402341013,42.5462489754038,820.0 -5.33742595448435,42.5462719417871,819.0 -5.33755503610248,42.5462950762634,819.0 -5.33767607061227,42.5463259215567,818.892800000001 -5.33779894936337,42.5463400030266,818.470799999996 -5.33792702486838,42.5463400030266,818.638200000001 -5.33793607719149,42.5463170366684,818.4087 -5.33793792143277,42.5463120075232,818.390499999994 -5.33802207560859,42.5463170366684,818.242800000007 -5.33800799361819,42.5463059724161,818.448799999998 -5.33806901437879,42.5463089903006,818.566999999995 -5.3381280229132,42.5463259215567,819.140899999999 -5.33808996937942,42.5462880351929,818.454700000002 -5.33800899973131,42.5463099956003,818.422699999996 -5.33798804473068,42.5463089903006,818.681500000006 -5.33799491863924,42.5463029551933,818.561700000006 -5.33805292106049,42.5462880351929,818.523000000001 -5.33816104767799,42.5462679186005,819.0 -5.3382669949826,42.5462199738967,818.890700000004 -5.33836204572281,42.5461520806282,818.0 -5.33843999703158,42.5460759734478,817.981400000004 -5.33853102511596,42.5459990269869,818.229800000001 -5.33861802874784,42.545931972005,818.0 -5.33870402716494,42.545861061179,818.069799999997 -5.33879807179204,42.5457930000791,817.971300000005 -5.33888306499431,42.5457229276251,818.0 -5.33895799886206,42.5456459813908,817.828299999994 -5.33905405571539,42.5455750709018,818.010699999999 -5.3391459210296,42.5455060035157,817.894499999995 -5.33920593567712,42.5454189992421,817.799700000003 -5.33927097909359,42.5453410479798,817.867800000007 -5.33934691907442,42.5452629285158,817.409299999999 -5.33941699215818,42.5451749185855,817.415500000003 -5.33949091991281,42.5450999842996,817.373500000002 -5.33958395932509,42.545027061888,818.0 -5.33964598530051,42.5449459247427,818.0 -5.33972896627656,42.5448669675668,818.0 -5.33982099957572,42.5447920329112,818.0 -5.33988906043324,42.5447120695534,818.0 -5.33996801785512,42.5446339506261,818.0 -5.34002400894848,42.5445539870659,817.956200000001 -5.34010296726869,42.5444599421742,817.578599999993 -5.34021394334224,42.5444329524812,818.0 -5.34032994908312,42.5443900369923,817.924499999994 -5.34044595392563,42.5443560066425,817.607900000003 -5.34057905909792,42.5443280109112,818.0 -5.34069892040797,42.5442780547148,817.982999999993 -5.34080704702543,42.5442160285224,817.4954 -5.34091701698591,42.5441560142608,817.798699999999 -5.34100603284402,42.5440849359576,817.022599999997 -5.34110493915345,42.5440279389029,817.142399999997 -5.34123402077157,42.5439989376877,818.0 -5.34134700907136,42.5439409345549,817.771999999997 -5.34144004848368,42.5438700241147,817.589300000007 -5.34154800711618,42.5438200675518,818.0 -5.34164607529745,42.5437469775223,817.0 -5.34175202260206,42.5436970215227,817.378800000006 -5.34187406322496,42.5436480708256,817.375899999999 -5.34197598697544,42.5435989533052,817.199800000002 -5.34206902638772,42.5435409504626,817.236099999995 -5.34218503123026,42.5434980350223,817.342399999994 -5.34227807064254,42.5434239392698,817.739000000001 -5.34236004550547,42.5433469928493,817.058600000004 -5.34246297536906,42.5432829550351,817.600699999995 -5.34253304845278,42.5431969569842,817.654399999999 -5.34261804075677,42.5431230283225,818.0 -5.34267202052218,42.5430390420797,818.0 -5.34272298194826,42.5429439908759,818.0 -5.34278299659574,42.5428539696132,818.0 -5.34284804001221,42.5427639482208,817.500599999999 -5.34291794511101,42.5426759380769,816.862599999993 -5.34301098452329,42.5426030154813,816.858099999998 -5.34311592571478,42.542550041824,817.709300000002 -5.34323595500979,42.5424990795056,817.633499999996 -5.34335095463751,42.5424650494488,817.929900000003 -5.34348808246564,42.542449961743,817.657200000001 -5.34360995510359,42.5424290073255,818.0 -5.3437380306086,42.5424239778671,818.0 -5.34386694424176,42.5424429209007,817.942899999995 -5.34400407206989,42.5424549911993,818.0 -5.34413700925719,42.5424709168154,818.0 -5.34427396910036,42.5424839924699,817.808300000004 -5.34439902716432,42.5424880159004,818.0 -5.34452106778726,42.5424640434254,818.0 -5.34464294132354,42.542413919611,817.960900000005 -5.34474704438687,42.5423659752566,818.0 -5.34482801313669,42.5422900348822,817.729399999997 -5.34489506877939,42.5422080602359,817.204199999993 -5.34496497387815,42.5421240734241,817.457999999999 -5.34498106719649,42.5420300281814,817.725999999995 -5.34498794020671,42.5419329660248,817.8986 -5.34499900385777,42.5418429446282,818.0 -5.34499498120193,42.5417420261544,818.0 -5.34505097229525,42.5416610568249,817.861999999994 -5.34512305670691,42.5415750585256,817.307000000001 -5.34517603035921,42.5414880547305,816.3223 -5.34527493666863,42.5414209995365,816.5717 -5.34537401006468,42.5413509268083,817.236799999999 -5.34545196227178,42.5412669401673,816.512300000002 -5.34554298945783,42.5412000521891,816.386799999993 -5.34564994287555,42.5411340027307,817.262400000007 -5.34573795262058,42.5410709713401,816.813599999994 -5.34585395836142,42.5409960367614,817.139899999995 -5.34594196810645,42.5409189232039,816.916100000002 -5.34603199007768,42.5408449951541,816.835099999997 -5.34612804693101,42.5407739163907,816.425799999997 -5.34621806800395,42.540708034598,817.035799999998 -5.34629501409793,42.5406379617315,816.851899999994 -5.34638000640191,42.5405700683494,817.287700000001 -5.34643499138215,42.5404810530287,817.233999999997 -5.34647203970111,42.5403860019018,817.359899999996 -5.34649802347068,42.540288939837,816.741599999994 -5.34651495491714,42.5401920444155,817.0 -5.34656306688715,42.5400959881108,817.0 -5.34660296556051,42.540003954587,816.4568 -5.34667102641799,42.5399270092467,816.775099999999 -5.34673606983446,42.5398470456147,816.289900000003 -5.34682206825156,42.5397749609722,816.845700000005 -5.34689096723721,42.5396970092817,816.558600000004 -5.34699104764471,42.5396289487426,816.683399999994 -5.34708207483075,42.5395610549252,816.783800000005 -5.34716606102162,42.5394889706144,816.643500000006 -5.3472369722335,42.5393999550763,816.394499999995 -5.34731106797309,42.5393169738708,816.539199999999 -5.34739991674458,42.5392410337593,817.0 -5.34747702992521,42.539160064496,816.404500000004 -5.34756906322438,42.539089991878,816.035300000003 -5.3476619346517,42.539024948252,816.295100000003 -5.34775396795087,42.5389560490217,816.0 -5.34783795504006,42.5388720624687,816.0 -5.34789595746132,42.5387860642994,816.0 -5.34792596478506,42.5386930254083,816.0 -5.34793702843611,42.5386019978879,815.0 -5.34797994455048,42.5385159993466,814.046499999997 -5.34803995829967,42.5384980618709,814.0 -5.34806292462823,42.5384529672989,814.0 -5.34812998027093,42.5384209485379,814.0 -5.34819502368741,42.5384249722302,814.0 -5.3483259495468,42.5384400595848,814.0 -5.34845905382076,42.5384529672989,814.0 -5.34858293868495,42.5384749278148,814.0 -5.34871805428684,42.5384910212448,814.359299999996 -5.34883892171,42.5385019180977,815.0 -5.34897705565125,42.5385190169458,814.850200000001 -5.34910898672543,42.5385409774385,815.0 -5.34923404478942,42.5385470126343,814.589000000007 -5.34935994098154,42.5385740022241,814.418300000005 -5.34946605537277,42.5386189292485,815.0 -5.34957502011843,42.5386759259458,815.0 -5.34966906564383,42.5387339286748,815.0 -5.34976897716807,42.5387870703821,815.269799999995 -5.34988598902202,42.5388259620848,815.142000000007 -5.35000299997768,42.5388549637173,815.7788 -5.35010006294413,42.5389089432809,816.006099999999 -5.35022193558208,42.5389359327143,816.0 -5.35034397620502,42.538962922136,815.536600000007 -5.35047104559688,42.5389989649364,816.0 -5.35057296934736,42.5390630025112,815.865999999995 -5.35070104485233,42.5390350070541,816.0 -5.35082694104448,42.5390319894798,816.0 -5.35094697033949,42.5390140521523,815.888099999996 -5.35088494436407,42.5390450651926,816.0 -5.35095300522155,42.5390410415403,816.0 -5.35108191885472,42.5390070115844,815.924799999993 -5.35121100047285,42.5389770039429,816.0 -5.35133907597782,42.5389459908688,815.4378 -5.35146295994374,42.5389119601992,815.710200000001 -5.35158298923871,42.5388720624687,815.0 -5.35170402374854,42.5388609982208,815.688299999994 -5.35183796615066,42.5388539576357,815.592999999993 -5.35196704776878,42.5388450730078,816.0 -5.35208892040673,42.5388110422832,815.754300000001 -5.35221599069695,42.5387909259291,816.0 -5.35233601909363,42.53876293035,815.798500000004 -5.35246694495303,42.5387349347583,815.772800000006 -5.35259703178594,42.5387089506601,815.718699999998 -5.35271706018265,42.5386849787198,815.879499999995 -5.35284195115995,42.5386640237006,815.681100000002 -5.35296600311082,42.5386450808443,816.0 -5.35309994551294,42.538628987454,816.0 -5.35318292648899,42.5386130615198,815.856400000004 -5.35330798455295,42.5385909335922,815.422000000006 -5.3534330426169,42.5385740022241,816.0 -5.35355206579879,42.5385510356566,815.647299999997 -5.35369204398131,42.5385280690806,815.961200000005 -5.35382296894241,42.5385049350357,815.747000000003 -5.35394903311949,42.5384869982187,815.5236 -5.35407995808055,42.538453973387,815.563599999994 -5.35419797514933,42.5384249722302,815.142300000007 -5.35433007420851,42.5383979819141,815.409100000004 -5.35445798172852,42.5383649576972,814.856199999995 -5.35458102846458,42.5383280772257,814.330400000006 -5.35470407430231,42.538312989844,814.772599999997 -5.35482896527964,42.5382980699198,814.611999999994 -5.35495201111736,42.5382819764401,815.108300000007 -5.35508494830466,42.5382620280387,814.927899999995 -5.35521201769656,42.5382439230287,815.053499999995 -5.35534294355596,42.5382179387262,815.049700000003 -5.35545693707057,42.5381820642602,814.425600000002 -5.35558098902141,42.538144010788,814.0677 -5.35571593753664,42.5381240616806,814.152400000006 -5.35584099560063,42.5381099796814,814.845700000005 -5.35596605366459,42.5380799729326,814.698900000003 -5.35609194985671,42.5380469478857,814.741399999999 -5.3562190201469,42.5380199580681,813.8557 -5.35633804243046,42.537984922122,812.951199999996 -5.35645404817133,42.5379399953035,812.401599999997 -5.35659201412762,42.5379309424215,812.527199999997 -5.35671606697676,42.5379269193592,813.452499999999 -5.35682804916346,42.5378880270965,812.8367 -5.3569710438887,42.5378689165426,813.072 -5.35710297496288,42.5378499734451,813.397700000001 -5.35721998681684,42.5378239896406,812.623399999997 -5.35734403876771,42.5377990112619,812.677200000006 -5.35746892884672,42.5377879474858,812.977100000004 -5.35759298169586,42.5377629690927,812.490099999995 -5.35770697521046,42.5377289384403,812.286800000002 -5.35783303938757,42.5377150244766,812.070900000006 -5.35795591813864,42.537700943047,812.888200000001 -5.3580870110847,42.5376709361017,813.172399999996 -5.35817300860346,42.5376020367012,813.0 -5.35828398557535,42.5375589536871,812.768800000005 -5.35840200264413,42.5375369928491,812.3416 -5.35853695115936,42.537506985825,812.515199999994 -5.35867005543332,42.5374759726827,812.432199999996 -5.35880098129272,42.5374590416742,812.585699999996 -5.35895604668042,42.5374489832802,812.668000000005 -5.35908998908254,42.5374300400553,813.0 -5.35922007591548,42.5373980214317,812.794200000004 -5.35934697822072,42.5373639905804,812.931599999996 -5.3594579551926,42.5373249311653,813.0 -5.3595850245845,42.5372900622931,813.0 -5.35969398933012,42.5372469790638,813.0 -5.35981602995306,42.5372169719003,812.922099999996 -5.35993203479561,42.5371780798574,812.929699999993 -5.36005105797746,42.5371249387665,812.944499999998 -5.36017192540063,42.5370719650948,811.872900000002 -5.36029195379734,42.5370369286169,812.027400000006 -5.36035297455794,42.5370409517365,812.217399999994 -5.36048306139088,42.5370059159031,812.498800000001 -5.36060007324484,42.5369579713675,812.0 -5.36072898687801,42.5369190791633,812.0 -5.36085102750092,42.5368770017915,812.0 -5.36096703234346,42.5368159816421,812.0 -5.36107398576118,42.5367579791174,811.477299999999 -5.36118596794786,42.5367209308933,812.0 -5.3613100198987,42.5366760038273,811.648499999996 -5.3614139558754,42.5366240358923,811.443599999999 -5.36152593806208,42.5365740801507,811.385399999999 -5.36163406467958,42.5365269739369,811.775800000003 -5.36174504075313,42.5364820467314,811.711800000005 -5.36185601682673,42.5364379581479,812.0 -5.36195307979317,42.5363690587108,812.0 -5.36204896866155,42.536308038727,811.7163 -5.36216497440239,42.5362440009746,811.692299999995 -5.36227393914804,42.536190021093,811.480299999996 -5.3623929623299,42.536142076593,812.063200000004 -5.36249605928012,42.5360859182277,811.988700000002 -5.36260301269784,42.5360220477148,811.946899999995 -5.3627200236535,42.5359769533405,811.937600000005 -5.36283904683539,42.5359340379966,812.0 -5.36294700546793,42.5358830762356,812.0 -5.36306904609084,42.5358359695005,811.888900000005 -5.36318907538585,42.5357900369907,811.901800000007 -5.36330591925485,42.5357539943239,811.987200000003 -5.36343298864674,42.5357159406958,812.0 -5.36356307547965,42.5356810722491,811.918300000005 -5.36369098389803,42.5356569323401,812.0 -5.36380598352575,42.5356259189409,812.0 -5.36393405903076,42.535591050444,811.656199999998 -5.36405308131432,42.5355489735012,811.769799999995 -5.36417696617851,42.5355070639987,811.0291 -5.36429498324728,42.5354569398949,811.0 -5.36440294277812,42.5354140248555,810.987999999998 -5.36451207461044,42.5353689300422,810.995500000005 -5.36462204546918,42.5353189739586,811.388300000006 -5.36472698666067,42.5352730410685,811.202399999995 -5.36480896152363,42.5352039742006,810.784700000004 -5.36491893238237,42.5351369188774,811.009699999995 -5.36500794824052,42.5350750603408,810.984200000006 -5.36509394665761,42.5350090110228,811.0 -5.36519704360783,42.5349459794067,810.920899999997 -5.36529293247621,42.5348849586943,810.898499999996 -5.3653950242116,42.5348200827923,811.0 -5.36549795407519,42.534769959461,811.025699999998 -5.36560893014875,42.534709944725,811.0 -5.36571605155143,42.5346630058998,810.977299999999 -5.36582903895293,42.5346090266374,810.921600000001 -5.36594303336586,42.5345520295377,811.0 -5.36606205654772,42.5344819570443,810.999899999995 -5.36616699773921,42.5344189248962,810.786600000007 -5.36626204847943,42.534360922131,810.994699999996 -5.3663720193382,42.5343010757976,810.855200000005 -5.36646807529324,42.534242066767,810.921799999996 -5.36656798771574,42.5341740055778,810.472800000003 -5.36666102712805,42.534114997089,810.124500000005 -5.36676596831955,42.5340549830476,809.913199999995 -5.36686202517288,42.5339939627885,810.034799999994 -5.3669689785906,42.5339309308099,810.023199999996 -5.36706704677183,42.5338670607407,809.906099999993 -5.36716595308125,42.5337969881407,810.0 -5.36727206747252,42.533731944297,809.900500000003 -5.3673840496592,42.5336749470587,809.634399999995 -5.3674899969638,42.5336179504304,809.7981 -5.36758806514507,42.533552068369,810.0 -5.36770105344486,42.5334999330083,809.951100000006 -5.36776307942028,42.5334660701546,810.0 -5.36816205806887,42.5333110048462,809.857999999993 -5.36826599404558,42.533251996866,809.4136 -5.36834193402644,42.5331750504872,809.0 -5.36842105943328,42.5331069894591,809.0 -5.36852298318375,42.5330469751109,809.0 -5.36863295404249,42.5329950074658,809.0 -5.36874895888504,42.5329239290341,809.0 -5.36886597073899,42.5328790018843,809.0 -5.36899304013089,42.5328800074002,809.589500000002 -5.36911508075383,42.5328379306166,809.267300000007 -5.36911994243612,42.5327839511008,809.604699999996 -5.36918699718052,42.5327720490565,809.990000000005 -5.36927400171074,42.5327080109879,809.509300000005 -5.36934793036367,42.5326280473791,809.0 -5.36939704754846,42.532536014102,808.737800000003 -5.36946594743244,42.5324490102896,808.884999999995 -5.3695239498537,42.5323690470112,808.534599999999 -5.36960894215768,42.5322760078268,808.0 -5.36969292924684,42.5321960443269,808.0 -5.36975294389436,42.5321140696681,808.0 -5.36982100475185,42.5320349440124,808.0 -5.36989694473271,42.5319620215669,808.0 -5.36996601170332,42.5318790410689,808.0 -5.37004094557106,42.5317930425367,808.0 -5.37009894889065,42.5317050328165,808.0 -5.37015292775774,42.5316190340447,808.0 -5.37022702439566,42.5315489615703,808.0 -5.37029491726819,42.5314700040021,808.0 -5.37033196558715,42.5313819938266,807.727199999994 -5.37039298544945,42.5312970014754,807.811499999996 -5.37048200130757,42.5312230732876,807.256099999999 -5.37055693607365,42.5311429422833,807.9565 -5.3706169498228,42.5310569440615,807.5861 -5.37068299935239,42.5309759747782,807.181899999996 -5.37075106020991,42.530900034453,807.0 -5.37082700019074,42.5308190656283,807.145900000003 -5.37090193495682,42.5307389341056,807.041800000006 -5.37096999581431,42.5306559533067,807.175000000003 -5.37104006889806,42.5305709612914,807.0 -5.37110008264725,42.5304889858237,807.0 -5.37116596509018,42.5304100282395,807.0 -5.37123301983455,42.5303310712175,807.0 -5.37128800481479,42.5302390378656,807.0 -5.3713570717854,42.5301629298235,807.0 -5.37142898911042,42.5300769315763,807.0 -5.3715020787369,42.5299959623466,807.0 -5.37158807715396,42.5299260575208,807.0 -5.37165094125757,42.529837041591,807.0 -5.37172101434129,42.5297570782784,807.0 -5.37179494299422,42.5296829821078,807.0 -5.37185797508276,42.5296020130294,807.0 -5.37192804726818,42.529519032044,807.0 -5.37200298203426,42.5294360516104,807.0 -5.3720760716607,42.5293540759772,807.0 -5.37215000031366,42.5292819918002,807.0 -5.3722130324022,42.5291929762765,806.970000000001 -5.37227606359241,42.5291140183779,807.0 -5.37234395736327,42.5290290262506,806.824299999993 -5.37241201822079,42.5289549298783,806.473499999993 -5.37248997042788,42.5288850252114,806.198300000004 -5.37257295140393,42.5288109286683,806.0 -5.37262106337391,42.5287269423733,806.0 -5.37269800856956,42.5286499963777,806.0 -5.37279892710521,42.5285980283841,806.0 -5.37287101151687,42.5285210828917,806.0 -5.37290101884065,42.528429049521,806.0 -5.37298601114459,42.5283559593498,806.0 -5.37310704565442,42.5283350048367,806.0 -5.3732309305186,42.5283249462971,806.0 -5.37334492403321,42.5282929276393,806.0 -5.37341600323008,42.5282959450705,806.0 -5.37351993830846,42.5282469942159,806.0 -5.37361297772074,42.5281859742405,806.0 -5.37373702967158,42.5281599903871,806.0 -5.37386795463268,42.5281450706852,806.0 -5.37398697781457,42.5281120456806,806.039600000004 -5.37410700710958,42.5280780150653,806.0 -5.37422100062419,42.5280449906871,806.0 -5.37434907612916,42.5280250416638,805.689799999993 -5.37446893743921,42.5279809530681,806.0 -5.37454001573775,42.5279040068157,806.0 -5.37455392974319,42.5278010771277,806.0 -5.37454001573775,42.5277040147002,806.0 -5.37452995819985,42.5276079583848,805.223599999998 -5.37451403196817,42.5275120694117,805.0 -5.37451503808129,42.527422047748,805.912200000006 -5.37451202064024,42.5273320259545,805.876600000003 -5.37450095609089,42.5272369753358,805.238800000006 -5.37452492853256,42.5271479595459,805.0 -5.37454806284608,42.5270549205285,805.358800000002 -5.37455493585631,42.5269600369797,805.0 -5.37460405393943,42.5268720270698,805.0 -5.37467094159715,42.52678703454,805.0 -5.37475895134218,42.5267090831876,805.0 -5.37488903817509,42.5266889662454,805.0 -5.37501392915242,42.5266839375053,805.0 -5.37513596977533,42.5266529242845,805.0 -5.3752600217262,42.5266180554121,804.740999999995 -5.37538507979016,42.5265959272064,805.0 -5.37550007941789,42.5265570351695,804.920400000003 -5.37562094594272,42.5265179756156,804.807400000005 -5.37573996912461,42.5264889742121,804.928899999999 -5.3758610036344,42.5264509202351,805.0 -5.37597801548839,42.5264080049656,804.646399999998 -5.37609502644402,42.5263669334151,804.680099999998 -5.37621304351279,42.5263419557502,804.948300000004 -5.37632703792573,42.5263089311164,805.0 -5.37629300704782,42.5262700389008,804.655899999998 -5.37622695751824,42.5261870581233,804.289000000004 -5.37615805853256,42.5261000540735,804.0 -5.37608698023402,42.5260209287435,803.866999999998 -5.37602696558653,42.5259419714697,803.967499999999 -5.37596594572423,42.5258509439004,803.9565 -5.37590106939441,42.525772992042,803.932400000005 -5.37583803730588,42.5256839761521,804.0 -5.37576997644836,42.5256050184524,804.0 -5.37571398535503,42.5255170086196,804.0 -5.37564994805168,42.5254249754572,803.805699999997 -5.37558993340416,42.525337971008,803.755099999995 -5.37552103441851,42.5252509670998,804.0 -5.37545498488892,42.5251699975728,804.0 -5.37538792924622,42.5250930518301,803.495899999994 -5.3753339494808,42.5250040362954,803.959199999998 -5.3752729296185,42.5249230671104,803.172000000006 -5.37520302451973,42.5248459535663,803.266799999998 -5.37516094743182,42.524749058679,803.161800000002 -5.37509992756952,42.524664065909,803.195600000006 -5.37504494169098,42.5245760560746,803.427899999995 -5.37497101393635,42.5244920693822,803.184899999993 -5.37490496440676,42.5244089213928,804.0 -5.37484193231823,42.5243190673903,804.0 -5.37477504466048,42.5242330690422,803.126699999993 -5.37471905356716,42.524151932021,803.588499999998 -5.37466507380174,42.5240639221272,803.425399999993 -5.37460992083655,42.5239789297492,803.572199999995 -5.3745349869688,42.5239060071673,803.388300000006 -5.37448603687066,42.5238230258978,803.596000000005 -5.37442702833626,42.5237430628313,803.811300000001 -5.3743609788067,42.5236600820075,803.829500000007 -5.37430901036918,42.5235759272452,803.948600000003 -5.37423994429688,42.5235019991881,803.267800000001 -5.37418797585939,42.5234139890408,803.999400000001 -5.37413097955122,42.5233269851013,803.995800000004 -5.3740749884579,42.5232450100579,803.912400000001 -5.37401497381038,42.5231600172279,803.861499999999 -5.37394003904434,42.5230740192706,803.777700000006 -5.37387801306891,42.5229839978321,803.810400000002 -5.37380995221142,42.5229030280152,803.641600000003 -5.37373200090263,42.522819041722,803.566999999995 -5.3736699749272,42.5227310319368,803.092900000003 -5.37360694283867,42.5226510681347,803.346900000004 -5.37355396918636,42.5225670815027,803.265499999994 -5.37349194321094,42.522480077708,803.260599999994 -5.37343192856342,42.5223940794768,803.269 -5.37338297846529,42.5223040577207,803.457899999994 -5.3733229638178,42.5222180592472,804.0 -5.37337493135699,42.5221350783841,803.938800000004 -5.37348791965678,42.5220859604938,803.0 -5.37359403404804,42.5220360043792,803.0 -5.37369897613783,42.52198403618,803.072899999999 -5.37380307920116,42.5219320685997,803.238899999997 -5.37391992307016,42.5218829505498,803.553599999999 -5.3740320723435,42.5218450645827,803.0 -5.37414405453021,42.5218029876485,803.639200000005 -5.37425000183481,42.5217560483926,803.0 -5.37438193380733,42.5216980457854,803.075800000006 -5.37448905431168,42.5216529510002,803.051000000007 -5.3746129382776,42.5216100357452,803.0 -5.37472995013155,42.5215600799122,803.0 -5.37485299596928,42.5215190084848,803.0 -5.37496598426907,42.5214680462173,803.0 -5.37507293768679,42.5214100440048,802.960300000006 -5.3751869312014,42.5213550581808,803.0 -5.37529103426473,42.5213039289349,803.0 -5.37540905133351,42.521252967154,803.0 -5.37551801607916,42.5211999932616,803.0 -5.37562999916417,42.5211599279642,803.0 -5.37575706855606,42.521124052969,803.0 -5.37587491763985,42.521074934946,803.0 -5.37598807392463,42.521025985054,803.0 -5.37610407876714,42.5209699938464,802.996499999994 -5.37620499730279,42.5209160146677,802.801300000006 -5.37632200825845,42.5208709199803,803.0 -5.37643298523034,42.5208330333995,803.0 -5.37653608218056,42.5207830776073,803.0 -5.37665594349057,42.5207349650276,803.0 -5.3767709431183,42.5206819913582,803.0 -5.37688694885917,42.5206400818113,803.0 -5.37700597204103,42.5205969990141,803.0 -5.3771239891098,42.5205750388327,803.0 -5.37724804106065,42.5205780559746,803.654599999994 -5.3772510585017,42.5205289381844,802.677500000005 -5.37725307072793,42.5204380781822,803.047999999995 -5.37715097899253,42.5203829253177,803.0 -5.37704000291894,42.5203289456319,802.834000000003 -5.3769320433881,42.5202799958175,803.0 -5.37683196387893,42.5202159575217,802.935400000002 -5.37673004012849,42.5201649961777,802.793099999995 -5.37662895360788,42.5201130277464,802.377600000007 -5.37653507696574,42.5200449670517,802.937999999995 -5.37644203755346,42.5199819349007,803.0 -5.37634899814114,42.5199120301243,802.954899999997 -5.37625294218614,42.5198540271294,802.974199999997 -5.37615403497842,42.5197950183542,803.0 -5.37605697291028,42.5197380216402,802.998099999997 -5.37594800816462,42.5196820306027,802.964500000002 -5.37584507830106,42.5196210102064,803.0 -5.37574399267878,42.5195650190639,803.0 -5.3756449183844,42.5195100342646,802.959300000002 -5.37553796586497,42.5194510251645,802.809299999994 -5.37543503600141,42.5193940281368,803.0 -5.37532808258369,42.5193360253231,803.0 -5.37523403795659,42.519275005251,802.882700000002 -5.37512892878015,42.5192129793834,803.0 -5.37502599891659,42.5191499470552,803.0 -5.37493899438638,42.5190860771003,803.0 -5.37482600698488,42.5190409824163,803.0 -5.3747490608909,42.5189680600299,803.0 -5.37464194038652,42.518914080446,803.0 -5.37454403929192,42.5188520542201,803.0 -5.37452794597361,42.5187999191698,803.179300000003 -5.3745349869688,42.5187660562921,803.499200000006 -5.3744079175769,42.5187519745629,803.0 -5.37428805626686,42.5187169384018,802.714900000006 -5.37417791742316,42.5186569241321,802.056100000002 -5.37409694867334,42.5185870185355,802.0 -5.37401195636936,42.5185139287672,802.0 -5.37392796928017,42.518442011514,802.0 -5.37382001064766,42.5183999349366,802.0 -5.37370199357888,42.5183479670236,802.0 -5.37359504016116,42.5182899639011,802.0 -5.37350401297511,42.5182190534663,802.0 -5.37348104664655,42.5181669178878,802.0 -5.37338599590634,42.5181080770209,802.0 -5.37328407125757,42.5180529240862,802.0 -5.37316001930672,42.5180150377831,802.0 -5.37307804444379,42.5179429531022,802.0 -5.3729670683702,42.5178960149192,802.510999999999 -5.37286799407585,42.5178309710705,802.467499999999 -5.37279406542289,42.5177570428369,803.0 -5.37270102690894,42.5176889815623,803.799499999994 -5.37260798749663,42.5176299727288,804.0 -5.37251293675641,42.5175610737322,803.712599999999 -5.37240296589767,42.5175040769669,803.186000000002 -5.37232099103471,42.5174680350042,802.963900000002 -5.37231998492159,42.5174199225205,800.906099999993 -5.37222292285348,42.5173919272937,800.2693 -5.37210406765654,42.5173500175264,801.0 -5.3720519321324,42.5173240338008,801.943100000004 -5.37198202703363,42.5172489316824,804.0 -5.37194196127362,42.517211045554,803.950500000006 -5.37195503715091,42.5171609219967,804.0 -5.37199694625386,42.5170640271092,802.993600000002 -5.37204002945489,42.5169800402506,803.0 -5.37207892201512,42.5169439979857,803.0 -5.37213692443638,42.5168590058541,802.393800000005 -5.37219207740158,42.5167780367074,802.329100000003 -5.37222392896659,42.5166900263585,802.0 -5.3722740522645,42.5166159305801,802.0 -5.37232702591681,42.516527920665,802.0 -5.372378993456,42.516441922187,802.147400000002 -5.37242006532909,42.5163460332909,802.045100000003 -5.37246298054516,42.5162499767275,802.124200000006 -5.37251595419746,42.5161569373718,802.036699999997 -5.37253992663914,42.5160540075316,802.0 -5.37260295782938,42.5159519157892,802.0 -5.37265207591247,42.5158650795743,802.0 -5.37271594612917,42.515773046099,802.0 -5.37278400698666,42.5156930826621,802.0 -5.3728200491925,42.5156060785655,802.0 -5.37288492552231,42.5155289654407,802.0 -5.37295700993397,42.5154550371322,802.0 -5.37301300102732,42.5153619979172,801.834000000003 -5.37313403553711,42.5153130475226,802.0 -5.3732450116107,42.5152729817612,802.0 -5.37335799991049,42.5152320783593,802.098199999993 -5.37345891844615,42.5151589879776,802.640799999994 -5.37355296307325,42.5150899213819,802.7549 -5.37363695016241,42.5150180041609,802.131399999998 -5.37372998867639,42.5149579896495,802.635800000004 -5.37384096564828,42.5149110512108,802.964399999997 -5.37393400416227,42.5148389669222,803.0 -5.37404095757999,42.5147930342011,803.0 -5.37415092843876,42.5147279904334,803.0 -5.37424597917898,42.5146560741203,803.0 -5.37434404736021,42.5145910302101,802.998200000002 -5.37444999466482,42.5145300101394,802.651599999997 -5.37452006685024,42.5144560813115,802.143299999996 -5.37459500161632,42.5143829913466,802.839800000002 -5.37472995013155,42.5143310234038,802.450299999997 -5.37484394364616,42.5142639681863,802.532800000001 -5.37499398026491,42.5142069717246,802.006699999998 -5.37509405977408,42.5141509803661,802.138300000006 -5.37523001440243,42.5141000180487,802.0 -5.37535104891225,42.5140440272565,802.645900000003 -5.37543704732935,42.5140049678256,802.2981 -5.37557400807081,42.5139799891915,801.978000000003 -5.37570292170398,42.5139449530035,802.152799999996 -5.37581792133171,42.5139159517231,802.275399999999 -5.37594096716943,42.5138919795372,802.209600000002 -5.37605596679716,42.5138740422733,802.0965 -5.37618504841528,42.5138390060259,802.191999999995 -5.37630105415612,42.5138200629242,802.182400000005 -5.37645192800474,42.5137850266465,801.891000000003 -5.37657396862764,42.5137610544103,802.292600000001 -5.3766970153637,42.5137260180996,802.088600000003 -5.37683397520687,42.5137129423834,801.654299999995 -5.37694092862459,42.5136780735728,802.041100000002 -5.37709297657124,42.5136639920214,802.2837 -5.37720093520378,42.5136460546921,802.267800000001 -5.37734694737007,42.5136480663431,802.0 -5.37746295311091,42.5136410255644,802.071800000005 -5.37757191785657,42.5136440430411,802.0 -5.37770904568469,42.5136299614819,802.0 -5.37784701253928,42.5136269440046,801.758900000001 -5.37796301738182,42.5136190649249,801.894199999995 -5.37807902312266,42.5136170532729,801.871599999999 -5.37819402275038,42.5135979425766,802.243000000002 -5.37831807470123,42.5136069950124,801.984800000006 -5.37846995556125,42.5135930809724,801.447499999995 -5.37861496251275,42.5135949250977,801.878700000001 -5.37875896335111,42.5135709527886,802.0 -5.37890397030257,42.5135679353084,801.581999999995 -5.37904897725404,42.5135540212597,801.0 -5.37917805797387,42.5135139556949,801.0 -5.37933697893078,42.5135000416341,801.0 -5.37945097334368,42.5134430444757,801.103400000007 -5.37958005406351,42.5134029795019,801.0 -5.37969505458953,42.5133580522178,801.231199999995 -5.37983100831958,42.5133119515424,801.839600000007 -5.37992404773187,42.5132779214735,801.248999999996 -5.38003100114962,42.51323802326,801.389200000005 -5.38016008186942,42.5131979581548,801.114700000006 -5.38026703528714,42.5131469957224,801.221399999995 -5.38041807712071,42.5130910047386,801.103099999993 -5.38056107274424,42.5130279728569,801.0 -5.38067406014573,42.5129619234022,801.208700000003 -5.38080196856412,42.5128890012056,801.614499999996 -5.38087304686265,42.5128499410528,801.365900000004 -5.38098704037726,42.5127830537623,801.692800000004 -5.38109399379499,42.5127329299643,801.116399999999 -5.38119994109959,42.5126769386096,801.387700000007 -5.38130806771709,42.5126320121279,801.486199999999 -5.38143597523711,42.5125699856261,801.577399999995 -5.38152800853631,42.5125139947876,801.481899999999 -5.38165004915922,42.5124690675266,801.421700000006 -5.38174208245838,42.5124179382936,801.812900000004 -5.38187200220466,42.5123889369668,801.0 -5.38201399171511,42.5123220491829,801.0 -5.38209093691076,42.5122390684213,801.698699999994 -5.38222806563722,42.5122149280611,801.090299999996 -5.38233501815661,42.5121540758505,801.053599999999 -5.38242001046059,42.5121039522102,801.334300000002 -5.38256401219727,42.5120680773132,801.064700000003 -5.38267800571188,42.5120119184934,801.0 -5.38277104512416,42.5119889520915,801.0 -5.38289995875733,42.5119430192624,801.0 -5.38296097861964,42.5118399222337,801.683000000005 -5.38304597182195,42.5117849365966,801.431299999997 -5.383145045218,42.5117069850679,801.520499999999 -5.38325099252261,42.5116300392998,801.464800000002 -5.3833289447297,42.5115690189869,801.4084 -5.38337705669968,42.5115039751747,800.962299999999 -5.38351200521491,42.5114260232955,800.365099999995 -5.38358895130889,42.5113650034457,801.013000000006 -5.38368802560327,42.51129895422,800.913799999995 -5.38378005890244,42.5112270372721,801.448799999998 -5.38386505120642,42.511166017228,802.0 -5.38381794445123,42.5110759951882,801.873399999997 -5.38377000046621,42.5109640127708,802.166800000006 -5.38383102032851,42.510850019074,804.494900000005 -5.38391500741767,42.5107730735753,805.340500000006 -5.38396194618791,42.510675005308,806.0 -5.38395892784856,42.5105839773485,806.2258 -5.38417400788378,42.510525974966,806.100099999996 -5.38435304571316,42.5104629431462,806.0 -5.38449704655151,42.5104170098579,806.0098 -5.38459695897405,42.510388008927,806.0 -5.38472704580696,42.5103479433192,806.0 -5.38490507752322,42.5102800501202,806.0 -5.38504203736639,42.5102450131824,806.0 -5.38517095189789,42.5101940516532,806.0 -5.38531394662313,42.5101479512928,806.0 -5.38542207324059,42.5101189495748,806.0 -5.38557194187442,42.510061952644,806.0 -5.38569398249733,42.5100269162462,806.0 -5.38580093501675,42.5099870186062,806.0 -5.38593806284484,42.5099419239782,806.0 -5.38607401747323,42.5099010203982,806.0 -5.38618801188613,42.5098450291554,806.0 -5.38646897256766,42.5097799855357,805.844400000002 -5.38657592598538,42.5097300295159,806.0 -5.38673400881416,42.509682922924,806.0 -5.3868770044377,42.5096319609365,806.0 -5.38699904416231,42.5095920630444,806.0 -5.38712795779547,42.5095519975886,806.0 -5.38720607798752,42.5095229962564,806.0 -5.38729894941485,42.5094889661111,806.0 -5.38740707603235,42.5094440386623,806.0 -5.38749994745967,42.5094150372799,806.0 -5.38758594497847,42.5093860358841,806.0 -5.38769306638115,42.5093459702964,806.287899999996 -5.38782198001432,42.5093060728839,806.171900000001 -5.38792993864683,42.5092720419583,806.0 -5.38801593706392,42.5092480699778,806.0 -5.38810193548102,42.5092200744013,806.0 -5.38823101709915,42.5091689444972,806.0 -5.38834601672687,42.5091340758003,806.0 -5.38851097256588,42.5090819405892,806.0 -5.38866201439941,42.5090470718438,806.0 -5.38881205011987,42.5089959424604,806.0 -5.38896292486678,42.5089500094183,806.0 -5.38907691838139,42.5089040763426,806.0 -5.38922796021495,42.5088630052056,806.0 -5.38932804062242,42.5088130491151,806.0 -5.3894720414608,42.5087830421984,806.0 -5.38962207718122,42.5087260447117,805.626799999998 -5.38973003581376,42.5086920141325,805.071599999996 -5.38985207643667,42.5086630130635,805.0 -5.3899670760644,42.5086279765437,805.0 -5.39004502827149,42.508598975445,805.0 -5.39016706889443,42.5085540480187,804.862500000003 -5.39026698131697,42.5085089536814,805.0 -5.39036806693925,42.5084910161971,804.994300000006 -5.39047501945868,42.5084509506978,804.944399999993 -5.39059706008159,42.5084160822627,804.426600000006 -5.3906760175035,42.5083820515147,804.685899999997 -5.39076201592057,42.5083589175621,804.771699999998 -5.39090601765725,42.5083180136084,805.0 -5.39099805095645,42.5082789539101,804.709600000002 -5.39109896859377,42.5082439178373,805.0 -5.39127096542796,42.5081919500877,804.785999999993 -5.39139300605087,42.5081520519387,804.910199999998 -5.39147900446797,42.5081240565336,804.328299999994 -5.39157204298195,42.5080839914613,804.481599999999 -5.39165804139905,42.508066053855,804.123099999997 -5.39177304102677,42.5080320235788,804.420599999998 -5.3918799944445,42.5079810615697,804.230800000005 -5.39199499407222,42.5079629563915,804.0 -5.39208099248932,42.5079289260591,804.0 -5.39221007410744,42.5078829928952,804.0 -5.39233898774061,42.5078370603598,804.0 -5.39244694637312,42.5078139262055,804.0 -5.39253998578543,42.507779057415,804.0 -5.39266202640834,42.5077389921216,804.0 -5.39278993392839,42.5076880298737,804.0 -5.39289806054589,42.5076590290011,804.0 -5.39304206138424,42.5076129280955,804.0 -5.39312001359134,42.507579065116,804.0 -5.39322797222388,42.5075500641929,804.0 -5.39332201685095,42.5075369878468,804.0 -5.39344992526933,42.5074870320211,804.0 -5.39360800719975,42.5074350643045,804.0 -5.39370104661206,42.5073949987907,804.0 -5.39378000403394,42.5073609681491,804.0 -5.39385108233248,42.5073329723896,803.239000000001 -5.39393791887774,42.5073259315617,804.0 -5.39401603906979,42.5072870401123,804.0 -5.39410304270171,42.507268934733,803.868499999997 -5.39416708090336,42.5072509975551,803.477299999999 -5.39425307842213,42.5072119378524,803.488700000002 -5.39434595074778,42.5071829367589,804.0 -5.39442507525632,42.5071599699071,804.0 -5.39453303478716,42.5071259397998,803.577699999994 -5.39461098609596,42.5070969380042,803.726999999999 -5.39469698451305,42.507073971783,803.588399999993 -5.39478398904327,42.5070510055534,804.0 -5.3948550673418,42.5070220037231,803.418900000004 -5.39493402476368,42.5069990374744,804.0 -5.39500594119038,42.506971042215,804.0 -5.39508406048414,42.5069370113427,803.637600000002 -5.39517793802458,42.5069190740695,803.282800000001 -5.39532797374503,42.506862077532,803.706900000005 -5.39542906026564,42.506833075614,803.161999999997 -5.39556501399566,42.5067930103766,803.662800000006 -5.3956649264182,42.5067529451135,803.819399999993 -5.39574405182507,42.506723943807,803.687300000005 -5.39586592446302,42.506690080346,803.516600000003 -5.39598695897282,42.5066439800503,803.709099999993 -5.39607396350303,42.5066210136627,804.0 -5.39618091692078,42.5065859773229,804.0 -5.39626708242451,42.506563010914,804.0 -5.39635391896976,42.5065400444967,804.0 -5.39643203826348,42.5064999790714,804.0 -5.39653899168124,42.5064659486048,804.0 -5.39664007730352,42.5064369471653,804.0 -5.39675507693125,42.506402078269,804.0 -5.39688399056442,42.5063730767998,804.0 -5.39696998898151,42.5063279822136,804.0 -5.39709806448649,42.5062659560783,804.0 -5.39725597933031,42.5062309202017,804.0 -5.39737097895804,42.5061960511905,804.0 -5.39750106668928,42.5061670496257,804.0 -5.39757901799805,42.5061330196401,803.992400000003 -5.3977230188364,42.5060869189336,804.0 -5.39782997225412,42.5060579173182,804.0 -5.3979659268825,42.5060009206579,804.0 -5.39809601371541,42.5059719190025,803.712299999999 -5.39818905312769,42.5059380564586,804.0 -5.39827404543168,42.5058929615586,804.0 -5.39842491928029,42.5058520579781,803.279800000004 -5.39854695990319,42.5058170218696,804.0 -5.39865491943407,42.5057930492263,803.890400000004 -5.39876991906179,42.5057590190371,803.012600000002 -5.39888408056136,42.5057129187171,803.0 -5.39902003518971,42.5056679912033,803.254400000005 -5.39909899261159,42.505633960946,803.0 -5.39922807333141,42.5056099888948,803.0 -5.39932094475874,42.505565061307,803.0 -5.39946494649542,42.5055300250377,803.0 -5.39956502600459,42.5054899596273,802.652600000001 -5.39965102442168,42.5054500617405,803.0 -5.39975093684422,42.5054210604919,803.0 -5.39984498147132,42.5054029558967,803.0 -5.39996601598112,42.5053580288224,803.0 -5.4000590553934,42.5053179633018,803.0 -5.40012795437908,42.5052150334915,803.0 -5.4002570359972,42.5051689327703,803.0 -5.40033398209118,42.5051089187353,803.0 -5.40042702150346,42.5050690206053,803.0 -5.40052793914078,42.5050450483375,803.0 -5.40061293144476,42.5050059885808,803.0 -5.40068501585642,42.5049830222538,803.0 -5.40064595620956,42.5049139556713,803.0 -5.40057102234181,42.5048559526632,803.0 -5.40069608040577,42.504902052953,803.0 -5.40075693318145,42.5049600559182,803.0 -5.40086103624478,42.5050220820247,803.0 -5.40101895108858,42.5049920746129,803.0 -5.40118994180965,42.504897023784,803.0 -5.40130494143738,42.504878919037,803.0 -5.40141206194173,42.5048279571065,803.0 -5.4015139865905,42.5048309743463,803.0 -5.40164306731029,42.5047959383278,803.0 -5.40177902193868,42.5047510114795,802.996799999994 -5.40188698057118,42.5047220099066,802.509000000005 -5.40200097498412,42.5046760770354,802.0 -5.40210206060641,42.5046579722244,802.0 -5.40218101802832,42.5046239414174,802.0 -5.40230993166149,42.5045949404478,802.0 -5.40243901327961,42.5045379431158,801.777499999997 -5.40250992359319,42.5044990512564,801.0 -5.40262492411921,42.50447507877,801.0 -5.40271192775113,42.5044630090786,801.0 -5.40285492337466,42.50442696688,800.950899999996 -5.4029260016732,42.5043780165304,801.0 -5.40304301262886,42.5043860630025,801.0 -5.40319606668866,42.504410035523,801.0 -5.40338901762515,42.5043770105557,800.542700000005 -5.40351407568914,42.5043409683075,800.020699999994 -5.40364097799438,42.504300065036,800.0 -5.40377106482728,42.5042640227434,800.0 -5.40388405312711,42.5042229512069,800.0 -5.40399905275483,42.5041909321184,800.0 -5.40412696117318,42.5041520407054,799.029699999999 -5.40423491980572,42.5041039285667,799.238100000002 -5.40434908130529,42.504068053714,799.0 -5.40444698150156,42.5040370405263,799.0 -5.40473196663558,42.5039580832877,799.0 -5.40495693712208,42.503871917179,799.0 -5.40508199518604,42.5038420774308,799.0 -5.40520705325,42.5038020122633,799.0 -5.40532892588795,42.5037649643614,799.0 -5.40544694295672,42.5037319397155,799.0 -5.40557200102068,42.5036940533403,799.0 -5.40567895354011,42.5036459408493,799.0 -5.40579898283511,42.5035990025247,799.0 -5.40591297634972,42.5035609485147,799.0 -5.40602898209056,42.5035240680243,799.0 -5.40613995906245,42.5034829966639,799.0 -5.40628194767457,42.5034429312662,799.0 -5.40639895952853,42.5034030333975,799.0 -5.40651597048419,42.5033669912501,798.911999999997 -5.40662795267086,42.5033279317696,798.655299999999 -5.4067439584117,42.5032860218431,799.0 -5.40685594059841,42.5032479683049,798.813599999994 -5.40697999254925,42.5032020356751,798.538100000005 -5.40711008028049,42.503169010732,798.0 -5.40722591803637,42.5031140254146,798.6158 -5.40734494121826,42.5030669191352,798.606400000004 -5.40747100449701,42.5030389234395,798.062000000005 -5.40759505734618,42.5030139457212,798.0 -5.40771692998416,42.5029770649081,798.0 -5.40783796449396,42.5029269411938,798.863599999997 -5.40795799378896,42.5028910669903,799.0 -5.40810501206837,42.502870950327,799.0 -5.40823007013232,42.5028469778785,799.0 -5.40835093665716,42.5028050682919,798.988400000002 -5.40848404182945,42.5027710378008,798.840299999996 -5.40859401268822,42.5027329839491,798.315600000002 -5.4087140410849,42.502688056943,798.0 -5.40882602327157,42.5026419570075,798.0 -5.40892593569411,42.5025839538783,798.0 -5.40904596409082,42.502538021423,798.0 -5.40915107326727,42.5024739834906,798.040900000007 -5.4092719406904,42.5024270449486,798.0 -5.40936900275855,42.5023720596409,798.0 -5.40948400238628,42.5023199240884,798.0 -5.40960000812712,42.5022709734135,798.0 -5.40972506619107,42.5022250407283,798.0 -5.40984895105529,42.5021930219412,798.0 -5.40997300300613,42.5021579857689,798.0 -5.4101019166393,42.5021249609365,798.0 -5.41023401569847,42.5020939481095,797.866200000004 -5.41037499909578,42.5020480152943,797.0 -5.41049804583183,42.5020240425303,797.0 -5.41061606290057,42.5019990650688,797.0 -5.41072905030207,42.5019630227744,797.0 -5.41085092383835,42.5019219510507,797.0 -5.41095905045585,42.5018800415063,797.687699999995 -5.41106700908839,42.5018329356217,798.0 -5.41118402004401,42.5017799618245,796.729200000002 -5.41129801445695,42.5017310113892,796.798899999994 -5.41143095164429,42.5017080451837,796.080499999996 -5.41155500359513,42.5016850789696,795.395199999999 -5.4116830791001,42.5016790435238,794.149000000005 -5.41180294041015,42.5016619445256,793.727299999999 -5.41192498013476,42.5016339488631,793.082500000004 -5.4120389745477,42.5016009244162,793.972099999999 -5.41210703540519,42.5015259901701,797.119900000005 -5.41217593439087,42.501449044453,794.0 -5.41228305579355,42.5013930529249,794.870899999994 -5.41237307686648,42.5013209689411,796.009399999995 -5.41245605784253,42.5012450289967,797.0 -5.4125319978234,42.5011650655172,797.0 -5.41260592647633,42.5010819169538,797.0 -5.41269008065215,42.5010069827481,797.0 -5.41278798174675,42.5009499854565,797.0 -5.41289007258385,42.500901035696,797.0 -5.41300607832469,42.5008470557401,797.0 -5.41309392098307,42.5007739657565,797.073099999994 -5.41322400781601,42.5007650810107,797.0 -5.41334202488475,42.5007290386672,797.0 -5.41345601929769,42.5006819325777,797.0 -5.4135700128123,42.5006279530949,797.0 -5.41367696623002,42.5005709561202,797.0 -5.41378308062129,42.5005250235107,797.0 -5.41389808024901,42.5004889810288,797.0 -5.41400603977985,42.5004470718485,797.0 -5.41410393997613,42.5003900747089,796.898300000001 -5.4142219570449,42.5003429683641,796.889200000005 -5.41432606100656,42.5002910006695,796.968299999993 -5.41442999608494,42.500227968464,796.506599999993 -5.4145329259485,42.5001800241804,796.316500000001 -5.41462294791976,42.5001099515471,796.0 -5.41473392399332,42.5000559722328,796.002900000007 -5.41481992241041,42.4999820435052,796.0 -5.41496291713565,42.5000179180532,796.0 -5.4150249440094,42.5000479252033,796.0 -5.41508898131272,42.4999909283622,796.0 -5.41517095617565,42.4999560598444,796.0 -5.41517497972982,42.4999089531727,796.0 -5.41510608074418,42.4999069417418,796.0 -5.41516492129359,42.4998930279636,796.0 -5.41526097814692,42.4998610086445,796.663499999995 -5.41532199800922,42.4998400538474,797.0 -5.4154460508584,42.4998360309812,797.0 -5.41554495716779,42.4997850689139,797.0 -5.41565593324138,42.4997290778826,797.035199999998 -5.41574193165848,42.4996620222332,797.0 -5.41583597628557,42.4996330209489,797.0 -5.41591392849264,42.499583064768,797.0 -5.41599204778639,42.4995379705825,797.0 -5.41610000641893,42.4995270735558,797.130300000004 -5.4162289200521,42.499505951744,797.110000000001 -5.41634894934707,42.4994729268355,798.0 -5.41646093153378,42.4994340344744,797.335900000005 -5.41657593116151,42.4993849166241,797.037200000006 -5.41665405045523,42.4993069648651,797.309999999998 -5.41676603264194,42.4992620380464,797.843399999998 -5.41680794174489,42.4992400776535,798.0 -5.41679201641151,42.49924192154,798.0 -5.41674306631338,42.4992739405138,797.7261 -5.41679503385256,42.4992409154827,798.0 -5.4168500188328,42.4991750342589,798.0 -5.41694708179925,42.4991820746801,798.0 -5.41700491713384,42.4990979207317,798.0 -5.41711991676157,42.4990689191857,798.0 -5.41722703726595,42.4990070607004,798.0 -5.41731705923721,42.4989790651739,798.0 -5.41744194931621,42.498965989022,798.0 -5.4175019639637,42.4989889555725,798.0 -5.41757706581641,42.4990479641232,798.0 -5.41765904067934,42.4991200487406,798.0 -5.41773900421436,42.4991909596508,797.859400000001 -5.41783405495458,42.4993329487956,797.179600000003 -5.418020971009,42.4994630358511,797.527100000007 -5.41811803397545,42.4995520520048,797.186300000001 -5.41818592684798,42.499610054635,797.3505 -5.41828600725548,42.4997280718332,797.0 -5.41837602832841,42.499788924219,797.0 -5.41839798944219,42.4997810453819,797.0 -5.41839899465697,42.4997810453819,797.0 -5.41840000077009,42.4997800399956,797.0</coordinates>
</LineString>
</Placemark>
</Folder>
</Document></kml>
