<?xml version="1.0" encoding="UTF-8"?>

<kml xmlns:xsd="http://www.w3.org/2001/XMLSchema" xmlns:gx="http://www.google.com/kml/ext/2.2" xmlns:atom="http://www.w3.org/2005/Atom" xmlns="http://www.opengis.net/kml/2.2">
<Document>
<name>ES24a_12a_lestany-artes</name>
<visibility>1</visibility>
<Schema name="ES24a_12a_lestany-artes" id="kml_schema_ft_ES24a_12a_lestany-artes">
<SimpleField type="xsd:string" name="id">
<displayName>id</displayName>
</SimpleField>
<SimpleField type="xsd:string" name="nombre">
<displayName>nombre</displayName>
</SimpleField>
<SimpleField type="xsd:double" name="longitud">
<displayName>longitud</displayName>
</SimpleField>
<SimpleField type="xsd:string" name="_formato">
<displayName>_formato</displayName>
</SimpleField>
</Schema>
<Folder id="kml_ft_ES24a_12a_lestany-artes">
<name>ES24a_12a_lestany-artes</name>
<Placemark id="kml_1">
<name>&lt;img height='20' src='https://nco.ign.es/iconos/icono_todos_caminos_azul.png' /&gt;&lt;img height='20' src='https://nco.ign.es/iconos/Camino Santiago_20.png' /&gt;&lt;img height='20' src='https://nco.ign.es/iconos/icono_todos_caminos_azul.png' /&gt;  Camino de Santiago </name>
<visibility>1</visibility>
<description><![CDATA[<!DOCTYPE html>
<html>
<head>
<style>
#nco {
  border-collapse: collapse;
  overflow:hidden;
}
#nco th, #nco td {
  padding: 4px;
  text-align: left;
}
#nco th {
  color: #364B5F;
  padding-right: 5px;
}
#nco td {
  color: rgb(51, 51, 51);
  font-size: 12px;
  padding-right: 5px;
}
</style>
</head>
<body>
<table id="nco">
<tr>
<td>Caminos del Nordeste</td>
</tr>
<tr>
<th><b>Camino: </b></th>
<td>ES24a Camí Gironí de Sant Jaume</td>
</tr>
<tr>
<th><b>Etapa: </b></th>
<td>12a l'Estany-Artes</td>
</tr>
<tr>
<th><b>Longitud: </b></th>
<td>23.51 km</td>
</tr>
</table>
</body>
</html>]]></description>
<Style>
<IconStyle>
<scale>0.8</scale>
</IconStyle>
<LabelStyle>
<color>ffffffff</color>
<scale>0.75</scale>
</LabelStyle>
<LineStyle>
<color>ffff0000</color>
<width>3.0</width>
<gx:labelVisibility>1</gx:labelVisibility>
</LineStyle>
<PolyStyle>
<color>66ff0000</color>
</PolyStyle>
</Style>
<ExtendedData>
<SchemaData schemaUrl="#kml_schema_ft_ES24a_12a_lestany-artes">
<SimpleData name="id">ES24a_12a</SimpleData>
<SimpleData name="_formato">kml</SimpleData>
</SchemaData>
</ExtendedData>
<LineString>
<extrude>0</extrude>
<tessellate>1</tessellate>
<coordinates>2.11219701890883,41.8688872636407,871.0 2.1121619828161,41.8689233061013,871.0 2.11211537911748,41.8689591806348,871.0 2.11206290852172,41.8689816440174,871.0 2.11201043792599,41.8690041073922,871.263900000005 2.11195779934527,41.869026570759,872.0 2.11191119654498,41.8690624452345,872.0 2.11189946185243,41.8691073725883,872.841 2.11187615955396,41.8691522992416,873.527700000006 2.11185872594922,41.8691972265322,874.0 2.11184112346123,41.8692421537912,874.0 2.1118236889582,41.8692916064513,874.602400000003 2.11180625445516,41.8693408925051,875.089399999997 2.11180742855324,41.8693742522325,875.125700000004 2.11179686706046,41.8694173350815,875.726500000004 2.11180742855324,41.8694523718171,876.362699999998 2.11181296037876,41.8695330058718,878.039000000004 2.11182201270188,41.8695539605815,878.077300000004 2.11183408246605,41.8695708915807,878.021999999997 2.11183609469228,41.8695889965733,878.426200000002 2.11183609469228,41.8696079397484,878.846999999994 2.111831065025,41.8696258768256,879.307499999995 2.11182000137398,41.8696419702875,879.859100000001 2.11180809869644,41.8696589019322,880.443599999999 2.11180290194253,41.8696770069,880.950899999996 2.11180290194253,41.869695950049,881.396900000007 2.11180105770125,41.8697138871015,881.847899999993 2.11179904637332,41.8697319920536,882.305500000002 2.1117960289323,41.8697499290959,882.774900000004 2.11178496438295,41.8697660225266,883.9372 2.11175898061334,41.8697660225266,884.169999999998 2.11173299684376,41.8697660225266,884.425000000003 2.1117100305152,41.8697660225266,884.467699999994 2.11168706418664,41.8697660225266,884.422200000001 2.11166292465834,41.869763004925,884.235400000005 2.11163995743145,41.869763004925,884.153600000005 2.11158899600538,41.869763004925,884.302599999995 2.11155798256852,41.8697559643002,884.633600000001 2.11151188282477,41.8697769189368,884.749800000005 2.11145790305935,41.8697988796563,885.568599999999 2.11140492940705,41.8698250312918,886.242299999998 2.11137693341121,41.8698490035034,886.747099999993 2.1113489383137,41.8698679466015,887.0 2.11132094231789,41.8698840400024,887.0 2.11129009686595,41.869899965495,887.327600000004 2.11126210176844,41.8699168964025,888.055900000007 2.11123410577263,41.8699329897911,888.4712 2.11120192003429,41.8699458983475,888.7261 2.11117107458239,41.8699619910599,888.581399999995 2.11114291060159,41.8699859638891,888.586599999995 2.11111994427307,41.8700018893563,888.888699999996 2.11109597272969,41.8700250233195,889.453699999998 2.11106395317971,41.8700540245466,890.363700000002 2.11103998163633,41.8700719621675,890.944900000002 2.11102388831803,41.8700878876133,891.0 2.11100494464531,41.870102974874,891.032099999997 2.11098197831678,41.8701279530659,891.645499999999 2.11095599454717,41.8701479021654,892.2592 2.11093101689071,41.8701710360759,893.4372 2.11089799212592,41.8701940027433,893.936400000006 2.11087200745801,41.8702179748166,894.542100000006 2.11084904112945,41.8702298772326,894.565700000006 2.110819034704,41.8702588783667,894.888000000006 2.11079103870819,41.8702749716692,895.207399999999 2.1107720959338,41.8702888855696,895.394400000005 2.11074409993796,41.8703019612884,895.362200000003 2.11070403417798,41.8703289508962,895.954899999997 2.11067888853653,41.8703448769469,896.282900000006 2.11065810152086,41.8703629817204,897.190199999997 2.11063396199256,41.8703738780288,897.649600000004 2.11059708165855,41.8704560207091,898.814700000003 2.11057294123192,41.8705009477524,899.499899999995 2.11054796357546,41.8705450365888,900.0 2.11054092258024,41.8705929811321,900.445800000001 2.11052700857483,41.8706419310468,901.587 2.11049901347732,41.8706979227838,902.606700000004 2.11047101748148,41.8707470405203,903.136700000003 2.11044989539419,41.8707879444008,903.541599999997 2.11044805115292,41.8708219743117,903.176600000006 2.1104094945626,41.8708534903597,903.227400000003 2.11037445846991,41.8708767925855,903.860499999995 2.11034646247406,41.8708965735496,904.404200000004 2.11033254846862,41.8709109903507,904.045599999998 2.11031612007874,41.8709270834891,903.657300000006 2.11029985877544,41.8709415002833,903.574600000007 2.11027890467312,41.8709522292605,904.030499999993 2.11026012898538,41.8709629582359,904.462700000004 2.11024152128257,41.8709738544421,904.734599999996 2.11022056628195,41.8709845834139,904.887700000007 2.11019944419466,41.8709953123838,904.886100000003 2.11017865717899,41.8710062085845,904.801600000006 2.11015988149126,41.8710187817904,904.608699999997 2.1101389264906,41.8710295107546,904.535699999993 2.11011797148997,41.8710385627106,904.535000000003 2.11009701738768,41.8710474481018,904.643200000006 2.11007354800254,41.8710565000552,904.826100000006 2.11005024570407,41.8710618648689,904.961899999995 2.11002694430393,41.8710672290131,905.021999999997 2.11000364290378,41.8710725938259,905.379700000005 2.10998017351865,41.8710762816327,905.9234 2.10995921851802,41.8710851663497,906.279899999994 2.10993591711788,41.8710870105872,906.651400000002 2.10990792112203,41.8710870105872,907.144 2.10988227242404,41.8710870105872,907.595300000001 2.10985662372605,41.8710870105872,908.046600000001 2.10978655154062,41.8710923747294,908.407399999996 2.10973760144249,41.8710942189667,909.205600000001 2.10966518106092,41.8710995831083,909.3361 2.10959997055782,41.8711180234702,909.914600000004 2.10954498467925,41.8711309317873,910.625199999995 2.10949100581216,41.8711508805739,911.335300000006 2.10941405971818,41.8711649621845,912.437300000005 2.10933694653758,41.8711879284949,913.612899999993 2.10928799554111,41.8712119008643,913.489400000006 2.10919495702713,41.8712439197536,914.410900000003 2.10913896593377,41.8712580013438,915.101899999994 2.10910191761485,41.8712769440244,915.358099999998 2.10908599228147,41.8712910256072,915.344200000007 2.10906201983979,41.8712978988313,915.622399999993 2.10904089775254,41.8713069514182,915.804900000003 2.10901793052565,41.8713149979381,916.040900000007 2.10899496419709,41.8713200275977,916.404999999999 2.1089740100948,41.871330923743,916.767300000007 2.10895489933544,41.8713429938524,917.046700000006 2.10893612364768,41.8713559021241,917.084300000002 2.10892003032938,41.8713699836896,917.0 2.10890594833898,41.8713849034162,917.0 2.1088900230056,41.8713989849753,917.323900000003 2.10887309155914,41.871412898631,917.551699999996 2.10885699824084,41.8714279862479,917.838900000002 2.1088409049225,41.8714429059611,918.125899999999 2.10881592726604,41.8714539699857,918.555300000007 2.10879899581955,41.8714698957561,918.857499999998 2.1087859199423,41.8714839772964,919.046600000001 2.10877200593686,41.8714999030594,919.055300000007 2.10875490650541,41.8715109670741,919.044299999994 2.10873898117206,41.8715248807054,919.335699999996 2.10872489918166,41.8715379568403,919.767300000007 2.10870796773521,41.8715520383657,919.997099999993 2.10869690408415,41.8715609230167,920.0 2.10867309962743,41.8715818777306,920.096300000005 2.10865398886808,41.8715949538539,920.430999999997 2.10863487810873,41.8716070239133,920.784 2.10861710853408,41.8716219435847,921.079100000003 2.10860000910266,41.8716360250915,921.381699999998 2.10858207154305,41.8716509447561,921.699299999993 2.10856497300994,41.8716650262566,922.003200000006 2.10854703545036,41.8716779344632,922.452399999995 2.10852792469101,41.8716920159578,922.740300000005 2.10850898191662,41.8717059302186,922.985799999995 2.10849104435701,41.8717210177664,923.463399999993 2.10847193359766,41.8717329199026,923.815499999997 2.10845299082326,41.871748007444,923.9712 2.10843689750496,41.8717619210236,924.513800000001 2.10842097217158,41.8717760031686,925.079899999997 2.10840404072512,41.8717909228005,925.681800000006 2.10838593518056,41.871802992823,926.157500000001 2.10836699240616,41.8718179124486,926.491800000003 2.10834788164681,41.8718299824659,926.825100000002 2.1083299440872,41.8718428906393,927.0 2.10831100131281,41.8718539545946,927.0 2.10828987922556,41.8718630071027,927.0 2.1082689242249,41.8718718917105,927.0 2.10824796922427,41.8718839617176,927.0 2.1082219854547,41.8718998873809,927.0 2.1081520803559,41.8719288890951,927.0 2.10810111803153,41.8719510169742,926.917199999996 2.10804110428234,41.8719759951129,925.922200000001 2.10799399752715,41.8719959443046,925.167700000005 2.10794689167029,41.8720168988759,924.405700000003 2.10790447861246,41.8720343329188,924.0 2.10785787581214,41.8720504264433,923.910900000003 2.10781127211352,41.8720665192947,923.452499999999 2.10777858242034,41.8720720519222,923.227199999994 2.1077552810202,41.8720809365009,923.002099999998 2.10773197962002,41.8720881447683,923.0 2.10770851023492,41.8720953530348,923.014200000005 2.10768520793644,41.8721007177613,923.089699999997 2.10766207452126,41.8721042382792,923.070300000007 2.10763625783831,41.8721097702345,922.991399999999 2.10761295643813,41.8721132907519,922.725000000006 2.10758965503799,41.8721186548079,922.532900000006 2.10756635273951,41.8721204990156,922.432000000001 2.10754305133937,41.8721240195324,922.487200000003 2.10751958195427,41.8721277072785,922.545800000007 2.10749628055409,41.8721312277949,922.236699999994 2.1074706318561,41.8721384360566,921.936000000002 2.10744732955762,41.8721438007795,921.8318 2.10742386017252,41.8721491655019,921.9277 2.10740055877238,41.8721528532466,921.986600000004 2.10737960377175,41.872161737814,921.821200000006 2.10735630237157,41.8721654262269,921.488200000007 2.10733300097143,41.8721707902785,921.318100000004 2.10730969867295,41.8721798427418,921.496100000004 2.10728857658567,41.8721887279744,921.672600000005 2.10726762158504,41.8722013009476,921.6774 2.10724901388227,41.8722121969427,921.577600000004 2.10722571248209,41.8722264462178,921.465299999996 2.10720693679435,41.8722373428775,921.362599999993 2.1071859817937,41.8722480716372,921.217999999993 2.10716737409092,41.8722606445988,921.153300000005 2.10714625200363,41.8722732175579,921.044299999994 2.10712999070037,41.8722876340485,921.059299999994 2.10711138299756,41.8723018833068,921.029800000004 2.10709277529479,41.8723144562577,920.964800000002 2.10707399960702,41.872328873408,920.935700000002 2.10705539190421,41.8723414463536,920.870899999994 2.10703913149928,41.8723558628288,920.885999999999 2.10702504950888,41.8723702799698,920.939400000003 2.10701096841678,41.8723863727407,921.027799999996 2.10700174810871,41.872404310376,921.085000000006 2.10699705441137,41.8724222473375,920.960999999996 2.10699001341615,41.8724420291612,920.821100000001 2.10698531971882,41.8724601340096,921.003400000001 2.10698297242097,41.8724780709553,921.174199999994 2.1069782787236,41.8724978520928,921.098100000003 2.1069782787236,41.8725174659957,921.046100000007 2.10697609941071,41.8725355708228,920.925799999997 2.1069737521129,41.8725535084162,920.800300000003 2.10697140571338,41.8725732895304,920.669899999994 2.10697140571338,41.8725930706385,920.512300000002 2.10698062512312,41.8726110082158,920.548200000005 2.10699705441137,41.8726254246302,920.691699999996 2.10700644180607,41.8726576113774,920.804900000003 2.10701800851367,41.8727008619172,920.158100000001 2.10703678420143,41.8727493092029,919.333899999998 2.10705539190421,41.8727888719729,919.443799999994 2.10706997695118,41.8728498920376,918.548299999995 2.10713183494165,41.8729891992161,918.447499999995 2.10715278994227,41.8730834123297,918.341100000005 2.10715631043987,41.8731938857678,918.5288 2.10714943742964,41.8733233024267,918.297000000006 2.10715983093746,41.873444504678,919.308900000004 2.10715396314205,41.8735289939394,919.130699999994 2.10708389095663,41.8735910199963,918.4755 2.10698800118992,41.8736558961854,918.143700000001 2.10690200367116,41.873694956049,918.446599999996 2.10683209857236,41.8737259690045,918.3701 2.10676202548864,41.8737489350636,918.111499999999 2.10667988264075,41.8737869888434,918.036099999998 2.10659589644989,41.8738169963968,918.158299999996 2.10650989803279,41.8738419744752,918.619099999996 2.10643798070776,41.8738679585694,917.896599999993 2.10636103551211,41.8738929366279,917.612699999998 2.10629800342358,41.873920932082,917.540500000003 2.10625609342229,41.8739449040954,916.944600000003 2.1062210573296,41.8739789343323,916.412299999996 2.10617395147273,41.8740179939984,915.565600000002 2.10613204147145,41.874053030888,914.850300000006 2.10610203414771,41.8740759968295,914.716499999995 2.10606699805498,41.8741029868504,914.5674 2.10602190352605,41.8741418785476,913.789799999999 2.10598502319205,41.8741749033278,913.256399999998 2.10593791643689,41.8742028993273,912.1924 2.10590103610288,41.8742359240759,912.559099999999 2.10587488524665,41.8742588899518,912.362599999993 2.10583599268641,41.8742830304001,911.5478 2.10578888682955,41.8743199106197,911.410900000003 2.10575887950581,41.8743509232719,911.008799999996 2.10573088350996,41.8743759018106,910.600200000001 2.10570003805806,41.8744079204527,909.9182 2.10568411272472,41.8744240133796,909.636599999998 2.10567003073432,41.8744389337311,909.2408 2.10565796097015,41.8744550266502,909.020199999999 2.10565611762717,41.874472963705,908.983600000007 2.10565611762717,41.8744909014237,908.766099999993 2.10565611762717,41.8745110177227,908.329500000007 2.10565410540094,41.8745289554306,907.958199999994 2.10565611762717,41.8745468924647,907.557799999995 2.10567204296055,41.8745629853565,907.309099999999 2.10568595696599,41.8745768996613,907.152100000007 2.10570003805806,41.8745909811861,906.830199999997 2.10571210872053,41.8746079128577,906.253899999996 2.1057280340539,41.8746219943757,905.813800000004 2.1057469768283,41.8746359079987,905.623699999996 2.10576592050099,41.8746489841661,905.284199999995 2.10580296792162,41.8746689331924,904.859200000006 2.1058799140156,41.8747319648241,903.722500000003 2.1059409338779,41.8747929850403,903.038700000005 2.10606900938291,41.8748939031169,901.994099999996 2.10619591168814,41.8750860165167,900.305500000002 2.10623899488917,41.8751329549926,899.743799999997 2.1062659847719,41.8751929694903,899.151100000003 2.10622591901192,41.8752860088065,898.425900000002 2.10619507355999,41.8753200389981,899.273199999996 2.10601989219811,41.8754108989059,899.772800000006 2.10575804137765,41.8755049439047,901.9568 2.10563298331369,41.875549032634,901.6489 2.10541907737654,41.8756189374949,899.560500000007 2.10541103026821,41.8756269841408,899.648799999995 2.10524590644427,41.8757919401585,899.421199999997 2.10520902611027,41.8759369471261,898.616800000003 2.10524992999844,41.8761149788802,896.357699999993 2.10523702210611,41.8762469099459,895.410000000003 2.10522897499778,41.8762680323489,895.018700000001 2.10517298390446,41.8763629155232,893.697 2.10511397537006,41.8764738916362,894.8073 2.10505697906192,41.8765240156,895.242499999993 2.10485497490398,41.8765979439939,895.396599999993 2.10472606127081,41.8766390153612,895.664300000004 2.10466202306916,41.8766609757297,895.665200000003 2.10452003445704,41.8766879659968,895.063899999994 2.1044060400441,41.8767149555836,894.622199999998 2.10436396295622,41.8767298754004,894.657600000006 2.10425399209745,41.876786033704,894.506299999994 2.10404897139679,41.8769719443591,893.981700000004 2.10398392708199,41.8771489706004,893.0 2.10412491137762,41.8773249903802,891.358600000007 2.10432289198143,41.8774559156545,890.480899999995 2.10446605469162,41.8776079632895,889.802500000005 2.10465800041332,41.8777749308045,886.704299999998 2.10480602480584,41.877883895885,886.054499999998 2.10500802806545,41.8780419782614,883.7742 2.10522411421379,41.8781418906003,882.123000000007 2.1054629978074,41.8781940258398,882.299499999994 2.1056690255195,41.8782469997799,881.694900000002 2.10576809981388,41.8783209281873,881.0 2.10568696218078,41.8784649294832,880.305900000007 2.10557011921011,41.8786059126018,879.075700000001 2.10549568750061,41.878739855774,877.662500000006 2.10538940512438,41.8788530115476,877.586200000005 2.10521791134676,41.8788781568762,876.351599999995 2.10508732145728,41.8788655838787,874.404500000004 2.10492203054668,41.878844964639,872.393299999996 2.10468297806979,41.8788639077464,871.382899999997 2.10458390377544,41.8788929089761,871.249200000006 2.1045450121135,41.8789100080576,870.922200000001 2.10446203113745,41.8789468889514,870.234100000001 2.10428500553431,41.8789700230215,868.513200000001 2.10420303067138,41.8789229161387,868.2981 2.10413597502867,41.8788598846273,868.123500000002 2.10403891296053,41.8788000374409,868.926999999996 2.10377387671405,41.8787430408329,869.533800000005 2.10375392782654,41.8787410289351,869.462700000004 2.10368502884089,41.8787239298085,868.6734 2.10341999349272,41.8786858762927,868.126000000004 2.10333198284939,41.8786699503137,867.469299999997 2.10323408265308,41.8786659271824,867.096799999999 2.10302403228514,41.8786588862005,867.633100000006 2.1029859778531,41.8786560369001,868.059200000003 2.10272194861804,41.8786359198991,867.999599999996 2.10270803461259,41.8786349139486,868.157099999997 2.10262002396926,41.8786270355628,867.294500000004 2.10246797692091,41.8786240177108,867.781799999997 2.1022929626457,41.8786220058093,868.514500000005 2.10221702266484,41.8786510071488,868.557799999995 2.10203094384024,41.878768689179,868.742800000007 2.10186095923228,41.8789478942282,868.515700000004 2.10170002694747,41.8790880402246,868.261199999994 2.10165694374644,41.8791198913013,868.103400000007 2.10146801546575,41.8792689211689,869.486499999999 2.10138017280738,41.8792994317938,869.700899999996 2.10127154403167,41.8792994317938,870.105299999996 2.10120499144551,41.8792940670027,869.989100000006 2.10114900035219,41.8792940670027,870.010299999994 2.10108613624858,41.8792751240228,869.912299999996 2.10102310416004,41.8792563482482,869.097500000003 2.10094599097943,41.8792400873206,869.594299999997 2.10087273246971,41.8791782292752,868.261100000003 2.10081322087876,41.8791242494953,867.254100000006 2.10073895715421,41.8790519974759,866.1008 2.10055103498668,41.8788929089761,866.567599999995 2.10047828043182,41.8787884703762,865.565100000007 2.10040820734807,41.8787614809962,866.828999999998 2.10036747144489,41.8787256066133,867.475099999996 2.10031483286417,41.8787031426419,867.486600000004 2.10025666245796,41.8786806793313,866.929999999993 2.10019832496508,41.8786852054366,866.760299999994 2.10013998657391,41.8786942583149,866.039499999999 2.10008164908104,41.8786986165379,865.310800000007 2.10002331068987,41.8787076694143,865.405499999993 2.09996497229867,41.8787165537394,864.310299999997 2.09990680189246,41.8787301327154,863.6826 2.09984846439959,41.8787435438073,863.824600000007 2.09977252441872,41.8787750599625,863.147200000007 2.09967328213942,41.8788020493368,862.014500000005 2.09956834094793,41.8788468086526,861.994000000006 2.09938175996509,41.8788649136934,861.314799999993 2.09927095097816,41.878855861508,860.565499999997 2.09911923900139,41.8788513347461,860.943599999999 2.09903173141463,41.8788333975824,861.111099999995 2.0989686993261,41.8787971881468,861.189400000003 2.09890197965331,41.8787609780219,861.208899999998 2.09882184903165,41.8787351617915,861.094500000007 2.09877289803518,41.8786867143612,860.902900000001 2.09868522336177,41.8786273706568,861.305900000007 2.0986188387606,41.8785599799528,860.898499999996 2.09854524607758,41.8784954391543,861.099300000002 2.09847886147638,41.8784253668825,860.707800000004 2.0984019153824,41.8783606580659,860.994699999996 2.09831792829324,41.8782852214394,861.129499999995 2.09824785610781,41.878223195256,860.996299999999 2.09816034852106,41.8781504399076,861.757100000003 2.0980728418326,41.8780641066995,861.728000000003 2.09800293673381,41.8779968839535,862.0 2.0979573391483,41.8779591651022,861.340800000005 2.09786295855129,41.8779212790143,860.700800000006 2.09777545186283,41.8778944571514,860.010399999999 2.09764938768576,41.8778808779979,859.806100000002 2.09750941040154,41.8778674673938,859.262000000002 2.09733456411128,41.877848523991,859.0 2.09715954983604,41.8778621024825,858.682799999995 2.09695603740674,41.877861935268,857.980599999995 2.09687892332781,41.8778828899227,857.867199999993 2.09676191237218,41.8778869131032,857.840899999996 2.09668010459588,41.8778790339564,857.585000000006 2.09643401202209,41.8778589173797,856.344299999997 2.0963149888402,41.8778510388983,856.0 2.09625598030583,41.8778450037895,856.0 2.09610896202643,41.877856906123,855.0 2.09607358996382,41.8778688084543,855.0 2.09603520135846,41.8778714905753,855.0 2.09600368486502,41.8778877511822,855.0 2.09597216926992,41.8779011624509,854.872399999993 2.09594417327408,41.8779174230503,854.4139 2.09591617817656,41.8779335164312,854.0 2.09588818218076,41.8779524598087,854.0 2.09586353959588,41.8779765995308,854.0 2.09584962559044,41.8780035892423,854.0 2.09583906499596,41.8780305789424,854.0 2.09583906499596,41.8780575686311,854.0 2.0958321910874,41.8780843910944,854.029299999995 2.09582867058981,41.8781113807604,854.000799999994 2.09582867058981,41.8781437346342,853.958100000003 2.09582867058981,41.8781707242751,853.922399999996 2.09582867058981,41.8782003966806,853.883100000006 2.09582515099052,41.8782272184152,853.789199999999 2.09582515099052,41.8782542080208,853.753500000006 2.09582163049293,41.878281197615,853.659400000004 2.09582163049293,41.8783081878667,853.623699999996 2.09581458949771,41.878335009556,853.471300000005 2.09581106900012,41.878361999785,853.377200000003 2.09580419598989,41.8783889893337,853.227400000003 2.0958006754923,41.878415978871,853.133300000001 2.09579363449708,41.8784454832808,852.961299999995 2.0957830739026,41.8784751548899,852.748800000001 2.09577267949646,41.8785021450597,852.554499999998 2.09576614245615,41.8785458986337,852.388099999996 2.09575675416311,41.8785800963088,852.233099999998 2.09575507790676,41.8786206647645,852.226500000004 2.09574116390135,41.8786476548729,851.9568 2.09573060240855,41.8786746443009,852.201400000005 2.09570964830622,41.8786989516314,852.208199999994 2.09569908681344,41.8787257738256,852.036999999997 2.09568165231041,41.8787581280572,851.704800000007 2.0956710908176,41.8787851181075,851.493700000006 2.09566069730978,41.8788121074775,851.285499999998 2.09565013671527,41.8788390975049,851.074500000002 2.0956395752225,41.8788659196402,850.792700000005 2.09562918171465,41.8788929089761,850.724799999996 2.09561862022187,41.8789225810464,851.158899999995 2.09560470621643,41.8789495710272,851.174100000004 2.09559414562195,41.8789763931161,850.926699999996 2.09558358412914,41.8790033824054,850.623099999997 2.09556614962611,41.8790276902797,850.430699999997 2.09555206853404,41.8790546802161,850.161200000002 2.09554167502619,41.8790815022609,849.961299999995 2.0955240725382,41.8791058094367,849.886799999993 2.09550680602012,41.879135481408,850.102100000004 2.09549272402972,41.879162471299,850.030899999998 2.09547881002431,41.8791892932985,849.651599999997 2.09546472893221,41.8792162831667,849.497499999998 2.0954508149268,41.8792432730234,849.230800000005 2.09542533421377,41.8792645629847,849.096799999999 2.09538811790985,41.8792771359037,849.053199999995 2.09537722134546,41.8792944020931,848.984700000001 2.09535274674553,41.8793160277965,849.099100000007 2.09532475074969,41.8793349707643,849.0098 2.09529323515459,41.8793483817293,848.924299999999 2.0952581990619,41.8793510637882,848.880600000004 2.09522316207087,41.8793564285744,848.965100000001 2.09517337384454,41.879350728698,848.380999999994 2.09511503545337,41.8793579374832,847.946400000001 2.09508704035586,41.8793560934843,847.830700000006 2.09504026957058,41.8793472085793,847.579599999997 2.09497975186652,41.8793309476749,847.158599999995 2.09492929259869,41.8793267567057,847.015599999999 2.094894256506,41.8793160277965,846.742599999998 2.09486274091086,41.8793026168247,846.4136 2.09482770391983,41.8792890379705,846.251799999998 2.09480239119176,41.8792806560263,846.505499999999 2.0947646718313,41.8792566840077,846.296300000002 2.09472980372356,41.8792405902912,845.904299999995 2.09470532822531,41.8792189652311,845.513300000006 2.0946773331278,41.879202872174,845.571599999996 2.09464229613677,41.879183929167,845.559099999999 2.09461782153685,41.879162471299,845.058199999999 2.09458630504345,41.8791462103475,844.995599999995 2.09455478944832,41.8791327993401,845.168000000005 2.09451992044225,41.8791165383811,844.944399999993 2.09449192534474,41.8790977632288,844.746299999999 2.0944604088513,41.8790815022609,844.998200000002 2.0944288932562,41.8790680912399,844.663199999995 2.09440089726036,41.8790519974759,844.357399999994 2.09429997962303,41.8790338924882,844.955000000002 2.09409395191093,41.8790280253715,843.994999999995 2.09406193325928,41.8790219903739,843.6728 2.09398297583737,41.8790089144324,843.019799999995 2.09390368334387,41.8790033824054,843.0 2.09386512675355,41.8789898041563,843.0 2.09383008976253,41.878981757265,843.087799999994 2.09379522165479,41.8789763931161,843.100900000005 2.09376018466376,41.8789710282979,843.0 2.09372531655599,41.8789654962676,843.0 2.09369027956497,41.8789601321173,843.0 2.09365524347227,41.8789547679667,842.899699999994 2.09362020737954,41.8789494031466,842.489700000006 2.09358517038852,41.878944038995,842.185599999997 2.09355013429583,41.8789359920979,842.002299999993 2.09351526528976,41.8789304600646,842.0 2.09347670869944,41.8789250959114,841.957999999999 2.09344167260674,41.8789170490119,841.614499999996 2.09340663651401,41.8789143669348,841.350000000006 2.09337176750795,41.8789090027802,841.196400000001 2.09333673141525,41.8789009558787,841.0 2.09330186240918,41.8788954238423,841.0 2.09326682631645,41.8788900596862,840.816000000006 2.09323530982302,41.878876648625,840.365600000005 2.09319675323273,41.8788686017194,840.213699999993 2.09316171714001,41.8788550227729,840.204899999997 2.09312668104731,41.8788469765334,840.478700000007 2.09309181204124,41.8788416117044,840.592900000003 2.09305325545092,41.8788308833826,840.325100000002 2.09302173895749,41.8788173044281,840.434099999999 2.0929867028648,41.8788065754334,840.649900000004 2.09295535435632,41.8787904822724,840.334799999997 2.09292031826359,41.8787769039782,840.083499999993 2.09288880266849,41.8787608101409,839.996299999999 2.09285728617505,41.8787391849184,839.294099999999 2.09282929107754,41.8787204096552,839.565700000006 2.0928012950817,41.8787014665053,839.125599999999 2.09277682048181,41.8786798412628,839.152499999997 2.09274882448597,41.8786583832254,838.879700000005 2.09272434898775,41.8786340758795,838.780899999998 2.09270339488542,41.8786126184956,838.521900000007 2.0926824398848,41.878590993223,838.391199999998 2.09265427680233,41.8785693679431,837.982499999998 2.09261588729864,41.8785586389068,837.690000000002 2.09258789220113,41.8785396957089,837.298599999995 2.0925528552101,41.8785289666676,837.0 2.09251781911741,41.8785182382933,837.0 2.09248278302468,41.8785075092484,836.985499999995 2.09244791401861,41.8785046592724,836.743100000007 2.09241287792591,41.8785046592724,836.472699999998 2.09237784183319,41.8784992950834,836.135299999994 2.09233123813457,41.8784976189416,836.029800000004 2.09230089573921,41.8785065032959,836.1247 2.0922728997434,41.8785101913426,835.832299999995 2.09224138414826,41.878501977178,835.075800000006 2.09220651514219,41.8784912481303,834.850399999996 2.0921714790495,41.8784778376543,834.4326 2.09212822876181,41.8784687847453,834.188800000004 2.09208380437608,41.8784526914993,833.787400000001 2.09206050297594,41.8784310661726,833.284 2.09204189437483,41.8784184937559,832.990099999995 2.0920103787797,41.8784024004972,832.909899999999 2.09192588953229,41.8783529468596,833.047099999996 2.09187107163871,41.8783118759249,832.982999999993 2.09178306189368,41.8782439825787,833.194499999998 2.09169303992245,41.8781090337461,832.271099999998 2.09167895883035,41.878089923201,831.613200000007 2.0916229668387,41.8780258849079,832.165500000003 2.09152271934457,41.877844500808,829.857399999994 2.09147091979034,41.8776899381534,828.187999999995 2.0914570057849,41.8776609370466,827.993000000002 2.09141995746594,41.8775789621455,828.0 2.09140101469155,41.8775519722547,828.0 2.09137335376732,41.8774689912449,827.232999999993 2.09133597127511,41.8774079709081,827.054399999994 2.0913032815819,41.8773756173306,826.8413 2.09126589819135,41.8773719292184,826.248200000002 2.09124024949336,41.8773719292184,826.043699999995 2.09121460079537,41.8773719292184,826.029899999994 2.09119129939522,41.8773719292184,825.988400000002 2.09116799799508,41.8773719292184,825.650500000003 2.09114922230731,41.8773863458967,825.269400000005 2.09112826730669,41.877397074461,824.963499999998 2.09110731230606,41.8774061275218,824.740300000005 2.09108870460325,41.8774240644173,824.251000000004 2.09104662751534,41.8774376429989,823.6057 2.0910233261152,41.8774599388619,823.712 2.09094168632385,41.8774906168972,822.776199999993 2.09086474022987,41.8775157627619,822.145199999999 2.09078880024901,41.8775326936587,821.163199999995 2.09071788903713,41.8775549894885,820.935700000002 2.09070397503169,41.8775570014236,820.870899999994 2.09052108253143,41.8775799681127,819.0 2.09042200823705,41.8775938817606,818.267300000007 2.09021732170968,41.8776046109588,817.262000000002 2.09010634563609,41.8776046109588,817.328099999999 2.08998598126949,41.8775680657276,817.146599999993 2.08981683478969,41.8775410758322,816.948799999998 2.08971776049534,41.8775052014331,816.069000000003 2.08964198849944,41.8774872638915,814.9375 2.08949027562437,41.8774872638915,813.910499999998 2.08942020343895,41.8775140859253,813.822400000005 2.08931325002119,41.8775462728862,812.492599999998 2.08920814084474,41.8775685687112,811.493400000007 2.0891090665504,41.8775955579262,810.832500000004 2.08900999315434,41.877635959123,810.866899999994 2.08891896506997,41.8776730072982,811.500799999994 2.08872048140962,41.8777073726555,809.909799999994 2.08856290163741,41.877738721438,810.315600000002 2.08840532186523,41.87774324761,809.695300000007 2.08828294617071,41.8777477737816,810.375499999995 2.08805546129973,41.8776892679557,810.421000000002 2.08796996593921,41.8776299239939,810.284199999995 2.08788799107625,41.8775590133586,810.998300000007 2.08782982067003,41.8775103978211,812.007400000002 2.08777735007431,41.8774483722235,812.793699999995 2.08772487947854,41.8773756173306,813.885899999994 2.08770392447792,41.8773110766738,813.680300000007 2.08768648997488,41.8772463680667,814.070999999996 2.08766553587255,41.8771627164569,814.545899999997 2.08763049888153,41.8771035405604,815.102799999993 2.08758842179362,41.8770468788792,815.448300000004 2.08752187010579,41.8770118422932,815.861499999999 2.08745196500702,41.8769768063568,816.247600000002 2.08739245341608,41.8769256767706,816.221799999999 2.0872860030549,41.8768410194311,816.547300000006 2.08719899852468,41.8767409391787,817.429099999994 2.08715457503725,41.8766534322048,818.079800000007 2.08712305854385,41.8765860420948,818.0 2.08708450195353,41.8765456409032,818.051200000002 2.08706354695291,41.8765025581766,818.0 2.08702851086018,41.8764782506795,818.003500000006 2.08695843777646,41.8764998759981,817.862500000003 2.08689540658622,41.8765536874324,817.715100000001 2.08683254158431,41.8765887242696,817.257100000003 2.08676598989651,41.8766373391705,816.798800000004 2.08671703890004,41.8766804218063,816.809200000003 2.08664361420199,41.8767181407434,816.232300000003 2.08655694474336,41.8767684317332,816.675199999998 2.08646826485516,41.8768240876822,816.381200000003 2.08639148584781,41.8768716970946,816.051500000001 2.08632510124663,41.8769067337575,815.760200000004 2.08623692351664,41.8769280231594,816.338799999998 2.08616601320306,41.8769389196865,816.358600000007 2.08604833120591,41.8769551805307,816.0 2.08597490560952,41.8769633948941,815.673500000004 2.08593986951682,41.8769578633589,815.516000000003 2.08589427193132,41.87695166028,815.333299999998 2.0858711376178,41.8769623895861,815.548800000004 2.085834927427,41.8769660770531,815.836599999995 2.08579989133431,41.8769605455181,815.866599999994 2.08576485524158,41.8769524983712,815.448499999999 2.08572981914888,41.876947134052,815.149900000004 2.08569495014282,41.8769417697323,814.916899999997 2.08565991405009,41.8769364054122,815.035799999998 2.08562487705906,41.8769283589311,815.393599999996 2.08558984096637,41.8769147802412,815.300799999997 2.08555832537126,41.8768986866039,814.825100000002 2.08553032937542,41.8768834317234,814.620999999999 2.08547668557992,41.8768743792575,814.642000000007 2.08541482669112,41.8768556041152,814.897200000007 2.08531357308388,41.876793577882,814.414999999994 2.08520846480577,41.8767395980945,813.399900000004 2.08512447771657,41.8766884689874,813.079500000007 2.08505088503355,41.8766427035158,812.271200000003 2.08496002493413,41.876594088619,811.286900000006 2.08486212383953,41.8765483230797,811.712499999994 2.08477461715107,41.8764916615751,809.020399999994 2.0847236548267,41.8764784178977,808.807199999996 2.08468409212327,41.8764658450969,808.643700000001 2.0846584443236,41.8764586366543,808.323999999993 2.08463732133799,41.8764495841282,807.940100000007 2.08461401993784,41.8764442197667,807.797900000005 2.08459088562433,41.8764370113217,807.754400000005 2.08456741623922,41.8764298028759,807.853600000002 2.08454411483908,41.8764225944292,808.029800000004 2.0845208134389,41.8764137097852,808.013999999996 2.08449751114043,41.8764083454207,807.886100000003 2.08447420974028,41.8763992928875,807.661999999997 2.08445543405252,41.8763867200712,807.364199999996 2.08443213265237,41.8763795116197,807.181100000002 2.08440883125223,41.8763723031674,806.998600000006 2.08438536186709,41.8763652626016,806.941900000005 2.08436205956865,41.8763580541477,807.036300000007 2.08433875816848,41.8763525218912,807.213699999993 2.08431545676833,41.8763454813232,807.252500000002 2.08429215446986,41.8763382728671,807.318599999999 2.08427103238257,41.8763273762376,807.256099999999 2.08424773098243,41.8763184915804,807.190499999997 2.08422442868395,41.8763112831212,807.2016 2.08420347458166,41.8762987102875,806.933000000005 2.084182519581,41.8762896577387,806.825500000006 2.08416139749375,41.8762789289885,806.928 2.08414060957975,41.876269876437,807.151199999993 2.08411948749246,41.8762556273944,807.140199999994 2.08410087978968,41.8762430545498,807.1296 2.08408461848639,41.8762286376136,806.958899999998 2.08407053739432,41.8762125444723,806.641199999998 2.08405427609107,41.8761981275292,806.691500000001 2.08403784770115,41.8761837105828,806.652499999997 2.08399828499771,41.8761387835205,806.693100000004 2.08395151421243,41.8760938564266,806.886100000003 2.08393508582251,41.8760687106713,806.714099999997 2.08391597506316,41.8760239514163,807.022599999997 2.08389015838021,41.8759711455285,806.956399999995 2.08388311828333,41.8759441556275,806.445800000001 2.08387624437477,41.8759171657152,806.248699999996 2.08386920427788,41.8758876614759,806.353000000003 2.08385864278511,41.8758606722086,806.737500000003 2.08385176977485,41.875833682261,806.753599999996 2.08383785576944,41.8758066923019,807.065900000001 2.08382712719001,41.8757798702204,807.3514 2.08381673278382,41.8757528809076,807.517099999997 2.08381321318456,41.8757258909144,807.352499999994 2.08379913119416,41.8756989009099,807.5337 2.08378521718872,41.8756720787832,807.775999999998 2.0837783441785,41.8756450894248,807.957500000004 2.0837642621881,41.8756180993861,808.404200000004 2.08375722209121,41.875591110005,809.173200000005 2.08375034818265,41.8755641199435,809.331699999995 2.08374682858336,41.8755372977602,809.377800000002 2.08374330808577,41.8755103083449,809.423500000004 2.08373978758818,41.8754833189182,809.9758 2.08373626709058,41.8754563288113,810.762300000002 2.08373626709059,41.8754268243593,810.132800000007 2.08373626709059,41.8753998348973,809.731599999999 2.08372922609537,41.875372845424,810.056800000006 2.08372587358273,41.8753458552703,810.343200000003 2.08371883258755,41.8753190329954,810.702099999995 2.08371531208996,41.875292043488,810.511599999998 2.08370475059715,41.8752650539691,810.528399999996 2.08369083659171,41.8752380644389,810.723800000007 2.08367323500205,41.8752139243512,810.530899999998 2.08365228000142,41.8751869347994,810.0 2.08363132589909,41.875162626802,810.0 2.08360668241589,41.8751411695903,809.857600000003 2.08357516682078,41.8751249082845,809.235000000001 2.08353677731712,41.8751114971021,808.900200000004 2.08350174122439,41.8751088148653,808.331699999995 2.0834667051317,41.8751061332973,807.670299999998 2.08342010143308,41.8751016069385,806.755999999994 2.08338506534035,41.875110491765,806.325400000002 2.08335237564718,41.8751123358864,805.960399999996 2.08332320645159,41.8751114971021,805.8655 2.08328833834382,41.8751222260482,805.992199999993 2.0832533013528,41.8751275905207,805.572700000004 2.08321843324506,41.8751302727567,805.465599999996 2.08318339625403,41.8751411695903,805.871400000004 2.0831483601613,41.8751518978626,805.890899999999 2.08311332406861,41.8751599445673,805.744000000006 2.08307828797588,41.8751706735053,805.985799999995 2.08304325098486,41.8751788880981,805.798200000005 2.08301173538975,41.8751922992664,805.850300000006 2.08297686638369,41.8752003452971,805.811499999996 2.08294183029096,41.8752083919957,805.575100000002 2.08290679419826,41.8752192888159,805.186600000001 2.0828684046946,41.875230017744,805.310599999997 2.08283336860187,41.8752353822074,805.564499999993 2.08279849959581,41.8752380644389,805.525099999999 2.08276346350311,41.8752434282327,805.596000000005 2.08272490691279,41.8752434282327,805.520000000004 2.08268986992177,41.8752462783541,805.475399999996 2.08265131333145,41.8752516428161,805.369900000005 2.08261627723875,41.8752570072776,805.454599999997 2.08257084673987,41.8752524809297,804.971300000005 2.08253346424766,41.8752578453911,804.425900000002 2.08250312095397,41.8752668980861,804.5628 2.08246825284623,41.8752722625463,804.580199999997 2.08243791045087,41.8752776270061,804.158599999995 2.08239583336296,41.8752839967999,803.836800000005 2.08236096435689,41.8752893612587,803.921600000001 2.0823259282642,41.875292043488,803.4902 2.08228753876051,41.8752974079462,803.056100000002 2.08225250266781,41.8753000901751,803.106199999995 2.08221746567678,41.8753027724038,802.8848 2.08218242958406,41.8753081368611,802.465299999996 2.08214739349136,41.8753161835461,802.161500000002 2.08211235739863,41.8753217152234,801.790699999998 2.08207748839257,41.8753243974513,801.841100000005 2.08203541130469,41.8753270796791,801.734299999996 2.08200037521196,41.8753351263617,801.630399999995 2.08196550620589,41.8753378085891,801.411800000002 2.0819304701132,41.8753404908163,801.211800000005 2.08189191262455,41.8753404908163,800.758100000006 2.08185687653185,41.8753404908163,800.425300000003 2.08181848792649,41.8753404908163,800.0717 2.08178009842283,41.8753404908163,799.687300000005 2.0817450623301,41.8753404908163,799.450400000002 2.08171002533908,41.8753431730434,799.4755 2.08167146874879,41.8753485374972,799.380699999994 2.08163643265606,41.8753540698406,799.294999999998 2.0815980431524,41.8753567520672,798.915599999993 2.08156300705971,41.8753621165199,798.751399999994 2.08152445046939,41.8753701631981,798.892200000002 2.08148958146332,41.8753755276497,798.976999999999 2.08145454537059,41.8753782098754,799.004000000001 2.0814195092779,41.8753808921009,799.037299999996 2.08138447228687,41.8753808921009,798.992599999998 2.08134943619414,41.8753782098754,798.898499999996 2.08131657941431,41.875363960634,798.549499999994 2.08128204547985,41.875363960634,798.515499999994 2.08120107673004,41.8753530638384,798.193599999999 2.08111708964084,41.875347699385,798.0 2.08103679103423,41.8753396527039,798.922699999996 2.08094224335059,41.8753342882493,799.0 2.08086865066758,41.8753235593387,798.854000000007 2.08079874556878,41.8753153454334,799.849300000002 2.08071123798203,41.8753126632052,800.186499999996 2.08064468539586,41.8753019342909,800.4905 2.08055030569718,41.8752992520621,800.305200000003 2.0804733596032,41.8752829914655,800.160199999998 2.08041032751466,41.8752803092358,800.157900000006 2.08031577983102,41.8752803092358,799.349400000006 2.08022475264494,41.8752776270061,798.7448 2.08011645804252,41.8752776270061,797.496499999994 2.08001486936366,41.8752695803162,797.659499999994 2.07990640767458,41.8752642158558,797.111499999999 2.07979090499028,41.8752695803163,797.050399999993 2.07968411955751,41.8752679034207,796.961599999995 2.07954598561627,41.8752803092358,796.106700000004 2.07928799126331,41.8752759501108,797.404299999995 2.07910995954705,41.8752600246199,797.933499999999 2.07881994564408,41.8751569272204,796.270000000004 2.07880603163864,41.8751460310584,796.599700000006 2.07854401283321,41.8749819134973,794.722500000003 2.07831904324501,41.8748290275155,794.180099999998 2.07813598186147,41.8747019577003,794.826499999996 2.07797924021745,41.8746045597008,795.0 2.07778511608119,41.8744459745092,795.086200000005 2.07764664706833,41.8744204929895,795.000100000005 2.07748353457233,41.8743844509528,795.0 2.07730265339997,41.8743576289433,795.0 2.07713350692017,41.8743485767885,796.181599999996 2.07701113032735,41.8743889773623,796.209300000002 2.07685355055513,41.8743844509528,797.678100000005 2.0767192730814,41.8743844509528,798.477100000004 2.07658516269432,41.8743800924356,799.351999999999 2.07648022060453,41.8743619874621,800.081699999995 2.07634024332032,41.8743889773623,801.658100000001 2.07617696373765,41.8744159672511,801.885200000004 2.07606615475072,41.8744384307228,801.579599999997 2.07587370687078,41.8744563677823,801.477899999998 2.07570455949267,41.8744833576427,801.716199999995 2.07558788360863,41.8745237581313,802.073600000003 2.07548294241714,41.874537169437,803.202099999995 2.0753837001378,41.87456868566,803.695699999997 2.07530206034646,41.874595674804,802.441399999996 2.07523198816103,41.8746045597008,801.981599999999 2.07510357758444,41.8745911490781,800.882899999997 2.07495789959144,41.8745552743609,800.182799999995 2.0748296569998,41.8745148732233,799.808199999999 2.07471281313081,41.8744833576427,799.624100000001 2.07458456964084,41.87445200927,799.339099999997 2.07444459235662,41.8744250193964,798.908299999996 2.07426957808141,41.8743891452548,798.018899999995 2.07414133459144,41.8743531025316,797.027499999997 2.07399548951182,41.8743217547639,796.187600000005 2.07383807772456,41.8742947648353,795.433199999999 2.07369223264494,41.8742677748953,795.0 2.07356382117002,41.8742768277305,794.0 2.07345318016804,41.8742677748953,793.454899999997 2.07311002552614,41.8742369294268,791.432000000001 2.07300608954943,41.8742270391279,791.110000000001 2.07287667285973,41.8742166451486,790.751799999998 2.07279268666886,41.8741896558445,789.404599999994 2.07267014298938,41.8741519374218,788.222299999994 2.07258615679851,41.8741249474214,787.910600000003 2.07251273120216,41.8740818644008,787.316300000006 2.07239370802027,41.874028052892,787.060700000002 2.07229932742326,41.8739821196284,786.177299999996 2.07217410227264,41.8739289782728,785.670199999993 2.07210101174787,41.8739019888472,784.998699999996 2.07191292159537,41.873838957066,783.8269 2.07175416862342,41.873776260342,781.864499999996 2.07166314143737,41.8737368654086,781.399000000005 2.07155115925066,41.8736828857149,780.590599999996 2.07146968654597,41.873652375753,779.832699999999 2.07137631296041,41.8736165011778,779.943899999998 2.07131328087187,41.8735858232896,779.2111 2.0712408613886,41.8735571574477,778.599799999996 2.07120129868516,41.8735015013293,777.217000000004 2.07115687429944,41.8734654594433,776.864700000006 2.07109635659537,41.8734062827991,776.417499999996 2.07100801177876,41.8733189438372,774.964900000006 2.07086803359624,41.8732788783779,774.0 2.07074498775852,41.8732599349528,774.0 2.07065094223309,41.873234956647,773.310200000007 2.0705800319195,41.8732470270656,772.963199999998 2.07052135845672,41.8731734339316,772.0 2.07057902580639,41.8731409116526,771.594700000001 2.07064708666388,41.8731098990821,770.972699999998 2.07076309240475,41.8731088930446,770.6253 2.07081908349807,41.8731169400065,770.191399999996 2.07093307791101,41.8731409116526,769.942800000004 2.07105495054896,41.8731789657944,769.715299999996 2.07115503005816,41.8731999206468,769.471999999994 2.07120699849565,41.8731729309134,768.923500000004 2.07118302605397,41.8731300158158,767.946599999996 2.07107087588234,41.8730629604583,766.482000000004 2.07090793137126,41.8729880259494,765.520300000004 2.07080801984705,41.872906889219,764.621100000004 2.07062697068974,41.8726839304094,761.490099999995 2.07053996615953,41.8725119340757,760.0 2.07043703629594,41.8723719562724,758.372900000002 2.07023805047738,41.8722639972097,757.184200000003 2.07022396848698,41.8722569561914,757.238200000007 2.06997502555881,41.87221001761,755.321100000001 2.0697529054267,41.8721149670613,752.991200000004 2.06953598204854,41.8720128753258,752.251699999993 2.06938192277395,41.8719018988251,750.903300000005 2.06927111378702,41.8718100332224,749.304099999994 2.06912091008161,41.8716670383771,747.959600000002 2.06897389180221,41.8714859887537,748.0337 2.06883089617867,41.8713559021241,747.558900000004 2.06864800278009,41.8712189413289,746.193100000004 2.06863408877464,41.871210894797,746.2212 2.0684180035246,41.8711238906442,745.587599999999 2.06840492764735,41.8711248967129,745.671900000001 2.06822589071627,41.8711190295391,743.731100000005 2.06803897376352,41.8711228852443,742.487099999998 2.06798700622433,41.8711119883946,741.974300000002 2.06789195548412,41.8711009243108,741.6351 2.0676659788845,41.8710630381709,740.739199999996 2.06758903368885,41.8710559976892,741.050000000003 2.06728208833943,41.8710050352814,738.944199999998 2.06711797062861,41.8709228926377,737.919599999994 2.06691596647067,41.8707629657979,737.118600000002 2.06683885329003,41.8707229007433,736.782600000006 2.06677347390364,41.8706789792628,736.261400000003 2.0667407851088,41.8706348905187,735.150999999998 2.06666719152745,41.8705971720051,735.063800000004 2.0665775055261,41.8705658237332,735.0 2.0664956977498,41.8705468808419,734.997900000002 2.06641405795849,41.8705281051788,734.457800000004 2.0663325861521,41.8705217349111,734.236199999999 2.06625094636075,41.8705217349111,734.156000000003 2.06616913858448,41.8705091622764,733.462599999999 2.06608749969146,41.8704965889703,733.331200000001 2.06600585990012,41.8704778139613,732.939499999993 2.06591600591381,41.8704652406491,732.249100000001 2.0658343661225,41.8704525001004,732.0 2.06575272633115,41.8704399274521,731.643400000001 2.06566287234484,41.8704211517576,731.244000000006 2.06558123255353,41.8704022088235,730.842799999999 2.06549959276218,41.8703770635046,730.203999999998 2.06542599918084,41.8703457151248,730.0 2.06535274156944,41.8703079964406,729.525399999999 2.06527914888639,41.870270277734,728.954899999997 2.06520572329004,41.8702387620673,728.842999999993 2.06513212970869,41.8702010433199,728.165599999993 2.06505853702568,41.8701696948538,728.164099999995 2.06498511142929,41.8701381791375,727.391900000002 2.0649036396229,41.8701130330459,727.0 2.06482183184663,41.8701066627368,726.0 2.06474019205528,41.8701318088309,725.350300000006 2.06466659937227,41.8701696948538,725.0 2.06458495958092,41.8701948409232,724.257500000007 2.06450331978957,41.8702261887081,724.256200000003 2.0644134658033,41.8702451323633,724.0288 2.06428304300044,41.8702451323633,723.156499999997 2.06413585673608,41.8702010433199,721.954199999993 2.06392496823999,41.8701309706502,720.260899999994 2.06386897714667,41.8700959342866,719.450100000002 2.06367099654286,41.8699738935236,717.539900000003 2.06360595312642,41.8699410364839,716.395199999999 2.06353001314556,41.869930978285,716.532600000006 2.0632069744778,41.8699708759318,716.025399999999 2.06293590334925,41.8700489954562,714.296600000001 2.06267204120085,41.8700779966724,712.864300000001 2.06238487765227,41.8699609856417,711.435599999997 2.06214498704725,41.8699239376785,710.448699999994 2.06191197035075,41.8699889808112,710.094200000007 2.061717007188,41.870045977868,709.035699999993 2.06160988668361,41.8701130330459,708.710699999996 2.06126589301526,41.8702119396561,706.935500000007 2.06110294940248,41.8703229164151,707.188299999994 2.06092793512727,41.8705009477524,705.565900000001 2.06088401379808,41.8705309548416,705.072199999995 2.06061596011056,41.8704739582172,703.746100000004 2.06041697429197,41.8704028797665,703.0 2.06037104163488,41.8703829307466,702.788400000005 2.06012897171693,41.8703100079348,701.441300000006 2.05988287914318,41.8702659189362,700.813200000004 2.05961901699478,41.8702089220755,699.934200000003 2.05937091219477,41.8702469759561,699.310899999997 2.05910587684659,41.8704058966689,698.248000000007 2.05908207238987,41.8704399274521,697.997099999993 2.05892499567423,41.8707150213821,695.027900000001 2.05877898260965,41.8709529001978,694.175199999998 2.05854814522604,41.8710400718157,692.891600000003 2.05825293456916,41.8710149260788,691.123699999996 2.05797297910243,41.870966981852,689.920499999993 2.05769788441972,41.8708819888435,688.0 2.05749202559091,41.8707750360144,686.156000000003 2.05723000678545,41.8706320408606,684.247099999993 2.05697704120144,41.8704550146298,684.433099999995 2.05682096970062,41.8704048912578,684.696100000001 2.05655492823933,41.8703029673702,685.610799999995 2.05640707183177,41.8701990318223,688.103000000003 2.05633096386595,41.8701158833961,686.960099999997 2.05607900439509,41.8699629971469,684.942200000005 2.05582805013898,41.8698759933025,683.0 2.05558095145211,41.8698039087663,682.0 2.05524500489202,41.8696889087477,681.0 2.05489095278743,41.8695718976739,680.0 2.05461703220276,41.8694299079309,680.0 2.05436406661876,41.8692210310732,678.661099999998 2.05425208443208,41.8690929553805,679.7215 2.05410288683979,41.8689479489405,679.797699999996 2.05405393584335,41.8689000045013,680.0 2.05388797478956,41.8686710104574,679.844299999997 2.05369099940057,41.8685570165168,681.0 2.05361103676387,41.8685338826912,681.0 2.05350190403326,41.8685010255804,680.756200000003 2.05315791036487,41.8684559312303,680.417400000006 2.05283403356898,41.8683649035619,679.077799999999 2.0525669868929,41.8683020395806,677.419699999999 2.05227093810786,41.8682410191883,676.165299999993 2.05221997578346,41.8682259314881,676.388900000005 2.05197203896844,41.8681679287001,674.0 2.05172996994882,41.8680869597811,672.183000000005 2.0515839568842,41.8680339861163,671.824699999997 2.05153500678607,41.8680090077752,671.883600000001 2.05118799567666,41.8678609831921,670.031799999997 2.05090200532786,41.8677119534817,669.0 2.05075398093534,41.8675759990313,668.227700000003 2.05074191117117,41.8674940239058,668.752500000002 2.05068089041057,41.8672968811254,667.242700000003 2.05059288066554,41.8671429900305,667.456399999995 2.05039288873383,41.8669909422519,667.401100000003 2.05014696324671,41.8668989083691,666.398000000001 2.04984303533833,41.8667589309849,666.941900000005 2.04970607549516,41.8667170210641,667.265899999999 2.04964304340662,41.8667079691652,666.992800000007 2.04936711149405,41.8666239819854,667.679799999998 2.04911297181197,41.8665760378103,668.612299999993 2.04890996243922,41.8666109061832,667.460699999996 2.04847997035376,41.8666229765147,667.766399999993 2.04809691793681,41.8666938872417,667.840100000001 2.04777790192492,41.8666819848363,669.835200000001 2.04762300452217,41.8666860080529,670.0 2.04735210137855,41.8666499663379,669.387700000007 2.0470838806044,41.8665269195449,671.0 2.04702202261394,41.8665049590394,670.993400000007 2.04679001113226,41.8664658994651,671.0 2.04646998990555,41.8663879481585,669.063800000004 2.04618198822881,41.8662870300319,668.142500000002 2.04591611385418,41.8661539250852,667.0 2.04581603434501,41.865989975096,665.550499999998 2.0458349771194,41.8657229274569,662.115099999995 2.04580496979566,41.8654729793718,661.092799999999 2.04571645699409,41.8652986355518,661.810800000007 2.04562308251019,41.8651189279515,663.532200000001 2.04552987601125,41.864979620346,663.555699999997 2.04545393603038,41.8648673030127,664.863200000007 2.04535100616683,41.8647368804584,665.628800000006 2.0453220049562,41.864714920007,665.394700000004 2.045229971657,41.8646329452269,664.463900000002 2.04504908958635,41.8644639658216,663.016199999998 2.04478690369427,41.8643539951019,660.961200000005 2.04464592029693,41.8643048771364,660.457999999999 2.04452656204346,41.8642654823867,658.396299999993 2.04451499533586,41.8641667431928,658.005499999999 2.04453829673601,41.8640498999663,656.099199999997 2.0444625247401,41.8639196450025,656.0 2.0442860012952,41.8637888873503,655.0 2.04409187626064,41.8636539387718,653.978300000002 2.0439649748537,41.8634650102835,652.637400000007 2.04382499667118,41.8632839615149,651.0 2.04381493823495,41.8632739029376,650.876799999998 2.04369105426907,41.8631099529222,650.0 2.04348603267008,41.8630249608408,648.921900000001 2.04316098267441,41.8630449094808,646.965299999996 2.04293802351585,41.8631379484158,643.081699999995 2.04289594642794,41.8631568914954,642.345000000001 2.04277491191811,41.8631639328471,642.307000000001 2.04243494180389,41.8631820376471,641.0 2.042139899132,41.8631749969665,640.0 2.04197796073404,41.8631129708378,640.254400000005 2.04194694729715,41.86308095189,640.209900000002 2.04185642316768,41.8629654493905,640.371499999994 2.04179121176625,41.862858496028,640.912100000001 2.04169314358498,41.8627263975037,641.801200000002 2.04161150379367,41.8626258141275,641.613599999997 2.04150522141745,41.8625252319311,641.868700000006 2.04143179582106,41.8624497946782,642.0 2.04134210981974,41.862349211536,642.995699999999 2.04130942012653,41.8622234830547,643.0 2.04134210981974,41.8621101600213,643.295800000007 2.04142358162613,41.8620347229478,643.786600000007 2.04148896011419,41.8619089938481,644.020499999999 2.0415390843104,41.8617879597286,644.025099999999 2.04154193376649,41.8617768953692,644.060200000007 2.04153791111066,41.8615839438184,643.553700000004 2.04143498124707,41.8613998770794,642.649000000005 2.04125896085874,41.8612240248587,642.0 2.04107288293244,41.8611340031549,642.0 2.04082192867637,41.8610820353081,642.0 2.04058689975364,41.8610399584217,642.0 2.04036494760649,41.86099503142,642.911999999997 2.04032203149212,41.8609829613639,643.0 2.04005599003082,41.8609189239953,645.0 2.03983588122665,41.8609070211839,646.0 2.03957302519137,41.8608429837393,646.611300000004 2.03929089041177,41.860682889178,647.114000000001 2.03911503800837,41.8605209510118,646.770199999999 2.03883189711566,41.8603388956971,645.802100000001 2.03862603738851,41.8602339544358,644.683499999999 2.03849494444249,41.8601658933596,644.054199999999 2.03818196421099,41.8600621253184,643.7019 2.03780896933198,41.8600269215278,643.848400000003 2.03753706097357,41.8599799826641,643.0 2.03721502752063,41.8598720240836,643.0 2.03698502826518,41.8597439483952,642.0 2.03677699012347,41.8596100055584,641.816600000006 2.03660197584823,41.8594420325122,642.0 2.03653793764657,41.8592789203614,642.7454 2.03650508086674,41.859098877372,643.055800000002 2.03648295266634,41.8590499266477,643.359299999996 2.03644489913259,41.8589429740956,643.5913 2.03628212170817,41.858715991707,644.0 2.03613191800276,41.8585589153038,644.547600000005 2.03602496548337,41.8583579172672,645.687600000005 2.03590108061916,41.8581859205262,646.893899999995 2.03579496622792,41.858059018347,646.0 2.03581709442829,41.8578539969744,646.0 2.03582799099268,41.857650987506,646.0 2.03584089888501,41.8575120155615,646.0 2.03581893777127,41.8573899748635,646.0 2.03577803478143,41.8572878830305,646.0 2.0356630351537,41.8571428765789,645.993600000002 2.03558290363372,41.8570669365221,646.0 2.03553412152054,41.8570318996898,646.0 2.03543001755891,41.856943890021,646.0 2.0353629628145,41.8569120385989,646.0 2.03534703658283,41.8569009747339,646.0 2.03517202320591,41.8567960331836,647.0 2.03501796393133,41.8567199254451,648.0245 2.03482501209651,41.8566278921668,649.270799999998 2.0346419516113,41.8565529577966,650.4421 2.03449392721878,41.856441981222,652.724000000002 2.03441597501168,41.8563829728172,653.199399999998 2.03440088780646,41.8563678856642,653.721699999995 2.03438110690391,41.8563350283228,654.4905 2.03432695915353,41.8562828933195,655.421100000007 2.03423492585437,41.8562149993238,656.028600000005 2.03415110675013,41.8561199490806,657.953999999998 2.03407701101057,41.8560609403787,659.357900000003 2.03399201870659,41.8560150075869,660.698999999993 2.03385036426776,41.8559005106761,663.372900000002 2.03364299626925,41.85586094816,665.165900000007 2.0336258968378,41.8558599425202,665.321500000005 2.03333303347877,41.8557918814722,666.889899999995 2.03328609470854,41.8558059624513,667.246400000004 2.03320998674275,41.8558180328154,668.414199999999 2.03294008971225,41.8558750297931,668.843699999998 2.03285610262309,41.8558700002564,669.484700000001 2.03261587784474,41.8558309408763,671.131200000003 2.03245058693415,41.8558151831659,671.605800000005 2.03231999614637,41.8557030330654,672.103600000002 2.03222997507343,41.8555479679114,671.9139 2.03221002618589,41.8555209780855,672.0 2.03210307276817,41.8553290327103,670.708100000003 2.03204590847507,41.8551119414581,670.094400000002 2.03198404958628,41.8549132898214,668.0 2.03200735188475,41.854868363199,667.891699999993 2.03206568937762,41.854792087899,667.213699999993 2.03214716208231,41.8547201710277,666.0 2.03220549957518,41.8546931815217,665.764899999995 2.03229887405908,41.8546752442697,665.0 2.03240381525057,41.8546618328117,664.258199999997 2.03248562302688,41.85464842202,663.998800000001 2.03260229891092,41.854643895551,663.972200000004 2.03263716791699,41.854607853739,663.8799 2.03269550540986,41.8545361046052,663.701300000001 2.03271293991289,41.8544371978321,663.055399999997 2.03274797690392,41.854365449176,662.848800000007 2.0327887128071,41.8542395524414,662.569799999997 2.03274797690392,41.8541092982362,662.358699999997 2.03267706569201,41.8539599326975,662.080499999996 2.0325878818489,41.8537979942346,660.750199999995 2.03252501774532,41.85362297958,658.993700000006 2.03237598723969,41.8534697588124,655.901899999997 2.0322453973502,41.8532119314953,654.484800000006 2.03221270855536,41.853061057008,653.567999999999 2.03223701606862,41.8530860351666,654.737899999993 2.03219896163654,41.8529239292188,653.5337 2.03210894056361,41.8527829456628,649.724199999997 2.03207306544442,41.8527499205377,648.655100000004 2.03198488771444,41.8525769184131,645.369000000006 2.03185295664025,41.8523589887738,641.998099999997 2.03172404300709,41.8522109647613,639.534899999999 2.03166805191373,41.8521489387039,638.732900000003 2.03164592371336,41.8521080349428,638.081600000005 2.03154198863499,41.851920950589,635.889599999995 2.03149991154708,41.851795892817,635.0 2.03144744005302,41.851678713832,634.488599999997 2.0314766092486,41.85148559464,633.0 2.0314766092486,41.8513596982591,632.199600000007 2.03146805998203,41.8512549242687,631.044299999994 2.03129606314786,41.8510319662305,630.034 2.03113496287806,41.850766930461,629.589999999997 2.03105432919983,41.8505826960824,628.887499999997 2.03101392836824,41.8504299779206,628.064599999998 2.03093212059197,41.8502809477315,626.0 2.03085098385719,41.8501240379729,625.476999999999 2.03070446863433,41.8499270637954,624.0 2.0305130259692,41.8498199427513,623.154200000004 2.03022602950728,41.8496968963602,622.0 2.03013500232124,41.8495609417472,621.0 2.03000709390285,41.8493829103189,620.058799999999 2.02987398962889,41.8492539965835,618.664999999994 2.02968305002031,41.8490509872532,617.0 2.02962404148593,41.8488540124481,616.0 2.02961063053707,41.8487490710779,616.0 2.02958615503882,41.8486493262622,615.876900000003 2.02957911404363,41.848587300097,615.631500000003 2.02957911404363,41.8485172271604,615.0 2.02957559354604,41.8484553688278,615.0 2.02956872053578,41.8483826137269,615.0 2.02955815904301,41.8483179059498,614.995200000005 2.02954072543827,41.848212796408,614.0 2.0295160819551,41.8481427237303,614.0 2.02953368444309,41.8481130520945,614.0 2.02953368444309,41.8480726509759,614.0 2.0295440779509,41.8480429793075,613.968399999998 2.02955111894612,41.8479918500006,613.948600000003 2.02959319603403,41.8479432347292,614.710900000005 2.02964566662976,41.8478894226329,615.361199999999 2.02968422322008,41.8478517040845,615.257700000002 2.02971909222615,41.8478220323136,615.122799999997 2.02979972590435,41.8477626887306,615.0 2.02985202851515,41.8477222873908,615.0 2.02990466709584,41.8476792046453,614.771200000003 2.02997105169704,41.847641485973,614.0 2.03003408378558,41.8476118141046,614.0 2.03011455037715,41.8475714133387,613.198099999994 2.03021261855842,41.847520116361,613.043799999999 2.03028621124143,41.8474850796524,613.0 2.03034907624331,41.8474419967472,612.080100000006 2.03041546084451,41.847401595874,612.0 2.03047145193783,41.8473719238944,612.262300000002 2.03055426492896,41.8473620334545,611.687000000005 2.03063690993509,41.8473600219075,611.2402 2.03069793069569,41.8473459404074,611.493499999997 2.03077839728726,41.8473513045339,611.295800000007 2.03085534248294,41.8473593513918,611.042000000001 2.03093580907451,41.8473700803112,611.0 2.03101275516849,41.8473700803112,610.986900000004 2.03107930685633,41.8473350435204,611.0 2.0311456914575,41.8472892784485,611.760399999999 2.031191289043,41.8472435133439,612.287599999996 2.0312368866285,41.8472031123454,613.003100000002 2.03128583762497,41.8471627119906,613.0 2.03129975163041,41.8471330399001,613.0 2.03132422623033,41.8470467062914,612.702399999995 2.03135926232303,41.8469469614981,612.188899999994 2.03135574272377,41.8468824209029,612.629100000006 2.03137317632847,41.8467960876251,611.442599999995 2.03137669682606,41.8467072394369,612.052500000005 2.03138725831887,41.8466128589719,611.533899999995 2.03139077881646,41.8465240105292,611.579500000007 2.03140502789349,41.8463379323634,610.923500000004 2.03141894189893,41.8461540338772,610.0 2.03143201777621,41.8460360160988,610.257800000007 2.03139999912454,41.8457538817987,609.421499999997 2.03145900765891,41.8455069506955,607.468500000003 2.03150812574204,41.8452979060155,607.030499999993 2.0315719950604,41.8450600274479,607.659199999995 2.031545006076,41.8448779729589,607.675900000002 2.03152790664459,41.8446519966613,607.718299999993 2.03150628150076,41.8445183889435,608.088000000003 2.03155305228601,41.8443790819671,607.133700000006 2.03155875209649,41.8442354161229,608.555999999997 2.0316229573848,41.8440962765025,609.891399999993 2.03170459717612,41.843966021719,609.682199999996 2.0317513679614,41.843853704285,610.361300000004 2.03177467025987,41.8437502711539,611.750799999994 2.03177467025987,41.8435078669367,611.346300000005 2.03183803742002,41.8433320143727,610.0 2.03200701591484,41.8431159290665,610.330499999996 2.03214800021047,41.8429900329447,610.329100000003 2.03228697138157,41.8428180363696,610.0 2.03233089271076,41.8426849314264,609.531499999997 2.03233089271076,41.8425870309156,609.826199999996 2.03232703714155,41.8423830153236,609.0 2.03233458119331,41.8421603917653,609.0 2.03239694224035,41.8420229287463,609.091 2.03245997432888,41.8419578852738,610.065100000007 2.03248294065741,41.8419419595142,610.432700000005 2.03252501774532,41.8418940149033,611.302899999995 2.03256206606428,41.8418190806723,612.007299999997 2.03254446357629,41.8416842998899,613.0 2.03263197116308,41.841589919377,614.724700000006 2.03270589891768,41.8415669531433,615.669999999998 2.03277798332933,41.8415657799692,615.991200000004 2.03288996551604,41.8415522011301,617.060400000002 2.03294947710698,41.8415548834362,617.808099999995 2.03298451409801,41.841530743346,618.0 2.03303698469374,41.8415010713206,618.035799999998 2.0330753732991,41.8414794462097,618.006800000003 2.03308241429428,41.841428316342,617.830100000006 2.03310001678228,41.8413636082237,618.0 2.03311393078772,41.8412692279069,618.012700000007 2.03311409787438,41.8411999935458,618.009699999995 2.03311594211565,41.8411699860767,618.618900000001 2.03316388610067,41.841071917945,619.023199999996 2.03316103664458,41.8409720058953,619.977499999994 2.03319389342442,41.8407518971408,621.0 2.03319104396836,41.8406591930557,620.408800000005 2.03317712996291,41.8405514019684,620.224499999997 2.03319808496354,41.8404543394399,619.637499999997 2.03320512506043,41.8403923133608,619.439599999998 2.03321551946657,41.8403115120552,618.577799999999 2.03321551946657,41.8402253459242,619.048999999999 2.03322255956346,41.8401256012045,618.688299999994 2.03330654665262,41.8400421171927,617.059500000003 2.03334996492527,41.8399468990275,616.575400000002 2.03351693209218,41.839761994349,615.559399999998 2.03366596259781,41.839587986006,614.751000000004 2.03379068559015,41.8394837147589,614.0 2.0338501971811,41.8394216890774,613.702099999995 2.03390970787375,41.8393623450646,613.390700000004 2.03397961297251,41.8393031689815,613.145799999998 2.03402856396898,41.8392708148598,613.186700000006 2.03408103456471,41.8392114707071,613.0 2.03410567714959,41.8391601737193,613.010200000004 2.03414406665328,41.8391036798581,613.352499999994 2.03416870923812,41.8390255600069,613.979099999997 2.03413367314543,41.8389258154249,614.271800000002 2.03412311165262,41.8388530608647,615.147700000001 2.03408455506233,41.8387990811681,616.040500000003 2.03402856396898,41.8387372228092,617.0 2.0339831334701,41.8386886078675,617.721600000004 2.03393602761324,41.8386208819231,618.157500000001 2.03382102798552,41.8385129227619,619.668000000005 2.03370669850099,41.8384460352276,620.265499999994 2.03357795285278,41.8383459557758,621.0 2.03334895881215,41.8381799936026,621.524699999994 2.03333588293487,41.838167923926,621.805600000007 2.03322960055864,41.8380678440393,622.000100000005 2.03313622607475,41.8379915687849,621.504100000006 2.03297697004625,41.8378259423391,621.782399999996 2.03292617570681,41.8377220068756,622.522599999997 2.03277446373007,41.8376053308428,621.9378 2.03268695614328,41.8375424660715,621.895300000004 2.03258218203845,41.8374480861424,621.615000000005 2.03245963925727,41.8373312422897,623.665299999993 2.03235453008082,41.8372415557322,624.083400000003 2.03236039697793,41.8371067746785,623.753899999996 2.03237783148096,41.8369765203911,622.767000000007 2.03240297712241,41.8368060322896,624.799499999994 2.03240901200448,41.8367589257952,625.153099999996 2.03242091468199,41.8366199539719,625.0 2.032460980442,41.836390960121,625.419999999998 2.03251160679645,41.8362022000739,625.0 2.03252920838615,41.836098934615,624.0 2.03242611143593,41.8359919818367,623.968900000007 2.03226082052534,41.8359192266183,622.765700000004 2.0320742395425,41.8358338992271,620.835800000001 2.03200416645878,41.8358654151179,620.262199999997 2.03188179076425,41.8359012894566,618.282999999996 2.03175338018763,41.8359416902292,616.843299999993 2.03172421099204,41.8358833522898,614.979600000006 2.0317766815878,41.835780087655,613.943799999994 2.03183703130691,41.8357148758666,613.238299999997 2.03185899152232,41.8356619021577,613.3704 2.03182093798857,41.835523936589,612.0 2.03179897777313,41.8354749858942,612.0 2.03170996191502,41.8353360139602,612.416200000007 2.03158792129207,41.8352379455889,611.672000000006 2.03144593178166,41.835135015904,610.391000000003 2.03136697435974,41.83505304136,608.067299999995 2.03129606314786,41.8349360298236,607.535900000003 2.03129103437888,41.8349080340331,607.636299999998 2.03128600471163,41.834716927029,606.128599999996 2.03128801693786,41.8346609359132,605.480299999996 2.03125800961409,41.8344969855058,604.193100000004 2.03119397141243,41.8343668985897,604.023199999996 2.03117502863804,41.8343290121036,603.940199999997 2.03115792920662,41.8343058779436,604.216899999999 2.03112708375469,41.8342710093593,604.025399999999 2.03107796567159,41.8342349674475,603.256399999998 2.03101309024008,41.8341880283974,602.239799999996 2.03097587483449,41.834159026968,601.823699999994 2.03094603459741,41.8341310315068,602.015499999994 2.03087294497093,41.8340849310336,601.914900000003 2.0308320410828,41.8340468777208,601.297000000006 2.03074201911154,41.8339709370181,600.030700000003 2.03066088237676,41.8338939915786,599.195399999997 2.03054688886216,41.8338517468793,595.866399999999 2.03050615295894,41.8338158720612,594.606400000004 2.03046524907081,41.8337754712853,593.535600000003 2.03041277847508,41.8337439557041,592.481499999994 2.03037187458691,41.8337080808255,591.409899999999 2.03031940399118,41.8336810911557,590.798299999995 2.03027280029256,41.8336541014745,590.771099999998 2.03022619749224,41.8336227531638,591.617400000003 2.03017372599818,41.8335957634579,592.490399999995 2.03012108831579,41.8335732996931,593.0196 2.0300652643091,41.8335446339846,593.933900000004 2.03001027932886,41.8335283728089,594.166899999997 2.02995194093769,41.8335104356465,594.065300000002 2.0299041640393,41.8334871338599,593.965200000006 2.02984599363309,41.8334764052899,593.113299999997 2.02978765614021,41.833461988081,591.966899999999 2.02972931774901,41.8334566234594,591.849400000006 2.02967215345591,41.833433992315,591.542300000001 2.02961364797808,41.8334251077211,591.781799999997 2.02954960977643,41.8334115291626,591.099600000001 2.02948540448815,41.8334026445657,590.304499999998 2.02942706609695,41.8333892333332,589.722899999993 2.02936872860408,41.833380180733,589.032800000001 2.02931055819786,41.8333711281315,589.005799999999 2.02924635290955,41.8333531909249,588.9709 2.02918801451838,41.8333443063199,588.019 2.02912967612721,41.8333443063199,587.1103 2.0290654708389,41.8333352537134,586.649699999994 2.02899539865348,41.8333352537134,585.724499999997 2.02893706026231,41.8333307277442,585.493900000001 2.02888928336391,41.8333451443134,584.598499999993 2.02883228615744,41.8333667694959,583.7209 2.02877394866457,41.833384707368,583.026100000003 2.02872147806884,41.8334115291626,581.968399999998 2.02867470638527,41.8334475715381,581.487899999993 2.02864553808798,41.8334879718516,580.587400000004 2.02861050109695,41.8335238468535,580.0524 2.02857546500422,41.8335642471188,579.481899999999 2.02854059599816,41.8336091746471,578.672999999995 2.0285114277009,41.8336497428581,578.047500000001 2.02847639070988,41.8336901437134,577.545299999998 2.02842039961652,41.8337439557041,577.233099999998 2.02839475091853,41.8337709453474,576.538400000005 2.02834798013325,41.8337979349793,576.144400000005 2.02828980972704,41.8338068195213,576.524099999995 2.02823147133587,41.8338203986653,575.775699999998 2.028173133843,41.8338383357409,574.076199999996 2.02811479545183,41.8338472202774,573.414399999994 2.02805645795896,41.8338472202774,572.5291 2.02799811956775,41.8338472202774,571.998000000007 2.02793391427947,41.8338247572701,572.866800000003 2.02787557588827,41.8338068195213,572.630799999999 2.0278232732775,41.8337843564998,572.333799999993 2.02777063469678,41.8337618928011,571.934899999993 2.02771816410105,41.8337260179327,571.964399999997 2.02766569350529,41.8337035548828,572.0 2.02762478961715,41.8336676799816,571.626499999998 2.02757818591853,41.8336406902948,570.885699999999 2.02746737782993,41.833591236838,570.309800000003 2.02736813555059,41.8335463099664,568.335099999997 2.0272866637442,41.8334924984789,567.805800000002 2.02717501662911,41.833385880692,566.545299999998 2.0271470215316,41.8333699548071,566.109899999996 2.02705901088827,41.8333240217862,564.848100000003 2.02686488585371,41.8331800212237,563.224300000002 2.02671702944615,41.8330698829269,562.002299999993 2.02669909188654,41.8330650209369,561.690900000001 2.02643288333862,41.8329659471022,559.0723 2.02623708204771,41.8328620117781,557.847599999994 2.02613297808608,41.8328249637402,556.493400000007 2.02590398494375,41.8326988994499,555.618100000007 2.02587297150685,41.8326519612813,555.0 2.02578596787497,41.8325069538692,551.664699999994 2.02578110619265,41.8324958897992,551.523000000001 2.02574003521785,41.8324368813936,550.434899999993 2.02570499822683,41.8323788789427,550.0 2.02567197346203,41.8322179460791,549.144 2.02557675563519,41.8320013580533,544.918000000005 2.02562101203596,41.8319809057594,546.068299999999 2.02559301604015,41.831850315741,544.706999999995 2.02557407326576,41.8317019564607,544.105599999995 2.02556401482952,41.8315960090496,543.088699999993 2.02552495518263,41.8314270300426,542.659899999999 2.02550802373617,41.8314089249551,542.402199999997 2.02534792957948,41.8312369280427,542.531000000003 2.02524298838799,41.8310510176043,543.930300000007 2.02524701104383,41.8310319070497,544.113700000002 2.02524701104383,41.8309489259046,544.329899999997 2.02512597653404,41.8307549690313,543.9522 2.02508490555924,41.8307138976414,544.122199999998 2.02494207792066,41.8305489417956,545.0291 2.0249320194844,41.8305320098362,545.0 2.02480394397942,41.8304349475068,545.910199999998 2.02472498655751,41.8303529729674,546.0 2.02457997960604,41.8301989133213,547.0 2.02454511059997,41.830107886086,547.098899999997 2.0245365613334,41.8300485421385,547.762900000002 2.02457159742612,41.8299840012325,548.0 2.02458551143157,41.8299300220877,548.001799999998 2.02464837553515,41.8298949857878,549.0 2.02479187421525,41.8298438560357,549.0 2.02497292337257,41.8298120045076,550.761899999998 2.02520594006906,41.8297648982204,551.0 2.02540894944179,41.8297328793125,550.138399999996 2.02561631833863,41.8297033751817,550.472999999998 2.02572125953012,41.829649563141,548.7739 2.02577373012584,41.8296001099474,548.577799999999 2.02572109154516,41.8295318817337,546.900999999998 2.02563710535429,41.8294079971042,549.140199999994 2.02561899980973,41.8293580410305,549.035799999998 2.02561078561477,41.829277909886,549.885999999999 2.02562134710758,41.8291728005271,551.168300000005 2.02571924820218,41.8290864667831,551.961599999995 2.02580675489064,41.82900566526,553.313899999994 2.02585570498878,41.8289679469592,553.547999999995 2.02594606203166,41.8288894920996,553.833700000003 2.02608017241873,41.8287862275604,554.230299999996 2.02622015060125,41.8286963730651,554.964800000002 2.02627848809412,41.8286739095889,555.622499999998 2.02643020096919,41.8285976345186,556.0 2.02638929708102,41.8284898431972,555.487399999998 2.02637169549136,41.8283775260445,555.788799999995 2.02638577658343,41.8282957182227,557.084300000002 2.02644528817437,41.8282256458228,557.149300000005 2.02653983585801,41.8281959736529,557.786999999997 2.02663287527033,41.8281569141106,557.266499999998 2.02673915764652,41.8281745160762,557.689599999998 2.02683722582778,41.8281825626683,556.380399999995 2.02694920801446,41.8282122348444,555.391900000002 2.02701928109821,41.8282472707266,555.019400000005 2.0270927066946,41.8282769428728,554.568799999994 2.02720921459368,41.8282740933352,554.431299999997 2.02726755298485,41.8282660460853,554.814599999998 2.02730963007276,41.828179880471,554.742400000003 2.02732991403189,41.8281269065502,554.948999999993 2.02734600735019,41.8280229714014,556.351899999994 2.02734298990914,41.827880981783,557.4035 2.0273431578941,41.8277601148811,557.345100000006 2.02735019888932,41.8276630523652,557.889999999999 2.02736780047898,41.8275255889977,557.7359 2.02740618998267,41.8274365734814,558.234299999996 2.0274586605784,41.8273343140257,559.8943 2.02754616726686,41.8272372515336,558.428400000004 2.02774582412694,41.8271671786444,558.134600000005 2.02786115972462,41.8271131991327,555.583100000003 2.02801169850161,41.8270593875922,554.229399999997 2.02815787865285,41.827016975051,552.516799999998 2.0284039712266,41.8269428788819,552.047399999996 2.02848494087475,41.8269309771115,551.789499999999 2.02860312503015,41.8268734770703,552.912299999996 2.02878870079817,41.8267467423767,552.082800000004 2.0288760404,41.8266909190008,552.452399999995 2.02891459699029,41.8266443158094,552.0 2.02903345218722,41.826614643576,552.267999999996 2.0291110684244,41.8265853073648,551.344200000007 2.02919857601119,41.826555635104,550.954400000002 2.02928608269965,41.8265152344315,550.275899999993 2.02938063038329,41.8265152344315,550.0 2.02945405597968,41.8265152344315,549.812000000005 2.02955547757187,41.8265179166985,548.975099999996 2.0295905136646,41.8264694691958,548.329800000007 2.02962554975729,41.826407442951,546.880399999995 2.02964298426033,41.8263184272188,546.522100000002 2.02964650475792,41.8262188502648,546.145399999994 2.02966745975855,41.8260974801834,545.132599999997 2.02968506134824,41.8259870070491,544.259600000005 2.02971691291326,41.8258369707151,542.809899999993 2.02975194900599,41.8256498865247,541.578899999993 2.02976150438564,41.8255615418221,540.506599999993 2.02977558637604,41.8254914691071,539.095799999996 2.02977558637604,41.8254349745607,537.905899999998 2.02977558637604,41.8253972561644,537.856700000004 2.02982805697181,41.8253405948523,537.0 2.02988756856275,41.825351490799,536.825599999996 2.02997507525121,41.8253568554304,536.0 2.02999619733846,41.8253109226841,536.053100000005 2.03005906234037,41.8252571109675,535.927599999995 2.03009594267434,41.8251878760196,534.029299999995 2.03013399620812,41.8250869584868,532.496799999994 2.03014992154146,41.8249369220518,531.073199999999 2.03017288787002,41.824884954252,529.2071 2.03018596374731,41.8248130379022,527.876499999998 2.03016718805954,41.8246635042251,523.722699999998 2.03014254547466,41.8245019012922,521.785999999993 2.03009694788916,41.8244398751494,520.359200000006 2.03003995158102,41.8243589057625,518.240999999995 2.02994992960976,41.8242863187338,515.781099999993 2.02988354500859,41.824216245962,513.895399999994 2.02974356682607,41.8241057722594,510.509999999995 2.02964214613217,41.8240167566742,509.165800000002 2.02961046255211,41.8239792061366,509.0 2.02956151245394,41.8239388051772,508.203999999998 2.02944399754344,41.8238529744753,508.0 2.02935498168529,41.8237663055395,507.108099999998 2.02926747499684,41.823698915253,507.0 2.02919052890286,41.8236288425078,507.0 2.02919052890286,41.8235587696858,507.0 2.02918348790767,41.8234915465377,507.0 2.02914912285648,41.8233839233483,506.689499999993 2.02911693621984,41.8233488868129,505.984299999996 2.0290339552438,41.8232999361794,505.0 2.02894510737061,41.823246124781,504.063699999999 2.02882608418871,41.8232003592167,503.0 2.02871762249963,41.8231490621157,502.025500000003 2.02863380339543,41.8231006147415,501.165299999993 2.02855333680386,41.8230602138972,500.880900000004 2.02844822762741,41.8229981876966,499.215200000006 2.02822074275643,41.8228768182042,497.593399999998 2.02808596222612,41.8227878022493,496.469899999996 2.02799996380906,41.8227390192149,495.104500000001 2.02797196781322,41.8227130357672,495.243400000007 2.02789016093524,41.8226297191625,494.714600000007 2.027831990529,41.8225319861259,493.583199999994 2.02780382744653,41.8224518551402,492.744399999996 2.02773392234777,41.8222929344247,490.319499999998 2.0277010646696,41.8220989774343,488.971900000004 2.02767843341266,41.8220389626456,488.254799999995 2.02764691781755,41.8219554791419,488.0 2.02756997172357,41.8219014999222,488.0 2.02750342003574,41.8218610989907,488.0 2.02742647394176,41.8218017547626,487.905700000003 2.02738087635626,41.8217586719713,487.189799999993 2.02732488526291,41.8217075424155,486.747000000003 2.02725145966655,41.8216562454575,486.498099999997 2.02717099307498,41.8215942192358,486.0 2.02708700688412,41.8215161001055,485.0 2.02696094270704,41.8214083082419,484.285300000003 2.02690847211128,41.8213462824495,484.052200000006 2.0268315260173,41.8212574344073,484.0 2.02675441283669,41.8211172888519,482.002699999997 2.0266985897283,41.8210391698091,481.148000000001 2.02668618399421,41.8209967572967,481.0 2.02664645420415,41.820941100957,481.0 2.02664645420415,41.8209033825912,481.0 2.02663706591112,41.8208782372248,481.0 2.02662080550616,41.8208619761788,481.0 2.02661611180879,41.8208351538121,481.0 2.02660219780338,41.820790226691,481.0 2.02658342211562,41.8207650812802,481.0 2.02654603872507,41.8207380915089,481.624100000001 2.02650647602164,41.8207038936931,482.0 2.02645048492828,41.8206608101632,482.028300000005 2.02640840784037,41.8206303003441,482.656199999998 2.02638510644023,41.820606831191,482.985100000005 2.02634537575183,41.8205746443553,483.312699999995 2.02631503335651,41.8205637482652,483.379700000005 2.026287038259,41.8205367584092,483.9859 2.02623825524748,41.8204883110668,484.236699999994 2.02621260654949,41.8204128737796,485.0 2.0261914844622,41.820348165167,485.0 2.02617052946158,41.8202871452163,485.0 2.02614957446095,41.8202205927808,485.0 2.02613314607104,41.8201756658979,485.220700000005 2.02609391843918,41.8200819559333,485.0 2.02609308031103,41.8199912637731,485.0 2.02608251971655,41.8198484362477,485.998500000002 2.02606508521351,41.8197622706855,485.961299999995 2.02607564670632,41.8196786188553,486.0717 2.02605117120811,41.8196004993965,486.188899999994 2.02600909412019,41.819533109412,486.983099999998 2.02597053752987,41.819436214511,487.0 2.02593550053885,41.8193257405949,487.0 2.02590398494375,41.8192311932166,486.0 2.0258585553432,41.8191394949735,486.0 2.02587950944549,41.8190776363601,485.537400000001 2.02590398494375,41.8190236567229,485.0 2.02592862752859,41.8189401733049,485.165699999998 2.02595310302684,41.8188915580553,485.895000000004 2.02599501212979,41.8188404288882,485.448799999998 2.02603004912082,41.8187676735904,485.944900000002 2.02606156471592,41.8186949188793,486.484400000001 2.02611403531168,41.8186302105393,486.984500000006 2.02614555090679,41.8186114350327,487.085399999996 2.02617354690263,41.8185898095522,486.838699999993 2.02620154289844,41.8185681847338,486.508600000001 2.02622953799595,41.8185467266083,486.612699999998 2.02625753399179,41.8185304656398,486.9467 2.0262890495869,41.8185143727064,487.0 2.02631704468441,41.8184954297962,487.0 2.02634856117784,41.8184766542502,487.053400000004 2.02637655627535,41.8184577106593,487.446899999995 2.02640455227119,41.8184362531663,487.896299999993 2.02643254736871,41.818414628296,488.107099999994 2.02646054336452,41.818393002749,487.963099999994 2.02648853846206,41.818374227173,488.192299999995 2.02652005495546,41.8183526016123,488.495299999995 2.02654805005297,41.818333826694,488.313699999999 2.02657604604881,41.8183122011197,488.484899999996 2.02660756164392,41.81829342552,488.871299999999 2.02663555763976,41.8182771644871,489.205300000001 2.02666338565065,41.8182583895466,489.595199999996 2.02669138074816,41.8182421285048,489.9136 2.02671937674397,41.8182206709396,490.378599999996 2.0267508923391,41.8182017279425,490.507599999997 2.02678240793421,41.8181801023236,490.582899999994 2.02681392442764,41.8181613266851,491.209400000007 2.02684544002274,41.8181370191041,492.123500000002 2.02687343601858,41.8181209260718,492.444199999998 2.0269014311161,41.8181019830452,492.837700000004 2.0269329476095,41.8180832073838,493.349400000006 2.02696094270704,41.8180669462976,493.598700000002 2.02702749529317,41.8180399567282,494.1728 2.027086000771,41.8180119615821,493.973599999998 2.02716747257736,41.8179807803469,493.656199999998 2.02721642357382,41.817926801124,493.644700000004 2.02721994407142,41.817856728757,493.494900000005 2.02723888684581,41.8177108831082,491.980100000001 2.0272968892671,41.8175419042733,491.700200000007 2.02734701346331,41.817492953887,490.987800000003 2.02735707189954,41.8174719988576,491.666100000002 2.02746201309103,41.8173489525274,491.826400000005 2.02754080252799,41.8172389824857,491.357999999993 2.02756796039564,41.8171469486518,490.786699999997 2.02761288693964,41.8170949812246,489.986600000004 2.02762831011474,41.8170098208862,490.605200000005 2.02764004480729,41.8169650618025,490.351800000004 2.02762596281693,41.8168669934061,489.198699999994 2.02752906873374,41.8167888738649,488.583599999998 2.02750107273789,41.8167749603766,488.267500000002 2.02727308481038,41.8165979343727,486.974799999996 2.02726688194335,41.8165860320183,486.851599999995 2.02716697041911,41.8164049831303,486.483600000007 2.02713796831019,41.8163260254788,486.811600000001 2.02711299065369,41.8162718781551,485.940600000002 2.02700687536413,41.816186885437,484.760899999994 2.02692087784536,41.8161659313193,484.172699999996 2.02665802091175,41.8161510114316,482.585099999997 2.0265509004074,41.816155034479,482.0 2.02647211007214,41.8161270391785,481.828699999998 2.02641796322006,41.8160690360101,480.785000000003 2.02625770107842,41.8159947725158,481.767300000007 2.02617606128711,41.815940961004,481.155499999993 2.02608268680321,41.8159228555542,480.961500000005 2.02599518011475,41.8159273820845,479.971300000005 2.02593097482644,41.8158735705161,478.713300000003 2.02589593783541,41.815851106558,478.180099999998 2.02593097482644,41.8157882425156,476.857900000003 2.02596601091917,41.815720851867,475.709799999997 2.02599518011475,41.8156444087174,474.651100000003 2.02603021620745,41.8155726600787,473.290200000003 2.02604765071048,41.8155232067241,471.979900000006 2.02609894810647,41.8153460132298,469.705499999996 2.02615695052775,41.8152809694277,468.793900000004 2.02617606128711,41.8152719169449,468.145699999994 2.02623792017587,41.8152350368181,465.969700000001 2.026411928338,41.8151140020983,461.899300000005 2.02645299931276,41.8150779601132,460.828099999999 2.02645350236933,41.8149708389798,460.032800000001 2.02646406386214,41.8148819907958,459.217699999994 2.02644998187174,41.8147822460843,458.5625 2.0264360678663,41.8147094915322,458.042600000001 2.02642198677423,41.8146394189926,457.339500000002 2.02641511376397,41.8145827568647,456.114499999996 2.02637655627535,41.8144776481533,455.123000000007 2.02636599568087,41.8143995290453,453.573900000003 2.02632760617722,41.8143160449556,452.644499999995 2.02624361998635,41.814243289874,451.804399999994 2.0260479857821,41.8141529329114,449.208299999998 2.02592192250332,41.8141229261526,448.629400000005 2.02584799385039,41.8140959362601,447.342699999994 2.0257886502444,41.8140734723481,446.792499999996 2.02569779014498,41.8140384360747,446.535600000003 2.02561715646678,41.8140087646948,445.981700000004 2.02551908828552,41.8139683634704,444.290399999998 2.025379110103,41.8139199165152,441.808699999994 2.02522521881337,41.8138929265372,439.546199999997 2.02517626781691,41.8138605722927,439.0 2.0251447522218,41.8138174895151,438.272299999997 2.0251300000882,41.8136868992712,435.5625 2.02511994165197,41.8136024099572,434.548899999994 2.02509881956468,41.8135350190173,433.952600000004 2.02505690956343,41.8134864043514,433.0 2.02495532088457,41.8134272277798,432.267999999996 2.02489245678099,41.8133678837704,431.038700000005 2.02480847059013,41.8133544730277,429.853400000007 2.02473152449615,41.8133382120798,429.437300000005 2.02465089081792,41.8133274834809,428.617299999998 2.02458450531845,41.8133221191808,427.615099999995 2.0245249946258,41.8133355299303,427.547500000001 2.02445844203967,41.8133408942293,426.024000000005 2.0244130115408,41.8133598373251,425.390199999994 2.02435702044748,41.8133705665881,424.119600000005 2.02429063584627,41.8134379570316,424.179099999994 2.02424503826077,41.8134676286759,423.680999999997 2.02417496607535,41.8135430661101,421.684500000003 2.0240919850993,41.8135940281066,418.814700000003 2.02394748120437,41.8136885757729,416.7935 2.02387757610561,41.8137182473012,416.184200000003 2.02375855292372,41.8137343407703,416.176000000007 2.02362561573638,41.8137506016175,414.734700000001 2.02349804328795,41.8137604925652,414.395199999999 2.02319897706187,41.8137718919593,412.730299999996 2.02309403587037,41.8137789327211,412.731700000004 2.02298020944243,41.8137874819295,411.844899999996 2.02291399282621,41.8137970374379,410.879799999995 2.02281927715758,41.8138091076926,409.529500000004 2.02275272457145,41.8138117898224,408.914399999994 2.0226967334781,41.8138035753812,408.194300000003 2.02263370138956,41.8137901640602,407.219400000002 2.02255323569629,41.8137578104333,407.0 2.0225497151987,41.8137039983811,406.457999999999 2.02253228069566,41.8136446546282,405.898199999996 2.02252876019807,41.8135962074281,405.093999999997 2.02252171920289,41.8135314986231,404.425499999998 2.02252171920289,41.8134828839545,404.124500000005 2.02250763811078,41.8134478473581,404.0 2.02250428469985,41.8134154935583,403.788100000005 2.02250428469985,41.8133670461849,403.009999999995 2.02249724460297,41.8133159159549,402.9709 2.02245164701746,41.8132889263919,402.285399999993 2.02240839583148,41.8132673011227,402.799199999994 2.02234704089756,41.8132389704624,403.0 2.02230697513758,41.8132309240009,403.060700000002 2.02222080873553,41.8132188536372,403.873999999996 2.02214369555489,41.8131972283443,404.0 2.02208770446157,41.8131864997218,404.0 2.0220528354555,41.8131784532537,404.0 2.02201427886518,41.813164874418,404.548500000004 2.02197924277248,41.8131595101042,405.124100000001 2.02194420578146,41.81315414579,405.580799999996 2.02190581717609,41.8131487808058,405.737399999998 2.02187430158099,41.8131325204753,406.056500000006 2.02184630558515,41.8131137446962,406.172099999996 2.02181344880531,41.8130948015276,405.766900000002 2.02179735548701,41.8130706620857,406.184299999994 2.02177992098398,41.8130463545812,406.180200000003 2.02177640048635,41.813019364235,406.510399999999 2.02178327349661,41.8129925426008,406.981 2.02178545280947,41.8129709172315,407.109700000001 2.02179500818916,41.8129529796654,407.525299999994 2.02181143657908,41.812892797625,408.131099999999 2.02183943257492,41.8128523970358,408.606199999995 2.02188000049314,41.8127643868541,409.853300000002 2.0219359915865,41.8126674924248,411.4516 2.02195929388494,41.8126135127409,411.909100000004 2.02197790158775,41.8125650654305,412.281400000007 2.02198728898248,41.8125417633853,412.610400000005 2.02199885658837,41.8125255029006,413.173699999999 2.02201293768044,41.8125075652098,413.815900000001 2.02202232597351,41.8124896281835,414.117899999997 2.02202936607036,41.8124716911523,414.258199999997 2.0220338926811,41.8124535860608,414.376999999993 2.02204093367629,41.8124339724849,414.741800000003 2.02204797377317,41.8124141908478,415.231599999999 2.02205266836884,41.8123960864096,415.568499999994 2.02205501476836,41.8123781486826,415.7503 2.02205970846572,41.8123602116201,415.907600000006 2.02205970846572,41.8123422745525,415.930900000007 2.02205970846572,41.812322492887,415.956699999995 2.02205501476835,41.812302711885,416.291500000007 2.02204562737365,41.8122847748014,416.566500000001 2.0220338926811,41.8122686809681,416.597699999998 2.02201997867566,41.8122542643395,416.385200000004 2.02200589668526,41.8122398477076,416.169899999994 2.02199198267982,41.812225430403,416.129700000005 2.02197790158775,41.8122111811509,416.365399999995 2.02196398758231,41.8121967645094,416.748999999996 2.02194755919239,41.8121805039372,417.263900000005 2.02193129788913,41.8121662546751,417.552899999995 2.02191486949921,41.8121518373539,417.646800000002 2.02190095549377,41.8121355767704,417.921100000007 2.02188452710385,41.8121194835691,418.363500000007 2.02186826580059,41.8121033903638,418.993799999997 2.02185435179515,41.8120871290984,418.905799999993 2.02184027070308,41.8120727124289,418.892500000002 2.02182618871268,41.8120566192119,419.032399999996 2.02180992830772,41.8120422025356,419.070300000007 2.02179601430228,41.8120261093109,418.991399999999 2.02178193231188,41.8120116919582,419.087799999994 2.02176567190692,41.811995431339,419.245299999995 2.021749243517,41.8119793381025,419.211500000005 2.02173063491589,41.8119667653425,419.165900000007 2.02171655382382,41.8119523479764,419.499899999995 2.02168855782798,41.8119111091895,420.5867 2.0216397757148,41.8118608180807,421.607900000003 2.02163742841695,41.8118049944484,422.520499999999 2.0216397757148,41.8117583911355,422.711800000005 2.02164899602288,41.811726037152,422.907200000001 2.02166391524314,41.811703908523,423.139599999995 2.02168134974617,41.8116730630092,423.534199999995 2.02167212943806,41.8116604901889,423.104200000002 2.02166978303854,41.8116425529254,422.656499999997 2.02166978303854,41.8116246156569,422.327999999994 2.02166978303854,41.8116048344394,421.918300000005 2.02166743574073,41.8115868971603,421.377800000002 2.02166274204336,41.8115689598762,420.767800000001 2.02165570104818,41.8115508551992,420.835300000006 2.02165335375033,41.8115329179049,421.303400000004 2.02164631365344,41.8115149806057,422.048899999994 2.021632399648,41.8115005638075,422.628200000006 2.02161127666242,41.8114879909534,422.523700000005 2.02159032256009,41.8114791059922,422.233800000002 2.02156702026161,41.8114737415373,422.109800000006 2.02154371886147,41.8114700536416,422.528300000005 2.02152024947637,41.8114665331339,422.932499999995 2.02149694807619,41.8114611686779,423.603099999993 2.02147364577775,41.8114574807815,424.0962 2.02145034437757,41.8114539602732,424.464800000002 2.02142469567958,41.8114521163248,424.321299999996 2.02139670058207,41.8114521163248,423.983500000002 2.02137105188408,41.8114521163248,423.948600000003 2.0213477495856,41.8114521163248,423.971300000005 2.0213242802005,41.8114539602732,424.082200000004 2.02130097880036,41.8114593247298,424.310400000002 2.02127784448684,41.8114665331339,424.383199999997 2.02125437600003,41.8114700536416,424.116399999999 2.02123107370156,41.8114737415373,423.779699999999 2.02120777230141,41.8114772620446,423.548999999999 2.02118447090127,41.8114826264992,423.452499999999 2.0211611686028,41.8114863143941,423.393299999996 2.02113769921766,41.8114879909534,423.204599999997 2.02111439781752,41.811491678848,422.861999999994 2.02109109641737,41.8114951993543,422.511199999994 2.0210677941189,41.8114988872486,422.316200000001 2.0210443247338,41.8115024077545,422.171799999996 2.02102102333362,41.8115005638075,422.213199999998 2.02099772193348,41.8114951993543,422.354999999996 2.020974419635,41.811491678848,422.455900000001 2.02095111823486,41.8114879909534,422.346699999995 2.02092764884972,41.8114863143941,422.143200000006 2.02090434744958,41.8114826264992,422.0 2.02088104604943,41.8114791059922,422.0 2.02085774375096,41.8114772620446,422.0 2.02083444235081,41.8114737415373,422.0 2.02081114095064,41.8114700536416,422.030100000004 2.02078767156554,41.8114628452379,422.0 2.02076453725202,41.8114574807815,422.0 2.02074123585187,41.8114521163248,422.0 2.02071776646674,41.8114449079191,421.948099999994 2.02069681146611,41.8114360229519,421.979699999996 2.02067820376334,41.8114234500851,422.043399999995 2.02066177537342,41.8114071893166,421.914999999994 2.0206502077675,41.8113910959324,421.748099999997 2.02063847307494,41.811372991205,421.812300000005 2.02063612667543,41.811355053861,422.013200000001 2.02063612667543,41.8113352725602,421.753700000001 2.02064316677231,41.8113173352057,421.323399999994 2.02065255506534,41.8112993978461,420.857399999994 2.02066177537342,41.8112814604815,420.693299999999 2.02067351006597,41.811265199677,420.579700000002 2.02068524475852,41.8112472623028,420.513200000001 2.0206944641683,41.8112293255931,420.689700000003 2.02070385246133,41.8112113882089,420.869099999996 2.02071089255818,41.8111934508197,421.009399999995 2.0207172634102,41.811175177978,421.1391 2.02070619886085,41.8111574086371,421.282200000001 2.02068977047093,41.8111431591474,421.819099999993 2.02066881547031,41.8111341067493,421.966499999995 2.02064551407013,41.8111322627918,421.762199999997 2.02061986537213,41.8111322627918,421.694300000003 2.02059170228967,41.8111322627918,421.645699999994 2.02056370719215,41.8111322627918,421.679900000003 2.02053805849416,41.8111322627918,421.729800000001 2.02051240979617,41.8111322627918,421.779800000004 2.02048910749769,41.8111322627918,421.825100000002 2.0204634587997,41.8111341067493,421.816099999996 2.02043781100004,41.8111341067493,422.2595 2.02041216230204,41.8111359507069,422.608399999997 2.02038651360405,41.8111359507069,422.8128 2.02036321130558,41.8111376272753,422.806400000001 2.02033974192048,41.8111376272753,422.877600000007 2.02030437075616,41.8111304188341,423.311400000006 2.02026464006777,41.8111285748765,423.172000000006 2.02021116425722,41.8111232103921,423.074099999998 2.0201504785682,41.8111195224764,422.951499999996 2.02009214107533,41.8111123140331,423.1014 2.02005710408431,41.8111002439398,423.353700000007 2.02000798689951,41.8110854916003,423.531000000003 2.01996842419611,41.8110839830892,423.288 2.01994730121049,41.811075098072,423.602299999999 2.01992165341083,41.8110678896238,423.740699999995 2.01989600471283,41.8110623577452,423.722399999999 2.01987270241436,41.8110588372151,423.541500000007 2.01984940101421,41.8110553166848,423.3606 2.01982593162908,41.8110534727249,423.100600000005 2.01980263022894,41.8110497848051,422.927299999996 2.01977932793046,41.8110462642743,422.890899999999 2.01975602653032,41.8110390558229,423.193299999999 2.01973272513017,41.8110318473706,423.605800000005 2.0197094228317,41.8110246389175,423.709600000002 2.01968595344656,41.8110157545616,423.771500000003 2.01966499934427,41.8110067021455,423.877999999997 2.01964169704579,41.8109994936896,423.865699999995 2.01962074294347,41.8109906086606,423.964600000007 2.01959727355836,41.8109834002029,423.882100000003 2.0195764865427,41.8109743477823,423.922600000005 2.01955318424422,41.8109689832851,423.934800000003 2.01953440945478,41.8109582542893,424.009600000005 2.01951110715631,41.8109510458279,423.617599999998 2.01949015215568,41.8109419934027,423.309200000003 2.0194690300684,41.8109331090353,423.367899999997 2.01944807506777,41.8109240566076,423.474400000006 2.01942712096545,41.8109133276043,423.657600000006 2.01940599797986,41.8109042751737,423.730200000005 2.01938504387753,41.8108935461671,423.654699999999 2.01936408887691,41.8108844937338,423.539699999994 2.01934313387628,41.8108719207588,423.507500000007 2.01932435818852,41.8108593477813,423.444099999993 2.01928714278293,41.8108360464547,422.936700000006 2.01924271839717,41.8108090565163,423.033299999996 2.01920298860711,41.8107822346261,423.0 2.01917046689889,41.8107606091802,423.0 2.01916107950415,41.8107354638486,423.013800000001 2.01916292284713,41.8107049533183,423.5821 2.01917231114016,41.8106653909787,424.125799999994 2.01917465753968,41.8106402449403,424.099799999996 2.01918857154512,41.8106241520329,424.193400000004 2.01920030623767,41.8106078910615,424.393400000001 2.0192071792479,41.81058810953,424.611699999994 2.01921656754096,41.8105701726358,424.970400000006 2.01922595493567,41.810552235067,425.164600000004 2.01923752164326,41.8105361421375,425.377699999997 2.01924456263848,41.8105163605839,425.520499999999 2.01925395093151,41.8104984236696,425.699800000002 2.01925395093151,41.8104803186899,425.723400000003 2.01925395093151,41.8104605371191,425.749100000001 2.01925395093151,41.8104409236024,425.774600000004 2.01925395093151,41.8104228186066,425.798200000005 2.01924690993629,41.8104048809965,425.901700000002 2.01923517524374,41.8103564340242,426.302100000001 2.01922830223352,41.8102826734453,427.114100000006 2.01922360763782,41.8102162887177,427.839399999997 2.01920265353552,41.8101569444117,428.171600000001 2.01918505104753,41.8100199844723,430.067500000005 2.0191721431552,41.8099629874911,430.242499999993 2.01917449045305,41.8099110195915,431.332599999994 2.01918136346328,41.8098588842573,432.448699999994 2.01919309815583,41.8098104368721,433.436400000006 2.01923735455663,41.8097780825742,434.508600000001 2.01928395735692,41.8097438842625,435.252299999993 2.01933760205076,41.8097115306005,435.519400000005 2.01939359314411,41.809684540858,435.811799999996 2.01944723693962,41.8096505098892,436.159299999999 2.01949400862319,41.8096253641219,435.813200000004 2.01952435101855,41.8096055829566,436.355200000005 2.01954530512085,41.8095821137808,436.662899999996 2.01957346910165,41.8095460713612,436.969800000006 2.01958503580924,41.8095281341752,436.771099999998 2.01959677050179,41.8095120409884,436.752800000002 2.01960615789653,41.8094941037929,436.859800000006 2.01961772550242,41.8094778425347,437.073199999999 2.0196247655993,41.8094599053296,437.213600000003 2.01963650029189,41.8094438121257,437.321899999995 2.01964572059996,41.8094257075175,437.216 2.01966214898985,41.8094077702979,437.0 2.01967371659577,41.8093916770808,437.115900000004 2.01968779768784,41.8093772598047,437.368700000006 2.01970171169328,41.8093611665801,437.606599999999 2.01972048738105,41.8093449059577,437.604900000006 2.01973205408864,41.8093269687153,437.416400000002 2.01974362169457,41.8093108754781,437.344700000001 2.01975535638712,41.8092946141733,437.329899999997 2.01976709107967,41.8092785209279,437.166800000006 2.01977882577222,41.8092622602845,436.885999999999 2.019788045182,41.8092443230191,436.6731 2.01980430648525,41.8092299063793,436.657699999996 2.01981134748047,41.8092119691048,436.553400000004 2.01981134748047,41.8091940318252,436.446800000005 2.01981369387999,41.8091760945407,436.420199999993 2.01981838757732,41.8091581572511,436.228900000002 2.01982073487517,41.8091400518927,435.954100000003 2.01982526148588,41.8091221145929,435.970400000006 2.0198276078854,41.8091041772883,436.095100000006 2.0198276078854,41.8090862399785,436.149000000005 2.01982995518325,41.809059250642,436.807400000005 2.01982073487517,41.8090017506223,437.066500000001 2.01980665288477,41.8089298338437,436.926099999997 2.01974429183777,41.8088797104675,435.985400000005 2.01964974415409,41.8088285806731,435.449900000007 2.01959023256315,41.8087826474538,434.991899999994 2.01951345445413,41.8087207895506,434.616500000004 2.01944338137041,41.8086721745788,434.223599999998 2.01941890677049,41.8086074661561,434.900999999998 2.01937682968257,41.8085213002012,434.313699999999 2.01934883368677,41.8084862635692,434.0 2.01926836709516,41.8084565916261,433.813599999994 2.0191949423971,41.8084565916261,433.992700000003 2.01912838981098,41.808472852474,434.381200000003 2.0190970413025,41.8085186178499,433.994099999996 2.01906183722485,41.8085482897643,434.629499999995 2.01900953461404,41.8085833263623,434.871499999994 2.0189359410327,41.8086371380293,435.288100000005 2.01888699093456,41.8086803883389,436.0 2.01884491384665,41.8087826474538,436.866699999999 2.01881339735321,41.8088475237642,437.474900000001 2.0187854022557,41.8089417362817,438.062699999995 2.01877836126052,41.8090270640289,437.290699999998 2.0187538866606,41.8091142356782,437.349300000002 2.01871298277246,41.8091797825684,437.008400000006 2.01865933807863,41.809244490413,437.347099999999 2.01863134298112,41.8092894175989,437.049599999998 2.01860569428312,41.8093522819935,437.0 2.01857300458995,41.8093811158841,437.0 2.01853796849722,41.8094134697129,436.998600000006 2.01850997250141,41.8094528647626,437.305099999998 2.01848197740387,41.8094744899804,437.736499999999 2.01844241470046,41.809503323816,438.0 2.0184120723051,41.8095480834272,438.055999999997 2.01837703621237,41.8096002183448,438.412700000001 2.01832339151857,41.8096505098892,438.599700000006 2.01829304912321,41.8096667711036,438.604900000006 2.01825348641978,41.8096900728556,438.125700000004 2.01822314402445,41.8096919168547,438.114300000001 2.01817402594132,41.80968655225,438.419500000004 2.01788887372071,41.8095405393512,438.207200000004 2.01772106842561,41.8094461589818,436.628899999996 2.0175579559296,41.8093340092961,434.046199999997 2.01746692874352,41.8092568956439,432.298699999999 2.01744094497395,41.8091765973927,432.092600000004 2.01743390397873,41.8091120568738,432.823499999999 2.01745150646675,41.809050030555,433.077900000004 2.01743390397873,41.8089906865077,433.411600000007 2.0174129489781,41.8089125674036,434.0 2.01746894007146,41.8088424945485,434.186600000001 2.01752141156552,41.8087643752636,435.160300000003 2.01757203791997,41.8087040252403,436.080199999997 2.01764496045982,41.8086129982467,437.264599999995 2.01768955193221,41.8085298494418,438.116399999999 2.01774185544131,41.8084706736478,439.0 2.01778393252922,41.8084086473776,439.986600000004 2.01783640312495,41.8083655642809,440.872799999997 2.01776297752856,41.8083251635147,440.0 2.01769994544002,41.8082819129653,439.040900000007 2.01761947974678,41.8082388297834,438.473499999993 2.01755292716062,41.8081903825122,437.430399999997 2.01746894007146,41.8081203095367,436.335000000006 2.01734589423373,41.808031964755,435.030700000003 2.01710399230077,41.8078680144516,433.279899999994 2.01702503487886,41.8078130290154,432.147299999997 2.01689494804595,41.8077240135486,431.100900000005 2.01670501365215,41.807603984426,431.097500000003 2.01663795890778,41.8075659307741,430.035099999994 2.01654475151054,41.8074841231467,430.0 2.01644316283168,41.8074624979266,431.025200000004 2.01624736154077,41.8074328261789,432.0 2.01612833925721,41.8074274613851,433.0 2.01599523408492,41.8074167331353,433.0 2.01589381339102,41.8073682852424,433.0 2.01577831070675,41.8073277171179,432.068899999998 2.01569784411518,41.8072819515609,432.083199999994 2.0156068169291,41.8072495979948,432.0 2.01548779374724,41.8072065147882,431.986799999999 2.01537229106294,41.8072172437427,431.860799999995 2.01526047686123,41.8072281400947,431.842000000004 2.01509937659142,41.8072469155903,432.0 2.01503282400529,41.8072442331856,432.0 2.01497348039931,41.8072604943412,432.066900000005 2.01487893271563,41.8072819515609,432.0 2.01477751112344,41.8073062592441,433.010599999994 2.01464792734707,41.8073359310503,433.0 2.01458489525853,41.8073466599832,433.0 2.01438792076787,41.8073468280517,432.867100000003 2.01426554507335,41.8072930159705,432.243300000002 2.01415691539931,41.8072497653939,432.067200000005 2.01401693721676,41.8071986356378,432.0 2.01390160251745,41.8071582348053,431.635500000004 2.0137649777459,41.8071069375766,431.0 2.0137280974119,41.807099896751,431.018299999996 2.01360739797369,41.8070774330639,431.0 2.01345685829837,41.80705061162,431.0 2.01337639260512,41.8070452467942,431.0 2.01327832442386,41.8070182572675,431.0 2.01314555522152,41.8069912677294,431.0 2.01300540905404,41.8069751739053,431.0 2.01287247276504,41.8069642775103,430.211800000005 2.01271858057708,41.8069481843491,430.0 2.01259955739519,41.8069022517904,429.446500000005 2.01248757520848,41.8068645331916,429.0 2.01240342103269,41.806808038952,428.464600000007 2.01235799143215,41.8067730027222,428.340500000006 2.01231256093327,41.8066975653503,427.0 2.01228104533817,41.8065978206163,425.924100000004 2.01222505424481,41.8065277479077,425.039199999999 2.01217962464427,41.8064523109166,424.016499999998 2.01205590776501,41.8063775447817,422.848800000007 2.01194509877808,41.8062905401583,422.0 2.01184703059685,41.8062204677832,422.0 2.01165005520786,41.8061332955443,421.558199999999 2.01149834323109,41.806059702862,422.193499999994 2.01136741827002,41.8059995203717,422.482099999994 2.011181842502,41.8059212335656,423.0 2.01101738971957,41.8058297030877,422.873300000007 2.01088093203464,41.8057489016796,421.954899999997 2.01071647925221,41.8056437925344,422.490999999995 2.01060097656794,41.8055683558417,422.328599999993 2.01044691729332,41.8055143762022,421.381299999994 2.01024994280266,41.8054389386874,421.214500000002 2.01017953464733,41.8054069203378,421.183799999999 2.01011398817431,41.8053849596084,421.293600000005 2.01001172845393,41.8053619931077,421.283800000005 2.00992774226309,41.8053386911207,421.353099999993 2.00979933168647,41.8053026489922,421.808399999994 2.00971534459731,41.8052847119573,422.271099999998 2.009591795703,41.8052488372028,422.0 2.00954049830702,41.8052111189698,422.105100000001 2.00946338512641,41.8051752441742,422.0 2.00939096474484,41.805121264873,422.178199999995 2.0093093249535,41.8050800257063,422.104999999996 2.00920907745937,41.8050225261327,421.9467 2.00914135167347,41.8049757551679,421.941900000005 2.00893146929049,41.8049164113642,422.231400000004 2.00879702383179,41.8048818776553,422.129100000006 2.00866023107528,41.8048362804351,422.270600000003 2.00849225779526,41.8047905151071,422.114600000001 2.00838714861881,41.8047527966044,422.218599999993 2.00826477292428,41.8047204424306,422.0 2.00817022434231,41.8046530515212,422.0 2.008072324146,41.8045883437264,421.300900000002 2.00806176265323,41.8045021777228,421.4709 2.00804768156116,41.8044158435271,421.0 2.008072324146,41.8043160992586,420.531700000007 2.008072324146,41.8042352979505,419.992800000007 2.00810367265448,41.8041464496074,419.541400000002 2.00813870874721,41.8040547511954,419.0 2.00816687182968,41.8039603714494,418.921000000002 2.00819838832311,41.8038634764262,418.380300000004 2.00813870874721,41.8038202255433,417.871299999999 2.00806880364841,41.8037664138482,417.0 2.00797777646236,41.8037124346994,416.912800000006 2.0078937893732,41.8036856125164,416.0 2.00782371718778,41.8036693517927,416.0 2.00771894308291,41.8036882944004,416.0 2.00758935840825,41.8037070702637,415.0 2.00744938112403,41.8037286954122,414.334600000002 2.00734779244517,41.8037340598461,414.034299999999 2.00721150274524,41.8037421061612,414.0 2.00705744347062,41.8037556849854,413.958400000003 2.0069174652881,41.8037744608289,413.219299999997 2.00676005350088,41.8037447887124,413.0 2.00661286723652,41.8037017058276,413.0 2.00649401203959,41.8036666692384,413.0 2.00638605250875,41.8035729598951,413.0 2.00615303581225,41.8033850372303,412.957599999994 2.00589772293039,41.8032795927362,414.0 2.00567040604438,41.8032527710417,415.777700000006 2.00535591664319,41.8031929240825,418.796400000007 2.00519900791254,41.8031769987231,419.693199999994 2.00494704754332,41.8030869770421,422.256099999999 2.00482500692041,41.8030259567173,423.212899999999 2.00477303938122,41.8029749950186,424.184200000003 2.00464379067644,41.8029024071896,424.0 2.00462048837797,41.802722699091,424.0 2.00449794559681,41.8025969706222,424.042400000006 2.00432209319341,41.8025309214589,424.658299999996 2.00404196974175,41.8024549815446,424.0 2.00395999487882,41.8024070368227,424.0 2.00383795425588,41.8022958926804,423.564299999998 2.00380912013188,41.8022479485091,424.051200000002 2.00366595742168,41.8020580143446,423.0 2.00355531641971,41.8019592755713,423.121499999994 2.00332196465163,41.8018964112884,423.0 2.00309447978065,41.8018694216017,423.0 2.0029149388947,41.8018338824402,423.0 2.00269399196237,41.8017799030027,422.991399999999 2.0023570392892,41.8017579423694,423.0 2.00210390572023,41.8017669947531,422.0 2.00194196732227,41.8017720238546,422.0 2.00178790804768,41.8017795675061,420.9571 2.00156042317671,41.8018514842753,419.469700000001 2.00138557688642,41.801927759731,418.944799999997 2.00125398088382,41.8019430150791,418.902400000006 2.00113479061531,41.8019592755713,418.487899999993 2.00107594916756,41.8019659814661,418.255300000004 2.00100805629503,41.801938991139,418.0 2.00095592077089,41.8019140131063,417.811300000001 2.00085198479418,41.8017498958051,416.202000000005 2.00065903385769,41.8015819222047,415.070500000002 2.00041595872496,41.8015029650317,414.088199999998 2.00020808766988,41.8013879654397,413.970499999996 2.00019601700741,41.8013809246553,413.8315 2.00007347422626,41.8013299623179,413.400099999999 2.00001630903483,41.8012796709384,413.0 1.99994271635182,41.8012481547638,413.0 1.99986929075543,41.8012166392435,413.0 1.99978765096408,41.8012104361847,412.548599999995 1.99968958278285,41.8012104361847,412.524000000005 1.9996079429915,41.8012166392435,412.099799999996 1.99952630320016,41.8012292121044,412.0 1.99944466340884,41.8012355819066,412.0 1.9993630236175,41.8012355819066,411.367199999993 1.99928138382615,41.8012292121045,411.0 1.99919974403484,41.8012040663801,411.0 1.99911810424349,41.8011789206459,410.804799999998 1.99903646445214,41.8011475718369,410.358200000002 1.99895465757417,41.8011160562671,410.332899999994 1.99887301778286,41.8011098538683,410.075200000007 1.99878333178151,41.8011098538683,409.636700000003 1.9986934777952,41.8011286291477,409.039300000004 1.99861183800389,41.8011349996296,408.820800000001 1.99852198401758,41.8011475718369,407.343900000007 1.99843229711793,41.8011601447114,407.895300000004 1.99834244313163,41.8011789206459,408.0 1.99826063625366,41.8011914935142,407.329599999997 1.99817078226735,41.8012040663801,407.047000000006 1.99808914247604,41.8012104361847,407.0 1.99800750268469,41.8012166392435,407.0 1.99792602998,41.8012355819066,406.674400000004 1.99784422310203,41.8012481547638,406.474400000006 1.99776258331068,41.801254357819,406.415699999998 1.99767272932438,41.801254357819,406.502800000002 1.99759108953306,41.8012481547638,406.719700000001 1.99750944974171,41.8012417849629,406.940300000002 1.99742780995037,41.8012230090469,407.436400000006 1.99734617015905,41.8012104361847,407.794800000003 1.99726453036771,41.8011914935142,408.294699999999 1.99718272348973,41.8011601447114,408.140799999994 1.99710108369839,41.801141202026,409.090400000001 1.99701944390707,41.8011224267502,409.087100000004 1.99692958992077,41.8010909104983,409.585600000006 1.99684811721608,41.8010657647197,409.026899999997 1.99678273872799,41.8010280460332,409.085600000006 1.99670914604498,41.8009966978202,408.475200000001 1.99664393464358,41.8009526092634,408.490900000004 1.99658676945215,41.8009023175877,408.403200000001 1.99652960515906,41.8008520265422,407.518100000001 1.99648048707593,41.8008017347876,407.546400000007 1.99642332278283,41.8007450731432,407.889999999999 1.99637453977132,41.8006947819742,407.335200000001 1.99632542168823,41.8006381202353,408.199500000002 1.99626825739513,41.8005878289824,407.516000000003 1.99620287890704,41.8005439075611,407.344599999997 1.99612945331069,41.8004998186927,406.7307 1.9960640739243,41.800455897211,406.233800000002 1.9959988634212,41.8004181788353,405.4807 1.99594974533808,41.8003677199926,405.0 1.99589274813164,41.8003174285276,404.0 1.99578898013989,41.8002217072846,403.023199999996 1.99570801139008,41.8001249800527,402.405700000003 1.99548220277542,41.8000212117409,402.0 1.99526159091467,41.7999521450548,401.0 1.99494408407247,41.799881905026,400.265599999999 1.99473403370453,41.799867990544,399.945300000007 1.99451744539795,41.7998218901786,398.631200000003 1.99427504130675,41.7997570141042,398.0 1.9940470533792,41.7996809068319,396.992499999993 1.99403498361503,41.799682918538,396.971600000004 1.99390187844277,41.7996549227351,396.807700000005 1.99367389051523,41.7996150247606,395.927500000005 1.99346400813224,41.7995769710514,394.874500000005 1.99344892092706,41.7995709359229,394.957999999999 1.99338706203826,41.7995389173197,394.746499999994 1.99331497762661,41.7995229917217,394.148100000006 1.99308900192533,41.7994768911082,392.534100000004 1.99297182298471,41.7994400105935,392.434399999998 1.99279680870947,41.7994041365846,391.112200000003 1.99258675834153,41.799368261886,390.2935 1.992464382647,41.7993188087451,390.0 1.99226606607332,41.7992289544214,390.0 1.99214352329216,41.7991615637633,390.0 1.99199197840202,41.799085289033,390.0 1.99193498119558,41.7989800122506,389.0 1.99184898277849,41.7988479130963,388.585099999997 1.99170129345755,41.798744983172,388.0 1.9913920017086,41.79872201697,387.141099999993 1.9912000559869,41.7987298958234,386.950899999996 1.99110098169252,41.7987409603705,386.699500000002 1.99090115684747,41.798663176336,386.620699999999 1.99067601927435,41.7985349332607,386.902499999997 1.99049279080415,41.7984304946944,387.112500000003 1.99038902281243,41.7983329289857,387.024900000004 1.99039002892555,41.7983258885353,387.176099999997 1.99036588849891,41.7983019163084,386.781499999997 1.99023496353781,41.7981899339588,386.5861 1.9901290162332,41.7981160053431,386.011199999994 1.98994578776303,41.7980155902808,383.982600000003 1.98969265419407,41.7978771210122,383.579800000007 1.98954563591467,41.7977765381516,382.810899999997 1.98948042451324,41.7976571801814,383.638800000001 1.98947221031828,41.7975376538947,383.981400000004 1.98952116041645,41.7973678369537,384.526899999997 1.98957832560784,41.7972295350502,384.9133 1.98955804075042,41.7970540181182,385.363700000002 1.98954798321251,41.797031889779,385.407000000007 1.98951194100667,41.7969599736282,385.800300000003 1.98944890891813,41.7968479909428,386.348100000003 1.98942091292229,41.7968169782166,386.674599999998 1.98919694854891,41.7966159797854,386.081600000005 1.98918202932868,41.7966059214424,385.748600000006 1.98913609577326,41.7965698797594,385.144199999995 1.98902294038681,41.7964810315029,382.139299999995 1.98892990097453,41.796453874117,379.799299999999 1.98889687620974,41.7964548800208,380.698999999993 1.98860300673756,41.7965189176141,386.638500000001 1.98844391869403,41.7966099450476,387.400699999998 1.98830209716853,41.7966868910918,388.926000000007 1.98820101064792,41.7967489173248,389.0 1.98803991037815,41.7968409503294,388.9228 1.98793597529977,41.7968810161178,389.366800000003 1.9877643135372,41.7969567885146,389.707299999995 1.98761846845754,41.7970105999011,390.146800000002 1.98747262337791,41.7970510011049,389.750400000004 1.98722887810198,41.7970129472126,389.811300000001 1.98719702653696,41.7970008771417,390.225900000005 1.98701212181044,41.7969468976513,391.0 1.98694087552694,41.7969100170199,391.486000000004 1.98687197654126,41.7968803450733,391.378100000002 1.98679033674995,41.7968578818215,391.553899999999 1.98666779307047,41.7968399444317,391.385599999994 1.98659202107456,41.7968174811656,391.789199999999 1.98642605912243,41.7967849589072,392.672099999996 1.98613705133261,41.7967410382279,392.927200000006 1.98594460255433,41.7967096899267,392.809599999993 1.98579875747471,41.7966872259453,392.740399999995 1.98565877929219,41.7966377727447,392.181400000001 1.98548376591528,41.7965839610452,392.0 1.98535552242531,41.7965345077648,391.270499999999 1.98513960426193,41.7964850544463,391.577699999994 1.98502091704999,41.7964749967525,391.915900000007 1.98483601232347,41.7964719790422,392.161600000007 1.98459712783153,41.7964806959786,392.0 1.98445715054734,41.7964582325866,392.0 1.98421608674254,41.796407941402,391.840200000006 1.98406102135481,41.7963688812228,391.253500000006 1.98384292387857,41.7963479266498,391.0 1.98365701393726,41.7963289838813,390.185400000002 1.98328485718641,41.7962739985881,389.015899999999 1.98310632241357,41.7962495233098,388.111199999999 1.98288101685549,41.7962170014329,386.633300000001 1.98260575508612,41.7961930290868,385.0 1.98252797086398,41.7961789477151,384.733099999998 1.98238531121033,41.7961821328673,383.967999999993 1.98226276753085,41.7961740862725,382.676500000001 1.98217542882735,41.7961660396767,382.512300000002 1.98205975815812,41.796160675279,381.054000000004 1.98197929156655,41.796160675279,380.716400000005 1.98189530537569,41.796160675279,379.944199999998 1.98172749918229,41.7961660396767,378.484700000001 1.98163999249383,41.7961633574779,378.0 1.98151744881435,41.7961660396767,377.032099999997 1.98136691003735,41.7961767684709,376.0 1.9812758828513,41.7961767684709,375.160900000003 1.98113942516638,41.7961821328673,374.124599999996 1.9810309634773,41.7961848150653,373.0 1.98093792406498,41.796190012033,372.488200000007 1.98085930171469,41.7961930290868,371.256399999998 1.98072267694313,41.7961876646913,370.450800000006 1.98064221035156,41.7961957112843,369.988500000007 1.98050927406256,41.7961983934818,369.4185 1.98040433197274,41.7962010756791,368.460200000001 1.98025731369337,41.7961983934818,367.690000000002 1.98013477001389,41.7961821328673,368.141300000003 1.98001591481695,41.7961553108808,367.072799999994 1.97990728514288,41.7961417317855,367.258400000006 1.97983385954653,41.7961363673857,366.532000000007 1.97971835776056,41.7960906025411,365.799100000004 1.97963085017377,41.7960636124183,365.209199999998 1.9795503835822,41.7960312585451,364.563899999994 1.97945248338589,41.796004269067,364.665299999993 1.97936145619984,41.7959611856658,364.252600000007 1.97925299361246,41.7959234673234,363.660799999998 1.97917235993423,41.7958964771301,363.647700000001 1.9790850203324,41.7958642912712,363.212400000004 1.9790079071518,41.7958399832655,362.955000000002 1.97894085240742,41.7958077967086,362.868199999997 1.97892324991943,41.795791535995,362.992499999993 1.97889877442118,41.7957673960605,363.008300000001 1.97887077932367,41.7957511353366,362.570800000001 1.97884630382545,41.7957296776041,362.627699999997 1.97882182922553,41.795708052435,362.763999999996 1.97880087422491,41.7956864272586,362.492199999993 1.9787903127321,41.7956596050647,362.320900000006 1.97878327263521,41.79563261543,361.791700000002 1.97877639872666,41.7956056251143,361.330000000002 1.97876935862977,41.7955786354569,361.121799999994 1.97876583813218,41.7955518138875,361.044599999994 1.9787552766394,41.7955248242075,360.872300000003 1.97874488313155,41.7954978338464,360.254100000006 1.97873432163874,41.7954708441436,359.901199999993 1.97872376104427,41.7954440225292,359.570699999997 1.97871688713571,41.7954170328037,359.218999999997 1.97870984703886,41.7953900430669,358.928100000005 1.97869928554605,41.7953630533187,358.437000000005 1.9786888920382,41.7953362309895,358.055300000007 1.97867833054542,41.7953092412186,357.996400000004 1.9786748100478,41.7952822514364,358.0 1.97866776995095,41.7952552616428,358.0 1.9786538559455,41.7952284399382,358.0 1.97863290094488,41.795204132361,358.0 1.97861177885759,41.7951798247746,358.0 1.97858378286175,41.7951556846098,358.0 1.97854539335809,41.7951556846098,358.033500000005 1.97852443925576,41.7951798247746,357.978700000007 1.97849996375754,41.795201450122,357.942800000004 1.97846844816244,41.7952255895998,358.439499999993 1.9784404521666,41.7952445333641,358.929300000003 1.9784089365715,41.7952606261164,359.0 1.97837742007806,41.7952742047287,359.015599999999 1.97834942498055,41.7952929803785,359.505000000005 1.97833182249256,41.7953172879219,359.828899999993 1.97831790938545,41.7953442776894,359.697499999995 1.97830047488241,41.7953712674455,359.732499999998 1.97828639289201,41.7954007719909,359.170400000003 1.97827583139921,41.7954304439528,358.505099999995 1.97825487729688,41.7954547514442,358.970199999996 1.97823744279384,41.7954817411537,359.829899999997 1.97822336080348,41.7955085627523,360.585099999997 1.97820592630044,41.7955328702141,361.025500000003 1.97818497219811,41.7955598605605,361.506200000003 1.97816384921253,41.7955814857795,361.682700000005 1.97814641560779,41.7956056251143,361.678499999995 1.97812898110476,41.7956352976511,361.584400000007 1.97811137861677,41.7956596050647,361.293300000005 1.97809042451447,41.7956837450397,361.000799999994 1.97806946951382,41.795705370217,360.917700000005 1.97805203501078,41.7957296776041,360.417100000006 1.97803108001016,41.7957564997686,360.021800000002 1.97801347842049,41.7957808071363,359.822700000004 1.97798548242465,41.7958024322809,360.212 1.97795748732714,41.7958212077759,360.7016 1.97792597083371,41.7958347869392,361.0 1.97789093474101,41.7958481980009,361.0 1.97785589864828,41.7958589268482,361.0 1.97782102964222,41.7958642912712,361.011100000003 1.97778599354952,41.7958698231227,361.212899999999 1.97775095745679,41.7958725053338,361.255999999994 1.97771239996818,41.7958725053338,361.056500000006 1.9776775318604,41.7958671409115,361.0 1.97764249486938,41.7958589268482,361.0 1.97760762676164,41.7958508802129,361.0 1.97757242268396,41.7958455157888,361.092199999999 1.97754107417551,41.7958321047265,361.420400000003 1.97750251758519,41.7958238899891,361.371899999998 1.97746748149247,41.7958185255627,360.949399999998 1.97743244450144,41.7958077967086,361.065199999997 1.97738399745988,41.7957910330379,361.2883 1.97730688338094,41.7957799693209,360.804499999998 1.97721065944095,41.7957492909363,361.578800000003 1.97707068215676,41.7957142546869,361.844899999996 1.97691326947121,41.7956792184184,362.051999999996 1.97678385278147,41.7956388176893,362.444699999993 1.97664722800992,41.7955903702666,362.467900000003 1.9765213318178,41.7955606983787,361.864300000001 1.97641639062631,41.7955363909276,361.118400000007 1.9762588108541,41.7954879434275,361.148499999996 1.97610843916377,41.79544217812,361.0 1.97596594659674,41.795403956512,360.329299999998 1.97578389222465,41.7953479658436,359.646399999998 1.97555188074296,41.7952750432204,358.727299999999 1.97546303286977,41.7952400067118,358.823399999994 1.97539698334019,41.7952150287468,358.610799999995 1.97530897359519,41.7951809981291,358.130300000004 1.97520872610106,41.7951240013413,357.9038 1.97510730450883,41.7950889647501,357.900500000003 1.97501275682519,41.7950483962178,356.862800000003 1.97490077463852,41.7949999490186,356.453200000004 1.97483439003732,41.7949622307802,356.844100000002 1.97471888735305,41.7949164650973,357.111099999995 1.97465250275185,41.7948975225754,356.953500000003 1.97456499606339,41.7948787468098,356.587700000004 1.97442132939832,41.7948517568463,356.207599999994 1.97427883772963,41.7948517568463,356.345000000001 1.9741519354244,41.7948544391,356.592199999999 1.97407800677147,41.7948549420644,356.028399999996 1.97399888226293,41.7948269468313,356.128599999996 1.97362907191159,41.7946919981306,353.904299999995 1.97350434981754,41.7946308104163,353.805900000007 1.97343410964716,41.7946100227072,353.194499999998 1.97328390594179,41.7945568817134,352.8891 1.97317494119613,41.7945200010462,352.883499999996 1.97296371673012,41.7944437261495,352.696400000001 1.97279591143505,41.7944086898561,352.617199999993 1.97266632676035,41.7943709712698,352.668000000005 1.97249483298273,41.7943278881101,351.588600000003 1.97236172870877,41.7942819552109,351.0 1.97223398827534,41.7942370282173,350.0 1.97215184542745,41.7942065178669,349.633499999996 1.97203299023052,41.7941739962927,348.934899999993 1.97189988595656,41.794139127955,347.876300000004 1.97182981287284,41.7941123057833,347.684899999993 1.97173543317412,41.7940853154971,347.822899999999 1.97159193449402,41.794074419589,348.0 1.97149386631278,41.7940826338809,348.0 1.97140987922359,41.7940853154971,348.0 1.97129806502187,41.7940826338809,348.0 1.97122095184127,41.7940853154971,347.693400000004 1.97115087875751,41.7940906800686,347.267099999997 1.97108097365875,41.7940636904429,347.234299999996 1.97103202356058,41.794036700806,347.274000000005 1.97092691438413,41.7939962997112,347.0 1.97072055160044,41.7939154987848,346.0 1.97059096782407,41.7938588370794,345.368799999997 1.97048602663258,41.7938264827631,345.0 1.97042182044597,41.7937951343758,344.8321 1.9702701084692,41.7937366287755,344.984500000006 1.9701009619894,41.7937186911819,344.542300000001 1.96994354930385,41.7937007542531,345.017600000006 1.96980943891677,41.7937232179417,345.722599999994 1.9695819540458,41.7937366287755,345.643800000005 1.96938363837041,41.7937547337985,345.187099999996 1.96925791016325,41.7937619421855,344.393700000001 1.96921197660783,41.7937599302935,344.482600000003 1.96910804152946,41.7937740121967,344.0 1.96882942724746,41.7937681446258,343.0 1.9686720145619,41.7937366287755,343.520399999994 1.96847302874332,41.793725899573,343.0 1.96833388868896,41.7937150036037,343.010599999994 1.96821302216412,41.7937158414462,343.0 1.96801017987803,41.7937321026864,342.274999999994 1.96788696605534,41.7937659652996,342.7984 1.9677825270221,41.793791278698,343.163 1.96761120122943,41.7938425758713,343.188500000004 1.96747122304688,41.7938883409816,343.306599999996 1.96732068426989,41.7939126483881,343.0 1.9671666249953,41.7939664603212,343.0 1.96708263790614,41.7939934499878,343.3459 1.96698473770983,41.7940177573544,343.7068 1.96687979651834,41.7940501115741,343.6924 1.96678524793637,41.7940635230093,344.075599999996 1.96664057695482,41.794095877206,343.496199999994 1.96656480406061,41.7940878303493,343.963799999998 1.96647025637694,41.794083304285,344.0 1.96636799755488,41.7940739166185,344.246499999994 1.96631167049165,41.7940707313615,344.371400000004 1.96625098570093,41.7940635230093,344.589999999997 1.96620438290064,41.7940600022148,344.713099999994 1.9661272688217,41.7940527938614,344.9519 1.96606440471812,41.7940725751404,345.0 1.96601076092258,41.794095877206,345.0769 1.96593834054101,41.7941228668181,345.707500000004 1.96585100183751,41.7941548854483,345.989600000001 1.96578998107691,41.7941889159411,346.866800000003 1.96568587801358,41.7942319991942,347.255499999999 1.96562552829448,41.7942700527285,347.705000000002 1.96554154120531,41.794311459588,348.118199999997 1.96539401986934,41.7943929317555,348.808900000004 1.96526007746722,41.7944680333453,349.558000000005 1.9651489334087,41.7945319034822,349.964600000007 1.96502504854449,41.7946130405051,350.0723 1.96498146318521,41.7946561234731,349.6155 1.96491843109668,41.7946831128492,350.099799999996 1.96477141191898,41.7947935864042,351.373300000007 1.96472799364633,41.7948359988546,351.353199999998 1.96457896403903,41.7949957578811,352.017699999997 1.96452649344327,41.7950631489014,351.995299999995 1.96447988974465,41.7951419385416,351.0 1.96439657369699,41.7952914714956,350.501900000003 1.96432700366981,41.7954208883838,349.126399999994 1.96420596916001,41.7956049547262,349.026400000002 1.96413790830249,41.7956959821183,349.096600000004 1.96404671313149,41.7958009240796,348.928799999994 1.96387153087132,41.7958736786756,348.950400000002 1.96378787975204,41.795907877024,349.993400000007 1.96363583180539,41.7959715796369,349.690000000002 1.96350272753139,41.7960523806501,350.409 1.96342226093982,41.7960793707778,351.539699999994 1.9632998852453,41.7961440791288,352.199699999997 1.96322645964894,41.7961791151432,352.566300000006 1.96313878497553,41.7962195162014,353.241800000003 1.96302345027618,41.7962734956348,353.603199999998 1.96293946318702,41.7963112137713,353.0 1.96285882950879,41.7963435681728,353.205000000002 1.96274500308084,41.796372904843,353.238200000007 1.96252640344633,41.7964810315029,351.933600000004 1.96240033926925,41.7965214323708,350.091100000005 1.96234082767831,41.7965618332133,349.744900000005 1.96228148407232,41.7966158123583,349.287299999996 1.96210646979711,41.796607765818,347.987399999998 1.9619488900249,41.7965941868186,346.583499999993 1.9617909751811,41.7965849669468,345.705100000006 1.96162702545524,41.7965564688487,344.924799999993 1.96147698883649,41.7965279700681,344.0 1.96143491174858,41.796525958263,343.859700000001 1.96128202567374,41.7965279700681,343.070300000007 1.96117993483664,41.7965370225209,341.479099999997 1.96108588931124,41.7965660235787,340.996199999994 1.96099100655598,41.79659301349,340.122700000007 1.96093199802158,41.7966149738841,339.257400000002 1.96082688884513,41.7966520221121,338.462499999994 1.96071105108925,41.7966790119872,338.0 1.96064500155966,41.7967009723519,337.376099999994 1.96054995081948,41.796724944508,337.046199999997 1.96043796863277,41.7967549520494,336.918399999995 1.96035800509777,41.7967839536783,336.085999999996 1.96022104435627,41.7968220070369,335.1731 1.9600599449848,41.7968568759241,334.0 1.96000311486499,41.7968729689411,333.484899999996 1.95993103045334,41.7968929181153,333.0 1.95986296959582,41.796919907889,332.095000000001 1.95980697850246,41.7969420362669,332.020999999993 1.95977495985082,41.7969629906457,332.0 1.95974009084475,41.7969809280011,331.998800000001 1.95970505475202,41.7970008771417,332.133000000002 1.95968091522372,41.7970149583328,331.981499999994 1.95963699389453,41.797030884554,331.971600000004 1.95960899789869,41.7970550240125,331.842000000004 1.95956692081078,41.7970759790241,331.874899999995 1.95953004047681,41.7970550240125,331.1541 1.95948293461991,41.797041948055,331.0 1.95943197229555,41.7970240113865,330.921700000006 1.95937296376117,41.7970129472126,330.2592 1.95930305866238,41.797002888932,330.0 1.95924991702512,41.7970038948271,330.0 1.95916106915196,41.7969889744945,329.719599999997 1.9591018926326,41.7969889744945,329.519199999995 1.95904590153924,41.7969869633736,329.752800000002 1.95897599644048,41.7969728815066,330.0 1.95888496925443,41.7969599736282,330.0 1.9587969595094,41.7969539382531,330.0 1.95872403696959,41.7969650024371,330.0 1.95864692289065,41.7969700319155,330.0 1.95855908113061,41.7969758991933,330.0 1.95847492695479,41.7970000386725,329.9185 1.95841591842038,41.7970399369357,329.0 1.95835288633185,41.797081007824,328.819300000003 1.95828298123308,41.7971188942503,328.355500000005 1.95821592559038,41.7971639886584,328.223599999998 1.95814400916368,41.7972000313467,327.447700000004 1.95805599941865,41.7972328882453,327.0 1.95798592633493,41.7972509929504,326.857799999998 1.95792993524158,41.7972759707916,326.117100000003 1.95782901760425,41.7973208983338,325.845700000005 1.95772709295548,41.7973589520432,325.010999999999 1.95764997977488,41.7973859416206,324.709799999997 1.95757688925007,41.7974189665184,324.0 1.95752508969584,41.7974618815149,324.0 1.9574649070634,41.7975130110047,323.194199999998 1.95739902551877,41.7975478801856,322.800300000003 1.95733498821545,41.7975990096067,322.0 1.95726592124481,41.7976580179723,321.0 1.95721697024834,41.7976989217101,321.0 1.95715695649915,41.7977579306533,320.036600000007 1.95709794796478,41.7977819030838,320.0052 1.95702401931185,41.7978280029076,320.0 1.95694003222265,41.7978759477071,320.040399999998 1.95687700103245,41.7979039429478,319.763600000006 1.95678597294807,41.7979379741287,319.239300000001 1.95668103175658,41.7979709987421,318.852899999998 1.95655798502055,41.7980139140386,317.751300000004 1.95645304382906,41.7980439209766,316.968299999993 1.95640090830492,41.7980600143652,316.081000000006 1.95633787621638,41.798087004317,315.998999999996 1.95628490256404,41.7980968950045,315.484299999996 1.95622002713256,41.7981089648689,315.007199999993 1.95613788428468,41.7981329371681,315.051000000007 1.95610301527861,41.7981419893942,315.005999999994 1.95606110617565,41.7981490298647,315.0 1.95602389077007,41.7981559035812,314.690900000001 1.95599807408712,41.7981589205425,314.257800000007 1.95596303799439,41.7981719962721,314.0 1.95592498446064,41.7981719962721,314.0 1.95588994746962,41.7981609322964,314.0 1.95585491137689,41.798150874196,314.023400000005 1.95581987528419,41.7981399776396,314.0 1.95578500627813,41.7981319312907,314.0 1.9557499701854,41.798123884271,314.0 1.95571493319437,41.7981160053431,313.724600000001 1.95567989710168,41.7981129877101,313.221999999994 1.95564502809561,41.7981069531134,313.032200000001 1.95560999200288,41.7981069531134,313.0 1.95557512299681,41.7980989060906,313.0 1.95554008690412,41.7980938773705,313.0 1.95550505081139,41.7980859984389,313.0 1.9554700147187,41.7980749337787,313.062999999995 1.95543497772767,41.7980668874216,313.0 1.95539994163494,41.798055990851,313.0 1.95536490554225,41.7980479444915,313.0 1.95533003653618,41.7980398974613,313.0 1.95529500044345,41.7980350361599,313.0 1.95525996345243,41.7980320185231,313.0 1.95522090380556,41.7980320185231,313.0 1.95518603569783,41.7980290015558,313.0 1.9551509987068,41.7980269897978,313.0 1.95511596261407,41.7980239721606,313.0 1.95505008106944,41.7980300067651,313.0</coordinates>
</LineString>
</Placemark>
</Folder>
</Document></kml>
