<?xml version="1.0" encoding="UTF-8"?>

<kml xmlns:xsd="http://www.w3.org/2001/XMLSchema" xmlns:gx="http://www.google.com/kml/ext/2.2" xmlns:atom="http://www.w3.org/2005/Atom" xmlns="http://www.opengis.net/kml/2.2">
<Document>
<name>PT01a_17a_barcelos-ponte_de_lima</name>
<visibility>1</visibility>
<Schema name="PT01a_17a_barcelos-ponte_de_lima" id="kml_schema_ft_PT01a_17a_barcelos-ponte_de_lima">
<SimpleField type="xsd:string" name="id">
<displayName>id</displayName>
</SimpleField>
<SimpleField type="xsd:string" name="nombre">
<displayName>nombre</displayName>
</SimpleField>
<SimpleField type="xsd:double" name="longitud">
<displayName>longitud</displayName>
</SimpleField>
<SimpleField type="xsd:string" name="_formato">
<displayName>_formato</displayName>
</SimpleField>
</Schema>
<Folder id="kml_ft_PT01a_17a_barcelos-ponte_de_lima">
<name>PT01a_17a_barcelos-ponte_de_lima</name>
<Placemark id="kml_1">
<name>&lt;img height='20' src='https://nco.ign.es/iconos/icono_todos_caminos_azul.png' /&gt;&lt;img height='20' src='https://nco.ign.es/iconos/Camino Santiago_20.png' /&gt;&lt;img height='20' src='https://nco.ign.es/iconos/icono_todos_caminos_azul.png' /&gt;  Camino de Santiago </name>
<visibility>1</visibility>
<description><![CDATA[<!DOCTYPE html>
<html>
<head>
<style>
#nco {
  border-collapse: collapse;
  overflow:hidden;
}
#nco th, #nco td {
  padding: 4px;
  text-align: left;
}
#nco th {
  color: #364B5F;
  padding-right: 5px;
}
#nco td {
  color: rgb(51, 51, 51);
  font-size: 12px;
  padding-right: 5px;
}
</style>
</head>
<body>
<table id="nco">
<tr>
<td>Caminos Portugueses</td>
</tr>
<tr>
<th><b>Camino: </b></th>
<td>PT01a Camihno Central Regiâo Centro e Norte</td>
</tr>
<tr>
<th><b>Etapa: </b></th>
<td>17a Barcelos - Ponte de Lima</td>
</tr>
<tr>
<th><b>Longitud: </b></th>
<td>33.72 km</td>
</tr>
</table>
</body>
</html>]]></description>
<Style>
<IconStyle>
<scale>0.8</scale>
</IconStyle>
<LabelStyle>
<color>ffffffff</color>
<scale>0.75</scale>
</LabelStyle>
<LineStyle>
<color>ffff0000</color>
<width>3.0</width>
<gx:labelVisibility>1</gx:labelVisibility>
</LineStyle>
<PolyStyle>
<color>66ff0000</color>
</PolyStyle>
</Style>
<ExtendedData>
<SchemaData schemaUrl="#kml_schema_ft_PT01a_17a_barcelos-ponte_de_lima">
<SimpleData name="id">PT01a_17a</SimpleData>
<SimpleData name="_formato">kml</SimpleData>
</SchemaData>
</ExtendedData>
<LineString>
<extrude>0</extrude>
<tessellate>1</tessellate>
<coordinates>-8.61989490665171,41.5310420836777,39.5883999999933 -8.61961327492867,41.5312330234786,39.3589000000065 -8.61920138838774,41.5315252167168,39.0676999999996 -8.61927028737339,41.531528234093,39.2421999999933 -8.61935645377544,41.531545500449,39.3424999999988 -8.61936735033984,41.5315780224614,39.401199999993 -8.61940339164738,41.5316739112621,39.5717000000004 -8.6193970216937,41.5319055872497,39.9483999999939 -8.61932191984099,41.5320554557175,40.1775999999954 -8.6193177292002,41.5321360896297,40.2624000000069 -8.61938796937058,41.5330163570315,43.3200999999972 -8.61941277994041,41.5332188639247,44.5445000000036 -8.619449995346,41.5333263198314,45.0638999999937 -8.61952442705547,41.5334503723185,45.6132000000071 -8.61957019172764,41.533483899359,45.6640000000043 -8.61964629969346,41.5334668002881,45.7075000000041 -8.61966289606833,41.5335206124503,45.6958000000013 -8.61975928799325,41.5336815450045,45.6067999999941 -8.61990949169866,41.5339324988758,44.9162000000069 -8.62003823734687,41.5341006403501,44.1563000000024 -8.62015793067196,41.5341692040471,43.7354999999952 -8.62030981153198,41.5342427968692,43.2364999999991 -8.62042397303155,41.5342914124267,42.8732000000018 -8.62079193824328,41.5344808430953,41.3479999999981 -8.62089989687582,41.5345668413936,40.7995999999985 -8.62107373795129,41.5347093337794,40.2958000000071 -8.62120365679925,41.5348189692665,39.8378999999986 -8.62127406495459,41.5348878684201,39.6641999999993 -8.62130222803705,41.5348955799134,39.6251999999949 -8.62135855510032,41.5348783131067,39.5709000000061 -8.62147606911252,41.5349753751212,39.3729000000021 -8.62146349629181,41.5350630504847,39.3334000000032 -8.62162476364824,41.5352181155914,39.0307999999932 -8.62152300788275,41.5352556662211,39.1984999999986 -8.62151646994412,41.5352977436383,39.2002999999968 -8.62152887477987,41.5354506295093,39.053899999999 -8.62152149871307,41.5355029324344,38.9909999999945 -8.62159660056577,41.5355171818843,38.7736000000004 -8.62152300788275,41.5357708183404,38.551999999996 -8.62143851773702,41.5361119616549,37.7909000000072 -8.62132888284816,41.5364547815292,37.0393999999942 -8.62123969900509,41.5366442125862,36.8280999999988 -8.62117080001941,41.5367491540168,36.7976000000053 -8.62105177683752,41.5369166244957,37.0117999999929 -8.62093912450764,41.5370934820979,37.381899999993 -8.6208561435316,41.5372063027926,37.8457999999955 -8.62074030577571,41.5374300998453,38.6009000000049 -8.62057585299328,41.5376101425825,39.6135999999969 -8.62052740505335,41.5375975699059,39.9088000000047 -8.6204725880581,41.5375943847109,40.2345999999961 -8.62042564928787,41.5375975699059,40.5080000000016 -8.62036613769692,41.5376289182143,40.7608000000037 -8.62026907473047,41.5377776135217,40.9182000000001 -8.62014686702091,41.5380139832128,41.4829999999929 -8.61993044580099,41.5383509357312,43.0443999999989 -8.61989121906746,41.5384171522843,43.3993000000046 -8.61989742103619,41.5384563800363,43.4807000000001 -8.61993044580098,41.5384749873229,43.3846000000049 -8.6199696734328,41.5384769991391,43.1972999999998 -8.61998006694065,41.5385556213014,43.4487999999983 -8.6199314519141,41.5385641708371,43.7133000000031 -8.61984998010771,41.5385700381781,44.122199999998 -8.61961998085226,41.5386298855639,45.1149000000005 -8.61946005378224,41.5386699509928,45.6619999999966 -8.61941596536639,41.5386919114581,45.8313000000053 -8.61936835555466,41.5387209125743,46.0322000000015 -8.61934354498482,41.5387499143498,46.1609000000026 -8.61933114014907,41.538793332267,46.2912000000069 -8.61931253244626,41.5388531794461,46.4663 -8.61929006917427,41.5389100081933,46.6315999999933 -8.61931001806178,41.5389700226904,46.7393000000011 -8.61940490081704,41.539274286021,47.3010999999969 -8.61945653328464,41.5394432648527,47.5215000000026 -8.61947581202895,41.5395146791893,47.6132999999973 -8.6195212416295,41.5401262223208,49.0724999999948 -8.61952660636837,41.5401563974434,49.0902999999962 -8.61958997352852,41.5401800343216,49.0868000000046 -8.61968250988426,41.5401860696112,48.9582999999984 -8.6196991053608,41.5403079425353,49.0522000000055 -8.61966390128312,41.5403183355036,49.0929000000033 -8.61961428104178,41.5403287291426,49.1426000000065 -8.61957706473786,41.5403493489932,49.1828999999998 -8.61955225506636,41.5403885762456,49.2051000000065 -8.6195688505429,41.5404794360481,49.2124999999942 -8.61960522871866,41.5406658497976,49.2020000000048 -8.61968049765799,41.5412626410155,48.777900000001 -8.61981343484533,41.5422672958196,50.1545000000042 -8.61989742103619,41.5428974471738,52.7504999999946 -8.61995324504289,41.5433911416453,52.8380000000034 -8.61998828113558,41.5436060537699,52.6095000000059 -8.62000688883839,41.5436680795978,52.5197999999946 -8.6200482957831,41.5437425107817,52.4100000000035 -8.62002298215669,41.5437542458683,52.4018000000069 -8.61996011805311,41.5437700035837,52.3990000000049 -8.61986355814324,41.5437624598897,52.4293000000034 -8.61977906889583,41.5437968253754,52.3497999999963 -8.61971000192519,41.5438300182769,52.2636999999959 -8.61966172197026,41.5438563371316,52.2045999999973 -8.61964009682643,41.5438799740021,52.171199999997 -8.61961998085226,41.543929930361,52.1232000000018 -8.61961998085226,41.5440199521574,52.0725999999995 -8.61960003196475,41.5440699077358,52.047900000005 -8.61957002464101,41.5440799666187,52.0276000000013 -8.61954001731723,41.5440799666187,51.9948000000004 -8.61951000999349,41.5440900248277,51.954899999997 -8.6194882168647,41.544153727006,51.9155000000028 -8.61975895202333,41.5442219559786,52.0915999999997 -8.61984981212275,41.5442529689408,52.1119999999937 -8.61985400276355,41.5442983988325,52.0954999999958 -8.61985199143564,41.5443480193718,52.0913 -8.61987998743145,41.5443699799258,52.0617999999959 -8.61990496508795,41.5443848997592,52.0353000000032 -8.61994285153503,41.5444100458326,51.9930000000022 -8.61987462269259,41.5444512849416,52.0553000000073 -8.61962048301051,41.5446269695574,52.0053999999946 -8.61919887400327,41.5449307295894,51.6374000000069 -8.61908320333401,41.5450629958622,51.5647000000026 -8.61901916603069,41.5451374274575,51.5470999999961 -8.61896334202396,41.545238680833,51.6049999999959 -8.61894674564909,41.5453563623612,51.7299000000057 -8.61894892496198,41.5455010341862,51.7782000000007 -8.618983961953,41.545676718639,51.8515000000043 -8.6190109509374,41.5458027825575,51.7890999999945 -8.61900877252284,41.5459412518961,51.6572000000015 -8.61896334202396,41.546309049363,50.8706999999995 -8.61894071076702,41.5464681382062,50.4376000000047 -8.61891170955639,41.546639799596,49.5430999999953 -8.61883107587816,41.5467368621114,48.5880999999936 -8.61862856866368,41.5469661908946,46.638300000006 -8.61800126701592,41.5478427705776,46.2027999999991 -8.61793002073242,41.5479400000343,46.2939000000042 -8.61766967908162,41.5483259031683,46.0421999999962 -8.61756021127942,41.5485077905994,45.7658999999985 -8.61752299587383,41.5485988178235,45.6022999999986 -8.61750857881185,41.5487186788572,45.4845999999961 -8.61751880523304,41.5488053479937,45.4450999999972 -8.61756021127942,41.5488963754711,45.4523000000045 -8.61760782109115,41.5490574754856,45.463499999998 -8.61762223725484,41.5491567172888,45.5043000000005 -8.61762223725484,41.5492807696647,45.5246000000043 -8.61761603528611,41.549452263583,45.0409999999974 -8.61760362955206,41.5496587937159,43.9303999999975 -8.61760161822413,41.5497312132603,43.3643000000011 -8.61763246367603,41.5498614676627,42.6009000000049 -8.61767806126153,41.5500369849708,42.1350999999995 -8.61773589659616,41.5501858473798,42.1100000000006 -8.61783094733638,41.5503285077072,42.588699999993 -8.61796103416932,41.5504937984676,43.4737000000023 -8.61814510076765,41.5506693154034,44.5451999999932 -8.61831005660662,41.5507999053954,44.8834999999963 -8.61846998367669,41.5508800366101,45.1567000000068 -8.61882001132881,41.5510399632799,45.1426000000065 -8.61875044219996,41.5511199268026,44.7927000000054 -8.61882571113929,41.5511420551401,44.7854999999981 -8.61888673189989,41.5511732355387,44.724000000002 -8.61892595863342,41.5512030754235,44.6419000000024 -8.6189618337526,41.5512656042131,44.4924000000028 -8.61897373553181,41.5513244448971,44.3693999999959 -8.61898060854204,41.5513908296769,44.2277000000031 -8.61910583459099,41.5514330747458,44.3429000000033 -8.61907767150848,41.5514801809229,44.1975999999995 -8.6190558783797,41.5515443860674,44.142399999997 -8.61903861186162,41.5516225056243,44.1588000000047 -8.61901044877915,41.551708671378,44.1549999999988 -8.61896652744997,41.5517634895253,44.1117999999988 -8.61887734360686,41.5518511643135,44.2783999999956 -8.61876150585098,41.5519356538219,44.4964999999938 -8.61870819712709,41.5519857773991,44.6689999999944 -8.61867701660358,41.5520421038572,44.8981000000058 -8.61862370787965,41.5522097417866,45.8497999999963 -8.61857207451375,41.5523755359609,46.8426000000036 -8.61854391143128,41.5525289246382,47.991200000004 -8.61852513664185,41.5527294195629,48.9830999999976 -8.61852195121587,41.5529188506761,49.4511999999959 -8.61853603230794,41.5529735010797,49.2740999999951 -8.61855799342169,41.5530299947389,49.0578999999998 -8.61862068954031,41.553089338674,48.7170999999944 -8.61872244620412,41.5531723193893,48.0054999999993 -8.61897289740365,41.5533634271249,49.0043000000005 -8.61930465332292,41.5536405327749,54.0531999999948 -8.61958025016387,41.5538737172292,56.9452000000019 -8.61966792483728,41.5539302114461,57.4415000000008 -8.61972274273086,41.5539848609946,57.8965999999928 -8.61978694801917,41.5540616398517,58.5237000000052 -8.61987294643627,41.5542150285614,59.6391000000003 -8.62002633556765,41.5545218062333,61.4397000000026 -8.62020637861185,41.5548818928325,62.9532999999938 -8.62027695385381,41.555019691338,63.3839000000007 -8.62033311293213,41.5550361198785,63.3917999999976 -8.62052103509967,41.5550634445272,63.4134000000049 -8.62061005095781,41.555089931571,63.556700000001 -8.62068012314323,41.5551499458401,63.9554999999964 -8.62098002839578,41.5551698947894,64.2256999999954 -8.62113006411623,41.5551400553913,64.1310999999987 -8.62130004872419,41.555069982597,63.7495999999956 -8.62211007668384,41.5550999894117,65.6708999999973 -8.62262003140603,41.5551299968846,67.3312000000005 -8.62299000884399,41.5551299968846,68.8016999999963 -8.62358009418784,41.5550800404408,72.7446999999956 -8.62384546550593,41.5550875841587,75.3545000000013 -8.62385267358777,41.5551744208795,75.7421999999933 -8.62391268823526,41.5551764328485,76.3690000000061 -8.62396633292909,41.5551764328485,76.9220000000059 -8.62400153610845,41.5551908493807,77.3536000000022 -8.62401796539666,41.5552114691974,77.6098000000056 -8.62401595317043,41.5552548874892,77.8016000000061 -8.62399533413972,41.5552838885713,77.729800000001 -8.6240293641193,41.5553123868173,78.2118999999948 -8.62383356282839,41.5555613294931,76.8163999999961 -8.62365519604054,41.5558007169714,75.6545999999944 -8.62347347674003,41.5560669263145,74.9379000000044 -8.62330298907552,41.556394155322,74.5121000000072 -8.62317139307293,41.5566712614232,73.911500000002 -8.62301180107448,41.5569481996292,73.1273999999976 -8.62296938891499,41.5570140812013,72.9327000000048 -8.62296469521762,41.5571299189487,72.7584999999963 -8.62299771998241,41.5572943722304,72.5761999999959 -8.62305404614735,41.5575228622995,72.4753999999957 -8.623122945133,41.5576965358028,72.3821999999927 -8.623185474165,41.5579188234393,72.2029999999941 -8.62323090466387,41.5581474820381,71.8521000000037 -8.62330298907552,41.5583322194887,70.7589000000007 -8.62330298907552,41.5584621386139,70.1405999999988 -8.62328723082881,41.5586234063632,69.1083999999973 -8.62328890708512,41.558696832213,68.5948999999964 -8.62332478130598,41.5587563436976,67.8944999999949 -8.62335931524046,41.558787691831,67.4162999999971 -8.6234156414054,41.5588096521856,66.9076000000059 -8.62348604956074,41.5588032818686,66.5647999999928 -8.62350951894584,41.5588706726247,65.9336999999941 -8.62344849818524,41.5589161023275,65.8861999999936 -8.62331707016759,41.5589771226662,65.9906999999948 -8.62307902470214,41.5591320201902,65.598800000007 -8.62287400310315,41.5593011669294,64.2252000000008 -8.62264232669306,41.5594905982761,62.8966999999975 -8.6225608548867,41.5595454158733,62.6502999999939 -8.62253906175789,41.5595851463686,62.1601999999984 -8.62253738550157,41.5596345992296,61.3421999999991 -8.62262036647765,41.5597316617273,59.2771000000066 -8.62267199894522,41.559756807209,58.6812000000064 -8.62263008984226,41.559809948844,57.9312000000064 -8.62253738550157,41.5599351745592,55.9670999999944 -8.6217484805275,41.5596252115844,66.851800000004 -8.62119108397854,41.5594123114447,69.5326999999961 -8.62109720733639,41.5593826393617,68.9446999999927 -8.62103300204808,41.5593809629421,68.4465999999957 -8.62091397886619,41.5594044321411,67.6138000000064 -8.62074181404707,41.5594592498114,66.6882000000041 -8.62056026273152,41.5595266405557,66.0639999999985 -8.62050393566825,41.5595641911855,65.9159999999974 -8.62027997129487,41.5597698830706,64.6947999999975 -8.62004997203942,41.5599899917794,60.4337999999989 -8.61992005229313,41.5600899044322,58.1159000000043 -8.61983858048674,41.5601324846076,57.0948000000062 -8.61963657632881,41.5601981982513,55.3641999999963 -8.61951285944958,41.5602342408086,54.6135999999969 -8.61938143143194,41.5602545249468,54.3717000000033 -8.6193110232766,41.5602654215265,54.281799999997 -8.61922804230052,41.560301463374,53.7491000000009 -8.61917003987927,41.5603562809556,53.0025000000023 -8.61914355305311,41.5603985262145,52.466499999995 -8.61899318136278,41.5606506535245,49.5771999999997 -8.61882420286793,41.5608776354871,46.4294999999984 -8.61856117884769,41.5612424160065,43.8071999999956 -8.61828239658073,41.5615647839747,42.6906000000017 -8.61815096766476,41.5617025823473,42.3459000000003 -8.61808843953109,41.5617699727688,42.1717000000062 -8.61806178471998,41.5618169114396,42.1598999999987 -8.61803362163752,41.5619045860342,42.2358999999997 -8.61798668286728,41.562036014356,42.3686000000016 -8.61796304549722,41.5621080987446,42.4336000000039 -8.61791610762531,41.5621863856711,42.4600999999966 -8.61783161747958,41.5622849573479,42.4587999999931 -8.61766247099977,41.5624415313495,42.3690999999963 -8.61755602063862,41.5625183095708,42.3432999999932 -8.61729936657207,41.5627139427927,42.6912000000011 -8.61720699820128,41.5627937386242,43.0043000000005 -8.61720079533423,41.5628767196512,43.2902999999933 -8.61723197585775,41.5629612088624,43.5709999999963 -8.6172571223975,41.5630426813855,43.8418999999994 -8.61722108019169,41.5631318646203,44.2045999999973 -8.61716475312842,41.5632884385863,44.6714000000065 -8.61708965127571,41.5634761933579,45.102899999998 -8.61706618189061,41.5635779496709,45.4248999999982 -8.61706618189061,41.5636719944024,45.7259999999951 -8.61709266871676,41.5638300773466,46.5166000000027 -8.61716626229811,41.5639930214431,47.5118999999977 -8.61729148744869,41.5642119563418,48.777700000006 -8.61742777714866,41.5644813512041,50.1941999999981 -8.61753104298213,41.5647458841332,51.3592999999964 -8.61764218614235,41.565043274026,51.7973999999958 -8.6177283525444,41.5652375661169,51.6150999999954 -8.61780814809447,41.5654065456485,51.3781000000017 -8.61778786413535,41.5655787098989,50.7534000000014 -8.61781133352045,41.5658025068768,49.9939000000013 -8.61783949660295,41.5659230383678,49.554999999993 -8.61785357859332,41.5659605893134,49.4223000000056 -8.61790990475829,41.566060836856,49.0907000000007 -8.61798500661096,41.5661751663024,48.7421000000031 -8.61804602647326,41.5662581470196,48.5638000000035 -8.61832950243759,41.566588393934,48.3623999999982 -8.61856117884769,41.5668388450624,48.1867999999959 -8.61857827738081,41.566852926974,48.2067999999999 -8.61861130214561,41.5668561120718,48.3105999999971 -8.61865036179246,41.5668546031998,48.4470000000001 -8.61867534034726,41.5669109294699,48.3990999999951 -8.61870819712709,41.5670188885771,48.2724000000017 -8.61879754805683,41.5672866062753,49.3531999999977 -8.61879285435946,41.5673821598455,49.5684000000037 -8.61874742475891,41.5677326915426,50.3335999999981 -8.61874742475891,41.5679628585393,50.9395999999979 -8.61877240241537,41.5683056782338,51.1364000000031 -8.61878648440577,41.5685390302203,50.9897999999957 -8.61877877236906,41.5686422954555,50.922900000005 -8.61875681215365,41.5687502543579,50.8643000000011 -8.61868472774196,41.568999197021,50.8987000000052 -8.6186315861047,41.5691557708827,50.8565999999992 -8.61852832116952,41.5694610393904,51.4483999999939 -8.61849378813337,41.5695502231753,51.7498999999953 -8.61840611345996,41.5697084731975,52.7771000000066 -8.61828558110841,41.5699118181775,53.678700000004 -8.61813839484405,41.570151372937,53.7356 -8.61807888415143,41.5702595000229,53.5537999999942 -8.61805709102265,41.5703517009584,53.422900000005 -8.61802725078553,41.570524032817,53.3133999999991 -8.61800696682641,41.5707964444595,53.3588000000018 -8.61796304549722,41.5711017132792,53.743100000007 -8.61794745523546,41.5712862826451,54.0149999999994 -8.61795684352849,41.5714663258627,54.295299999998 -8.61797561831793,41.5718342919418,54.9600000000064 -8.61796472265187,41.572029925183,55.2694000000047 -8.61796153722586,41.5722741737289,55.6867000000057 -8.6179975794317,41.5724838890103,56.0862999999954 -8.61807586581209,41.5728832033572,56.6665000000066 -8.61824333693387,41.5734389234758,59.3874000000069 -8.61832950243759,41.5737723554026,63.5026999999973 -8.61837174751046,41.5739272530778,66.0518000000011 -8.61836856208446,41.574119869296,69.6242000000057 -8.61837945864885,41.5743656267004,73.2669000000024 -8.61839991059293,41.5745097954391,74.2783999999956 -8.61848289156898,41.5747086140243,73.3622000000032 -8.61852832116952,41.5748837957203,72.3062999999966 -8.618625384136,41.575156207794,71.7501999999949 -8.61876619954835,41.575553845077,72.329700000002 -8.61884767225303,41.5758277656753,73.7504999999946 -8.6189075189156,41.5760438508055,76.1478999999963 -8.61897574775804,41.57618433186,78.3493000000017 -8.61898530313774,41.5762989961937,80.3298000000068 -8.61899938422981,41.5763521376639,81.3703999999998 -8.61905118468233,41.5765227929957,84.5252999999939 -8.61908404146217,41.5766433246461,85.8950000000041 -8.61911689824201,41.5768297382728,87.5973999999987 -8.61914036762711,41.5769517786587,88.1068999999989 -8.61915444961751,41.5770332510114,88.4220000000059 -8.61915914331487,41.5770879011825,88.570000000007 -8.61914355305311,41.5771834543673,88.7704999999987 -8.61912159283767,41.5772538627001,88.9247000000032 -8.6190417963893,41.5773916612117,89.2556000000041 -8.61896820370629,41.577507499389,89.4048999999941 -8.61890869211534,41.5776201521194,89.4465999999957 -8.61887415907919,41.5777125206263,89.6006000000052 -8.61883191400632,41.5778127680768,89.7053000000014 -8.61866997560839,41.5783599384709,87.591499999995 -8.61843997635291,41.5791399582886,79.5633999999991 -8.61837996170542,41.5793699576386,77.1462000000029 -8.61833000549417,41.5796400230858,74.9928999999975 -8.61828876653442,41.5798338123234,73.6910999999964 -8.6182354578105,41.5799809987548,73.1168000000034 -8.61821668212276,41.5800669970085,72.8521999999939 -8.61821198842539,41.5801452836767,72.6150999999954 -8.61821366468171,41.580223570922,72.3393000000069 -8.6182386432365,41.5803080602949,72.1245000000054 -8.61828876653442,41.5803833302308,72.0485000000044 -8.61834827812536,41.5803722656935,72.3076000000001 -8.6183811349052,41.5803630456922,72.4584999999934 -8.61841399258333,41.5804710044932,72.2075999999943 -8.61847819787164,41.5806885987644,71.5764999999956 -8.61853133861058,41.5808951291986,71.1416000000027 -8.61853603230794,41.5811174169903,70.7773000000016 -8.61855011429834,41.5813883204456,70.2309999999998 -8.61858615650415,41.5817108560026,69.1585999999952 -8.6185846473345,41.5819425314378,68.4726999999984 -8.61856419628874,41.5822290252241,68.383799999996 -8.61858012162208,41.5823700088762,68.6719000000012 -8.61863309527439,41.5823762115719,68.8513999999996 -8.61866293461318,41.582734621686,69.119200000001 -8.61858934193016,41.5827736814385,68.8775000000023 -8.61857207451375,41.5828082143256,68.7802999999985 -8.6186362807004,41.582992951821,67.9743000000017 -8.61866913748023,41.583177688788,66.5102000000043 -8.61869109769564,41.5833624258983,64.5847000000067 -8.6186973005627,41.583609692227,62.4186999999947 -8.61868472774196,41.5838836129261,61.0149999999994 -8.6186347715307,41.5841012071209,60.3188999999984 -8.61855179055466,41.5843110896091,59.7192000000068 -8.61848289156898,41.5844909654963,59.3950000000041 -8.61843595279877,41.584636642935,58.9758000000002 -8.61843125910141,41.5847383995141,58.726800000004 -8.61845942218388,41.5848964819743,59.4159000000072 -8.61852513664185,41.585101503271,61.9425000000047 -8.61859085020152,41.5852753438613,63.3114999999962 -8.61866762831054,41.5854131427267,64.3141999999934 -8.61880056549787,41.5856089438025,65.7632000000012 -8.61905001148259,41.5860101013366,66.3580999999976 -8.61935008292346,41.5864799910283,66.4661000000051 -8.61946005378224,41.5867099904394,68.3117999999959 -8.61953331139363,41.5868360542772,69.803899999999 -8.61963339180113,41.5870818116701,73.3429000000033 -8.61968049765799,41.5871711626147,74.3586000000068 -8.61975878493671,41.5872853243516,75.5534000000043 -8.6199966633155,41.5874982246913,77.1781999999948 -8.62008115256294,41.5875796965047,77.5620000000054 -8.62014066415388,41.5876705564899,77.8423000000039 -8.62018290922675,41.5877550461973,78.0763000000006 -8.6201892791804,41.5878676991924,78.1858000000066 -8.62019866747347,41.5884141991835,79.8911999999982 -8.6202033611708,41.5885846869215,80.8850999999995 -8.620240911648,41.588667667742,81.6034000000072 -8.62031131980334,41.5887773030967,82.601800000004 -8.62044593324699,41.5889355537146,84.0948000000062 -8.62082328675176,41.5893377171961,85.9196999999986 -8.62101104093434,41.5895683870281,86.2924000000057 -8.62136961875137,41.5899138890206,87.877999999997 -8.62147288368651,41.5899796032778,88.4667999999947 -8.62158084321738,41.5900642606162,88.8623999999982 -8.62164672476198,41.5901251131326,89.0806000000011 -8.62168896983485,41.590187809849,89.2091999999975 -8.62173272317908,41.5902707906244,89.3395000000019 -8.62176557995891,41.590356956576,89.4290999999939 -8.62180631586209,41.5905478965555,89.9364999999962 -8.62180782503179,41.5906840186381,90.2862000000023 -8.62178754017436,41.5907576116232,90.5534000000043 -8.62174060230245,41.5908248346773,90.6861999999965 -8.62166080585408,41.5908954102091,90.7504999999946 -8.62154178357049,41.5909830849791,90.8451000000059 -8.62143851773702,41.5910519840683,91.0408000000025 -8.62137732988976,41.5911130042882,91.3727999999974 -8.62130373720674,41.5912100665226,92.0282000000007 -8.62123182078004,41.5913446802526,92.8181999999942 -8.62117381746046,41.5914353723519,93.3809999999939 -8.62108781904336,41.5915200297968,93.9449000000022 -8.62094851190234,41.5915936225007,94.3784000000014 -8.62079193824328,41.5916812976661,94.6021999999939 -8.62070577184123,41.5917329296086,94.6753000000026 -8.62064793740493,41.5918001529908,94.7130000000034 -8.62059462778271,41.5919050942357,94.7933000000048 -8.62050863026391,41.592099218864,95.1692000000039 -8.62044744151835,41.5923136284021,95.9700000000012 -8.62041927843589,41.5924405298282,96.4277000000002 -8.62042564928787,41.5926534306351,97.4168000000063 -8.62046319976507,41.5928349823463,98.6638999999996 -8.62059781320868,41.5932106595355,103.520000000004 -8.62071046643689,41.5935457677037,108.830400000006 -8.62080132563798,41.5938180123751,111.632599999997 -8.62092336626093,41.5940496880369,113.210000000006 -8.62105797970457,41.5942719762255,114.444199999998 -8.62115504177269,41.5944161448646,115.603600000002 -8.62148696567691,41.5947604734547,119.558000000005 -8.62155268013491,41.5948701085391,120.747900000002 -8.62166231502374,41.595064233656,122.407600000006 -8.62172802948174,41.5953146845465,123.960099999997 -8.62186901287905,41.5955839114015,126.299299999999 -8.6220755427494,41.5958750989965,128.827699999994 -8.62229481342541,41.5961223651015,129.635899999994 -8.6223573424574,41.5961411405321,129.453399999999 -8.62237611814514,41.5964073495919,130.879000000001 -8.62239807836058,41.5965920864683,132.133600000001 -8.622485753034,41.5968425381482,133.716100000005 -8.62253269180423,41.5969959267346,135.428599999999 -8.6225984062622,41.5972339729688,137.869099999996 -8.62261718105164,41.5974498904028,140.322400000005 -8.62263595673937,41.597616019932,142.067800000004 -8.62264852956012,41.5977756112553,143.334900000002 -8.62282387890695,41.5980416530183,144.755000000005 -8.62305873984472,41.5983454132282,147.339099999997 -8.62329980364952,41.5985864767926,149.061499999996 -8.62359719361925,41.5988776642766,152.582500000004 -8.62367866542564,41.5990248502893,155.107099999994 -8.62373499159058,41.5991626486925,157.357499999998 -8.62376634009906,41.5993034650449,159.786699999997 -8.62381009344329,41.5993879543058,161.407500000001 -8.62388519529599,41.5995225677752,164.034400000004 -8.62398862821613,41.5996072246899,165.833100000003 -8.6240669154948,41.5996603664592,166.896900000007 -8.62418275325068,41.5997104899606,167.950800000006 -8.62425466967742,41.5997636309731,169.024900000004 -8.6243361423821,41.5998670639335,170.657500000001 -8.62441124423481,41.5999954747294,172.237099999998 -8.62447075582572,41.6000831492306,173.390499999994 -8.62458977810931,41.6002113923291,174.495500000005 -8.62474937010772,41.6003366183214,175.848499999993 -8.62499043301422,41.6004901746027,177.244000000006 -8.6253944413301,41.600765604309,180.133000000002 -8.62572938177704,41.6009471560418,181.358800000002 -8.62584203500524,41.6010066675659,181.677800000005 -8.62599240579728,41.6010536059386,181.423299999995 -8.62616138519046,41.6011069151253,180.964000000007 -8.6265184547361,41.6011945901318,179.295400000003 -8.62673437200115,41.6012415283678,178.716199999995 -8.62688474369151,41.6012884672414,178.709000000003 -8.62703494739692,41.6013385908218,178.6391 -8.62716654339953,41.6013823442144,178.305699999997 -8.62736217670545,41.6014887947368,177.830300000001 -8.6275343406263,41.6015890422191,178.741800000003 -8.62778177528308,41.60172214707,179.969700000001 -8.62794756925025,41.6017957395616,180.846999999994 -8.62806189783644,41.6017987576883,181.379000000001 -8.62834990041148,41.6017925548433,183.150399999999 -8.62842986394651,41.6018004336789,183.794899999994 -8.62847328221912,41.6019179477172,184.625700000004 -8.62854016987686,41.6019457758215,185.076199999996 -8.62857621118438,41.6019736039139,185.362800000003 -8.62867914104797,41.6019893615399,185.895600000003 -8.62870831024355,41.6020088076729,186.093599999993 -8.62878005958359,41.6019699160727,186.199800000002 -8.62889003044237,41.6019399088598,186.4421 -8.62913008813408,41.6018798943922,187.274099999995 -8.62918440297108,41.6018693333126,187.501499999998 -8.62929705530099,41.6018441874302,187.984500000006 -8.62949268860692,41.6018098212407,189.164499999999 -8.62982461251114,41.6017439396726,191.8462 -8.62990071957866,41.6017454484013,192.209700000007 -8.62997028960584,41.601750980854,192.463600000003 -8.63003432780749,41.6018037863317,192.402700000006 -8.63011898503986,41.6019741070456,191.843200000003 -8.63025980045223,41.6019412496494,192.677200000006 -8.63041486583993,41.602295133822,192.326000000001 -8.63074360431815,41.6030308972871,195.653600000005 -8.63092985022937,41.6034394308923,192.468999999997 -8.63103780886191,41.6036883735132,191.032099999997 -8.63108793305815,41.6038213108063,190.222800000003 -8.63110050587886,41.6039341312328,189.783500000005 -8.63110201415022,41.6040435989259,189.573799999998 -8.63107854476509,41.6041502163455,189.858300000007 -8.63102691229752,41.6042518051367,190.582299999995 -8.63095482788586,41.6043317686316,191.462799999994 -8.63087184690982,41.6043959736495,192.185200000007 -8.63078266396504,41.6044491148339,193.060700000002 -8.63071845867673,41.6044930360606,193.731400000004 -8.63068090730123,41.6045384659209,194.131500000003 -8.63064184765433,41.6045869137454,194.506899999993 -8.63062458113629,41.6046353608617,194.763900000005 -8.63063078400331,41.6047074454016,194.959700000007 -8.63065743791609,41.604763771573,195.015299999999 -8.6307090703837,41.6048200983669,194.792000000001 -8.63103479142086,41.6050894924546,192.749500000005 -8.63117879225924,41.6052006367766,192.160600000003 -8.63125540328161,41.6052552866166,191.8413 -8.63132279399589,41.6052930054577,191.3606 -8.63135883620174,41.6053055777282,191.002500000002 -8.63144433156226,41.6053082605109,189.836899999995 -8.63147936765499,41.6053007166118,189.268299999996 -8.63155011088191,41.6052874733087,188.168099999995 -8.63191606476574,41.6050956949826,181.959799999997 -8.63214472283646,41.6049719781467,179.524399999995 -8.63238997728208,41.6048698867086,177.9755 -8.63249005768958,41.6048398795009,177.531199999998 -8.63263003497377,41.6048100402064,176.914999999994 -8.63276012270501,41.6048199304398,176.571500000005 -8.63295022418544,41.6048672045795,175.794999999998 -8.63352907789327,41.6050620002154,172.949600000007 -8.63351231443176,41.6050982098476,172.481700000004 -8.6334928686008,41.605164929637,171.667600000001 -8.63347610424097,41.6052567952631,170.570300000007 -8.63345112658451,41.605343129286,169.581300000005 -8.63345950876442,41.6054433768256,168.444900000002 -8.63347694236912,41.6055105993622,167.675799999997 -8.63354265682709,41.6056138645899,166.219299999997 -8.63379059364215,41.6058272673616,162.338499999998 -8.63385178148941,41.6059050519341,161.181800000006 -8.63390190568566,41.6060024492665,160.020600000003 -8.63398253936386,41.606183330692,157.904800000004 -8.63406602249815,41.6063948904728,155.884399999995 -8.6342080120086,41.6065672221988,154.261799999993 -8.6343206652368,41.6067003268563,153.1247 -8.63441772730495,41.6067692259599,152.686700000006 -8.63448964462995,41.6067988977699,152.4954 -8.63477010315322,41.6068200203288,153.414900000003 -8.63487001467743,41.6068200203288,154.061799999996 -8.6349969169827,41.6068631030196,155.014299999995 -8.63504854945027,41.6069179207165,155.143100000001 -8.63512365130297,41.6071792686782,153.649099999995 -8.63523647161781,41.607385966249,153.390599999999 -8.63548692281734,41.6079572765799,152.136299999998 -8.63570602640673,41.6085507153785,144.880399999995 -8.63580627390085,41.6088105548793,142.967099999994 -8.63587366461514,41.6090093732994,142.499599999996 -8.63588003456883,41.6090900072636,142.172200000001 -8.63635998196727,41.6095298898205,146.9087 -8.63658998122271,41.6097598890439,148.662299999996 -8.63644011348722,41.6098599691951,146.439599999998 -8.63654002590976,41.6099598812774,146.715299999996 -8.63670397563562,41.6101875335576,146.610799999995 -8.63684579716112,41.6103764617121,146.050099999993 -8.63697923740499,41.6105546610716,145.455499999996 -8.63706272053928,41.6106993326691,144.887900000002 -8.63708501672464,41.6107689025067,144.278300000005 -8.63707009660608,41.6108699885605,143.016399999993 -8.63698007553315,41.6109600097878,140.970799999996 -8.63690681792172,41.6110679691394,138.400999999998 -8.63669224094307,41.6109864967491,137.261599999998 -8.63655762749942,41.6109301706372,136.167700000005 -8.63630415885887,41.6108346163515,133.436600000001 -8.6362516882631,41.6108012563746,133.081900000005 -8.63619821155426,41.6107818108765,132.566500000001 -8.63616619290259,41.6107818108765,132.105599999995 -8.6361376938502,41.610787007403,131.621799999994 -8.63610550721357,41.6107995799461,130.983999999997 -8.6360927673062,41.6108832313894,129.641099999993 -8.63609125813654,41.6111398852982,127.096399999995 -8.63609897017325,41.6114342581383,124.0766 -8.63610534012694,41.6115782588118,122.556899999996 -8.63611942121901,41.6117002993359,121.330900000001 -8.63614758519981,41.6117598110168,120.768700000001 -8.63620541963611,41.6118209990447,120.034 -8.63627281035039,41.6118741401582,119.402700000006 -8.63641999661475,41.6119499126128,118.800799999997 -8.63655008344769,41.6120000366423,118.612800000003 -8.6366499958702,41.612069941565,118.052899999995 -8.63666508307542,41.6120799999371,117.972999999998 -8.63671453712843,41.6121225800925,117.533299999996 -8.63673783852857,41.6122010347512,116.356 -8.63673783852857,41.6122865300179,114.958400000003 -8.63670012006645,41.6124499771482,112.619200000001 -8.63671001051772,41.612559947546,111.240999999995 -8.63678008360144,41.6126499691015,110.338199999998 -8.63690011199815,41.6127899467122,109.210900000005 -8.63690011199815,41.6128499611064,108.538100000005 -8.63686004623814,41.6129299246908,107.684500000003 -8.6368300389144,41.6130300046255,106.820900000006 -8.63678997405272,41.6131500335829,105.708199999994 -8.63678008360144,41.6133399672066,104.433999999994 -8.6367500762777,41.613620090392,103.205900000001 -8.63674001784146,41.6137699587886,102.893800000005 -8.63678997405272,41.6140100170844,102.763600000006 -8.63687010467437,41.6142799141164,103.284 -8.63691000244943,41.6144100014431,103.405799999993 -8.63701997330817,41.6145499792641,103.210099999997 -8.63716011857734,41.6146798988163,102.521999999997 -8.63753009601531,41.6149399050363,100.332399999999 -8.63763956381751,41.6150259037324,99.5957999999955 -8.63785531399593,41.6152532204676,98.0720000000001 -8.63792086046894,41.6153276517994,97.4630000000034 -8.63794919063807,41.6153856550821,97.1171000000031 -8.63805044424531,41.6154602534888,96.2045999999973 -8.63814130434473,41.6155777681687,95.3678999999975 -8.63830056037326,41.6158189990549,94.179999999993 -8.6385106107412,41.6160736413862,92.6012000000046 -8.6386624907029,41.6162955944789,91.3295000000071 -8.63872652890458,41.6164042238757,91.0534000000043 -8.63879509281861,41.6165472188352,91.2087999999931 -8.63889031154378,41.6167765476464,93.082899999994 -8.63896625152465,41.616970169664,96.172900000005 -8.63900044948921,41.6170357160119,97.2899000000034 -8.63904973465897,41.6170967365127,98.1857000000018 -8.6391330507066,41.6171696593639,99.2596000000049 -8.63934108974664,41.6173376326445,102.536900000006 -8.63938651934718,41.6173361236088,102.572 -8.63942876442005,41.6173250593609,102.394199999995 -8.63951643909347,41.6175441626804,105.1253 -8.63960880746425,41.6178229446085,106.866999999998 -8.63969799130732,41.6180859689545,107.372099999993 -8.63971207329772,41.6181813546796,107.455499999996 -8.63972313694877,41.6185226660438,106.458599999998 -8.63967921561959,41.6190892822629,104.240600000005 -8.63964954426573,41.6194745146236,103.399699999994 -8.63962909232167,41.6196044343295,103.612800000003 -8.63958533897745,41.6197657018596,104.310899999997 -8.63950068174505,41.6199519479921,103.002900000007 -8.63939741591158,41.6201288060056,100.539900000003 -8.63927369903232,41.6203385216508,96.6564000000071 -8.639209661729,41.6204982803982,94.2455000000045 -8.63911259876255,41.6207706920667,91.5044000000053 -8.63909684141413,41.6209053059178,90.7394000000058 -8.63905459634126,41.6210665735526,90.4391000000032 -8.63901704586409,41.6211244084901,90.4340999999986 -8.6389692689657,41.6211845904007,90.4106000000029 -8.63895434884714,41.6212246563534,90.3831999999966 -8.63894194401139,41.6212856762484,90.3598999999958 -8.63894395533929,41.6213306033902,90.3359000000055 -8.6391250044966,41.6214767839328,90.1201000000001 -8.63945223380516,41.6217193559652,90.1606000000029 -8.63988423721854,41.6220480943733,92.0213999999978 -8.63998767013867,41.6221263811645,92.5170999999973 -8.6400300822982,41.6221399601324,92.6285999999964 -8.64023007422991,41.6221999745565,92.4628999999986 -8.64067180100791,41.6223205062101,89.3377000000037 -8.64098645749575,41.6224519344705,86.0264000000025 -8.64115862141658,41.622497364443,84.8666999999987 -8.64127999189632,41.6225500025188,84.1070000000036 -8.64161007066093,41.6227000388633,81.8464999999997 -8.6418000050547,41.6227898924878,80.4242999999988 -8.64190226387676,41.6228323050795,79.6643999999942 -8.64222630865764,41.6230296150277,77.9015999999974 -8.64250022924228,41.6232252489381,76.5663000000059 -8.64261757616785,41.6232988417474,75.8747000000003 -8.6427307315543,41.6233430986573,75.2856000000029 -8.64294011177904,41.6234299349426,74.2909999999974 -8.64305444036523,41.6234492134497,73.7079999999987 -8.64315921447009,41.623478884974,73.1438000000053 -8.64318436011151,41.6234899495091,73.0194000000047 -8.64323599257912,41.6235149271346,72.7939000000042 -8.6432767284823,41.6235492931781,72.6126999999979 -8.64331578812916,41.6235932141596,72.4355999999971 -8.64344419870575,41.6237278274907,71.8224000000046 -8.64349734034304,41.6238046060444,71.2792999999947 -8.64353019712285,41.6238954660657,70.7660000000033 -8.64354595536956,41.6239125647138,70.6294000000053 -8.64358199757541,41.6239031770106,70.517200000002 -8.64373538670679,41.6238451746733,70.1110000000044 -8.64385273273404,41.6237826456293,69.8463000000047 -8.64393889913609,41.6237293363768,69.6851000000024 -8.64400461359409,41.6236777038455,69.4505999999965 -8.64405306063565,41.6236322740331,69.2170999999944 -8.64415951099683,41.6237263192761,68.6067999999941 -8.64413453244204,41.6237638701837,68.596000000005 -8.6440984902362,41.6238108087875,68.5967999999993 -8.64404216407126,41.6238890954533,68.5543000000034 -8.64398583790632,41.6239767703893,68.4452000000019 -8.64394828653082,41.6240362814872,68.2623000000021 -8.64390000657589,41.6241199332229,67.8821999999927 -8.64387318467812,41.6242067698051,67.3812999999936 -8.64380579486213,41.6243164052214,66.9719999999943 -8.64370722362432,41.6244260404513,66.8727000000072 -8.6436163635249,41.6245167323927,66.994200000001 -8.64340966566959,41.6246374316203,67.8672999999981 -8.64330321530845,41.6247125336955,68.3423999999941 -8.6431342359153,41.6248439617809,69.0043000000005 -8.64301269834894,41.6249220813319,69.4456999999966 -8.64273978387742,41.6250662499844,70.8028999999951 -8.64258002479235,41.6252025396519,71.6736999999994 -8.64251263407803,41.6252776417403,72.125 -8.64244692051835,41.6254013585805,72.4811000000045 -8.64241573999487,41.6255453596312,72.4661000000051 -8.64238120606038,41.6257456870131,72.3920999999973 -8.64238455857302,41.6259735071838,71.9551000000065 -8.64238455857302,41.6262531276172,71.2632000000012 -8.64230794844896,41.6268318142404,73.2580000000016 -8.64232337072576,41.6277652231625,74.1876999999949 -8.64232219752602,41.6283045142058,69.5623000000051 -8.64232487989545,41.6287998846761,64.570000000007 -8.64235455214761,41.6288265395619,64.2538999999961 -8.64235622840392,41.6289344985516,63.3613000000041 -8.64231398333105,41.6292851969957,61.3657999999996 -8.64228095856626,41.6293916471353,61.0525999999954 -8.64221524410829,41.6295089940815,60.7477000000072 -8.64205397675183,41.6298645540376,59.7286000000022 -8.6420243044997,41.6299912889555,59.0041999999958 -8.64191936330821,41.6301195316892,58.2004000000015 -8.64183956775814,41.6302432486386,57.6745999999985 -8.64173630282296,41.630391943669,57.0426000000007 -8.64168299320075,41.6304734157181,56.8794999999955 -8.6416751149757,41.6305094579975,56.8138999999937 -8.64169238149378,41.6305657844679,56.732600000003 -8.64176278964912,41.6307129707032,56.5467999999964 -8.64186622167095,41.6309322413801,56.2434000000067 -8.6419257332619,41.6310839535922,55.9851999999955 -8.64193344529861,41.631144973557,55.858699999997 -8.64192724243155,41.6311904034473,55.7572999999975 -8.64187460385087,41.6315062336628,55.3073000000004 -8.64184929022446,41.6316581137241,55.2351999999955 -8.64184929022446,41.6317489740923,55.1937000000034 -8.64185230766551,41.6318234051851,55.179999999993 -8.64187460385087,41.6318783903401,55.179999999993 -8.64193126598572,41.6319439369775,55.179999999993 -8.64216210336933,41.6320973253692,55.2893999999942 -8.64234231439848,41.6321896944779,55.4796999999962 -8.64237064456761,41.6322180251766,55.6410999999935 -8.64238254724511,41.6322448471762,55.7212 -8.64238388842982,41.6322939650849,55.7596999999951 -8.64235723361871,41.632365378852,55.6545999999944 -8.64228263482258,41.6325085418586,55.6117999999988 -8.64222764984234,41.6325903489565,55.5832999999984 -8.64217501126165,41.6326548897565,55.5685999999987 -8.64209001895767,41.6327299918923,55.5262999999977 -8.64199010653513,41.6328099549985,55.642399999997 -8.64184007081471,41.6328999764875,55.8840000000055 -8.64110011593875,41.6332999611823,56.9475999999995 -8.6406900736391,41.6335599675274,57.1717000000062 -8.6404900808091,41.6336598798232,57.3558000000048 -8.64023996557948,41.6337400109705,57.5194999999949 -8.64009009694569,41.6338099158281,57.6806999999972 -8.63991005390149,41.6339099962592,57.8502000000008 -8.63974006839523,41.634090039396,58.0391999999993 -8.63953990847857,41.6342868462543,58.0041999999958 -8.63924721220617,41.6345733399924,57.5755999999965 -8.63913137445028,41.6346657082385,57.4569000000047 -8.63903431238217,41.6347361163112,57.353099999993 -8.63890120720988,41.6348112180363,57.3108999999968 -8.63882761452686,41.6348598331285,57.3185999999987 -8.63872736703274,41.6349176684502,57.3331999999937 -8.63863198122091,41.6349850590024,57.4579999999987 -8.63856140508061,41.6350539581051,57.5902999999962 -8.63851010768462,41.6351099496079,57.7027999999991 -8.63847691583321,41.6351823686861,57.8583999999973 -8.63844875275074,41.6352794310975,58.0681999999942 -8.63846451009912,41.6356143724708,58.6500999999989 -8.63846132557144,41.6359853553495,59.0899999999965 -8.63846451009912,41.6361560107984,59.2366000000038 -8.63846601926882,41.6363970740679,59.4823999999935 -8.63843316248898,41.6366052805828,59.7428999999975 -8.63838303829274,41.6367023435369,59.8714000000036 -8.63835168978429,41.6368339391931,60.1339000000007 -8.63834012307666,41.6370500248694,60.770399999994 -8.63833006464043,41.6371998931966,61.4894000000058 -8.63831564757845,41.6373128808227,62.0399999999936 -8.63822998513126,41.6375400303739,63.4149000000034 -8.63819008735624,41.6377899793532,64.8656999999948 -8.63820617977625,41.6382850144304,67.016300000003 -8.63823585202837,41.6385104875326,67.6266000000032 -8.63824373115175,41.638652979633,68.0130999999965 -8.63829217819334,41.6388236354033,68.4878000000026 -8.63834548781556,41.6389300852324,68.7514999999985 -8.63840499850818,41.6391101291159,69.1548000000039 -8.63847389839215,41.6392494363502,69.5077000000019 -8.63853173372678,41.6393480071994,69.7896000000037 -8.63865226518003,41.639455966023,70.2382999999973 -8.63872904328906,41.6395139690853,70.5384999999951 -8.63878687862369,41.6395203388251,70.8260000000009 -8.6388745532971,41.6395233565294,71.2439000000013 -8.63899827017632,41.6395483346565,71.8813999999984 -8.6390780657264,41.6395687865567,72.4847000000009 -8.63919239521092,41.6396172342519,73.4667000000045 -8.63928945727904,41.6396581373307,74.304999999993 -8.63950855997009,41.6398427073926,76.7002999999968 -8.63956958073073,41.6398770727886,77.343200000003 -8.63961199289022,41.6398881371948,77.8540999999968 -8.63961350205992,41.6399585449332,78.1619000000064 -8.63950235800136,41.6400242592452,77.4370999999956 -8.63937394652648,41.6401699368644,77.1772999999957 -8.63935835626472,41.6403561824633,78.1203999999998 -8.63936305086038,41.6404923048678,79.4556000000011 -8.63936305086038,41.6405456136858,80.0310999999929 -8.63928627185306,41.6405612041252,79.6921000000002 -8.63922458184756,41.6405690829248,79.3784000000014 -8.63926012099682,41.6406399940919,80.4177000000054 -8.63922005523681,41.6407300153863,81.0967999999993 -8.63916004058933,41.6408099786376,81.497199999998 -8.6390899684039,41.6409000003659,81.9198000000033 -8.63891009244637,41.6409799640776,81.4392999999982 -8.63881001293717,41.6410500363002,81.3888000000006 -8.63871010051466,41.641169897635,81.8248000000021 -8.63859996167093,41.641359999136,82.4977000000072 -8.63853005657214,41.6414699699116,82.8013999999966 -8.63858001278343,41.6415199259898,83.5236000000004 -8.63874999828968,41.6416099473976,85.7532999999967 -8.63885007779885,41.6416899108997,87.542300000001 -8.63894999022139,41.6417698743025,89.2988999999943 -8.6390001144176,41.6418598960325,90.8421999999991 -8.63902006330511,41.6419599760474,92.3347000000067 -8.63896004865762,41.6420999538117,93.2024999999994 -8.63891009244637,41.6421599677812,92.8975999999966 -8.63885996825013,41.6422099239958,92.4729999999981 -8.63888008512259,41.642239931272,92.8585000000021 -8.63896004865762,41.6422699385342,94.0838999999978 -8.63925341507323,41.6422831822996,97.4327000000048 -8.63932080578751,41.6423224094198,98.3898999999947 -8.63923463938546,41.6425118402329,97.8622000000032 -8.63918920978491,41.6426291867898,97.3840999999957 -8.63916104670244,41.6426965773344,97.0984999999928 -8.6391625549738,41.6427311110507,97.1855999999971 -8.63916574039981,41.6428045365901,97.3711000000039 -8.63922005523681,41.6429599372363,98.9692000000068 -8.63933002609559,41.6430600168854,101.464999999997 -8.63936003341933,41.6431599292231,102.665699999998 -8.63913003326558,41.6433599212604,100.790500000003 -8.63905007062889,41.6434299942516,100.094299999997 -8.63901000486888,41.6435699715078,100.184899999993 -8.63905996108016,41.6437200079386,101.548999999999 -8.63911729335821,41.643828301802,102.669800000003 -8.63918133066157,41.6440522665667,104.285300000003 -8.63908275942373,41.6442494088612,103.814899999998 -8.63897161536521,41.6444795762733,103.763800000001 -8.63886198047636,41.6446111721598,104.214999999997 -8.63882912279822,41.6446845975707,104.672000000006 -8.63878687862369,41.6448396627359,105.617100000003 -8.63880095971575,41.6449695823469,106.075400000002 -8.63884488104494,41.6450181971605,106.666599999997 -8.63896843083754,41.6450745237065,108.296499999997 -8.63890271637957,41.6451652154643,107.557000000001 -8.63887773782478,41.6452998287268,106.792499999996 -8.63888712611781,41.6454235460755,106.558499999999 -8.6388980226822,41.6455440779435,106.456200000001 -8.63891528920028,41.6456506952325,106.442999999999 -8.63888243242044,41.6457774299901,106.098899999997 -8.63878067575663,41.6459511030924,105.018800000005 -8.63871965589432,41.646048165396,103.510200000004 -8.63867271712409,41.6461750671913,101.896299999993 -8.63866953169811,41.6462297172185,101.428799999994 -8.63868679821619,41.6463566193274,100.902499999997 -8.63874781897679,41.646530292211,100.782099999997 -8.63877598205926,41.6466352337138,101.453399999999 -8.6388120242651,41.6468466252227,102.714699999997 -8.63882761452686,41.6469748686551,103.748600000006 -8.63881353253646,41.6470516470433,104.089200000002 -8.63881353253646,41.6471126673302,104.551200000002 -8.63869769478058,41.6471800572131,103.941900000005 -8.63852385460341,41.6471815662216,102.917799999996 -8.63799478822357,41.6471926307162,102.459799999997 -8.6377129894139,41.6472207937161,103.101299999995 -8.63760033618569,41.6472504657106,103.436700000006 -8.63732641560105,41.6473287527754,103.6976 -8.63716514824463,41.6474102248963,103.0769 -8.63703204307233,41.6475166746376,102.336299999995 -8.63656869115047,41.647812388399,98.2099000000017 -8.63644966886691,41.6479032481453,97.224000000002 -8.6363510976291,41.6480395378603,97.1499999999942 -8.63631354625357,41.6481349242447,97.4716000000044 -8.63625872835999,41.6483149672463,98.1526000000013 -8.63618832110299,41.6485811764736,98.6156999999948 -8.63611774496269,41.6488111760374,98.9496000000072 -8.63599419606839,41.6489944042357,99.0152999999991 -8.63585639719876,41.6491275085899,99.760500000004 -8.63558867948116,41.6494436744633,100.823999999993 -8.63537577875883,41.649631596869,98.5763000000006 -8.63521132597639,41.6497583311795,95.8671999999933 -8.635133039596,41.6498679660981,94.5602999999974 -8.63499071411564,41.6500401306433,92.4753999999957 -8.63481536476881,41.6502624185498,89.715400000001 -8.63463062802728,41.6505096849373,88.3751000000047 -8.63458519842674,41.6506054059651,88.8313999999955 -8.63458201300073,41.6507383432106,89.7788 -8.63462442516022,41.6508823440427,90.9330999999947 -8.63462090466263,41.6510011997121,92.0041000000056 -8.63457949861625,41.6511254196006,93.1646999999939 -8.63451881292724,41.6511993477188,93.6638999999996 -8.63440062877183,41.6512732764233,93.8227999999945 -8.63435335492998,41.6513324522158,94.0963000000047 -8.63428009642025,41.651419959609,94.3657999999996 -8.63419007534732,41.6515498787038,94.9783000000025 -8.63401003140483,41.6518201112734,95.0504999999976 -8.63389687601838,41.6519803732795,96.6205999999947 -8.63384457340757,41.6520658688287,97.3629999999976 -8.63379880783711,41.6521491848284,98.3328000000038 -8.63374616925643,41.6522261308946,99.0396000000037 -8.63368716072202,41.652285977697,99.1837999999989 -8.63364826906012,41.6523491771539,99.3101000000024 -8.63362949337235,41.6524101977928,99.2768999999971 -8.63362278744878,41.6524661883111,99.3874999999971 -8.63360736517198,41.6525952696386,99.6428000000014 -8.63360669502878,41.6527144604371,98.9174000000057 -8.63361272991085,41.6528691908082,97.8021000000008 -8.63361356803901,41.6529727909824,96.9315000000061 -8.63363351692651,41.6530978487606,96.0488999999943 -8.63364977733148,41.6531843503047,95.5301000000036 -8.63366888809083,41.6533558435094,94.8680000000022 -8.63367492297293,41.653443015909,94.4899000000005 -8.63370291896874,41.6535199617721,94.6744999999937 -8.63374281674376,41.6536101509941,94.9177999999956 -8.63377383018065,41.6536810619043,95.1343000000052 -8.63379461719632,41.6537564986287,95.4541999999929 -8.63380936932992,41.6538554050339,96.1062999999995 -8.63380199326312,41.6539958858576,96.7280000000028 -8.63379998103689,41.6540838957137,97.5084000000061 -8.63378640300136,41.6541690562299,98.1205000000045 -8.63377718269328,41.6542072773772,98.3423999999941 -8.63375170198025,41.6543536256686,99.3709999999992 -8.63372957377985,41.6544451561061,99.9447999999975 -8.63360384467435,41.6545175756049,98.8132999999943 -8.63347828355386,41.6545589820142,97.2342999999964 -8.63334383809516,41.6546196669785,95.6404000000039 -8.63325063159622,41.6545901628197,94.2877000000008 -8.63309690739322,41.6545457387586,92.2079999999987 -8.63293731629311,41.6544999736276,90.3608999999997 -8.63266674822111,41.654434929833,88.2452000000048 -8.63254420454163,41.6543876557836,87.4774999999936 -8.63189376858038,41.6542014104711,81.9441999999981 -8.63128926617456,41.653960346686,77.6891000000032 -8.63121232008058,41.6539501210071,77.3203000000067 -8.63121584057817,41.6538855800553,77.1986999999936 -8.63121869003426,41.6538575844123,77.1521000000066 -8.63124534484537,41.6537923735118,77.1391000000003 -8.63129412785688,41.6536770380639,77.1512999999977 -8.63122170747531,41.6536592687282,76.7583000000013 -8.63117728398788,41.6537746035368,76.783500000005 -8.63114627055099,41.6538264039234,76.7479000000021 -8.63111374884278,41.6538471909176,76.6386000000057 -8.63105306405208,41.6538500408228,76.3601000000053 -8.63091995977809,41.6538099750113,75.6779999999999 -8.63091828262348,41.6538421616336,75.7287999999971 -8.63083831998678,41.6538274093777,75.364499999996 -8.63076455931881,41.6538289182305,75.0552000000025 -8.63067436936259,41.653852555129,74.7097000000067 -8.63056641073004,41.6538879272319,74.4912999999942 -8.63046146953855,41.6539310100245,74.2488000000012 -8.63035652744877,41.6539826424862,74.043399999995 -8.63025594488303,41.6540431595234,74.0528000000049 -8.63017765760431,41.6541083708411,74.1327000000019 -8.63009048598747,41.6542101272663,74.2896999999939 -8.6300033143706,41.6543122191273,74.4799000000057 -8.6298938465684,41.6544304039885,74.7795999999944 -8.62983768838842,41.6544837126851,74.9134999999951 -8.6297327462986,41.654563508521,75.0613000000012 -8.62963518117391,41.6546064237353,75.0798000000068 -8.62946083794019,41.6546847105865,75.0999000000011 -8.62917853517564,41.6548976113578,75.2548999999999 -8.62903956310624,41.6549936674987,75.2620000000024 -8.62890796710364,41.65509860931,75.209600000002 -8.62878022756859,41.6552062329994,75.2309999999998 -8.62870713704378,41.6552855252244,75.3307000000059 -8.62866556301244,41.6553867790885,75.5791000000027 -8.62862130661164,41.6555374853567,76.1836000000039 -8.62858124085166,41.6557046203765,76.8368000000046 -8.62857101443047,41.6558583448538,77.1313999999984 -8.62856648871806,41.6559691533441,77.3130999999994 -8.62856799698942,41.6560667187009,77.3687000000064 -8.62858006765192,41.6561399766859,77.418399999995 -8.62861007407733,41.6562199402766,77.489499999996 -8.62866405384275,41.6563119734545,77.693299999999 -8.62876581050656,41.6564839697636,78.2116999999998 -8.62881995735864,41.656581032306,78.7902000000031 -8.62886656105726,41.6566757482982,79.3920999999973 -8.62888868925766,41.656777671815,79.9853000000003 -8.62887997200613,41.6568457328214,80.3098999999929 -8.62884745029791,41.6569535240675,80.7811999999976 -8.6287986672864,41.6570718765713,81.2412999999942 -8.62871434512562,41.6572624815063,81.8224000000046 -8.62866254557139,41.6573851919605,82.1972999999998 -8.62858425829271,41.6574827578568,82.5031000000017 -8.62849557750618,41.6575595358024,82.813599999994 -8.62838326024789,41.6576514012899,83.0684999999939 -8.62822802777353,41.6577650604541,83.4278000000049 -8.62788805765931,41.6580089738147,84.417300000001 -8.62747717633317,41.6582808826685,84.0283999999956 -8.62733669599241,41.6583784478791,83.6650999999983 -8.62724516574982,41.6584553938865,83.5286999999953 -8.62720224963542,41.658505517334,83.5573000000004 -8.6271623518604,41.6585662026067,83.5869999999995 -8.62711943664433,41.6586505243022,83.6208999999944 -8.62707518024353,41.6587598246205,83.644100000005 -8.62701164599675,41.6589105310498,83.6248999999953 -8.62690066902486,41.6591765723289,82.5954999999958 -8.62683864304944,41.6593805884668,79.805600000007 -8.62681936430513,41.6595314625703,76.6594999999943 -8.62682540008553,41.6596585317636,74.2216000000044 -8.62683713477808,41.6597576062854,72.5233000000007 -8.62687703255313,41.6598846757036,71.7148000000016 -8.6269199477692,41.6599926350159,72.0497000000032 -8.62693771734382,41.6600871829055,71.787599999996 -8.62691693032815,41.6601684872146,71.2724000000017 -8.62686663904528,41.6602393976156,70.3205000000016 -8.62682087347482,41.6603265694234,69.7963000000018 -8.62678986003796,41.6603976481039,69.7209000000003 -8.62677209046331,41.6604908551555,71.0326999999961 -8.6267662235662,41.6605867438973,72.5832999999984 -8.62677510790436,41.6606563135978,73.8163999999961 -8.62679572783337,41.6607168310756,75.2422999999981 -8.62684752828593,41.6607966265714,77.4486000000034 -8.62690066902486,41.6608542943223,79.047900000005 -8.62700410194499,41.6609518596609,81.4109000000026 -8.62709144154682,41.6610316555366,82.6866000000009 -8.62725103264693,41.6611868880595,84.5378999999957 -8.62731456779204,41.6612371798456,84.9925999999978 -8.62740475684993,41.6613022234818,85.6986000000034 -8.62750517232901,41.6613510058302,86.414300000004 -8.62762050702836,41.6614071644095,87.2835999999952 -8.62768705961448,41.6614411954955,87.8942999999999 -8.62771656388169,41.6614780754599,88.3377999999939 -8.62773148310191,41.6615357432717,88.9808000000048 -8.62772997483055,41.6615992779356,89.6622000000061 -8.62771069608625,41.6617514930983,91.1432999999961 -8.62769443568128,41.6619037085722,92.1388000000006 -8.62768119181904,41.6620190433818,92.7695999999996 -8.62768856788584,41.6620589416774,93.127999999997 -8.62763240970587,41.6620797286991,92.5344000000041 -8.62760139626901,41.6620545828044,92.0448999999935 -8.62756283967868,41.6620398304163,91.5577000000048 -8.62749779626221,41.66201602606,90.7648999999947 -8.62739888995279,41.661992389473,89.6640999999945 -8.62727165257597,41.6619704286465,88.4930000000022 -8.62713720621895,41.6619509824737,87.4431000000041 -8.62704265853531,41.6619422653839,86.7707999999984 -8.62694207596957,41.661948132927,86.2577000000019 -8.62684752828593,41.6619732781922,85.8076000000001 -8.62667016671287,41.6620337957745,85.043399999995 -8.62636992728704,41.6621285111296,83.6861999999965 -8.6262773909313,41.6621670678067,83.3185999999987 -8.62622441727899,41.6622044513594,83.1212999999989 -8.62612349874334,41.6623144221242,82.8965000000026 -8.62607555475832,41.6623585106412,82.8212000000058 -8.62602375430576,41.6623796331206,82.7406000000046 -8.62590305486755,41.6623878474908,82.5779000000039 -8.62560952046702,41.6623814773273,82.3485999999975 -8.62543785960274,41.6623849972923,82.3619000000035 -8.62537583362732,41.6623985765036,82.402700000006 -8.6253238651898,41.6624245598071,82.4900999999954 -8.62528597964102,41.6624619432104,82.6012999999948 -8.62523317307537,41.6625288311541,82.804999999993 -8.62516662138754,41.6626320963443,83.1386999999959 -8.62507525823158,41.6628144859436,83.8462 -8.62504173041021,41.6629117161162,84.2600999999995 -8.62502446389213,41.6629871534378,84.5475000000006 -8.62502245256423,41.6630585674168,84.7715999999928 -8.62502949355942,41.6631500975629,85.0237999999954 -8.62503133690239,41.6632329106638,85.1913000000059 -8.62501423836927,41.6633148861268,85.3945999999996 -8.62496579042935,41.663471460038,85.748900000006 -8.62489974089976,41.6636241781235,85.9134000000049 -8.62477736520523,41.6639172094027,86.3402999999962 -8.62473730034359,41.6639946581509,86.5271000000066 -8.62469119970151,41.6641091550495,87.0812000000005 -8.62466890351615,41.6641959914426,87.4685000000027 -8.62463420249504,41.6643037824656,87.954899999997 -8.62459531083314,41.6643686585876,88.2713999999978 -8.62454870713452,41.6644261587232,88.5507999999973 -8.62447544952309,41.6644893583472,88.8632999999973 -8.62435910871066,41.6645612746457,89.2124999999942 -8.6242845099145,41.6646045254517,89.4349999999977 -8.62419733739933,41.6646667189445,89.7841000000044 -8.62415693656773,41.6647136579596,89.9967999999935 -8.62413313211105,41.6647651227302,90.1923999999999 -8.62410848952617,41.6648558149522,90.4861999999994 -8.62409826400328,41.6650102094708,90.8365000000049 -8.62409289926441,41.6651407997469,91.1468000000023 -8.62410329277223,41.6653399538204,91.7017999999953 -8.62413363516759,41.6654988742583,92.2225999999937 -8.62417655038366,41.6656140415703,92.5957999999955 -8.62430563200178,41.6658804188761,93.6676000000007 -8.6244221407992,41.6661541714749,95.2820999999967 -8.62456094488364,41.6664061320338,97.146900000007 -8.62469539034231,41.6666455192189,99.4376000000047 -8.62474266418412,41.6667623628086,100.600699999995 -8.62479882326243,41.6669544757917,102.383300000001 -8.62484324764819,41.6671303284389,103.603099999993 -8.62486688411996,41.6672619243569,104.232900000003 -8.62483721186779,41.6673490960527,104.512499999997 -8.62480402001638,41.6674092777519,104.553799999994 -8.62474417335381,41.6675485848624,104.653699999995 -8.62470712503485,41.6676107788666,104.691699999996 -8.62467175387054,41.6676654288263,104.686700000006 -8.62462146168937,41.6677955157961,104.689400000003 -8.62462297085906,41.6678709534353,104.7065 -8.62460520128441,41.6679403555558,104.751000000004 -8.62455491000154,41.668060048756,104.841400000005 -8.62445885314821,41.6682773080517,104.891900000002 -8.62436430546457,41.6684546689511,104.720400000006 -8.6243435184489,41.6685864326072,104.362500000003 -8.62433178375635,41.6687518910498,103.855299999996 -8.62430077031946,41.6688479479998,103.335099999997 -8.62425936427308,41.6689056152505,102.918000000005 -8.62420018775372,41.6689632824494,102.393500000006 -8.62408636132577,41.6690253086692,101.586200000005 -8.62382920420264,41.6691612631322,99.4155000000028 -8.62380338841802,41.6691745067375,99.1797999999981 -8.62378561884337,41.6691879180996,98.9848000000056 -8.62377824277657,41.6692137342591,98.7566999999981 -8.62377321310932,41.6692385445234,98.5478000000003 -8.623814620054,41.6693346007473,98.2948999999935 -8.6238595474963,41.6693812041967,98.3911999999982 -8.62398225826244,41.6694635147305,98.8249999999971 -8.62402349722219,41.6694997244339,98.9446999999927 -8.62404495438106,41.6695278877461,98.9756999999954 -8.62404948099177,41.6695567214088,98.898000000001 -8.62404059575531,41.6695994689391,98.7421000000031 -8.62402031179619,41.6696586453405,98.4744000000064 -8.62396180631835,41.6698333243495,97.7575999999972 -8.62389592477376,41.6700002920874,97.5518000000011 -8.62385217142953,41.6700958452456,97.4321000000054 -8.62379316199683,41.6701828493735,97.3230999999942 -8.62373264519106,41.6702458816294,97.2403000000049 -8.62365167554295,41.6702919818204,97.1594000000041 -8.6235048252485,41.6703717775286,97.0685999999987 -8.62341379716413,41.6704406770397,97.0620000000054 -8.62335713592757,41.6705057207731,97.0981000000029 -8.62329930059294,41.6705908810466,97.1943000000028 -8.62325923483297,41.6706681620637,97.3190999999933 -8.62322520485339,41.6707026955476,97.4147999999986 -8.62319218008859,41.6707189564209,97.4247000000032 -8.62312629854396,41.6707288466105,97.366200000004 -8.62300794550527,41.670721638495,97.1493999999948 -8.62278163473237,41.6706959900247,96.7317999999941 -8.62255901064543,41.6706798962301,96.4057999999932 -8.62244937575657,41.6706948164071,96.3084999999992 -8.62235030146219,41.6707435990208,96.3574999999983 -8.62226765645605,41.67079674055,96.2848999999987 -8.62218182512559,41.670854408068,96.2292000000016 -8.62193506240863,41.671018693109,97.747199999998 -8.62187337150479,41.6710527238122,98.5160000000033 -8.62169701604485,41.6711264841168,100.622300000003 -8.62163197262841,41.6711692319468,101.686600000001 -8.62158620705792,41.6712225408788,102.792300000001 -8.62146349629181,41.6711516298236,102.107000000004 -8.62143248285495,41.6711264841168,101.701799999995 -8.62136894860814,41.6711175998438,101.525599999994 -8.6212965291249,41.6711204496557,101.516000000003 -8.62122695909772,41.6711264841168,101.533899999995 -8.62118890466564,41.671131010801,101.287700000001 -8.62102143444219,41.6711745967284,100.472999999998 -8.6209010709739,41.6712218705332,99.8285000000033 -8.62078975893039,41.6712929492649,99.2725999999966 -8.62072404447242,41.6713437431292,99.1698999999935 -8.62067107082012,41.6713762652189,99.0500000000029 -8.62061139214255,41.6713965493266,98.7949999999983 -8.62055556813582,41.6714119719274,98.5037000000011 -8.62049723064298,41.6714170011815,98.0494999999937 -8.62044760950331,41.671416330838,97.5978999999934 -8.62038139288706,41.6714061045757,96.9370000000054 -8.62030377575159,41.6713854849636,96.3203999999969 -8.62022984799695,41.671345754833,95.4943000000058 -8.62017234773394,41.6713068627764,94.7669000000024 -8.62009825199435,41.6712662944981,93.9704999999958 -8.62004477528551,41.6712465129406,93.5463000000018 -8.62000655376681,41.6712332697615,93.2678000000014 -8.61996078819631,41.6712287437555,93.0650000000023 -8.61989088399585,41.6712299166923,92.8399999999965 -8.61985534394828,41.6712463458575,92.866200000004 -8.61979717354207,41.6712808790312,92.9755000000005 -8.61977202790062,41.6713170890544,93.1845999999932 -8.61974336176157,41.6713442463906,93.2899999999936 -8.61967546888904,41.6714268919348,93.5996000000014 -8.61955862502004,41.6715853095214,94.495299999995 -8.61941462418169,41.6717951925794,96.1290000000008 -8.61932041156964,41.671907678011,96.7412999999942 -8.61927313772781,41.671940366897,96.7146000000066 -8.61926123505027,41.6719787559854,97.0433000000048 -8.61926559367606,41.6720570431901,97.8791999999958 -8.61927883663997,41.6721152135055,98.8441000000021 -8.61928654867668,41.6721492443,99.4302000000025 -8.61928671576331,41.6721844479959,99.9673000000039 -8.61927799851181,41.6722054028552,100.193799999994 -8.61925788253764,41.6722330630712,100.391900000002 -8.61918864758207,41.6723192289092,100.757199999993 -8.61912930397609,41.6723708613904,100.566500000001 -8.61904581994347,41.6724265178413,99.9557000000059 -8.61894205195175,41.672492734495,99.1974000000046 -8.61883074080658,41.6725550961705,98.2428000000073 -8.61874591558922,41.6726089078773,97.4103999999934 -8.61871188471131,41.6726414293278,97.4018999999971 -8.61868791316797,41.6726719397706,97.5369000000064 -8.61866662309572,41.6727120052542,97.7657000000036 -8.61864918859269,41.6727597818515,98.075800000006 -8.61863460354575,41.6728474567336,98.7792999999947 -8.61863527458728,41.6729265816302,99.6823000000004 -8.61863577764382,41.6729971572441,100.593399999998 -8.61863242423285,41.6730496279284,101.207399999999 -8.61862370787965,41.6730858382985,101.516000000003 -8.61859738814016,41.6731297590715,101.594200000007 -8.61855078444154,41.6731844090431,101.502099999998 -8.61850032607201,41.6732311801383,101.410499999998 -8.61846612810747,41.6732474410439,101.056400000001 -8.61842924687518,41.6732571644381,100.608900000007 -8.61829731580096,41.6732844893756,99.0063999999984 -8.61825926226722,41.6732997444464,98.6359999999986 -8.6182238911029,41.6733208666913,98.3776999999973 -8.61811408733079,41.6734263107345,98.2734999999957 -8.61805424066823,41.6734777759215,98.0412999999971 -8.61803211246786,41.6734985626116,97.9333999999944 -8.61805122322721,41.6737721479477,100.790299999993 -8.61804837377112,41.6738417181635,101.422200000001 -8.61803362163751,41.6738819513373,101.566999999995 -8.61797075753394,41.6739575556301,101.258000000002 -8.6178297732383,41.6741449750657,102.4329 -8.61779574325872,41.6741927519413,102.827099999995 -8.61778954039167,41.6742155506856,103.112899999993 -8.617768753376,41.6743253539897,104.550600000002 -8.61773421944155,41.6746162061984,108.265700000004 -8.61768845476938,41.6748156953022,109.616899999994 -8.6175806632235,41.674902196527,108.713600000003 -8.61749432973479,41.6750443538358,108.626499999998 -8.61740313456378,41.6752386462558,108.784 -8.61738100636338,41.675291787429,108.836800000005 -8.61737212202522,41.6753952200212,109.269700000004 -8.6173838567178,41.6755253068033,109.559699999998 -8.61739726766667,41.6756937835501,109.880699999994 -8.61740900235922,41.6757794462255,109.995899999994 -8.61741185181531,41.6758101242649,110.024699999994 -8.61742241330809,41.6758726531522,110.143599999996 -8.61746231108311,41.6759495990542,110.627299999993 -8.61748142184249,41.6759775944867,110.810400000002 -8.61752584532992,41.6760263771226,111.251499999998 -8.61756859345934,41.6760677837923,111.670100000003 -8.61763514604547,41.6761328272076,112.342099999994 -8.6176943216665,41.6762199989686,112.944699999993 -8.61776975948911,41.6763619889809,113.336500000005 -8.61787604186534,41.6765452173021,113.666899999997 -8.61793236803027,41.676672286467,113.715800000005 -8.61797813360073,41.6767343126392,113.9041 -8.61805357052502,41.6768082415535,114.263300000006 -8.61820578555833,41.6768940718268,115.109800000006 -8.6182736793292,41.67693531087,115.464200000002 -8.61841851829574,41.6769886197233,116.3851 -8.6185589995348,41.6770300264449,117.378599999996 -8.61873937765061,41.6770890349861,118.647200000007 -8.61888572578678,41.6771703392967,119.402499999997 -8.61909845852418,41.6772975769784,119.660000000003 -8.61920842938293,41.6773453535267,119.933199999999 -8.61930716770739,41.6773772049865,120.497799999997 -8.61940003913471,41.677401009702,121.068700000003 -8.6193896456269,41.6774808053199,120.103300000002 -8.61934689839578,41.6774764468201,119.853099999993 -8.61928772187642,41.6774734288808,119.467199999999 -8.6192183198342,41.6774675614106,119.043399999995 -8.61915461760246,41.6774749378505,118.554900000003 -8.61909845852418,41.6775059505573,117.977199999994 -8.61905118468233,41.6775371316578,117.496499999994 -8.61895663699869,41.6776375467357,116.741500000004 -8.61885907097567,41.67776009021,116.687399999995 -8.61883828396,41.6778311684313,116.760200000004 -8.6188443188421,41.6778754254655,116.856799999994 -8.61886058014536,41.6779153226572,116.979399999997 -8.61891087142823,41.6779714815492,117.187999999995 -8.61908823210296,41.6781252058742,117.324900000007 -8.61926559367606,41.6782863061787,117.229500000001 -8.61934388095474,41.6783825300557,117.116899999994 -8.61940741520151,41.6784992060771,117.148000000001 -8.61948871992125,41.6786765676632,117.638699999996 -8.61957589153812,41.6788836002714,118.092000000004 -8.61964244412425,41.6790327983022,118.510899999994 -8.61967798327352,41.6791496422201,118.991800000003 -8.61969122623743,41.6792309466112,119.349600000001 -8.61970597837103,41.6794482057768,120.349499999997 -8.61971637277718,41.6799004927291,122.306599999996 -8.61972223967432,41.6799802886026,122.624400000001 -8.61973112491078,41.6800423149414,122.881299999994 -8.61976364661903,41.6800941149966,123.144199999995 -8.61980505266541,41.6801621761815,123.567899999995 -8.61989373345194,41.6802758345232,124.491099999999 -8.62001929457247,41.6804327435711,126.084300000002 -8.62010948363036,41.6805420438136,127.410300000003 -8.62013915588252,41.6806084285699,128.120299999995 -8.62013915588252,41.6806853741772,128.790599999993 -8.62011685969716,41.6807903157152,129.625400000004 -8.62009037287101,41.6808996160213,130.478300000002 -8.62006070061885,41.6809750530639,131.013399999996 -8.62000906815128,41.6810563571615,131.501199999999 -8.6199468750892,41.6811346440597,131.8986 -8.61986422918474,41.6812085726156,132.136400000003 -8.61975928799325,41.6812751250831,132.107900000003 -8.61968385017066,41.6813150228509,132.027000000002 -8.61962618282099,41.6813327926061,131.847399999999 -8.61944228420759,41.6814001829123,131.403000000006 -8.61910147596521,41.6815470343075,131.342300000004 -8.61904967551268,41.6815914578552,131.651199999993 -8.61900826946626,41.6816772884584,132.558300000004 -8.61899066697827,41.681759934153,133.551399999997 -8.61899804304507,41.6818191107802,134.184299999994 -8.61903341510772,41.6818870037562,134.910499999998 -8.61907783859514,41.6819550650576,135.670899999997 -8.61912813077631,41.682024467424,136.464399999997 -8.61915763504352,41.6820511217611,136.801699999996 -8.61911388080096,41.6820863254085,136.968500000003 -8.61908555063186,41.6821221999394,137.198799999998 -8.61903324712276,41.6821449992294,137.266799999998 -8.61893015017254,41.6821788616916,137.3995 -8.61874625066084,41.6822189272954,137.491599999994 -8.61800696682641,41.6823686281486,137.789399999994 -8.61794359966625,41.6823999766308,137.868799999997 -8.61789615783947,41.6824214340227,137.908299999996 -8.61783111442304,41.6824360187118,137.646699999998 -8.61776372460705,41.6824678696648,137.497300000003 -8.61771795903658,41.6825181615997,137.607900000003 -8.61767956953289,41.6826113681597,138.079500000007 -8.61766481739932,41.6827386051474,138.353499999997 -8.61766917602508,41.6828314766112,138.630099999995 -8.61768845476938,41.6829335687151,138.870999999999 -8.61772533510339,41.6830710314889,138.974900000001 -8.61779775458662,41.6833400905627,139.4519 -8.61792633314821,41.6834125104379,140.174299999999 -8.61794259355314,41.6834877801669,140.489100000006 -8.61786128973174,41.6835218103154,140.118600000002 -8.61783329373589,41.6835647256857,140.062000000005 -8.61784066980269,41.6836239019949,140.240000000005 -8.61793823582572,41.6837997540533,141.511899999998 -8.61803865040647,41.6839918678474,143.260899999994 -8.61815700344516,41.6841796223512,145.826799999995 -8.61822053769194,41.6842387980948,147.045899999997 -8.6183018424117,41.6843125593896,148.656099999993 -8.61855598209378,41.6845180831749,153.256599999993 -8.61873485103987,41.6846599052735,155.735000000001 -8.61908370639058,41.6849319820017,159.424899999998 -8.6192432974907,41.6850206620416,160.718699999998 -8.61947547605904,41.6851004582745,162.688399999999 -8.61969558486321,41.6851832713155,164.515499999994 -8.6197851037779,41.6852414418432,165.352100000004 -8.61984897399459,41.6852877097453,165.988599999997 -8.6199026177901,41.6853207346501,166.381800000003 -8.61994402473481,41.6853458801785,166.707500000004 -8.61998677286422,41.6853458801785,166.930500000002 -8.62002231201349,41.6853339776141,167.050000000003 -8.62012289457923,41.6853118496529,167.417100000006 -8.62019078835009,41.6852955884411,167.596799999999 -8.62026773354574,41.6852897216841,167.862699999998 -8.62032976041949,41.6852970972273,168.201799999995 -8.62037166952245,41.6853093352334,168.535099999994 -8.62046571414954,41.6853487300313,169.011799999993 -8.62057367368038,41.6854360691018,169.858699999997 -8.62067710570219,41.6855572714214,171.016499999998 -8.620745167458,41.6856754566291,171.825200000007 -8.62076142786296,41.685749384664,172.092199999999 -8.62076578648871,41.6858484592878,172.547699999996 -8.62076712767345,41.6859114909614,172.846099999995 -8.62092906607141,41.6861061188765,172.641099999993 -8.62095002107204,41.6861453461421,172.569499999998 -8.62095354156963,41.6861798793723,172.551600000006 -8.62093862145107,41.6863074521126,172.399799999999 -8.62091280476812,41.6864682173012,172.131099999999 -8.62092571355877,41.6864980563698,171.940000000002 -8.62095572088252,41.6865320869388,171.633499999996 -8.62099695984227,41.686560417892,171.198300000004 -8.62109452496696,41.6866410521268,170.1492 -8.62116510020893,41.6867111243192,169.372000000003 -8.6212227675586,41.6867800237818,168.721699999995 -8.62126450957489,41.6868464081403,168.197400000005 -8.62131144834513,41.6869617432112,167.616299999994 -8.62136827756664,41.6871032298647,167.079500000007 -8.62139895593191,41.687168608956,166.931899999996 -8.62141806669126,41.6871875517532,166.766399999993 -8.62144522366062,41.6872029745953,166.491599999994 -8.62147875148195,41.6872158824178,166.133199999997 -8.6216059888588,41.6872319761027,164.509099999996 -8.6216711993619,41.687246057906,163.679000000004 -8.62171579173262,41.6872624863372,163.136899999998 -8.62177966194931,41.6873087541277,162.444499999998 -8.62188661446874,41.6873714509591,161.317999999999 -8.62195836380878,41.6874079960746,160.623900000006 -8.62214377159184,41.6875417710385,159.585800000001 -8.62221568801854,41.6875927332077,159.311100000006 -8.62225575377855,41.6876354808348,159.378400000001 -8.62229749579484,41.6876901305641,159.669899999994 -8.62234594283644,41.6878029511421,160.722099999999 -8.62239288160667,41.6879135926258,161.743000000002 -8.6224594341928,41.6881062086712,163.307700000005 -8.62249664959839,41.6881776222891,163.836599999995 -8.62254794699438,41.688252388681,164.248399999997 -8.62259622694931,41.6883201145386,164.606799999994 -8.62267166387363,41.6884210326894,165.2022 -8.62275497992126,41.6885112219978,165.6682 -8.62281030087142,41.6885734158722,165.997300000003 -8.62283125497374,41.6886163312273,166.318299999999 -8.62284500189253,41.6886625993858,166.712799999994 -8.6228468452355,41.6886966294807,167.048500000004 -8.62283796089734,41.6887752518917,167.716 -8.62282890857423,41.688839625047,168.202499999999 -8.62280678037382,41.6888634295473,168.503899999996 -8.62277995757776,41.6888754998377,168.7598 -8.62273234866432,41.6888870663307,169.151500000007 -8.62260527927243,41.6888870663307,170.006399999998 -8.62249564348527,41.688901818604,171.085399999996 -8.6224306000688,41.6889187504073,171.816200000001 -8.62239824634554,41.6889455722797,172.367199999993 -8.62236304226785,41.68900005453,173.238599999997 -8.6223130860566,41.6891180717434,174.501099999994 -8.62229062278461,41.6892045731981,175.2935 -8.62228240858966,41.689282692538,175.887400000007 -8.62229581953853,41.6893629913013,176.2641 -8.62232515582077,41.6894712855642,176.651400000002 -8.62238449942676,41.6896407675912,176.9035 -8.62240411324265,41.6897173777188,176.925799999997 -8.62241266250923,41.6897805773327,177.001000000004 -8.62240897492497,41.6898347248062,177.164900000003 -8.62239036722216,41.6898878660013,177.413700000005 -8.62237980572939,41.6899611237413,177.609899999996 -8.62238416435514,41.6900241554106,177.654200000004 -8.62239891648874,41.6900789734991,177.596799999999 -8.62240176684313,41.6901403286754,177.660999999993 -8.62239355264817,41.6902070490008,177.8364 -8.62236471852417,41.6902828212734,178.206999999995 -8.62232498783581,41.6903818949532,178.744300000006 -8.62229229904093,41.6904719171628,179.274900000004 -8.62228944868654,41.6905206995442,179.397899999996 -8.62229296918413,41.6905701527036,179.452499999999 -8.6222976628815,41.6906546424472,179.561000000002 -8.62231241501507,41.6907082867459,179.651299999998 -8.62234141712403,41.6907701451024,179.707599999994 -8.62237745932987,41.6908170838657,179.781000000003 -8.62243043298218,41.6908774334622,179.885800000004 -8.62249044673136,41.6909372798939,180.011799999993 -8.62251223986015,41.6909801956844,180.362500000003 -8.62255884355877,41.6910143935976,180.544999999998 -8.62274358030033,41.6911104501926,181.057799999995 -8.62302286562383,41.6912465726638,183.227599999998 -8.62313518288212,41.6913277094969,184.985199999996 -8.62323861580225,41.6914075046154,186.969200000007 -8.62329192452614,41.6914474028083,188.153000000006 -8.62342636998483,41.6914341590903,189.679699999993 -8.62354472302352,41.6914371770456,191.2022 -8.62351957738211,41.6915228395591,191.589699999997 -8.62350918387425,41.6915952596152,191.140899999999 -8.62351354250001,41.6917121035289,190.697499999995 -8.62352980290497,41.6918465490647,190.154699999999 -8.62359786376246,41.6922190407181,188.022400000002 -8.62373834500154,41.6931088637306,186.5095 -8.6237500796941,41.693191676525,186.342000000004 -8.6237574557609,41.693250685674,185.930200000003 -8.62379366505337,41.6932850514183,185.539199999999 -8.62384429230615,41.6933891547191,184.578699999998 -8.62388854870696,41.6935289643633,183.265299999999 -8.6239111799639,41.6936632424308,181.990099999995 -8.62393716373348,41.6937297947606,181.238500000007 -8.62398711994476,41.6937877979148,180.668900000004 -8.62412793535711,41.6939195613589,179.315499999997 -8.62418962626094,41.6940022067564,178.504100000006 -8.62424913785189,41.6941220681519,178.067200000005 -8.62430496185858,41.6942781391733,177.471399999995 -8.6243596117672,41.6944397423641,176.559099999999 -8.62445114200983,41.6947844061627,173.361000000004 -8.62445667383535,41.6948434145212,172.830799999996 -8.62444845964039,41.6949206959299,172.376499999998 -8.62439934155727,41.6949932832066,172.616999999998 -8.62429875899156,41.6951327580051,173.259999999995 -8.62427495453484,41.6951919344064,173.073900000003 -8.62427160112387,41.69523585552,172.698600000003 -8.62433496828403,41.6953889087521,170.157099999997 -8.62438810992129,41.6955240254151,167.355299999996 -8.62443588681965,41.6956143818464,165.197499999995 -8.62453864869829,41.6957587183134,160.138300000006 -8.6245711704065,41.6958520928339,157.032900000006 -8.62457418784755,41.6959100954157,155.443199999994 -8.62456195099676,41.6959682663056,154.055699999997 -8.62452926130355,41.6960198985942,153.175199999998 -8.62431216994043,41.6962371574146,151.476599999995 -8.62420270213823,41.6963833377288,149.270300000004 -8.62415425509663,41.6965332061798,145.863200000007 -8.62412491791609,41.6966953121339,142.305999999997 -8.62414184936255,41.6969144152438,136.394100000005 -8.62418007088125,41.697257235318,129.707800000004 -8.62423103320565,41.697607766421,125.5383 -8.62429523849393,41.6978523504809,123.487999999998 -8.62433647745369,41.6979207463598,122.798200000005 -8.62438794193633,41.6980090919074,122.073900000003 -8.62440386816801,41.6980882167205,121.839500000002 -8.62441627300376,41.6982292006684,121.921900000001 -8.6244080588088,41.6983168750582,122.384099999996 -8.6243933066752,41.6983789011591,122.815199999997 -8.62436179108009,41.6984199728349,123.353499999997 -8.6242912149398,41.6984935656143,124.397500000006 -8.62424846770869,41.6985643090422,125.130000000005 -8.62424259991325,41.6986281794142,125.361499999999 -8.62425349647764,41.6987130039995,125.418699999995 -8.62428501207274,41.6990226316335,124.520199999999 -8.62430328470394,41.6992397226902,122.458100000003 -8.62435475008488,41.6994948677657,117.817500000005 -8.62440034767038,41.6996299845222,114.8128 -8.62440235899832,41.6997262086745,112.849700000006 -8.62440722068064,41.7000311424537,106.573900000003 -8.62442398414214,41.70023297807,102.398700000005 -8.62444108357359,41.7003121035005,100.741699999999 -8.62447343729685,41.7003815055151,99.2214999999997 -8.62458022272962,41.7005486408194,96.3852999999945 -8.62459698708945,41.7005877003199,95.7981 -8.62459866334577,41.7006267604673,95.2639000000054 -8.62458877289449,41.7006688374425,94.7207000000053 -8.62456127995523,41.7007431010399,93.8834999999963 -8.62455155659061,41.7007955719047,93.2623000000021 -8.62455205964715,41.7008537424,92.5461000000068 -8.62456949415019,41.7009851701,91.0154999999941 -8.62458843782291,41.7011308479958,89.5671000000002 -8.62457955258642,41.7012947981962,87.725099999996 -8.6245477010214,41.7014493601722,85.8157999999967 -8.62449020165669,41.7015744183581,84.4753999999957 -8.62440437122455,41.7016719836818,83.7231000000029 -8.6243336270993,41.7017189218671,83.6010999999999 -8.6242536644626,41.7017479235371,83.8469000000041 -8.62414335853224,41.7017816187382,84.4643000000069 -8.62409910213144,41.7018133024996,84.8078999999998 -8.624067585638,41.7018476683636,85.0531000000046 -8.62405518080225,41.7019011450428,85.108699999997 -8.62404914592018,41.7021098541034,85.4147999999986 -8.62404763675049,41.7022298828178,86.3787000000011 -8.62403405871497,41.7022957649803,87.0896999999968 -8.624005224591,41.7023453854785,87.9949999999953 -8.62394722216974,41.7024028852217,89.7391000000061 -8.62380338841802,41.7025492332784,94.5228999999963 -8.62377321310932,41.7026045537697,96.0721000000049 -8.6237648318277,41.7026628923128,97.2087000000029 -8.62377673360691,41.7027255889342,98.0629999999946 -8.62381814055162,41.7028322067857,99.2014000000054 -8.623942695559,41.7031632918879,102.076100000006 -8.62403690817106,41.7033949676829,102.027799999996 -8.62404277506817,41.7034747632564,101.9663 -8.62406339499721,41.7038309940835,97.678899999999 -8.62404579340755,41.7038871531584,96.9688000000024 -8.6240072359189,41.7039552139881,96.329700000002 -8.62396884731357,41.704015898667,95.7317999999941 -8.62393045780991,41.7041000535199,94.6110999999946 -8.62390832960951,41.7041947686764,93.100099999996 -8.62387279046024,41.7044118597099,89.4330999999947 -8.62382886913105,41.7045692719134,86.9756999999954 -8.62383591012624,41.7046673403886,85.0190000000002 -8.62386725863471,41.7047633967138,82.8136999999988 -8.62391872311733,41.7048423542685,80.7258000000002 -8.62394051624615,41.7048812468478,79.8629999999976 -8.62395241892365,41.7049233237217,79.0675999999949 -8.62395795074918,41.704988870475,77.9821999999986 -8.62394973655422,41.7050850946563,76.5810000000056 -8.62388335195301,41.7053846638969,72.9985000000015 -8.62386239695239,41.7054637890242,72.2041000000027 -8.62385636207032,41.7055038542104,71.7632000000012 -8.62385904443976,41.7055390584373,71.2995999999985 -8.62385166837295,41.7055707416885,70.9755000000005 -8.62382903711601,41.7055984023171,70.8462 -8.62386843183446,41.7056446703319,69.8966999999975 -8.6237648318277,41.7057541383278,69.8206000000064 -8.62372208369829,41.705919596444,68.7494000000006 -8.62370867274939,41.7062122929821,67.2131999999983 -8.62370481718021,41.7063596463914,66.7051999999967 -8.62371286339021,41.7063956891327,66.4830999999976 -8.62371319936013,41.7064448068332,66.299199999994 -8.6236647514202,41.7066670951608,67.3105999999971 -8.62364664677396,41.7068157901598,68.1934999999939 -8.62364564066085,41.7069326332482,68.8959999999934 -8.62366022570783,41.7070783110825,69.5124999999971 -8.62367849833902,41.7071993458733,69.991200000004 -8.62370029056947,41.7072886967058,70.1922999999952 -8.6237494086526,41.7074053726162,70.0040000000008 -8.62385703221352,41.7076415746788,69.6156999999948 -8.6238553559572,41.7076688997687,69.9651000000013 -8.62384228007992,41.7077252265036,70.857799999998 -8.62382954017255,41.7078219535897,72.2364999999991 -8.62380925531513,41.7079344384129,74.2973999999958 -8.62377924888968,41.7080486002913,77.223800000007 -8.62375460540651,41.7081035854296,78.954700000002 -8.62372040744197,41.7081614207042,81.0323000000062 -8.62368805371868,41.7082004802748,82.7736000000004 -8.62362317738886,41.7082987162338,87.1505999999936 -8.62356500698265,41.7084904939768,92.3896999999997 -8.62352276190978,41.7086365069474,90.7973000000056 -8.62351605688448,41.7089409377541,82.9805000000051 -8.62348219399153,41.7091033785902,80.5625 -8.62344296635971,41.7092264254529,79.6900000000023 -8.62334121059423,41.7094904554807,78.0463000000018 -8.62332696061887,41.709518953365,77.8989000000001 -8.62333232535774,41.7095492961037,77.3049000000028 -8.62335545967125,41.709567233091,76.542300000001 -8.62340005114364,41.7095831588943,75.3782999999967 -8.62338228156902,41.7096580935418,74.5901000000013 -8.62341446820566,41.7099489449696,70.0402000000031 -8.62341614446197,41.7100649508054,68.7498999999953 -8.62340960652333,41.7101434055974,67.4337999999989 -8.62337758787165,41.7102788567423,63.8819999999978 -8.62331556189624,41.7104820342657,59.2883000000002 -8.6232679520845,41.7105767500797,57.6944999999978 -8.62319989122698,41.7106588925764,56.3503000000055 -8.62311271961014,41.7107365090586,55.3551000000007 -8.62290685988299,41.7109116908331,52.7883000000002 -8.62280728253207,41.7110302110282,51.8473999999987 -8.62270519169497,41.7111602981865,51.2118000000046 -8.62263629181099,41.7112967550985,50.8558000000048 -8.62258063668755,41.7114885332862,50.8053999999975 -8.62246597213144,41.7118063751964,50.6646000000037 -8.62240729866866,41.7119580873717,50.8736000000063 -8.62231979108187,41.7121461773544,51.3513999999996 -8.62223094320871,41.712339966783,52.0592000000033 -8.62218232818216,41.7124707245595,52.3280999999988 -8.62214779514601,41.7126043320564,52.4949999999953 -8.62204436222587,41.7128811026836,52.667300000001 -8.62199557921436,41.7130061607638,52.7143999999971 -8.62197596539847,41.713098696827,52.6686999999947 -8.62196423070592,41.713226436798,52.607600000003 -8.62202005471261,41.7133799937318,52.5004999999946 -8.62204000360012,41.7134400076559,52.478099999993 -8.62202139589731,41.713550984584,52.6922999999952 -8.62201066731788,41.7136416764545,52.863400000002 -8.62196289041949,41.713875363759,53.3849000000046 -8.62194696418784,41.713964883014,53.5840000000026 -8.62192215361801,41.7142270689638,53.6815999999963 -8.62188644738208,41.7143720757956,53.2924000000057 -8.62183380880139,41.7144790283924,52.8754999999946 -8.62175334220979,41.7145926871249,52.337400000004 -8.62171445054788,41.7146662801702,51.8632000000071 -8.62170489516823,41.7147415495381,51.4141999999993 -8.62168243189621,41.7148035758889,51.0920999999944 -8.62161671743824,41.7148649316184,50.9511999999959 -8.62149300055901,41.7149740640572,51.0497000000032 -8.62142242531701,41.7150545299006,51.5510000000068 -8.62139107680854,41.7151192381845,51.8703999999998 -8.62137515057687,41.7152013809115,52.5907000000007 -8.62136475706905,41.715349070453,53.7005999999965 -8.62136274574111,41.7155825899464,55.0161999999982 -8.62135117903352,41.7157398346533,55.8503000000055 -8.62133776808465,41.7158037047283,56.2293999999965 -8.62129518794016,41.715897414251,57.0573000000004 -8.62123601142084,41.7159834123153,57.6750999999931 -8.62112520243391,41.7161200373543,57.4217000000062 -8.62078607044784,41.7165101316874,54.0097999999998 -8.62054115197217,41.7167609181058,49.1916000000056 -8.62046705533425,41.7168735710156,47.3683000000019 -8.62039446786605,41.7170301447074,45.2792000000045 -8.62031701961383,41.7172163906234,44.0121000000072 -8.62025331738209,41.7173711208492,43.4670999999944 -8.62025231126897,41.7174081685833,43.3151000000071 -8.62027678676719,41.7174557778844,42.9196999999986 -8.62032908937796,41.7176431973397,41.6923999999999 -8.6203760281482,41.7177898801675,40.6919000000053 -8.62043906023673,41.7178894572835,39.8053999999975 -8.62062815560405,41.7181668984778,37.8919000000024 -8.6206781118153,41.7182259068365,37.6398999999947 -8.62088950336797,41.718429754574,37.7688999999955 -8.62104725112514,41.7185940401777,37.8396000000066 -8.62125243981076,41.71882554839,37.7176000000036 -8.62129636113994,41.7188988060225,37.5497999999934 -8.62134447310992,41.7190424720067,37.3356000000058 -8.6214509234711,41.7194898982895,37.4824999999983 -8.62170891872236,41.7203356317782,41.4465000000055 -8.62187890333032,41.7207406453025,43.723800000007 -8.62201636623007,41.7210598287188,46.6981999999989 -8.62202223402547,41.7211441503404,47.4124000000011 -8.6219866948762,41.7212358486373,48.0063999999984 -8.62193791186473,41.721444222711,49.1284000000014 -8.62193204496758,41.721620242247,49.9281999999948 -8.62191427539297,41.7218136966973,50.6601999999984 -8.62184487245241,41.7220220709086,51.4951000000001 -8.62178720510274,41.7221523255679,51.9616999999998 -8.62171780306052,41.7223251603787,52.5121999999974 -8.62168226391125,41.7224079737652,52.6576999999961 -8.6215315571493,41.7225764497622,53.0743999999977 -8.62139845287534,41.7227124043856,53.3120999999956 -8.62131278952986,41.7228025938791,53.4361999999965 -8.62118018831244,41.7229276520982,53.7130999999936 -8.6210554653201,41.7231336787162,54.1107999999949 -8.62101271719066,41.7232371114941,54.3497000000061 -8.62099494761604,41.7233273009217,54.5310000000027 -8.62099494761604,41.723457387999,54.7232999999978 -8.62100969974961,41.7236154709698,55.1502999999939 -8.62101556754505,41.7238268624782,55.7198000000062 -8.62101556754505,41.7239038080128,55.9143999999942 -8.62103182795001,41.7239777363567,56.0573000000004 -8.62106150020217,41.7240664168679,55.9321000000054 -8.62116191568125,41.7243294412558,55.2262999999948 -8.62122846736908,41.7244640545998,54.5610000000015 -8.62129501995521,41.7248216266929,53.1695000000036 -8.62133927635601,41.7251247163668,51.4036000000051 -8.6213778329463,41.7254690447223,48.8246000000072 -8.62135268730488,41.7255696276819,48.3904999999941 -8.62131278952986,41.7256789276573,47.9997000000003 -8.62127289175481,41.7258059969836,47.8613999999943 -8.62125059556948,41.7259317258371,47.6364000000031 -8.6212462369437,41.7260425343677,47.6178999999975 -8.62126987431379,41.7261312153813,47.5757000000012 -8.62138068330072,41.7263928984796,47.5703999999969 -8.62153004887794,41.7266175334153,47.6177000000025 -8.62171629478916,41.7269575033164,48.182799999995 -8.62199407094301,41.7273876625213,49.5124000000069 -8.62210353874524,41.727535519152,50.0218000000023 -8.62216120609487,41.7275888283095,50.1661000000022 -8.62232968243148,41.7277350084094,50.283500000005 -8.62254107398415,41.7279153872487,50.4955999999947 -8.62277895236294,41.728137004651,50.292300000001 -8.6228899284365,41.7282436225939,50.1045000000013 -8.62302001526944,41.7283262681217,49.5837999999931 -8.6232076023654,41.7283986876245,48.6052000000054 -8.62365251367111,41.7285996853241,47.6640000000043 -8.62370582329333,41.728652994269,47.593200000003 -8.62379299491016,41.7287180381477,47.3114999999962 -8.6239259320975,41.7287180381477,46.6540999999997 -8.62392157347175,41.7288761209131,46.3984999999957 -8.62388754259384,41.7289574254689,46.5274999999965 -8.62389056003486,41.7291274101518,45.5228999999963 -8.62393632560532,41.7293728323199,43.0915999999997 -8.62393045780991,41.729717160702,39.9864999999991 -8.62390832960951,41.7299285522472,38.5427000000054 -8.62389357747591,41.7301102724363,37.5614999999962 -8.6238964278303,41.7302004616014,37.1826000000001 -8.62393196697957,41.7303261898999,36.4907999999996 -8.62399701039604,41.7304665031466,35.7223999999987 -8.62402651466324,41.7305241708113,35.4296000000031 -8.6241535840551,41.7306587839137,34.5783999999985 -8.6242851800577,41.730776968697,34.0503000000026 -8.62443454563495,41.7309202990725,33.6218999999983 -8.62447595257966,41.7311006776833,32.8524999999936 -8.62453211075964,41.7313400648408,31.5250999999989 -8.62458961102265,41.7315516240055,30.2422999999981 -8.62450394767717,41.7315885046824,30.6762000000017 -8.62440487338279,41.731652039231,31.2687000000005 -8.62430294963235,41.7317407198757,31.9910999999993 -8.62418174713757,41.731891426345,32.4918999999936 -8.62403389073001,41.7320451505212,33.135500000004 -8.62352108565346,41.7327088301234,31.7544000000053 -8.62332444623439,41.7329985086642,30.4637999999977 -8.62331120327048,41.7330769629463,29.6487000000052 -8.62331857933728,41.7331700023836,28.4228000000003 -8.62334221580901,41.7333000889726,26.6454999999987 -8.62339384827662,41.7334154245256,24.7841000000044 -8.623456042237,41.7335114807939,23.2216999999946 -8.62349292257096,41.7335336089296,22.6791999999987 -8.62345453396563,41.7336118963075,22.3191999999981 -8.62343240486694,41.7337805400125,21.145399999994 -8.62339837488732,41.733947507369,20.4091999999946 -8.62331992052198,41.7341692923327,20.3904999999941 -8.62326091198761,41.7343540298734,20.6448999999993 -8.62310115290254,41.7347870388305,22.8056999999972 -8.62299034391561,41.735044363578,24.3932999999961 -8.62287500831797,41.7353399091953,25.4799000000057 -8.62283075191717,41.7354669788528,25.6984999999986 -8.6228099649015,41.7355439245236,25.7709000000032 -8.62280711544541,41.7356059509057,25.7948999999935 -8.62281750895326,41.735667977228,25.7954000000027 -8.62283963715366,41.735736037924,25.9910999999993 -8.62290166312908,41.73588087757,26.5065999999933 -8.62302739133624,41.7361321668909,28.1159000000043 -8.62304801126528,41.7362015691133,28.6021999999939 -8.62314121776419,41.7365519327871,30.3456000000006 -8.62320911153505,41.7368298765894,31.3482999999978 -8.62330231803399,41.7371874482299,32.4038 -8.62334808360445,41.7374033660362,32.7296999999962 -8.62340424178443,41.7375466970431,32.9064000000071 -8.62351505077137,41.7377639556272,32.5807999999961 -8.62359350513671,41.7379621039851,31.2387000000017 -8.62364966421502,41.7381409733733,28.8781000000017 -8.62369844722653,41.7383196760249,26.4278999999951 -8.62372208369829,41.7384542888779,24.4818999999989 -8.6237398532729,41.7386257827772,23.050900000002 -8.62372644232404,41.7387498348914,21.9008999999933 -8.62368352710797,41.738906576479,20.770199999999 -8.62361865077816,41.7391017076044,19.6279000000068 -8.62359484632144,41.7391918968807,19.2461999999941 -8.62352980290497,41.7394076470747,18.131899999993 -8.62346492747345,41.7394534121538,17.7780999999959 -8.62338948965087,41.7395303577408,17.2158999999956 -8.62328454845938,41.7396337909326,16.3209999999963 -8.62313970949283,41.7397638778361,15.2361999999994 -8.62299034391561,41.7398658018052,14.6494999999995 -8.62288104409837,41.7399264867651,14.426999999996 -8.62274793892608,41.7399973977525,14.3390000000072 -8.6226548995138,41.7400520478901,14.2890999999945 -8.62251140173199,41.7401584979209,14.2179000000033 -8.62231777975397,41.7403195976852,14.0791000000027 -8.62219071036207,41.7404319157022,13.9530999999988 -8.62206062263084,41.740572395896,13.5185000000056 -8.62187739505896,41.7408000484986,12.7455000000045 -8.62171914424525,41.7409906527728,12.1199999999953 -8.62162241724872,41.7410825184673,11.8545000000013 -8.62154329184185,41.7411502443143,11.6505999999936 -8.62133642689992,41.7412228316771,11.3252999999968 -8.62111765928048,41.7413026272089,10.9354000000021 -8.62091800242036,41.7414015337962,10.5475000000006 -8.62082043639737,41.7414563516504,10.3218000000052 -8.6207185126469,41.7415064754633,10.1128999999928 -8.62064458399396,41.7415582756145,9.94700000000012 -8.62055741237712,41.7416380713997,9.76559999999881 -8.62043319244129,41.7417902869072,9.55180000000109 -8.62031802572694,41.7419351256345,9.55460000000312 -8.62017905365754,41.7420697396225,9.84810000000289 -8.61999867464343,41.7422323480749,10.4499999999971 -8.61987898131834,41.7423416485212,10.8963999999978 -8.61977253095719,41.7424539656825,11.2709000000032 -8.61967345666281,41.7425914292502,11.664499999999 -8.61956465990211,41.7427431411353,12.0304000000033 -8.61936567318522,41.7430096857111,12.2623000000021 -8.61927380787101,41.74315301627,12.1717000000062 -8.61923743059359,41.7432227540811,12.1186000000016 -8.61918831251046,41.7432963471793,12.0601000000024 -8.61905571039474,41.7434217401816,11.9382000000041 -8.61870970539845,41.7437721040102,11.769100000005 -8.61858867088863,41.7439135903273,11.7888999999996 -8.61836386838712,41.7441774523737,11.9524999999994 -8.61811408733079,41.7444731664205,12.332899999994 -8.61796187229748,41.7446533769412,12.6143000000011 -8.61782591766909,41.7447997253137,12.8513999999996 -8.61764252211226,41.7449475820798,13.1895999999979 -8.61750036461689,41.745042464925,13.5161999999982 -8.61736876861429,41.7451306424937,13.8481000000029 -8.61711563504532,41.7453128652513,14.1432999999961 -8.61695369664736,41.74545016117,14.0002999999997 -8.61672587670477,41.7455933240829,13.6955000000016 -8.61616730695606,41.7459302760103,13.9223000000056 -8.61599748943476,41.746034044065,14.2641000000003 -8.61567813924955,41.7462439268307,14.9275999999954 -8.6155569367548,41.7463414927133,15.1723000000056 -8.61535442954029,41.7465188535294,15.5951000000059 -8.61500859252896,41.7468011562525,16.2014000000054 -8.61482234661773,41.7469607474272,16.3744000000006 -8.61464196850195,41.7470953609325,16.3114999999962 -8.6144691335396,41.7472150543049,16.161300000007 -8.61424148068367,41.7473406152525,15.9848000000056 -8.61400494348958,41.7474648348418,15.7909000000072 -8.61384820184553,41.7475578742124,15.6416000000027 -8.613759521059,41.7476245939323,15.5305999999982 -8.61364569552934,41.7477219921729,15.3886999999959 -8.61344469748452,41.747934892096,15.1940000000031 -8.61323783164426,41.7481328730162,15.2991000000038 -8.61296290494651,41.7483886885887,15.8589999999967 -8.61277967647634,41.7485615231846,16.3120999999956 -8.61269535521386,41.7486798760873,16.5250999999989 -8.61262142656093,41.7488290737144,16.6303000000044 -8.61261555966382,41.7489606693878,16.5956000000006 -8.61260667442733,41.7490922654616,16.4219000000012 -8.61256526748262,41.7492252023415,16.2246000000014 -8.61248698110224,41.7493405374432,16.0806000000011 -8.61233610635533,41.7494823593232,15.9468999999954 -8.61231297294014,41.7494645896341,16.0198999999993 -8.61182028383774,41.7499440344171,16.4376999999949 -8.61168265385136,41.7500883708715,16.8708999999944 -8.61152624727893,41.7502778015455,17.7160000000003 -8.61129004515642,41.7505074658262,18.5748000000021 -8.61113581789688,41.7506377210338,18.8224999999948 -8.6109333115807,41.7507833983122,18.7200000000012 -8.61081697076824,41.7508809633278,18.5498999999982 -8.610752597495,41.7509518742809,18.4260999999969 -8.61072275815618,41.7510405550836,18.2323000000033 -8.61065251708751,41.7511989729535,17.882500000007 -8.61053550613185,41.7513577261929,17.601999999999 -8.61043827607877,41.7514619968221,17.4615000000049 -8.6102436479876,41.7516371788182,17.3368000000046 -8.61009595956503,41.7518016314906,17.1967000000004 -8.6099925266449,41.7519374183735,16.9505000000063 -8.60990719837101,41.752096004254,16.5975000000035 -8.60985590187332,41.7522151950566,16.3169000000053 -8.6097556534809,41.7524118345003,15.8745000000054 -8.6095050351947,41.7527645451124,15.256899999993 -8.60933270328892,41.7530540554495,14.7502999999997 -8.6090720256682,41.7534171600514,14.0329000000056 -8.6090190520159,41.7534726478577,13.9207000000024 -8.60892651566016,41.7535254543143,13.8007000000071 -8.60841454961007,41.7538154678565,12.7498000000051 -8.60824506716035,41.7539475666455,12.2428999999975 -8.60805395956681,41.7541017935828,11.5589999999938 -8.60791968209311,41.7541824275513,11.122199999998 -8.60772823942794,41.754267922688,10.5409999999974 -8.60754668721409,41.7543257579631,10.0397999999986 -8.60737888102069,41.7543512390555,9.72389999999723 -8.60708015076452,41.7543924780206,9.19289999999455 -8.60687546423715,41.7544276822721,8.87140000000363 -8.60670296434641,41.7544846790481,8.65589999999793 -8.60629443121645,41.7546578490581,8.55019999999786 -8.60585689507921,41.75486924094,9.24659999999858 -8.60568707845621,41.7549642914005,9.53849999999511 -8.60555263209922,41.7550115652746,9.70290000000386 -8.60523277885746,41.7551252240088,9.94719999999506 -8.60510336216775,41.7551849034085,9.96730000000389 -8.60500847941249,41.755248102998,9.92419999999402 -8.60496422301169,41.7553084524228,9.90219999999681 -8.60494578239554,41.7553837217569,9.88499999999476 -8.60494561530892,41.75554767228,9.71980000000622 -8.60495550576019,41.7556752447596,9.57429999999295 -8.60493103026198,41.7557992967709,9.25939999999537 -8.60487453611205,41.755909099505,8.98729999999341 -8.60476842172081,41.756023763858,8.61269999999786 -8.60461134500517,41.7561198204856,8.21910000000207 -8.60445661468906,41.7561794996306,7.91680000000633 -8.60414430460073,41.7562789093516,7.58980000000156 -8.60361741843209,41.7564430271303,7.76050000000396 -8.60352203262029,41.7564624728863,7.83680000000459 -8.60346604152694,41.7564646521402,7.88760000000184 -8.60321508727086,41.7564219047088,8.47380000000703 -8.60308902309378,41.7564091642399,8.98129999999946 -8.60301777681029,41.7564168754003,9.31040000000212 -8.60296329488659,41.7564591202395,9.52680000000692 -8.60295223033724,41.7565010293173,9.53879999999481 -8.60297184415317,41.7565657380753,9.30980000000272 -8.60301760972363,41.7567476254789,8.73679999999877 -8.60301677159547,41.7567999279885,8.61500000000524 -8.6029979959077,41.7568448550791,8.54439999999886 -8.60292976706526,41.7569194544992,8.48690000000352 -8.60279699786288,41.7570352924398,8.51009999999951 -8.60240673646582,41.7572503715278,9.17879999999423 -8.60205184713134,41.7574594161632,9.85430000000633 -8.60180206607504,41.7575871563924,10.1781000000046 -8.60164985104169,41.7576620906772,10.4807000000001 -8.60138162936921,41.7578701294726,10.4470000000001 -8.60109832138988,41.7581007998983,10.327099999995 -8.60067654439768,41.7583874609941,12.4842000000062 -8.60041217919271,41.7586048876188,13.9094999999943 -8.60034160305241,41.7586900471734,14.1478000000061 -8.60029784970818,41.7588112501115,13.8571999999986 -8.60018569953655,41.7591384792105,13.047900000005 -8.60013440214056,41.7592548204101,12.8448999999964 -8.59975939593361,41.7598385355311,9.52220000000671 -8.59941473212202,41.7603878860076,6.87930000000051 -8.59936427285423,41.7604586289876,6.57510000000184 -8.59931113211526,41.7605084176643,6.33040000000619 -8.59923133656519,41.7605515007664,6.06780000000435 -8.59882162843883,41.7607399255914,5.42389999999432 -8.59870478546816,41.760773788877,5.39720000000671 -8.59858274484522,41.7607952462473,5.39459999999963 -8.59830932731716,41.7608220682851,5.12450000000536 -8.59715195407475,41.7609315360965,3.28170000000682 -8.59655046821168,41.7609883656074,3.12720000000263 -8.59600363315549,41.7610363098143,3.09329999999318 -8.5957987795415,41.7610560912285,3.15670000000682 -8.59549635990444,41.761105041173,3.36109999999462 -8.59515706083175,41.761178802064,3.69000000000233 -8.5946263190939,41.7613506312814,4.02730000000156 -8.59426941753322,41.7614595956348,4.46649999999499 -8.59343659122993,41.7617422340257,4.51390000000538 -8.59259907122927,41.7620704686936,3.92380000000412 -8.59221467762762,41.7622463212852,3.60099999999511 -8.59192935742205,41.762401889183,2.97779999999329 -8.5911890674745,41.7628050588069,2.57210000000487 -8.59083317202691,41.7630580251128,2.72580000000016 -8.59019363263006,41.7634969011421,6.02190000000701 -8.59010109717265,41.7635592623504,6.43260000000009 -8.59008483586939,41.7635870903223,5.97460000000137 -8.5900672342797,41.7636194444872,5.57180000000517 -8.59005080499148,41.7636509604005,5.31969999999274 -8.5900254922634,41.7636690658786,5.92449999999371 -8.58999380868331,41.7636769443498,7.13880000000063 -8.58991501834805,41.7636925351163,10.5135000000009 -8.58982734367464,41.7637270682353,14.0829999999987 -8.5897032917238,41.7638077021715,10.5626000000047 -8.58642915260044,41.7663341752605,11.0351999999984 -8.58629219275727,41.7663874843726,9.95100000000093 -8.58618373016986,41.7664096125692,9.43690000000061 -8.58605397840856,41.7664526957292,8.84880000000703 -8.5859626161509,41.7665060047429,8.357600000003 -8.58573295196703,41.7666840361454,7.88450000000012 -8.5856228131233,41.7667760694297,7.73759999999311 -8.58556598390182,41.7668320602607,7.7271000000037 -8.58550144354189,41.7668764845142,7.78479999999399 -8.58544981107432,41.7668838607477,7.88710000000719 -8.58537336803692,41.7668741374393,8.11010000000533 -8.5852870345482,41.7668144588596,8.47400000000198 -8.58507396673921,41.7666394442535,9.71270000000368 -8.58495293222942,41.7665271271953,10.6058000000048 -8.58492225386414,41.7665071779521,10.7801999999938 -8.58489358772513,41.766502986962,10.9220999999961 -8.58485737843266,41.7665088543481,11.0942000000068 -8.58482502381107,41.7665232712176,11.3176999999996 -8.58479635767203,41.7665304799861,11.5886000000028 -8.58468169311589,41.7665138835357,12.6603000000032 -8.58460340673554,41.7665041608412,13.3809999999939 -8.58453651907779,41.7664900789787,13.9906000000046 -8.58450399736954,41.7664860554931,14.2342000000062 -8.58448304236891,41.76649041399,14.3601000000053 -8.58446778717877,41.7665075129633,14.4242999999988 -8.58428774413458,41.7669599680977,15.4113999999972 -8.58411893272639,41.7673951571559,14.6364000000031 -8.58409630146945,41.7674223141214,14.5302999999985 -8.58406394684786,41.7674439394516,14.425900000002 -8.58403159312456,41.767458356111,14.3413 -8.58399555091875,41.7674970808086,14.210500000001 -8.58393704544092,41.767587269726,14.0409999999974 -8.58385238820856,41.7677649664735,13.6324000000022 -8.58382439221271,41.767867895891,13.4014000000025 -8.58380813180775,41.7679966425214,12.9042000000045 -8.58380343721209,41.7681295791075,12.3269 -8.58380192894073,41.7681909348259,12.0408000000025 -8.58378499749424,41.7682353588084,11.9100000000035 -8.58371911594961,41.7683657810488,11.693299999999 -8.5836911199538,41.7684544619104,11.4646000000066 -8.58365373656325,41.7685731493124,11.1984999999986 -8.58363730817333,41.7686790964519,10.840200000006 -8.58364317596877,41.7687047453751,10.6861000000063 -8.58365474267637,41.7687176535828,10.5498999999982 -8.58370637514394,41.7687258677736,10.1684999999998 -8.58383998247447,41.7687196649207,9.29889999999432 -8.58404802151448,41.7687216769285,7.85689999999886 -8.584170397209,41.7687369321396,6.82730000000447 -8.58438262688983,41.768781858913,5.16939999999886</coordinates>
</LineString>
</Placemark>
</Folder>
</Document></kml>
