<?xml version="1.0" encoding="UTF-8"?>

<kml xmlns:xsd="http://www.w3.org/2001/XMLSchema" xmlns:gx="http://www.google.com/kml/ext/2.2" xmlns:atom="http://www.w3.org/2005/Atom" xmlns="http://www.opengis.net/kml/2.2">
<Document>
<name>ES25a_08a_teruel-cella</name>
<visibility>1</visibility>
<Schema name="ES25a_08a_teruel-cella" id="kml_schema_ft_ES25a_08a_teruel-cella">
<SimpleField type="xsd:string" name="id">
<displayName>id</displayName>
</SimpleField>
<SimpleField type="xsd:string" name="nombre">
<displayName>nombre</displayName>
</SimpleField>
<SimpleField type="xsd:double" name="longitud">
<displayName>longitud</displayName>
</SimpleField>
<SimpleField type="xsd:string" name="_formato">
<displayName>_formato</displayName>
</SimpleField>
</Schema>
<Folder id="kml_ft_ES25a_08a_teruel-cella">
<name>ES25a_08a_teruel-cella</name>
<Placemark id="kml_1">
<name>&lt;img height='20' src='https://nco.ign.es/iconos/icono_todos_caminos_azul.png' /&gt;&lt;img height='20' src='https://nco.ign.es/iconos/Camino Santiago_20.png' /&gt;&lt;img height='20' src='https://nco.ign.es/iconos/icono_todos_caminos_azul.png' /&gt;  Camino de Santiago </name>
<visibility>1</visibility>
<description><![CDATA[<!DOCTYPE html>
<html>
<head>
<style>
#nco {
  border-collapse: collapse;
  overflow:hidden;
}
#nco th, #nco td {
  padding: 4px;
  text-align: left;
}
#nco th {
  color: #364B5F;
  padding-right: 5px;
}
#nco td {
  color: rgb(51, 51, 51);
  font-size: 12px;
  padding-right: 5px;
}
</style>
</head>
<body>
<table id="nco">
<tr>
<td>Caminos del Este</td>
</tr>
<tr>
<th><b>Camino: </b></th>
<td>ES25a Camino de Sagunto</td>
</tr>
<tr>
<th><b>Etapa: </b></th>
<td>08a Teruel-Cella</td>
</tr>
<tr>
<th><b>Longitud: </b></th>
<td>23.56 km</td>
</tr>
</table>
</body>
</html>]]></description>
<Style>
<IconStyle>
<scale>0.8</scale>
</IconStyle>
<LabelStyle>
<color>ffffffff</color>
<scale>0.75</scale>
</LabelStyle>
<LineStyle>
<color>ffff0000</color>
<width>3.0</width>
<gx:labelVisibility>1</gx:labelVisibility>
</LineStyle>
<PolyStyle>
<color>66ff0000</color>
</PolyStyle>
</Style>
<ExtendedData>
<SchemaData schemaUrl="#kml_schema_ft_ES25a_08a_teruel-cella">
<SimpleData name="id">ES25a_08a</SimpleData>
<SimpleData name="_formato">kml</SimpleData>
</SchemaData>
</ExtendedData>
<LineString>
<extrude>0</extrude>
<tessellate>1</tessellate>
<coordinates>-1.10704405240999,40.342847965205,914.0 -1.10777897761863,40.3418379456921,906.097399999999 -1.10832095189079,40.3413350319432,900.267099999997 -1.10963204843788,40.3408669863281,877.0 -1.10970396576287,40.3408859292915,877.0 -1.10973699052766,40.3408750329458,877.0 -1.10976599173829,40.3408629630189,877.0 -1.10977906761558,40.3408619571916,877.0 -1.1097939868358,40.340857933882,877.0 -1.10986808347372,40.3408619571915,876.154800000004 -1.10992591791002,40.3408399967384,876.471799999999 -1.10999096222479,40.3408540783243,876.182799999995 -1.11004007940959,40.3408810679083,876.0 -1.11009104173396,40.3409100691349,876.0 -1.11013295173524,40.3409449375541,876.300799999997 -1.11015893550482,40.3409890268214,876.846600000004 -1.11017502882315,40.3410349592731,876.858200000002 -1.11018307503315,40.3410859214984,876.073399999994 -1.11019196026961,40.3411380565752,876.478300000002 -1.11020503524856,40.3411849954326,876.722699999998 -1.11020905880273,40.3412329400793,876.813699999999 -1.11020000647961,40.3412860815481,876.685200000007 -1.11021593181299,40.341338049404,876.989799999996 -1.1102130823569,40.3413869990767,877.0 -1.1101990003665,40.3414399733583,877.0 -1.11016295816065,40.3414830557992,876.892699999997 -1.11016295816065,40.341537035138,876.068199999994 -1.11016999915587,40.3415910151182,876.716199999995 -1.11016899304275,40.3416419769236,877.0 -1.11017502882315,40.3416890831804,877.0 -1.11018307503315,40.3417390390973,876.605200000005 -1.11019598292545,40.3417849724077,876.0 -1.11020201780755,40.3418379456921,876.0 -1.11021794403922,40.3418860576242,876.177299999996 -1.11024208356752,40.3419370198913,876.387799999997 -1.11026002112713,40.341989993741,876.0 -1.11027795778841,40.3420409552449,876.0 -1.11028600489671,40.3420890677168,876.0 -1.11030997733839,40.3421339942959,876.0 -1.11033596110796,40.3421839505681,876.0 -1.11036596843174,40.3422310571311,876.0 -1.1104070394065,40.3422709545841,876.0 -1.11042799440716,40.3423200726976,876.195699999997 -1.11045297206362,40.3423690230272,876.504000000001 -1.11048599682842,40.3424179733212,876.329400000002 -1.11051298671114,40.3424689351864,876.7071 -1.11054098270695,40.3425150357478,876.939599999998 -1.11056394903551,40.3425639859358,876.797000000006 -1.11058792057886,40.3426169599779,877.0 -1.11063301600612,40.3426519959471,877.0 -1.11066805209884,40.3426959177206,876.836299999995 -1.11069302975531,40.3427450355247,877.0 -1.11071700219698,40.3427939855459,876.930900000007 -1.11073795719761,40.3428399188227,877.0 -1.11076595229512,40.3428860191305,876.979600000006 -1.11080601805513,40.3429309458635,877.630699999994 -1.11084306637405,40.3429800641812,877.879400000005 -1.11087206758472,40.3430259966466,878.0 -1.11090308012324,40.3430719297654,878.214600000007 -1.1109320822322,40.3431200415021,878.998099999997 -1.11096108344283,40.3431689919358,878.928700000004 -1.11099293410955,40.343213919165,878.989300000001 -1.11101891877746,40.3432630372766,879.926399999997 -1.11105294875704,40.3433129933974,880.0 -1.11107205951642,40.3433649610612,880.169999999998 -1.11108798574806,40.3434179344743,881.074600000007 -1.11113308027702,40.3434590061288,881.235799999995 -1.11119007658516,40.3434870011437,881.836599999995 -1.11126098779708,40.3435000770737,882.0 -1.11133307220873,40.3435089621045,880.831900000005 -1.11139895375336,40.3435079563166,880.232600000003 -1.11146299195501,40.3434799606258,880.941699999996 -1.1115169708221,40.3435019209043,882.924100000004 -1.11151797693525,40.343556068427,880.142200000002 -1.1114780791602,40.3436009953983,879.901299999998 -1.11144103084127,40.3436469281257,881.737399999998 -1.11143499595917,40.3437010755319,881.190199999997 -1.11145092219084,40.3437520371126,880.581900000005 -1.11146802072396,40.3438009877723,880.213900000002 -1.11150305681669,40.3438460823252,879.968200000003 -1.11155904791001,40.3438809505962,880.0 -1.11162006867065,40.3438970437963,879.933300000004 -1.11168092144629,40.3439139757146,879.0 -1.1117399299807,40.3439349300703,878.915800000002 -1.11179994462819,40.3439540412859,878.968800000002 -1.11186197060361,40.3439689609433,878.809999999998 -1.11192801923486,40.3439939390892,877.942899999995 -1.11194092802552,40.3440470804371,878.0 -1.11199205743655,40.3440809428248,878.0 -1.11205207208404,40.3440879839646,878.0 -1.11211108061841,40.3441069267083,877.376499999998 -1.11216807782488,40.3441369343806,877.0 -1.11222406891823,40.344159062189,876.617599999998 -1.1122770416722,40.3441800171532,876.454100000003 -1.11233001532451,40.3442019778884,876.703200000004 -1.11237695409474,40.3442380201807,876.0 -1.11241701985472,40.3442799293689,876.0 -1.11246194729705,40.3443099369642,876.0 -1.1124550733885,40.3443600607376,876.0 -1.1125020121587,40.3443999583008,876.0 -1.11256504424724,40.3443989525262,876.0 -1.11262103534059,40.3444329831651,876.0 -1.11268406742913,40.3444539380442,876.0 -1.11274994897376,40.3444639957813,876.0 -1.11280292262606,40.3444960148411,876.0 -1.11285807559126,40.3445159639278,876.0 -1.11290903791563,40.3445489887353,876.0 -1.11297592557337,40.3445530118247,876.0 -1.11302202531712,40.3445870423859,876.0 -1.1130800286367,40.3446239225011,876.0 -1.11313903717108,40.3446470566053,876.0 -1.11320206925961,40.3446690171885,876.0 -1.1132459896905,40.3447129383334,876.0 -1.1132989633428,40.3447499868067,876.0 -1.11334506398488,40.3447830114996,876.0 -1.11339502019614,40.3448110066496,876.0 -1.11344296507949,40.344850066605,876.0 -1.11349493261867,40.3448849350416,876.0 -1.11353399226554,40.3449199718869,876.0 -1.11358294236367,40.3449499785129,876.0 -1.11363507788782,40.3449819973419,876.0 -1.11368805154012,40.3450019462849,876.0 -1.11374404263348,40.3450420118946,876.0 -1.11379500495784,40.3450669903279,876.0 -1.1138509960512,40.3451030321581,876.0 -1.11388502603078,40.345146953705,876.0 -1.11393598835518,40.3451819897295,876.0 -1.11398896200748,40.3452049565858,876.0 -1.11404595921395,40.3452250732039,876.0 -1.11410295552209,40.3452639651784,876.0 -1.11416397628269,40.3452879370834,876.0 -1.11422197870398,40.3453080536768,876.0 -1.11427998202357,40.3453370550542,876.0 -1.11433496700377,40.3453719239238,876.0 -1.11436296210128,40.3454230533521,876.0 -1.11440202264648,40.3454599336949,876.0 -1.1144499666315,40.3454939644832,876.026599999997 -1.11450394639692,40.3455259830541,876.0 -1.11456094270509,40.3455620253236,876.141799999998 -1.11459799102402,40.3456039350585,876.335300000006 -1.11463302711674,40.3456409830424,876.410399999993 -1.11467795455905,40.3456730015436,877.0 -1.11472807785696,40.3457030092038,877.0 -1.11478306373549,40.3457320104114,877.0 -1.11483905482885,40.3457620173607,877.008900000001 -1.11489303369594,40.3457920249814,877.0 -1.11493896725135,40.3458290728621,877.0 -1.11499194090366,40.3458590797683,877.0 -1.11503502320639,40.3458939490527,877.0 -1.11507592709452,40.3459309968774,877.0 -1.11511800418243,40.345965027428,877.0 -1.11517399527579,40.3459930227721,877.0 -1.11524507447262,40.3460190066036,877.0 -1.11528497224768,40.3460550486098,877.0 -1.11532503710932,40.3460919292916,877.0 -1.11538806919786,40.3461209310166,877.0 -1.1154430541781,40.3461489262959,877.0 -1.1154940165025,40.3461799394925,877.004199999996 -1.1155469901548,40.3462099462426,877.0 -1.11559191759711,40.3462419651583,877.0 -1.1156349998998,40.3462770019833,877.104999999996 -1.11568193867004,40.3463120381055,877.0 -1.11572602798418,40.3463470742094,877.691000000006 -1.11576894320025,40.3463849604766,878.0 -1.11581604905711,40.3464250259496,878.0 -1.11586097649942,40.3464560390192,878.0 -1.115927026029,40.3464739767235,878.0 -1.11598603456337,40.3464949309686,878.0 -1.11604202565673,40.3465299676622,878.0 -1.1161010341911,40.3465509225745,878.0 -1.11615803049924,40.3465789176753,878.0 -1.11620698149571,40.34661697155,878.0 -1.1162460411426,40.3466540196622,878.0 -1.11628996247179,40.346684026886,878.0 -1.11633304477448,40.3467160455767,878.0 -1.11638400709885,40.3467559438002,878.0 -1.11642993975597,40.3467899739346,878.0 -1.11648006395218,40.3468189753595,878.0 -1.116517949501,40.346866082109,878.0 -1.1165670675841,40.3469039680847,878.0 -1.11662607611847,40.3469359866709,878.0 -1.11667703844287,40.3469740410287,878.0 -1.11673805830518,40.3470080710531,878.0 -1.11679203807059,40.3470399225379,878.390700000004 -1.11683294195873,40.3470749589484,878.595400000006 -1.11688407136976,40.347104965985,878.887900000002 -1.11693201625311,40.3471329615406,878.868199999997 -1.1169839837923,40.3471669921695,879.0 -1.11702404955228,40.3472030342467,879.0 -1.11706796998316,40.3472340476433,879.0 -1.11712194974858,40.3472620431453,879.0 -1.11717106783168,40.3472979174358,879.0 -1.11722907025293,40.3473319479814,879.0 -1.11728992302861,40.3473569262513,879.0 -1.11735496644505,40.3473790543727,879.0 -1.11742000986152,40.3474060440847,879.0 -1.11748304195006,40.3474400745758,879.0 -1.11754205048446,40.3474739373141,879.034599999999 -1.11757507524926,40.3475190321501,879.119699999996 -1.11760206513195,40.3475649649479,880.0 -1.11764196290697,40.3476110654497,880.0 -1.11768102255386,40.3476539810068,880.0 -1.1177360084324,40.3476880113727,880.0 -1.11778596374535,40.3477240531717,880.0 -1.11783591995661,40.3477560720532,880.0 -1.11788805548075,40.3477909410416,880.0 -1.11794203524617,40.3478159191415,880.0 -1.11798897401641,40.3478499494258,880.0 -1.11804597122288,40.3478829746548,880.0 -1.11809408319286,40.3479099641652,880.0 -1.11814001584994,40.3479530472664,880.0 -1.11818896594811,40.3479840603181,880.0 -1.1182489805956,40.3479860717604,880.0 -1.11818695462018,40.3479729960153,880.0 -1.11822601426704,40.3480090383465,880.0 -1.11827094081104,40.3480549708107,880.0 -1.11833397289958,40.3480450806585,879.974199999997 -1.11839298143395,40.3480179227834,880.0 -1.11845198996836,40.3480140676349,879.986399999994 -1.11852306916519,40.3480289870788,879.984899999996 -1.11858308291438,40.3480579886556,879.894499999995 -1.11864795924419,40.3480829666565,879.559299999994 -1.11871400877378,40.3480980538193,879.207599999994 -1.11878106351819,40.3481180032099,879.054199999999 -1.11883604939672,40.3481419754699,879.046799999996 -1.11888399338174,40.3481729884347,879.959799999997 -1.11891400070549,40.3482180828033,879.007299999997 -1.1189399844751,40.3482670329605,879.997199999998 -1.11899999912258,40.3482680386775,880.597599999994 -1.11906604865217,40.3482529515528,878.493900000001 -1.11910594642719,40.3482960344349,879.188200000004 -1.1191669662895,40.3483290594456,879.899799999999 -1.11922999837803,40.3483330823095,880.032900000006 -1.1193059383589,40.3483250358968,879.4035 -1.1193810402116,40.3483349266925,878.528000000006 -1.11944993919725,40.3483590666088,879.839999999997 -1.11951699483995,40.3483759980917,879.169399999999 -1.11957499726121,40.3483989645451,879.4038 -1.11962998313978,40.3484229367052,879.208199999994 -1.11968396200686,40.3484440587626,879.632700000002 -1.11974800020852,40.3484690373052,879.819300000003 -1.11980700874292,40.3484899916151,879.791700000002 -1.11986501116418,40.3485069230651,879.758900000001 -1.1199270371396,40.3485290514938,879.615600000005 -1.11998504045918,40.3485510121823,879.685899999997 -1.12004103155254,40.3485769957131,879.749200000006 -1.12010506885586,40.348599962098,880.0 -1.12016592163154,40.3486209170518,880.0 -1.12022794760696,40.3486480746842,880.0 -1.12029399713655,40.3486730524667,880.0 -1.1203580353382,40.3486950131083,880.0 -1.12042106652841,40.3487149623223,880.0 -1.12048108117593,40.3487310550537,880.0 -1.12054495139262,40.3487469807335,880.218299999993 -1.12060094248597,40.3487729648733,880.264899999995 -1.12066498068763,40.3487939197733,880.770300000004 -1.12072700666305,40.3488110188794,880.453099999999 -1.12078903263847,40.3488329794761,880.954800000007 -1.12085005250078,40.3488589628982,881.0 -1.12090805582036,40.3488750562798,881.0 -1.12097494347811,40.3488939997331,881.0 -1.1210349572273,40.3489149545955,881.0 -1.12109195443373,40.348940937986,881.0 -1.12114995685502,40.3489630662723,881.061600000001 -1.12121097761562,40.3489850268195,881.268800000005 -1.12127702714521,40.348992068132,881.794500000004 -1.12134207056168,40.3490079930655,882.0 -1.12139906776812,40.3490329713993,881.888099999996 -1.1214619318717,40.3490520825398,882.0 -1.12152496396027,40.3490720309636,881.9761 -1.12158397249464,40.3490949978645,882.0 -1.1216500211259,40.3491199754815,881.886799999993 -1.12171305321443,40.3491429423661,882.373500000002 -1.12177507918985,40.3491709377604,882.609100000001 -1.12183492675071,40.3491940716743,882.355599999995 -1.12189192305889,40.3492150264435,882.733900000007 -1.12195596126054,40.3492289406039,882.637300000002 -1.12202603344596,40.3492400047006,883.1201 -1.12209795077096,40.3492569359624,883.568799999994 -1.12216299418743,40.3492770527413,883.584499999997 -1.12222502016285,40.3492990131863,883.774300000005 -1.1222830225841,40.3493249971135,883.887000000002 -1.12234001979057,40.3493429340548,884.0 -1.12239601088393,40.3493680799954,883.887499999997 -1.12245401330518,40.349385011225,884.0 -1.12251805150684,40.3493870233102,883.444000000003 -1.1225859452777,40.3493979196502,880.240999999995 -1.12265199390899,40.3494190420868,881.364199999996 -1.12269205966896,40.3494700041397,880.980599999995 -1.12275794121359,40.3494770447169,882.238500000007 -1.12282399074315,40.3494899531245,885.0 -1.12289004027274,40.3495030285756,885.0 -1.12295005492026,40.349524988947,885.165699999998 -1.12301593646485,40.3495390707737,886.0 -1.12307293367132,40.3495650546084,886.0 -1.12313294742051,40.3495860092624,886.0 -1.12319497429426,40.3496079702914,886.365000000005 -1.12325800548447,40.3496309363252,887.0 -1.12332304979924,40.349654070766,887.0 -1.12338306354843,40.3496730133157,887.0 -1.12345296864722,40.3496919565448,887.786900000006 -1.12351600073576,40.3497070440323,888.0 -1.12350493708471,40.3497580058675,887.817599999995 -1.12353092085432,40.3497990777693,888.082699999999 -1.12357299794223,40.3498379691602,889.2549 -1.1236320064766,40.3498510452284,889.629400000005 -1.12369805600619,40.3498429983122,889.426999999996 -1.12372001622163,40.3498520509217,889.619999999995 -1.12378505963807,40.349858924414,889.876199999999 -1.12385295340893,40.349886919511,890.346300000005 -1.1239179968254,40.3498899372739,890.693599999999 -1.12397398791876,40.3499229621887,891.433900000004 -1.12404104356146,40.3499459281153,892.177200000006 -1.12410893643399,40.349971073831,893.069199999998 -1.12417498596358,40.3500029252858,893.611499999999 -1.12422594828795,40.350026059599,893.948300000004 -1.12427607158586,40.3500560666918,893.9522 -1.12431395803298,40.3501070282633,895.066900000005 -1.12432200424298,40.3501559791035,896.0 -1.12433793047466,40.3502020792035,896.168600000005 -1.12436005867503,40.3502540470366,897.0 -1.12439308343982,40.3502959565945,897.192899999995 -1.12443901609694,40.3503289813104,897.113800000006 -1.12448997752301,40.3503579825827,897.575100000002 -1.12454093984738,40.3503910072683,898.289900000003 -1.12459894226863,40.3504129680352,898.756599999993 -1.12465694558822,40.3504389522178,899.128400000001 -1.12471696023574,40.3504629243375,899.0 -1.12477596877011,40.3504860584928,899.748900000006 -1.12483497730448,40.3505100305957,900.0 -1.12489197361265,40.3505340026901,900.0 -1.12495198826014,40.3505630038742,900.0 -1.12499507146117,40.3506030696037,900.067800000004 -1.12505106255452,40.3506429675817,900.379700000005 -1.12510705364788,40.3506840389445,901.0 -1.12513907229952,40.3507229305097,901.0 -1.12516203862808,40.3507660138678,901.0 -1.12516991775146,40.3508109408292,901.184599999993 -1.12518198751559,40.3508570411661,901.704299999998 -1.12518299362871,40.3509019680668,901.8462 -1.12518902851081,40.3509480690261,902.0 -1.12518902851081,40.3509940015424,902.0 -1.12518500495664,40.3510520041872,902.0 -1.12517394130559,40.3511090011075,902.0 -1.1251749474187,40.3511690156853,902.244600000005 -1.12518500495664,40.3512240011612,902.928199999995 -1.12519003462392,40.3512759688914,903.0 -1.12518802329599,40.3513299479242,903.0 -1.12519808083392,40.3513780606165,903.0 -1.12518902851081,40.3514300282281,903.0 -1.12516807351015,40.3514759611008,903.0 -1.12516203862808,40.3515230673361,903.135399999999 -1.12517293519247,40.3515690001453,903.910199999998 -1.12518701718287,40.3516199619428,904.0 -1.12520294251622,40.3516739413849,904.0 -1.12521501228038,40.3517190361509,904.0 -1.12521802972143,40.3517770388567,904.0 -1.12523898472206,40.3518300125092,904.988200000007 -1.12525507804036,40.3518849981306,905.0 -1.1252830740362,40.3519389773605,905.0 -1.1252669807179,40.3519949685545,905.2022 -1.12525407192724,40.3520559886888,905.998999999996 -1.12526396327685,40.3521039331392,906.040200000003 -1.12528407925102,40.3521490276178,907.0 -1.12529799325643,40.352196972002,907.0 -1.12531693692916,40.352242067103,907.0 -1.12532196569811,40.3523010757003,907.414799999999 -1.12533001190811,40.35235907859,908.0 -1.12534794946772,40.3524150694351,908.696299999996 -1.12536605411395,40.352468043271,909.0 -1.1253960614377,40.3525079408302,909.0 -1.12543797143895,40.3525590703256,910.100900000005 -1.12546797876272,40.3525999741679,910.616899999994 -1.1255020087423,40.3526380280683,910.834499999997 -1.12554894751254,40.3526700466707,911.900299999994 -1.12559102460045,40.352704077244,912.138099999996 -1.12562706680626,40.3527419633632,913.0 -1.12567098813545,40.3527910813823,913.154500000004 -1.12570401290024,40.3528430492741,914.156600000002 -1.12574407866022,40.35289300583,915.209499999997 -1.12579101653216,40.352935082839,916.026500000007 -1.12583493786134,40.3529820210178,916.794599999994 -1.12588003239027,40.3530269485565,917.0 -1.12592395371946,40.353074054393,917.359299999996 -1.12597206568943,40.3531189818705,918.151199999993 -1.1260049233676,40.3531709495096,919.081600000005 -1.12604901178341,40.35321805593,920.277000000002 -1.12607600166614,40.3532680122081,921.0 -1.12609695666677,40.3533199797324,921.0 -1.12610198543572,40.3533749648235,921.0 -1.12612394654949,40.3534309561943,921.0 -1.12614104508261,40.3534879531577,921.0 -1.12615596520117,40.353544950073,921.0 -1.12618295508386,40.3535900442725,921.0 -1.12620206584321,40.3536349714062,921.0 -1.12622402605866,40.3536919681972,921.0 -1.12627699971096,40.353731028486,921.0 -1.12630097215264,40.3537779667952,921.0 -1.12632997336327,40.3538359697838,921.0 -1.12635998068701,40.3538889431881,921.0 -1.12640406910285,40.3539219681982,921.0 -1.12644899654516,40.3539670628302,921.0 -1.12647799775578,40.3540069601871,921.0 -1.12652292519809,40.3540520547622,921.0 -1.12656801972705,40.3540969822727,921.645600000003 -1.12661294627102,40.3541420767876,922.0 -1.12665301203099,40.3541849922962,922.0 -1.126697938575,40.3542290811242,922.0 -1.12674001566291,40.3542719965775,922.0 -1.12678091955105,40.3543120614725,922.0 -1.12680103642351,40.3543650351872,922.0 -1.12684797519375,40.3544059393032,922.0 -1.12689105749648,40.354447010428,922.0 -1.12692995005668,40.3544899257425,922.0 -1.12696800359043,40.3545320031242,922.0 -1.12700102835522,40.3545759240075,922.0 -1.12703908278729,40.3546190069577,922.0 -1.1270779744492,40.3546609165412,922.052899999995 -1.12711703409609,40.3547070169844,922.184099999999 -1.12715693187111,40.3547499321335,923.0 -1.12719297407692,40.35479703882,923.0 -1.12723002239588,40.3548439770718,923.0 -1.1272699201709,40.3548880661536,923.0 -1.12731300337193,40.3549299755698,923.0 -1.12734904467944,40.3549730582939,923.0 -1.12738106422945,40.3550179858752,923.0 -1.12741693845031,40.3550639183577,923.0 -1.1274419170051,40.3551110248249,924.0 -1.1274660565334,40.3551579635427,924.0 -1.12748902286196,40.355201046121,924.001199999999 -1.12750696042157,40.3552479847762,924.054099999994 -1.12753495551908,40.3552939177866,925.0 -1.12756295151492,40.3553420297045,925.0 -1.12757401516594,40.3553899745568,925.1823 -1.12759195272555,40.3554350688916,926.0 -1.12761005737179,40.3554820080684,926.0 -1.12762296616241,40.3555289465279,926.250100000005 -1.12763805336759,40.3555740407698,927.0 -1.12765397870097,40.3556179623434,927.0 -1.12766906590616,40.3556640628169,927.233300000007 -1.12768901479367,40.3557110011498,928.0 -1.12771399334846,40.3557579401345,928.0046 -1.1277500355543,40.3557990111203,928.717399999994 -1.1277969743245,40.3558429325474,929.0 -1.1278360339714,40.355884004166,929.047900000005 -1.12786704650993,40.3559279248532,929.319399999993 -1.1279079503981,40.3559700020221,929.964300000007 -1.12794298649079,40.3560149289392,930.0 -1.12798104092287,40.3560580123392,930.0 -1.12801993258477,40.3560970719419,930.0 -1.12805899223163,40.3561349582084,930.0 -1.12810308154577,40.3561730121676,930.0 -1.12814599676184,40.3562140829006,930.0 -1.1281939407469,40.3562549865794,930.400399999999 -1.12824305882999,40.3562990754231,930.906900000002 -1.12828999760023,40.356346014683,930.8609 -1.12833391892942,40.3563909413495,930.7307 -1.12837297857628,40.3564330182295,930.497600000002 -1.12841304433625,40.3564779455227,930.0 -1.12845394732609,40.3565210286267,930.0 -1.12848998953194,40.3565629377126,930.0 -1.12853692830214,40.3566019977074,930.0 -1.12857800017526,40.3566450807321,930.0 -1.12862393283235,40.3566849785581,930.0 -1.12866098025298,40.3567290671206,930.0 -1.12870506956712,40.3567689648969,930.323099999994 -1.12874697867008,40.3568110422255,930.652000000002 -1.12878704443009,40.3568539574045,930.0 -1.12882694220511,40.3568990521293,930.106899999999 -1.12886600185197,40.3569419679368,930.849700000006 -1.12889399784781,40.3569929297811,930.448699999994 -1.12891897550427,40.3570450648845,930.085800000001 -1.12893892439178,40.3570909980397,930.446100000001 -1.12895702903802,40.3571399479175,930.359599999996 -1.12897597271074,40.357191078008,930.122399999993 -1.12898703636176,40.3572470689483,930.336599999995 -1.12899592159825,40.3573000424109,930.512400000007 -1.12901100880344,40.3573530165164,930.596699999995 -1.12903296991721,40.3574049843151,930.190900000001 -1.12905291880472,40.3574539346495,930.5527 -1.12906599378367,40.3575050638173,930.798800000004 -1.12907705833302,40.3575560259205,930.276400000002 -1.12910304210263,40.3576059817228,930.475399999996 -1.12912299099014,40.357658955588,930.839099999997 -1.12915199220077,40.357707067872,930.962700000004 -1.12917495852933,40.357756017987,930.767300000007 -1.12919691964307,40.3578099973089,931.0 -1.12922307139764,40.3578589480338,930.851599999995 -1.12924302028515,40.3579080657483,930.994600000005 -1.12925207260827,40.3579590275468,930.490399999995 -1.12925693429056,40.3580089837351,930.278300000005 -1.12930806370159,40.3580440206078,930.5962 -1.12935399635871,40.3580830797446,930.961599999995 -1.1293870211235,40.3581290128772,930.844500000007 -1.12942105200141,40.3581779633704,931.0 -1.12943898866269,40.3582299312179,931.0 -1.12945793233538,40.3582820660493,931.0 -1.12948307797683,40.3583310164315,931.0 -1.12950503819228,40.3583819785948,931.0 -1.12952096352562,40.3584349525348,931.962599999999 -1.12954108039809,40.3584820587004,932.0 -1.12956505283976,40.3585300033735,932.0 -1.12959606537833,40.358580964702,932.0 -1.12962892305646,40.3586319266764,931.953299999994 -1.1296589303802,40.3586820507583,931.698399999994 -1.12968206379542,40.3587289897283,931.8367 -1.12971106500605,40.358775927981,931.619099999996 -1.12972799645251,40.3588310811221,931.129300000001 -1.12975196889419,40.3588820429074,931.0 -1.12976906832564,40.3589330046543,929.946400000001 -1.12978499365898,40.3589839670472,928.820699999997 -1.12979706342315,40.3590339231605,928.0 -1.12979002332626,40.3590900816461,927.4666 -1.12978901721315,40.359142049475,927.0 -1.12978097010481,40.3591909999173,926.429999999993 -1.1297590098894,40.3592429676683,926.037599999996 -1.12972699123773,40.3592939298269,926.0 -1.129691955145,40.3593400298406,926.0 -1.12964300414856,40.3593819399122,926.0 -1.12959003049623,40.3594240169792,926.0 -1.12955700573147,40.3594719616669,925.994099999996 -1.12956002317248,40.3595239292014,925.862699999998 -1.12954191852625,40.3595710352907,926.0 -1.12952498707979,40.3596169680941,926.326199999996 -1.12951107307435,40.3596610567929,927.0 -1.1295080556333,40.3597100075428,927.0 -1.12950503819228,40.3597619748939,927.5527 -1.12950202075123,40.3598149491186,928.210800000001 -1.12948408319162,40.359865072321,928.020799999998 -1.12945994366332,40.3599140229228,928.586299999995 -1.12943295378059,40.3599629734891,929.370599999995 -1.12940495868308,40.3600109177936,929.169200000004 -1.12938098624144,40.3600590297682,929.695699999997 -1.12934997280454,40.3601089857695,929.263900000005 -1.12932197770703,40.3601579361943,929.801399999997 -1.12928995905535,40.3602070542874,929.871400000004 -1.12926598661368,40.3602600281623,930.185200000007 -1.12923597928993,40.3603140075329,930.0049 -1.12920597196619,40.3603649695664,930.519199999995 -1.12917495852933,40.3604130812883,930.139899999995 -1.12914495210389,40.3604600197376,930.527499999997 -1.12911092122598,40.3604999180441,930.075200000007 -1.12907705833302,40.3605409895639,930.412500000006 -1.12905392401951,40.3605929569589,930.036800000002 -1.1290150323576,40.3606380519209,930.0 -1.12899005380281,40.3606910254572,930.0 -1.12895702903802,40.3607399754593,930.0 -1.12893104526844,40.3607840641082,930.0 -1.12890506149883,40.3608310029837,929.627600000007 -1.12887304284715,40.3608749245553,929.104399999997 -1.12884605296446,40.3609220303851,929.363700000002 -1.128821075308,40.3609699753766,929.266499999998 -1.12879794099448,40.36101708114,929.0 -1.12877095111175,40.3610670378004,929.0 -1.12874295601424,40.3611159875295,929.0 -1.1287209949005,40.3611629261738,928.678899999999 -1.12869601724401,40.3612090269631,928.2549 -1.12867506224338,40.3612539538117,928.896999999997 -1.12864706624757,40.3612980428089,928.465400000001 -1.12862795548819,40.3613459875329,928.163400000005 -1.12860599527278,40.3613919198115,928.0 -1.1285820228311,40.361442043895,928.0 -1.12855402773359,40.3614899885166,927.9755 -1.12852200908191,40.3615379331041,927.454199999993 -1.128496024414,40.3615820219156,927.0337 -1.12847892588088,40.3616279547178,927.0 -1.12842695744337,40.3616589676411,926.944099999993 -1.12840399111484,40.3617129472605,926.0 -1.1283900771094,40.3617669261523,926.149699999994 -1.12838203089939,40.3618220795845,926.210500000001 -1.12836392625316,40.3618720356484,926.0 -1.1283490061346,40.3619219916753,926.0 -1.12833593025732,40.3619739593746,925.959000000003 -1.12831598136981,40.3620279387419,925.238800000006 -1.12829703859541,40.3620810802543,925.0 -1.12828094527711,40.3621340540256,925.0 -1.12826904259957,40.3621880332647,925.398000000001 -1.12825999027645,40.3622329601454,925.330900000001 -1.12824205271688,40.3622869399897,925.051699999996 -1.12822797162481,40.3623419252979,925.0 -1.12821104017832,40.3623979160674,925.0 -1.12818405029562,40.3624510572881,924.376099999994 -1.12818103285457,40.3625050369578,924.227299999999 -1.12817097441834,40.362558010396,924.0 -1.12816292820834,40.3626129954831,924.285399999993 -1.12814901420289,40.3626649633343,924.6492 -1.12813996187978,40.3627189428327,924.520900000003 -1.12813107664332,40.3627719167873,924.394899999999 -1.12812001299227,40.3628250577132,924.232000000004 -1.12810391967393,40.3628780315844,924.0 -1.12809101088331,40.3629340225931,924.0 -1.12808195856019,40.3629900135553,924.0 -1.12807206810892,40.3630449989745,924.0 -1.12806100355957,40.3630969664926,924.0 -1.1280469224675,40.3631519518245,924.0 -1.12803200234894,40.3632030814625,924.0 -1.12802194391271,40.3632560550367,924.0 -1.12801607701556,40.3633080230766,924.0 -1.12800702469244,40.3633589849001,924.0 -1.12799394881519,40.3634079357029,923.661099999998 -1.12798104092287,40.3634580589718,924.661399999997 -1.12797198859975,40.3635090213664,924.6394 -1.1279609240504,40.363559983038,924.071100000001 -1.12794902137289,40.3636109453555,923.606499999994 -1.12793292805456,40.3636600629862,923.552800000005 -1.12792303760328,40.3637090135703,923.697799999994 -1.1279159975064,40.3637589696048,923.616099999999 -1.12790895651121,40.363810937257,923.778099999996 -1.12790208350095,40.3638649165223,923.745500000005 -1.12789303027954,40.3639140346523,923.111000000004 -1.1278829727416,40.3639670083522,922.890599999999 -1.12787107006409,40.3640199820105,922.868400000007 -1.12785598285891,40.3640709439802,923.332899999994 -1.12784106274035,40.3641249237218,923.776299999998 -1.12782396420723,40.3641750471421,922.888399999996 -1.12780904408867,40.3642260089946,922.390700000004 -1.12780200309349,40.3642779769712,922.266799999998 -1.12778993332932,40.3643279332685,922.334700000007 -1.12777601932388,40.3643790626989,922.7592 -1.12775405910843,40.3644290189213,922.385800000004 -1.12773796579013,40.3644799805819,921.991299999994 -1.12772304567158,40.3645299367294,922.368300000002 -1.12770695235327,40.3645820721647,921.914199999999 -1.12769303834783,40.364633034394,921.710900000005 -1.12767292147537,40.3646819849561,921.488100000002 -1.12765699614199,40.3647329464253,921.580799999996 -1.12764593249097,40.3647850823881,921.795899999997 -1.12762598360346,40.3648380554034,921.076100000006 -1.12760804604385,40.3648900235927,920.491999999998 -1.1275889352845,40.3649419910573,920.741200000004 -1.12757401516594,40.3649929530145,921.0 -1.12755306106361,40.3650440826249,920.660999999993 -1.1275359616322,40.3650920274225,920.395900000003 -1.12751500663157,40.3651439954159,920.184999999998 -1.12748902286196,40.3651949572203,920.0 -1.12747008008757,40.3652450812138,919.662599999996 -1.12745398676927,40.3652970490892,919.672399999996 -1.12743403788176,40.3653470046313,918.775599999994 -1.12740905932696,40.3653969608208,918.632899999997 -1.12737905200319,40.3654460792034,918.429999999993 -1.12735306823361,40.3654960353194,918.0 -1.12732691647904,40.3655429736518,918.0 -1.12729808325337,40.3655919242375,917.126999999993 -1.12726204104756,40.3656380247356,917.0 -1.12722197528755,40.3656809397715,916.470700000005 -1.12717101386151,40.3657179876771,916.0 -1.12711703409609,40.3657469891752,915.4084 -1.12706003688962,40.3657759906608,915.0 -1.12700203446834,40.3658039859941,914.262900000002 -1.12694201982085,40.3658289642663,913.938800000004 -1.12687999384543,40.3658410345165,913.540299999993 -1.12682903152106,40.3658670182294,913.0 -1.12678695443315,40.3659020544405,913.0 -1.12674605144331,40.365943963855,912.206900000005 -1.12670397345707,40.3659880525226,912.0 -1.12663993615374,40.3659969373285,912.0 -1.12662099337935,40.366041026646,912.0 -1.12661898115309,40.3660919884566,911.0 -1.12662401082037,40.366137921608,911.0 -1.12663205703037,40.3661920680677,910.844599999997 -1.12663691871269,40.3662400127332,910.387300000002 -1.12664597103581,40.3662909750778,910.0 -1.12666893736437,40.3663399251203,909.852100000004 -1.12671302667852,40.3663709379291,909.008700000006 -1.12676398810459,40.3664099977171,909.770399999994 -1.12680204253663,40.3664500636126,911.220700000005 -1.12683406118831,40.366497001965,914.274300000005 -1.12687094152231,40.3665370678088,915.7451 -1.12691402472334,40.3665769652563,916.0 -1.12694403114878,40.366622060322,915.1774 -1.12698107946771,40.3666669869852,912.551399999997 -1.1270109188065,40.3667129197448,909.612800000003 -1.12702902435106,40.3667570085939,908.6489 -1.12706808399792,40.3668049528575,908.131200000003 -1.12711703409609,40.3668530654588,907.734299999996 -1.12715994931213,40.3668989980916,907.253100000002 -1.12719800284591,40.3669410752577,907.250100000005 -1.12724997128339,40.36697493847,907.405599999998 -1.12728601348924,40.3670190271477,906.066500000001 -1.1273029449357,40.3670679773459,905.0 -1.12729992749465,40.3671209506204,904.510399999999 -1.12727997860714,40.3671739245378,904.010500000004 -1.12724896517028,40.3672210307571,903.994099999996 -1.12720906739526,40.367268975375,902.944699999993 -1.12716095542528,40.3673110523102,904.985499999995 -1.12710697565983,40.3673410599241,906.632400000002 -1.12706204911586,40.3673839752446,903.718800000002 -1.127031035679,40.3674319197466,902.0 -1.12699599958627,40.3674810373307,902.275399999999 -1.12695291638524,40.3675249586761,902.509000000005 -1.12692106482022,40.3675740768769,902.103700000007 -1.12689005228166,40.3676190035899,902.555999999997 -1.12686004495792,40.3676669479248,902.111199999999 -1.12682400275207,40.3677170721334,902.0 -1.12679298931521,40.3677690394717,902.0 -1.12675895933564,40.3678159782745,902.0 -1.12672995812497,40.3678639224692,901.577600000004 -1.126697938575,40.3679140465313,901.525399999999 -1.12666591992332,40.3679599791254,901.4274 -1.12663608058454,40.3680060800572,901.532600000006 -1.12660992882997,40.3680510071667,901.361799999999 -1.12658696250144,40.3680979457731,901.217300000004 -1.12655695517766,40.368145052031,901.082599999994 -1.12652795396704,40.3681960136197,900.373000000007 -1.12649895275641,40.3682479812732,900.721699999995 -1.1264649218785,40.368295925845,900.605500000005 -1.12642904765765,40.3683440380664,901.607799999998 -1.12640205777492,40.3683939940879,901.324099999998 -1.12636802689701,40.3684380832062,901.881299999994 -1.12633701435845,40.3684830100278,902.0 -1.12630298348054,40.3685309544325,902.0 -1.12627096482889,40.3685770549737,902.195999999996 -1.12624196361823,40.3686280169201,902.932700000005 -1.12620994406826,40.3686739497121,902.675399999993 -1.12618094285763,40.368722062348,902.924599999998 -1.12615697041596,40.3687710126782,903.0 -1.12612595787739,40.3688209683832,903.554799999998 -1.12609595055365,40.3688719301452,903.955199999997 -1.12606493711679,40.368922054142,903.600900000005 -1.12603794813239,40.3689689928262,903.890599999999 -1.12601095824967,40.369017942977,904.343900000007 -1.12598799192111,40.369070078363,905.0 -1.1259539610432,40.3691170176285,905.311000000002 -1.12590400483195,40.3691629500873,906.0 -1.12585505473381,40.369198992043,906.089000000007 -1.12579202264527,40.3692259819191,907.0 -1.1257269792288,40.369251965696,907.231299999999 -1.12566696458131,40.3692779501472,908.3226 -1.12562807291938,40.369311980551,908.971099999995 -1.12560594471901,40.369358080558,910.0 -1.12561399092898,40.3694110547703,910.174700000003 -1.12565707413,40.369444917426,910.957200000004 -1.12570703034129,40.3694700633986,911.831000000006 -1.12574592200319,40.3695039260246,913.0 -1.12578196420904,40.3695460029333,913.110199999996 -1.12581197153278,40.3695949533495,914.186199999996 -1.12581800641485,40.3696519503364,915.0 -1.12580107496839,40.3696990568769,915.0 -1.12578397643527,40.3697449896234,915.0 -1.12577391799904,40.3697929338148,915.198000000004 -1.12577391799904,40.3698460753651,915.844299999997 -1.12577794155317,40.3699000545881,916.0 -1.12582605352318,40.3699409581762,916.0 -1.12589294118089,40.3699620810216,916.307799999995 -1.12595496715635,40.369985046967,916.795400000003 -1.12601498180384,40.3700100250585,916.748600000006 -1.12607399033821,40.3700299741261,916.844100000002 -1.12613098664638,40.370058975822,916.836899999995 -1.1261869777397,40.370087976821,916.357999999993 -1.12624397494617,40.3701159724166,916.716799999995 -1.12629795471159,40.3701469855411,916.730299999996 -1.12636400424117,40.3701729696472,916.929799999998 -1.12642401799036,40.3702059942094,916.578200000004 -1.12648302652474,40.3702390187554,916.305399999997 -1.12654304117226,40.3702740554315,916.045700000002 -1.12659601482456,40.3703109358713,916.0 -1.12665804079998,40.3703449664379,916.0 -1.12672291712979,40.3703739673139,916.0 -1.12678896665938,40.3704029688617,916.0 -1.1268509926348,40.3704319703971,916.0 -1.12691301861022,40.3704559422527,916.0 -1.12697806202669,40.370489972746,916.0 -1.12704494968441,40.3705199803135,916.0 -1.12709993466464,40.3705469696605,916.0 -1.12715106497397,40.3705739596811,916.2353 -1.12720705606732,40.3706049725949,916.0 -1.12726706981651,40.3706309565245,916.140199999994 -1.12732607835088,40.3706520791536,915.888800000001 -1.12738106422945,40.3706700165812,915.139599999995 -1.12743806053759,40.3706929829697,913.671600000001 -1.12749304641613,40.3707189668653,912.704700000002 -1.12755792184764,40.3707229897623,911.6011 -1.12761994782306,40.3707199722474,910.549299999999 -1.12767895725576,40.3707169547324,909.548699999999 -1.12773897100495,40.3707219843803,908.527300000002 -1.12780502053451,40.370726007277,908.0 -1.12786503518203,40.3707209783139,908.0 -1.12793192283977,40.3707159493503,908.0 -1.12799495492831,40.3707100819976,908.0 -1.12805798611852,40.3707250018951,908.0 -1.1281159894381,40.3707399211049,908.0 -1.12817902152664,40.3707640612129,908.0 -1.12823903527583,40.3707999360037,908.0 -1.12829804381023,40.3708309488135,907.9954 -1.12835504101667,40.3708599501647,908.0 -1.12841203822314,40.3708810727221,908.0 -1.12847406419856,40.3708990100887,909.0 -1.12853592218902,40.3709110801154,909.0 -1.12859996039068,40.3709229824626,909.125100000005 -1.12867003347443,40.3709270053474,909.731799999994 -1.12873608210569,40.3709310289162,910.300000000003 -1.12879995232238,40.370930022853,910.752099999998 -1.1288680131799,40.3709280114107,911.424400000004 -1.12893607493572,40.3709280114107,911.658500000005 -1.1289989390393,40.3709270053474,911.986199999999 -1.12906800600991,40.370929017474,912.633400000006 -1.12913405553949,40.3709330403584,912.777700000006 -1.12919608151491,40.370937063927,913.242499999993 -1.12925894561849,40.37094293126,913.873699999996 -1.12932801258913,40.3709499716482,914.0052 -1.12939607344662,40.3709519837742,914.726699999999 -1.12946296110437,40.3709600302244,915.0 -1.1295280045208,40.3709620416657,915.0 -1.12959103660938,40.3709670712953,916.0 -1.12965105125686,40.3709769615075,916.0 -1.12971207111917,40.3709850079547,915.964200000002 -1.1297719177817,40.3710009338536,915.977199999994 -1.12983293854233,40.3710260792456,915.915999999997 -1.12989898807192,40.3710530690743,916.089099999997 -1.12996000793423,40.3710790535156,916.517600000006 -1.13001499291443,40.3711070486993,916.698000000004 -1.13005992035673,40.371139067428,915.919999999998 -1.13010903843986,40.3711739366439,915.766699999993 -1.13015497109695,40.3712140017606,915.686499999996 -1.13020308306696,40.3712550729121,915.6973 -1.13024801050926,40.3712939649307,915.653399999996 -1.13029092572533,40.3713360420907,915.135699999999 -1.13033702636737,40.3713749340626,915.111900000004 -1.13037692414243,40.3714160058003,914.9853 -1.13041799511719,40.3714629441163,914.687699999995 -1.13046191644637,40.3715040158004,913.914699999994 -1.13051505718534,40.3715420692969,913.002399999998 -1.13056601950971,40.3715799557808,913.065199999997 -1.13061798704889,40.371613986391,913.0 -1.13066492581913,40.3716550572986,912.511100000003 -1.13070901513327,40.3716989786614,912.685700000002 -1.13074807478014,40.3717430676709,912.951300000001 -1.13077204632351,40.3717960413772,912.649399999995 -1.13077808210388,40.3718459975775,913.148499999996 -1.13078193767309,40.3718969591052,913.458299999998 -1.13078193767309,40.3719440654453,913.563800000004 -1.13077808210388,40.3719950275832,913.646900000007 -1.13077405854975,40.372044983636,913.233399999997 -1.13077992544686,40.3720989631509,912.488500000007 -1.13078093155997,40.3721529426225,912.401899999997 -1.13078596032892,40.3722059160067,912.181400000001 -1.13080406587349,40.3722560402614,911.274399999995 -1.13081797987893,40.3723019726339,911.0 -1.13083792876644,40.3723539405432,910.454800000007 -1.13083893398123,40.3724030586465,910.821899999995 -1.13084094620749,40.3724489916032,911.043000000005 -1.13086592386395,40.3724930801219,910.884300000005 -1.13091101839291,40.3725220814422,910.818799999994 -1.13097606270768,40.3725339841893,910.0 -1.13103406512894,40.3725450478839,910.0 -1.13108603266813,40.3725680143177,910.0 -1.13111905743292,40.3726149532,910.0 -1.13114604731565,40.372666920868,910.0 -1.13118896253168,40.3727130213176,910.0 -1.13123992485608,40.3727369937305,910.866999999998 -1.13124193618399,40.3727919787266,910.0 -1.13127395483566,40.3728419348729,910.651299999998 -1.13130899182669,40.3728900472709,911.070699999997 -1.13137001168899,40.3729190484203,911.172900000005 -1.13142801411028,40.3729490555905,911.425000000003 -1.13148802875777,40.3729629696437,911.172500000001 -1.13154703729214,40.3729760453334,911.314100000003 -1.13160202317071,40.3729970002399,911.778600000005 -1.13166304303301,40.373018961172,911.0 -1.13172993069073,40.3730159430755,911.314899999998 -1.13178793311201,40.3730000176528,912.256399999998 -1.13185599486783,40.3729810748127,912.357900000003 -1.13191097984804,40.3729599522292,913.188599999994 -1.13196898226933,40.3729329624798,913.310599999997 -1.13201893848058,40.3729069787534,914.512499999997 -1.13207208011784,40.3728809950169,915.0 -1.1321339381083,40.3728689246588,915.109400000001 -1.13219697019684,40.3728799889827,916.184899999993 -1.1322549726181,40.3728979265017,917.0 -1.13231599337873,40.3729230718703,917.0 -1.13237801935415,40.3729160310038,916.724000000002 -1.13244507499686,40.3729150249701,915.7984 -1.13249201286876,40.3729510676568,915.611499999999 -1.13252202019251,40.3729939828268,915.481 -1.13255403974251,40.3730380716734,915.488599999997 -1.1326060072817,40.3730699231814,915.592799999999 -1.13266501581607,40.3730890336683,915.297699999996 -1.13272804790461,40.3731009356309,915.539300000004 -1.13279493556235,40.3730920510771,915.616699999999 -1.13285796675256,40.3730699231814,915.804199999999 -1.13290993519008,40.3730320368508,915.362399999998 -1.13295502971904,40.3729939828268,916.0092 -1.13300096237613,40.3729559287814,915.900699999998 -1.13305192470053,40.3729210604875,915.429699999993 -1.13310607155258,40.3728890412368,915.325299999997 -1.13316692432826,40.3728640635279,915.202799999999 -1.13323699651368,40.3728509878165,915.638800000001 -1.13330606348428,40.3728489757472,915.0 -1.13337697469619,40.3728560166207,915.155299999999 -1.13344302422575,40.3728590340399,915.491599999994 -1.13351007897015,40.3728799889827,915.225600000005 -1.13356204740764,40.3729059727196,915.823799999998 -1.13361904371578,40.3729279336813,916.024600000004 -1.13368106969123,40.37294302076,915.563899999994 -1.13373907301079,40.3729669930911,915.792400000006 -1.13380495455542,40.3729889533485,915.487399999998 -1.13386597441772,40.3730149377277,915.634000000005 -1.13392900650626,40.3730370656415,915.690799999997 -1.13399505603584,40.3730519857082,915.201100000006 -1.13406496113464,40.373058020529,915.108699999997 -1.1341390568742,40.3730570144974,915.347399999999 -1.13420795675817,40.3730539970871,915.966799999995 -1.13427501150258,40.3730469562342,915.786399999997 -1.13434407847319,40.3730390777052,916.304399999994 -1.13441297745883,40.3730350542621,916.472800000003 -1.13447701566052,40.3730370656415,916.494500000001 -1.13454004774906,40.3730509796766,917.729900000006 -1.13460307983759,40.3730680787905,917.008700000006 -1.13465404126366,40.3730979182225,916.7736 -1.1346949451518,40.3731309434044,916.782099999997 -1.13473098735764,40.3731700026966,917.006099999999 -1.13477507577346,40.3732070505919,916.885200000004 -1.13482000321576,40.3732380636626,916.107900000003 -1.13486794720078,40.3732709211045,916.546300000002 -1.13493802028453,40.3732970723619,916.170400000003 -1.13500507592724,40.3733200385394,916.0 -1.13507095747187,40.3733359645708,916.0 -1.13514404709831,40.3733369705983,916.0 -1.1352139521971,40.373329929775,916.0 -1.13527799039875,40.373329929775,916.0 -1.13534303381523,40.37332791772,916.523100000006 -1.13540606590376,40.3733240619654,916.5334 -1.13547094133524,40.373325067993,916.532500000001 -1.13553497953693,40.373329929775,917.570900000006 -1.13560605783547,40.3733450167636,916.978900000002 -1.13566791672423,40.3733589307351,917.353600000002 -1.13572793047342,40.3733639601858,917.304000000004 -1.13578794512094,40.3733750244285,917.321100000001 -1.13585097720948,40.3733830705894,917.0 -1.13591702673903,40.3733790471669,917.0 -1.13598994927888,40.3733750244285,917.0 -1.13605901624948,40.3733579247081,917.050799999997 -1.13612003611179,40.3733399879959,917.631399999998 -1.13618105687242,40.3733240619654,917.299199999994 -1.13624492619079,40.3733029394894,917.792000000001 -1.13631801671556,40.3732819846781,918.095199999996 -1.1363870836862,40.3732729324768,918.564700000003 -1.13644693034873,40.3732719264485,919.003299999997 -1.13650493366831,40.3732829907063,919.228199999998 -1.13655706829416,40.3733089749721,919.696599999996 -1.13660501317748,40.3733379759413,920.267300000007 -1.13665999815772,40.3733730123749,921.110100000005 -1.13672504157419,40.3733979905795,920.608999999997 -1.13677600389856,40.3734209567226,920.849799999996 -1.13681808098647,40.3734580051643,921.079299999998 -1.13686200231565,40.3734930415355,920.917400000006 -1.13690793497277,40.3735260658394,921.2503 -1.1369530295017,40.3735649579162,921.305300000007 -1.13701203803611,40.3735909420733,920.605599999995 -1.13706903524254,40.3736199436055,920.247700000007 -1.13712603244901,40.3736499504635,920.027700000006 -1.13718202354237,40.373684986735,919.683699999994 -1.13723499719467,40.3737230410531,919.485199999996 -1.13727103940048,40.3737639443739,919.5965 -1.13732200082655,40.3737929458316,918.892200000002 -1.13735603170446,40.3738390461952,918.861799999999 -1.13739693559263,40.3738849788573,919.322799999994 -1.13743096557221,40.3739240390812,918.975999999995 -1.13747304266012,40.3739699716854,918.8505 -1.13748997410658,40.37402093366,919.664600000004 -1.13751998143036,40.3740620051537,919.753299999997 -1.13754093643098,40.3741089436798,919.095499999996 -1.13755401230827,40.3741629229101,919.349400000006 -1.13757295508266,40.3742160644363,918.863500000007 -1.13759508328303,40.3742650148821,919.146999999997 -1.13761302084264,40.3743169826464,919.317599999995 -1.13765392473077,40.3743510132431,919.0 -1.13769398959245,40.3743850431383,918.832800000004 -1.13773305013764,40.374429970786,919.021999999997 -1.13776305656309,40.3744780827344,918.554699999993 -1.13777998800955,40.3745270329899,918.635899999994 -1.13780194912329,40.3745759832098,919.238800000006 -1.13783195644707,40.374621916054,919.469800000006 -1.13786498121183,40.3746680165348,919.2264 -1.13790001730456,40.3747089199664,919.554900000003 -1.13794997351581,40.3747469737062,919.468999999997 -1.13799205060372,40.3747940801071,919.282000000007 -1.13803898937396,40.3748329721364,918.794699999999 -1.13808693335898,40.3748720318106,918.812399999995 -1.13813906888312,40.374910923795,918.753800000006 -1.13819204253543,40.3749499834241,918.684299999994 -1.13822892286943,40.3749930670413,918.496299999999 -1.13827301218357,40.3750319589557,918.428199999995 -1.13831307704525,40.3750740358347,918.282099999997 -1.13834207915418,40.3751189630229,918.755699999994 -1.13836504548274,40.3751689188129,919.447700000004 -1.13840997202674,40.3752140136044,919.2889 -1.1384570787819,40.3752549173889,919.842799999999 -1.13849999399797,40.3752909595084,919.818499999994 -1.13854693276821,40.3753310249148,919.813099999999 -1.13859202729717,40.3753650556838,919.816399999996 -1.13865405327259,40.3753910391467,919.521500000003 -1.13870602081178,40.3754230585772,920.008700000006 -1.13875295958198,40.3754510540095,920.408200000005 -1.13880006633717,40.3754800554254,920.663499999995 -1.13885404520426,40.3755080508339,920.336200000005 -1.13890601364178,40.375541075519,920.828999999998 -1.13897005094514,40.3755640416161,920.541899999997 -1.13902302459744,40.3755870083897,920.7886 -1.13909008024014,40.375608969162,920.437399999995 -1.13915093211746,40.375629923934,920.012400000007 -1.13920994065186,40.375658925273,920.024300000005 -1.13926392041728,40.37568407098,920.8272 -1.13932007949559,40.3757140782876,920.929499999998 -1.13937204703478,40.3757430795903,920.991599999994 -1.1394260268002,40.3757759364951,921.285600000003 -1.13948302310834,40.3758000761678,920.858500000002 -1.13953901420169,40.3758299157587,921.145000000004 -1.13959098263918,40.375862940286,921.195699999997 -1.13964395629148,40.3758999887538,921.320099999997 -1.13970799359484,40.3759070293085,919.5432 -1.13975996113402,40.375942065775,920.063399999999 -1.13979902078088,40.3759789458502,920.1878 -1.13983606909984,40.3760180055446,921.152799999996 -1.13988703142421,40.3760520366509,921.624800000005 -1.13994302251757,40.3760800318218,921.0625 -1.1399919726157,40.376111044939,921.494699999996 -1.14005198726322,40.3761370287985,921.296000000002 -1.14010496091553,40.3761660299193,921.001300000004 -1.14015592234157,40.376192014442,921.125799999994 -1.14019900554259,40.3762250387919,921.169800000003 -1.14027393941034,40.376234929601,920.100099999996 -1.14029305016969,40.3762810296626,920.327699999994 -1.1403109877293,40.3763319919423,920.747099999993 -1.14032993050369,40.3763899946878,921.064700000003 -1.1403659727095,40.3764369336452,921.312900000004 -1.1403989974743,40.3764850455293,921.656300000002 -1.14042900479808,40.3765309784408,921.285499999998 -1.1404580060087,40.3765789225947,921.803499999995 -1.14049002555868,40.3766240171269,922.228499999997 -1.14051902676931,40.3766669326951,922.6584 -1.14054903409305,40.3767090099218,922.383400000006 -1.14058691964187,40.3767549426806,923.313500000004 -1.14062799151496,40.3767919906578,922.941500000001 -1.14066906248976,40.3768350737816,923.133300000001 -1.14071197770583,40.3768810064544,923.823799999998 -1.14075891647603,40.3769200663102,924.001399999994 -1.14081608166746,40.3769559405611,923.450700000001 -1.14084592100624,40.377002041498,924.267399999997 -1.14087207276081,40.377049986001,924.863400000002 -1.14090392342753,40.3770940742467,925.002299999993 -1.14093996563334,40.3771369901998,925.076700000005 -1.14097500262437,40.3771790671329,924.884600000005 -1.14100903260398,40.3772260055406,925.314799999993 -1.141048930379,40.3772680831024,925.501499999998 -1.14108899613898,40.3773049631362,925.6446 -1.1411240322317,40.3773450287137,925.795599999998 -1.14116694744778,40.3773849266062,926.031300000002 -1.14121103676192,40.3774330384977,926.312600000005 -1.14125797553215,40.3774779654817,925.936700000006 -1.14131094918446,40.3775170256757,925.948300000004 -1.14135302627234,40.3775550791984,926.1106 -1.14139493537529,40.3775949769665,926.304399999994 -1.1414430473453,40.3776320251662,926.615399999995 -1.14148696867449,40.3776709169261,926.721600000004 -1.14154094843991,40.3777089710461,926.660300000003 -1.1415820194147,40.3777470251446,927.096000000005 -1.14162795207179,40.3777830672997,927.423699999999 -1.14167003005803,40.3778229649329,927.830499999996 -1.14171696792994,40.3778620242425,927.865699999995 -1.14175200492096,40.3779069516248,928.237399999998 -1.14179492013703,40.3779470168443,928.361699999994 -1.14183699722494,40.3779879210226,928.721799999999 -1.14188091855413,40.3780229570915,928.971399999995 -1.14191997820099,40.378063022242,928.714999999997 -1.14195400818057,40.378104932306,929.035999999993 -1.1419809980633,40.3781510324568,929.724499999997 -1.14201100538704,40.3781939477367,930.273499999996 -1.14205107114702,40.3782320015613,931.109800000006 -1.14209197503518,40.3782680441413,931.122700000007 -1.14214193034814,40.378300062889,931.270999999993 -1.1421970833133,40.3783270525416,931.348400000003 -1.14226497708416,40.3783530362309,931.037700000001 -1.14232297950542,40.3783770086903,931.243700000006 -1.14238400026605,40.3783989692376,931.709499999997 -1.14244703235459,40.3784219357292,931.379199999996 -1.14251106965795,40.3784430579692,931.642999999996 -1.14257594598776,40.3784579775232,930.998900000006 -1.14264199551735,40.3784609953759,930.992899999997 -1.14270100405172,40.3784740713674,930.996100000004 -1.14275498291884,40.3785109514253,931.038799999995 -1.14280493913009,40.3785359297783,931.252399999998 -1.14286193633656,40.3785600691465,931.420199999993 -1.14291692131677,40.3785890705929,931.699399999998 -1.14297391852324,40.3786130429683,932.577799999999 -1.14303393317076,40.3786329922264,932.465599999996 -1.14309696436096,40.3786619936414,932.330000000002 -1.1431599964495,40.3786760748572,932.128200000006 -1.14321799976909,40.3787060822009,932.3894 -1.14327801351827,40.3787300545347,932.100900000005 -1.14333601683786,40.378757044015,932.5524 -1.14333299939681,40.3788019714848,936.0 -1.14340106025433,40.3788049886378,935.627099999998 -1.1434600687887,40.3788150467258,934.601800000004 -1.14352092156438,40.3788319780881,935.649699999994 -1.14358898242187,40.3788450540076,935.779599999994 -1.14362804206873,40.3788799226575,935.938999999998 -1.14367900439313,40.3788460599527,934.402900000001 -1.14375192693295,40.3788539391714,933.172200000001 -1.14381697034938,40.3788740553313,934.441900000005 -1.14388301987897,40.3788889754742,934.659400000004 -1.14394705718233,40.3789040625868,934.083700000003 -1.14400707182981,40.3789230058148,934.521399999998 -1.14406691849238,40.37893993715,934.571800000005 -1.14413095669403,40.378947984015,934.0772 -1.14420002366463,40.3789550249355,933.391699999993 -1.14426305485487,40.3789719562627,934.064400000003 -1.14433195473885,40.3789840262119,934.838099999994 -1.14439900948322,40.3790019634746,934.421199999997 -1.14446505901281,40.3789969344447,934.3652 -1.14453094055744,40.3790229178757,933.909700000004 -1.14458106475365,40.3790569488329,935.068400000004 -1.14463403840595,40.3790829322408,936.092199999999 -1.14469505826826,40.379069018767,935.216100000005 -1.14477401569017,40.3790519198072,933.415299999993 -1.14484308266078,40.379069018767,934.267399999997 -1.14490695287747,40.3790800827572,933.965200000006 -1.14498104861706,40.3790980199943,934.862899999993 -1.14504693105999,40.3791050608992,934.715500000006 -1.14510593959439,40.3791229981296,935.205499999996 -1.14515807511854,40.3791530052742,935.734100000001 -1.14520903654461,40.3791799952694,936.0 -1.1452549692017,40.379208996449,936.0 -1.14532101873129,40.3792359864218,936.245500000005 -1.14538991861526,40.3792609638217,936.263800000001 -1.14545194459068,40.3792909715892,936.419599999994 -1.14550005656066,40.3793179608448,936.931899999996 -1.14556996165946,40.3793409277075,937.198000000004 -1.14562897019383,40.379370934755,937.035399999993 -1.14569099616925,40.3794009417892,936.502699999997 -1.14574799337572,40.3794240762797,936.0 -1.14580197224281,40.3793969187261,935.917300000001 -1.14584991712616,40.3794279316852,935.9571 -1.14591194310158,40.3794210584702,935.127699999997 -1.14594496786638,40.379370934755,935.0 -1.14598704495429,40.3793280195406,934.033800000005 -1.14602895495557,40.3792869478351,934.0 -1.14609098093099,40.3792569407502,933.436499999996 -1.1461459659112,40.3792269336518,933.0 -1.14621905643597,40.3792110083284,932.940900000001 -1.14629097286267,40.3792039674346,932.740999999995 -1.14635702239225,40.3791969265401,933.569399999993 -1.14642407713666,40.379193070437,933.8701 -1.14648794735336,40.379193070437,933.780599999998 -1.14655198555501,40.3791880414215,934.132700000002 -1.14661702897148,40.3791820064654,934.160000000003 -1.1466810662748,40.3791820064654,935.0 -1.14674694871776,40.3791999436754,935.175399999993 -1.14681299734902,40.3792269336518,936.0 -1.1468649657865,40.3792609638217,936.445800000001 -1.14691408386963,40.3792929827818,936.947499999995 -1.14697393053216,40.3793179608448,937.0 -1.14702992162552,40.3793509857155,937.190199999997 -1.14708306236445,40.3793819986957,937.859899999996 -1.14712798980675,40.3794160294715,938.0 -1.14717107300777,40.3794500602302,938.339600000007 -1.14721298211073,40.379488951625,939.0 -1.14727299675825,40.3795000162305,939.0 -1.14733804017469,40.3795000162305,939.0 -1.14734005150262,40.3795489662592,939.475300000006 -1.14735497162118,40.3795960727244,940.0 -1.14737994927764,40.3796379818349,940.437399999995 -1.14739906003699,40.3796849205824,941.0 -1.14742604991972,40.3797290098411,941.0 -1.14745907468451,40.3797660575517,941.657200000001 -1.14750098468576,40.379816014002,942.095799999996 -1.14754104954744,40.3798639585554,942.987099999998 -1.14757591855351,40.3799110648004,943.0 -1.14759502931286,40.3799670553452,943.666800000006 -1.14760408163598,40.3800190235017,944.0 -1.14763995675516,40.3800679738376,944.0 -1.14768505128413,40.3801150799399,944.921100000007 -1.14773400138226,40.3801420695497,944.809099999999 -1.14779904479873,40.3801739211212,945.0 -1.14785704721999,40.3802099633466,945.0 -1.14790901565751,40.380249022641,945.815199999997 -1.14795997708355,40.3802850648262,946.597200000004 -1.14801898561795,40.3803140662143,946.763999999996 -1.1480749767113,40.3803450794355,946.650800000003 -1.14812392770774,40.380376930911,946.512799999997 -1.14817908067293,40.3803990591444,946.047099999996 -1.14823892733546,40.3804230308757,945.961599999995 -1.14829894198298,40.3804510269677,945.899799999999 -1.14836499061424,40.3804770105221,945.606100000005 -1.14842701658966,40.3804989710692,945.180099999998 -1.14847797891406,40.3805309901253,945.847899999993 -1.14851603244781,40.3805710558372,945.251099999994 -1.14857805932153,40.3805970393454,945.0 -1.1486350556297,40.3806260405992,944.868000000002 -1.14868400662613,40.380662083267,944.781000000003 -1.14873396193909,40.3806989634958,944.393200000006 -1.14878006258117,40.3807360113572,944.292300000001 -1.14882499002347,40.3807779211271,943.844200000007 -1.14887394012161,40.3808129571136,943.941600000006 -1.14892004076368,40.3808520167428,943.866299999994 -1.14895893242559,40.3808910763492,943.678400000004 -1.14899698685766,40.3809279571369,943.8079 -1.14904006916036,40.3809660107859,944.0 -1.1490870079306,40.3810030591848,944.0 -1.14913092925978,40.3810379274021,943.945900000006 -1.14917200023458,40.3810759816732,943.936100000006 -1.14921893900478,40.3811110175047,943.952600000004 -1.14926001087791,40.3811529270413,944.0 -1.14930493742188,40.3811960101136,944.0 -1.14935003195084,40.3812370813395,944.0 -1.14939395328002,40.3812749678467,944.0 -1.14943301292688,40.3813120160756,944.0 -1.14948196302506,40.3813529195795,944.0 -1.14952906978022,40.3813899677655,944.0 -1.14956997366838,40.3814310388732,944.0 -1.14962797608964,40.3814679193653,943.884900000005 -1.14968195585506,40.3815049674881,943.915800000002 -1.14972403294297,40.3815450326208,943.953200000004 -1.14977197692799,40.3815829189548,943.847500000003 -1.14981908368318,40.3816199670144,943.798500000004 -1.14981103657485,40.3816660674971,944.385500000004 -1.14988094167365,40.3816699234586,943.814599999998 -1.14992301876156,40.3817029478606,943.657900000006 -1.14995805575259,40.38175106009,944.046700000006 -1.14998001596803,40.3818030275546,944.412200000006 -1.1500309782924,40.3818439314447,944.470000000001 -1.15009099204159,40.3818680709962,944.984599999996 -1.15014094825284,40.3818980782867,944.975900000005 -1.15019492801826,40.3819230567524,945.0 -1.15024605742929,40.3819560810303,945.0 -1.15029701975369,40.3819899442248,945.0 -1.15034596985183,40.3820279979582,945.0 -1.15039491994997,40.3820640405602,945.0 -1.15043900926411,40.3821049436075,945.0 -1.15048091836706,40.3821490326509,945.0 -1.15053104256331,40.3821740110237,945.0 -1.15057798133351,40.3822020063879,945.084099999993 -1.1506299488727,40.3822249729516,944.852899999998 -1.15069398617605,40.3822549800832,945.0 -1.15074897205459,40.3822720789143,944.842799999999 -1.15081803902523,40.3822890107764,945.0 -1.15088794412399,40.3823089596302,945.0 -1.15095801630941,40.3823300820202,944.795499999993 -1.15102004228483,40.3823580773196,944.533500000005 -1.15107804560442,40.3823879167431,944.832500000004 -1.15113101925672,40.3824269768276,944.882199999993 -1.15119405134526,40.3824569838692,944.667600000001 -1.15124702409927,40.3824900085696,944.926200000002 -1.15129999775157,40.3825230332538,945.092999999993 -1.15135297140387,40.3825560579219,945.041500000007 -1.15141097472342,40.3825890825738,945.0 -1.15146897714471,40.3826189218949,945.173899999994 -1.15151792724285,40.3826539582926,945.189899999998 -1.15156704532594,40.3826889946719,945.243499999997 -1.15161599632241,40.3827280545818,945.0 -1.15166394030743,40.3827669468214,945.0 -1.15171892528767,40.382803994914,945.134000000005 -1.15177106081182,40.3828410423021,945.0 -1.15181799958205,40.3828690380734,945.006399999998 -1.15188203778371,40.3829030684564,944.937900000004 -1.15193501143601,40.3829389429429,944.992599999998 -1.15197792665208,40.3829800144747,945.0003 -1.15202704473517,40.3830209183343,944.934200000003 -1.15206895383813,40.3830650067784,944.950899999996 -1.15210499604397,40.3831089282309,945.021999999997 -1.15214304957772,40.3831520114207,945.274699999994 -1.15218596569208,40.3831900651819,945.363200000007 -1.15221798434376,40.3832359976278,945.619200000001 -1.15226207275961,40.3832809248478,945.698499999999 -1.15230700020191,40.3833260196841,945.496599999999 -1.15236600873628,40.3833630674694,945.175700000007 -1.15242199982963,40.3834029652193,945.118900000001 -1.15247396736882,40.3834450423447,945.090700000001 -1.15252107412398,40.3834849407304,945.018599999996 -1.15256600066799,40.3835270178045,945.936900000001 -1.15261495076612,40.3835640654792,945.782800000001 -1.15265904008027,40.3836039637944,945.390899999999 -1.15271100761945,40.3836450349207,945.247499999998 -1.15276096383074,40.3836879501222,945.2739 -1.15281293136993,40.3837300270696,945.256500000003 -1.15286204945302,40.3837699252865,945.194900000002 -1.15291602921844,40.3838079786986,945.050399999993 -1.15296799675763,40.383843015162,945.809800000003 -1.1530249939641,40.3838780516072,945.589500000002 -1.1530799789443,40.3839159379976,945.488800000006 -1.15312993515559,40.3839519802738,945.366200000004 -1.15317603579763,40.3839920453196,945.459000000003 -1.15322800333682,40.3840279199104,945.440000000002 -1.15326907520995,40.3840689914626,945.589300000007 -1.15331400175392,40.3841050336568,945.5236 -1.15335792308311,40.3841449316516,945.274799999999 -1.15339798884312,40.3841870083135,945.169299999994 -1.15344794505437,40.3842230511289,945.054600000003 -1.15349404479812,40.3842659659621,945.012100000007 -1.15353897224042,40.3843100549598,945.121499999994 -1.1535889284517,40.3843499528331,945.217699999994 -1.15362999942647,40.3843940417758,945.808600000004 -1.15367794430982,40.3844339395994,945.905700000003 -1.15372505016668,40.384476016765,945.954800000007 -1.15377500637797,40.3845140704625,946.009600000005 -1.15381892770715,40.384553968215,946.075500000006 -1.15386804579025,40.3845930277278,946.057700000005 -1.15391900721632,40.3846329261178,946.005099999995 -1.15396896342757,40.3846689680103,945.928899999999 -1.15402193707988,40.3847029988525,945.878899999996 -1.154071055163,40.3847380348504,945.923800000004 -1.15412101137426,40.3847759214413,946.003100000002 -1.15418806701696,40.3847990554544,945.5291 -1.15424003455615,40.3848270510963,945.2022 -1.15429300820845,40.3848629252424,945.065600000002 -1.15434195830659,40.3848999735508,945.7886 -1.15438805894867,40.3849329977378,945.926000000007 -1.15443097416474,40.384969040154,945.965700000001 -1.15447506347888,40.3850050825509,945.985000000001 -1.15451999002285,40.3850449800126,946.073699999994 -1.15456005578286,40.3850900750365,945.960999999996 -1.15459794222994,40.3851350017041,945.980100000001 -1.15464605419996,40.3851750674148,945.984800000006 -1.154697015626,40.3852149654601,946.656000000003 -1.15474898406351,40.3852560362884,946.614000000001 -1.15479106115142,40.3852979459832,946.409599999999 -1.15482794148539,40.385345052534,946.379100000006 -1.15486096625019,40.3853940024211,946.1783 -1.15489097267563,40.3854429529568,946.419299999994 -1.15491695734354,40.3854959268404,946.849100000007 -1.15495299954939,40.3855440390978,946.546300000002 -1.1549830059748,40.3855939946847,946.970100000006 -1.15501200808376,40.3856469684494,946.564199999993 -1.15503899796648,40.3856959188013,946.031900000002 -1.15506296950983,40.385745036758,945.586200000005 -1.15507705150023,40.385798010404,944.856899999999 -1.15511007626502,40.3858439431244,944.0 -1.15514796271211,40.3858890376133,944.0 -1.15516304991733,40.3859230685234,944.0 -1.15519104501484,40.3859460351869,944.0 -1.15523295501609,40.38595894277,944.398700000005 -1.15526396755465,40.3859569310922,944.924299999999 -1.15530302720151,40.385951063698,945.0 -1.15536706540316,40.3859619602867,945.001999999993 -1.15542992950674,40.3859619602867,945.0 -1.15549698514945,40.3859830828996,945.425900000002 -1.1555630337807,40.3859919678063,945.599700000006 -1.15562505975612,40.3859949853215,945.644700000004 -1.1556939596401,40.3860000145132,945.732000000004 -1.15575699172867,40.3860060495427,945.843599999993 -1.15581801159098,40.3860149337621,946.0 -1.15587702012535,40.3860209687903,946.0 -1.15594692522411,40.3860249921421,946.0 -1.15601699830787,40.3860300213316,946.0 -1.1560880766064,40.3860370621962,946.0 -1.15615898781832,40.3860479587709,945.940700000006 -1.15622604256269,40.386058017146,945.831300000005 -1.15629997121562,40.3860799779264,946.126000000004 -1.15637004340104,40.3860980823077,946.513900000005 -1.15643994849984,40.3861119963825,945.993400000007 -1.15650700414251,40.3861230605846,946.090100000001 -1.15657607111314,40.3861319454728,945.6973 -1.15664597621191,40.3861399921629,946.005099999995 -1.15671403706943,40.386147033016,945.869699999996 -1.1567790804859,40.3861550797044,945.790399999998 -1.15684697425673,40.3861609470807,945.896599999993 -1.15691604122737,40.3861679879316,946.0285 -1.15698795765406,40.3861750287818,946.159400000004 -1.15706104817883,40.38618592465,946.375400000004 -1.15712994716452,40.3861979946752,946.176800000001 -1.15720002024824,40.3862130822037,946.0 -1.15727394800287,40.386220961245,946.155799999993 -1.15734502630141,40.3862320254292,946.482999999993 -1.15741895495434,40.3862410779421,946.473199999993 -1.15749405680704,40.3862549919874,946.755600000004 -1.15756496801895,40.3862749410352,946.346699999995 -1.15762095911227,40.3862960628657,947.244999999995 -1.15769203741081,40.386311988567,947.607499999998 -1.15775406338623,40.3863240585696,946.901299999998 -1.15782396848503,40.3863349550979,946.828200000004 -1.15789303545563,40.3863530600949,946.996799999994 -1.1579609292265,40.3863720032809,946.285999999993 -1.15802999619713,40.3863919522941,946.606599999999 -1.15810006838256,40.386411063108,947.006099999999 -1.15816494471237,40.3864310121096,947.426099999997 -1.15823501689779,40.3864519662526,947.353199999998 -1.15829302021738,40.386475938567,947.378200000006 -1.15835605230591,40.3864890143713,947.646200000003 -1.15842092773739,40.3865019225345,947.909899999999 -1.15848898859492,40.3865079575191,948.040900000007 -1.15855403201139,40.3865119808418,948.172200000001 -1.15862192578222,40.3865200274866,948.435200000007 -1.1586859639839,40.3865319298136,948.482300000003 -1.15875000128722,40.3865480230974,948.506899999993 -1.15881202726264,40.3865669662286,948.3361 -1.15887304802328,40.3865919443316,948.382700000002 -1.15893406788559,40.3866179282544,948.585500000001 -1.15899408253307,40.3866410623191,948.230100000001 -1.15904605007226,40.3866720753644,948.003599999996 -1.15910204116561,40.3867020825676,947.685599999997 -1.15915903837208,40.386732927947,947.459400000007 -1.15922408178852,40.38676394095,947.442999999999 -1.1592849345642,40.3867929422859,947.491299999994 -1.15934595442651,40.3868209377832,947.665399999998 -1.15940395774609,40.3868479274433,947.623900000006 -1.15946799504941,40.3868690497784,947.690400000007 -1.15953505069212,40.3868920161194,947.310500000007 -1.15959992612363,40.3869139773122,947.641199999998 -1.15966094688423,40.3869379494621,948.151800000007 -1.15972297285965,40.3869609157796,948.551600000006 -1.15978298750718,40.3869850555501,948.154500000004 -1.15985205357948,40.3870070160283,948.617700000003 -1.15991994735034,40.3870269648534,949.0 -1.15998499076678,40.3870499318248,948.724799999996 -1.16005104029637,40.3870750773857,949.058399999994 -1.16011206015867,40.3871000553002,948.833499999993 -1.16017693648849,40.3871250332055,949.123000000007 -1.16024801478702,40.3871379412468,948.352400000003 -1.16031708175766,40.3871449819956,947.874599999996 -1.16038799296957,40.3871500111015,947.603000000003 -1.1604619216225,40.3871500111015,947.5769 -1.16054004091623,40.387153029249,947.616299999994 -1.16060005466542,40.387153029249,947.595100000006 -1.16067700075939,40.3871600699962,947.724199999997 -1.16075193552544,40.3871689547476,947.895000000004 -1.16082703737814,40.387180018776,948.114100000006 -1.16089694157861,40.3871890711615,948.290399999998 -1.16096600854925,40.3871969500886,948.141199999998 -1.16103893108906,40.3872110315732,947.727799999993 -1.16109995184966,40.387227962878,948.0821 -1.16117605981548,40.3872370152571,948.256200000003 -1.1612489823553,40.3872450624995,948.409100000004 -1.16131905454072,40.3872640054347,948.480800000005 -1.16138996575263,40.3872740636282,948.003200000006 -1.16144796817389,40.3872849600028,948.107300000003 -1.16151100026242,40.3872889832791,947.579100000003 -1.16157101490995,40.3872909949172,947.315199999997 -1.16164293133664,40.3872940123742,947.356799999994 -1.16171903930246,40.3872960240121,947.455499999996 -1.1617840827189,40.3872859658219,948.029399999999 -1.16184795293563,40.3872779192686,947.876799999998 -1.16190796758312,40.387270040351,947.643700000001 -1.16196798133231,40.3872770810859,947.732300000003 -1.16202698986668,40.3872750694474,947.601299999995 -1.1620890158421,40.3872730578089,947.468200000003 -1.16214903048962,40.3872789250878,947.686400000006 -1.16221005125022,40.3872829483645,947.4038 -1.16228800255902,40.3872879774601,947.775899999993 -1.16235807564274,40.3873000472878,947.253700000001 -1.16243099818255,40.3873089320207,947.409899999999 -1.16249503548591,40.3873000472878,947.437000000005 -1.1625649405847,40.3873159734359,948.0 -1.16263501366842,40.3873359221695,948.653900000005 -1.16271095364929,40.387340951261,949.021900000007 -1.16277700317888,40.3873459803522,949.097800000003 -1.16283701692806,40.3873570443516,949.0 -1.16291094558099,40.3873510094431,948.678799999994 -1.16297699511058,40.3873620734415,948.396999999997 -1.16303801497289,40.3873709581663,948.572700000004 -1.1631000418466,40.3873830286634,948.818799999994 -1.16315905038101,40.3873910752041,949.5962 -1.16322007024331,40.3873989541076,950.0 -1.16327991690584,40.3874070006464,950.0 -1.16334496032232,40.3874080064637,950.0 -1.16341503340604,40.3874070006464,950.0 -1.16347907070939,40.3874170588186,949.440700000006 -1.1635439470392,40.387426949353,949.575599999996 -1.16360798434256,40.3874420366062,949.648400000005 -1.16367302865733,40.3874529336379,949.168699999995 -1.16373706596068,40.3874690267017,949.035199999998 -1.16379003961299,40.3874950102861,949.061600000001 -1.16384603070631,40.3875149596509,949.309999999998 -1.16390604535383,40.3875360817768,949.497300000003 -1.16397192689846,40.3875520071848,949.262900000002 -1.16403797642801,40.3875600543896,948.439799999993 -1.16410000240343,40.3875699449031,948.231899999999 -1.16415196994262,40.387596934263,948.626099999994 -1.16421097847702,40.387615039605,948.577999999994 -1.16426495824244,40.3876440405744,948.692200000005 -1.16431994322265,40.3876670073353,948.693400000004 -1.16436604386472,40.3877020438442,949.316800000001 -1.16442706462536,40.3877290331511,949.707999999999 -1.16448506704662,40.3877469708222,949.236699999994 -1.16455094859125,40.3877610521918,949.106 -1.16460492835667,40.3877840189128,948.844100000002 -1.1646679604452,40.3878069849418,948.678400000004 -1.16472797509269,40.3878289458362,948.609800000006 -1.16478094874499,40.3878529176605,948.658299999996 -1.1648399572794,40.3878819192117,948.725699999995 -1.16489091870547,40.387908070956,948.843999999997 -1.1649360132344,40.3879409280859,949.517999999996 -1.1649869755588,40.3879739528346,949.331000000006 -1.16503793788317,40.3879969187989,949.764800000004 -1.16509107862213,40.3880240763066,949.537500000006 -1.16514706971545,40.3880490545534,949.883799999996 -1.16520306080881,40.3880710146846,950.0 -1.16525301702006,40.388094987107,949.934200000003 -1.16532292211886,40.3881020277558,949.997900000002 -1.16538293676634,40.3881040393696,949.313200000004 -1.16543406617737,40.3881300233932,949.580300000001 -1.16549307471177,40.3881529899885,950.0 -1.16554805969198,40.3881860146332,949.882299999997 -1.16561192990867,40.388207975404,950.158200000005 -1.16566507154594,40.3882289296784,950.145699999994 -1.16572994697745,40.388255081288,950.252500000002 -1.16579096773809,40.3882780478406,950.557199999996 -1.16585399982662,40.3882979969734,950.339200000002 -1.16592004935621,40.3883199577077,950.625899999999 -1.16597704566435,40.388342923554,950.206200000001 -1.16603404287082,40.3883600228924,950.475200000001 -1.16609606884624,40.3883819836065,950.004700000005 -1.16615205993956,40.3883999211037,950.319499999998 -1.1662130807002,40.3884180255455,950.699900000007 -1.1662660543525,40.388444009448,950.588600000003 -1.16632606810169,40.3884750223474,951.033200000005 -1.16637501909816,40.3885030185141,951.1878 -1.16643000407836,40.3885330255857,951.444399999993 -1.16648800649965,40.3885549862434,951.643800000005 -1.16655003247507,40.3885719172104,951.267600000006 -1.16661205845049,40.3885930396891,951.445000000007 -1.16667492345237,40.3886059481334,950.843299999993 -1.16673108163235,40.3886250590032,951.113899999997 -1.16673594331467,40.3886770266384,952.266000000003 -1.1667979692901,40.3886969756531,952.375100000005 -1.16684608126007,40.3887259768409,952.4326 -1.16690106713864,40.3887549780161,952.212299999999 -1.16695806344678,40.3887859914565,952.148300000001 -1.16700097956115,40.388820021587,952.173699999999 -1.1670650168645,40.3888480176103,952.0 -1.16711698440369,40.3888840592999,952.229600000006 -1.16716107371784,40.38892596879,952.471799999999 -1.16720499504702,40.3889670400923,952.522899999996 -1.16724992159103,40.3890079444216,952.538400000005 -1.16728495768372,40.3890449918185,952.575700000001 -1.1673230121158,40.3890840514638,952.095799999996 -1.16734899588537,40.3891269673053,953.0 -1.16737699098288,40.389167032694,952.957200000004 -1.16740398086561,40.3892069304272,952.893700000001 -1.16744203529769,40.3892550427707,952.784400000004 -1.16746701295415,40.3892959462408,953.119099999996 -1.16750104383206,40.389338023106,953.444199999998 -1.16753406859685,40.3893809387855,953.687300000005 -1.16756591926357,40.389419998236,953.6106 -1.1676029675825,40.3894590583481,953.977499999994 -1.16763498623418,40.3894989559082,953.622099999993 -1.16766801099897,40.3895390217599,953.857199999999 -1.16771293844127,40.3895789192727,953.948900000003 -1.16775099197502,40.3896199908611,953.906199999998 -1.16779005162191,40.3896620675238,953.933300000004 -1.16782693195588,40.3897049829969,954.050300000003 -1.16786196804861,40.3897440429437,954.558900000004 -1.16790505124964,40.3897929930547,954.781799999997 -1.1679399202557,40.3898360760746,955.053400000004 -1.16797797378945,40.3898729567543,955.0 -1.16801099855424,40.3899110101395,954.883499999996 -1.16804502943215,40.3899510757461,955.023199999996 -1.1680770480838,40.3899899679203,954.982600000003 -1.16810102052547,40.3900340565922,955.244000000006 -1.16815298806466,40.3900600405554,954.337899999999 -1.1682079730449,40.3900799891605,953.830300000001 -1.16822607858943,40.3901289397116,954.956900000005 -1.16824099780969,40.3901770520805,955.0 -1.16827201124655,40.3902229845512,955.013300000006 -1.16830704733928,40.3902630499722,954.974799999996 -1.16833806077614,40.3903039541985,955.822199999995 -1.16836203231948,40.3903510599849,955.9565 -1.16839304575638,40.3904020218842,956.0 -1.16842607052114,40.390443931798,956.503899999996 -1.1684470255218,40.3904930497131,956.182199999996 -1.16847099706514,40.390544011505,956.777900000001 -1.168510056712,40.3905899444096,957.007500000007 -1.16853805270784,40.3906340333729,957.045800000007 -1.16855900770847,40.3906799662162,957.195200000002 -1.16858297925182,40.3907240551206,957.048299999995 -1.16861701012972,40.3907709936695,957.168699999995 -1.1686470174535,40.3908130709815,957.010599999994 -1.16868004221826,40.3908549799553,957.056200000006 -1.16871792866538,40.3908990687451,957.357399999994 -1.16875598219913,40.3909429905629,957.6302 -1.16879906540015,40.3909919404867,957.912400000001 -1.16884399194416,40.39103703495,957.193199999994 -1.16889495426853,40.3910749214187,957.742899999997 -1.16894792792083,40.391106940237,957.659199999995 -1.16899805121874,40.3911409705632,958.091700000004 -1.16905605453833,40.3911739957953,958.0 -1.16910601074958,40.3912120491296,958.474100000007 -1.16915797828877,40.3912469182201,958.359500000006 -1.16920994582796,40.3912829599943,958.217699999994 -1.16925604647003,40.3913200081924,958.125400000004 -1.16930600268129,40.3913500153773,958.705799999996 -1.16935595889257,40.391379016791,958.677100000001 -1.16940507697567,40.3914039951619,958.434500000003 -1.16945704451486,40.3914340023094,958.517300000007 -1.16951001816716,40.3914589799758,958.709400000007 -1.16955595082428,40.3914889870988,958.632599999997 -1.16961294803072,40.3915210064045,958.361499999999 -1.16968000277512,40.3915399495054,958.0 -1.16973197121261,40.3915699565924,958.0 -1.16978192742386,40.3915969464019,958.020999999993 -1.16983708038905,40.391621924692,958.555900000007 -1.16987898949201,40.3916539432502,958.506299999994 -1.16992995181638,40.3916879739841,958.448799999998 -1.16998694812455,40.3917119458032,958.243000000002 -1.1700509863262,40.3917129515562,957.396299999993 -1.17011100097369,40.3917409477452,957.528699999995 -1.17015894495874,40.3917679374862,957.585900000005 -1.17021108048289,40.3917959329681,957.471000000005 -1.17026003058103,40.3918219169357,957.815900000001 -1.17030797546438,40.3918609763389,958.686300000001 -1.17036497177252,40.3918929954676,958.987999999998 -1.17041291665587,40.3919250138969,959.095000000001 -1.1704229750921,40.3919739644753,960.124200000006 -1.17047594874441,40.3920120180417,960.0337 -1.17055691749422,40.3920029656203,959.512000000002 -1.17060603557732,40.3920440370986,960.195200000002 -1.17066605022484,40.3920700209705,960.001000000004 -1.17072505875921,40.3920849409274,959.407999999996 -1.17078691764797,40.3921109247835,959.078599999993 -1.17085196106444,40.3921260123558,958.997199999998 -1.17091398703986,40.3921439495399,958.418300000005 -1.17097601301528,40.3921620543437,958.071299999996 -1.17103502154969,40.3921850209324,958.0 -1.17109302397094,40.3922029581008,958.006800000003 -1.1711629290697,40.392224918246,957.624800000005 -1.17123300215346,40.3922450352023,956.982799999998 -1.17130005689783,40.392265989589,956.957599999994 -1.17136107765847,40.392282082871,956.676800000001 -1.17141991820788,40.3923000206978,956.939700000003 -1.17147305984514,40.3923260044709,956.612599999993 -1.1715349178356,40.3923469588324,956.967699999994 -1.17159208302703,40.3923680814955,956.505000000005 -1.17164907933517,40.3923840071293,956.838600000003 -1.17170507132685,40.392400938502,956.998699999996 -1.17176106242018,40.3924250783752,956.721699999995 -1.17182107616936,40.3924399982535,956.032300000006 -1.17188192894504,40.3924559238702,956.343200000003 -1.17194093747941,40.392467993456,956.0 -1.17200296345484,40.3924750343318,956.0 -1.17206800687131,40.3924790579822,955.960699999996 -1.17213003374502,40.3924859312332,955.695300000007 -1.17219692140277,40.3924969950723,955.093599999993 -1.17225794126508,40.3925080589096,955.0 -1.17232499600945,40.3925179500649,955.0 -1.17239004032425,40.3925249909354,955.0 -1.17245994542301,40.3925370605087,954.957699999999 -1.1725179478443,40.3925469509755,955.0 -1.17258299126074,40.3925660620954,954.561400000006 -1.17264904079033,40.3925749468178,954.649999999994 -1.17270503188368,40.3925930515057,954.108900000007 -1.17276605174599,40.3926059598674,954.334400000007 -1.17282204373764,40.3926279205653,954.0 -1.17286697028161,40.3926579278517,954.077300000004 -1.17291508225162,40.3926959817157,954.320399999997 -1.17295296869871,40.3927330298206,955.0 -1.17299806322767,40.3927670600092,954.984500000006 -1.17303192612062,40.3928079633988,955.0 -1.17306495088541,40.3928510465423,955.502800000002 -1.17310903930123,40.3928929563005,955.625499999995 -1.17315094930251,40.3929279928273,956.082599999994 -1.17319101506249,40.3929710752099,956.169699999999 -1.17323795293439,40.3930129848933,956.170700000002 -1.17327399514024,40.3930589181665,956.315900000001 -1.17331406090021,40.3931030068817,957.295800000007 -1.1733660284394,40.3931430719575,957.503599999996 -1.17339704187626,40.3931849815339,957.007199999993 -1.17343006664105,40.3932329261503,957.415500000003 -1.17346895830296,40.3932669567705,957.528699999995 -1.17351003017608,40.3933110453495,957.721900000004 -1.17355294539215,40.3933559726909,958.085600000006 -1.1735909989259,40.3934010669394,958.262700000007 -1.17362301757758,40.3934419706281,958.657300000006 -1.1736790086709,40.3934919271985,959.994399999996 -1.17371505087674,40.3935360156303,960.493600000002 -1.17374204075947,40.3935829542717,959.966199999995 -1.17377892109344,40.3936300605012,960.929300000003 -1.17381496329928,40.3936669411556,961.337799999994 -1.17385603517237,40.3937039894104,960.887600000002 -1.17389492683428,40.3937380197925,960.434599999993 -1.17393298036802,40.3937770794525,961.026299999998 -1.17393197515324,40.393824017926,962.547000000006 -1.17397304612803,40.3938679392043,962.962899999999 -1.17402300233929,40.3939049873485,962.991200000004 -1.17406994110952,40.3939450526314,963.094400000002 -1.17411402952533,40.3939809273941,963.162899999996 -1.17415895696764,40.3940169697576,963.0 -1.17417706161387,40.3940709487728,963.108999999997 -1.17422500649722,40.394106991088,963.082299999995 -1.17426792171329,40.394139009833,963.0 -1.17432106245226,40.3941720349631,963.376900000003 -1.17435593145833,40.3942119324678,963.560599999997 -1.17440002077247,40.3942330545459,963.335600000006 -1.17441896354686,40.394270941269,963.776500000007 -1.17444293598854,40.3943039656503,963.819399999993 -1.17449708284058,40.3943420199525,963.802200000006 -1.17453899194354,40.3943780621227,964.093999999997 -1.17458207514457,40.3944159480801,964.218099999998 -1.17463002002792,40.3944540016348,964.303799999994 -1.17467997623917,40.3944950729866,964.346699999995 -1.17472004110085,40.3945359766948,964.4516 -1.17476697987109,40.3945830829418,964.021399999998 -1.17480704563106,40.3946259986997,964.162700000001 -1.17483604684169,40.3946709251637,964.301900000006 -1.17488097428399,40.394710990675,964.394700000004 -1.17492992438216,40.3947490447472,964.373999999996 -1.17497904246526,40.3947770403581,964.131699999998 -1.17503302133235,40.3948010124458,964.126600000003 -1.1750620234413,40.3948400721734,964.216100000005 -1.17510292643114,40.394877958555,964.362599999993 -1.17516394719175,40.3949079655229,964.171900000001 -1.17521004783382,40.3949440080743,964.284700000004 -1.17527006158301,40.3949609394875,963.847699999998 -1.17531197158426,40.3949979870304,963.8269 -1.17536494523657,40.3950300060358,964.186499999996 -1.17539696388824,40.3950710777204,964.284499999994 -1.17545094365366,40.395105946181,964.160699999993 -1.17549905562368,40.3951389708369,964.221600000004 -1.17555102316286,40.3951659605843,964.207599999994 -1.17558807148179,40.3952030086985,964.068100000004 -1.17563501025203,40.395239051092,964.0 -1.17568194902226,40.3952779429488,964.789000000004 -1.17572201388391,40.3953200201813,965.065799999997 -1.17577398232143,40.3953520390336,964.861699999994 -1.17582192630645,40.3953880813473,964.814700000003 -1.17586098595331,40.3954259674205,964.961800000005 -1.17590993605148,40.3954630153917,965.469299999997 -1.17595905413457,40.395497045569,965.454500000007 -1.17601202778688,40.3955300707172,965.146699999998 -1.17606097788502,40.3955669510152,965.1587 -1.17611294632253,40.395593940591,964.764899999995 -1.17616105829251,40.3956219365348,964.251499999998 -1.17621704938587,40.395657978704,963.993400000007 -1.17627304047919,40.395688991702,964.5625 -1.17633506645461,40.3957149755357,964.130399999995 -1.17638401655278,40.3957490055857,964.034199999995 -1.17642693176885,40.3957880654474,964.215700000001 -1.17647102108299,40.3958229342209,964.262100000007 -1.17651192497113,40.3958579705915,964.212599999999 -1.17656305438216,40.395889989188,963.996899999998 -1.17661099836718,40.395919996389,964.064700000003 -1.17666196069158,40.3959459808177,964.198699999994 -1.17672096922595,40.3959570447724,964.086500000005 -1.1767930536376,40.3959689467999,963.998000000007 -1.17685792996742,40.3959939248365,964.0 -1.17692196727077,40.3960170591013,963.924199999994 -1.17698399324619,40.3960430428084,964.0 -1.17704400789368,40.3960720442533,963.945800000001 -1.17709999898703,40.3960990343108,964.0 -1.17715397875245,40.3961280357316,964.031000000003 -1.1771980671683,40.3961580428265,964.681800000006 -1.17725808181579,40.3961860385357,964.284199999995 -1.17731105546809,40.396215039919,964.907699999996 -1.1773759308996,40.3962400178644,964.416200000007 -1.17742404376791,40.3962670071704,964.166299999997 -1.17747902874812,40.3962919857806,964.113100000002 -1.17754004861042,40.3963089168549,963.925799999997 -1.17760593105338,40.3963209871183,964.0 -1.17767197968464,40.3963340630635,964.0 -1.17774205276836,40.3963419416049,964.042199999996 -1.17781195786716,40.3963630643831,965.0 -1.17788203095088,40.3963789897562,965.0 -1.17793802204423,40.3964039676407,964.925000000003 -1.17798998958342,40.3964329689302,964.737099999998 -1.17804095190782,40.3964649879373,964.668999999994 -1.17808604643675,40.3965050537494,964.816600000006 -1.17812292677075,40.396549980328,965.009300000005 -1.17817992307889,40.3965819992795,964.793699999995 -1.17823893161326,40.3966089891326,965.0 -1.1783019637018,40.3966339669318,964.872399999993 -1.17834806434388,40.3966720212854,965.690400000007 -1.17841294067369,40.3966810737634,965.149799999999 -1.17846993698186,40.396700016781,965.2693 -1.17852492286039,40.3967219775119,965.737599999993 -1.17858191916853,40.3967529900199,965.567299999995 -1.17863606691891,40.396790037945,965.474600000001 -1.17868501701705,40.3968220574665,965.393200000006 -1.17872407666394,40.3968619547692,965.584000000003 -1.17875693344374,40.3969030260205,965.907900000006 -1.17882600041438,40.3969219696598,966.003700000001 -1.17886807750229,40.3969590174919,965.837 -1.17890495783626,40.3969980773359,966.410300000003 -1.17894904715041,40.3970349575138,966.448399999994 -1.17900604345858,40.3970679819078,966.179099999994 -1.17905097090088,40.3970979892679,966.0533 -1.17909405410191,40.3971380547033,966.642099999997 -1.17914501552798,40.3971789588584,966.357600000003 -1.17918591941611,40.3972119831816,966.076700000005 -1.17922900261714,40.3972480251839,966.221099999995 -1.17927694660216,40.3972830614971,966.162800000006 -1.17932002980319,40.3973209478723,966.2402 -1.17935607200903,40.3973600075063,966.555099999998 -1.17939596978405,40.3974000734699,967.487599999993 -1.1794259771078,40.3974429888006,967.788199999995 -1.17945397310364,40.3974880830486,968.055900000007 -1.17949605019155,40.3975249636423,968.0 -1.17953997062241,40.397564023158,967.666200000007 -1.1795870773776,40.3975980536416,967.6394 -1.17962496382472,40.3976389575172,967.757700000002 -1.17967206968158,40.3976689646229,967.583299999998 -1.17971498489765,40.3977050070646,967.749200000006 -1.179762929781,40.39774004314,967.453699999998 -1.17981506530515,40.3977730678722,967.708599999998 -1.17986200407535,40.3978079363018,967.834799999997 -1.17991296550142,40.3978389496778,968.222800000003 -1.1799590661435,40.3978709687005,968.588399999993 -1.1800039935858,40.39790701035,968.628700000001 -1.18004808200161,40.3979420470043,969.020399999994 -1.18009502077185,40.3979760772969,969.058999999994 -1.1801369298748,40.3980220106051,969.321800000005 -1.18018403663,40.3980630818328,969.373999999996 -1.18016006418832,40.3981110263964,970.871400000004 -1.18022007883581,40.39810800874,969.890899999999 -1.18026701760604,40.3981400276348,970.611099999995 -1.18031295026313,40.3981780811372,970.572700000004 -1.18035703867898,40.3982189853446,971.156400000007 -1.18040498356233,40.3982590507969,970.555600000007 -1.18043901354191,40.3982999542709,971.143200000006 -1.18047505574775,40.398337002029,971.324399999998 -1.18052098930317,40.3983730447972,970.883400000006 -1.18056206027797,40.3984070748719,970.892000000007 -1.18060899904817,40.3984439556463,971.043300000005 -1.18065794914634,40.3984880442562,970.440499999997 -1.18070304367527,40.39852794194,970.455900000001 -1.18075299988655,40.3985690135432,969.971600000004 -1.1807910543186,40.3986099168289,969.989400000006 -1.1808279346526,40.3986489770834,970.200500000006 -1.18087504050946,40.3986860246493,970.0 -1.1809159443976,40.3987279341963,970.0 -1.18096103892656,40.3987720233043,970.0 -1.18101099513781,40.3988070595085,970.016199999998 -1.18105592168182,40.3988380724243,969.887199999997 -1.18110101710907,40.3988809875225,970.0 -1.18114694976619,40.3989170299996,970.0 -1.18120394607433,40.3989500548385,970.0 -1.18125407027054,40.3989839176983,970.0 -1.18130905525078,40.3990129192447,969.928599999999 -1.18136806378515,40.3990380644435,969.099100000007 -1.18140997378644,40.3990789681284,969.250700000004 -1.18145305698746,40.3991200393954,969.384399999995 -1.18149194864937,40.3991560817444,969.461800000005 -1.18154006061935,40.3991949740752,969.508400000006 -1.18158699938958,40.3992300100593,969.480200000005 -1.18163192683188,40.399269069954,969.551300000006 -1.18168003880186,40.3993009213741,969.838499999998 -1.18172597145898,40.3993309284231,969.874400000001 -1.18177492155712,40.3993659650206,969.915800000002 -1.18182705708127,40.3993959720406,969.930600000007 -1.18188606561564,40.3994239677717,969.517200000002 -1.18194892971925,40.3994509571696,968.916599999997 -1.18200592692569,40.3994880049784,968.763900000005 -1.18205303368088,40.3995319266667,969.787800000006 -1.18209192534278,40.3995709863863,969.252099999998 -1.18212796754863,40.399608034129,969.329299999998 -1.18215998620031,40.3996509494205,969.318799999994 -1.18219703451923,40.3996970498757,969.068499999994 -1.18222301828884,40.3997389594774,969.529699999999 -1.18225805438154,40.3997860655047,969.7111 -1.18228303293633,40.3998309926304,969.533899999995 -1.18231706291594,40.3998700521764,969.751199999999 -1.1823480763528,40.3999119616704,969.923599999995 -1.18235293803513,40.3999669470621,970.351500000004 -1.1822810207101,40.3999800229833,972.0 -1.18230901670594,40.4000199211512,971.8226 -1.18233500047552,40.4000680332942,972.0 -1.18237707756343,40.4001159771142,972.234899999996 -1.18241295178431,40.4001570484327,972.330799999996 -1.18243793033911,40.400202981621,972.737800000003 -1.18246793766285,40.4002480760728,973.0 -1.18249794498659,40.4002909916404,973.0 -1.18252493397099,40.4003359184291,973.574299999993 -1.18254605695657,40.4003830247228,974.0 -1.1825750581672,40.4004259402044,974.452300000004 -1.18260305416304,40.4004760639856,974.766499999998 -1.18261797338327,40.4005290376741,975.829299999998 -1.18263104926055,40.4005769818498,975.977299999999 -1.18265099814806,40.4006210711152,976.861099999995 -1.1826610565843,40.4006740446895,978.0 -1.18267497058974,40.400721988762,977.966700000004 -1.18267798803079,40.4007699334844,977.834499999997 -1.18265803914328,40.4008279363941,978.222299999994 -1.18267698191767,40.4008730311113,978.206300000005 -1.18269005779492,40.4009189638111,978.441900000005 -1.18270900056935,40.400971937151,978.738299999997 -1.18273196779621,40.4010250787356,978.730899999995 -1.18274906632933,40.4010700057185,978.477499999994 -1.18276096900684,40.4011159382839,979.153300000005 -1.18277806753996,40.4011640503278,979.875700000004 -1.18279399377163,40.4012119954195,979.478900000002 -1.18281092521809,40.401259939793,979.423899999994 -1.18284193775665,40.4013040286111,979.729399999997 -1.18287596863456,40.4013489554078,980.1872 -1.18292206927664,40.4013849972476,980.5864 -1.18296800193372,40.4014200341443,980.683900000004 -1.18300806769374,40.4014599314586,980.9908 -1.18304997679669,40.4014999970345,981.061900000001 -1.18308702511562,40.4015380513741,980.684099999999 -1.18311300888523,40.4015799605138,981.145399999994 -1.18314100398274,40.4016240491223,980.9856 -1.18316095287025,40.4016699819939,981.0 -1.18317302353271,40.4017179267252,981.002299999993 -1.18318593142504,40.4017670446257,980.853099999993 -1.18321208317957,40.4018139836859,981.0 -1.18326002716463,40.4018510315624,980.979399999997 -1.18330595982172,40.4018870738175,980.932700000005 -1.18335306657691,40.4019219421687,980.999599999996 -1.18340000534715,40.4019589899857,981.921499999997 -1.18344392667633,40.4019970440659,982.0 -1.18349807352838,40.4020280568803,981.8848 -1.18354702362655,40.4020649377234,982.089900000006 -1.18358692140157,40.4021050029392,982.934200000003 -1.18362095227948,40.4021489242883,983.0 -1.18365598837217,40.4021899957348,983.342699999994 -1.18368599569591,40.4022310671562,984.032800000001 -1.18372706667071,40.4022739821438,984.182499999995 -1.18376193567678,40.4023140479193,984.879100000006 -1.18379093688741,40.4023629977858,986.039999999994 -1.18381792677013,40.4024089308372,985.960999999996 -1.18384206629844,40.4024540251794,986.609400000001 -1.18387106840739,40.4024969407089,987.964800000002 -1.18390291907411,40.4025390182184,989.001699999993 -1.18395203715721,40.4025730482396,988.724799999996 -1.18401003957846,40.4025990321528,988.626900000003 -1.18407206645222,40.4026260223301,988.804900000003 -1.18412705143245,40.4026429538637,989.234700000001 -1.1841939390902,40.4026669258872,989.567800000004 -1.1842549589525,40.402680001284,990.0 -1.18431799104104,40.4026999502548,989.543300000005 -1.18436895336541,40.4027299578411,990.081900000005 -1.1844209209046,40.4027589591418,990.127699999997 -1.18447205031563,40.4028000302161,990.135200000004 -1.18450893064963,40.4028389224939,990.452300000004 -1.18454899640961,40.4028739586338,991.0 -1.18459392295358,40.4029059779982,990.948300000004 -1.18462694771837,40.4029460433975,990.965899999996 -1.18465192627316,40.4029949934886,991.0 -1.18471194092068,40.4030280183793,991.207500000004 -1.18475200578233,40.4030660718552,991.271200000003 -1.18479793933778,40.4030999346968,991.126699999993 -1.18484303386671,40.4031420118294,991.140499999994 -1.18488393685655,40.4031800659249,991.330799999996 -1.18493003749862,40.4032189579831,991.742800000007 -1.18498200593611,40.4032539946093,991.671199999997 -1.18503497869012,40.403287019373,991.164499999999 -1.18508007411737,40.4033220552797,991.0 -1.18512500066134,40.4033569242557,991.145600000003 -1.18516992810365,40.4033990012276,991.272800000006 -1.18522508106884,40.4034269966621,991.120699999999 -1.18529297394137,40.4034600213409,991.0 -1.18534091882472,40.4034960634186,991.0 -1.18537997847159,40.4035450137938,990.962199999994 -1.18541702589222,40.4035810565101,991.084900000002 -1.18546094722143,40.4036169309271,991.0 -1.18550403042243,40.4036529729208,991.0 -1.18554895786476,40.4036829800822,990.974900000001 -1.18560092540395,40.4037260631079,990.988700000002 -1.18563797282458,40.4037649548507,991.0 -1.18568105602561,40.4037969737912,991.0 -1.18572900090893,40.4038249697443,990.978199999998 -1.18577107799684,40.4038640290252,991.0 -1.18580996965874,40.4039010771416,990.716 -1.18586797297833,40.4039349402472,991.0 -1.18592597539961,40.4039750057182,991.058099999995 -1.18597006381543,40.4040080301282,991.397500000006 -1.18601499125773,40.4040390433842,991.781099999993 -1.18607701723315,40.4040730740152,991.217900000003 -1.18612194467545,40.4041069370343,991.041800000006 -1.18617206797336,40.4041389558122,991.735199999996 -1.18622202418465,40.404166950939,991.477400000003 -1.18626594551384,40.4042019877558,991.503899999996 -1.18631606881172,40.4042360183045,991.421300000002 -1.18636200236717,40.4042710544012,990.914699999994 -1.18640692891114,40.40430407935,991.319300000003 -1.18645504088112,40.4043399540658,991.256999999998 -1.18649996832342,40.4043739845446,991.333299999998 -1.18654707418032,40.4044060031954,991.311100000006 -1.18658596674052,40.4044440572604,991.330300000001 -1.1866260316022,40.4044789256552,991.308600000004 -1.18667800003971,40.4045220088556,991.352100000004 -1.18671605357346,40.4045580510487,991.549299999999 -1.18674807222514,40.4045979485553,991.084400000007 -1.18679299966744,40.4046470664066,991.239499999996 -1.18684396109351,40.4046929992675,991.331699999995 -1.18687598064349,40.4047330649713,991.579400000002 -1.18691403417723,40.4047699457005,991.189400000003 -1.18695192062435,40.4048100106745,991.0 -1.18697807148059,40.4048519205134,991.018500000006 -1.18700707358951,40.4049050617712,991.0 -1.18704797657935,40.4049520000113,991.0 -1.18707999612936,40.4049999444573,991.143100000001 -1.18710497378582,40.4050410162164,991.3609 -1.18714906309996,40.4050760525782,991.248600000006 -1.18720002452603,40.4051040479993,991.147299999997 -1.18724696329627,40.4051340551979,991.453399999999 -1.1872920578252,40.4051640623831,991.636199999994 -1.1873369852675,40.4051940695549,991.616999999998 -1.18738291792462,40.4052230711622,991.397800000006 -1.18743807088982,40.4052599516228,991.240999999995 -1.18749305587002,40.4052949878707,991.1158 -1.18755105918961,40.4053320358835,991.090500000006 -1.18760705028296,40.4053529903017,991.030599999998 -1.18765298294005,40.4053850091709,991.0 -1.18771098536134,40.4054250751468,991.0 -1.18776295290052,40.4054659783712,991.0 -1.18780603610155,40.4054990034178,991.0 -1.18786504463592,40.4055380630953,991.0 -1.18792304795551,40.4055759489293,991.0 -1.1879830617047,40.4055870133537,991.0 -1.18803905279802,40.405606962147,990.907699999996 -1.1880809627993,40.4056389808954,990.988500000007 -1.18811801111826,40.4056859199918,990.604600000006 -1.18815807597991,40.4057279968759,990.755600000004 -1.18819696854014,40.4057670564207,991.0 -1.18825195352038,40.405790023157,991.0 -1.18830693850058,40.4058230473605,991.0 -1.18836795926122,40.4058540604643,991.001000000004 -1.18841707734431,40.4058840680125,991.0 -1.18847306843767,40.4059040167178,991.0 -1.18853492642813,40.4059370415495,991.0 -1.18855705462853,40.4059650372966,991.0 -1.18862293617313,40.4059930323479,991.0 -1.18868395693377,40.4060270633591,990.906900000002 -1.18873408023168,40.4060629378406,991.0 -1.18878303122815,40.4060979743546,991.0 -1.18883499876733,40.4061199347561,991.0 -1.18888797241964,40.4061430689616,991.0 -1.18895100450817,40.4061730756969,991.0 -1.18900598948838,40.4061910132431,991.0 -1.18904907268941,40.4062260496904,991.0 -1.18910891935197,40.4062580681443,991.0 -1.18916407231713,40.4063009839848,990.304900000003 -1.18921101108737,40.4063350141562,990.213399999993 -1.1892579498576,40.4063700505285,990.132299999997 -1.18933003426926,40.4063849707368,990.0 -1.18938099569533,40.4064119600801,990.0 -1.18942407889636,40.4064520254448,990.0 -1.18946900633866,40.4064830389428,990.0 -1.18952499743201,40.4065130462106,990.0 -1.18957294141703,40.4065430534651,989.944799999997 -1.18963899094662,40.406569037214,989.543600000005 -1.18969196459892,40.4065970326981,989.2111 -1.18974896180536,40.4066210046815,989.0 -1.18981299910872,40.4066520181017,989.034499999994 -1.18986999631519,40.4066890660517,989.0095 -1.18992397518227,40.4067140442152,988.688099999999 -1.18997795494769,40.4067370106284,988.3848 -1.19004098703626,40.406767017783,988.154599999994 -1.19008893191958,40.4067960187125,988.362599999993 -1.19014106654543,40.4068220030477,988.448499999999 -1.1901900175419,40.4068520101644,988.570600000006 -1.19023896764004,40.4068800055309,988.973899999997 -1.19028707961001,40.4069069953597,988.764800000004 -1.19032798349815,40.4069420314343,989.135500000004 -1.19041196968902,40.406935996913,989.0 -1.19045706421798,40.4069720391815,989.0 -1.19049796810611,40.4070099248924,988.979999999996 -1.19053903997924,40.4070469733294,988.917799999996 -1.19058597874944,40.4070789920767,989.0 -1.19062403228319,40.4071180515215,989.0 -1.19065504482175,40.4071589550851,989.0 -1.19068404693071,40.4072010324164,989.0 -1.19072193247949,40.4072409304085,989.0 -1.19076099212636,40.4072769725138,988.953399999999 -1.19079602911738,40.4073170380476,989.684200000003 -1.19083994954827,40.407348051147,989.605800000005 -1.1908830327493,40.4073810759542,989.667499999996 -1.1909219253095,40.4074189621188,989.903300000005 -1.19095897273016,40.4074550041288,990.0 -1.19100406725909,40.4074870233661,990.0 -1.19104698337349,40.4075190419042,990.0 -1.19108503690723,40.4075540783441,990.0 -1.19111705555891,40.407593976127,990.0 -1.19114605676954,40.4076360531864,990.0 -1.19117505887846,40.4076759509206,990.0 -1.19121093309935,40.4077279189016,989.972200000004 -1.19124596919205,40.4077820661379,990.0 -1.19127396518789,40.4078239754942,990.0 -1.19130497772645,40.4078640413864,990.169299999994 -1.19132895016813,40.4079059506918,990.573699999994 -1.1913529226098,40.4079490337506,991.0 -1.19138695258938,40.4079879257894,990.882400000002 -1.19141997735417,40.4080259791974,991.0 -1.19145300211897,40.4080640332678,991.0 -1.19149005043789,40.4081039314324,991.0 -1.19153296565396,40.4081349441692,991.0 -1.19157403662876,40.4081669630831,991.157600000006 -1.19161594663005,40.4081999874884,991.001699999993 -1.19166506471314,40.4082299946747,991.0 -1.19170697381609,40.4082650314287,991.105800000005 -1.191749050904,40.4082970502806,991.058300000004 -1.19179096090526,40.4083310808109,991.0 -1.1918270031111,40.4083709788171,991.123300000007 -1.19186706797278,40.4084060148136,991.231799999994 -1.19190897797403,40.408442056979,991.0 -1.19194401406673,40.4084819549195,991.019799999995 -1.1919740213905,40.4085280554831,991.332500000004 -1.1919929641649,40.4085739884316,991.045599999998 -1.19202196627382,40.4086289735882,991.0 -1.1920519735976,40.4086680335014,991.052500000005 -1.19207795736717,40.408708936807,991.0 -1.1921069585778,40.4087490021724,991.005099999995 -1.19214199467053,40.408786050336,990.938399999999 -1.19217803687634,40.4088249425752,991.0 -1.19221491721034,40.4088650078715,990.718399999998 -1.19223905763698,40.4089060793241,990.898400000005 -1.19227392574471,40.4089560353644,990.699800000002 -1.19230896273574,40.4090029741996,990.878100000002 -1.19234701626949,40.4090470627342,991.0 -1.1923870820295,40.4090929960125,990.708499999993 -1.19242697980452,40.4091399340681,991.0 -1.19247308044659,40.4091789943688,990.838399999993 -1.19252102443161,40.4092180539628,990.295199999993 -1.19254600298641,40.4092710276118,990.760899999994 -1.19257701552497,40.4093099195707,991.0 -1.19257399808392,40.4093550140777,991.014299999995 -1.19259193564353,40.4093999409731,991.218999999997 -1.1926060167356,40.409448053252,991.658299999996 -1.19260098796664,40.4095040445497,991.706300000005 -1.19256092220663,40.4095519884892,992.567200000005 -1.19252102443161,40.4095920540366,992.659799999994 -1.1924869935537,40.4096349698033,993.337599999999 -1.19245095134786,40.4096750353013,993.4611 -1.19241407101389,40.409716944847,993.644799999995 -1.19237702359326,40.4097620390812,994.0 -1.19233494650535,40.4098009314404,994.0 -1.19231298539161,40.4098510550808,994.0 -1.19227794929888,40.4098989994571,994.0 -1.19223101052864,40.4099410764434,994.0 -1.19218507787156,40.4099819803433,994.0 -1.19215305921988,40.4100240572777,994.0 -1.19214601822466,40.4100780371389,993.496700000003 -1.19212891879325,40.4101310107949,993.075100000002 -1.19209405068551,40.4101710759977,992.892699999997 -1.19207594514094,40.410221032467,992.287700000001 -1.19208298613613,40.4102790347569,991.959000000003 -1.1921069585778,40.4103320089387,990.921900000001 -1.19215205310676,40.4103799529723,990.0 -1.19218792732762,40.4104300768655,989.685500000007 -1.19221206775425,40.4104810386151,989.0 -1.19221894076451,40.4105350181098,989.0 -1.19223101052864,40.4105910091871,989.872499999998 -1.19222899920074,40.4106409653447,990.0 -1.19227794929888,40.4106820370815,990.0 -1.19233293427912,40.4107130499984,990.262400000007 -1.19238506980326,40.4107450690536,991.0 -1.19244592257891,40.4107760819415,991.0 -1.19249906421617,40.4108079333888,991.0 -1.19254499687329,40.4108560453451,991.093099999998 -1.19259595829936,40.4109019780728,992.0 -1.19265194939268,40.4109370141197,992.0 -1.19272101636332,40.410944055116,992.0 -1.19278304323704,40.4109170655381,992.0 -1.19283501077623,40.4108810233302,992.0 -1.19284992999649,40.410906001306,992.0 -1.1928839608744,40.4109549517643,992.0 -1.19286602331479,40.411000046537,992.0 -1.19286803554102,40.4110469853145,992.0 -1.1928980428648,40.411089062267,992.0 -1.19295503917294,40.4111219190292,992.0 -1.19302008258937,40.411149076786,992.0 -1.19309501735545,40.4111509208182,992.613100000002 -1.19314195612565,40.4111869628816,993.0 -1.19319895243383,40.4112230049256,993.0 -1.19325092087131,40.411252006671,993.0 -1.19331898172883,40.4112389308874,992.945500000002 -1.19334697682635,40.4112789961145,993.0 -1.19339995047865,40.4113100094402,993.0 -1.19346197735237,40.411340016608,993.0 -1.19351897366054,40.4113680121596,993.0 -1.19357597086698,40.4114010363621,993.0 -1.19363900295551,40.4114280264298,993.0 -1.19369901760303,40.4114509926024,992.001799999998 -1.19376305490639,40.4114799942495,992.0 -1.19382005211283,40.4115089952001,992.0 -1.19388794498539,40.4115279388332,992.0 -1.19395097707393,40.4115529165689,991.679699999993 -1.19401903793141,40.4115819181721,991.0 -1.19408693170228,40.4116080696035,991.0 -1.19415599867288,40.4116270125247,991.205199999997 -1.19422204820247,40.4116519909076,991.025500000003 -1.1942879297471,40.411677974736,991.0 -1.19435800283085,40.4116999353688,991.0 -1.19442807501628,40.4117220635701,991.0 -1.19450099755609,40.4117410064593,991.0 -1.19457107063981,40.4117659847998,991.0 -1.19463292863027,40.4117909624472,991.0 -1.19470199560091,40.4118149346325,991.153300000005 -1.19475798669423,40.4118459477113,991.0 -1.19481800134175,40.4118709260129,991.0 -1.19488002731717,40.411882996222,991.0 -1.19494406462053,40.4118960718805,990.968900000007 -1.19500407926801,40.4119200440284,990.790999999997 -1.19506996081264,40.4119440161678,990.926200000002 -1.19513299290118,40.4119720121521,991.0 -1.19518194389765,40.4120000074408,991.0 -1.19523894020579,40.4120300143008,991.0 -1.19528805828888,40.4120620334135,990.758100000006 -1.19534706682329,40.4120860055022,990.0 -1.19540305791661,40.4121160130079,990.492100000003 -1.19546106123619,40.412150043659,990.285300000003 -1.19550297033915,40.4121869237439,990.223299999998 -1.19555007709434,40.4122249775135,990.237099999998 -1.1955939975252,40.4122680605433,990.0 -1.19563708072622,40.4123019235433,990.088799999998 -1.19568804305062,40.4123450065239,990.0 -1.1957329695946,40.4123770254867,990.020099999994 -1.19577907023667,40.4124070328625,990.0 -1.19583003256104,40.4124469305043,990.508400000006 -1.19586506865377,40.4124839786842,990.280100000004 -1.19591502486502,40.4125220322859,990.042100000006 -1.19597503951254,40.412549021904,990.845400000006 -1.19601694861546,40.412592943278,990.852799999993 -1.19606891615465,40.4126279798124,990.823699999994 -1.19612691947424,40.4126620102046,991.0 -1.19617100789008,40.4127030813919,991.0 -1.19623001642445,40.4127339271721,991.0 -1.19628801974404,40.41277097451,991.0 -1.19635105093428,40.4128050055139,991.0 -1.19641006036695,40.4128380303792,991.113400000002 -1.19643000925449,40.4128579790752,991.013600000006 -1.19645699823889,40.4128920093511,991.268200000006 -1.19650796056325,40.4129220164974,991.140799999994 -1.19656093421556,40.4129500120748,991.561499999996 -1.19662195407786,40.4129840429881,991.3367 -1.19665799628371,40.4129909161977,991.054999999993 -1.19670007337162,40.4130329933027,991.191500000001 -1.19675908280429,40.4130730588296,991.136899999998 -1.19681792335373,40.4131149683111,991.1011 -1.19688095544227,40.4131600630043,991.067800000004 -1.19695203374081,40.4132019724315,991.000700000004 -1.19702193883957,40.4132420378578,991.054099999994 -1.19705798104542,40.4132740563938,991.132500000007 -1.19709301713815,40.4132960171897,991.137300000002 -1.197124030575,40.413315966434,991.022299999997 -1.19718303910938,40.4133419503038,991.0046 -1.19726300264441,40.4133739687922,991.9133 -1.19730792918838,40.4134190633118,991.986399999994 -1.19736006471252,40.4134559440691,992.0 -1.19738001360003,40.4135000331063,992.0 -1.19740499215482,40.413540936211,992.0 -1.19745293613988,40.4135860313027,992.0 -1.19749099057192,40.4136329696444,992.0 -1.19751395690048,40.4136780646744,992.0 -1.19754999910632,40.4137270144842,992.0 -1.19759308140902,40.4137729473041,992.133600000001 -1.19762208351798,40.4138039608484,992.760599999994 -1.19765996906677,40.4138420143875,993.0 -1.19768494762156,40.4138700102661,993.0 -1.19769701738573,40.4139090698733,993.026299999998 -1.19773205347842,40.4139590256196,993.889800000004 -1.19773507091947,40.414006970489,994.0 -1.19776306691528,40.4140420069712,994.0 -1.19777698092072,40.4140869334734,994.340400000001 -1.19779307423906,40.4141390688612,994.306700000001 -1.19779793502305,40.4141839959825,994.770600000003 -1.19781302312657,40.4142299291744,995.0 -1.19781201701345,40.4142800529358,995.0 -1.19783297201408,40.4143300090907,995.0 -1.19784101822408,40.414375941499,995.0 -1.19785694445575,40.4144200306173,995.0 -1.19788007787094,40.4144649575511,995.0 -1.19790405031262,40.4145150811374,995.0 -1.19793305152324,40.4145620201989,995.014999999999 -1.19794596031387,40.4146089585437,995.452799999999 -1.19796708240115,40.4146570705184,995.156199999998 -1.19796708240115,40.4147070270773,996.0 -1.19795803007803,40.4147559768224,996.0 -1.19794897775492,40.4148069393998,996.0 -1.19792902886741,40.4148560573242,996.0 -1.19790907908157,40.4149080245483,996.0 -1.19788695088117,40.4149569755152,996.054099999994 -1.19786499066575,40.4150099487503,996.0 -1.19783900689614,40.4150629226277,996.085900000005 -1.19780698824447,40.4151110342777,996.0 -1.1978009533624,40.4151609904996,996.0 -1.197794917582,40.4152109466844,996.0 -1.19778100357656,40.4152580528273,996.0 -1.19776105468905,40.4153049920545,996.415099999998 -1.19773205347842,40.4153470690804,996.647400000002 -1.19770104093986,40.4153899845966,996.855100000001 -1.19766298650782,40.415430050088,997.0 -1.19761001285551,40.4154689419072,997.0 -1.19758000553174,40.4155120249119,997.189799999993 -1.19753206154672,40.4155440437356,996.999899999995 -1.19748596090464,40.4155849476496,997.922999999995 -1.19748495479152,40.4156350710855,998.005099999995 -1.19743902213443,40.4156640722973,998.0 -1.1974289636982,40.4157170463436,998.875499999995 -1.19738001360003,40.41574604752,998.727199999994 -1.19733307482983,40.4157760547614,998.710000000006 -1.19728798030087,40.4158209814737,998.910799999998 -1.19723601276168,40.4158610473925,999.0 -1.19718605655043,40.4158989335708,998.998200000002 -1.1971429733494,40.4159349758269,999.0 -1.19710005813333,40.4159740356033,999.694900000002 -1.19705898715853,40.4160100778191,1000.0 -1.19702193883957,40.4160570158377,1000.29549999999 -1.19701707715728,40.4161069720411,1000.86470000001 -1.19704792260918,40.4161480438615,1001.0 -1.19711698957979,40.4161800623825,1000.77499999999 -1.19716795190419,40.4161979999973,1001.0 -1.19724992676712,40.4162199605229,1000.9402 -1.19731899373773,40.4162519790097,1001.0 -1.19739795115964,40.4162749455877,1000.7276 -1.19746098324818,40.4163009296828,1000.2032 -1.19754295811111,40.4163210462843,1000.7543 -1.19759593176341,40.4163389831776,1000.5898 -1.19762493297404,40.4163480357466,1000.8698 -1.19765996906677,40.4163560822455,1001.0 -1.19770305226779,40.4163669787013,1000.82670000001 -1.19776993992554,40.4163879337874,1001.0 -1.19784101822408,40.416410061815,1000.8812 -1.19790505642573,40.4164199528782,1000.88189999999 -1.19796607628804,40.4164360458579,1001.0 -1.19803195783267,40.4164519712698,1000.9866 -1.19809197248015,40.4164660527916,1000.9503 -1.19815601068181,40.4164779552966,1001.0 -1.19821803665723,40.4164970657785,1000.9221 -1.19828995308392,40.4165190268904,1001.0 -1.19835801394145,40.4165309287021,1001.0 -1.19842506958415,40.4165349522827,1000.8438 -1.19850100956501,40.4165540627485,1001.0 -1.19856605298145,40.4165649591722,1001.0 -1.19864400518855,40.4165720002636,1001.0 -1.1987080424919,40.4165820588666,1001.0 -1.19877593626276,40.4165909431553,1001.0 -1.19883595001195,40.4165999956903,1000.99559999999 -1.19890099432672,40.4166110596702,1000.8685 -1.19896603774319,40.4166169271284,1000.6779 -1.19903007504652,40.4166179331932,1000.6777 -1.19909796881738,40.4166120657352,1000.8314 -1.19916401834697,40.4166080421591,1000.9436 -1.19922604432239,40.416607036778,1000.9874 -1.19929393719492,40.4166110596702,1000.9216 -1.19935898150972,40.416606030713,1000.9443 -1.19941899525891,40.4165999956903,1000.7896 -1.19948504478846,40.4165909431553,1000.56570000001 -1.19954707076388,40.4165840703135,1000.39169999999 -1.19960691742645,40.4165770292234,1000.6676 -1.19967196174122,40.4165810528012,1000.8079 -1.19973298160352,40.4165730063292,1000.9182 -1.19979701980517,40.4165589248298,1000.69500000001 -1.19986105710853,40.4165579187641,1000.7025 -1.1999200656429,40.4165530573666,1000.5742 -1.19998494197271,40.4165450108912,1000.9856 -1.20004696794817,40.416537969797,1000.80469999999 -1.20011100525149,40.4165339462166,1000.9161 -1.20016900857107,40.4165260673027,1000.88890000001 -1.20024394243882,40.4165220444054,1000.77370000001 -1.20030395708631,40.4165190268904,1000.8048 -1.20037503538485,40.4165069568289,1000.7721 -1.2004390735865,40.4164960603958,1000.8707 -1.20051300134113,40.4164880139136,1000.9186 -1.20058692999406,40.4164789613635,1000.6986 -1.20066203184677,40.4164719202624,1000.726 -1.2007359604997,40.4164600177563,1000.84540000001 -1.20080905012617,40.4164549887879,1000.91039999999 -1.20088398489221,40.4164499598191,1000.9133 -1.20095992487308,40.4164459362333,1000.8365 -1.20103703805372,40.4164410748278,1000.3857 -1.20110593703936,40.416433028339,999.552899999995 -1.20117198656895,40.4164199528782,1000.2782 -1.201246921335,40.4164189468104,1000.67750000001 -1.20132504062875,40.4164139178389,1000.99950000001 -1.20139595094233,40.4164149232228,1000.9996 -1.20146602402605,40.416408050363,1000.1795 -1.20152100900629,40.4164030213906,1000.3101 -1.20159493765922,40.4163989978021,999.717099999994 -1.20166903339881,40.4163859223347,999.740000000005 -1.20174396816485,40.4163790487879,999.758100000006 -1.20182292558677,40.4163710022918,999.250599999999 -1.20189098644426,40.4163550768606,999.887799999997 -1.20196105952801,40.4163560822455,999.088199999998 -1.20202895240054,40.4163480357466,999.119000000006 -1.20209801937115,40.4163379777925,999.860400000005 -1.20216893058306,40.4163379777925,998.990099999995 -1.20222995044536,40.4163299306075,999.3554 -1.20231594886246,40.4163210462843,998.259999999995 -1.20240094116644,40.4163079701178,994.398400000005 -1.2024540828037,40.4163049525932,993.086200000005 -1.2025010215739,40.4162989182275,992.421000000002 -1.20254293067686,40.416295062197,992.286999999997 -1.202595066201,40.4162880217606,993.386499999993 -1.20266195385875,40.416286009621,994.501900000003 -1.20272297372106,40.4162839981652,994.881999999998 -1.20278500059481,40.4162749455877,994.258499999996 -1.20285205533918,40.4162650551871,994.0 -1.20291106387355,40.4162469500257,995.130799999999 -1.20297996285923,40.4162419210413,997.888099999996 -1.20304198973295,40.4162280070372,1000.0815 -1.20311306803149,40.4162229780514,1000.44070000001 -1.20317995568923,40.4162149315365,1000.0588 -1.20324902265987,40.4162060465142,1000.1269 -1.20331708351736,40.416195987855,1000.0534 -1.20338397117511,40.416195987855,999.601699999999 -1.20345605558676,40.4161979999973,999.059999999998 -1.20353501300867,40.416187941337,999.561100000006 -1.2035970389841,40.4161800623825,999.850000000006 -1.20366895541079,40.416171009791,999.405299999999 -1.20373399972556,40.4161639693416,999.601500000004 -1.20379602570098,40.4161510613932,999.5435 -1.20385704556329,40.4161369798055,1000.0 -1.20392695066208,40.4161299386686,1000.1388 -1.20400506995581,40.4161180361021,999.988400000002 -1.2040769863825,40.4161140131804,999.608800000002 -1.20415007690727,40.4161069720411,999.790399999998 -1.20422098811919,40.4161120017195,999.703200000004 -1.20429106030461,40.4161039545075,999.906000000003 -1.20436398284442,40.4160950701545,1000.0 -1.20443003237401,40.416089035086,1000.0 -1.20449893135966,40.4160910465476,1000.0 -1.20457604543859,40.4160900411588,1000.0 -1.20463807141402,40.4160769649473,1000.0 -1.2047069703997,40.4160749534854,1000.0 -1.20477503125718,40.416089035086,1000.0 -1.20484493635598,40.4160989255124,1000.0 -1.20492104432177,40.4160950701545,1000.0 -1.20499094942056,40.4161009376577,1000.0 -1.20505699895015,40.4161099895747,1000.0 -1.20512405369452,40.4161230657796,1000.0 -1.2051929535785,40.4161369798055,1000.0 -1.20526202054911,40.4161510613932,1000.0 -1.2053399718579,40.4161609518105,1000.0 -1.20541607982373,40.4161659808009,1000.0 -1.20549000757832,40.416179056995,1000.0 -1.20556091879024,40.416195987855,1000.13189999999 -1.20561808308333,40.4162239834382,1000.0 -1.20567692453108,40.4162549965367,1000.0529 -1.20574900894273,40.4162660605733,1002.68090000001 -1.20580902359025,40.4162809806395,1004.90429999999 -1.20586400857046,40.4162980797221,1006.0 -1.20592704065899,40.4163260752628,1006.0 -1.20599007274756,40.4163490418155,1003.5494 -1.20605595429216,40.416364967248,1000.8383 -1.20611596893968,40.4163859223347,1000.08229999999 -1.20617698880198,40.4164139178389,1000.0028 -1.20623700344947,40.4164340344066,1000.0 -1.20629902942489,40.4164570009225,1000.0 -1.20636893452369,40.4164739317125,1000.0 -1.20641604038055,40.4165069568289,1000.0 -1.20647002014597,40.4165329408344,1000.0 -1.20652902868034,40.4165699888164,1000.0 -1.20657295000953,40.4165989903091,1000.0 -1.206637993426,40.4166120657352,1000.0 -1.20669398451935,40.4166469346653,1000.0 -1.20674695817166,40.4166829765207,999.2739 -1.20680294926501,40.4167270654952,1000.0 -1.20686095168627,40.4167659572486,999.928599999999 -1.2069159375648,40.4168070286667,999.292199999996 -1.20696203820688,40.4168529614359,999.8024 -1.20702506939708,40.4168890038648,999.403399999996 -1.20707200816732,40.4169329251417,999.316999999995 -1.20712196437857,40.4169770139525,999.360799999995 -1.20717007634859,40.417019929113,999.0 -1.207224056114,40.4170630124925,998.967799999999 -1.20726898355631,40.4171059275982,999.052200000006 -1.20732195631028,40.4171389524044,999.006999999998 -1.20736705173754,40.4171820350237,998.468299999993 -1.20741097216843,40.4172229386258,998.0 -1.20745807892362,40.4172640104489,998.757500000007 -1.20749898281176,40.4173030701376,999.106899999999 -1.20755597911989,40.4173240249321,999.011100000003 -1.20760006843404,40.4173649284479,999.0 -1.20764398976322,40.417403988078,999.801200000002 -1.20768807817907,40.4174410362644,1000.0 -1.20773300562137,40.417481939709,1000.0 -1.20778396704744,40.4175209992712,1000.0 -1.20781900403847,40.4175580473932,1000.0 -1.20785806368533,40.41760800385,1000.0 -1.20789997278828,40.417650918608,1000.0 -1.20794506731721,40.417690984121,1000.0 -1.2079869773185,40.4177330617065,1000.0 -1.20803106573431,40.4177709475147,1000.0 -1.20807398095038,40.4178120190032,1000.0 -1.20811404671039,40.4178579517702,1000.0 -1.20815696192646,40.4179020406587,1000.0 -1.20820507389644,40.4179439505521,1000.0 -1.20825804754874,40.4179860272955,1000.0 -1.20829895143688,40.4180190523536,1000.0 -1.20834303985272,40.4180649849792,1000.0 -1.20838696118191,40.418111923616,1000.0 -1.20843892961939,40.4181489714125,1000.0 -1.20848905291731,40.4181830017482,1000.0 -1.20853398035961,40.4182240736691,1000.0 -1.20857907488857,40.4182679947583,1000.0 -1.20861897266359,40.4183010189941,1000.0 -1.20866507330567,40.4183409172447,1000.0 -1.20870597629547,40.4183840004621,1000.0 -1.20875593250676,40.4184289268009,1000.0 -1.20881292971323,40.4184649690695,1000.0 -1.20886104168321,40.4185050347816,1000.0 -1.20890798045341,40.4185420830455,999.892999999996 -1.20896095410575,40.4185799690821,999.887100000007 -1.20899800242467,40.4186240574975,999.939299999998 -1.20904192285556,40.4186639555564,999.888500000001 -1.20909104093866,40.4187060325334,1000.0 -1.20913295093991,40.4187390572381,1000.0 -1.20917502802782,40.4187720819266,1000.0 -1.20924107755741,40.4187940429798,1000.0 -1.20928801632764,40.4188250555776,1000.0 -1.20933495419955,40.4188659595487,1000.0 -1.20938407228264,40.4189080363993,1000.0 -1.20943503460704,40.4189489403199,1000.0 -1.20948398470518,40.418992023148,1000.0 -1.2095299173623,40.4190359444198,1000.0 -1.20958205288645,40.4190760097919,1000.0 -1.20963502653875,40.4191120523978,1000.8563 -1.20968397663689,40.4191549675643,1000.74219999999 -1.20973192152024,40.419200062313,1000.587 -1.20977701604917,40.4192429774234,1001.0 -1.20982194349147,40.4192870660882,1001.0 -1.20986402057938,40.4193239470487,1001.0 -1.20990492446755,40.4193690416841,1001.0 -1.20995504776543,40.4194079332782,1001.0 -1.20999896909461,40.4194490044513,1001.0 -1.21004607495151,40.4194929261086,1001.0 -1.21009603116276,40.4195360085884,1001.0 -1.21013995249195,40.4195779181478,1001.0 -1.21018907057504,40.419618989901,1001.0 -1.21023600934528,40.4196560375515,1001.0 -1.21028294811552,40.4196959356823,1001.0 -1.21032502520343,40.4197410300685,1001.0 -1.21036307873717,40.4197869628863,1001.0 -1.21040700006636,40.4198300458617,1001.0 -1.21044907715427,40.4198719552379,1001.0 -1.21048998104241,40.4199150388428,1001.0 -1.21053608168448,40.4199519187751,1001.0 -1.21057799078744,40.4199939963143,1001.0 -1.21063599320869,40.4200360731434,1001.0 -1.21068494420516,40.4200759710489,1001.0 -1.21072903262097,40.4201200598517,1001.0 -1.21077396006327,40.4201599577073,1001.0 -1.21081402492495,40.4202010291052,1001.0 -1.21086096369519,40.4202419329236,1001.0 -1.21090706433723,40.4202819982613,1001.0 -1.21095702054852,40.4203180402211,1001.0 -1.21100496543184,40.4203490534841,1001.0 -1.2110500599608,40.4203919685455,1001.0 -1.21109498650481,40.4204330404856,1001.2524 -1.21114192527501,40.4204749494862,1002.0 -1.21119506691227,40.4205119980331,1001.99189999999 -1.21125105800562,40.4205540745382,1002.0 -1.21130000810376,40.4205939728203,1002.0 -1.21134895820193,40.420636049958,1002.0 -1.21139707017191,40.420677959516,1002.0 -1.21144400894215,40.4207200366012,1002.0 -1.21148994159923,40.420756916776,1002.0 -1.21154308323649,40.4207949704862,1002.0 -1.21159203333466,40.4208360421803,1002.0 -1.21163897210487,40.4208769456125,1002.0 -1.21168792220304,40.4209210345743,1002.0 -1.21173301673197,40.4209629439548,1002.0 -1.21178196772843,40.4209999922329,1002.0 -1.21183795882179,40.4210320111805,1002.0 -1.21189797257098,40.4210569888076,1002.0 -1.21195597589053,40.4210779438008,1002.0 -1.21199704686532,40.4211109687089,1002.0 -1.21203292198451,40.4211470109084,1002.0 -1.21208103395452,40.4211919374537,1002.0 -1.21212998405266,40.421236026209,1002.0 -1.21217591670974,40.4212819593739,1002.0 -1.21222000602389,40.4213260480702,1002.0 -1.21227096744996,40.4213689631921,1002.0 -1.21231304453787,40.4214100345358,1002.0 -1.21235294231292,40.4214489270016,1002.0 -1.21239602551395,40.4214889923043,1002.0 -1.2124459817252,40.4215250343013,1002.0 -1.21249208236728,40.4215639267006,1002.0 -1.21253097402919,40.4216080152122,1002.0 -1.2125730511171,40.421653948123,1002.0 -1.21262300732835,40.4216970312705,1002.0 -1.21266994609859,40.4217389408514,1002.0 -1.21271906418168,40.4217820239445,1002.0 -1.21277103172087,40.4218219214984,1002.0 -1.21281595916317,40.42185997529,1002.0 -1.21286792670236,40.4219030583056,1002.0 -1.21289994535404,40.4219419504863,1002.0 -1.21294403466818,40.4219870447346,1002.0 -1.2129839324432,40.4220319720866,1002.0 -1.21303506185423,40.4220710317428,1002.0 -1.21309105294758,40.422106068129,1002.0 -1.21313698560467,40.4221449601924,1002.0 -1.21318895404219,40.4221860317461,1002.0 -1.21322801368905,40.4222200620914,1002.0 -1.21327092890512,40.4222670005647,1002.0 -1.21331602343408,40.4223119277297,1002.0 -1.21336597964533,40.4223499812441,1002.0 -1.2134169410714,40.4223880354209,1002.0 -1.21346505393971,40.4224240776201,1002.0 -1.21350696304267,40.4224619635222,1002.0 -1.21355608112576,40.4224969997048,1002.0 -1.21360402511078,40.4225380710436,1002.0 -1.21365297610725,40.4225789748087,1002.0 -1.21369002352788,40.4226250752889,1002.09729999999 -1.21373394485706,40.4226669849755,1002.01489999999 -1.21377602194498,40.4227100681581,1002.0 -1.21382899559728,40.4227469486097,1002.4797 -1.21387694048063,40.4227860078507,1002.4375 -1.21391700624061,40.4228270796969,1002.2018 -1.21396193278461,40.4228730124592,1002.0003 -1.21401004475459,40.4229139160206,1002.0485 -1.21405396608378,40.4229580050151,1002.0563 -1.2141079458492,40.4229990760725,1002.1064 -1.2141609195015,40.4230399795572,1002.1388 -1.21421204891253,40.4230770273754,1002.167 -1.21426804000588,40.423114075857,1002.2084 -1.21431397266297,40.4231579971731,1002.09540000001 -1.21436107941816,40.4232029237431,1002.7179 -1.21441103473112,40.4232460065824,1002.6436 -1.21446501449654,40.4232840609362,1002.71249999999 -1.21451094715366,40.4233229530023,1002.58440000001 -1.21455604168259,40.4233660357647,1002.44259999999 -1.21460096912489,40.4234139800856,1002.22629999999 -1.21464606365385,40.4234590747149,1002.14999999999 -1.21469300242405,40.4235019905276,1002.1612 -1.21473994119429,40.4235440672142,1002.1581 -1.21478604183637,40.4235839650907,1002.133 -1.21484102681657,40.4236210132931,1002.1586 -1.21489299435576,40.42366107867,1002.0 -1.21493104878784,40.4237070115467,1002.0 -1.21497698144496,40.4237470768723,1002.54399999999 -1.21502392021516,40.4237859693546,1002.0454 -1.21506700251789,40.4238270405902,1002.02559999999 -1.21511394128812,40.423864926386,1002.0 -1.2151540070481,40.4239130385804,1002.0 -1.2151729498225,40.4239650063314,1001.11780000001 -1.21518703181289,40.4240199919049,1001.0 -1.21520094581834,40.42406693049,1000.9412 -1.2151989344904,40.4241229219328,1000.5438 -1.21519407280808,40.4241799185969,1000.1741 -1.21518703181289,40.4242379211637,1000.0 -1.21518200304391,40.4242940800085,1000.0 -1.21520798681352,40.4243390071875,1000.0 -1.21522005657769,40.4243559387293,1000.0 -1.21524503423415,40.4243899693446,1000.0 -1.21527001278894,40.4244330521075,1000.2101 -1.21525995435271,40.4244880372984,1000.8613 -1.21528392679438,40.4245369874498,1001.0925 -1.21530706020957,40.4245869435113,1001.211 -1.21533304487748,40.4246380730241,1001.05039999999 -1.21536103997499,40.424691046843,1001.5491 -1.21538802985772,40.4247450265635,1002.0 -1.21540797874523,40.4248000114994,1002.0 -1.2154399973969,40.4248529851907,1002.0 -1.21546598116648,40.4249039476423,1002.0 -1.21549095972127,40.4249579265081,1002.0 -1.21551493216295,40.4250100623621,1002.67080000001 -1.21554108301919,40.4250590128175,1002.2623 -1.21556907901503,40.4251079625534,1002.8205 -1.21559103923044,40.4251550692891,1002.7837 -1.2156119942311,40.4252080427009,1003.27340000001 -1.21563697278586,40.4252590048835,1003.2463 -1.21565105387796,40.4253029261667,1003.3627 -1.21566396177025,40.4253589172645,1003.6725 -1.2156649678834,40.4254160817906,1004.8348 -1.21566597399652,40.4254700609292,1004.97010000001 -1.21566295655547,40.4255230347767,1005.8653 -1.21565792688819,40.4255750026516,1005.5594 -1.21564602510901,40.4256279764164,1005.3906 -1.2155870165746,40.4256610011423,1006.8891 -1.2156039480211,40.4257190037996,1005.93339999999 -1.21557695813837,40.425771977451,1005.9641 -1.21554594470151,40.4258239451335,1006.3949 -1.21551208180856,40.4258730632208,1006.7602 -1.21549498327544,40.4259240248996,1007.97349999999 -1.21548391872609,40.4259739812985,1008.6594 -1.21548593005399,40.4260200815036,1008.8406 -1.21553303680918,40.4260579674317,1008.9552 -1.21557796335319,40.4260950156392,1009.8594 -1.21564501899586,40.4261209993607,1010.0 -1.21571207463856,40.4261310579037,1010.0 -1.21577795618319,40.4261260289743,1010.0 -1.21583998215861,40.4261149645077,1009.492 -1.21590100202092,40.4260950156392,1008.0 -1.21596504022257,40.4260779169951,1007.5809 -1.21602505487009,40.4260569621919,1005.30130000001 -1.2160860747324,40.4260360073821,1002.2974 -1.21615095106221,40.4260190755793,1001.45299999999 -1.21621699969347,40.426008011779,1001.7435 -1.21628204400823,40.4259939302029,1004.3239 -1.21634004642952,40.4259769983895,1006.0309 -1.21640307851806,40.4259540323882,1006.41160000001 -1.21647298361682,40.4259449797442,1006.00870000001 -1.21653500959224,40.4259429678934,1004.9709 -1.2165990468956,40.4259479975203,1004.0 -1.21667096422063,40.4259649286572,1004.0 -1.21672896664188,40.4259919183536,1003.6581 -1.21677892285313,40.4260249429008,1003.04889999999 -1.21682099994105,40.4260700378312,1003.0616 -1.21684094882856,40.4261230112062,1003.3006 -1.21685503081896,40.4261790023051,1003.3073 -1.21684899593689,40.4262370051995,1002.636 -1.21683508193145,40.426295008044,1002.0 -1.21682301126898,40.426352004919,1001.75320000001 -1.21681697638688,40.4264100076643,1001.0315 -1.21681798250003,40.4264670044419,1001.06510000001 -1.21682703482315,40.4265240018551,1001.2442 -1.21683893750065,40.4265779807885,1001.32030000001 -1.21685000115167,40.4266349781076,1000.81630000001 -1.21685704214689,40.426680072629,1000.3462 -1.2168769910344,40.4267330462073,1000.18550000001 -1.21689794603503,40.4267880315695,1000.56570000001 -1.21692007423543,40.4268379873268,1001.0321 -1.21694907544605,40.4268889496421,1001.0432 -1.21697405310252,40.4269409171454,1000.455 -1.21700104298524,40.4269920469203,1000.5937 -1.21702702675482,40.4270440150278,1000.1295 -1.21704999398171,40.4270979942276,1000.0 -1.21707094808401,40.4271529792914,1000.0 -1.21710095540778,40.427203941368,999.803599999999 -1.21712693917736,40.4272530598153,999.269799999995 -1.21715392906009,40.427303015911,999.0 -1.21718695382488,40.4273529719695,999.0 -1.21721997858967,40.427402927991,999.0 -1.21724193880508,40.4274530515119,999.0 -1.21727596968299,40.4274999904365,999.0 -1.21732793722218,40.4275360326319,999.0 -1.21738594054177,40.4275680512037,999.285600000003 -1.21744897173201,40.4275940350399,999.724199999997 -1.21751602737468,40.4276109664463,999.012199999997 -1.21758794380141,40.4276139841476,999.0 -1.21765600555723,40.4276180077492,999.695699999997 -1.21772104897366,40.4276240424673,999.290099999998 -1.21778307494908,40.4276280660683,999.972099999999 -1.21784208348349,40.4276290719685,999.338099999994 -1.21791601213642,40.4276260542678,1000.0 -1.21799094600417,40.4276339332494,1000.0 -1.218070071411,40.427647009266,1000.0 -1.21812807383226,40.4276599170602,1000.0 -1.21820099637211,40.4276709812726,1000.0 -1.21826905722959,40.4276899244582,1000.0 -1.21831901344085,40.4277140639854,1000.0 -1.21836997576525,40.4277420595623,1000.0 -1.21842194330444,40.4277660322188,1000.0 -1.21848497539297,40.4277980506811,1000.14840000001 -1.21854297781423,40.4278310757091,1000.0 -1.21859896890758,40.4278639325016,1000.66590000001 -1.21865093734507,40.4279039980864,1000.69590000001 -1.21870893976636,40.4279410459608,1000.0591 -1.21876996052696,40.4279769203846,1000.24370000001 -1.21882293417926,40.4280149747972,1000.3541 -1.21888093660055,40.4280469931409,1000.0 -1.2189350834526,40.4280850475137,1000.0 -1.21899208065907,40.4281219277536,1000.0 -1.21904807175242,40.4281629990769,1000.0 -1.21910406284574,40.428202058592,1000.0 -1.21915904782598,40.4282409505498,1000.0 -1.21921503891933,40.4282800100195,1000.0 -1.21925996636163,40.4283239313815,1000.0 -1.21930891645977,40.4283690261381,1000.17909999999 -1.21935803454287,40.4284149592189,1000.7675 -1.2194130195231,40.4284540185876,1000.89599999999 -1.21946800540164,40.4284920727301,1000.0852 -1.21951192583253,40.4285329762936,1000.1338 -1.2195600387008,40.428575053252,1000.1459 -1.21961904723521,40.4286089162504,1000.2975 -1.21967704965646,40.4286419408803,1000.4537 -1.21973706430398,40.4286679249854,1000.273 -1.21979506672524,40.4286940766139,1000.4078 -1.21985105781859,40.4287329682872,1000.46859999999 -1.21990503758401,40.4287710222719,1000.4947 -1.2199590164511,40.4288030409395,1000.34910000001 -1.22001701977068,40.4288280191002,1000.32429999999 -1.22007301086404,40.4288620495042,1000.413 -1.22013302551152,40.4288969182394,1000.3244 -1.22019102793281,40.4289319544892,1000.2248 -1.22023796670302,40.428967996601,1000.0 -1.2202879229143,40.4290050445731,1000.0 -1.22033301744323,40.4290459485084,1000.0 -1.22037995621347,40.4290970780507,1000.0 -1.22045204062512,40.4291130038845,1000.0 -1.22051691605664,40.4291399936853,1000.00109999999 -1.22057693070412,40.4291710063001,1000.5978 -1.22063694535164,40.4292020195844,1000.3371 -1.22069193033185,40.4292360504829,1001.0 -1.2207479214252,40.4292680689292,1001.0 -1.22080491863167,40.4292930469171,1001.0 -1.2208500131606,40.4293329448025,1001.0 -1.22090399292602,40.4293659697606,1001.0 -1.22095596046521,40.4294050292608,1001.0 -1.22101295767168,40.4294400659298,1000.8132 -1.22106006352854,40.429481975473,1000.7868 -1.22109208218022,40.4295299195372,1000.56969999999 -1.22113499829462,40.4295719965557,1000.0 -1.22115997595108,40.4296219529803,1000.0 -1.22119501204377,40.4296720768988,1000.0 -1.2212300490348,40.4297230384343,1000.1357 -1.22127195813775,40.429768971274,1000.0389 -1.22132593790317,40.4297889204204,1000.34759999999 -1.22139399876069,40.4297939497597,1005.0714 -1.22146608317235,40.4297830534273,1000.5901 -1.22152794116281,40.4297699771422,1000.1896 -1.22159097325135,40.4297599191435,1000.8376 -1.22165199401198,40.429748016937,1001.0 -1.22171100254636,40.4297379582511,1001.10430000001 -1.22178006951696,40.429725050172,1001.5016 -1.22184008326615,40.4297129804285,1001.942 -1.22190395348288,40.4297099628213,1002.0 -1.22196497424348,40.4297280677785,1002.0 -1.22200906265933,40.4297699771422,1002.0 -1.22204996654746,40.4298140664294,1001.7963 -1.22209304974849,40.4298559757395,1001.9442 -1.22213898240558,40.4299000642865,1002.0 -1.22218793250375,40.4299409683612,1002.0 -1.22223604447373,40.4299810333925,1002.0 -1.22228398935708,40.4300180814903,1002.0 -1.2223319333421,40.4300599913571,1002.0 -1.22237904009729,40.4301030739071,1002.0 -1.22242094920025,40.4301500130337,1002.0 -1.22246503851439,40.4301959455818,1002.0 -1.22251197728459,40.430236011145,1002.0 -1.22256193349588,40.430274064963,1002.0 -1.22261205679379,40.4303099395099,1002.0 -1.22266201300504,40.4303459815671,1002.0 -1.22271398054423,40.4303870528998,1002.0 -1.2227629315407,40.4304380152609,1002.0 -1.22281305483861,40.4304819365812,1002.0 -1.22286200493675,40.4305220019739,1002.0 -1.22290592626594,40.4305659232393,1002.0 -1.2229449859128,40.4306059885821,1001.9132 -1.22299695345198,40.430647059756,1002.0 -1.22305495677157,40.4306829341039,1002.0 -1.22310407485467,40.4307240059147,1002.0 -1.22314900139867,40.4307679270481,1002.0 -1.22319392884097,40.4308089981231,1002.0 -1.22324304692407,40.430849063321,1001.9984 -1.22328797346807,40.4308909733538,1002.0 -1.22333591835139,40.430930032652,1002.0 -1.22337296577205,40.4309719426343,1002.0 -1.22341705508619,40.4310110018856,1002.0 -1.22346902262538,40.4310440267034,1001.99069999999 -1.22351395006768,40.4310790632023,1002.0 -1.22355703237038,40.4311139314717,1001.8692 -1.2236029650275,40.4311509796292,1002.0 -1.22365292123875,40.4311870219193,1002.0 -1.22369198088561,40.4312319492805,1001.9461 -1.22373808152769,40.4312780493004,1002.0 -1.22378099674376,40.4313169415308,1002.0 -1.22382491807295,40.4313570071099,1002.0 -1.22386800127398,40.4313980785089,1002.0 -1.22391292781795,40.4314389816725,1002.0 -1.22395299357796,40.4314820647067,1002.0 -1.22399507066587,40.431521962661,1002.0 -1.22403496844089,40.4315640398006,1001.882 -1.2240830813092,40.4316000818694,1001.8707 -1.2241360549615,40.431636962233,1002.0 -1.22419305126964,40.4316679757477,1002.0 -1.22425004847611,40.4317040177607,1002.0 -1.22429698724631,40.431738048077,1002.0 -1.22434291990343,40.4317799575557,1002.0 -1.22438399087823,40.4318200235427,1002.0 -1.22442808019237,40.4318609271334,1002.0 -1.22446998929532,40.4319060215697,1002.0 -1.22451692806556,40.4319509484505,1002.0 -1.22457107491761,40.4319900085007,1002.0 -1.22461298491889,40.4320270561755,1002.0 -1.2246570733347,40.4320629311549,1002.0 -1.22470602433117,40.4320989729562,1002.0 -1.22475296220308,40.4321319979236,1002.0 -1.22479805763034,40.4321700513525,1002.0 -1.22484600161536,40.4322059262556,1002.0 -1.22489796915455,40.4322389504866,1002.0 -1.22494507590974,40.4322770045388,1002.0 -1.22498799112581,40.4323180760597,1002.0 -1.22503207954162,40.432357973518,1002.0 -1.22507901831186,40.4323980391606,1002.0 -1.22512293964104,40.4324389430836,1002.0 -1.22516602284207,40.4324830319884,1002.352 -1.22521296161231,40.4325239351759,1002.3723 -1.22525503870022,40.432565006546,1002.3818 -1.22529493647524,40.4326050720652,1002.4332 -1.22533902489108,40.4326439642119,1002.5877 -1.22538898110234,40.4326800063856,1002.6471 -1.2254399434267,40.4327120252434,1002.5646 -1.2254870492836,40.4327450499096,1003.0 -1.2255339880538,40.4327790803829,1003.0 -1.22557304770066,40.4328260190091,1003.0 -1.22561596291674,40.4328630675909,1003.0 -1.22566206355881,40.4328959246601,1003.0 -1.22570196133383,40.4329400132653,1003.0 -1.22574303320696,40.4329829284988,1003.0 -1.22579097719198,40.4330250054081,1003.0 -1.22583406039301,40.43306892709,1003.0 -1.22587798172219,40.4331079864907,1003.0 -1.22591804748217,40.4331490575041,1003.0 -1.22596800369346,40.4331869442028,1003.0 -1.22601896511949,40.433221980269,1003.0 -1.22606892133078,40.4332550053685,1003.0 -1.22612005074181,40.4332870239526,1003.0 -1.22616900173828,40.4333220606503,1003.0 -1.22621392828225,40.4333579349388,1003.0 -1.22625499925704,40.4333949825438,1003.0 -1.22629305368912,40.4334330366255,1003.0 -1.22633798023309,40.4334709231642,1003.0 -1.22638206954723,40.433507970707,1003.0 -1.22642196732229,40.4335460247248,1003.0 -1.2264660557381,40.4335849170109,1003.0 -1.22650695962624,40.4336219644909,1003.0 -1.22654803060103,40.4336670597975,1003.0 -1.2265889344892,40.4337119861855,1003.0 -1.22663704645918,40.4337550691309,1003.0 -1.22668398522938,40.4337969787201,1003.0 -1.2267299178865,40.4338390558037,1003.0 -1.22677702464169,40.4338819711472,1003.0 -1.22682396341193,40.4339250546674,1003.0 -1.22687006405397,40.4339649525399,1003.0 -1.22691398448486,40.4340060237135,1003.0 -1.22696092325507,40.4340410600367,1003.0 -1.22700098901508,40.4340849810549,1003.0 -1.22704692167216,40.4341260521553,1003.0 -1.22709402842736,40.4341659505922,1003.0 -1.22713895497136,40.4342060158413,1003.0 -1.2271770094034,40.4342460810666,1003.0 -1.22722294206052,40.4342849736315,1003.0 -1.22726401303532,40.4343230272097,1003.0 -1.22731095180552,40.4343610807662,1003.0 -1.22735604633448,40.4343999732647,1003.0 -1.22739695022262,40.4344380267777,1003.0 -1.22744103863847,40.434475075155,1003.0 -1.22748294863972,40.4345129611067,1003.0 -1.22753005449658,40.4345510152395,1003.0 -1.22757296971265,40.4345880628708,1003.0 -1.22761303547266,40.4346279610336,1003.3089 -1.22765192803286,40.4346640028277,1003.93090000001 -1.22769501033559,40.4347069183284,1003.9384 -1.22774597265996,40.4347429607639,1003.9786 -1.22779106718892,40.434777996703,1003.9642 -1.22783297629187,40.4348200738565,1003.8198 -1.22787807171913,40.4348619834656,1003.50290000001 -1.22792199214999,40.4349020489837,1003.58930000001 -1.22796893092023,40.434942952751,1003.74890000001 -1.22801402544919,40.4349810066405,1003.7651 -1.22806096421939,40.4350160431393,1003.6933 -1.22810605874835,40.4350510796199,1003.4841 -1.2281479687496,40.4350869536696,1004.0 -1.22819105195063,40.4351229959014,1003.98179999999 -1.22823597849463,40.4351550149634,1004.0 -1.22828107302356,40.4351950803069,1004.0 -1.22832700568068,40.4352359838959,1004.0 -1.2283729392361,40.4352780614466,1004.0 -1.22841702765195,40.4353189649851,1003.9157 -1.22846296030903,40.4353600360155,1003.8704 -1.22851107227905,40.4353950723168,1003.9512 -1.22854895872613,40.4354309468668,1004.0 -1.22859103581404,40.4354700069467,1003.8717 -1.22863696847116,40.4355080605379,1003.7896 -1.22868692468242,40.4355429292457,1003.83990000001 -1.22873202010967,40.4355819892606,1004.0 -1.22877895798158,40.4356230601304,1004.0 -1.22882505862366,40.4356649699227,1004.0 -1.22886998606596,40.4357050356462,1004.0 -1.22892899460033,40.4357290075154,1004.0 -1.22898498569368,40.4357519742811,1004.0 -1.2290329296787,40.4357920392689,1004.0 -1.22907802420767,40.4358280818065,1004.0 -1.2291249629779,40.4358639561254,1004.0 -1.22917106361995,40.4358999986244,1004.0 -1.2292190085033,40.4359340288684,1004.0 -1.22926091760625,40.4359720828807,1004.0 -1.2293050069204,40.4360039340232,1004.0 -1.22935295090542,40.4360349468913,1004.0 -1.22939502799333,40.4360740066203,1004.0 -1.22944397809147,40.4361070316866,1004.0 -1.22948706129249,40.4361420675987,1004.0 -1.22953299394961,40.4361749251168,1004.0 -1.22958194494608,40.4362089552216,1004.0 -1.22962804468983,40.4362490206209,1004.0 -1.22967297213213,40.4362909307068,1004.0 -1.22972493967132,40.4363239549829,1004.0 -1.22974908009795,40.4363720671532,1004.0465 -1.22978696564674,40.4364169944687,1004.15919999999 -1.22982703140672,40.4364580655121,1004.1836 -1.229868941408,40.436497963249,1004.1421 -1.22990800105486,40.4365390349267,1004.3658 -1.22994303714756,40.4365829556807,1004.7254 -1.23000003435403,40.4366189977943,1004.57460000001 -1.23004395478491,40.4366580578678,1004.60520000001 -1.23008603187283,40.436699967015,1004.6496 -1.23013397675614,40.4367370155136,1004.62239999999 -1.2301819216395,40.436774063308,1004.6612 -1.23022902749636,40.4368159730666,1004.8012 -1.2302679191583,40.4368659288959,1004.9843 -1.23030396136411,40.4369150471235,1004.8944 -1.23034402712408,40.4369519273069,1005.0 -1.23038593712537,40.4369940044675,1005.0 -1.23043304298223,40.4370350758422,1005.0 -1.23048299919348,40.4370739681614,1005.0 -1.23052306495349,40.4371130272868,1005.0 -1.23056396884163,40.4371529253188,1005.0 -1.23060805725748,40.4371950023535,1004.9356 -1.23065499602768,40.4372370793619,1004.9047 -1.23069992257168,40.4372799952715,1004.8869 -1.23074702932684,40.4373200607162,1004.95080000001 -1.23079799075291,40.4373559349228,1005.0 -1.23084208006706,40.4373929830599,1004.9124 -1.23087896040106,40.4374360656979,1005.0 -1.23092807848415,40.4374759642219,1005.0 -1.23096697014609,40.4375110001043,1005.0 -1.23100602979295,40.4375500596596,1004.97689999999 -1.23106202088627,40.437584928676,1005.0 -1.23111197709756,40.4376239881883,1005.0 -1.23115992198091,40.4376660656119,1005.0 -1.2312279828384,40.4376960726474,1005.0 -1.23127693293654,40.4377389882641,1005.0 -1.23132403969173,40.437771006764,1005.0 -1.23135404701547,40.4378169395763,1005.0 -1.23140400232843,40.4378570053848,1005.0 -1.2314750815253,40.4378630398678,1005.0 -1.23150005918176,40.4379049496314,1005.0 -1.23153693951576,40.4379470268792,1005.0 -1.23158505148574,40.4379850804359,1005.0 -1.23162696148699,40.4380209549713,1005.0 -1.23169200490346,40.438037048253,1005.0 -1.23172905322242,40.4380759406764,1005.0 -1.23176492744328,40.4381180178172,1005.0 -1.23179895832119,40.4381599274218,1005.0 -1.23184002929598,40.4381999930258,1005.0 -1.23188495673828,40.4382440815719,1005.0 -1.23193994171852,40.4382880025795,1005.1309 -1.23198101269332,40.4383230387225,1005.3653 -1.2320329811308,40.4383679661018,1005.4449 -1.23208193122894,40.4384130609603,1005.56819999999 -1.23212903708584,40.438454970381,1005.6568 -1.23217195230187,40.4384930243339,1005.6532 -1.23221604161605,40.4385300718444,1005.6121 -1.23226096816002,40.438567958246,1005.659 -1.23230304524793,40.4386140587062,1005.859 -1.2323459613623,40.4386499335898,1005.99709999999 -1.23238803845021,40.4386940218407,1005.99679999999 -1.23243899987628,40.43873593177,1005.9574 -1.23248895608757,40.4387709676796,1005.8688 -1.23254897073506,40.4387780084977,1005.46219999999 -1.23259104782297,40.4388199183746,1005.6118 -1.23263396303904,40.4388670243942,1005.7862 -1.23268391925029,40.4389050781139,1005.6833 -1.23273404344653,40.4389419585731,1005.6088 -1.23277595254949,40.4389840358556,1005.7417 -1.23282004186363,40.4390219220013,1005.8777 -1.23286094485344,40.4390660106921,1006.0 -1.23290000450033,40.4391109382586,1006.0 -1.23294007026031,40.4391570383465,1006.0 -1.23298298547638,40.4391999537143,1005.9994 -1.23302891813346,40.4392430365618,1006.0 -1.23307602488866,40.439282934697,1006.0 -1.23312396887368,40.4393209881813,1006.0 -1.2331650407468,40.4393610537772,1006.0 -1.23320694984976,40.4393989403941,1006.0 -1.23325204437869,40.4394349823655,1006.0 -1.23329294826686,40.4394720300406,1006.0 -1.2333390489089,40.439507066934,1006.0 -1.2333900112333,40.4395489763564,1006.0 -1.23343594389039,40.4395870296901,1006.4038 -1.23348707330142,40.4396160315147,1006.32550000001 -1.23355295484605,40.439634974754,1006.0769 -1.23359402671914,40.4396810751663,1006.22380000001 -1.23364096548938,40.4397239901995,1006.27959999999 -1.23369008267417,40.4397620441179,1006.21490000001 -1.23374993023503,40.4397960744582,1006.0107 -1.2337829541015,40.4398389901017,1006.1532 -1.23382000242046,40.4398849228686,1006.4926 -1.23386207950837,40.4399270002446,1006.0 -1.23389795462755,40.4399709215201,1006.12760000001 -1.23393902560235,40.4400129981586,1006.3337 -1.23397707913609,40.4400550754544,1006.5303 -1.23401597169629,40.4400959795052,1006.5671 -1.23405201390214,40.4401410738883,1006.7694 -1.23409006743588,40.4401860007364,1006.9097 -1.23412594165677,40.4402270722122,1006.9227 -1.23417204229881,40.440257079472,1006.9602 -1.23421194007387,40.440294965584,1006.9789 -1.23425804071591,40.4403320134689,1006.96950000001 -1.23429693237785,40.4403759344799,1006.8573 -1.23433800425094,40.4404180122322,1006.69620000001 -1.23438091946701,40.4404580771743,1006.6306 -1.23442702010909,40.440500993079,1006.5907 -1.23446792399722,40.4405440757763,1006.772 -1.23452005952137,40.4405740828947,1006.9914 -1.23456599217846,40.44060895171,1007.0 -1.23460907448119,40.4406419765998,1007.0 -1.23465903069244,40.4406739950846,1007.0 -1.23470596946267,40.4407100377398,1007.0 -1.23475408143265,40.4407410504881,1007.0 -1.23480403764394,40.4407710575185,1007.0 -1.23484795897313,40.4408099497276,1007.0 -1.23489204828727,40.4408480037149,1007.0 -1.23493596871812,40.4408880690844,1007.0 -1.23498005803227,40.4409269612258,1007.0 -1.2350209619204,40.4409700443339,1007.0 -1.23506605644936,40.441005918644,1007.0 -1.2351129952196,40.4410439725203,1007.0 -1.23516295143085,40.4410830320741,1007.0861 -1.2352090511746,40.4411239354994,1007.3989 -1.23525498473002,40.4411640013881,1007.5261 -1.23530494004297,40.4412010494777,1007.5016 -1.23535305291128,40.4412399414381,1007.4765 -1.2354009968963,40.4412729660179,1007.283 -1.23544592433861,40.4413100140475,1007.98480000001 -1.23548800142652,40.4413519237133,1007.9857 -1.2355319227557,40.4413929951605,1007.97319999999 -1.23557601117155,40.4414340658989,1008.0 -1.23562395605487,40.441471952715,1008.0 -1.23566804447071,40.4415130234051,1008.0 -1.23571699456885,40.4415500719861,1008.0 -1.23576192201115,40.4415899694359,1008.0 -1.235806010427,40.4416290293561,1008.0 -1.23585496142347,40.4416650714992,1008.0 -1.2359000559524,40.4417049695644,1008.0 -1.2359369362864,40.4417510699246,1008.0 -1.23597901337431,40.4417929793154,1008.0 -1.23601991726244,40.4418350561809,1008.0 -1.23605394724206,40.4418789775772,1008.0 -1.2360980365562,40.4419109968401,1008.0 -1.23614195698705,40.4419450267763,1008.0 -1.23618403407497,40.4419800630645,1008.0 -1.2362309728452,40.4420159382029,1008.0 -1.23627707348725,40.4420539915075,1008.0 -1.23632200092955,40.4420940575256,1008.0 -1.23637095102772,40.4421289262362,1008.0 -1.23642006911081,40.4421649681113,1008.0 -1.23646801309583,40.4422030220152,1008.0 -1.23651495186607,40.4422390638506,1008.0 -1.23656105250815,40.4422769502129,1008.0 -1.23660396772422,40.4423190274591,1008.0 -1.23664906225315,40.4423579194563,1008.0 -1.23668996614128,40.4423949675717,1008.0 -1.23672600834713,40.4424360390652,1008.0 -1.23676205055297,40.4424779487127,1008.0 -1.23679792477382,40.4425180137944,1008.0705 -1.2368379905338,40.4425570738591,1008.6373 -1.23688006762171,40.4425979770712,1008.50410000001 -1.23692499506401,40.4426360314136,1008.38129999999 -1.23696405471091,40.4426720730168,1008.9872 -1.23700998736799,40.4427079477859,1008.91770000001 -1.23705592002512,40.4427470077401,1008.8564 -1.23709598578509,40.4427899228672,1008.7729 -1.23713504543195,40.4428350174942,1008.67419999999 -1.23717293187907,40.4428769268929,1008.5159 -1.2372160141818,40.442917998092,1008.44010000001 -1.23725993551099,40.4429580635951,1008.97470000001 -1.23730100648575,40.4429979615765,1008.10279999999 -1.23733503736366,40.4430410447247,1008.9232 -1.23737493513871,40.443081948326,1009.0 -1.23741500089869,40.4431220137313,1009.0 -1.23745204921765,40.4431659349704,1009.0 -1.23749094087955,40.4432070066766,1009.0 -1.23753201185435,40.4432489158434,1009.0 -1.23757593318353,40.4432879754834,1009.0 -1.23761901638456,40.4433270351006,1009.0 -1.23766394292853,40.4433640833655,1009.0 -1.23770400868851,40.4434059924343,1009.0 -1.23774994134563,40.4434460583302,1009.0 -1.23779604198771,40.443484950359,1009.0 -1.23784298075791,40.4435240098618,1009.0 -1.23789394308231,40.44356206368,1009.0 -1.23794892806255,40.4435969323127,1009.0 -1.23800206969981,40.4436309627628,1009.0 -1.23805303112585,40.4436639875353,1009.0 -1.23810198122402,40.4436980179514,1009.0 -1.23815193743527,40.4437330546932,1009.0 -1.23820507907253,40.4437679232373,1009.0 -1.23824698817549,40.4438089945757,1009.0 -1.23831102637714,40.4438259260013,1009.0 -1.23836601135738,40.4438549273645,1009.0 -1.23841295012761,40.4438919753384,1009.0 -1.23845603332864,40.4439350585973,1009.0 -1.23850699475468,40.4439759623381,1009.0 -1.23857706783843,40.4439709326923,1009.0 -1.23862098916762,40.4440160278943,1009.0 -1.23865200170618,40.444054081434,1009.0 -1.23869491782055,40.4441000140554,1009.0 -1.23873598879534,40.4441409176958,1009.1856 -1.23876901356014,40.4441840007951,1009.73209999999 -1.23882802209451,40.4442059617549,1009.7167 -1.2388610468593,40.4442540737539,1010.0 -1.23890295596226,40.4442979949369,1010.0 -1.23895391828666,40.4443360490006,1010.0 -1.23900102414352,40.4443749405145,1010.0 -1.23904192803166,40.4444150065165,1010.0 -1.23909004000164,40.4444500428846,1010.0 -1.23913999621292,40.4444869230365,1010.0 -1.23918894720936,40.4445259826406,1010.0 -1.23922297718897,40.4445739269167,1010.0 -1.23926606039,40.4446180160681,1010.0 -1.23931199304708,40.4446629426588,1010.0 -1.23934702913981,40.4447070317518,1010.0 -1.23939195658211,40.4447489413507,1010.0 -1.23943906243898,40.4447900127732,1010.0 -1.23949203609128,40.4448280665583,1010.0 -1.23953595742046,40.4448679641135,1010.0 -1.23958507550359,40.4449060178545,1010.0 -1.23963302038691,40.4449469216882,1010.0 -1.23967794693092,40.4449879929898,1010.0 -1.23972304145984,40.4450310762298,1010.0 -1.23976897411696,40.4450719799873,1010.0 -1.23981608087216,40.4451110392515,1010.0 -1.23986402485718,40.4451430583423,1010.0 -1.23991096362742,40.4451839620317,1010.0 -1.23995605815634,40.4452240275514,1010.0 -1.2400040030397,40.445265936828,1010.0 -1.24005597057888,40.4453039910273,1010.0 -1.2401079390164,40.4453430508403,1010.0 -1.24015504487326,40.445383954408,1010.0 -1.24019997231557,40.4454270373942,1010.0 -1.24024607205931,40.4454679409108,1010.0 -1.24027993495226,40.4455140414248,1010.0 -1.24032402426641,40.4455440483755,1010.0 -1.24036995692353,40.4455869637677,1010.0 -1.24041806889351,40.4456270297309,1010.0 -1.24046500766371,40.4456689387561,1010.0 -1.24051194643395,40.4457110159299,1010.0 -1.24055603484979,40.4457510818192,1010.0 -1.24059895096416,40.4457919851386,1010.0 -1.24064203326689,40.4458340622353,1010.0 -1.24068494848296,40.4458739605606,1010.0 -1.24072602035605,40.445916037606,1010.0 -1.24076893557212,40.4459569408251,1010.0 -1.24081201877315,40.4460000241275,1010.0 -1.24085191654817,40.4460399216707,1010.0 -1.24089701107713,40.4460809936717,1010.0 -1.24094093240632,40.4461230705875,1010.0 -1.24098502082213,40.4461639743642,1010.0 -1.24102994826443,40.4462030336774,1010.0 -1.24107705412129,40.4462409198565,1010.0 -1.24112399289153,40.4462789741874,1010.0 -1.24117093166176,40.4463170278132,1010.0 -1.24121300874968,40.4463550814175,1010.0 -1.2412500570686,40.4463979969755,1010.0 -1.24130001327989,40.446435044915,1010.0 -1.24133806681363,40.4464749428835,1010.0 -1.24138299335761,40.4465119907806,1010.0 -1.24143194435407,40.4465520561924,1010.0 -1.24147905021094,40.446592959708,1010.0 -1.24152297154012,40.4466330257551,1010.0 -1.24157108351013,40.4466710791804,1010.0 -1.24162103972139,40.446703936338,1010.0 -1.24164601827618,40.4467500366878,1010.0 -1.24169496837432,40.4467800437704,1010.0 -1.24175095946767,40.4468179303078,1010.0 -1.24181298544309,40.4468400585789,1010.0 -1.24184802153582,40.446879956307,1010.0 -1.24187802885956,40.4469200214995,1010.0 -1.24190602485537,40.4469699780241,1010.0 -1.24194307227603,40.4470160781916,1010.0 -1.2420020808104,40.4470360276899,1010.0 -1.24203292626231,40.4470759253017,1010.0 -1.24206293358605,40.4471159910609,1010.0 -1.24211506911019,40.44714398608,1010.0 -1.2421660314346,40.4471860636975,1010.0 -1.2422210164148,40.4472259612203,1010.0 -1.24228203627711,40.4472519449802,1010.0 -1.24233299860151,40.44727893502,1010.0 -1.2423740695763,40.4473129656567,1010.0 -1.24242503190067,40.4473550424849,1010.0 -1.24247297678403,40.4473929286982,1010.0 -1.2425239382101,40.4474309823769,1010.0 -1.24257205018008,40.4474770829118,1010.0 -1.24261697762238,40.4475230159285,1010.0 -1.2426709573878,40.4475590583294,1010.0 -1.24273901824532,40.4475639195368,1010.0 -1.24278092734824,40.447609014379,1010.0 -1.24282199922137,40.4476539410213,1010.0 -1.24285602920094,40.4477000420868,1010.0 -1.24289995053013,40.4477499980317,1010.0 -1.24293800406388,40.4477850340286,1010.0 -1.24298896638828,40.4478259381611,1010.0 -1.2430260147072,40.4478619803996,1010.0 -1.24306691769704,40.4478990282157,1010.0 -1.24311100701119,40.4479320529421,1010.0 -1.24316498677661,40.4479749681767,1010.0 -1.24320304031038,40.4480160396789,1010.0 -1.24324394419852,40.4480520818155,1010.0 -1.24329892917876,40.4480960025675,1010.0 -1.24333899493873,40.4481320453448,1010.0 -1.2433780545856,40.4481699311201,1010.0 -1.24343203345272,40.4482130143713,1010.0 -1.2434759547819,40.4482470445351,1010.0 -1.24351803186981,40.448283925338,1010.0 -1.24355792964483,40.4483179554659,1010.0 -1.2436149268513,40.4483590267585,1010.0 -1.24365398649816,40.4483970805737,1010.0 -1.2437089714784,40.4484369787448,1010.0 -1.24375205467943,40.4484720150672,1010.0 -1.24379295856757,40.4485060457834,1010.0 -1.24384794354777,40.4485469494771,1010.0 -1.24389404418985,40.4485759508541,1010.0 -1.24393394196487,40.4486140045466,1010.0 -1.24397199639694,40.4486510526319,1010.0 -1.24402497004925,40.4486919562372,1010.0 -1.24406000614197,40.4487340335693,1010.0 -1.24410107711674,40.4487670578853,1010.0 -1.2441560629953,40.4488099732704,1010.0 -1.24419093110304,40.4488490330967,1010.0 -1.2442299907499,40.4488869191515,1010.0 -1.24428397051532,40.4489279907799,1010.0 -1.24432101883428,40.4489650386921,1010.0 -1.24436007848114,40.4490029246814,1010.0 -1.2444019875841,40.4490359495489,1010.0 -1.24444792024122,40.4490719918221,1010.0 -1.24449301477015,40.4491090396548,1010.0 -1.24453593088455,40.4491450818888,1010.0 -1.2445939333058,40.4491849796158,1010.0 -1.24463399906578,40.4492210218091,1010.0 -1.24467791949667,40.4492550521461,1010.0 -1.24472804369288,40.4492850594774,1010.0 -1.24478001123207,40.4493179167242,1010.0 -1.24482292644814,40.4493549644214,1010.0 -1.24485997476709,40.4493930183564,1010.0 -1.24488897597772,40.4494369395994,1010.0 -1.24493407050668,40.4494709705106,1010.0 -1.24497698662105,40.449505000721,1010.0 -1.24501906370896,40.4495450663994,1010.0 -1.24505896148398,40.4495789290909,1010.0 -1.24509902634566,40.4496129599303,1010.0 -1.24514194246006,40.4496520192899,1010.0 -1.24518703698899,40.4496870556625,1010.0 -1.24524302808234,40.4497269537513,1010.0 -1.24528393107218,40.4497640019066,1010.0 -1.24532500294528,40.4497990382208,1010.0 -1.2453729469303,40.4498260279213,1010.0 -1.24542407723966,40.4498719606998,1010.0 -1.24545693401949,40.4499120261594,1010.0 -1.24550202854842,40.4499430387638,1009.9384 -1.24554092021032,40.4499799193196,1010.0 -1.24558199208345,40.4500149555212,1009.946 -1.24562993606847,40.4500439569483,1010.0 -1.24568592716183,40.450062061899,1009.97319999999 -1.24574393048138,40.4500789938002,1009.8113 -1.2458039451289,40.4500880459296,1009.31540000001 -1.24587401731432,40.4500999479535,1009.0 -1.24594995729518,40.4501140299502,1009.0 -1.24600997194267,40.450118052889,1009.0 -1.24606898047708,40.4501170473252,1009.0 -1.24613201256561,40.450118052889,1009.0 -1.2461920272131,40.450118052889,1009.0 -1.24625405318852,40.4501140299502,1009.0 -1.24631406783604,40.4501079951998,1009.0 -1.24637491971339,40.4501059833882,1009.0 -1.24645002156606,40.4500930751177,1009.0 -1.2465130536546,40.4500850285533,1009.0 -1.24657792998444,40.4500820111768,1009.0 -1.24663794373363,40.4500779875522,1009.0 -1.24669795838112,40.4500709465505,1009.0 -1.24676199658277,40.4500659180443,1009.0 -1.24682301644508,40.4500580389568,1009.0 -1.24688101976466,40.4500469743266,1009.0 -1.24694304574008,40.4500419458186,1009.0 -1.24700708304344,40.4500389277566,1009.0 -1.24706692970597,40.4500300431008,1009.0 -1.24713197312244,40.4500209909636,1009.0 -1.24719098165681,40.4500169673354,1009.0 -1.24724999108951,40.4500099263273,1009.0 -1.24731201706493,40.4500030534822,1009.0 -1.24737404304035,40.4499970187219,1008.11990000001 -1.24743506290266,40.4499889721459,1008.0 -1.24749692179145,40.4499829367006,1008.0 -1.24755894776687,40.4499780756682,1008.0 -1.24761996762918,40.44997002909,1008.0 -1.24769892505106,40.4499619818273,1008.0 -1.24776296325271,40.4499589644453,1008.0 -1.24782700055607,40.4499529296809,1008.0 -1.24788701520359,40.4499460568301,1008.0 -1.24795004729213,40.449940021381,1008.0 -1.24801592883672,40.4499309692316,1008.0 -1.24807393215631,40.4499180609274,1008.0 -1.24813595813173,40.4499120261594,1008.0 -1.2482010015482,40.4499019677557,1008.0 -1.24826101619569,40.4498910712639,1008.0 -1.24831499506281,40.4498719606998,1008.0 -1.24837601582345,40.449860057952,1008.0 -1.24843703568575,40.4498469821534,1008.0 -1.2485119704518,40.449831057129,1008.0 -1.248575001642,40.4498199924614,1008.0 -1.24863501628952,40.4498109402959,1007.8864 -1.2487119623835,40.4497970264001,1007.0 -1.24877700579997,40.4497879735479,1007.0 -1.24883903177539,40.4497819387682,1007.0 -1.24889703509495,40.4497670192974,1007.0 -1.2489610723983,40.4497589726939,1007.0 -1.249024942615,40.4497499198366,1007.0 -1.2490839511494,40.449743046965,1007.0 -1.24915100589377,40.4497400295732,1007.0 -1.24921403798231,40.4497410351426,1007.0 -1.24929299540423,40.4497339941056,1007.0 -1.24935602749276,40.4497319829665,1007.0 -1.24941805346818,40.4497289648906,1007.0 -1.24947706200255,40.4497239363588,1007.0 -1.24953892089135,40.4497180690543,1007.0 -1.24960195297989,40.4497110280149,1007.0 -1.24966397895531,40.4497039869747,1007.0 -1.24972499881761,40.4496979521874,1007.0 -1.24978702479303,40.4496910793105,1007.0 -1.24984804555364,40.4496870556625,1007.0 -1.24991007152906,40.449682026444,1007.0 -1.24997192951952,40.4496739798304,1006.8391 -1.25003395639327,40.4496669394699,1006.66190000001 -1.25011006346076,40.449663921391,1006.5693 -1.25017192234956,40.4496590603356,1006.4406 -1.25023193699704,40.449654031115,1006.2516 -1.25030804406457,40.449638943451,1006.0 -1.25036906482517,40.4496290531712,1006.0 -1.25043092281563,40.4496220121224,1006.0 -1.25049093746315,40.4496139655016,1006.0 -1.25056603931583,40.4496020633916,1006.0 -1.25063007661918,40.4495950223401,1006.0 -1.25069092939483,40.449586975716,1006.0 -1.25074993792923,40.4495760791731,1006.0 -1.25081095868983,40.4495630033194,1006.0 -1.25087399077837,40.449550933719,1006.0 -1.25093299931277,40.4495319905396,1006.0 -1.25100692706741,40.4495110355256,1006.0 -1.25106895304283,40.4494999714889,1006.0 -1.25112896769031,40.449489074932,1006.0 -1.2512030634299,40.4494739879145,1006.0 -1.25126006063637,40.4494600739489,1006.0 -1.25132108139698,40.4494480036465,1006.0 -1.2513809280595,40.4494369395994,1006.0 -1.25143993659391,40.449425037458,1006.0 -1.25151604455973,40.4494139734071,1006.0 -1.25157605830892,40.4494020712618,1006.0 -1.25163791719768,40.4493940246146,1006.0 -1.2516979318452,40.4493869835412,1006.0 -1.25177303369787,40.449375919484,1006.0 -1.25184796756562,40.449366028482,1006.0 -1.25191301098209,40.4493509414369,1006.0 -1.25198006662479,40.4493450740999,1005.8621 -1.25205701182044,40.4493400448558,1005.72470000001 -1.25213094047337,40.4493340100358,1005.67570000001 -1.25220503621296,40.4493299863665,1006.0 -1.25227192387071,40.4493350156113,1006.0 -1.25234903794964,40.4493400448558,1005.64350000001 -1.25241894304841,40.4493289807909,1005.9129 -1.25248499257799,40.4493160723711,1005.0487 -1.25255204732237,40.4492909268196,1005.1761 -1.25261306718467,40.4492989734792,1005.62609999999 -1.25268599062282,40.4492810364888,1005.2034 -1.25275304536719,40.4492510291556,1005.0 -1.25279596058326,40.4492180043938,1005.0 -1.25284591679455,40.4491759273647,1005.2531 -1.25290106975971,40.4491370352109,1005.26420000001 -1.25292906575555,40.4490959637102,1005.3195 -1.25291699509308,40.4490399725522,1005.35279999999 -1.25298002718162,40.4490039309455,1005.0 -1.25304607671121,40.448997057314,1005.0 -1.25309502680935,40.448966044273,1005.03230000001 -1.2531429716927,40.4489289963615,1005.822 -1.25319108366268,40.4488939602773,1005.4629 -1.25324305120186,40.4488639527713,1005.6876 -1.25329300741312,40.4488240548538,1005.7767 -1.25333407928624,40.4487910305658,1006.0 -1.25337900583021,40.4487580055779,1006.0 -1.25342493848733,40.4487269924267,1006.0 -1.25348294180692,40.4486929618223,1006.0 -1.25354295555611,40.4486599374699,1006.0 -1.25361403475295,40.4486659723504,1006.0 -1.2536780720563,40.44864501775,1006.0 -1.25371998205755,40.4486140045466,1006.0 -1.25378804291507,40.4486049522187,1005.8236 -1.25384906277738,40.448587015043,1005.40489999999 -1.25391695654824,40.448579973885,1005.3916 -1.25397898252366,40.4485650541474,1005.8737 -1.25403195617597,40.4485380646241,1005.3654 -1.25409197082345,40.4485199592629,1005.8346 -1.25415701423992,40.4485060457834,1005.6296 -1.25420998789223,40.448481067413,1005.9316 -1.25427301998076,40.4484649738972,1005.64380000001 -1.2543360520693,40.4484470366841,1006.0 -1.2543999213877,40.4484319494328,1005.8533 -1.25446194826142,40.4484170296622,1006.0 -1.25452598556477,40.4484029479935,1006.0 -1.2545880115402,40.4483890344898,1005.88370000001 -1.25465104362873,40.4483739465418,1006.0 -1.25470904604999,40.4483590267585,1006.0 -1.25476805458439,40.4483449450776,1006.0 -1.25482706311876,40.4483249966514,1006.0 -1.25488892200756,40.4483139324194,1006.0 -1.25495295931088,40.4483030356701,1006.0 -1.25501398007151,40.4482899602523,1006.0 -1.2550800296011,40.4482790634992,1006.0 -1.25513903813547,40.4482690055346,1006.0 -1.25520106411089,40.448258946885,1006.0 -1.25526795176864,40.4482530794527,1006.0 -1.25532897163095,40.4482470445351,1006.0 -1.25538999239155,40.4482420158925,1006.0 -1.25545604192114,40.448241009617,1006.0 -1.25552007922449,40.4482379921578,1006.0 -1.25559903664637,40.4482329628308,1006.0 -1.25566693041723,40.4482279341871,1006.0 -1.25572895639265,40.4482240786199,1006.0 -1.25578997625496,40.4482220667521,1006.0 -1.25585803801078,40.4482200548841,1006.0 -1.25592308142725,40.4482230723441,1006.0 -1.2559839342029,40.4482349746984,1006.0 -1.25604696539313,40.4482490564023,1006.0 -1.2561120097079,40.4482629706185,1006.0 -1.25617504089814,40.4482780579078,1006.0 -1.25623505554563,40.448294989575,1006.0 -1.25629892576233,40.4483030356701,1006.0 -1.25636195785086,40.4483149380101,1006.0 -1.25642498993943,40.4483219791959,1006.0 -1.25649103857069,40.4483280141067,1006.0 -1.25656094366945,40.4483310315619,1006.0 -1.25662196443009,40.4483449450776,1006.0 -1.25668197907758,40.4483650616659,1006.0 -1.25674702249405,40.4483779702684,1006.0 -1.25681005458258,40.4483930575319,1006.0 -1.25687291868616,40.4484079773078,1006.0 -1.25693896821575,40.4484170296622,1006.0 -1.25699998807806,40.4484369787448,1006.0 -1.25706000272554,40.4484549159605,1006.0 -1.25712102258785,40.4484730206556,1006.0 -1.25718204334848,40.4484899522736,1006.0 -1.25724205709767,40.4485070513713,1006.0 -1.25730693342748,40.4485129187815,1005.5901 -1.25737197684396,40.4485120806778,1005.4394 -1.25743601504561,40.4485199592629,1005.91039999999 -1.25749904623582,40.4485300178735,1006.0 -1.25756291645254,40.4485360527656,1006.0 -1.25762795986898,40.4485459432062,1006.0 -1.2576879745165,40.4485519780969,1006.0 -1.25775301793297,40.4485519780969,1006.0 -1.25781605002151,40.4485479550644,1006.0 -1.25787992023821,40.4485429257606,1006.0 -1.25793691744468,40.4485270004272,1006.0 -1.25799408173777,40.4485110744064,1006.0 -1.25805493451342,40.4485090632307,1006.0 -1.25810405259655,40.4485000108886,1006.0 -1.25816306113092,40.4484879404137,1006.0 -1.25822206966529,40.4484659801693,1006.0 -1.25830203320032,40.448461956448,1006.0 -1.25834796585744,40.4484549159605,1006.0 -1.25839104905846,40.44845793341,1006.0 -1.25842306771011,40.448461956448,1006.0 -1.25848995536786,40.4484800618247,1006.0 -1.25856991890288,40.4484740269276,1006.0 -1.25862104831391,40.4484859292373,1006.0 -1.25868005684828,40.4484899522736,1006.0 -1.2588059530404,40.4484939753096,1006.0 -1.25885205368248,40.4485110744064,1006.0 -1.25890804477583,40.4485189536752,1006.0 -1.25898096731565,40.4485290122859,1006.0 -1.25903997585002,40.4485449376189,1006.0 -1.25912798559505,40.4485600248449,1006.0 -1.25916603912879,40.448568071592,1006.0 -1.25923292678654,40.4485779620278,1006.0 -1.25931104608026,40.4485880206297,1006.0 -1.25937005461467,40.4485900324866,1006.0 -1.25943694227238,40.4485980785464,1006.0 -1.25951204412508,40.4486039459487,1006.0 -1.25957105265949,40.4486109871041,1006.0 -1.2596109513328,40.4486270799014,1006.0 -1.25969108195446,40.4486470289216,1006.0 -1.2597239387343,40.4486510526319,1006.0 -1.25979602314595,40.4486720072303,1006.0 -1.2598439680293,40.4487040259919,1006.0 -1.2599219193381,40.4487269924267,1006.0 -1.25996500253913,40.4487429183964,1006.0 -1.26002903984245,40.4487700753208,1006.0 -1.2600910667162,40.448798071018,1006.0 -1.26012895226499,40.4488210374207,1006.0 -1.26021193324104,40.4488409863833,1006.0 -1.26024395189272,40.4488699876335,1006.0 -1.26027597144269,40.4488820580398,1006.0 -1.26037303351084,40.4489189378107,1006.0 -1.26040505216252,40.4489360374829,1006.0 -1.26046406069689,40.4489509571382,1006.0 -1.26051200558024,40.4489700679642,1006.0 -1.26058995688901,40.4489940398887,1006.07829999999 -1.26063806975731,40.4490119769557,1006.0 -1.26071602106611,40.4490339377053,1006.0 -1.26077402348737,40.4490490255052,1006.0 -1.26082297448384,40.4490709855591,1006.0 -1.26088399434614,40.4490870789298,1005.93979999999 -1.26093696799844,40.4491090396548,1006.0 -1.26099798786075,40.4491279829534,1006.0 -1.26106604961657,40.4491450818888,1006.0 -1.26112908080677,40.4491680481729,1006.0 -1.2612009981318,40.4491829677767,1006.0 -1.26127308254346,40.4492089521472,1006.0 -1.26133091787809,40.449223033647,1006.0 -1.26139897873557,40.4492490173185,1006.0 -1.2614529576027,40.4492669550011,1006.0 -1.26150492604018,40.4492909268196,1006.0 -1.26155806677914,40.4493120493843,1006.0 -1.26161104043145,40.4493330044603,1006.0 -1.26167692287438,40.4493609999231,1006.0 -1.26174096017773,40.4493869835412,1006.0 -1.2617919225021,40.4494099497426,1006.0 -1.26184808068208,40.4494310722698,1006.0 -1.26189904300648,40.4494550447134,1006.0 -1.26196492455111,40.4494840456987,1006.0 -1.26201706007526,40.449506006294,1006.0 -1.26208294161985,40.4495329961122,1006.0 -1.26214999726256,40.4495589803474,1006.0 -1.26220397612968,40.4495789290909,1006.0 -1.26225896200821,40.4496030689631,1006.0 -1.26231193566052,40.4496270413455,1006.0 -1.26236507639945,40.449654031115,1006.0 -1.26241402739592,40.4496850438385,1006.0 -1.2624720298172,40.4497019758347,1006.2203 -1.26253506190574,40.449732988536,1006.1042 -1.26258300589076,40.449756960872,1006.1312 -1.26264100921035,40.4497760714688,1006.0 -1.26268895319537,40.4497990382208,1006.0 -1.26274494428872,40.4498220042814,1006.0 -1.26279506848493,40.4498479884049,1006.0 -1.26286195614268,40.449865925244,1006.0 -1.26293001700017,40.4498900656968,1006.46219999999 -1.26298801942146,40.4499160491103,1006.05100000001 -1.26303998785894,40.4499329810483,1006.63800000001 -1.26310905482958,40.4499519241147,1006.2798 -1.26316102236873,40.449972040222,1006.61040000001 -1.26322707189832,40.449999029853,1006.2576 -1.26329496477089,40.4500240083428,1006.785 -1.26334207152605,40.450047980575,1006.0959 -1.26341599928068,40.450069940986,1006.0 -1.26346897293298,40.4500910633058,1006.0 -1.26352597013945,40.4501100063275,1006.0 -1.26359805455111,40.4501359903397,1006.0 -1.26364499332134,40.4501539277855,1006.0 -1.26369997830155,40.4501730382694,1006.0 -1.26374004406156,40.4501909757054,1006.372 -1.26379402382698,40.4502139423157,1006.6376 -1.26386895769469,40.4502509902025,1006.99589999999 -1.26393198978326,40.4502769741601,1006.1804 -1.26397406687114,40.450301951863,1006.58620000001 -1.26404095452888,40.4503269302403,1006.31050000001 -1.26408202550368,40.4503520760876,1006.0 -1.26412007993576,40.4503730308394,1006.0 -1.26415595415661,40.450390968222,1006.00260000001 -1.26420993392203,40.4504179576847,1006.0 -1.26425402233787,40.4504409242174,1006.0297 -1.26429308198473,40.4504749546203,1006.8017 -1.26435594608831,40.4505200495601,1006.807 -1.26440506417144,40.4505589415972,1007.0 -1.26446591694709,40.4506050420372,1006.99370000001 -1.26451805247123,40.4506429277856,1007.0 -1.26457002001042,40.4506789698806,1006.9515 -1.26462701721689,40.4507109890531,1006.20299999999 -1.26467395598713,40.4507530664882,1006.5346 -1.26475006305462,40.4507979930795,1006.012 -1.2648080663742,40.450836046881,1006.9745 -1.26485902780027,40.4508650486373,1007.0 -1.26492608344294,40.4508920379097,1006.1697 -1.26499699465486,40.4509119869412,1007.0 -1.26504594475299,40.4509379706432,1006.99980000001 -1.26510394717428,40.4509720014779,1007.0 -1.26516899059072,40.4510040205109,1007.0 -1.26522297035614,40.4510269868433,1007.0 -1.26527996756261,40.451051964951,1007.0 -1.26533696387075,40.4510710758631,1007.0 -1.26540804306762,40.4510990712854,1006.7549 -1.26546805681681,40.4511099675813,1007.0 -1.26552907757741,40.451127066696,1007.0 -1.26559194168102,40.451143998329,1007.0 -1.26566100865163,40.4511520447667,1007.0 -1.26572504595498,40.4511719937209,1007.0 -1.2657870728287,40.4511919426693,1007.0 -1.2658509421471,40.4512060244371,1007.0 -1.26591296902082,40.4512219498193,1007.0 -1.26597197755522,40.4512449160772,1007.0 -1.26603400353064,40.451261009611,1007.0 -1.26609401817813,40.4512799523029,1007.0 -1.26616392327693,40.4512920222764,1007.0 -1.26622997190818,40.451301074926,1007.0 -1.26629602143777,40.4513129774186,1007.0 -1.26636307708047,40.4513159947398,1007.0 -1.26642694729717,40.4513230356111,1007.0 -1.26649299592843,40.4513290702525,1007.0 -1.26656005157113,40.4513349380999,1007.0 -1.26663096278301,40.4513399671947,1007.0441 -1.26670204108158,40.4513419789692,1007.7993 -1.26676792262618,40.4513500253831,1008.0 -1.26683497826888,40.4513530427027,1008.0 -1.26690404523952,40.4513590780249,1008.0 -1.26697093289723,40.4513659507312,1008.0 -1.26703899375475,40.4513709798237,1008.0 -1.26710705461224,40.4513810380075,1008.0 -1.26717293615687,40.451385061554,1008.0 -1.26723999179957,40.4513979695764,1008.0 -1.26730604132916,40.4514040048946,1008.0 -1.26737091676064,40.4514120513012,1008.2521 -1.26743294273606,40.4514209364578,1008.21709999999 -1.26749798615253,40.4514309946341,1008.003 -1.26756202435419,40.4514370292658,1008.0 -1.26762606165754,40.4514450763519,1008.0 -1.26769093798735,40.4514569781354,1008.0439 -1.26775598140383,40.45146703699,1008.3012 -1.2678210248203,40.4514799449966,1008.32889999999 -1.26788606823673,40.4514920149341,1008.8765 -1.2679539620076,40.4515010668732,1009.0 -1.26802001153718,40.4515099520181,1009.0 -1.26808706628156,40.4515190046383,1009.0 -1.26815294872452,40.4515280572573,1009.0 -1.26822000346889,40.451536941715,1009.0 -1.26828504688536,40.4515429770207,1009.0 -1.26834992321517,40.4515500171847,1009.10460000001 -1.26841798407266,40.4515550469469,1009.4325 -1.26848403360225,40.4515590697995,1009.20849999999 -1.26855092125999,40.4515619196332,1009.38860000001 -1.26861495856332,40.4515659431689,1009.9243 -1.26868201420602,40.451566948711,1010.0 -1.26874705762249,40.4515659431689,1009.4615 -1.26881696272129,40.4515719777885,1010.0 -1.2688979323694,40.4515760013236,1010.0 -1.26896297578587,40.4515850539349,1010.0592 -1.26902500176129,40.4515890774692,1010.0138 -1.26910395918317,40.4515939383851,1010.0 -1.26916397383069,40.4516009792273,1010.0 -1.26923002336028,40.4516110380602,1010.1045 -1.2692920493357,40.4516100318352,1010.25049999999 -1.26935692476718,40.4516100318352,1010.0 -1.2694169394147,40.4516130491431,1010.2623 -1.26947594794907,40.4516269633465,1010.6176 -1.26955406724283,40.4516309868782,1011.0 -1.26964207698783,40.4516440623296,1011.0 -1.2696910279843,40.4516539529964,1011.0 -1.26975808272867,40.4516640111378,1011.0 -1.2698300000537,40.4516720581968,1011.0 -1.26986201870537,40.4516839606238,1011.0015 -1.26998607065622,40.4516970360648,1011.0 -1.27005798708291,40.4517010595924,1011.04369999999 -1.27012504272562,40.4517129620142,1011.37089999999 -1.27019997659336,40.4517230201468,1011.5693 -1.2702569737998,40.4517189966205,1011.12820000001 -1.27035303065313,40.4517290547523,1011.34759999999 -1.27042595319298,40.4517330782779,1011.7086 -1.27050105504565,40.4517399516296,1012.0 -1.2705489990307,40.451737939867,1012.1471 -1.27062108344236,40.4517459862335,1012.06080000001 -1.27066701609945,40.4517500097582,1012.0 -1.27075804418382,40.4517620796472,1012.0 -1.27082007015925,40.451780016659,1012.1109 -1.27087907869365,40.4517840401817,1012.30160000001 -1.27095401256136,40.4517949370501,1012.0846 -1.2710009513316,40.4518029834098,1012.0295 -1.27107303574326,40.451818070588,1012.7591 -1.27112198584139,40.4518319847489,1013.0 -1.27119893193537,40.4518430490853,1013.0 -1.27128006867014,40.4518650095933,1013.0 -1.27135600865101,40.4518859638733,1013.0 -1.27142507562165,40.4519030634741,1013.0 -1.27150403304353,40.4519210004483,1013.0 -1.27156605901895,40.4519330703067,1013.00380000001 -1.27165507487709,40.4519510079564,1013.5347 -1.27172196253484,40.4519610660534,1014.0 -1.27176403962275,40.4519679393817,1014.0 -1.27183193339361,40.4519709566735,1014.0 -1.27189697681005,40.4519729684292,1014.0 -1.27197107344797,40.4519729684292,1014.0 -1.27202706454129,40.4519779974762,1014.0 -1.27208104340841,40.4519510079564,1014.0 -1.27214591973823,40.4519489962001,1014.0 -1.27220995704158,40.4519520134928,1014.0 -1.27227500045802,40.4519550307853,1014.0 -1.27234104998761,40.4519630778093,1014.0 -1.2724049202043,40.4519669331621,1014.0 -1.27246996362077,40.4519729684292,1014.0 -1.27253601315036,40.4519810147675,1014.0 -1.2725990452389,40.4519920790794,1014.1428 -1.27266492678353,40.4520029752304,1014.0107 -1.27270499254351,40.452029965413,1014.0 -1.27278495607853,40.452056954901,1014.0 -1.27283407416163,40.4520720427058,1014.0 -1.27288905914187,40.4520940031389,1014.0 -1.27295594679958,40.4521099283107,1014.0814 -1.27298997677919,40.4521199870675,1014.0 -1.27304496265773,40.4521369184503,1014.035 -1.27310095375108,40.4521499938032,1014.2043 -1.27315208316211,40.452162064304,1014.6635 -1.27321997693294,40.452167931395,1014.6312 -1.2732959169138,40.4521810074255,1015.0 -1.27336498388444,40.4522130258824,1015.0 -1.27343002730088,40.4522390097649,1015.0 -1.27349205327633,40.4522609708271,1015.0 -1.27355692870781,40.4522730406243,1015.0 -1.27361895558157,40.4522929892458,1015.0 -1.27368399899804,40.452312938545,1015.0 -1.27375608340969,40.452312938545,1015.1672 -1.2738110683899,40.4523389223889,1015.0 -1.27381006227678,40.4523920637342,1015.0 -1.27384392516973,40.4524400078676,1015.0 -1.27391802180762,40.4524649861337,1015.0 -1.27399194956225,40.4524889581787,1015.0 -1.27406302875912,40.4525139364266,1015.0 -1.27411197885726,40.4525370704005,1015.0 -1.27416998127851,40.4525749564268,1015.0 -1.27423401948017,40.4525920558524,1015.0 -1.27428397569145,40.4526089871162,1015.0 -1.27432705799415,40.4526220630608,1015.0 -1.27438204387268,40.4526299418477,1015.0 -1.27444004629397,40.4526540819911,1015.0 -1.27448095018211,40.4526700077137,1015.0 -1.27455001715274,40.4526929741603,1015.0 -1.27460600824607,40.452706049405,1015.0 -1.27465898189837,40.4527239868484,1015.0 -1.27472804886901,40.452740080028,1015.6434 -1.2747610736338,40.4527590229865,1015.4684 -1.27482393773738,40.4527789721473,1015.4783 -1.27488395238487,40.4527960715209,1015.2821 -1.27495503068341,40.4527999268258,1015.0 -1.27503097066427,40.4528099854794,1015.09819999999 -1.27509199052657,40.4528260786383,1015.4618 -1.27514898773304,40.4528490450315,1015.24159999999 -1.27521101370846,40.4528659762306,1016.0 -1.27527102835595,40.452868993482,1015.7402 -1.27534897966475,40.4528750286681,1015.0 -1.27541603530745,40.4528740231456,1015.0 -1.2754849342931,40.4528669824368,1015.0 -1.27555098382269,40.4528679879594,1015.0 -1.27561904468018,40.4528740231456,1015.1109 -1.27568693845104,40.4528760348742,1015.65270000001 -1.2757709246419,40.4528599410437,1016.0 -1.27584099772562,40.4528500505544,1016.0 -1.27590704725521,40.4528440160497,1016.0 -1.27596907323063,40.4528349636079,1016.0551 -1.27603193733421,40.4528279222115,1016.8351 -1.27609698075068,40.4528369746541,1016.74310000001 -1.27616001283922,40.4528490450315,1017.0 -1.27621600393257,40.4528740231456,1016.9094 -1.27627098891278,40.4528990012504,1017.0 -1.27632496867823,40.4529280021164,1016.75659999999 -1.27637693621742,40.4529559981323,1017.00569999999 -1.27643007785468,40.4529880169034,1016.9816 -1.27648104017905,40.4530210411797,1016.95359999999 -1.27654407136929,40.4530369668153,1017.3357 -1.27660492414493,40.4530470254333,1017.96610000001 -1.27666493879245,40.4530679800283,1017.99619999999 -1.27673802931722,40.4530859173751,1018.0 -1.27679904917953,40.4531130745952,1018.0 -1.27686291939622,40.4531529727006,1017.8937 -1.27693701513581,40.4531809679391,1017.29670000001 -1.27698998878812,40.4531980672105,1017.5194 -1.2770419572256,40.4531960554915,1017.99800000001 -1.27709794831896,40.4532170107235,1018.0 -1.27713197829854,40.4532599260012,1017.60830000001 -1.27718998161812,40.4532949618598,1017.8407 -1.27724496659836,40.4533219515234,1017.2686 -1.27730296901961,40.4533600059463,1017.4137 -1.27735191911775,40.4533859893853,1017.0 -1.27742098608839,40.4534200203474,1017.14380000001 -1.27745602307941,40.4534379576003,1017.4299 -1.27752006038274,40.4534810402085,1017.0 -1.2775939890357,40.453528984932,1017.0 -1.27766791768863,40.4535620096259,1017.27310000001 -1.27773597854612,40.4536039191716,1017.171 -1.2777879460853,40.453626047259,1017.1911 -1.27782599961905,40.4536379493399,1017.4118 -1.27786606537906,40.4536600780996,1017.5937 -1.27791702770343,40.4536830442078,1017.7309 -1.27798106500678,40.4537060103082,1017.99400000001 -1.27804292389554,40.4537460762161,1018.0 -1.27807695387516,40.453767030593,1017.7424 -1.27811299608097,40.4537819505429,1017.9044 -1.27817904561056,40.4538089406944,1017.99679999999 -1.27822799570869,40.4538359301515,1018.0 -1.27829102779726,40.4538719725846,1017.948 -1.27836998521914,40.4539090205054,1017.60709999999 -1.27843905218978,40.4539519360246,1017.31 -1.2784950432831,40.4539770811991,1017.4982 -1.27854198205334,40.4540050767778,1017.53140000001 -1.27858892082357,40.4540210028638,1017.21709999999 -1.27865195291211,40.4540500039292,1017.57030000001 -1.27870207621002,40.4540669355092,1017.211 -1.2787649412119,40.4540959365548,1017.5879 -1.27882394974631,40.4541219203928,1017.0879 -1.27890307425485,40.4541730500054,1017.0 -1.27894196681505,40.4542000399998,1017.03170000001 -1.27898605523089,40.4542149598535,1017.0157 -1.27904204632425,40.4542389319578,1017.40820000001 -1.27910692265406,40.4542779920464,1017.0 -1.27915604073715,40.4543069930009,1017.0243 -1.27922192228178,40.4543229190152,1017.0 -1.2792839482572,40.454340017996,1017.32520000001 -1.27936005622302,40.4543670072398,1017.0 -1.27940699499323,40.4543899737899,1017.0172 -1.27950405706138,40.4544219925613,1017.0 -1.27952802950305,40.4544360743359,1017.0392 -1.27958402059641,40.4544530058186,1017.0 -1.279657948351,40.4544799957006,1017.1277 -1.27971393944436,40.4545089972514,1017.0 -1.27979306485123,40.4545440331424,1017.0 -1.27988593627855,40.4545680058127,1017.0 -1.27993304303375,40.4545819194042,1017.0125 -1.27997193469565,40.4545869489395,1017.0625 -1.28002692057419,40.4546070650265,1017.0 -1.28007503254416,40.4546229909698,1017.1578 -1.2801489602988,40.4546439457568,1017.0 -1.28023395350107,40.4546660735017,1017.0 -1.28027603058899,40.454670935562,1017.0 -1.2803549880109,40.4546759644072,1017.236 -1.28040695555009,40.4546840111055,1017.0634 -1.28046395275652,40.4546930632981,1017.0 -1.28052396740404,40.454709994716,1017.0 -1.28058599337946,40.4547250826086,1017.0 -1.28065807779112,40.4547389961676,1017.0 -1.28072295322263,40.4547410078403,1017.0 -1.28079000886534,40.4547369844948,1017.0083 -1.28086594884617,40.454737990673,1017.0 -1.28091992771329,40.454737990673,1017.0 -1.28095194726326,40.4547329611489,1017.0 -1.28098698335599,40.4547339673272,1017.0 -1.2810399570083,40.4547299439812,1017.0 -1.28112092575811,40.4547250826086,1017.0 -1.28118395784665,40.4547079830423,1017.0 -1.28122201227872,40.4547019487044,1017.0 -1.28127800337204,40.4547049658734,1017.0 -1.28134991979877,40.4547029541996,1017.0 -1.28141596932833,40.4547049658734,1017.0 -1.28147799530375,40.4546979253565,1017.0 -1.2815589640536,40.4546969191777,1017.0 -1.28162199614214,40.4546930632981,1017.0 -1.28167999946169,40.4546950749722,1017.0 -1.28174403676504,40.4546910516239,1017.0 -1.28181595319174,40.4546940694769,1017.0 -1.28187496172614,40.4546860227799,1017.0 -1.28194000604091,40.4546969191777,1017.0 -1.28201091635449,40.4547160297368,1017.0 -1.28208903564822,40.4547359790001,1017.0 -1.28214804418262,40.4547520723813,1017.0978 -1.28220705271699,40.4547770504715,1017.0 -1.28227695781579,40.4548100752355,1017.0 -1.28232406457095,40.4548320354575,1017.0 -1.28240603943391,40.4548519846864,1017.0007 -1.28245700175828,40.4548799799006,1017.0 -1.28250394052852,40.4548850094136,1017.0 -1.28256395427771,40.4549079757867,1017.0 -1.28263603868936,40.4549269188177,1017.0 -1.28268700101373,40.4549379826445,1017.0 -1.2827520444302,40.4549450238198,1017.0 -1.28282295564208,40.4549639668404,1017.1603 -1.28287492318127,40.4549879386774,1017.14169999999 -1.28293493782879,40.4549969915126,1017.0 -1.28299696380421,40.4550239811761,1017.08440000001 -1.2830710595438,40.4550499653387,1017.0 -1.28313291843256,40.4550729316554,1017.1862 -1.28318203651565,40.4550960654319,1017.0 -1.28329100126131,40.4551230550555,1017.0699 -1.2833510150105,40.4551399863652,1017.0 -1.28340197733487,40.4551520563288,1017.0975 -1.28342997243242,40.4551659704829,1017.2329 -1.28349702807508,40.4551859196127,1017.0 -1.28356995061493,40.4552130766675,1017.3725 -1.28362594170825,40.4552380545864,1017.0 -1.28368595635577,40.4552529748932,1017.0 -1.28373691778184,40.4552580036947,1017.0 -1.28379207074701,40.4552769466271,1017.0226 -1.28385895840475,40.455297063191,1017.0 -1.2839399280529,40.4553240534174,1017.0307 -1.28400597758248,40.4553409846764,1017.0 -1.28406297389062,40.4553619392395,1017.1026 -1.28410806841955,40.4553790386394,1017.1885 -1.28418501451353,40.4554030110118,1017.16740000001 -1.28423195328377,40.4554229593876,1017.0 -1.2842949853723,40.4554459262604,1017.1841 -1.28436002878878,40.4554670482574,1017.0 -1.28442004343626,40.4554869972978,1017.3172 -1.28447804585755,40.455508957982,1017.1029 -1.28453403695087,40.4555270628273,1017.36380000001 -1.2846280824763,40.4555500296645,1017.8587 -1.28467904390237,40.4555599197563,1018.1293 -1.28473805243674,40.4555679663487,1017.87850000001 -1.2847940435301,40.4555909331718,1017.75199999999 -1.28486394862886,40.4556189287617,1017.8993 -1.28489596728054,40.4556350219315,1017.7469 -1.28493905048156,40.4556489359856,1017.7213 -1.28497894825658,40.4556910130628,1017.2261 -1.28503695157617,40.4557169969675,1017.0 -1.28510300110576,40.4557220257343,1017.0 -1.28516100352701,40.4557310784706,1017.08990000001 -1.28522001206142,40.4557379514133,1017.2634 -1.28527801448267,40.4557480096271,1017.0592 -1.28534607623849,40.4557540445546,1017.0327 -1.2854049167879,40.4557639352999,1017.0 -1.28545001131687,40.4557949486213,1017.0 -1.28547197243061,40.4558400434087,1015.1597 -1.28551002596435,40.4558259619284,1015.81 -1.28560004793562,40.4558299852088,1015.69070000001 -1.28565503291582,40.4558070184673,1016.7467 -1.28572493801462,40.4557989719035,1017.0135 -1.28579501020004,40.4557969602624,1017.0 -1.2858709510792,40.455783046239,1016.8487 -1.28594404070567,40.4557719818679,1017.1373 -1.28597807158358,40.4557339281274,1018.0 -1.2860159580307,40.4556950363513,1018.0 -1.28610698521675,40.4556869897741,1018.0 -1.28618007484319,40.4556730757279,1018.0199 -1.28623891629093,40.4556640229838,1018.2403 -1.28629105181508,40.4556559764029,1018.27959999999 -1.2863510664626,40.4556469243399,1018.0 -1.28641292445306,40.4556350219315,1018.39230000001 -1.28648299753678,40.4556219458896,1019.0 -1.28653094152184,40.4556040085362,1019.0 -1.28658106571805,40.4556060201831,1019.0 -1.28665398825786,40.4555949564663,1019.0 -1.28673596312079,40.4555889215246,1019.0713 -1.28680201265038,40.4555820478831,1019.24559999999 -1.28686604995374,40.4555800362355,1019.3648 -1.28694500737562,40.455593950301,1020.0 -1.28704994946544,40.4555949564663,1020.0 -1.28710594055876,40.4555889215246,1020.0 -1.28724793006921,40.4555419823864,1020.0 -1.28742797311341,40.455447937912,1019.50719999999 -1.28763198859928,40.4553699858556,1020.0 -1.28778805920176,40.4553599275853,1020.0 -1.28861099505378,40.4550360511606,1019.9837 -1.28885004663234,40.4548970794231,1020.0 -1.28894593550072,40.4548070573877,1020.0 -1.28908004588779,40.4547049658734,1020.0 -1.28932194782078,40.4545319630695,1020.0 -1.28946695477225,40.4544459652752,1020.0 -1.2896109556106,40.4543279478864,1020.0 -1.28968203480747,40.4542729624879,1020.0 -1.28976199744417,40.4541859581758,1020.0 -1.28981295976854,40.4541349967265,1020.0 -1.28986392209294,40.4540850400595,1020.0 -1.28991706283187,40.4540340785337,1020.637 -1.28994707015562,40.4539700406059,1021.0 -1.28996400160211,40.4539009737143,1021.0 -1.29000691681818,40.4538439769504,1020.4026 -1.29004497125025,40.4537640133819,1020.9322 -1.29003105724481,40.4537180805294,1021.0 -1.28997892172067,40.4536810325034,1021.0 -1.28991203406292,40.4536669512542,1021.06909999999</coordinates>
</LineString>
</Placemark>
</Folder>
</Document></kml>
