<?xml version="1.0" encoding="UTF-8"?>

<kml xmlns:xsd="http://www.w3.org/2001/XMLSchema" xmlns:gx="http://www.google.com/kml/ext/2.2" xmlns:atom="http://www.w3.org/2005/Atom" xmlns="http://www.opengis.net/kml/2.2">
<Document>
<name>ES25a_09a_cella-santa_eulalia_del_campo</name>
<visibility>1</visibility>
<Schema name="ES25a_09a_cella-santa_eulalia_del_campo" id="kml_schema_ft_ES25a_09a_cella-santa_eulalia_del_campo">
<SimpleField type="xsd:string" name="id">
<displayName>id</displayName>
</SimpleField>
<SimpleField type="xsd:string" name="nombre">
<displayName>nombre</displayName>
</SimpleField>
<SimpleField type="xsd:double" name="longitud">
<displayName>longitud</displayName>
</SimpleField>
<SimpleField type="xsd:string" name="_formato">
<displayName>_formato</displayName>
</SimpleField>
</Schema>
<Folder id="kml_ft_ES25a_09a_cella-santa_eulalia_del_campo">
<name>ES25a_09a_cella-santa_eulalia_del_campo</name>
<Placemark id="kml_1">
<name>&lt;img height='20' src='https://nco.ign.es/iconos/icono_todos_caminos_azul.png' /&gt;&lt;img height='20' src='https://nco.ign.es/iconos/Camino Santiago_20.png' /&gt;&lt;img height='20' src='https://nco.ign.es/iconos/icono_todos_caminos_azul.png' /&gt;  Camino de Santiago </name>
<visibility>1</visibility>
<description><![CDATA[<!DOCTYPE html>
<html>
<head>
<style>
#nco {
  border-collapse: collapse;
  overflow:hidden;
}
#nco th, #nco td {
  padding: 4px;
  text-align: left;
}
#nco th {
  color: #364B5F;
  padding-right: 5px;
}
#nco td {
  color: rgb(51, 51, 51);
  font-size: 12px;
  padding-right: 5px;
}
</style>
</head>
<body>
<table id="nco">
<tr>
<td>Caminos del Este</td>
</tr>
<tr>
<th><b>Camino: </b></th>
<td>ES25a Camino de Sagunto</td>
</tr>
<tr>
<th><b>Etapa: </b></th>
<td>09a Cella-Santa Eulalia del Campo</td>
</tr>
<tr>
<th><b>Longitud: </b></th>
<td>14.18 km</td>
</tr>
</table>
</body>
</html>]]></description>
<Style>
<IconStyle>
<scale>0.8</scale>
</IconStyle>
<LabelStyle>
<color>ffffffff</color>
<scale>0.75</scale>
</LabelStyle>
<LineStyle>
<color>ffff0000</color>
<width>3.0</width>
<gx:labelVisibility>1</gx:labelVisibility>
</LineStyle>
<PolyStyle>
<color>66ff0000</color>
</PolyStyle>
</Style>
<ExtendedData>
<SchemaData schemaUrl="#kml_schema_ft_ES25a_09a_cella-santa_eulalia_del_campo">
<SimpleData name="id">ES25a_09a</SimpleData>
<SimpleData name="_formato">kml</SimpleData>
</SchemaData>
</ExtendedData>
<LineString>
<extrude>0</extrude>
<tessellate>1</tessellate>
<coordinates>-1.29009995623046,40.4536780152884,1021.0 -1.29008604222502,40.453705004798,1021.0 -1.29005905234232,40.4537430583204,1021.0 -1.29008403089712,40.4538459886499,1020.0 -1.29006106367022,40.45390499711,1020.0 -1.29002502146441,40.4539489181382,1020.46520000001 -1.28999199759795,40.4539829488153,1020.9179 -1.28996601293004,40.4540030650831,1021.0 -1.2899360065046,40.4540540273159,1020.2003 -1.28988605029331,40.4540910751363,1020.0 -1.28985403074334,40.4541289616536,1020.0 -1.28980893621441,40.4541700328125,1019.8416 -1.28976702711145,40.4542149598535,1020.0 -1.28972696135144,40.4542499958978,1020.0 -1.28967901736642,40.4542739686731,1020.0 -1.28963492805228,40.4543100108712,1020.0 -1.28957793084581,40.4543510819194,1020.0 -1.28953401041495,40.4543939971563,1020.0 -1.28948003064953,40.4544379185485,1020.0 -1.28941498723306,40.4544950829612,1020.0 -1.28935799002659,40.4545390042873,1020.0 -1.28931406869741,40.4545690113099,1020.0 -1.2892719916095,40.4546030416729,1020.0 -1.28922102928513,40.4546389162257,1020.0 -1.28918901063345,40.4546699293829,1020.0 -1.28915397454075,40.4547170359153,1020.0 -1.28912296110386,40.4547649804404,1019.9963 -1.28906998745156,40.4548090690585,1019.792 -1.28900796147614,40.454839076644,1019.9106 -1.288959011378,40.4548940615792,1019.0157 -1.28888994440736,40.4549359709776,1019.1522 -1.28884099430922,40.4549639668404,1019.2222 -1.28879204421109,40.4549939736732,1019.4463 -1.28873202956357,40.4550259928403,1019.62480000001 -1.28868307946543,40.455053987982,1019.58809999999 -1.28862004737689,40.4550860071206,1019.1575 -1.28855600917524,40.4551129967483,1019.59 -1.28849599542605,40.4551409925373,1019.7849 -1.28842491622918,40.4551730116344,1019.6741 -1.28836406435183,40.4551949717377,1019.59 -1.28825895517539,40.4552380545864,1019.6473 -1.2882230800562,40.4552569982079,1019.8627 -1.28813004154225,40.4553039368616,1019.2325 -1.28807907921785,40.4553260650727,1018.6456 -1.28801805935554,40.4553510429495,1019.03260000001 -1.28798101103658,40.4553689803704,1018.79429999999 -1.28793792783559,40.455381050293,1018.9256 -1.28789803006054,40.4554009993588,1018.9374 -1.28787003496303,40.4554130692756,1018.6859 -1.28784706773617,40.4554259772078,1018.44130000001 -1.28776894844241,40.4554569900017,1018.5658 -1.287702061683,40.4554809623463,1019.2372 -1.2876430522503,40.4555109696317,1018.8979 -1.28757599750592,40.455530918659,1019.2095 -1.28751900029945,40.4555560646097,1018.9259 -1.28745999176508,40.4555830540486,1018.43979999999 -1.28735404446048,40.4556199342432,1018.4327 -1.28727206959751,40.4556420623502,1019.0772 -1.28719797385796,40.4556630175029,1019.57829999999 -1.28714701153355,40.4556910130628,1019.0 -1.28710392833253,40.4557180024475,1019.0 -1.28709001432708,40.4557439863417,1019.0934 -1.28709102044023,40.4557550507175,1019.0475 -1.28711398676876,40.4558279735686,1017.93180000001 -1.28712806875916,40.4558599923383,1017.7071 -1.28714097665149,40.4559030754441,1017.8793 -1.28715505864189,40.4559379438262,1017.53230000001 -1.287168971749,40.4559850501532,1017.1632 -1.2871830537394,40.4560249479204,1017.0 -1.28720300262691,40.4560700425534,1017.0 -1.28721892796025,40.4561059170065,1017.0 -1.28723401606377,40.4561340805304,1017.0 -1.28723904483275,40.4561520177422,1016.90730000001 -1.28725094751026,40.4561749843657,1016.89320000001 -1.28725798760715,40.4561949331959,1016.98940000001 -1.2872710634844,40.4562120323838,1017.0 -1.28727894260777,40.4562309750471,1017.0 -1.28728698971607,40.4562499183887,1017.0 -1.28729302459817,40.4562629943083,1017.0 -1.28729503592607,40.4562799253307,1017.0 -1.28729503592607,40.4562960190256,1017.0 -1.28729905948024,40.4563159678198,1017.0 -1.28730894993151,40.4563620684114,1017.0 -1.2873300720188,40.4564059892007,1016.3912 -1.28734599825047,40.4564500781089,1016.5919 -1.28736007934254,40.4564960111444,1016.8505 -1.2873830456711,40.4565479790046,1017.0 -1.28740198934379,40.4565930732866,1017.0 -1.28742696700029,40.4566390062243,1017.0 -1.28744792200092,40.4566879562106,1017.0 -1.28746200309298,40.4567340572305,1017.0 -1.28747591709843,40.4567809955358,1017.0 -1.28749301652988,40.4568339693225,1017.0 -1.28750693053529,40.4568879485297,1017.0 -1.28752905873569,40.4569370664812,1017.0 -1.28753492653113,40.4569860169339,1017.0 -1.28755101895113,40.4570319496029,1017.0 -1.28756208350048,40.457081067449,1017.0 -1.28756493295657,40.4571340416826,1017.0 -1.28756292162864,40.4571799742505,1017.0 -1.28756593906969,40.4572319422652,1017.1329 -1.28756593906969,40.4572869272928,1018.0 -1.28756694518281,40.4573330279017,1018.0 -1.28756694518281,40.4573819780659,1018.0 -1.28755805994632,40.4574329397865,1018.0 -1.28752503518152,40.4574929546509,1018.0 -1.28748999908883,40.4575420721601,1018.0 -1.28743903676442,40.4576049365044,1018.0 -1.28735505057359,40.4576550607497,1018.0 -1.28727693127984,40.4577150747323,1018.0 -1.28717903018523,40.457749943541,1018.76059999999 -1.28722395762753,40.4577869913741,1018.9577 -1.2872690521565,40.457828063031,1019.0 -1.28730006559335,40.4578540467927,1018.96799999999 -1.28733191626007,40.4578709780976,1018.6026 -1.28736594713798,40.4578729896767,1018.8031 -1.28741707654901,40.4578850598329,1019.0 -1.28744004287757,40.4579080265475,1019.0 -1.28744406643171,40.4579420565864,1019.0 -1.28742897922652,40.4579859777098,1019.0 -1.28741506522108,40.4580359342106,1019.0 -1.28739997711756,40.4580870635788,1019.0 -1.28738991957966,40.4581360138771,1019.0 -1.28737600557422,40.458181947127,1019.0 -1.28736393491175,40.4582240239849,1019.0 -1.28735404446048,40.4582749857504,1019.0 -1.28733292237319,40.4583190747992,1019.0 -1.28733107813192,40.4583740603041,1019.0 -1.28734800957838,40.4584179811451,1019.0 -1.28735303834736,40.4584739726913,1019.0 -1.28733895725526,40.4585229227077,1019.0 -1.28734298080942,40.4585700292728,1019.0 -1.28733493370113,40.4586240084523,1019.03909999999 -1.28732604936296,40.4586699413685,1019.18090000001 -1.28732303192191,40.4587180532656,1019.037 -1.28731900836775,40.4587680099056,1019.1326 -1.2873159909267,40.4588189712584,1019.10340000001 -1.2873079438184,40.4588739570376,1019.0 -1.28730492637735,40.4589110049344,1019.0 -1.28730492637735,40.4589619668622,1019.0 -1.2873079438184,40.4590119233208,1019.0 -1.28730392116256,40.4590689198018,1019.0 -1.28729704725401,40.4591190436384,1018.9114 -1.28729000715712,40.4591700054084,1018.8607 -1.28727307571063,40.4592189562846,1019.0 -1.2872690521565,40.4592670677886,1018.7936 -1.28726704082856,40.4593160185941,1018.4874 -1.28726704082856,40.4593679863236,1018.5098 -1.28726100504816,40.4594120753386,1018.7908 -1.28725195272505,40.4594600192475,1019.0 -1.28725195272505,40.4595139990789,1019.0 -1.28724994139714,40.4595639551269,1018.3042 -1.28724994139714,40.4596130731725,1018.3254 -1.28724994139714,40.4596630291469,1018.3469 -1.28724893528403,40.4597139911877,1018.5736 -1.28724692395609,40.4597629416676,1019.0 -1.28724793006921,40.4598140710885,1019.0 -1.2872440736017,40.4598640275969,1019.0 -1.28724206227377,40.4599180064202,1019.0 -1.28724005094587,40.4599750034996,1018.9561 -1.28723703350482,40.4600279775017,1018.8052 -1.28723200383754,40.4600799453639,1018.895 -1.28722898639649,40.4601280569348,1018.80809999999 -1.28723200383754,40.4601760016997,1018.7363 -1.28723401606377,40.4602239464303,1018.68150000001 -1.28722999250963,40.4602750755004,1018.7277 -1.28722496374065,40.460325031666,1018.79150000001 -1.28721691663235,40.4603739823841,1018.9019 -1.28721104973521,40.4604239384761,1018.0 -1.28720501395484,40.4604760741698,1018.0 -1.28720501395484,40.4605280416853,1018.0 -1.28720702618107,40.4605790037535,1018.0 -1.28720501395484,40.460628959693,1018.0 -1.28720602006796,40.4606799216847,1018.0 -1.28719696774484,40.4607270281043,1018.0 -1.28718707729356,40.4607759785295,1018.0 -1.28718104241146,40.4608259343225,1018.0 -1.28716494909316,40.4608730406398,1017.94130000001 -1.28715204030254,40.4609219909586,1017.2291 -1.28713293044149,40.4609699358404,1017.31879999999 -1.28712002165086,40.4610210650262,1018.0 -1.28709906754853,40.4610720274038,1017.6724 -1.28708397944502,40.4611250005409,1017.1624 -1.28706906022479,40.4611749567579,1017.0113 -1.28705296690645,40.4612269244164,1017.6776 -1.28703301801895,40.4612790601703,1017.3646 -1.28701692470064,40.4613290162727,1017.11320000001 -1.28699697581313,40.461378972338,1017.3106 -1.28698306180769,40.4614299344441,1017.0564 -1.2869580832529,40.4614770410213,1016.1792 -1.2869419899346,40.4615269969765,1016.71649999999 -1.28692103583227,40.4615769528945,1016.6709 -1.28689505116436,40.4616250654437,1016.9068 -1.28686303251269,40.4616720037493,1016.6513 -1.28683201997412,40.4617189427056,1016.14569999999 -1.28680603620455,40.4617690659319,1016.969 -1.28677703409559,40.4618180162813,1016.2559 -1.28674803288496,40.461865961207,1016.3769 -1.28672003778745,40.4619179290144,1016.3325 -1.28669707145889,40.4619680527757,1016.0153 -1.28666907546305,40.4620159969108,1016.32709999999 -1.28664895859058,40.4620659531487,1016.1909 -1.28662699837517,40.4621130592799,1015.8695 -1.28658492128726,40.4621539628924,1015.7699 -1.28653697640391,40.46219604068,1015.348 -1.28649607341407,40.4622439846525,1015.51270000001 -1.28646304864927,40.4622899178275,1015.02830000001 -1.2864310290993,40.462338029866,1015.0 -1.2863980043345,40.4623849683569,1015.0 -1.28636296824178,40.4624310688849,1015.0 -1.28633195570325,40.462479013373,1014.99340000001 -1.28629691871222,40.4625249463874,1014.41899999999 -1.28626607326029,40.4625700407584,1014.0677 -1.28623506072176,40.4626179851474,1014.4102 -1.28620706472592,40.4626639180667,1014.1697 -1.28618108095631,40.4627110244619,1014.4108 -1.28614604486361,40.4627579633757,1014.0 -1.28611804886777,40.4628030575903,1014.14969999999 -1.28608401888819,40.4628479850097,1014.0 -1.28605602289235,40.4628969352564,1014.0 -1.28602501035382,40.4629410240058,1014.0 -1.28599701435798,40.4629879627588,1014.0 -1.28597605935735,40.4630350689269,1014.0 -1.28595795471112,40.4630850250903,1013.9126 -1.28593901193672,40.4631359872691,1013.6133 -1.28592694217255,40.463188960829,1013.43150000001 -1.285912022054,40.4632469632342,1013.2035 -1.28590598717193,40.4632920578039,1013.12059999999 -1.28590095750465,40.4633420144598,1013.0569 -1.28590196361776,40.4633969992707,1013.09759999999 -1.2858930792796,40.4634479612128,1013.0 -1.28588402605815,40.4634979177527,1013.0 -1.28587799117609,40.4635510591572,1013.0 -1.28586592141192,40.4636010149369,1013.0 -1.28585200740651,40.4636509713629,1013.0 -1.2858340698469,40.4636999217078,1013.0 -1.28581395387273,40.4637470280601,1013.0 -1.28579501020004,40.4637989957791,1013.0 -1.28577405609771,40.4638499574161,1013.0 -1.28575595055318,40.463900919698,1012.30379999999 -1.2857380138919,40.4639500373063,1012.5432 -1.28571605277813,40.4639979820772,1012.2043 -1.28569694201877,40.4640459261305,1012.0 -1.28567799924438,40.4640980617469,1012.0 -1.28566391725398,40.4641490238405,1012.12639999999 -1.28564698580752,40.4641989798589,1011.6771 -1.28563005436103,40.4642459184163,1011.1471 -1.28561496715584,40.4642940304208,1011.38219999999 -1.2855930069404,40.4643459984001,1011.3958 -1.28557305805289,40.4643949489219,1011.0493 -1.28555998217561,40.4644469168231,1011.24860000001 -1.28554103940121,40.4644980460962,1011.48360000001 -1.28552494608291,40.4645480025385,1011.0465 -1.2855049971954,40.4645969529132,1011.0785 -1.28548504740956,40.4646430532899,1011.0 -1.28546794887644,40.46469401497,1011.0 -1.28545302875788,40.4647429652382,1010.4926 -1.28543995288063,40.464793927526,1010.2309 -1.28542503366037,40.4648480746154,1010.3907 -1.28540793422895,40.4648990368234,1010.9598 -1.28539200889558,40.4649479869422,1010.1192 -1.28537993913144,40.4650029718055,1010.0618 -1.28535999024393,40.4650549399197,1010.37760000001 -1.28534791958143,40.4651050633905,1010.8495 -1.28532897680704,40.46515904347,1010.2597 -1.28531103924747,40.4652029639757,1010.14380000001 -1.28527700926785,40.4652549319351,1010.6952 -1.28524901327204,40.4653099172305,1010.1139 -1.28522202338932,40.4653550117822,1010.1023 -1.28518195852764,40.465397927508,1010.35619999999 -1.28513501975744,40.4654349752241,1010.0 -1.28509998276641,40.4654700115683,1010.0 -1.28510400632054,40.4655179559377,1010.0 -1.28512999009015,40.4655590276522,1010.0 -1.28516603229596,40.465597081295,1010.0 -1.28519201606557,40.4656430142274,1010.0096 -1.28522202338932,40.465684923755,1010.0 -1.28525605426723,40.4657350474391,1010.0499 -1.28528203803684,40.4657680722842,1010.0 -1.28529595204225,40.4658190344776,1010.0 -1.28530198692435,40.4658569205323,1010.0 -1.28528807291891,40.4659050327496,1010.0 -1.28526896215955,40.4659499594612,1009.7638 -1.28524197227683,40.4660089682253,1009.00780000001 -1.28522302950243,40.4660500396396,1009.0 -1.28520593007102,40.466098989603,1009.0 -1.28518799340974,40.466143078301,1009.0 -1.28517206717806,40.46619202888,1009.0 -1.28515496864495,40.4662510374315,1009.0 -1.28513501975744,40.4662949585899,1009.0 -1.28511607608471,40.4663390471592,1008.87519999999 -1.28509897755159,40.4663920209268,1008.0 -1.28507902866408,40.4664399653214,1008.1744 -1.28506997634096,40.4664830484767,1008.3207 -1.28505807366346,40.4665279754851,1008.09080000001 -1.28504097423201,40.4665779317845,1008.0 -1.28503192190889,40.4666250381686,1008.0 -1.28501800790345,40.4666800230259,1008.0 -1.28500292069826,40.4667269618998,1008.0 -1.28499906512905,40.4667680335583,1008.0 -1.28497693692868,40.46682603629,1008.0 -1.28497006391842,40.4668699570725,1008.0 -1.28496101159531,40.4669150519436,1008.0 -1.28494408014885,40.4669700372468,1008.0 -1.2849330155995,40.4670209992117,1008.0 -1.28491993972221,40.4670689438408,1007.61229999999 -1.28491206059884,40.4671219170326,1007.0 -1.28490401438884,40.4671680177266,1007.0 -1.28490099694782,40.4672209915237,1007.0 -1.28489697339365,40.4672769825669,1007.0 -1.2848919446247,40.4673309615842,1007.0 -1.28488708294238,40.4673839352528,1007.0 -1.28488507161444,40.4674380823045,1007.0 -1.28488004194719,40.4674890445976,1007.0 -1.28487300095198,40.4675369888926,1007.0 -1.28486394862886,40.4675889570964,1007.0 -1.28485707561863,40.4676409245765,1007.0 -1.28485305206447,40.4676979219372,1007.0 -1.28484399974135,40.4677470395025,1007.0 -1.2848389709724,40.4678010188254,1006.3119 -1.28482908052112,40.4678449403371,1006.0 -1.28482991864928,40.467886011312,1006.0 -1.28482908052112,40.4679359679681,1006.0 -1.28482505696696,40.4679830740832,1006.0 -1.28482002729967,40.4680350419418,1006.0 -1.28482002729967,40.4680759453652,1006.0 -1.28482203952591,40.4681280805871,1006.0 -1.28482304474072,40.4681840722409,1006.0 -1.28482405085384,40.4682390571886,1006.0 -1.28482606218174,40.4682940427747,1006.0 -1.28482706829489,40.468347016367,1006.0 -1.28482606218174,40.4684020011813,1006.0 -1.28482606218174,40.4684529634265,1006.0 -1.28482606218174,40.4684990638902,1006.0 -1.28482405085384,40.4685490200903,1006.0 -1.28482203952591,40.4685959590247,1006.0 -1.28482304474072,40.4686509443186,1005.48420000001 -1.28482606218174,40.4687000618704,1005.05039999999 -1.28482505696696,40.468750017921,1005.0 -1.28482606218174,40.4688140561123,1005.0 -1.28482405085384,40.4688640120781,1005.0 -1.28483092386407,40.4689179911867,1005.0 -1.28483394130512,40.4689780060417,1005.0 -1.28483192997718,40.4690299738138,1005.0 -1.28483092386407,40.4690819415458,1005.0 -1.28482908052112,40.4691359211626,1005.0 -1.28482991864928,40.4691880562451,1005.0 -1.28482991864928,40.4692390185771,1005.0 -1.28482991864928,40.4692869629896,1005.0 -1.28483192997718,40.4693340688405,1005.0 -1.28482991864928,40.4693890542134,1005.0 -1.28483595353135,40.4694410223509,1005.0 -1.28483997618718,40.4694929897647,1005.0 -1.28484299362823,40.4695459637782,1004.6682 -1.28484802329552,40.4695959198829,1004.09970000001 -1.28485305206447,40.4696490612465,1004.0 -1.28486294341407,40.4696949941414,1004.0 -1.28488004194719,40.4697519911255,1004.0 -1.28489294983949,40.4698069761563,1004.0 -1.28491993972221,40.4698619611421,1004.0 -1.28494592349179,40.4699169467662,1004.0 -1.28497207524636,40.4699640528586,1004.0 -1.28500007124217,40.4700069683729,1004.0 -1.2850309166941,40.4700510572391,1004.0 -1.28505807366346,40.4700899489049,1004.0 -1.28509495399743,40.4701519752907,1004.0 -1.2851330075312,40.4701920409582,1004.0 -1.28516804452223,40.4702349563269,1004.0 -1.2852129710662,40.4702850800322,1004.0 -1.28525605426723,40.4703290012862,1004.0 -1.28531103924747,40.4703710780528,1004.0 -1.28537792690521,40.4704099702167,1003.8998 -1.28542905631621,40.4704409829272,1003.10550000001 -1.28549007707684,40.4704699844217,1003.2804 -1.28555193506731,40.4705050208729,1003.1191 -1.28561396194106,40.4705370401645,1003.0 -1.2856649233671,40.4705710706397,1003.01609999999 -1.28572192057357,40.470603927728,1003.05839999999 -1.28577103865669,40.4706359462891,1003.0 -1.28582099486795,40.4706689707745,1003.0 -1.28588402605815,40.4707030018662,1003.0 -1.28594001715151,40.4707360263186,1003.0 -1.28599802047109,40.4707690507548,1003.0 -1.28604998801028,40.4708039196214,1003.0 -1.28609793289363,40.4708419737094,1003.0 -1.28614805619155,40.4708729862205,1003.0 -1.28619600107486,40.4709090283973,1003.0 -1.28627294716884,40.4709489268685,1003.0 -1.28630395970741,40.470972060645,1003.0 -1.28633396703115,40.4709889920605,1003.0 -1.28639297556555,40.4710260401094,1002.7794 -1.28644008232071,40.4710570532188,1003.0 -1.28648903241888,40.4710909160027,1003.0 -1.28654602872702,40.4711259521298,1003.0 -1.28661006692868,40.4711690350127,1003.0 -1.28665801181203,40.4712030658509,1002.5621 -1.28671500812017,40.4712419582163,1002.6658 -1.28675892944935,40.4712790061256,1003.0 -1.28680603620455,40.4713160540145,1002.98880000001 -1.28686303251269,40.4713519285265,1002.3023 -1.28691097739604,40.4713869645175,1002.2539 -1.28696093360729,40.4714240130302,1002.0 -1.28701306913144,40.4714560318836,1002.0 -1.28705698956232,40.4714870447945,1002.0367 -1.28710392833253,40.4715150405937,1002.0 -1.28716494909316,40.4715400186017,1002.00169999999 -1.28723401606377,40.4715690196216,1002.09390000001 -1.28730693860358,40.4715970153866,1002.0 -1.28735605668671,40.4716270223071,1002.0622 -1.28741405910796,40.4716580358224,1002.0 -1.28745798043715,40.4716910604885,1002.0 -1.28749804529883,40.4717100035708,1002.0 -1.28753894918696,40.4717359874299,1002.0 -1.2876019812755,40.4717690120577,1002.0 -1.28764892004574,40.4718020366693,1002.0 -1.28770507912405,40.4718350612646,1002.0 -1.28775905799114,40.4718729473425,1002.0 -1.28780599676137,40.4719039607442,1002.0 -1.2878490799624,40.4719359793687,1002.0 -1.28790104750159,40.4719790624152,1002.0 -1.28794999759973,40.4720239891639,1001.8118 -1.28800498347826,40.4720699224844,1001.5873 -1.28804303701204,40.472102946948,1001.13310000001 -1.28809399933641,40.4721480417222,1001.0327 -1.28813305898327,40.4721839164731,1001.0705 -1.28816692187622,40.472217946797,1001.1075 -1.28821302161997,40.4722630414941,1001.6042 -1.28824805861099,40.4722950599474,1001.1924 -1.28828996771395,40.4723369694243,1001.0 -1.28833807968393,40.4723840758692,1001.0 -1.28838803589521,40.4724140831214,1001.0099 -1.28843698689168,40.4724469399913,1001.0 -1.28846095843503,40.4724739301612,1001.0 -1.28845693577919,40.4725240535621,1001.0 -1.28842793367023,40.4725719983628,1001.0 -1.28838200101311,40.4726040173523,1001.0 -1.28833506224291,40.4726440829235,1000.966 -1.28829097382706,40.472676939681,1000.2047 -1.28824202372893,40.4727109704384,1000.0913 -1.28819994664101,40.4727460064037,1000.0 -1.28815703052665,40.472781043034,1000.0 -1.28811394822392,40.4728160796461,1000.0193 -1.28807103300785,40.4728519540401,1000.0 -1.28802794980682,40.4728900076509,1000.0 -1.28798201714973,40.4729230323945,1000.0 -1.28793591650766,40.4729580689325,1000.0 -1.2878859602964,40.4729929373459,1000.0 -1.28783801541305,40.4730259620389,1000.0 -1.28779007142803,40.4730599926195,1000.0 -1.2877409533449,40.4730960349892,1000.0 -1.28769300846155,40.4731320773397,1000.0 -1.28764506447653,40.4731649338583,1000.0 -1.28759594639343,40.4731989643684,1000.0 -1.28754800151008,40.4732329948613,1000.09510000001 -1.28749704008401,40.4732670260203,1000.0625 -1.28744708387276,40.4733010564786,1000.0 -1.28738908055317,40.4733260345057,1000.2025 -1.28733694592736,40.4733610708334,1000.0 -1.287280954834,40.4733959397208,1000.0 -1.28725295883816,40.4734370107178,1000.00380000001 -1.2872279811817,40.4734760705778,1000.0 -1.28720602006796,40.4735270323892,1000.9853 -1.28719193897586,40.4735830236417,1000.4644 -1.28719495641691,40.4736380089524,1000.0 -1.28720602006796,40.473698023006,1000.0 -1.28723300995065,40.4737230015688,1000.0 -1.28728900104401,40.4737479794388,1000.0 -1.28733996336837,40.4737749690858,1000.0 -1.2873830456711,40.4738009528292,999.985199999996 -1.28744004287757,40.4738329719159,1000.0 -1.28750106363818,40.4738619733122,1000.0 -1.28754498406906,40.4738889629133,1000.0 -1.28759795772137,40.4739149466126,1000.0 -1.28764606969135,40.4739459597546,1000.0 -1.287702061683,40.473973955212,1000.0 -1.28775805277635,40.4740049683267,1000.0 -1.28779895576619,40.474028940886,1000.0 -1.28785092420367,40.4740579421976,999.842999999993 -1.28790792051181,40.4740889552735,999.729999999996 -1.28796894127245,40.474120974223,999.775599999994 -1.28801604712931,40.47414796372,999.455499999996 -1.28806600334057,40.4741729421153,999.3986 -1.28810103943329,40.4741920526007,999.486000000004 -1.2881459668756,40.4742140133203,999.006099999999 -1.28819407884557,40.4742399968938,999.0 -1.28824504116998,40.4742669870263,999.453500000003 -1.28831695759667,40.4743050405185,999.017000000007 -1.2883600407977,40.4743270012011,999.0 -1.28841703800414,40.4743580141527,999.0 -1.28847604653854,40.4743870153223,999.0 -1.28853002540563,40.4744180289295,999.0 -1.28859205138105,40.4744490418391,998.979200000002 -1.28865005470064,40.4744790488518,999.0 -1.28871593624527,40.4745110676152,998.849400000006 -1.28876606044148,40.474540069402,998.998300000007 -1.28882708030378,40.4745719207173,999.0 -1.28886597196572,40.4745940487316,998.861399999994 -1.28892296917216,40.4746240556795,999.0 -1.28896906981423,40.4746480280177,998.666700000002 -1.28903696268676,40.4746840702185,998.901800000007 -1.28909194856533,40.4747130719305,999.0 -1.28914307797633,40.4747430788253,998.613599999997 -1.28920996563407,40.4747769418004,998.894199999995 -1.28926696284054,40.4748099662993,999.0 -1.28932597137492,40.4748409797112,999.0 -1.28938196246827,40.4748719924254,998.838000000003 -1.28943895877641,40.4749019999325,999.0 -1.28949495076809,40.4749289897989,998.601800000004 -1.28955395930246,40.4749589965971,998.955000000002 -1.28961296783683,40.4749900099402,999.0 -1.28967398769914,40.4750220284599,998.620299999995 -1.28972997879249,40.4750550535217,998.883300000001 -1.28977892889063,40.4750850602636,998.8989 -1.28985403074334,40.475120934812,998.543600000005 -1.28991303927771,40.4751539598251,998.744500000001 -1.28997104259729,40.4751809495902,998.276599999997 -1.29002904501858,40.4752119628308,998.494900000005 -1.29009006577918,40.4752439812447,997.845700000005 -1.29014505075942,40.4752739885855,998.0 -1.29020104185274,40.4753039959129,998.0 -1.2902630678282,40.4753329973571,997.905799999993 -1.29032207636257,40.4753640105274,998.0 -1.2903690151328,40.475392006077,998.0 -1.29042098267199,40.4754200016148,998.0 -1.29047395632429,40.4754520199295,998.0 -1.2905349770849,40.4754850447798,997.943400000004 -1.29058996206513,40.4755120344118,998.0 -1.29063606270718,40.4755370129831,998.0 -1.29069205380053,40.4755670201929,997.924700000003 -1.29074502745284,40.4755950156578,998.0 -1.2908129212237,40.475629046303,997.813899999994 -1.29086405063473,40.4756580476069,998.0 -1.29091601817391,40.4756900664914,998.0 -1.29098005637557,40.4757239289889,997.724700000006 -1.29103906490994,40.4757539361152,997.901299999998 -1.29109807344434,40.4757879666798,998.0 -1.29114903487041,40.4758119392859,997.730200000005 -1.29120703819,40.475844963959,997.828200000004 -1.29126604672437,40.4758709475848,997.576700000005 -1.29132606047356,40.4759069898124,997.7209 -1.29138406379315,40.4759369968569,997.843099999998 -1.29144106099958,40.4759670045713,997.539900000003 -1.29150493031798,40.4759990233085,997.764999999999 -1.2915649449655,40.4760300361712,997.836899999995 -1.29161993084403,40.4760610490195,997.584099999993 -1.29167106025506,40.4760880391033,997.741800000003 -1.29173006878943,40.4761200577828,997.892500000002 -1.29179092156508,40.4761530823045,997.539999999994 -1.29185697019637,40.4761889569656,997.746799999994 -1.29191296218802,40.4762179587109,997.778900000005 -1.29197398205033,40.4762499773284,997.621400000004 -1.29203500191263,40.476281996614,997.778900000005 -1.29208998779117,40.4763120034909,997.749100000001 -1.29215100765347,40.4763450279182,997.640400000004 -1.29221102230096,40.4763770471585,997.117800000007 -1.29226801950743,40.4764080598465,997.0 -1.29232401060078,40.4764380673504,997.0 -1.29238201302204,40.4764680748409,997.369699999996 -1.29244403899746,40.4765019376293,997.648499999996 -1.29249500132186,40.4765299327044,997.020099999994 -1.29256507350728,40.4765669811128,997.0 -1.2926210646006,40.4765959826948,997.435500000007 -1.29268191737628,40.4766249835811,997.744200000001 -1.29273992069587,40.4766539851381,997.094700000001 -1.29279607887585,40.4766870100804,997.0 -1.29285793776464,40.4767170167763,997.0 -1.29291493407278,40.4767460182936,997.0 -1.29297897227443,40.4767760256464,997.0 -1.29303093981362,40.4768050271382,997.083199999994 -1.29308894313321,40.4768380520063,997.0 -1.29314694555446,40.4768700703281,997.0 -1.29320394276093,40.4769039335971,997.698799999998 -1.29325892774114,40.4769389701078,997.071200000006 -1.29331408070633,40.4769709890648,997.0 -1.29337007179969,40.4770020014785,997.0 -1.29342405156511,40.4770340204054,997.0 -1.29347601910429,40.4770660393171,997.0 -1.29353301631076,40.477102920017,997.0 -1.29358900740408,40.4771319213675,997.0 -1.29364499849744,40.4771709811282,997.0 -1.29369093115456,40.4772040058162,997.0 -1.29374105445247,40.4772410538527,997.0 -1.29379604033101,40.4772759220918,997.0 -1.29384096687498,40.4773089467283,997.0 -1.29388606140394,40.4773449895506,997.0 -1.29393903505624,40.4773850550263,997.0 -1.29398094505749,40.4774219348675,997.0 -1.29403006314062,40.4774640119729,997.0 -1.29408102456666,40.4775059216401,996.983900000007 -1.29413098077795,40.4775469928563,997.0 -1.29417004042481,40.4775890705666,997.0 -1.29421496786711,40.4776299736372,997.031600000002 -1.29426391796525,40.477676074634,997.003599999996 -1.29430398372526,40.4777139608328,997.0 -1.29434304337212,40.4777510085879,997.0 -1.29438394636196,40.4777949297417,997.0 -1.29442602434816,40.4778339897999,997.0 -1.29445804299984,40.4778720433204,997.0 -1.29449307909257,40.4779099294086,997.0 -1.29453700042176,40.4779550243828,997.0 -1.29457606006862,40.4779930778347,997.0 -1.29461193428947,40.4780339820258,997.0 -1.29463791805908,40.4780670062893,997.0 -1.29468603092739,40.4781219913446,997.0 -1.29471804957903,40.4781560220756,997.0 -1.2947490621176,40.4781930702701,997.0 -1.29479298344678,40.4782490610481,996.717199999999 -1.29483405531991,40.4782909709086,996.964399999997 -1.29487294698181,40.4783360656268,997.0 -1.29491603018284,40.478380992222,997.0 -1.29495307760347,40.4784250810564,997.0 -1.2949919701637,40.4784679966297,997.0 -1.29503002369745,40.4785119179978,997.0 -1.29506606590326,40.4785539951033,997.0 -1.29510696979143,40.4785979164151,997.0 -1.29514602943829,40.4786409992869,997.372099999993 -1.29518592721331,40.4786830763115,998.0 -1.29522901041434,40.47872599172,998.0 -1.2952680700612,40.4787690745096,997.876600000003 -1.29530796783625,40.4788160131334,997.167100000006 -1.29534501615518,40.4788520551466,997.0 -1.29538591914501,40.4788959769467,997.0 -1.29542397357709,40.4789360421801,997.320699999997 -1.29545900966978,40.4789769457966,997.422500000001 -1.29550192488585,40.4790180167962,997.328299999994 -1.29553494965065,40.4790599268599,997.0 -1.29557803285168,40.4791050210617,997.0 -1.29562094806775,40.4791519601338,997.564400000003 -1.29565397283254,40.4791910194026,997.000199999995 -1.29569202636628,40.4792359467921,997.888099999996 -1.29572505113108,40.4792740002013,997.4853 -1.29576595501921,40.4793140658924,997.377500000002 -1.29579696845611,40.4793579873902,997.248200000002 -1.29582999232257,40.4793980523478,997.166899999997 -1.29586201187254,40.4794359389415,997.546799999996 -1.29589905929317,40.4794780161512,997.514500000005 -1.29593795185341,40.4795180817205,997.863100000002 -1.29598103505443,40.4795630082079,997.797200000001 -1.29601707726028,40.4796030737265,997.551699999996 -1.29605898636323,40.4796469950352,997.301600000006 -1.29609301724114,40.4796939337284,997.0 -1.296136937672,40.4797360107764,997.619900000005 -1.29617499210407,40.4797799319982,997.3557 -1.29621505696575,40.4798220089923,997.996700000003 -1.29625897829494,40.4798729714534,997.797699999996 -1.2962920030597,40.4799080077813,997.545800000007 -1.29633206881971,40.4799579636934,998.0 -1.29636492559955,40.4799990347761,997.742400000003 -1.29640298003159,40.4800419507099,997.546199999997 -1.29644706844743,40.4800850333383,998.0 -1.29648093134039,40.4801220811514,997.861699999994 -1.29651294999206,40.4801599673365,997.817899999995 -1.29654999831099,40.4802060679627,997.861999999994 -1.29659106928579,40.4802479772848,997.932100000005 -1.29662593829185,40.4802900546687,997.932499999995 -1.29665996916976,40.4803299523487,997.788799999995 -1.29670003403144,40.4803710238871,998.0 -1.29674093791958,40.4804119273126,998.0 -1.29677698012542,40.4804560161798,997.868700000006 -1.29681503365917,40.4804979260292,998.0 -1.29685292010629,40.4805400032565,998.078399999999 -1.29689399108105,40.4805849304266,998.392200000002 -1.29693305162624,40.4806270069162,998.536200000002 -1.29697093717503,40.4806729398177,998.622700000007 -1.29701603170399,40.4807170291968,998.981599999999 -1.29705391815111,40.4807619555651,998.850200000001 -1.29709096647003,40.480805039098,998.741399999999 -1.29712801389066,40.4808479545166,998.650800000003 -1.29716204476857,40.480881984549,998.527600000001 -1.29719506953337,40.4809220499637,999.0 -1.29723194986737,40.4809629537367,998.791899999997 -1.29727302084217,40.4810070429253,999.0 -1.29731107527421,40.4810509639988,999.0 -1.29735097304926,40.4810920350961,999.0 -1.29739103880924,40.4811349503311,999.0 -1.29743194179908,40.4811770278425,999.229500000001 -1.29747301367217,40.4812189372417,999.539600000004 -1.2975100610928,40.481264032043,999.591100000005 -1.29754895365303,40.4813069471681,999.738700000002 -1.29759002462783,40.4813520419104,999.644700000004 -1.29762506072052,40.4813949569793,999.596699999995 -1.29766294716764,40.4814410574406,999.779500000004 -1.2977020068145,40.4814849789134,999.695500000002 -1.29774391681579,40.4815270562053,999.6682 -1.29778498779055,40.4815719827148,999.898700000005 -1.29782002388328,40.4816120484009,999.952699999994 -1.29785204343325,40.481646917103,999.6394 -1.29789093509516,40.481694023849,1000.0 -1.29792395985995,40.4817310714575,999.874899999995 -1.29795799073786,40.4817709696476,1000.40180000001 -1.2979940329437,40.4818150583055,1000.523 -1.29803594204666,40.4818529442184,1000.75840000001 -1.29807198425247,40.4818950212796,1000.8515 -1.29810802645831,40.4819379366846,1000.81969999999 -1.29814893034645,40.4819790079225,1000.72779999999 -1.29818396643917,40.4820219232738,1000.9847 -1.29822503741397,40.482067018219,1000.98970000001 -1.29826292386106,40.4821139565867,1000.7181 -1.29830500094897,40.4821499988791,1001.0 -1.2983400370417,40.4821939205713,1001.0471 -1.2983740679196,40.4822329801199,1001.0064 -1.29840893692567,40.4822730454115,1001.26149999999 -1.29844397301837,40.4823129432795,1001.5242 -1.29848303266523,40.4823499912297,1001.5505 -1.29851907487107,40.4823920686626,1001.8922 -1.29855394387714,40.4824349837499,1001.7316 -1.29859199741089,40.4824770611296,1001.4552 -1.29863105705775,40.4825169588763,1002.0 -1.29866307570942,40.4825519951908,1001.8027 -1.29870096215654,40.482591054531,1001.6808 -1.29873599824924,40.4826339701743,1001.97749999999 -1.29877204045508,40.4826730301501,1002.0 -1.29880892078905,40.4827129277803,1002.0 -1.29884898654906,40.4827529934687,1002.0 -1.29888502875487,40.4827940642079,1002.5554 -1.29892107096072,40.4828359739641,1003.0 -1.29895895740783,40.4828820748023,1002.86689999999 -1.29900405193676,40.4829239838203,1002.7096 -1.29903892094283,40.4829660608934,1003.0 -1.29907395703556,40.4830119942443,1002.8941 -1.29911502801032,40.4830520597542,1002.7436 -1.2991530824424,40.4830989981163,1002.52340000001 -1.2991919741043,40.4831420808326,1002.95970000001 -1.29923103375119,40.483190025567,1003.0 -1.2992699254131,40.4832309293246,1003.26730000001 -1.29930295017789,40.4832740119561,1003.46030000001 -1.29934603337892,40.4833159220959,1003.5938 -1.29938006425683,40.4833559874244,1003.79670000001 -1.29941593847768,40.4833910233009,1003.79760000001 -1.29944594580143,40.4834280713394,1003.44899999999 -1.29948902900245,40.4834770223005,1004.0 -1.29952406509518,40.4835090408723,1003.81630000001 -1.2995699977523,40.4835569853446,1003.67049999999 -1.29961391908149,40.4836059355285,1004.0 -1.2996499612873,40.4836470071123,1003.92999999999 -1.29969706714416,40.483688916336,1003.84080000001 -1.29973998325856,40.4837360230155,1004.2576 -1.29977803679231,40.4837799436698,1004.4748 -1.29980905022917,40.4838210151472,1004.2246 -1.29984207409566,40.4838570572063,1004.2343 -1.29987794921485,40.4838979612407,1004.8431 -1.29991197919442,40.483938026905,1005.0 -1.29994902751338,40.4839789302068,1004.9895 -1.29998607583231,40.4840200015624,1004.7975 -1.30001993872526,40.4840639227142,1004.4978 -1.30005497481799,40.4841059997561,1004.94990000001 -1.30009604579279,40.4841519330101,1004.7702 -1.30013192091197,40.4841940099968,1004.568 -1.3001689683326,40.4842330697481,1004.93670000001 -1.30020601665153,40.4842729678175,1004.85830000001 -1.3002380353032,40.4843110211044,1004.9676 -1.30027307229423,40.4843519248621,1004.75229999999 -1.30031196395613,40.4843940024066,1005.4296 -1.30035404104405,40.4844360792416,1006.0 -1.30039092137805,40.4844759771904,1005.8453 -1.30042193481491,40.4845100074334,1005.6514 -1.30046702934387,40.4845559404109,1006.0 -1.30051095067305,40.4845990235585,1006.0 -1.30054498065263,40.4846380830741,1006.0 -1.30058806385366,40.484684015964,1006.0 -1.30062695551556,40.4847249194944,1006.0 -1.30065998028036,40.4847680025335,1006.0 -1.30069401115827,40.4848030390395,1006.0 -1.30073592026122,40.4848439424974,1006.6813 -1.30077196246707,40.4848850140069,1006.4696 -1.30080800467288,40.4849259174149,1006.3796 -1.30084505299184,40.4849679945996,1006.71189999999 -1.30087807775663,40.4850090660332,1006.67170000001 -1.3009209929727,40.4850489643247,1007.0 -1.30095904650644,40.4850860121312,1006.9561 -1.30099995039458,40.4851269160999,1006.9771 -1.30103096383147,40.4851669810306,1006.95269999999 -1.30106398859623,40.4852070466208,1007.0 -1.30110405345791,40.4852479505157,1007.0 -1.30113506689481,40.4852849982124,1006.8809 -1.30116507421855,40.485325063732,1007.0 -1.30119994322462,40.4853649618356,1006.9736 -1.3012339732042,40.4854030158699,1007.0 -1.30127202763627,40.485440063481,1007.0 -1.30130304017483,40.4854799615162,1007.0 -1.30133606493963,40.4855170097682,1007.0 -1.3013729452736,40.4855560694327,1007.0 -1.30140597003839,40.485595967399,1007.0 -1.3014400009163,40.485636032733,1007.01639999999 -1.30147604312214,40.4856759306518,1007.6596 -1.30151594089716,40.4857170016522,1007.4103 -1.30154997087674,40.4857580733107,1007.9991 -1.30158903052364,40.4857959590478,1007.571 -1.30162507272945,40.4858360249456,1007.46980000001 -1.30165591818135,40.4858740787128,1007.8447 -1.30169598394136,40.48591397649,1007.8691 -1.30173202614717,40.4859510245024,1007.8484 -1.30176505091196,40.4859870667842,1007.9149 -1.30181098356908,40.4860319937248,1008.0 -1.30184099089283,40.4860710530897,1008.0 -1.30188005053969,40.4861069279167,1008.0 -1.30191491954576,40.4861439758225,1008.0 -1.30194593208432,40.4861820300984,1008.0 -1.30198800917223,40.4862279626149,1008.0 -1.30202991917348,40.4862770802905,1008.0 -1.30206596137932,40.4863119493022,1008.0 -1.30210300879995,40.4863580498027,1008.0 -1.30213603356475,40.4863969415883,1008.0 -1.30217593133977,40.4864440477337,1008.0 -1.30221398577184,40.4864780783453,1008.0 -1.30225606285975,40.4865250170446,1008.0 -1.30229696674789,40.4865699443083,1008.0 -1.30233502028164,40.4866180560329,1008.0 -1.30236804504643,40.4866549369509,1008.0 -1.30240308113916,40.4866919845542,1008.0 -1.30244499114041,40.4867389231039,1008.0 -1.30248203856104,40.4867769770424,1008.0 -1.30251606943895,40.4868160366569,1008.0 -1.30254708197751,40.4868529174661,1008.0 -1.30257993965564,40.4868919770365,1008.0 -1.30261195830732,40.486926007421,1008.0 -1.3026520240673,40.4869709344163,1008.0 -1.30269108371419,40.4870089882232,1008.0334 -1.30272896926298,40.4870490540802,1008.0 -1.30276702369502,40.4870899575357,1008.0 -1.30280004845982,40.4871320347302,1008.0 -1.30283491656759,40.4871759558954,1008.0 -1.30287498232756,40.487218033036,1008.0 -1.30291605330236,40.4872589363885,1008.15150000001 -1.30295695719049,40.4873050369218,1008.0 -1.30298394707322,40.4873350443374,1008.008 -1.30301395439696,40.4873700808699,1008.0907 -1.30305603148488,40.4874140018792,1008.1102 -1.30309592925989,40.4874579228598,1008.0686 -1.30313599501991,40.4875040232564,1008.0432 -1.30317505466677,40.487548950548,1008.0699 -1.30321394632867,40.487596056568,1008.01029999999 -1.30325602341658,40.4876399781127,1008.0266 -1.30329307173554,40.4876810492776,1008.0015 -1.30333196339744,40.4877249707666,1008.0039 -1.30337404048536,40.4877700652965,1008.0 -1.30341293304556,40.4878139860441,1008.0419 -1.30344796913829,40.4878540521037,1008.0291 -1.3034900462262,40.4878949557518,1008.0 -1.30352592134538,40.4879400501674,1008.0 -1.30356397487913,40.4879789424026,1008.084 -1.30359901097185,40.4880210190399,1008.13340000001 -1.30363404706455,40.4880609169072,1008.0 -1.30367193351167,40.4881050062162,1008.00810000001 -1.30370797571748,40.4881430600633,1008.04730000001 -1.3037490475906,40.4881899982813,1008.0 -1.30378592792457,40.4882310697928,1008.00199999999 -1.30381895268937,40.4882709675353,1008.0 -1.30385499489521,40.4883100276469,1008.0723 -1.30389003098791,40.4883460693451,1008.1293 -1.30392992876293,40.4883859677024,1008.0 -1.30396496485565,40.4884290504412,1008.0475 -1.30400301928773,40.4884719657678,1008.08409999999 -1.30404392227753,40.4885160548067,1008.15850000001 -1.30408298192443,40.4885579637229,1008.0 -1.30411902413024,40.4886020527054,1008.0414 -1.30415892190529,40.4886439622511,1008.0499 -1.30419395889632,40.4886840278152,1008.00199999999 -1.30423100631695,40.4887229196193,1008.0 -1.30426403108174,40.4887660028249,1008.0 -1.30430694629781,40.4888080803351,1008.01119999999 -1.30433896584779,40.4888489834018,1008.0 -1.30436796705841,40.4888860318436,1008.0 -1.30440702670527,40.4889259298799,1008.05899999999 -1.30443803924384,40.4889619719305,1008.0413 -1.30447894313197,40.4890010316399,1008.0028 -1.30451297400988,40.4890469642768,1008.0 -1.30455303976989,40.4890890416108,1008.0 -1.3045939427597,40.4891309508523,1008.0091 -1.30463199719177,40.489174033796,1008.0 -1.30467105683863,40.4892169493295,1008.0 -1.30470793717263,40.4892600322179,1008.0 -1.30474599070638,40.4892999300319,1008.1449 -1.30478102679911,40.4893410015475,1008.0 -1.30481807511803,40.4893830786971,1008.01579999999 -1.30485093189787,40.4894219707793,1008.0 -1.30488093922161,40.4894549955892,1008.0 -1.30492502853576,40.4895009279154,1008.0 -1.30495805330055,40.4895399879942,1008.0 -1.30500197373144,40.4895790473671,1008.0 -1.30503701072247,40.4896229689804,1008.0 -1.30507405814309,40.4896630339601,1008.0 -1.30511596814435,40.4897009202256,1008.0 -1.30514899290914,40.4897460147941,1008.0 -1.30518101156082,40.489780045781,1008.0 -1.30520900755666,40.4898179319805,1008.0 -1.30525007853142,40.4898610144831,1008.0 -1.30528494753749,40.4899019182744,1008.0 -1.30532300107127,40.4899419837707,1008.0 -1.30535904327708,40.4899760146582,1008.0 -1.30540195849315,40.490021947311,1008.0 -1.30543397714483,40.4900620127356,1008.0 -1.30547102546379,40.4901059340328,1008.0 -1.30550203800232,40.4901409704851,1008.0 -1.30554193667567,40.4901899206495,1008.0 -1.30557496144046,40.4902289803273,1008.0 -1.30562206729732,40.4902740752242,1008.0 -1.30566397640028,40.490315984409,1008.0 -1.3057050482734,40.4903649344457,1008.0 -1.30573606081193,40.4904060059927,1008.0 -1.305770929818,40.4904390310015,1008.0 -1.30580496069591,40.4904779224718,1008.0 -1.30584200811654,40.4905169826652,1008.0 -1.30588006254861,40.4905560421526,1008.0 -1.3059159367695,40.4905939285972,1008.0 -1.30594896153426,40.4906370112848,1008.0 -1.30597595141699,40.4906750650625,1008.0 -1.30602205205906,40.4907179803193,1008.0 -1.30606194983408,40.4907560340512,1008.0 -1.30609799203993,40.4907969379801,1008.0 -1.30613503946056,40.4908380092626,1008.0 -1.30617393202076,40.4908849483285,1008.0 -1.30621399688244,40.4909290364653,1008.0 -1.3062530565293,40.4909719522428,1007.99490000001 -1.30628691942225,40.4910150353709,1007.98149999999 -1.30632296162809,40.4910599623616,1007.9785 -1.30635498117807,40.4911000278497,1007.7542 -1.30639504603975,40.4911439484675,1008.0 -1.30643008303077,40.4911870314852,1008.0 -1.30646595725166,40.4912279351514,1007.7619 -1.30649998812957,40.491274035691,1007.46679999999 -1.30652697801226,40.4913189631915,1007.7371 -1.30657793943834,40.4913570165826,1007.79399999999 -1.30663292441857,40.4913989264574,1007.8049 -1.30667701373272,40.4914389917431,1007.78230000001 -1.30671707949269,40.4914800633158,1008.0 -1.3067539598267,40.4915209668034,1007.96030000001 -1.30678597847834,40.491562038326,1007.9831 -1.30681397357585,40.4916029417637,1007.74460000001 -1.30685202800793,40.4916430076107,1007.92230000001 -1.30688505277272,40.4916800551933,1007.9758 -1.30691003042918,40.4917209592421,1007.6946 -1.30695194043047,40.4917559955344,1007.6688 -1.30699602884628,40.4918029339581,1007.89380000001 -1.30703408238006,40.4918440053081,1007.91069999999 -1.30707297494026,40.4918879268053,1007.8746 -1.30711303980194,40.4919310093453,1007.8244 -1.30714505935191,40.4919630286662,1007.4926 -1.3071809335728,40.4920059437825,1007.9713 -1.30722401677383,40.4920450030865,1007.91650000001 -1.30726005897964,40.4920830574322,1007.5015 -1.30729895064158,40.4921259724716,1007.8964 -1.30733700507362,40.4921670436239,1007.9529 -1.30737908216153,40.4922129768264,1007.8768 -1.30741998515137,40.492256059841,1007.6254 -1.30745602735721,40.4922979691543,1007.8876 -1.30749408178925,40.4923420577291,1007.9525 -1.30752894989703,40.4923900027233,1007.7182 -1.30757806798012,40.4924339238632,1007.8573 -1.30761193087307,40.4924780123486,1007.587 -1.30764998530515,40.4925199222065,1007.71309999999 -1.30769105627994,40.492556969988,1007.8138 -1.30772307493159,40.4925970352655,1007.5217 -1.30775995526559,40.492636933145,1007.9149 -1.30779901491245,40.4926739815451,1007.90549999999 -1.30783103446246,40.4927150530451,1007.406 -1.30786607055515,40.4927579683635,1006.9258 -1.3078960778789,40.4928000454202,1006.8535 -1.30792994077185,40.492839943179,1006.0 -1.3079679943056,40.4928850376876,1005.9899 -1.30800504262456,40.4929219178942,1005.0965 -1.30804091684544,40.4929629892425,1005.0 -1.3080819878202,40.4930010430675,1005.0 -1.30810998381605,40.4930350737701,1005.0 -1.30814602602189,40.4930749713891,1005.0 -1.30818491768379,40.493123922146,1005.6079 -1.30821593112065,40.4931639877681,1005.8959 -1.30826102564961,40.493208076457,1005.85279999999 -1.30829706785543,40.4932439508848,1005.6165 -1.30833294207631,40.4932759695793,1006.0 -1.30838692184173,40.4933180469943,1006.0 -1.30842598148859,40.4933599563275,1006.0 -1.30845900625339,40.4934040448877,1006.0 -1.30848901357713,40.4934380753858,1006.0 -1.30852505578297,40.4934819972059,1006.0 -1.30855707443465,40.4935130101895,1006.0 -1.30858791988655,40.4935589424707,1006.0 -1.30862295597925,40.4936030315833,1006.0 -1.30865899818509,40.4936409176739,1006.0 -1.30869504039094,40.49368299486,1006.24099999999 -1.3087260538278,40.4937160196224,1006.7689 -1.3087790274801,40.4937689929688,1006.5986 -1.30881708101384,40.493803023965,1006.61199999999 -1.30885195001991,40.4938509679154,1006.8697 -1.30888195734366,40.4938819814116,1006.7843 -1.30893006931367,40.493932943445,1007.0 -1.30896192087869,40.4939720029936,1007.1137 -1.30899393953036,40.4940140799721,1007.6994 -1.30902495206889,40.4940489490628,1007.4963 -1.30905596550578,40.494094043442,1007.78479999999 -1.30910206614783,40.4941439997265,1007.7556 -1.30912603769121,40.4941760186746,1008.0 -1.30916291892351,40.494225974898,1007.86410000001 -1.30919292534895,40.4942660398621,1008.0 -1.30921807099037,40.4943119729941,1007.8936 -1.30925595743749,40.4943560616119,1008.0 -1.30928797608913,40.4944009884151,1007.9639 -1.30931798341291,40.4944459158714,1007.8594 -1.30934396718249,40.4944930218323,1007.836 -1.30937095706521,40.4945399603909,1007.7969 -1.30939794694791,40.4945890788145,1007.79180000001 -1.30943298304064,40.4946390347304,1007.7181 -1.30946198514956,40.4946799383418,1007.91590000001 -1.30950104479646,40.4947290566629,1007.8187 -1.30952401112502,40.4947840417323,1007.99619999999 -1.30953993645836,40.4948309800873,1008.0 -1.3095679324542,40.4948760753073,1007.8578 -1.30959793887961,40.4949270372687,1008.0 -1.30962492876234,40.4949709581142,1008.0 -1.30964806307586,40.4950279548178,1008.0 -1.30966901807648,40.4950710380743,1008.0 -1.30968997217878,40.4951139532522,1007.967 -1.30971293940567,40.495159048282,1008.0 -1.30972500916984,40.4952090044567,1008.0 -1.30973892317525,40.4952569487687,1008.0 -1.30975501649358,40.4953050610969,1008.0 -1.30976792438587,40.4953550171628,1008.0 -1.30978904647316,40.4954069850126,1008.0 -1.30981000147378,40.4954609639584,1008.0 -1.30982207123795,40.4955129317261,1008.0 -1.30983900268445,40.4955630556871,1008.0 -1.30985392280297,40.4956150233758,1008.0 -1.3098700161213,40.4956659854591,1008.0 -1.30988594145465,40.4957159419395,1008.0 -1.30990102865987,40.4957600303179,1008.0 -1.30991796010633,40.4958130041,1008.0 -1.30993505953778,40.4958619542256,1008.0 -1.30994696131695,40.4959100668031,1008.0 -1.30996104330735,40.4959610286624,1008.0 -1.30998099219486,40.4960140022857,1008.0 -1.30999607940008,40.4960699932274,1008.0 -1.31000596985136,40.4961269903637,1008.0 -1.31001904572861,40.4961680617995,1008.0 -1.31003798940133,40.496218017906,1008.0 -1.31005106527862,40.4962619385895,1008.0 -1.31006900193989,40.4963219535947,1008.0 -1.31008207781714,40.4963700651592,1008.0441 -1.3100889508274,40.4964059399458,1008.0 -1.31010605025882,40.4964540521333,1008.0 -1.31012097037738,40.4965030024743,1008.0 -1.31013706369571,40.496554970118,1008.0 -1.31014896547489,40.4966099557405,1008.0 -1.31017092658867,40.4966669524181,1008.20080000001 -1.31018500768074,40.4967120470871,1008.7539 -1.31020898012241,40.49676099724,1008.64169999999 -1.31020898012241,40.4968099480403,1009.0 -1.3102240673276,40.4968520246053,1009.0 -1.31023094033782,40.4969009753391,1009.0 -1.31025793022055,40.4969529426746,1008.4204 -1.31026698254367,40.4970119515168,1008.0 -1.31027905230783,40.4970600639527,1008.0 -1.31029296631324,40.4971019729981,1008.03049999999 -1.31031006574469,40.4971549470868,1008.0 -1.31032599107804,40.4972050705042,1008.0 -1.31034007306844,40.4972449683762,1008.004 -1.31035599840181,40.4972989478926,1008.0 -1.31037795951556,40.4973609737326,1008.0 -1.31039304672074,40.497411935856,1008.0 -1.31040696072618,40.4974630653027,1008.1162 -1.31042808281347,40.4975210681589,1008.0 -1.31043897937786,40.4975659955754,1008.03909999999 -1.31045792215225,40.4976070668134,1008.0411 -1.31046798058849,40.497659034285,1008.18979999999 -1.31047502158367,40.4976969208178,1008.0 -1.31049798791223,40.497754923472,1008.06660000001 -1.31051307511745,40.4978080644063,1008.06140000001 -1.31052900134912,40.4978620441528,1008.1151 -1.31054492668247,40.4979120003641,1008.0 -1.31054995545142,40.4979649738133,1008.0 -1.31056604876975,40.498012080036,1008.0459 -1.31058398632933,40.4980600250774,1008.0 -1.3105960560935,40.4981240626364,1008.1871 -1.31061298753996,40.498168989649,1008.09179999999 -1.31062505730412,40.4982130784648,1008.1315 -1.31063092509956,40.4982529764204,1008.1683 -1.3106570768541,40.4983150020615,1008.0 -1.31066797341849,40.4983579178968,1008.0508 -1.31067803095643,40.4984110590366,1008.0209 -1.31068993363394,40.4984620210455,1008.0 -1.31070803828017,40.498513988538,1008.0304 -1.31072798716768,40.4985619332207,1008.02069999999 -1.31075296572247,40.4986110507492,1008.0 -1.31076503548664,40.4986660360527,1008.0 -1.31078599048727,40.4987180040703,1008.0738 -1.31080392714854,40.498768965846,1008.1116 -1.31080895681583,40.4988239517033,1008.0 -1.31082102657999,40.4988660283714,1008.0 -1.3108329292575,40.4989139728025,1008.0441 -1.31084198158062,40.4989619171993,1008.001 -1.31086092435501,40.4990120413161,1008.0 -1.31087299411918,40.4990579739314,1008.0352 -1.31089596044771,40.499102062846,1008.0922 -1.31090601888398,40.4991520188172,1008.0 -1.31092295033043,40.4991989575318,1008.0 -1.31094206108979,40.4992470697656,1008.0163 -1.31094692277211,40.4992980318225,1008.0278 -1.31096502741835,40.4993489938407,1008.0 -1.31098095365002,40.4993989496279,1008.0 -1.31099302341419,40.4994480679098,1008.0788 -1.31101699585583,40.4994899775126,1008.0 -1.31102805950688,40.4995419448919,1008.0 -1.31104499095338,40.4995910630691,1008.0 -1.31105605550273,40.4996380021596,1008.042 -1.31106393372777,40.4996839343463,1008.0098 -1.31108304448712,40.4997290290369,1008.0 -1.31109494716463,40.4997769735343,1008.0013 -1.31111003436981,40.4998289413744,1008.0322 -1.31112696581631,40.4998800710283,1008.0 -1.31114993214487,40.499929021602,1008.0 -1.31115697314005,40.4999789776405,1008.04829999999 -1.31117407257147,40.5000240721327,1008.20630000001 -1.31118698046379,40.5000649758766,1008.2789 -1.31119301534586,40.5001080586309,1008.0 -1.31120793546442,40.5001630440737,1008.0868 -1.31122201655652,40.500211994441,1008.0373 -1.31123894800298,40.5002589330971,1008.0 -1.31126007098856,40.5003100631063,1008.0 -1.31126593788571,40.5003539838434,1008.0 -1.31128203120401,40.5003990787665,1008.04760000001 -1.31129594520945,40.5004500406314,1008.0 -1.31130902108673,40.5004949674525,1008.0 -1.31132293509214,40.5005439182607,1008.0 -1.31134003362526,40.5005950473696,1008.0 -1.3113519363028,40.5006450035952,1008.0 -1.31136601829317,40.500692948121,1008.0 -1.31137205317527,40.5007410599665,1008.04270000001 -1.31139602471862,40.5007930284259,1008.0 -1.31141094483718,40.5008439899915,1008.0 -1.31142200938652,40.5008949522014,1008.0 -1.31144497571509,40.5009450755569,1008.033 -1.31145503415132,40.5009950322048,1008.0 -1.31146894725843,40.5010429764805,1008.0 -1.31149392581322,40.5010870654568,1008.079 -1.31150901301844,40.5011350096668,1008.0 -1.31152292702385,40.5011829545255,1008.0 -1.31153399157323,40.5012339164779,1008.0 -1.31155293434763,40.5012870573887,1008.0 -1.31156802155281,40.501337013782,1008.0 -1.3115789181172,40.501386969455,1008.0 -1.31158797044032,40.5014379319355,1008.0 -1.31160708119967,40.5014890610462,1008.0 -1.31161596643616,40.5015329823774,1008.0 -1.31163507719551,40.5015790826675,1008.0 -1.31164999641574,40.5016310504778,1008.0 -1.31166106096509,40.5016890538289,1008.0 -1.31168201596572,40.5017380037657,1008.0 -1.31169307961677,40.5017859481934,1008.0 -1.31170498229428,40.5018429452551,1007.9846 -1.31172392506867,40.501884016607,1008.0 -1.31174504715596,40.5019379958061,1007.7656 -1.31175393239245,40.5019810787238,1007.8655 -1.3117750544797,40.5020320407529,1008.0 -1.31177907803387,40.5020739507906,1008.0 -1.31179600948033,40.502127929837,1007.6507 -1.31180891737265,40.5021770481699,1007.8806 -1.3118340630141,40.5022239868171,1008.0 -1.31185099446056,40.5022840012703,1007.8484 -1.3118590415689,40.5023359685344,1007.79760000001 -1.31187194946119,40.5023689938191,1008.0 -1.31187798434329,40.5024100648489,1007.82150000001 -1.31189407766159,40.5024630381616,1007.4454 -1.3119059803391,40.5025140005076,1007.6688 -1.31192492311349,40.502556915706,1007.992 -1.31193498154973,40.5026090514739,1007.31230000001 -1.31196096531934,40.5026569959622,1007.44010000001 -1.31197001764246,40.502702928814,1007.8343 -1.31198192031996,40.5027480235243,1007.9448 -1.31199700752515,40.5027939563138,1007.2046 -1.31201192764371,40.5028479354637,1007.5383 -1.31202097996682,40.5028970532694,1007.78049999999 -1.31203891752643,40.5029470098298,1007.8238 -1.31204796984955,40.5029939479382,1007.0 -1.31206205094162,40.50304306632,1007.10980000001 -1.31207395361913,40.5030920166349,1007.6925 -1.31209105215225,40.5031369437358,1007.67080000001 -1.31210597227081,40.5031899171574,1007.1554 -1.31212206558914,40.5032400408473,1007.6393 -1.31213396826665,40.5032889910184,1007.7733 -1.31215006068665,40.50333995342,1007.19680000001 -1.31216900435934,40.5033880654161,1007.41250000001 -1.31219297680102,40.5034380216108,1007.9252 -1.31220102301102,40.5034909947947,1007.8211 -1.3122169483444,40.5035409509127,1007.0778 -1.31222700678063,40.5035840341669,1007.56389999999 -1.31224494434021,40.5036349963443,1007.8579 -1.31225701410437,40.5036829407823,1007.5784 -1.31227293943772,40.5037350763581,1007.0 -1.31229003886917,40.5037800030283,1007.2116 -1.31230697031563,40.5038359943191,1007.2381 -1.31231199908458,40.5038839386134,1004.7023 -1.31232306363396,40.5039270216473,1005.0819 -1.31233496631147,40.5039699373077,1006.25079999999 -1.31235005351665,40.504018048852,1006.8336 -1.31236899629105,40.5040669991384,1007.14690000001 -1.31238693385066,40.5041149439506,1007.49980000001 -1.31239699228689,40.504167917283,1007.3855 -1.31241794638922,40.5042170354881,1007.78939999999 -1.31242800482545,40.504263974074,1007.0496 -1.3124410807027,40.5043110806549,1007.5007 -1.31245398859503,40.5043590252927,1007.6636 -1.31246907669854,40.5044079753302,1007.6148 -1.31248701335982,40.5044569253321,1007.0 -1.31249908402229,40.5045040317775,1007.2816 -1.31251500935567,40.5045509708454,1007.7782 -1.31252791724796,40.5046019322882,1007.9041 -1.31254300445318,40.5046460216574,1007.4647 -1.31255893068485,40.5046959775983,1007.6614 -1.31257602921797,40.5047429158489,1007.9711 -1.31258692578236,40.5047890166651,1007.82460000001 -1.31260603654171,40.5048399786101,1007.03750000001 -1.31262196187506,40.5048889289797,1007.8109 -1.31263604386546,40.504939052766,1007.82490000001 -1.31265498663985,40.5049890084886,1007.08869999999 -1.31266806251714,40.5050369533248,1007.6557 -1.31267996519464,40.5050870770005,1007.8787 -1.31269203495881,40.5051360271898,1007.89599999999 -1.3127049428511,40.5051789427597,1007.8006 -1.31271500128737,40.5052319166178,1007.726 -1.31273696240111,40.5052800286229,1007.92660000001 -1.31274802605213,40.5053279732511,1007.8656 -1.31276696882656,40.5053829585134,1007.9638 -1.31278607958591,40.5054310704101,1007.82550000001 -1.31279898837653,40.5054770034114,1007.9388 -1.31280904591444,40.5055229363812,1008.0 -1.31282698347405,40.5055760773094,1007.91869999999 -1.31283704191028,40.5056199986966,1007.76700000001 -1.3128579969109,40.5056689484969,1008.0 -1.31286805534714,40.5057150493597,1008.0 -1.31288599200842,40.5057639997737,1007.8817 -1.31290107921363,40.505809932547,1007.9329 -1.31291298189114,40.5058620678355,1008.0 -1.31291700544531,40.5059029714347,1008.0 -1.31293695433282,40.5059529278054,1007.7914 -1.312952041538,40.5059950047831,1007.8751 -1.3129689729845,40.5060449610853,1008.0 -1.31298204886175,40.5060880440971,1008.0 -1.31299193931302,40.5061329712403,1008.0 -1.31300300386241,40.5061810832821,1008.0 -1.31301406751342,40.5062270157697,1008.0 -1.31303099895992,40.5062640641786,1008.0 -1.31304206350927,40.5062920598176,1008.0 -1.31305094784743,40.5063249164977,1008.0 -1.31306804727884,40.5063780574734,1008.0 -1.31308196128429,40.5064300256637,1008.0 -1.31309604237636,40.5064819931308,1008.0 -1.31310392149973,40.5065329551555,1007.8881 -1.31312202704426,40.5065849232258,1008.0 -1.31313191749554,40.5066360525113,1008.0 -1.31314700470076,40.5066809799704,1008.0 -1.3131629300341,40.5067289242802,1008.0 -1.31318304690657,40.5067810595374,1008.0 -1.3131959547989,40.5068290044587,1008.0 -1.31320701934824,40.5068789601396,1008.0 -1.31322395079474,40.5069299225457,1007.88 -1.31324792323641,40.5069790400942,1008.0 -1.31326200432848,40.5070320138966,1008.21339999999 -1.31328094710288,40.5070839815803,1008.91130000001 -1.31329000032429,40.5071369552997,1008.91280000001 -1.31330408141639,40.5071879175097,1008.1154 -1.31332503641702,40.5072360294777,1008.6395 -1.31334397919141,40.5072890030772,1008.9335 -1.31335202629975,40.5073339300989,1008.72870000001 -1.31336392807892,40.5073860655688,1007.7352 -1.31338404495139,40.5074370275895,1008.8083 -1.31339695284372,40.5074889949593,1008.9509 -1.31340902260788,40.5075379454446,1008.319 -1.31341991917228,40.5075929309441,1008.3751 -1.31344607092681,40.5076450662127,1008.94779999999 -1.31345797360435,40.5076970341043,1008.7782 -1.31347607825059,40.5077520194734,1008.50169999999 -1.31349300969705,40.5078080101804,1008.8124 -1.31350591758937,40.5078569611159,1008.94809999999 -1.31351698213872,40.5079109402893,1008.9492 -1.31353793624105,40.50796206993,1008.6627 -1.31355201823142,40.5080150436389,1008.9002 -1.31356207666769,40.5080609762366,1009.0 -1.31358101944208,40.5081149559288,1009.0 -1.31359392733437,40.5081590443548,1008.9048 -1.31361303809372,40.5082029660995,1008.9896 -1.31361706164789,40.5082609685487,1009.0 -1.31362795821228,40.50831494808,1009.0 -1.31365092454084,40.5083650720379,1008.7674 -1.31366802397229,40.5084140218838,1008.99739999999 -1.3136819379777,40.5084700134042,1009.0 -1.31369903651082,40.5085080673126,1008.9982 -1.31371798018355,40.5085590291638,1008.9436 -1.31372602639355,40.5086099909761,1009.0 -1.31373407350185,40.5086530737062,1009.0 -1.31374999883522,40.5087050414998,1008.8368 -1.31377698871792,40.5087539917805,1009.0 -1.31378101227208,40.5088039480766,1009.0 -1.31380598992854,40.5088599392714,1009.0 -1.31381303092376,40.5089060399898,1009.0 -1.31383398592439,40.5089620310994,1009.0 -1.31385695225295,40.5090099751445,1009.0 -1.31386399234983,40.5090490347941,1009.0 -1.31388394123734,40.5091050264673,1008.9976 -1.31389299445876,40.5091529704102,1009.0 -1.31390808166397,40.5091990709272,1009.0 -1.31391998344315,40.5092560678364,1009.0 -1.31393607676149,40.5093110532933,1008.9688 -1.31395803787523,40.5093559803264,1009.0 -1.31396893443962,40.5094129771024,1009.00410000001 -1.31397496932172,40.5094659510312,1009.5019 -1.31398502775795,40.5095050104152,1008.8705 -1.31400497664546,40.5095690486593,1008.64780000001 -1.31402894818881,40.5096159869145,1008.9895 -1.31404001273816,40.5096639311751,1009.7393 -1.31405593807154,40.5097100320238,1009.35799999999 -1.31407102527672,40.5097589822539,1009.2858 -1.31408493928216,40.5098079324484,1009.6921 -1.31410304482673,40.509854033198,1009.98149999999 -1.31411494660591,40.5099019772884,1009.13920000001 -1.31413103992424,40.5099619917016,1009.5387 -1.31414294260175,40.5100119477809,1009.7616 -1.314164064689,40.510057043041,1010.0 -1.31417596736654,40.510108004398,1010.0 -1.31418501968966,40.5101629898393,1009.72840000001 -1.31420697990507,40.5102179752356,1009.9342 -1.31421703834134,40.5102729605867,1009.9826 -1.3142339697878,40.5103229164343,1009.43610000001 -1.31424905699298,40.5103710288852,1009.7121 -1.31425794222947,40.5104280254814,1009.8869 -1.31427403554777,40.5104759705274,1010.0 -1.31429197310738,40.5105279382743,1010.0 -1.31430706031257,40.5105750445536,1009.8477 -1.31432097431801,40.5106260061999,1010.0 -1.31433103275424,40.5106679156487,1010.0 -1.31434394064657,40.5107170338745,1009.55319999999 -1.31436003396487,40.5107669900743,1009.7607 -1.31437193574408,40.5108090674466,1009.9803 -1.3143870238476,40.5108640523131,1010.0 -1.31439791951366,40.5109099850083,1009.944 -1.31441904249928,40.510964970475,1009.8447 -1.31442993906367,40.5110100650943,1010.0 -1.31444502626885,40.5110630384445,1010.0 -1.31445692894636,40.5111129950695,1010.0 -1.31447805103365,40.5111649630057,1009.9479 -1.31448894759804,40.5112219596101,1010.0 -1.31450604613116,40.5112640366969,1010.0 -1.31452901245972,40.5113149985026,1009.8567 -1.31454795613241,40.5113820537387,1010.0 -1.31455901978346,40.5114259754215,1010.0 -1.31457595122995,40.5114799544542,1010.50599999999 -1.31459003322032,40.511531922106,1010.1474 -1.31459606810242,40.5115810403819,1010.0993 -1.314622051872,40.5116299906123,1010.56690000001 -1.31463495976432,40.5116769294739,1010.8055 -1.31465105308263,40.5117230296217,1010.9093 -1.3146669793143,40.5117689624115,1010.94620000001 -1.31468307263263,40.511815063179,1010.67939999999 -1.31469799185286,40.5118849679208,1010.96189999999 -1.31471592941247,40.5119300626044,1010.43610000001 -1.31472799917661,40.5119830365937,1010.512 -1.3147449306231,40.5120219285519,1010.81540000001 -1.3147610239414,40.5120760757963,1010.9862 -1.31477996671579,40.5121199970245,1011.0 -1.31478901993724,40.512163918224,1011.0 -1.31480494527059,40.5122249379786,1010.9185 -1.31481500370682,40.5122710384326,1011.0 -1.3148220438037,40.5123199888423,1010.7962 -1.31483595780915,40.5123630719208,1010.50260000001 -1.31485406335368,40.512418057562,1010.8327 -1.31486395380499,40.5124710311658,1010.4029 -1.31488105323641,40.5125189754341,1010.33289999999 -1.31489798468287,40.5125759722535,1010.644 -1.31491692745729,40.5126210671553,1010.9841 -1.31493402688871,40.5126700173094,1011.0 -1.31494391733999,40.5127270140005,1011.0 -1.31496403331416,40.5127830053346,1011.0 -1.31498096476061,40.5128220648354,1011.0 -1.31499202930996,40.5128679975553,1011.0 -1.31500896075646,40.5129159422227,1011.0 -1.31502807151581,40.5129680774509,1011.0 -1.31504299163437,40.5130140107537,1011.0 -1.31506294052188,40.5130700018482,1011.0 -1.31507601550083,40.513119957661,1011.0 -1.31508791817834,40.5131729313933,1011.0 -1.31510200016874,40.5132220491502,1011.0 -1.31511004637874,40.5132679822791,1011.1194 -1.31513401882042,40.5133249791448,1011.4975 -1.31514893804064,40.5133729234854,1011.2344 -1.31515799126209,40.5134290822853,1011.41160000001 -1.31517391659543,40.5134719980121,1011.6997 -1.31518196280544,40.513520948228,1011.85679999999 -1.3152020796779,40.5135749276231,1011.99249999999 -1.31521398235544,40.5136339361852,1011.6219 -1.31523292512984,40.5136850655602,1012.0 -1.31525706465814,40.5137400508002,1012.0 -1.31526695600775,40.5137980539238,1012.0 -1.31528707198188,40.5138459979262,1012.0 -1.31530702086939,40.5138969605014,1012.0 -1.31531892354694,40.5139380313015,1012.0 -1.31533401075212,40.5139809467027,1012.0 -1.31534893087068,40.5140339204377,1012.0 -1.31535697708068,40.5140880674233,1012.0 -1.31537005295793,40.5141410410737,1012.0 -1.31540006028171,40.5141930093949,1012.0 -1.31541196295922,40.5142409537979,1012.0594 -1.31542503793817,40.5142810191012,1012.1151 -1.31543593450256,40.5143360045355,1012.0 -1.31546292438529,40.5143970243623,1012.0 -1.31547499414942,40.5144439633358,1012.2136 -1.31548404737087,40.5144930815275,1012.27039999999 -1.31549594915008,40.5145390137857,1012.3187 -1.31551204246838,40.5145829354495,1013.0 -1.31552293903277,40.5146250124761,1013.0 -1.31553802623799,40.5146810035913,1013.0 -1.31555596379757,40.5147279423659,1012.6514 -1.31557004488964,40.5147659961379,1012.3603 -1.31558295368029,40.514823999057,1012.50840000001 -1.3155990469986,40.5148759668489,1012.11659999999 -1.31561296100404,40.5149240787648,1012.6265 -1.31563408309132,40.5149750405206,1012.17389999999 -1.31564196221467,40.5150260029206,1012.34880000001 -1.31565704941985,40.5150670737121,1012.9958 -1.31566995731218,40.5151160241294,1012.2564 -1.31569292364074,40.515173021473,1013.0 -1.3156989585228,40.5152159367666,1013.0 -1.31571706406737,40.5152739392964,1013.0 -1.31573600684176,40.5153190337496,1013.0 -1.31575092696032,40.5153619489497,1013.0 -1.31576400283761,40.5154149229595,1013.0 -1.31577607260174,40.5154650463911,1013.0 -1.31579803281719,40.5155200322202,1013.0 -1.31581295293574,40.5155689823068,1013.0 -1.31582502269991,40.5156189383065,1013.0 -1.31583692537742,40.5156749292745,1013.0 -1.31584195414637,40.5157170069818,1013.0 -1.31586005879261,40.5157770209712,1013.0 -1.31587397279805,40.5158269774988,1013.0 -1.31589207834258,40.5158869913897,1013.0 -1.31591102111698,40.5159369478354,1013.0 -1.31592292379452,40.5159800306387,1013.0 -1.31594102844075,40.5160360219881,1013.0 -1.31595594766098,40.5160900014072,1013.0241 -1.31597204097928,40.5161399577016,1013.0 -1.31599198986682,40.5161919251565,1013.0 -1.31600305441617,40.5162350084789,1013.0 -1.31601596230847,40.5162799349707,1013.03140000001 -1.31603306173992,40.5163379379459,1013.0 -1.31604697574536,40.5163910791822,1013.0 -1.31605803939638,40.5164410352524,1013.0 -1.3160769830691,40.516491997221,1013.144 -1.31609207027429,40.5165479888258,1013.0 -1.31610598427973,40.5165939217251,1013.0 -1.31612392183934,40.5166460568251,1013.14290000001 -1.31613196804934,40.5166819316944,1013.0916 -1.31615191693685,40.5167300436803,1013.0 -1.31616700414204,40.5167709474799,1013.0 -1.3161790739062,40.5168230824423,1013.1525 -1.31619298791165,40.5168960052156,1013.0 -1.31621193158434,40.5169449556634,1013.1202 -1.3162240013485,40.5169910562869,1013.0151 -1.31624596156395,40.51704503562,1013.8224 -1.31625199734431,40.5170849333006,1013.7019 -1.31626993400559,40.5171429362622,1013.9001 -1.31628099855497,40.5171920538425,1013.0684 -1.31630295877039,40.5172480448627,1013.5466 -1.31631603464767,40.5173270027136,1014.0 -1.31634201841728,40.5173999249388,1013.91130000001 -1.31636599085892,40.5175080515808,1014.0 -1.31639096851542,40.5176039403918,1014.0 -1.31643103427539,40.5177259815536,1014.0 -1.31646808259435,40.5178019210933,1014.0 -1.31649507247705,40.5178629418632,1014.0 -1.31651904402043,40.5179529633603,1014.0 -1.31652692314377,40.51800208103,1014.0 -1.31655408101145,40.5180629336243,1013.9932 -1.31657302378585,40.5181060164273,1013.4656 -1.3165780525548,40.5181589903178,1012.00750000001 -1.31659699622752,40.5182059287062,1011.61259999999 -1.31661107731959,40.5182480061908,1013.2801 -1.3166290148792,40.5183259576386,1014.0 -1.31665097509461,40.5183789313552,1014.0 -1.31668601208564,40.5184870577842,1014.0 -1.31670696618796,40.5185519342407,1014.0 -1.31672892730171,40.5185970285379,1014.2179 -1.31672892730171,40.5186459791095,1014.0 -1.31674703194794,40.5186910733435,1014.0 -1.31676597562067,40.5187460585755,1014.0 -1.31678005671273,40.5187909861162,1014.4216 -1.31678994716401,40.5188310514323,1014.87729999999 -1.31680905792336,40.5188860365496,1014.70110000001 -1.31682096060087,40.5189390105065,1014.9684 -1.31684107747337,40.5189950014335,1015.0 -1.31685096792465,40.5190469694069,1015.0 -1.31686806645777,40.5190979314434,1015.0 -1.31689002757151,40.5191529163418,1015.0 -1.31690695901797,40.5192040462883,1015.0 -1.31692003489525,40.5192640605708,1015.0 -1.31693394890069,40.5193200519091,1015.0 -1.31695305966004,40.5193669901676,1015.0 -1.31696999110654,40.5194159408599,1015.0 -1.31698105475756,40.5194729372796,1014.9485 -1.31700200975818,40.5195329520042,1015.0 -1.31701592376362,40.5195840816609,1015.0 -1.31702899964091,40.5196320263061,1015.0 -1.31704995374324,40.519679970234,1015.0 -1.31706805928777,40.5197299265851,1015.0 -1.3170720819436,40.519772003796,1015.0 -1.31709102561633,40.5198310123672,1015.0 -1.31710292739554,40.5198710777446,1015.0 -1.31712203815489,40.5199250574903,1015.0 -1.31713896960135,40.5199800423931,1015.0 -1.31714802192447,40.5200380455816,1015.0 -1.31716998303821,40.5200849840202,1015.0 -1.31717702403343,40.5201329283071,1015.0 -1.31719697292094,40.5201850640695,1015.0 -1.31721407145406,40.5202440722771,1015.0 -1.31722496801845,40.5202940288906,1015.0 -1.31724106133678,40.5203399612719,1015.0 -1.31726101022429,40.5204070170428,1015.00320000001 -1.31727995389698,40.5204589846046,1015.2859 -1.3172890062201,40.5205059234314,1015.0 -1.31729906465633,40.520550011905,1015.1338 -1.31731901354388,40.5205949389196,1016.0 -1.31733594499034,40.5206549533227,1016.0 -1.31735505574969,40.5207010541264,1015.8539 -1.3173669575289,40.5207500045275,1015.94349999999 -1.31737600985202,40.5207969431505,1016.0 -1.31740199362159,40.520857963243,1016.0 -1.31741406428406,40.5209220008879,1016.0 -1.31742697217639,40.5209590486899,1016.0 -1.31744105326845,40.5210079995854,1016.0 -1.31745094461806,40.5210619784157,1016.0 -1.31747592227452,40.5211189754845,1016.0 -1.31749000426492,40.5211669203976,1016.0 -1.31750492348518,40.5212200612207,1016.0 -1.31751297059348,40.521252918781,1016.0 -1.31753291948099,40.5213109215509,1016.0 -1.31754700057309,40.5213630563971,1016.0 -1.31756795557372,40.5214120069977,1016.0 -1.31758002533786,40.5214539165335,1016.0 -1.3175939393433,40.5215070578119,1016.0 -1.31760299166642,40.5215529907278,1016.0 -1.3176160675437,40.5215940616181,1016.0 -1.31762294055393,40.5216339600059,1016.0 -1.31763501121642,40.5216869331571,1016.0 -1.31765898275977,40.5217549941203,1016.317 -1.31768597264246,40.5218359638372,1016.8086 -1.31770407818703,40.5218810579739,1016.4728 -1.31772201484831,40.5219439228523,1016.465 -1.31773307939766,40.5219920344762,1016.6728 -1.31774397596205,40.5220339443323,1016.87519999999 -1.31776493006438,40.5220810507225,1017.0 -1.31778202949579,40.5221350300545,1017.0 -1.31779393217333,40.5221849859416,1016.92969999999 -1.3178160603737,40.5222609258932,1017.0 -1.31782896826603,40.5222979743209,1017.0 -1.3178410380302,40.5223459183908,1017.0 -1.31785193459459,40.5223940310919,1017.0 -1.31787607412289,40.5224570627888,1017.0 -1.31788898291355,40.5225050074278,1017.0 -1.31790608144667,40.5225529513496,1017.0 -1.31791999545208,40.5226040814343,1017.0 -1.31793793301169,40.5226639281052,1017.0 -1.31795000277585,40.5227060055231,1017.0 -1.31796492289438,40.5227539499839,1017.0 -1.31798503886855,40.5228050792326,1017.0 -1.31799694154606,40.5228490002611,1017.0 -1.31801504619229,40.5228939277835,1017.0 -1.3180269488698,40.5229410335694,1017.0 -1.31804404740292,40.5229899843833,1017.0 -1.31805494396735,40.523045975341,1017.0 -1.3180680198446,40.5230930817029,1017.0 -1.31807891640899,40.5231390142149,1017.018 -1.31808394607627,40.5231710329797,1017.1167 -1.31810707949149,40.5232370828155,1017.22289999999 -1.31812300572316,40.5232799977271,1017.5324 -1.31813993716962,40.5233259307938,1018.0 -1.31815301214858,40.5233670019635,1018.0 -1.31816407669793,40.5234149466344,1018.0 -1.31818503169859,40.5234719437511,1018.0 -1.31819894570399,40.5235180439833,1018.0 -1.31820397447298,40.5235599535681,1018.0 -1.31821101546816,40.5235970012779,1017.4581 -1.31822291724737,40.5236439399559,1016.4198 -1.31823699923777,40.5236900407526,1017.1139 -1.31825594201217,40.5237349677112,1017.88959999999 -1.31827203533047,40.5237649745381,1018.0 -1.31828192578174,40.5238280069944,1018.0 -1.31828896677693,40.5238729338607,1018.0 -1.31831193310549,40.5239210461485,1018.0 -1.31831495054654,40.5239550761874,1018.0 -1.31833406130589,40.5240000036512,1018.0 -1.31834294654238,40.5240390627629,1018.0 -1.31835702763445,40.524076949417,1018.0 -1.31837999486131,40.5241480281476,1018.0 -1.31839407595338,40.5242010013607,1018.0 -1.31839793152258,40.5242310086617,1018.0 -1.31842005972299,40.5242720799597,1018.0 -1.31843699116945,40.5243290770303,1018.0 -1.31844302605155,40.5243619337495,1018.0 -1.31845392261594,40.5244150754539,1018.0 -1.31847504560152,40.524453967029,1018.0 -1.31848292382657,40.524501073767,1018.0 -1.31850203458592,40.52454499505,1018.0 -1.31851393726342,40.5245939453753,1018.0043 -1.31852701314071,40.5246460803995,1018.0667 -1.31854696202822,40.5247069331083,1018.0462 -1.31856104401862,40.5247619181857,1018.8735 -1.31857294579783,40.5248130479511,1019.0 -1.31859406788508,40.5248619980808,1018.73609999999 -1.31860898800364,40.524909943048,1018.89 -1.31861904643987,40.5249490023123,1019.0 -1.31863597788637,40.5250090169141,1019.0 -1.31865492066076,40.5250569610933,1019.0 -1.31866598521011,40.5250990383747,1019.0 -1.31868107241529,40.5251449715605,1019.0 -1.31869096286657,40.5251939214477,1019.0 -1.31870504485697,40.525242034153,1019.0 -1.31872599985763,40.5252879665581,1019.0 -1.31874293130409,40.5253320553006,1019.0 -1.31876505950449,40.5253870405481,1019.0 -1.31877696128367,40.5254339793382,1019.0 -1.31878199095095,40.5254809180954,1019.0 -1.31880193983846,40.5255330537953,1019.0 -1.31881099216158,40.5255809982825,1019.0 -1.31882792360807,40.5256269311381,1019.0 -1.31884803958221,40.5256800718394,1019.0726 -1.31885994225975,40.5257260046271,1019.1384 -1.318873018137,40.5257729438626,1019.0 -1.31889196091139,40.5258279287484,1019.0 -1.31890503678868,40.5258649765703,1019.1683 -1.31891308389701,40.5259090656161,1019.1143 -1.3189259917893,40.5259640510731,1019.0 -1.31894292323579,40.5260109894591,1019.0 -1.31895700432786,40.526057928495,1019.13039999999 -1.31896806887721,40.5261010109395,1019.3361 -1.31898298899577,40.5261570020298,1019.0787 -1.31899992044226,40.5262049467535,1019.9197 -1.31901500764745,40.5262440066287,1020.0 -1.31902892165289,40.5262879274523,1019.9887 -1.31903998530391,40.526335034267,1019.6535 -1.31905607862224,40.5263799608185,1019.9452 -1.31906898651457,40.5264319285293,1020.0 -1.31908507983287,40.5264870815296,1019.7804 -1.31909999995143,40.5265350260172,1019.7549 -1.31911307582871,40.5265779415485,1019.99460000001 -1.31912095495206,40.5266280655106,1020.0 -1.31914006571141,40.5266780214632,1019.6737 -1.31915599104478,40.52673200119,1019.9656 -1.31917493381918,40.5267809512838,1020.0 -1.31919002192269,40.5268339251471,1020.0 -1.31920695336915,40.5268840489177,1020.0 -1.31922002924644,40.5269340046795,1020.0 -1.3192369606929,40.5269869784219,1020.0 -1.31925204789811,40.5270419636773,1020.0 -1.31926696711834,40.5270900757388,1020.0 -1.31928004299563,40.5271390262539,1020.0 -1.3192979805552,40.5271919998342,1020.0 -1.31931407387354,40.5272469849214,1020.0 -1.31932999920688,40.5273029764199,1020.0 -1.31934793676649,40.5273559498706,1020.0 -1.31936201785856,40.5274159643656,1020.0 -1.31937308240791,40.5274659204138,1020.0 -1.31938498508541,40.5275180559352,1020.0 -1.31940493397292,40.5275700234464,1020.0 -1.31941901506503,40.5276189736109,1020.27559999999 -1.31943091774254,40.5276660801728,1020.43030000001 -1.3194429875067,40.5277259271037,1020.0 -1.31945991895316,40.5277770566564,1020.3563 -1.31947701838458,40.5278290246495,1020.68979999999 -1.31948892016379,40.5278799861547,1020.71400000001 -1.31950702481003,40.5279279310114,1020.24000000001 -1.31952194492858,40.5279820777002,1020.5157 -1.31953904436003,40.5280300224839,1020.8257 -1.31955597580649,40.5280900370581,1020.2588 -1.31957005689856,40.5281349637986,1020.3955 -1.319583970904,40.5281849199937,1020.6523 -1.31959201801234,40.5282249858402,1020.80560000001 -1.31960308166336,40.5282729297673,1021.0 -1.3196169956688,40.5283240595855,1020.27069999999 -1.31963895678254,40.528375021397,1020.6643 -1.31964800910566,40.5284239716564,1020.83839999999 -1.3196619231111,40.5284739283188,1021.0 -1.3196840513115,40.528518017014,1021.0 -1.31969997664485,40.5285770253967,1020.8646 -1.31971506385006,40.5286320107132,1021.0 -1.31973099008174,40.5286839787262,1021.0 -1.31974507117381,40.5287369524509,1020.9379 -1.31975797906613,40.5287830524758,1020.8533 -1.31976703138925,40.528834014621,1021.0 -1.31978698117506,40.5288859824774,1021.0 -1.3198089413905,40.5289379502934,1021.0 -1.31982805214985,40.5289890796042,1021.0 -1.31984297226841,40.529043059518,1021.0 -1.31985101847841,40.5290869805557,1021.0 -1.31986292115592,40.5291339188029,1021.0 -1.31988203191527,40.5291870601375,1021.0 -1.31989795724865,40.5292360104866,1021.0 -1.31990902089967,40.5292770821315,1021.0 -1.31992293490511,40.5292980368336,1021.0 -1.31992192969029,40.5293210030158,1021.0 -1.31994003433653,40.5293669360393,1021.0 -1.31994891867469,40.5294130363136,1021.0374 -1.31995696578302,40.5294619864975,1021.5116 -1.31997305910132,40.529509931588,1021.6041 -1.31998697310676,40.5295580432434,1021.0 -1.31999904287093,40.5296009588873,1021.0741 -1.32001798564533,40.5296539325699,1021.6265 -1.32003491709179,40.5297109291605,1021.9374 -1.32005302263635,40.5297669206488,1021.7322 -1.32007196541075,40.5298230793716,1021.93429999999 -1.32008504128803,40.5298760528787,1021.8564 -1.32009895529347,40.5299290263439,1021.9442 -1.32011404249866,40.5299779768337,1022.0 -1.32013298527305,40.5300309502183,1021.79670000001 -1.32014991671951,40.5300839242438,1022.0 -1.32017003359201,40.5301409211515,1022.0 -1.3201889772647,40.5301979180106,1022.0 -1.32020506968471,40.530250053455,1022.0 -1.3202159662491,40.5303050387644,1022.0 -1.3202300482395,40.5303610297563,1022.0 -1.32024295613182,40.5304140035209,1022.0 -1.32026491724557,40.5304669772437,1022.0 -1.32028101056387,40.5305209566498,1022.0 -1.32029308032803,40.5305759417369,1022.0 -1.32031604665659,40.5306299210552,1022.0 -1.32032794843581,40.5306850740148,1022.0 -1.32034001909827,40.530733018913,1022.0 -1.32035795575955,40.5307839802582,1022.0 -1.32037203774995,40.5308349422474,1022.0 -1.32038997530952,40.5308760135951,1022.0 -1.32040305028848,40.5309229526376,1022.0 -1.32041495296602,40.5309809552327,1022.0 -1.32043708116639,40.5310319170721,1022.0 -1.32044898384393,40.5310840525504,1022.02310000001 -1.32046205882288,40.5311340085954,1022.7754 -1.32047496761351,40.5311839652858,1022.9847 -1.32049005481869,40.5312330828195,1022.7084 -1.32051503247518,40.5312840451498,1022.48209999999 -1.32052794126581,40.5313340010457,1022.9761 -1.32054302847099,40.531379934055,1022.74890000001 -1.32055895380437,40.5314340806857,1022.8798 -1.32057605323579,40.5314850428632,1023.0 -1.32060103089228,40.5315380164221,1022.72139999999 -1.32061997456497,40.531591996331,1023.0 -1.32062701466186,40.5316419519973,1023.0 -1.32063606788331,40.5316939197244,1023.0 -1.3206469644477,40.5317440439567,1023.0 -1.32065802809875,40.5317950058985,1023.0 -1.32067093599104,40.5318449620962,1023.0 -1.32068401186833,40.5318900563266,1023.0 -1.32069993720167,40.5319339775466,1023.0 -1.32071301307896,40.5319839336407,1023.0 -1.3207269270844,40.5320340576561,1023.643 -1.32075006139792,40.5320820022719,1024.0 -1.32076397540336,40.5321210614529,1024.0 -1.32077604516749,40.5321750408921,1023.9258 -1.320787947845,40.5322209740076,1023.7558 -1.32080303505022,40.532276965447,1024.0 -1.32081393161461,40.5323260828621,1024.0 -1.3208290188198,40.5323730215716,1024.0 -1.32084695637941,40.5324199602481,1023.90790000001 -1.32085701481564,40.5324650547744,1024.0 -1.32086891659485,40.53251400546,1024.0 -1.32088601602627,40.5325669788881,1024.0 -1.32089791780548,40.5326120733153,1024.0 -1.32091602335001,40.5326640416556,1024.0 -1.32093396001129,40.5327119858207,1024.0 -1.32095105944274,40.5327589242599,1024.0 -1.32096698477608,40.5328090483782,1024.0 -1.32098106676648,40.5328559867493,1024.0 -1.32099397465881,40.5329049371493,1024.0 -1.32100503920816,40.5329560668472,1024.0 -1.32101794710048,40.5329999880513,1024.0 -1.32102599331049,40.5330499440334,1024.0 -1.32104007530085,40.5331059354628,1024.0 -1.32105600063423,40.5331530415816,1024.0 -1.32107008262463,40.5331989747094,1024.04090000001 -1.32108701407109,40.5332469191745,1024.2558 -1.32110595684548,40.5332950308779,1024.4188 -1.32112506760483,40.5333459930056,1024.099 -1.32113898161028,40.5333949437304,1025.0 -1.32115608104173,40.5334430553275,1025.0 -1.32116898893402,40.5334899939372,1025.0 -1.32117804125714,40.5335359268341,1025.0 -1.32119195526258,40.5335880624125,1025.0 -1.32121492159114,40.5336370129604,1025.0 -1.32122598614049,40.5336819400787,1025.0 -1.32124207945879,40.5337340748607,1025.0885 -1.32125699867905,40.5337779962375,1025.1467 -1.32127393012551,40.5338269466467,1025.0 -1.32128197723384,40.5338720415915,1025.1192 -1.32130997233135,40.5339240089546,1025.3189 -1.32131701332654,40.5339719535837,1025.0554 -1.32133394477303,40.5340220774773,1025.0 -1.32134601453716,40.5340750510787,1025.0067 -1.32136194076884,40.5341270189671,1025.28509999999 -1.32137401053301,40.534177980462,1025.50139999999 -1.32139094197947,40.5342220695009,1025.1835 -1.32140401785675,40.5342720259373,1025.0592 -1.32141407539469,40.5343129292738,1025.1436 -1.32142497195908,40.5343570182239,1025.39350000001 -1.32144106527738,40.5344150212602,1026.0 -1.32145598539594,40.5344710122316,1026.0 -1.32147107260116,40.5345159387907,1026.0 -1.32148297527866,40.5345660629602,1026.0 -1.32150191805306,40.5346109901383,1026.0 -1.32151801137136,40.5346609462847,1026.0 -1.32153008113553,40.5347060406683,1026.0 -1.3215460073672,40.5347570024055,1026.0 -1.32155304746409,40.5348029357993,1026.0 -1.32156394402848,40.5348500420906,1026.0 -1.32157701990576,40.5348949690783,1026.0 -1.32159596268016,40.534948948331,1026.0 -1.32161406822469,40.5349950488616,1026.0 -1.32163200488597,40.535042993407,1026.0 -1.32164407554843,40.5350979781971,1026.0 -1.32165899476869,40.5351430729692,1026.0 -1.32167693232827,40.5351920237465,1026.01059999999 -1.3216869907645,40.5352389618138,1026.0 -1.32169704920074,40.5352880797887,1026.0 -1.32171498586201,40.5353330071653,1026.0 -1.32173493474956,40.5353829634562,1026.12480000001 -1.32174197574474,40.5354280580365,1026.0 -1.32176091851913,40.5354729846366,1026.0238 -1.3217810353916,40.5355269641065,1026.0239 -1.32180098427911,40.5355760825529,1026.2218 -1.32181992795184,40.5356290556084,1026.1633 -1.32183702648496,40.5356790116786,1026.01119999999 -1.32184691693623,40.5357319853354,1026.1787 -1.32186401636768,40.5357819420115,1026.9425 -1.32187206257765,40.5358280419688,1026.4139 -1.32189301757831,40.5358769922457,1026.9886 -1.3219059254706,40.5359249368428,1027.0 -1.3219260423431,40.5359750606409,1027.0 -1.32195202611268,40.5360280347464,1027.0 -1.32197197500019,40.5360769848771,1027.0 -1.32198706310371,40.5361239236899,1027.0 -1.3220060058781,40.5361710297351,1027.0 -1.32202696087873,40.536217968482,1027.0 -1.32204892109417,40.5362759712727,1027.0 -1.32207004318146,40.5363269331813,1027.0166 -1.32208999206896,40.5363760510413,1027.0 -1.32211295929582,40.5364290248298,1027.00350000001 -1.32212905171583,40.5364809922578,1027.0 -1.32215704771167,40.5365240755115,1027.0 -1.32219007247646,40.5365800667686,1027.1743 -1.32221002136397,40.5366300228124,1027.0 -1.32222997025148,40.5366759556048,1027.0 -1.32225494790794,40.5367240675768,1027.0 -1.32227003601146,40.5367720122503,1027.0 -1.32229601978107,40.5368199568896,1027.0 -1.32232200355065,40.5368719246971,1027.0 -1.32234195243816,40.5369180252698,1027.0 -1.32236307452544,40.5369679810616,1027.0 -1.32238905919335,40.5370140815684,1027.0 -1.32241001329568,40.537054985279,1027.0 -1.32243901450631,40.5370960562278,1027.0 -1.32246198173316,40.5371429950092,1027.0 -1.32250104138002,40.5371899337578,1027.0 -1.32252400770858,40.5372430748481,1027.0 -1.32254898536508,40.5372859903492,1027.0 -1.32257899268882,40.5373319233746,1027.0 -1.32259793546322,40.537375006081,1027.00780000001 -1.32262392013112,40.5374199334237,1027.0531 -1.32265107710048,40.5374599985276,1027.0588 -1.32267605475694,40.5375049258133,1027.8786 -1.32270103331173,40.5375470027888,1028.0 -1.32272701708134,40.5376009826357,1028.0 -1.32276004184613,40.5376470827068,1028.0 -1.32278602561571,40.5376990505555,1028.0 -1.32281402161155,40.5377459895972,1028.0 -1.32284201670906,40.5377919223072,1028.0 -1.32287202403281,40.5378430516894,1028.0 -1.32289499036137,40.5378879787181,1028.0 -1.32292198024409,40.5379300561357,1028.0 -1.32294897012679,40.5379709592871,1028.0 -1.32297596000951,40.5380120310397,1028.0 -1.32300596643493,40.5380599754743,1028.0 -1.32303899119972,40.5381109373913,1028.0 -1.32307503340556,40.5381590496981,1028.0 -1.32310001196036,40.5382029709051,1028.0 -1.32312901317098,40.5382450481248,1028.0 -1.32316304404889,40.5382929923926,1028.0 -1.32319305047434,40.5383389254103,1028.0 -1.32321400547496,40.5383860312635,1028.0 -1.32324099535766,40.5384269348192,1028.0 -1.32326798524038,40.5384680062923,1028.0 -1.3232959803379,40.538509916086,1028.0 -1.32332799988787,40.538551993113,1028.0 -1.32335197143125,40.5385940701135,1028.0 -1.32338298486811,40.5386369854317,1028.0 -1.32340896863769,40.538683924499,1027.9059 -1.32344299951559,40.5387239895297,1028.0 -1.32346797717209,40.5387719341374,1027.94100000001 -1.32349496705478,40.5388150172833,1027.1804 -1.32353603802958,40.5388599443429,1027.5733 -1.32356001047125,40.53890202115,1027.1805 -1.323581971585,40.5389449369538,1027.5157 -1.32360493791356,40.5389870137074,1027.50539999999 -1.32363192779628,40.5390369700045,1027.22629999999 -1.32366294033481,40.5390770355068,1025.6939 -1.32369194154547,40.5391219623908,1024.15790000001 -1.32372295498233,40.5391670571852,1023.0 -1.32374994486502,40.5392099728191,1023.0 -1.32377793996257,40.5392560731485,1023.15119999999 -1.3238069411732,40.5392979824491,1024.4569 -1.3238329258411,40.539343077125,1026.5514 -1.32386494449278,40.5393849863714,1026.97749999999 -1.32389092826236,40.5394290753972,1027.0 -1.32392294691404,40.5394719908632,1026.9886 -1.32394993679673,40.5395150735589,1027.0 -1.32397692667946,40.5395559777906,1027.0 -1.32400006099297,40.5395990604322,1026.9844 -1.32403006741839,40.5396429813777,1027.0 -1.32405906952734,40.539684052788,1026.94040000001 -1.32408605851174,40.5397309918042,1027.0 -1.32411304839447,40.5397759189323,1026.9552 -1.32414204960509,40.5398179958468,1027.0 -1.32416602204677,40.5398610790025,1026.9403 -1.32419804069845,40.5399039941919,1026.84729999999 -1.32422804802219,40.5399519386378,1027.0 -1.32425906145905,40.5399960272905,1026.8906 -1.32428504522866,40.5400429660882,1027.0 -1.32430700544407,40.5400860490993,1027.0 -1.32433198399886,40.5401329878339,1027.04029999999 -1.32435696165536,40.5401789202726,1027.0 -1.32438898120533,40.5402220031963,1027.0468 -1.32441496497491,40.5402620693552,1027.0 -1.32444497229869,40.5403069961271,1027.0 -1.32445704206282,40.5403299626321,1027.0 -1.32446793862725,40.5403529291293,1027.0 -1.3244669325141,40.540375057296,1027.0 -1.3244669325141,40.5403980237777,1027.0 -1.32445905339076,40.5404429504584,1027.0 -1.32445502983659,40.5404890506219,1027.0 -1.32445201239557,40.5405380015894,1027.0 -1.32445704206282,40.5405869518384,1027.0 -1.32445704206282,40.5406330519028,1027.0 -1.32445905339076,40.5406820020823,1026.59239999999 -1.32446106561699,40.5407309529088,1026.56969999999 -1.32445603594971,40.5407800709533,1026.5052 -1.32445000106764,40.5408280154549,1026.42329999999 -1.32443793130347,40.5408759599221,1026.23910000001 -1.32442401729803,40.5409230660395,1026.0233 -1.32440507452363,40.5409689986192,1026.0 -1.32438294632327,40.5410139255996,1026.0 -1.32435897388159,40.5410590204858,1026.0 -1.3243279604447,40.5411009300239,1026.0 -1.32429694790617,40.5411460248515,1025.96520000001 -1.32426392314137,40.5411889399003,1025.42389999999 -1.32423693325865,40.5412290054808,1025.0 -1.32419703548363,40.5412660536629,1025.0 -1.32416401071884,40.5413069568255,1025.0 -1.32413400339509,40.5413510459517,1025.0 -1.32409997251718,40.5413959726759,1025.0 -1.32406694775239,40.5414370443767,1025.0 -1.3240290622036,40.5414759363132,1025.0 -1.32398497288946,40.5415129843587,1024.92750000001 -1.32395496556571,40.5415570733494,1024.34639999999 -1.32392495914027,40.5415979770169,1024.0 -1.32390400413964,40.5416430715099,1024.0 -1.32388807790797,40.5416890042785,1024.0 -1.3238739968159,40.5417359425726,1024.0 -1.32386293226652,40.5417850605629,1024.0 -1.32385203570212,40.5418360230595,1024.0 -1.32383896072317,40.5418869848347,1024.0 -1.32382705804566,40.5419339236727,1023.4458 -1.32381699960943,40.5419800241755,1023.1882 -1.32381699960943,40.5420279685008,1023.01459999999 -1.32380895339943,40.5420740689389,1023.0 -1.32380593595838,40.542120001412,1023.0 -1.32380208038917,40.5421719692041,1023.0 -1.32378900451192,40.542220081325,1023.0 -1.32378397484464,40.5422710434907,1023.0 -1.32377592863463,40.5423240173964,1023.0 -1.32376603818336,40.5423699496981,1022.7251 -1.32375195619296,40.5424160505834,1022.27069999999 -1.3237430718548,40.5424629890507,1022.14 -1.32372999597751,40.5425169683499,1022.0 -1.32372597242338,40.5425640746785,1022.0 -1.32371792531505,40.5426100074983,1022.0 -1.32370904097689,40.5426589582812,1022.0 -1.32370401130961,40.54270606451,1022.0 -1.3236959650996,40.5427519972323,1022.0 -1.32368892410442,40.5428029589933,1021.8878 -1.32368003976626,40.5428500651208,1021.1827 -1.32367702232521,40.5428990157282,1021.0 -1.32366294033481,40.5429469600785,1021.0 -1.32366193422169,40.5429940667874,1021.0 -1.32365506121147,40.5430430166069,1021.0 -1.32364701500147,40.5430889497809,1021.0 -1.32363896789317,40.5431380674618,1021.0 -1.32362304255979,40.5431840005705,1021.0 -1.32361801379084,40.5432319447168,1021.0 -1.32361801379084,40.5432820685092,1020.4709 -1.32359907011812,40.5433380595793,1020.0 -1.32358599424086,40.5433870098301,1020.0 -1.32356604535332,40.5434329427682,1020.0 -1.32355095814814,40.5434840726234,1020.0 -1.32353704414269,40.5435229647367,1020.0 -1.32352095082439,40.5435720827819,1020.0 -1.32349697838272,40.5436180155931,1019.8193 -1.32347702949521,40.5436629421622,1019.1409 -1.32346093617687,40.543708037313,1019.0738 -1.3234490343977,40.5437569872934,1019.0 -1.32342992363834,40.5438089551807,1019.0 -1.32341399830497,40.5438550557583,1019.0 -1.32339103107811,40.5438969649124,1019.0 -1.32337896131394,40.5439450771596,1019.0 -1.32335498887227,40.5439910103976,1018.4792 -1.32334291910813,40.5440429781034,1018.03 -1.32332498244685,40.5440840495465,1018.0 -1.32331492401062,40.5441370227011,1018.0 -1.32329698645101,40.5441839613276,1018.0 -1.3232790488914,40.5442310678492,1018.0 -1.32326396168622,40.54428001813,1018.0 -1.32324803635287,40.544327962857,1018.0 -1.32323294914766,40.5443819420185,1017.7381 -1.32321300026015,40.5444310601165,1017.0034 -1.32320897670598,40.5444790047354,1017.0 -1.32319405658745,40.5445249376072,1017.0 -1.32317695805434,40.54457891661,1017.0 -1.32315499694056,40.5446360814016,1017.0 -1.32315097338643,40.5446520071481,1017.0 -1.32314695073056,40.5446769852368,1017.0 -1.32312398440203,40.544741022649,1017.0 -1.32310604684242,40.5447990255693,1016.549 -1.32309498229307,40.5448429465186,1016.16869999999 -1.32308693608307,40.5448920649611,1016.0132 -1.3230609523135,40.5449559349242,1016.0 -1.323052067077,40.5450010292045,1016.0 -1.32303195110283,40.5450449507039,1016.0 -1.32302306586638,40.5450989299702,1016.0 -1.32301300743014,40.5451500599189,1015.541 -1.32300697254804,40.5451990102108,1015.0698 -1.32300194377909,40.5452479604668,1015.0 -1.32299205332781,40.5452960724262,1015.0 -1.32298098877846,40.5453510576753,1015.0 -1.32297394778328,40.5453969906318,1015.0 -1.32296506344512,40.5454429235568,1015.0 -1.32295198756784,40.5454880181918,1015.0 -1.32293606133616,40.5455329448718,1014.9771 -1.32292700901305,40.5455800511272,1014.3361 -1.32291795668993,40.5456269901078,1014.0 -1.32291108367967,40.545672922875,1014.0 -1.32290706012554,40.5457290812359,1014.0 -1.32291108367967,40.5457760201121,1014.0 -1.32289499036137,40.5458199411032,1014.0 -1.3228909668072,40.5458700650068,1014.0 -1.32289297903343,40.5459159982899,1014.0 -1.3228889554793,40.5459629363524,1013.4988 -1.3228829205972,40.5460090368127,1013.0699 -1.32288007024281,40.5460549700005,1013.041 -1.32287504147386,40.5461129724656,1013.0197 -1.32286699526386,40.5461679577267,1013.0 -1.32285593071451,40.5462140587285,1013.0 -1.32284805159113,40.5462599910931,1013.0 -1.322844028037,40.546308941939,1013.0 -1.32284101059595,40.5463639270392,1013.0 -1.32284101059595,40.5464090217367,1013.0 -1.32283899926801,40.5464539484815,1013.0 -1.32284000538113,40.5465000492864,1013.0 -1.32284101059595,40.5465469876222,1012.6629 -1.32284302282218,40.5465939266078,1012.13800000001 -1.32284503415012,40.5466480732301,1012.0 -1.32284604026323,40.5467020525695,1012.0 -1.32284101059595,40.5467469798004,1012.0 -1.32283397049906,40.5468019652236,1012.0 -1.32282491817594,40.5468559444391,1012.0 -1.32282407914946,40.5469030511293,1012.0 -1.32282005649362,40.5469489837039,1012.0 -1.32281502682634,40.5470029634835,1011.5343 -1.3228049683901,40.5470480577507,1011.1887 -1.32280195094909,40.5470939909086,1011.15700000001 -1.32279306661093,40.5471469644129,1011.02899999999 -1.32278602561571,40.5471920592658,1011.0062 -1.32277999073364,40.5472450326927,1011.0 -1.32277093841053,40.5472990122336,1011.0 -1.32276993229741,40.5473449445367,1011.0 -1.32276305928715,40.5473920508829,1011.0 -1.3227640654003,40.5474379838048,1011.0 -1.3227580305182,40.5474849228485,1011.0 -1.3227519947378,40.547536052341,1010.7181 -1.32274797208197,40.5475809790124,1010.44869999999 -1.32274897729678,40.5476270797241,1010.2022 -1.32274495464092,40.5476730124849,1010.0 -1.32274595985573,40.5477199513638,1010.0 -1.32273992497367,40.5477670574462,1010.0 -1.32272601096822,40.5478119846453,1010.0 -1.32272500575341,40.5478599288918,1010.0 -1.32272500575341,40.5479080410226,1010.0 -1.32272098219927,40.547955985883,1010.0 -1.32271897087134,40.54800694778,1009.1375 -1.32271494731717,40.5480540536607,1009.08930000001 -1.32271293509094,40.5480989806672,1009.0742 -1.32271796475822,40.5481489369947,1009.14810000001 -1.32271595343029,40.5482000666628,1009.0 -1.32271293509094,40.5482510283742,1009.0 -1.32270907952173,40.54829997913,1009.0 -1.32270203942484,40.5483479237097,1009.0 -1.32270203942485,40.5483930177539,1009.0 -1.32269499842966,40.5484399568108,1009.0 -1.3226909748755,40.5484890746631,1009.0 -1.32268695132136,40.5485360129701,1008.3587 -1.32268594610654,40.5485899928357,1008.1753 -1.32268594610654,40.5486369310719,1008.15180000001 -1.32268393388031,40.5486880610501,1008.0 -1.32268292866549,40.548736005352,1008.0 -1.32268393388031,40.548795014359,1008.0 -1.32268292866549,40.5488510049161,1008.0 -1.32267605475694,40.5489069961089,1008.0 -1.32267907219799,40.5489609756755,1008.0 -1.3226800783111,40.5490159613288,1007.6007 -1.32268393388031,40.5490650787586,1007.0086 -1.3226909748755,40.5491120173444,1007.0561 -1.32269902198383,40.5491579504519,1007.0 -1.32271494731717,40.5492090800323,1007.0 -1.32272299352717,40.5492590362143,1007.0 -1.32273808163069,40.5493069807901,1007.0 -1.3227519947378,40.5493549253315,1007.0 -1.3227660767282,40.5494090724519,1007.0 -1.32277194452364,40.5494600346083,1007.0 -1.32277697329259,40.5495099906032,1006.71460000001 -1.32277999073364,40.5495629642443,1006.17140000001 -1.32278602561571,40.5496169432821,1006.04640000001 -1.32278803694365,40.5496670670742,1006.0012 -1.32278501950259,40.5497220528303,1006.0 -1.32279407272404,40.5497740201849,1006.0 -1.32279407272404,40.5498209589564,1006.0 -1.32279004916988,40.5498719207993,1006.0 -1.32279206049781,40.5499180212992,1006.0 -1.3227969221801,40.5499659660857,1006.0 -1.32280597450322,40.5500209509138,1006.0 -1.32281301549844,40.5500690635399,1005.53140000001 -1.32281200938532,40.5501210313077,1005.3933 -1.32281502682634,40.550176016691,1005.0 -1.32282005649362,40.5502289898053,1005.0 -1.32282692950388,40.5502789459091,1005.0 -1.32283698794011,40.550332925735,1005.0 -1.32284000538113,40.5503850612105,1005.0 -1.32285308125841,40.550437028733,1005.0 -1.32285391938657,40.5504879907898,1005.0 -1.32287001270491,40.5505399589151,1005.0 -1.32288107635593,40.5505870650616,1005.0 -1.3228889554793,40.5506329978399,1004.6339 -1.32290002002865,40.5506779244814,1004.0 -1.32290404268449,40.5507250312135,1004.0 -1.32291108367967,40.5507780045761,1004.0 -1.32291896280304,40.5508190759844,1004.0 -1.32293002645406,40.5508730553748,1004.0 -1.3229380735624,40.5509169764362,1004.0 -1.32293907967551,40.5509630768992,1004.0 -1.32294595268574,40.5510170568561,1004.0 -1.32295299278262,40.5510579602071,1004.0 -1.322956011122,40.5511179746319,1003.9906 -1.32296506344512,40.5511640749566,1003.3605 -1.32296992422912,40.5512160432397,1003.2068 -1.32296606865991,40.5512730399166,1003.0 -1.32297093034223,40.5513280250366,1003.0 -1.32296707477302,40.5513749640839,1003.0 -1.32296305121886,40.5514299491202,1003.0 -1.32295701633679,40.5514750438194,1003.0 -1.32294997534161,40.5515209766711,1003.0 -1.32294394045951,40.5515660713089,1003.0 -1.32294695790056,40.5516230683704,1003.0 -1.32294494657262,40.5516679950303,1003.0 -1.32294394045951,40.5517139277496,1003.0 -1.32293304389511,40.5517630459309,1003.0 -1.32293505612134,40.5518089785851,1002.7804 -1.3229380735624,40.5518550791165,1002.47440000001 -1.32293505612134,40.5519000063032,1002.27009999999 -1.32293907967551,40.5519479510358,1002.0 -1.32294897012679,40.5519970690454,1002.0 -1.32294695790056,40.5520540657401,1002.0 -1.32294595268574,40.5521020103623,1002.0 -1.32293405000823,40.5521469373834,1002.0 -1.32292902123928,40.552196055247,1002.0 -1.32292298635721,40.5522339409974,1002.0 -1.32290806623865,40.5522909381729,1001.9342 -1.32288996159242,40.5523420680914,1001.0 -1.32287101791969,40.552392023984,1001.0 -1.32285894815552,40.5524349393353,1001.0 -1.32283497571388,40.5524840569877,1001.0 -1.32282307393467,40.5525299898298,1001.0 -1.3228049683901,40.5525839698887,1001.0 -1.32279004916988,40.5526290644932,1001.0 -1.32277797940571,40.5526770087038,1001.0 -1.32276305928715,40.5527249528801,1001.0 -1.32275098952302,40.5527710534635,1001.0 -1.32273992497367,40.5528169867913,1000.18919999999 -1.32272701708134,40.5528669423296,1000.0 -1.32270991764989,40.5529190778798,1000.0 -1.32270304463966,40.552960987505,1000.0 -1.32268695132136,40.5530079260902,1000.0 -1.32267706087009,40.5530530210917,1000.0 -1.32266599721903,40.5530979481572,1000.0 -1.32265107710048,40.5531440484839,1000.0 -1.32263699511008,40.5531909869407,999.949200000003 -1.32262492534594,40.5532389314315,1000.0 -1.32261604100778,40.5532870437932,1000.0 -1.3226029651305,40.5533339821499,1000.0 -1.32259491802217,40.5533790769318,1000.0 -1.32257899268882,40.5534330563062,1000.0 -1.32256792813947,40.5534870356371,999.230800000005 -1.32255300891921,40.5535379981028,999.0 -1.32253792171403,40.5535889598472,999.0 -1.32252803036442,40.5536380780181,999.0 -1.32251093183133,40.5536850161287,999.0 -1.32249701782589,40.5537309495121,999.0 -1.32248293583549,40.5537810729549,999.0 -1.32245594595276,40.5538239880985,999.0 -1.32244102673254,40.5538699213866,999.0 -1.3224190656188,40.5539190393514,998.831200000001 -1.322386040854,40.5539609483507,998.010899999994 -1.32235603442856,40.5540090608761,998.0 -1.32232803843275,40.5540469469657,998.0 -1.32228897878585,40.5540980769084,998.0 -1.32225897146211,40.5541319394169,997.9467 -1.32222192404148,40.5541770343439,998.0 -1.32218303148125,40.5542140821893,997.685299999997 -1.32214397183438,40.5542549856349,997.041200000007 -1.32210893574169,40.554294045539,997.271800000002 -1.32207205540769,40.5543359549861,996.928700000004 -1.32204506552496,40.5543709913265,997.0 -1.3220060058781,40.5544159181903,996.772899999996 -1.32197599855436,40.554453971952,996.569099999993 -1.32194297378956,40.5544940377879,996.738500000007 -1.32190307601454,40.5545359471097,996.305300000007 -1.3218730686908,40.5545800357181,996.591100000005 -1.32184507359325,40.5546179221672,996.205100000006 -1.32181003660223,40.5546599993133,996.557499999995 -1.32178304761783,40.5547039206209,996.119000000006 -1.32175404550891,40.554742980263,995.960500000001 -1.3217200155293,40.5547899189641,996.0 -1.32169101431867,40.5548279725132,995.921199999997 -1.32165798955388,40.5548740730138,996.0 -1.32162798223013,40.5549220176644,995.960399999996 -1.32159395135222,40.5549659388002,996.0 -1.32156193270054,40.5550090217677,995.503700000001 -1.32152605758136,40.5550519374894,995.0 -1.32149806248385,40.5550970317968,995.382199999993 -1.32146704904699,40.5551359239917,995.0 -1.32144006006259,40.5551780008122,995.0 -1.32140502307157,40.5552289626734,994.939599999998 -1.32136596342471,40.5552799251783,994.954700000002 -1.32134098576821,40.5553369218086,995.0 -1.32131198455759,40.5553800045375,995.0 -1.32129002344384,40.5554309669275,994.711200000005 -1.32127191879761,40.5554740495958,994.0 -1.32126403967423,40.5555179710519,994.0 -1.32123202102256,40.5555709447178,994.0 -1.32123101490944,40.5556089985056,994.0 -1.32121106602193,40.5556480583022,994.0 -1.32118793170841,40.5556430288317,994.0 -1.32116898893402,40.5556289471312,993.775899999993 -1.32110897428653,40.5556110098853,993.944499999998 -1.32101995842839,40.5556480583022,994.0 -1.32097704321231,40.5556889615544,993.902900000001 -1.32079800628127,40.5557620522526,991.708599999998 -1.32070597298207,40.5558309515436,991.095300000001 -1.32068200054039,40.5558619643574,991.042100000006 -1.32064998188875,40.5559020300333,991.416700000002 -1.32061796233874,40.5559390776066,990.912100000001 -1.32057001835372,40.5559860161517,990.988599999997 -1.32052106825558,40.5560549158947,990.734400000001 -1.32043506983849,40.5561630422786,990.909799999994 -1.3203549383185,40.5562710012727,990.598599999998 -1.32028000445075,40.5563469414982,990.0 -1.32017305103303,40.5564770285029,990.0 -1.32009208228321,40.5565910224068,990.128700000001 -1.31998496088053,40.5567179243623,990.0 -1.31986694381176,40.556924956911,990.0 -1.31981799371362,40.5569869835584,990.0 -1.31974892674298,40.5570929305712,990.0 -1.31969997664485,40.557161997753,990.0 -1.31962001310985,40.5572600656988,990.2641 -1.3195450792421,40.5573579662884,990.227400000003 -1.3194780235994,40.5574330685371,990.084000000003 -1.31940493397292,40.5575370035221,990.032399999996 -1.31932999920688,40.5576389277095,989.827900000004 -1.31928691600585,40.5577450429496,990.0 -1.31924701823083,40.5578119302513,989.915399999998 -1.31922304668745,40.557855013435,990.0 -1.31917493381918,40.5579530817306,989.994099999996 -1.31914794483478,40.5580459526992,990.0 -1.31910804616143,40.5581689992316,990.0 -1.31909396506936,40.5582719291305,990.0 -1.31906999262769,40.5583440137487,990.0 -1.31906697518664,40.5583989985221,990.0 -1.31906697518664,40.5584380587385,990.0 -1.3190730100687,40.5584930434346,990.012300000002 -1.31901903120162,40.5585349529833,990.960200000001 -1.31899304653371,40.5585840709382,991.0 -1.31894996423098,40.5586159226184,990.844400000002 -1.31891107167078,40.5586549820258,990.053899999999 -1.31886597714182,40.5586890128512,990.0 -1.31882004448469,40.5587240489612,990.0 -1.31876405339137,40.5587599238276,990.0 -1.31870102130284,40.558788924683,990.0 -1.31865492066076,40.5588219494574,990.0 -1.31861602899886,40.5588569861802,990.0 -1.31857193968471,40.5588900109211,989.994000000006 -1.31853204190966,40.5589300761498,989.221600000004 -1.3184909709349,40.5589659509058,989.370899999994 -1.31844704960571,40.5590019928511,989.2304 -1.31840597863092,40.5590390407564,989.0 -1.31837395908091,40.5590779327088,989.0 -1.31834495787028,40.5591190044859,989.0 -1.31831495054654,40.5591629255983,989.0 -1.31827807021253,40.5592100318209,989.0 -1.31824102279191,40.5592499296504,989.0 -1.31820799802711,40.5592879833945,989.0 -1.31818704302649,40.559332072286,989.0 -1.31815904792897,40.559374987284,989.0 -1.3181350754873,40.5594190761183,989.0 -1.31810607427667,40.5594640036894,989.0 -1.31807204339876,40.5595050745472,989.0 -1.31803600119295,40.5595449728833,989.0 -1.31800800519711,40.5595870496629,989.0 -1.3179800100996,40.5596279532384,989.0 -1.31795201410376,40.5596710366184,989.0 -1.31792100156519,40.5597099282035,989.0 -1.31788495935938,40.559749993624,989.0 -1.31784891715354,40.559790059703,989.0 -1.31781706558852,40.559841021466,989.0 -1.31778806437789,40.5598829308533,989.0 -1.3177550396131,40.5599260140692,989.0 -1.31771899740726,40.5599679234032,989.0 -1.31768798486873,40.5600160357068,989.0 -1.31765998887288,40.5600569390202,989.0 -1.31761707365681,40.5601030393326,989.0 -1.31758505500514,40.5601459552013,989.0 -1.31755504768139,40.5601870263232,989.0 -1.31752705168555,40.5602279302146,989.0 -1.31749201559286,40.560266989364,989.0 -1.317452955946,40.5603110782932,989.0 -1.31742093729432,40.5603509761489,989.0 -1.31739294129848,40.5603920478275,989.0 -1.31735991653368,40.560431945635,989.0 -1.31732303619971,40.5604740225394,989.0 -1.31728498266597,40.5605130822276,989.0 -1.3172440787778,40.5605499627748,989.0 -1.31720401301782,40.5605890224186,989.0 -1.31717199436614,40.5606369670715,989.0 -1.3171419870424,40.5606800498021,989.0 -1.31711700938591,40.5607209533923,988.692899999995 -1.31709102561633,40.5607620248439,989.0 -1.31705699473842,40.5608009171601,988.6734 -1.31702497608674,40.5608409826101,988.831900000005 -1.31699597487611,40.5608830592575,988.675000000003 -1.31696496143926,40.5609239634061,988.720499999996 -1.31693394890069,40.5609660406838,988.660000000003 -1.31689907989462,40.5610139850667,988.089900000006 -1.3168640438019,40.5610540503891,988.300600000002 -1.31682699548297,40.5610909306382,988.0 -1.31679195939024,40.5611390428171,988.163100000005 -1.31675993984027,40.5611779349144,988.0 -1.31672305950626,40.5612149829805,988.039699999994 -1.31667193009524,40.5612570600753,988.0 -1.31664192277149,40.5612969580496,988.0 -1.31661107731959,40.5613360179401,988.0 -1.31657503511375,40.5613769211294,988.0 -1.31654603390312,40.5614210100101,988.0 -1.31650496292832,40.5614689547495,988.0 -1.31647193816356,40.5615090197997,988.0 -1.31643405171645,40.5615589763597,988.0 -1.31639197462853,40.5615970301561,988.0 -1.31635794375062,40.5616369279278,988.0 -1.3163180459756,40.5616779994998,988.0 -1.31627999244186,40.5617160532286,988.0 -1.31624797379018,40.5617559509294,988.0 -1.31620304634788,40.5618000395604,988.0 -1.31615996404515,40.5618320589591,988.0 -1.31612107148492,40.5618669275878,988.0 -1.31606306906366,40.5618800034041,988.0 -1.31600406052929,40.5619009581453,988.0 -1.31595293021993,40.5619249300062,988.642200000002 -1.31588604346051,40.5619510816137,989.0 -1.31581395904886,40.561984944245,989.0 -1.31576601416551,40.5620040549665,989.0 -1.31570398819009,40.5620360742676,988.831399999995 -1.31565000842467,40.56207094279,988.943499999994 -1.31560692522364,40.5620930712882,988.6685 -1.31555395157134,40.5621420214793,988.130000000005 -1.31551103635527,40.5621690110517,988.059999999998 -1.31547097149359,40.5622070651838,988.263500000001 -1.31540894551817,40.562249980386,988.232699999993 -1.3153740765121,40.5622850166796,988.320500000002 -1.31533401075212,40.562324076676,988.382400000002 -1.3152860667671,40.5623599509781,988.407000000007 -1.31524499489397,40.5623869404627,988.4666 -1.31522303467856,40.562428012257,988.117800000007 -1.31517894536442,40.5624680774156,988.0 -1.31514508247147,40.562508981278,988.0 -1.31509596438834,40.5625460292899,988.0 -1.31504902651643,40.5625810654286,987.429300000003 -1.31498197087373,40.5626249869992,987.0 -1.31493402688871,40.5626469474325,987.0 -1.31488105323641,40.5626779605011,987.0 -1.31482405602994,40.5627089735554,987.0 -1.31476504749557,40.5627379747473,986.687600000005 -1.31471106773015,40.5627669759266,986.245200000005 -1.31466094443223,40.5627939659295,986.0 -1.3146059585537,40.5628199499987,986.522200000007 -1.31455298490139,40.5628469392978,986.143200000006 -1.31450504091637,40.5628769463518,986.0 -1.31445692894636,40.5629049422318,986.0 -1.31440294918094,40.562936961102,986.0 -1.31435299296969,40.562973003639,986.0 -1.31429800798945,40.5629899350395,986.0 -1.31423799334196,40.5629899350395,986.0 -1.31416708213005,40.562982055558,986.0 -1.31410807359568,40.5629919461975,986.0 -1.31404001273816,40.5629999928763,986.0 -1.31398100420379,40.5630070336342,986.0 -1.3139149546742,40.5630150803111,986.0 -1.31385292869878,40.563032011701,985.668000000005 -1.31379392016441,40.5630479378497,985.847099999999 -1.31374798750729,40.5630829737256,985.860700000005 -1.31370708361915,40.5631170043473,985.935100000002 -1.31366802397229,40.5631520408696,985.2886 -1.31362292944333,40.5631939502313,985.078299999994 -1.31357297323208,40.5632350215304,985.0 -1.31352704057496,40.5632680461587,985.0 -1.31348295126081,40.5633049265529,985.0 -1.31343902993163,40.5633470036988,985.601899999994 -1.31338605627932,40.5633840519293,986.0 -1.31333006518597,40.5634100357694,986.0 -1.31327206276472,40.5634219381733,985.698900000003 -1.31321506555825,40.5634420543979,985.0 -1.31315303958283,40.5634630093325,985.0 -1.31309000749429,40.5634799406091,985.0 -1.3130299937451,40.5635079362369,985.0 -1.31297199042551,40.563527047206,985.0 -1.31290191824009,40.5635459902903,985.0 -1.31285397335677,40.563572979979,985.0 -1.31279395870925,40.56360298739,984.838600000003 -1.31269505239983,40.563620924542,984.924700000003 -1.31264895175778,40.5636400354788,984.517399999997 -1.31258692578236,40.5636559608004,984.737599999993 -1.31254401056629,40.5636829504448,985.0 -1.31249103691399,40.5637030672735,984.594200000007 -1.31243705714857,40.5637340798528,984.361000000004 -1.31238307828145,40.5637659311299,984.0 -1.31231602263874,40.5637820243004,984.0 -1.31224695566814,40.5638110257098,984.0 -1.31220404045207,40.5638309746212,984.0 -1.31215492236898,40.5638599760094,984.0 -1.3120940695933,40.5638879721607,984.0 -1.3120509872906,40.5639089262732,984.0 -1.31200304240725,40.5639479860044,984.178899999999 -1.31193297022183,40.5639800050581,984.144100000005 -1.31187396168742,40.5640110181915,984.236000000004 -1.31180405658866,40.5640490719588,984.719400000002 -1.31176399082868,40.5640799171822,985.0 -1.31174705938219,40.56412802926,985.0 -1.31175493850556,40.5641739623029,985.0 -1.31177103182386,40.5642200631921,985.0 -1.31180606791659,40.5642659954895,985.0 -1.31182400547617,40.5643179631573,985.0 -1.31183607524034,40.5643679196682,985.0 -1.31185803545578,40.5644190492354,985.0 -1.31187999656952,40.5644639761806,985.0 -1.31189994545703,40.5645179554892,985.0 -1.31192693444143,40.5645660679346,985.0 -1.31196800631452,40.5646309434541,985.0 -1.31203204361788,40.5646109947811,985.0 -1.31209205826536,40.5645960749005,985.0 -1.31216296947727,40.5645819937183,985.0 -1.31222901900686,40.5645749524438,985.0 -1.31225299055021,40.564604960088,985.0 -1.31221795445751,40.5646329552453,985.0 -1.31210798359874,40.5646790558183,985.0 -1.31207898238811,40.5646879409949,985.0 -1.31205802738745,40.564723982589,984.5671 -1.31203204361788,40.5647529842726,984.7307 -1.3120000249662,40.5647950611907,984.782000000007 -1.3119810821918,40.5648639607391,984.0 -1.31198996652996,40.5648989970293,984.0 -1.31200304240725,40.564940068647,984.0 -1.31200706596141,40.5649719193502,984.0 -1.31202097996682,40.5650009209264,984.0 -1.31208199982913,40.5650369630345,984.0 -1.31221594312958,40.5650649586935,984.140100000004 -1.31246404703126,40.5650830633292,985.0 -1.31263403253752,40.5651970575921,985.0 -1.31280602847342,40.5653100457754,985.0 -1.31286000823884,40.565362013315,985.0 -1.31287392224428,40.5654129756129,985.0 -1.31285397335677,40.5654439880824,985.0</coordinates>
</LineString>
</Placemark>
</Folder>
</Document></kml>
