<?xml version="1.0" encoding="UTF-8"?>

<kml xmlns:xsd="http://www.w3.org/2001/XMLSchema" xmlns:gx="http://www.google.com/kml/ext/2.2" xmlns:atom="http://www.w3.org/2005/Atom" xmlns="http://www.opengis.net/kml/2.2">
<Document>
<name>ES49a_03a_torrelaguna-soto_del_real</name>
<visibility>1</visibility>
<Schema name="ES49a_03a_torrelaguna-soto_del_real" id="kml_schema_ft_ES49a_03a_torrelaguna-soto_del_real">
<SimpleField type="xsd:string" name="id">
<displayName>id</displayName>
</SimpleField>
<SimpleField type="xsd:string" name="nombre">
<displayName>nombre</displayName>
</SimpleField>
<SimpleField type="xsd:double" name="longitud">
<displayName>longitud</displayName>
</SimpleField>
<SimpleField type="xsd:string" name="_formato">
<displayName>_formato</displayName>
</SimpleField>
</Schema>
<Folder id="kml_ft_ES49a_03a_torrelaguna-soto_del_real">
<name>ES49a_03a_torrelaguna-soto_del_real</name>
<Placemark id="kml_1">
<name>&lt;img height='20' src='https://nco.ign.es/iconos/icono_todos_caminos_azul.png' /&gt;&lt;img height='20' src='https://nco.ign.es/iconos/Camino Santiago_20.png' /&gt;&lt;img height='20' src='https://nco.ign.es/iconos/icono_todos_caminos_azul.png' /&gt;  Camino de Santiago </name>
<visibility>1</visibility>
<description><![CDATA[<!DOCTYPE html>
<html>
<head>
<style>
#nco {
  border-collapse: collapse;
  overflow:hidden;
}
#nco th, #nco td {
  padding: 4px;
  text-align: left;
}
#nco th {
  color: #364B5F;
  padding-right: 5px;
}
#nco td {
  color: rgb(51, 51, 51);
  font-size: 12px;
  padding-right: 5px;
}
</style>
</head>
<body>
<table id="nco">
<tr>
<td>Caminos del Centro</td>
</tr>
<tr>
<th><b>Camino: </b></th>
<td>ES49a Camino Mendocino a Santiago</td>
</tr>
<tr>
<th><b>Etapa: </b></th>
<td>03a Torrelaguna-Soto del Real</td>
</tr>
<tr>
<th><b>Longitud: </b></th>
<td>33.19 km</td>
</tr>
</table>
</body>
</html>]]></description>
<Style>
<IconStyle>
<scale>0.8</scale>
</IconStyle>
<LabelStyle>
<color>ffffffff</color>
<scale>0.75</scale>
</LabelStyle>
<LineStyle>
<color>ffff0000</color>
<width>3.0</width>
<gx:labelVisibility>1</gx:labelVisibility>
</LineStyle>
<PolyStyle>
<color>66ff0000</color>
</PolyStyle>
</Style>
<ExtendedData>
<SchemaData schemaUrl="#kml_schema_ft_ES49a_03a_torrelaguna-soto_del_real">
<SimpleData name="id">ES49a_03a</SimpleData>
<SimpleData name="_formato">kml</SimpleData>
</SchemaData>
</ExtendedData>
<LineString>
<extrude>0</extrude>
<tessellate>1</tessellate>
<coordinates>-3.53785196279211,40.8276490310631,735.787500000006 -3.53796796853295,40.8276719973295,736.3128 -3.53808900304274,40.8276500363939,737.204199999993 -3.53813610979793,40.8275569973427,736.618199999997 -3.53813610979793,40.8274609408005,736.277000000002 -3.53819696257361,40.8273729308785,735.877900000007 -3.53832000841134,40.8273378943649,735.818599999999 -3.53843299671113,40.8273020197128,735.982799999998 -3.53852201256927,40.8272339593059,735.953399999999 -3.53860096999115,40.8271519838322,735.552200000006 -3.53869602073137,40.8270798998741,735.635999999999 -3.53881403780014,40.8270639741798,736.468399999998 -3.53883801024182,40.8271600306173,736.558300000004 -3.5388170552412,40.8272539076663,736.684399999998 -3.53890707721242,40.82731794535,737.313899999994 -3.53903800217353,40.8273209633968,737.451499999996 -3.53914797303227,40.8273580112696,737.859899999996 -3.53921804611602,40.8274319397374,738.8796 -3.53932801607646,40.8274899425307,738.977100000004 -3.53941401449356,40.827569905563,739.136100000003 -3.53950001291066,40.8276429956789,739.531499999997 -3.53951107746001,40.8277429080995,740.079599999997 -3.53959405753776,40.8278200213771,740.565700000006 -3.53966496874967,40.8279070260585,741.127800000002 -3.5397100632786,40.8280029147403,741.5913 -3.53980695826009,40.8280568943761,742.237099999998 -3.53990703776925,40.8281118792919,742.708400000003 -3.54002304351013,40.8281688761676,743.392099999997 -3.54010703059929,40.8282409609812,743.991299999994 -3.54019101679015,40.8283110337152,744.75 -3.54028707364348,40.8283690364194,745.0726 -3.54037508338848,40.8284369298076,745.6973 -3.54047901936519,40.8285070023346,746.362800000003 -3.54057306399229,40.8285728842681,747.031300000002 -3.54066912084562,40.8286419513356,747.646299999993 -3.54075008959543,40.8287158797315,748.274000000005 -3.54085804912627,40.828772876088,748.891600000003 -3.54097003131295,40.8288230003775,749.645699999994 -3.54107212304838,40.8288918992927,750.460600000006 -3.54118209300882,40.8289468848756,751.111300000004 -3.54128200543136,40.8290020376247,751.771900000007 -3.5413899649622,40.8290469645825,752.423299999995 -3.5414920557993,40.8291019500368,752.998999999996 -3.54159012398053,40.8291659879749,753.990900000004 -3.54165801775139,40.8292459510253,755.151199999993 -3.54173412571721,40.8293269199645,756.061400000006 -3.54178307581535,40.8294179479634,756.848199999993 -3.54187712044245,40.8294789676479,757.361900000004 -3.54199010874227,40.8295190336213,758.241999999998 -3.5420829801696,40.829587932493,758.579299999998 -3.54217400735564,40.8296499586811,759.058600000004 -3.54224910920835,40.8297289165282,759.710200000001 -3.54231901430711,40.8298050242373,760.338000000003 -3.54241305983254,40.829860009063,760.665599999993 -3.5425159896961,40.8299139885465,761.208100000003 -3.54265311752423,40.8299409786117,761.426500000001 -3.54276208226988,40.8299899288338,762.513500000001 -3.54284506324593,40.8300620130272,762.735000000001 -3.54294497477014,40.8301299067211,763.1584 -3.54304002640868,40.8301949503182,763.762900000002 -3.54311898383056,40.8302759194579,764.387400000007 -3.54323096601727,40.8303089438381,764.899799999999 -3.54330807919788,40.8303909188076,765.501099999994 -3.54341905527144,40.8304380253287,765.915299999993 -3.5435090772427,40.8304998835135,766.370699999999 -3.54359708698773,40.8305679446467,767.027600000001 -3.54363899698898,40.8306559550862,767.972599999994 -3.54371611016959,40.8307250213434,768.536399999997 -3.54381300515108,40.8307810127287,768.717699999994 -3.54389011833172,40.8308680169237,769.498600000006 -3.5439789671032,40.8309399336351,770.207899999994 -3.54401903196488,40.8310309614589,770.509300000005 -3.5440550741707,40.8311270175876,771.267200000002 -3.54410503038198,40.8312120100951,771.722699999998 -3.54412799671051,40.8313129285308,772.529399999999 -3.54416806247052,40.8314039558424,773.337799999994 -3.54420997247177,40.8314879427223,773.985199999996 -3.54425908965657,40.8315749466693,774.797200000001 -3.54431105809405,40.8316639624016,775.370599999995 -3.54435112295573,40.8317539839627,775.778000000006 -3.54437610151052,40.8318470232424,776.1967 -3.54440107916702,40.8319469354458,776.931800000006 -3.54443309871699,40.8320429922866,777.584799999997 -3.54447500781995,40.8321269790367,778.141300000003 -3.54451809102097,40.8322159947075,778.494999999995 -3.54457206988806,40.8323009871786,779.188099999999 -3.54461800344348,40.8323968763032,780.177500000005 -3.54466896486955,40.8324868975488,781.1345 -3.54475596939977,40.8325579764899,781.966100000005 -3.5448250363704,40.8326439744574,783.167199999996 -3.54489896412503,40.8327239380713,784.429699999993 -3.54497306076292,40.8327950167582,785.531400000007 -3.54504799463067,40.8328709564646,787.059800000003 -3.54511505027334,40.832952931665,788.815400000007 -3.54519601902319,40.8330250160355,790.324299999993 -3.54527899999923,40.8331090022214,791.703699999998 -3.54534504952882,40.8331879600276,793.128899999996 -3.54542199562277,40.8332570270458,794.537200000006 -3.54549910880341,40.8333289438847,795.984299999996 -3.54558711854841,40.8333990166793,797.330100000006 -3.5456711056376,40.8334679155974,797.844599999997 -3.5457980070445,40.833476968218,798.074299999993 -3.54592608254951,40.8334618807428,798.274399999995 -3.54605499618268,40.8334709333643,798.587799999994 -3.54617904903185,40.8334898759655,798.944099999993 -3.5463150027619,40.8335029522704,799.456999999995 -3.54644106693898,40.8335299415543,800.090200000006 -3.54656612500294,40.833546034935,801.331600000005 -3.54668799764089,40.833546034935,802.158500000005 -3.54681808537213,40.8335579374278,802.255300000004 -3.5469361024409,40.8335819096074,803.521900000007 -3.547067027402,40.8335929733736,803.909499999994 -3.54720197591724,40.8335990088958,804.300799999997 -3.54732904620743,40.833560954511,805.211500000005 -3.54743197517269,40.833505969356,805.948499999999 -3.54748997849227,40.8334260060056,806.528399999996 -3.54758301790455,40.8333609628593,807.380000000005 -3.54771796641979,40.8333458753578,808.815700000006 -3.54785509424791,40.8333478865264,810.312300000005 -3.54797998432691,40.8333509042988,811.133600000001 -3.54810403627776,40.8333498983747,810.087400000004 -3.54823697346509,40.8333619681036,808.849000000002 -3.54837410129322,40.8333579450874,808.170899999997 -3.54849211836199,40.833369008891,807.770499999999 -3.54861600322617,40.8333849351101,807.528999999995 -3.54874407873118,40.8333919758951,807.517000000007 -3.5488699749233,40.8334109185188,807.054600000003 -3.54900307919726,40.8334099125957,805.223299999998 -3.5491029916198,40.8333589510114,804.611699999994 -3.54919100136483,40.8332939071197,804.300700000007 -3.54924498113025,40.8332010357123,804.031099999993 -3.54926710933062,40.8330989443023,804.236399999994 -3.54929007565918,40.833007916599,804.237999999998 -3.54933097954735,40.832914877589,804.173800000004 -3.54940407007212,40.8328349142054,804.122000000003 -3.54950096415528,40.8327769113296,803.895099999994 -3.54961696989612,40.8327199143367,803.645699999994 -3.5497240904005,40.8326649291639,803.400899999993 -3.54981796794094,40.8326089380101,803.154699999999 -3.54991704223532,40.8325529468091,802.910900000003 -3.55001896598576,40.8324899153604,802.546900000001 -3.55011301151119,40.8324309069244,802.178100000005 -3.5502290163537,40.8323769274508,801.756800000003 -3.55032507320703,40.8323219419935,801.331600000005 -3.55042498562957,40.8322679624312,800.952600000004 -3.55050008748227,40.832187998947,800.452900000004 -3.55055708468874,40.8321070301032,800.164999999994 -3.55062011587895,40.8320139905086,799.843800000002 -3.55065900843918,40.8319179343055,799.271500000003 -3.55070007941398,40.8318238891781,799.056700000001 -3.55073695974798,40.8317340349169,798.900999999998 -3.5507621053894,40.8316450192787,798.484599999996 -3.55079110749836,40.8315459453663,798.193599999999 -3.55084609247856,40.8314569294756,797.899999999994 -3.55091398624943,40.8313819954631,797.721900000004 -3.55101305964548,40.831315945716,797.510599999994 -3.5511280592732,40.8312690070248,797.421700000006 -3.55122596036784,40.8312120100951,797.344700000001 -3.55135001231868,40.831171944465,797.091499999995 -3.55147406426952,40.8311489780513,797.054699999993 -3.55159811711866,40.8311240003937,796.919200000004 -3.55171998975665,40.8310990220469,796.885999999999 -3.55185510625684,40.8311099183412,796.965700000001 -3.55198301377689,40.8310899697813,797.020099999994 -3.55210103084567,40.831068009298,797.2356 -3.55222608890962,40.8310559391516,797.453200000004 -3.55234712341942,40.8310569451104,797.550399999993 -3.55248307804777,40.8310789055975,797.502900000007 -3.55260998035303,40.8310839347104,797.736600000004 -3.55273000874971,40.8311089130628,798.012199999997 -3.55286110169577,40.8311079071047,798.1777 -3.55299303276995,40.8311169593678,798.338600000003 -3.55311909694702,40.8311348966839,798.309599999993 -3.55323996437019,40.8311369085993,798.479800000001 -3.55336502153585,40.8311709391875,798.797699999996 -3.55347700372252,40.8312198891814,799.422500000001 -3.55360306789963,40.8312329652542,799.402199999997 -3.55372611463566,40.8312748741931,799.902499999997 -3.55384312559132,40.8313189635809,800.790099999998 -3.55396298690136,40.8313369008423,801.248999999996 -3.55408201008322,40.8313310329998,801.811300000001 -3.55420203847993,40.8312959972182,802.484100000001 -3.55430899189765,40.831234976487,803.221099999995 -3.55442298541226,40.8311840145903,804.033500000005 -3.55453211814288,40.8311310407391,804.881099999999 -3.55464510644267,40.8310980160887,805.3318 -3.55476798519377,40.8311159534098,805.898000000001 -3.55488700747733,40.8311479727735,805.953099999999 -3.55498507655689,40.8312049697583,806.111900000004 -3.55504307897814,40.831298008449,806.618799999997 -3.55509605263045,40.8313789776011,806.285199999998 -3.55512103028694,40.8314669876438,805.535099999994 -3.55512605995423,40.8315679056914,805.369699999996 -3.55512505384111,40.8316740205383,804.888699999996 -3.55513310094941,40.831764880829,804.672900000005 -3.5551520437238,40.8318639544142,804.245800000004 -3.55519898249404,40.8319539763835,803.310700000002 -3.55524810057713,40.8320409803987,802.0959 -3.55530308555737,40.8321209440602,801.904999999999 -3.5553850604203,40.8321920220342,801.186000000002 -3.55547608850468,40.832270979573,800.790299999993 -3.55556309213656,40.832335017849,800.060200000007 -3.55568010399052,40.8323718977562,798.912800000006 -3.55580499406952,40.8323779327099,798.425000000003 -3.55592401725141,40.8323718977562,798.499200000006 -3.55604203432019,40.8323249591329,798.525099999999 -3.55614798162479,40.8322750033348,799.081399999995 -3.55626901613462,40.8322528746809,799.407699999996 -3.55639206287064,40.8322230356167,799.870599999995 -3.55651896427758,40.8321900108305,800.784899999999 -3.55663497001842,40.832162015059,801.448099999994 -3.55674996964614,40.832129996185,802.273000000001 -3.5568669815001,40.8321040122742,803.0625 -3.55697896368681,40.832052882482,804.195300000007 -3.55707099698597,40.8319930362761,805.1391 -3.55715012149451,40.8319189402513,806.030400000003 -3.55721499782432,40.8318419941873,806.627900000007 -3.55728909356391,40.8317658860975,807.477899999998 -3.55736805098579,40.8316949755515,808.176200000002 -3.55742907174643,40.831602942009,808.694499999998 -3.55751406405041,40.8315249903062,809.441399999996 -3.55760609734957,40.8314649757384,810.093099999998 -3.5576989687769,40.8313989267537,810.884399999995 -3.55781497451774,40.8313509821668,811.410799999998 -3.55794506135068,40.8313409239811,811.7408 -3.55807498109696,40.8313499762124,811.519799999995 -3.55820607404299,40.8313499762124,810.6247 -3.55833599378927,40.8313610403511,810.079800000007 -3.55846809195012,40.8313749544646,809.907099999997 -3.55859197681433,40.8313959088926,808.517699999997 -3.55870798255517,40.831427928121,807.669599999994 -3.55883304061913,40.8314529063439,805.695999999996 -3.55895508124207,40.8314559235228,804.318199999994 -3.5590720921977,40.8314299400275,803.578099999999 -3.55918709182542,40.8314029498888,804.007899999997 -3.55930008012525,40.8313479649832,802.080300000001 -3.55941206231192,40.8313010263147,800.905400000003 -3.55953108549381,40.8312768861043,800.256299999994 -3.55965597557281,40.831248890627,800.048500000004 -3.55975706119513,40.831188876489,800.166299999997 -3.55981808195573,40.8311048892302,800.365600000005 -3.55988211925909,40.8310259316622,800.957399999999 -3.55986501982764,40.8309318873087,801.300000000003 -3.55984607705324,40.8308359981045,801.763600000006 -3.5598241168378,40.8307389355905,802.417300000001 -3.55979796508326,40.8306489140107,802.640299999999 -3.55979109207304,40.8305510131439,803.025899999993 -3.55978807463199,40.8304469097953,803.251799999998 -3.55981305228845,40.8303578944683,803.585999999996 -3.55989905070554,40.8302930182396,804.024699999994 -3.56001505644638,40.8302620051138,804.313899999994 -3.56013609095621,40.8302859778053,804.812600000005 -3.56025896970728,40.8303210141206,806.015899999999 -3.56036810243789,40.8303759991981,807.547900000005 -3.56046097386521,40.8304418806341,809.209799999997 -3.56051595884545,40.830525029294,810.791200000007 -3.56055904204648,40.8306199123026,812.002200000003 -3.56065308667358,40.8306799269556,812.109400000001 -3.56077009852753,40.8306970263128,811.9084 -3.56087604493384,40.8307479879039,811.380000000005 -3.56096908434612,40.8308219166706,810.760599999994 -3.56101702922948,40.8309069088895,810.294099999999 -3.56105508276322,40.8309949188791,809.824200000003 -3.56111308518448,40.8310839347104,809.216100000005 -3.56119506094574,40.8311659100812,808.401599999997 -3.56127602969555,40.8312329652542,807.749100000001 -3.56139002410849,40.8312839271132,807.032999999996 -3.56150904639205,40.831315945716,806.445399999997 -3.56163410445601,40.83132902177,805.814700000003 -3.56176201287436,40.8313119225757,804.856400000004 -3.56187399506107,40.8312799039709,803.916200000007 -3.5619801094523,40.8312329652542,803.134699999995 -3.56206811919733,40.831167921316,802.339500000002 -3.56213299552714,40.8310758884014,801.438999999998 -3.56218697529256,40.8309799994054,800.489199999996 -3.56221111482087,40.8308889715118,799.701799999995 -3.5622050799388,40.8307898978291,798.830700000006 -3.56219401538945,40.8306960203484,798.090200000006 -3.56218496306633,40.8305969463775,797.392800000001 -3.5621559618557,40.8305029014155,796.797500000001 -3.56215512372755,40.8304070122706,796.093699999998 -3.56212796675819,40.8303089438381,795.443499999994 -3.56210902308547,40.8302108759402,794.707399999999 -3.56210701175757,40.8301109631599,793.8223 -3.56208806898314,40.8300128949692,793.290500000003 -3.56205604943316,40.8299210297002,792.696299999996 -3.56204498578215,40.8298199439754,791.741800000003 -3.56203006566359,40.8297238873125,791.079400000002 -3.56200106445293,40.8296290037014,790.469500000007 -3.56204800322316,40.8295379766719,789.866200000004 -3.56208907419796,40.8294419196006,789.266099999993 -3.56211204052652,40.8293430136857,788.928700000004 -3.56217507261506,40.8292459510253,788.345700000005 -3.56229811935108,40.8292328752403,787.751499999998 -3.56241496322011,40.829185936434,786.815900000001 -3.56253398550367,40.82913598031,784.759300000005 -3.56264110690635,40.8290939034873,783.551099999997 -3.56273800098954,40.8290239981125,782.989600000001 -3.56285903639767,40.8289789039273,782.118000000002 -3.56295308102473,40.8289140277088,781.619699999996 -3.56303304455976,40.8288389256494,780.824900000007 -3.56311501942269,40.8287660033844,780.504300000001 -3.56321308760396,40.8286959304514,780.106299999999 -3.56330897647233,40.828638933349,779.4421 -3.56339799233045,40.8285748955816,778.444900000002 -3.5635210390665,40.8285360036074,776.926300000006 -3.56360502525737,40.8284689484258,776.561600000001 -3.5637010821107,40.8284059164933,775.914799999999 -3.56383301318488,40.8284089344907,775.310500000007 -3.56395002414054,40.8283879791188,774.846999999994 -3.5640670359945,40.8284069224924,774.254799999995 -3.56410911308241,40.8283189124665,773.968900000007 -3.56413107329785,40.8284089344907,774.213900000002 -3.56412101575992,40.8285019730262,774.840700000001 -3.5641179983189,40.8286000414123,774.476299999995 -3.56411598609263,40.8286979424408,776.141300000003 -3.56411011919552,40.8287889699437,776.856100000005 -3.5641200096468,40.8288810026339,777.367599999998 -3.56419008183222,40.8289559374337,778.218900000007 -3.56429703524995,40.8290089109836,779.597200000004 -3.56441706454495,40.8290570231162,781.674299999999 -3.56452804061855,40.829116031836,784.205900000001 -3.56462812012771,40.8291758785995,786.825599999996 -3.56468411122103,40.8292570148354,788.301300000006 -3.56462711491289,40.8293440189909,790.091199999995 -3.56456005927019,40.8294330349993,791.766099999993 -3.56449903940788,40.8295190336213,793.071299999996 -3.56442896632416,40.829592961719,794.255099999995 -3.56433911233786,40.829652975942,794.830000000002 -3.56425412003388,40.8297190253065,795.610000000001 -3.56425009647974,40.8298139087888,796.925700000007 -3.56430910501412,40.8299019188697,798.408500000005 -3.56435101501537,40.8299949580294,799.695099999997 -3.56441706454495,40.8300799506286,800.961599999995 -3.56448512540248,40.8301568960186,802.518299999996 -3.56458000815773,40.830235015859,803.826100000006 -3.5646660065748,40.8303039146664,804.869699999996 -3.56474395878189,40.8303868956112,806.229399999997 -3.56480011696191,40.8304769175468,807.350399999996 -3.56483800340899,40.830563921461,808.255399999995 -3.56488896573339,40.830645896795,809.256800000003 -3.56493707770337,40.8307399415542,810.748500000002 -3.565011005458,40.8308199047456,811.761100000003 -3.56510303875717,40.8308769020124,812.899999999994 -3.56520798084696,40.8309349045113,813.839500000002 -3.56527604170448,40.8310090002763,814.614199999996 -3.56532800924367,40.8310970108101,815.655299999999 -3.5653300214699,40.8311939055936,816.289799999999 -3.56533907379302,40.8312849330686,816.835600000006 -3.56534410256197,40.8313860185992,817.256399999998 -3.56534997035741,40.8314819076876,817.770300000004 -3.56540009365532,40.8315668997402,818.708599999998 -3.56546010830281,40.8316498811435,819.726899999994 -3.56551207584199,40.8317320236993,820.647400000002 -3.5655461067199,40.8318218772835,821.846900000004 -3.56558097482768,40.8319129052558,823.374400000001 -3.56562104058765,40.8319989033803,825.034299999999 -3.5656510479114,40.8320879192231,826.660199999998 -3.56571709744098,40.8321650328853,828.792600000001 -3.5657880086529,40.8322399666926,830.777600000001 -3.56586897740271,40.8323060161988,831.903999999995 -3.56598095958938,40.8323519488963,833.016799999998 -3.56606896933442,40.8324159870942,834.395399999994 -3.56609595921711,40.8325110373186,836.031400000007 -3.56610400632544,40.8326029030774,837.229300000006 -3.56613904241814,40.8326959425252,837.888999999996 -3.56617307329605,40.8327859640445,838.628200000006 -3.56615597386463,40.8328820203495,839.780899999998 -3.56609310976105,40.8329700304361,841.048500000004 -3.5660739990017,40.8330689370579,842.356700000004 -3.56603896201064,40.8331589587504,842.5628 -3.56602102534936,40.8332580329712,843.220100000006 -3.56601700179523,40.8333498983747,843.740099999995 -3.56600811745707,40.8334449492993,844.280899999998 -3.56603996812379,40.8335359764026,845.658599999995 -3.56611305864856,40.8336099047793,847.285499999998 -3.56617910817815,40.8336918804254,848.222599999994 -3.56622604694835,40.8337829078694,849.0383 -3.56622202339418,40.8338799700054,849.579400000002 -3.56622805827628,40.8339730090204,850.1391 -3.56622805827628,40.8340739273316,850.620699999999 -3.56620710327566,40.8341649549307,849.989600000001 -3.566214982399,40.8342589994561,848.9853 -3.56628706681065,40.8343399690703,848.921700000006 -3.56641296300277,40.8343470097539,848.246700000003 -3.56654506206195,40.8343669586932,847.794699999999 -3.56664011280216,40.8344370310704,847.410699999993 -3.56674706532155,40.8344960397598,847.410999999993 -3.56683909862075,40.8345639329915,847.199600000007 -3.56692610315096,40.8346380294586,847.535099999994 -3.56704110277869,40.834674909444,847.191300000006 -3.56711905408745,40.8347449821754,847.130600000004 -3.56722701361829,40.8347848804882,846.705300000001 -3.56734000101978,40.8348279629995,846.387300000002 -3.56746505908378,40.8348489176954,845.499899999995 -3.56760704859419,40.8348629996334,845.191500000001 -3.56773110144337,40.8348629996334,843.973299999998 -3.56786504384549,40.8348738959888,844.697100000005 -3.56800099847384,40.8348920008448,846.021399999998 -3.56811599810156,40.8349250256445,847.172500000001 -3.5682400500524,40.8349260315447,847.775200000004 -3.5683671194443,40.8349479921095,848.349400000006 -3.56848798686746,40.8349759873842,848.384300000005 -3.56860600393624,40.8350080062431,848.404200000004 -3.56872502711813,40.835021920271,847.809099999999 -3.56884203807375,40.8350619862932,848.141900000002 -3.56895904992774,40.8351018837355,848.191699999996 -3.5690841079917,40.8350919933153,847.192899999995 -3.56921201551175,40.8350929992129,846.123399999997 -3.56934109712984,40.8351139538251,844.837599999999 -3.5694581080855,40.8351369202247,844.152100000007 -3.56958501039073,40.8351429549267,842.839399999997 -3.56971610333679,40.8351659213162,841.650899999993 -3.56983210907763,40.8351929112825,841.261499999993 -3.56995699915663,40.8352079990433,840.356799999994 -3.57008306333371,40.8352400177902,840.482699999993 -3.57020510395665,40.8352478963977,839.604699999996 -3.57033904635877,40.8352458852867,838.420899999997 -3.57046209309482,40.835218895342,837.771999999997 -3.57058011016357,40.8351820149795,837.375799999994 -3.57069997147362,40.8351449667205,836.820000000007 -3.57083408186069,40.8351220003237,836.545199999993 -3.57095897193969,40.835104901428,836.253100000002 -3.57109207621369,40.8350940051106,836.137799999997 -3.57121512294971,40.8350758996301,835.916400000002 -3.57133498425976,40.8350539391077,835.213499999998 -3.57146104753854,40.8350390198677,834.199299999993 -3.57158007072043,40.8350158855579,833.311199999996 -3.57169808778917,40.8350049892258,832.391900000002 -3.5718310249765,40.8349888955196,831.613500000007 -3.57195306559941,40.8349868844007,831.007899999997 -3.57207510622235,40.8349769932837,830.006399999998 -3.5722030137424,40.8349459803097,828.738899999997 -3.57231499592908,40.8349028971954,827.361199999999 -3.57244206621926,40.8349008860739,826.456699999995 -3.5725689676262,40.8348980362488,825.274699999994 -3.57268011168472,40.8348549531033,823.710699999996 -3.57281405498517,40.8348459006709,822.283100000001 -3.57294397473145,40.8348350043109,820.589200000002 -3.57306098568711,40.8347939329289,818.520300000004 -3.57317598531483,40.8347490057871,816.817800000004 -3.57329802593774,40.8347329126983,814.987699999998 -3.57341704911963,40.8347240274467,813.620699999999 -3.57353707751631,40.8347240274467,811.929199999999 -3.57366699726259,40.8347210104165,809.872799999997 -3.57378602044448,40.8347169868031,808.191300000006 -3.57391308983637,40.8347029055138,806.088499999998 -3.57403697470059,40.8347169868031,804.917000000001 -3.57416404409245,40.8347490057871,804.088799999998 -3.57428507860227,40.8347739841182,802.547600000005 -3.57441600446167,40.8347858863905,801.123800000001 -3.57454407996668,40.8348070082969,800.479500000001 -3.5746800336967,40.834820922367,799.202799999999 -3.57480106910482,40.8348299748028,797.497499999998 -3.5749110390653,40.8348629996334,795.905899999998 -3.57502704480614,40.8348909949441,795.281400000007 -3.57514606798803,40.8348829484174,793.609500000006 -3.57526408505677,40.8348940126462,791.722699999998 -3.57537606724348,40.8349409514897,789.832500000004 -3.57545502466536,40.8350229261697,788.813699999999 -3.57552995943144,40.835099033919,787.836500000005 -3.57561109616621,40.8351709507988,786.308499999999 -3.57570899636248,40.8352349883128,785.099799999996 -3.57579499477958,40.8353018762525,784.103099999993 -3.57590999440731,40.8353439532137,782.328899999993 -3.57603002370231,40.8353439532137,781.415900000007 -3.57615508176627,40.8353058991507,781.378700000001 -3.57625801073153,40.8352499081883,781.092499999999 -3.57629606516361,40.8351570368022,780.949099999998 -3.57628701284049,40.8350629915117,780.854699999996 -3.57626806916776,40.8349639179492,780.785199999998 -3.57623504440297,40.8348660173368,780.711800000005 -3.57622398075195,40.8347739841182,780.693199999994 -3.57618710041795,40.8346839618998,780.653000000006 -3.57611400989318,40.8345999756701,780.225200000001 -3.57601996526608,40.8345240352255,779.926399999997 -3.57592407639771,40.8344620095189,779.469899999996 -3.57582198466231,40.8343919364884,779.282699999996 -3.57573598624521,40.8343129794364,778.564599999998 -3.5756219927306,40.8342569883151,778.534100000004 -3.575516045426,40.8341969735016,778.384699999995 -3.57542099468578,40.8341210332751,777.972099999999 -3.57539098736204,40.8340290003815,776.307199999996 -3.57539802745889,40.8339319377841,775.398499999996 -3.5753970222441,40.8338330310904,774.330799999996 -3.57542803478267,40.8337450214696,774.085399999996 -3.57544211677303,40.8336549998932,773.582200000004 -3.57545401945057,40.8335619604319,772.831900000005 -3.57544111065992,40.8334628866653,772.0524 -3.57543507577785,40.833366997723,771.372700000007 -3.57540305712617,40.8332719466867,770.575100000002 -3.57540708068034,40.8331819251475,770.121400000004 -3.5754300470089,40.8330789956612,769.266600000003 -3.57543708800408,40.8329869620009,768.375899999999 -3.5754991139795,40.8328979460058,767.938500000004 -3.57556700685207,40.832815971417,767.449600000007 -3.57563506770956,40.8327269551924,766.569600000003 -3.5757160373577,40.832645986327,766.0098 -3.57577605200519,40.8325569705538,765.363100000002 -3.57582701343126,40.8324649368485,764.747399999993 -3.57587210796022,40.8323729036951,764.038 -3.57590312139708,40.8322828822947,763.679300000003 -3.57588903940668,40.8321910167722,762.770600000003 -3.57589809262813,40.8320999891817,762.036500000002 -3.57591703540252,40.8319968914911,761.456200000001 -3.57593011127977,40.8318999965216,761.329299999998 -3.57594201305898,40.8318059520484,761.006899999993 -3.57599699893752,40.831724982738,760.883900000001 -3.5761041194419,40.8316710033694,760.574500000002 -3.57623202696195,40.8316629564519,760.285900000003 -3.57635105014381,40.8316919577037,760.200500000006 -3.57645800356157,40.8317340349169,759.857399999994 -3.57651801820905,40.8318160101637,759.588099999994 -3.5766009982868,40.831897985309,758.938299999994 -3.57667509492469,40.8319769425183,758.434599999993 -3.57675304623345,40.8320480213264,757.216199999995 -3.57681808964993,40.8321408929895,756.625700000004 -3.57688497730767,40.8322210237342,756.462899999999 -3.57693107794975,40.8323070221387,757.124200000006 -3.5770221051358,40.8323799445877,754.791500000007 -3.57706602646498,40.8324729836686,754.907999999996 -3.57712302367145,40.8325539527453,755.646900000007 -3.57721304564268,40.8326319045978,756.232999999993 -3.57731798683417,40.8326848779296,755.469400000002 -3.5774410326719,40.8326820286889,752.495899999994 -3.57756709684901,40.8327249440049,751.029699999999 -3.57765996827633,40.8327829462464,750.391099999993 -3.57774211112422,40.8328530189385,751.441900000005 -3.57783095899741,40.8329219184239,751.677599999995 -3.57793003329176,40.8329919909691,750.586899999995 -3.57801502559574,40.8330709489146,750.477599999998 -3.57810203012595,40.8331390094477,749.098100000003 -3.57819808608099,40.8331980186128,747.058399999994 -3.57827503217496,40.833272952612,747.090800000005 -3.57836706547413,40.8333359846756,745.885800000004 -3.57844401156811,40.8334179593011,744.821599999996 -3.5785040262156,40.8335039575125,744.080700000006 -3.57856001730895,40.833593979294,743.534199999995 -3.57860108828374,40.8336809838758,743.789199999999 -3.57868205793186,40.8337569239267,742.831600000005 -3.57879906888752,40.8337990005091,743.130900000004 -3.57891507462836,40.8338348750445,742.908200000005 -3.57900207826027,40.8339079657312,742.9568 -3.57912210755528,40.833871923356,743.475699999995 -3.57919100654093,40.8337869308598,742.787700000001 -3.57927599884491,40.8337069678483,742.309200000003 -3.57932612304112,40.8336159403,742.158899999995 -3.57935897982095,40.8335229007839,742.3701 -3.57937306181135,40.8334290237744,742.189700000003 -3.57936602081614,40.8333329669026,741.861900000004 -3.57934104315968,40.8332359046455,741.984200000006 -3.57932209948695,40.8331380042001,742.107199999999 -3.57929611571737,40.8330449646929,741.851500000004 -3.57929309827632,40.8329479026939,742.096600000004 -3.57932612304112,40.8328608985094,741.835099999997 -3.57935110069761,40.8327629975103,742.181400000001 -3.57938211413447,40.8326739818941,742.479200000002 -3.57938395837575,40.8325819483513,743.002299999993 -3.57940407434992,40.8324848863541,743.738299999997 -3.57944011655573,40.8323889973568,744.659199999995 -3.57946911866468,40.8322989752985,745.815600000002 -3.57949610764908,40.8322049307116,747.4329 -3.57957908862513,40.8321350252182,749.390899999999 -3.57964396495494,40.832052882482,751.319099999993 -3.57970012313495,40.8319650404214,753.661099999998 -3.57974102702309,40.8318780363066,755.326300000001 -3.57977002823372,40.8317860030183,756.926500000001 -3.57977807534205,40.8316909524341,758.031300000002 -3.57983306032225,40.8316079710822,758.406700000007 -3.57990195930793,40.8315209671785,757.699500000002 -3.57997907338687,40.8314470385117,756.893400000001 -3.58007010057292,40.8313799835551,756.598100000003 -3.58019599676503,40.8313509821668,757.045400000003 -3.58033211937834,40.8313300277247,757.413100000005 -3.58046103301151,40.8313219807659,758.389500000005 -3.58058307363445,40.8313199688561,758.612699999998 -3.58069907847696,40.8312740361234,758.567299999995 -3.58077200101677,40.8311918936799,758.364199999996 -3.58079999701262,40.8310970108101,758.054600000003 -3.5808130728899,40.8309908957193,757.519700000004 -3.58084106798741,40.8308990297661,757.523300000001 -3.58090309396283,40.8308130315745,757.846799999999 -3.58097400517471,40.8307318945237,758.4041 -3.58106905591493,40.8306589723014,758.793099999995 -3.5811340993314,40.8305810208481,759.149900000004 -3.58118606687059,40.8304960282115,759.404999999999 -3.58123099431289,40.8304120414345,759.574500000002 -3.58128899673414,40.8303319105427,759.761599999998 -3.58141003214226,40.8302900010078,760.5628 -3.58153710153416,40.8302809486318,761.769100000005 -3.581653107275,40.8302549646761,762.738500000007 -3.581777997354,40.8302118812323,763.604600000006 -3.58188210041733,40.8301619252015,764.242499999993 -3.58200112359922,40.8301220275054,765.178499999995 -3.58210405346281,40.830071903518,765.809200000003 -3.58221201209532,40.8300269765749,766.631200000003 -3.58232801783616,40.8299709859124,767.501199999999 -3.58244502879182,40.8299319261881,768.702000000005 -3.58255097609643,40.8298729175147,769.758000000002 -3.58262004306706,40.829783901417,770.838699999993 -3.5826689940635,40.8296948858796,771.249100000001 -3.58270000660206,40.8295959789826,771.400999999998 -3.58273906624892,40.8295059578902,771.896399999998 -3.58277997013709,40.8294139240282,772.251099999994 -3.58281299490188,40.8293208854127,772.276700000002 -3.58286211298498,40.8292338812269,772.574800000002 -3.58288004964626,40.8291410095703,772.580100000006 -3.58289597587793,40.8290409300053,772.588399999993 -3.58292598320167,40.8289458788847,772.452600000004 -3.58295196697128,40.8288570307939,772.649999999994 -3.58300711993645,40.8287748880751,773.319199999998 -3.58309211224043,40.8287039770492,774.687999999995 -3.58316503478024,40.8286240140249,776.467099999994 -3.58323410175088,40.8285438830115,778.104300000006 -3.58331808794174,40.8284790070472,778.642800000001 -3.58342403524635,40.8284149691254,778.701300000001 -3.5835210982128,40.8283469078214,778.713000000003 -3.58361799229596,40.8282919231005,778.837199999994 -3.583700973272,40.8282268789961,778.748300000007 -3.58378998913015,40.8281579800697,778.992899999997 -3.58386106832702,40.8280848898418,779.372000000003 -3.58393499608162,40.8280029147403,780.089099999997 -3.58397103828746,40.8279118875177,780.388900000005 -3.58402300582665,40.8278299122024,780.875499999995 -3.584042116586,40.8277398907516,781.358200000002 -3.58407111869496,40.8276480250525,781.566500000001 -3.58409207279725,40.8275580033547,781.609100000001 -3.58411604523893,40.8274649641745,782.135399999999 -3.58414907000372,40.8273709195286,782.578200000004 -3.58418712353747,40.8272750306128,783.354900000006 -3.58423205097977,40.8271779676443,783.819499999998 -3.58427597230896,40.8270919693849,784.467600000004 -3.58431000228857,40.8270009422714,785.311100000006 -3.58434000961231,40.8269129324186,786.003599999996 -3.58436197072605,40.8268208990361,786.564100000003 -3.58439298326462,40.8267240039802,786.654899999994 -3.58444009001981,40.8266339823876,786.861199999999 -3.58447898168171,40.8265389318953,786.977499999994 -3.58452809976481,40.8264519274581,786.724499999997 -3.58457101498088,40.8263560385729,786.171300000002 -3.58460102230462,40.8262640050974,785.635399999999 -3.58464796107486,40.8261770009793,784.388500000001 -3.58472708648173,40.8260960315927,783.821200000006 -3.58476296070258,40.8260050044717,783.164699999994 -3.58478006013403,40.8259159886198,782.754300000001 -3.58480604390361,40.8258189263812,782.660499999998 -3.58484107999634,40.8257190137809,782.956300000005 -3.58486102888385,40.8256259747395,783.357399999994 -3.58489807720277,40.8255299181192,783.809500000003 -3.58492908974133,40.8254378848567,783.893899999995 -3.58497502239845,40.8253450133218,783.979300000006 -3.58501207071738,40.8252519744356,783.941500000001 -3.58505012425116,40.825152899808,783.940600000002 -3.58508901681136,40.8250509761435,783.997300000003 -3.58511801802202,40.8249639717935,783.912700000001 -3.58515204889993,40.8248628859895,783.746400000004 -3.5852191036443,40.8247720264377,783.522599999997 -3.58531499251268,40.8246989358766,783.330700000006 -3.5853931118064,40.8246179667247,783.214000000007 -3.58548011633661,40.8245410210254,783.474600000001 -3.58555404498957,40.8244580402425,783.655400000003 -3.58562109973395,40.8243728800117,783.645799999998 -3.58570508682311,40.8242949286463,783.683699999994 -3.58578203201879,40.824208930047,783.525999999998 -3.58584305277939,40.8241229320159,783.565199999997 -3.58592905119649,40.8240339156771,783.713300000003 -3.58599107717191,40.8239489234859,783.736300000004 -3.58606098227071,40.82387197769,783.774099999995 -3.5861370902365,40.8237940257359,783.584000000003 -3.58622409386841,40.8237229475969,783.308799999999 -3.58631411583968,40.8236470076102,782.883499999996 -3.58639508458949,40.8235739171688,782.133000000002 -3.5864820891197,40.8235030060197,781.186199999996 -3.58657311630575,40.8234439977435,780.081900000005 -3.58669096628787,40.8233958856171,779.030899999998 -3.58679607546432,40.8233509582296,778.165099999998 -3.58690202276892,40.8232909444212,777.520699999994 -3.58695801386228,40.8232049458796,776.377800000002 -3.58699003251395,40.8231149242686,775.363200000007 -3.58698902640084,40.8230180292362,774.772800000006 -3.58700210227809,40.8229169438651,774.964699999997 -3.58700796917523,40.8228249103755,775.1535 -3.58700411360602,40.8227338828433,775.407000000007 -3.58700796917523,40.8226319588602,775.320999999996 -3.58704501749416,40.8225439486476,775.401899999997 -3.58714208046061,40.8224680086706,775.633900000001 -3.58722606665147,40.8223929067887,775.727899999998 -3.58728708741211,40.8223099260372,775.686100000006 -3.58732111739169,40.8222130311883,775.388500000001 -3.5872999953044,40.822124015685,774.930900000007 -3.5872999953044,40.8220239357271,774.776400000002 -3.58732497296089,40.8219260350428,774.928400000004 -3.58735011860231,40.8218229378489,774.878100000002 -3.58740610969567,40.8217389509639,775.034700000004 -3.58745908334797,40.8216499348244,775.092399999994 -3.58750702823132,40.8215538785635,775.142399999997 -3.58758011875609,40.8214650300863,774.9035 -3.58766796051613,40.8213949575962,774.786300000007 -3.58776401736946,40.8213309196317,774.386400000003 -3.58787097078722,40.8212849867777,774.326799999995 -3.58799200529701,40.8212539741976,774.467799999999 -3.58812611568409,40.8212419043041,774.670400000003 -3.58824295955309,40.8212040175367,774.672500000001 -3.58835997050875,40.8211730049188,775.024600000004 -3.58848100501854,40.8211538942865,775.015199999994 -3.58861411019083,40.821140986177,775.700899999996 -3.58873900026983,40.8211139959292,775.951799999995 -3.58886707577484,40.8210849948097,776.6639 -3.5889901225109,40.8210559936775,777.013200000001 -3.58910998292261,40.8210279979639,777.846000000005 -3.58923101833074,40.8210060375474,778.251099999994 -3.58934300051741,40.8209770357009,778.387600000002 -3.58945800014514,40.8209508842665,778.821800000005 -3.58957098754663,40.8209238946211,778.978600000002 -3.58969705172374,40.8208928818721,779.636499999993 -3.58981909234664,40.8208668976369,779.858600000007 -3.58993409197437,40.8208399079573,780.239000000001 -3.59005797683858,40.820818952913,780.072499999995 -3.59018705755838,40.8207979985418,779.936100000006 -3.59031010429443,40.8207700027193,779.4323 -3.59043097081927,40.8207589388529,779.753500000006 -3.59054999400116,40.8207389898984,779.100200000001 -3.59068511050135,40.8207228968083,779.121799999994 -3.59081100669347,40.820710994051,778.878500000006 -3.59094612319369,40.8207039532791,778.483399999997 -3.59107201938581,40.8207029478429,778.443199999994 -3.5911910425677,40.8206759580967,778.269700000004 -3.59130604219543,40.8206489683395,777.743600000002 -3.5914260705921,40.8206040411307,777.597399999999 -3.59153905889189,40.8205710166761,777.390799999994 -3.591665123069,40.8205450323148,777.402700000006 -3.59179101926112,40.820530950735,777.820600000006 -3.59192311742196,40.8205059731567,777.627800000002 -3.59205102584031,40.820497926244,777.476500000004 -3.59218312400115,40.8205079847148,777.980100000001 -3.59231907862954,40.8205089901539,778.348899999997 -3.59244799226267,40.8204989323631,778.489199999996 -3.59256701544456,40.820477977211,779.449299999993 -3.59269810839062,40.8204499819332,779.8943 -3.59282601591067,40.8204169574019,780.177299999996 -3.59294805653358,40.8203799090506,780.371799999994 -3.59307898239298,40.8203488960473,780.723800000007 -3.59320605178487,40.8203279415276,780.849400000006 -3.59332608018155,40.8203079924435,781.242899999997 -3.5934539885999,40.8202850256663,781.3226 -3.59359011031491,40.8202679270233,781.472999999998 -3.59371600650702,40.8202580364298,781.727299999999 -3.59383301836101,40.8202369139676,781.958700000003 -3.59394701187562,40.820204894774,782.201199999996 -3.59406301761646,40.8201779055049,782.467600000004 -3.59418304601314,40.8201529271139,782.694199999998 -3.59429502819984,40.82011688474,783.141099999993 -3.59441304616692,40.820077993244,783.564100000003 -3.59453709811776,40.8200520093693,784.091499999995 -3.59465209774548,40.8200230077855,784.726200000005 -3.59478503493282,40.8199930007421,785.5821 -3.59490405811467,40.819955952154,786.478400000007 -3.59500899930616,40.8198919148396,787.499100000001 -3.59510907881536,40.8198379353559,788.482399999994 -3.59521603223309,40.8197809381183,789.720600000001 -3.59530705941914,40.8197219299298,791.001099999994 -3.59541401283686,40.8196659387242,792.554199999999 -3.59551912201331,40.8196089413389,793.567299999995 -3.59562003965063,40.8195599916119,794.9136 -3.59570804939566,40.8194959539151,796.515599999999 -3.59578499548964,40.819419007712,797.900299999994 -3.59586311478337,40.8193449119134,798.285799999998 -3.59595598621072,40.8192848971995,798.624500000005 -3.596057071833,40.819226894708,798.400999999998 -3.59617006013279,40.81917693856,798.043999999994 -3.59626896644222,40.8191269823743,797.872900000002 -3.59638798962411,40.8190740084088,797.781099999993 -3.59651103636013,40.8190349490644,797.987800000003 -3.59661497143851,40.8189829811675,798.114499999996 -3.59671002217872,40.8189078794184,798.1296 -3.59681010258622,40.8188409919366,798.432499999995 -3.59688604256708,40.8187620340426,798.741899999994 -3.59696399387585,40.8186859265767,798.934299999994 -3.59702400852337,40.8186019397986,799.151700000002 -3.59707497084774,40.8185058832026,799.400800000003 -3.59711905926358,40.8184170347216,799.782099999997 -3.59719600535756,40.8183239956343,800.122000000003 -3.59726808976922,40.8182390036043,800.345300000001 -3.59733195998591,40.8181580340444,800.665999999997 -3.59741209060757,40.8180789087778,801.243900000001 -3.59748501314738,40.8180029691274,801.692500000005 -3.5975800638876,40.8179369196513,802.160099999994 -3.59767310329988,40.8178710380291,802.077399999995 -3.5977881029276,40.8178178965004,801.761100000003 -3.59788298568286,40.8177588879252,800.499899999995 -3.59798910097242,40.8176940122879,799.947499999995 -3.59808197239978,40.81763399744,799.299700000003 -3.59816210302144,40.817555878392,798.355500000005 -3.59825497534709,40.8174940196904,797.907800000001 -3.59833812340976,40.8174169066434,797.534 -3.59841003983649,40.8173309079639,797.261299999998 -3.59850509057668,40.8172688818111,796.977499999994 -3.59861103788132,40.8172239550324,796.399399999995 -3.59873509073045,40.8172179200592,796.271399999998 -3.59886500957844,40.8172030002054,796.083700000003 -3.59898302664718,40.8171790282232,795.949999999997 -3.59911009693741,40.8171389622728,795.983500000002 -3.59921805556991,40.8170910182535,796.195300000007 -3.59933003775662,40.8170439117695,796.560800000007 -3.59943799638913,40.8170009965028,797.005499999999 -3.59956003701207,40.8169709887722,797.433699999994 -3.59967704886603,40.8169538899548,797.801699999996 -3.59979908948897,40.8169470167062,798.130999999994 -3.59991811177253,40.8169289117093,798.442500000005 -3.60003696786776,40.8169009162934,798.824500000002 -3.60015498493653,40.816860012603,799.077699999994 -3.60026897845114,40.8168179354698,799.375 -3.60038699551992,40.8167760262325,799.927200000006 -3.60049696637866,40.816733949046,800.602199999994 -3.60060308166825,40.8166910335788,801.393500000006 -3.60071204641388,40.8166419158153,802.516399999993 -3.60080609104098,40.8165730164108,804.121599999999 -3.60089611301224,40.8165119964088,806.023400000005 -3.60101798565019,40.8164840008169,807.943700000003 -3.6011460611552,40.8164910413569,809.161999999997 -3.60127011310604,40.8165119964088,810.458700000003 -3.60139399797026,40.8165379803105,811.765199999994 -3.60170111040631,40.8165629580231,813.379499999995 -3.6017980053878,40.8165079730502,813.684500000003 -3.60193110966176,40.8165029435117,814.124299999996 -3.60205700585391,40.8165150135876,814.521900000007 -3.60219011102617,40.8165329507742,815.085900000005 -3.60232103598727,40.8165319452748,815.660399999993 -3.60245196184667,40.8165450208447,816.704500000007 -3.60258204867958,40.8165430091664,817.295599999998 -3.6027139797538,40.8165379803105,817.937699999995 -3.60284104914569,40.816535968632,818.672000000006 -3.60296996277882,40.8165339569534,819.339500000002 -3.60308798074593,40.8165450208447,820.242100000003 -3.60320901525572,40.8165389858097,820.896699999998 -3.60333105587866,40.8165109902292,821.279800000004 -3.60346097472661,40.8165099847295,822.034499999994 -3.60354797925683,40.8164489639897,822.821599999996 -3.6035880450168,40.8163599482293,823.269199999995 -3.60366096755662,40.8162779735919,823.255099999995 -3.60373808073726,40.8161959981734,823.089500000002 -3.60381100327707,40.8161188849772,822.977400000003 -3.60390806534522,40.8160649051427,823.474600000001 -3.60402507719918,40.8160109259441,823.969400000002 -3.60414711782208,40.8159779012423,824.665900000007 -3.60413102450378,40.8158820121708,823.379400000005 -3.60419707403337,40.8157970197314,823.941999999995 -3.60425105290046,40.8156989514493,824.225699999995 -3.60422406301777,40.8156018892155,824.137100000007 -3.60425608256774,40.8155029823757,824.329700000002 -3.60434208098484,40.815427880766,825.020799999998 -3.60439505463714,40.8153449001394,825.045199999993 -3.60443796985321,40.8152599076918,824.632899999997 -3.60457107412717,40.8152329177704,825.100699999995 -3.60468205020073,40.8152868969222,825.797699999996 -3.6048061030499,40.8153019844534,826.453399999999 -3.60492110267763,40.8153289743467,827.062600000005 -3.60503207875119,40.8153759127627,827.539900000003 -3.60506711484391,40.8154639229682,828.156499999997 -3.60508907595766,40.8155650088198,828.933600000004 -3.60514003828206,40.8156489953638,829.929199999999 -3.60521396603666,40.8157249356694,830.610499999995 -3.60528202689418,40.8158000369428,831.255999999994 -3.60535109386478,40.8158800004724,831.907200000001 -3.60542502251771,40.8159529233093,832.691200000001 -3.60551604970379,40.8160169610271,833.273300000001 -3.60559701935191,40.8160929009114,833.996299999999 -3.60568402298382,40.816157944679,834.691900000005 -3.6057770623961,40.8162239938869,835.339099999997 -3.60586909569527,40.8162860196569,835.863599999997 -3.60594000690718,40.8163599482293,837.090700000001 -3.60603505764739,40.816414933325,838.211899999995 -3.60611099762826,40.8164910413569,839.387499999997 -3.60621510069159,40.816535968632,840.932199999996 -3.60630512266282,40.8165990002885,842.753299999997 -3.60640604030018,40.8166739346893,844.593500000003 -3.60648399250724,40.8167440074077,846.197499999995 -3.60656797869811,40.8168108949645,847.837799999994 -3.60667912275665,40.8168590071085,849.420299999998 -3.60676595930191,40.816927906216,850.822100000005 -3.60687006236524,40.8169989848383,852.650699999998 -3.60696896867463,40.8170610105637,854.25 -3.60706402031318,40.8171159957581,855.785499999998 -3.60715705882713,40.8171848952784,857.915800000002 -3.60728211689112,40.8172209372059,860.409 -3.60739409907779,40.8172708934674,862.725000000006 -3.60749300538722,40.8173288963095,864.819600000003 -3.60761001724117,40.8173810320635,867.122700000007 -3.60772099331473,40.8174259587359,869.7307 -3.60782911993223,40.8174809443077,872.245999999999 -3.6079250088006,40.817536935318,875.504199999996 -3.60802911186394,40.8174779264929,876.546400000007 -3.60811511028103,40.8174090272769,876.998200000002 -3.60819708514396,40.8173299024767,877.403200000001 -3.60828811322834,40.8172620085952,877.663799999995 -3.60837997854255,40.8171969652303,877.999500000005 -3.60848609383212,40.8171369506126,878.327499999999 -3.60859304635154,40.8170769366204,878.593200000003 -3.6087100582055,40.8170299973683,879.210800000001 -3.60883511626946,40.8170080369879,879.479600000006 -3.60896201767639,40.817017928066,880.253700000001 -3.6090820469714,40.8170249685493,880.024399999995 -3.60920308148119,40.8170408939348,879.816999999995 -3.60933098900124,40.8170600050723,879.331999999995 -3.60945403573726,40.8170698954628,878.508000000002 -3.60956098915502,40.8171369506126,878.313800000004 -3.60965302245418,40.8172159084014,878.026400000002 -3.60975410807647,40.8172698879792,877.476500000004 -3.60985703794002,40.8173379490939,876.897899999996 -3.60996298524466,40.8173790204107,876.091 -3.61007396131822,40.8174249532501,875.907699999996 -3.61019901938218,40.8174380286439,875.577099999995 -3.61031703645096,40.8174529484448,875.387700000007 -3.6104410884018,40.8174479196579,874.891499999998 -3.61055407670159,40.8174118771738,874.781600000002 -3.61066203533413,40.817348007364,874.883300000001 -3.61069606621204,40.8172489331667,875.137799999997 -3.61070696277643,40.8171520384028,875.683600000004 -3.61070998021748,40.8170600050723,876.232399999994 -3.61068701388892,40.816958919459,876.801200000002 -3.6106660588883,40.816860012603,877.338799999998 -3.6106660588883,40.8167649616999,878.080000000002 -3.61067209377036,40.8166658879915,878.839900000006 -3.61072506742267,40.8165798896981,879.003200000006 -3.61084610193249,40.8165379803105,879.726699999999 -3.61097803300668,40.816519875202,880.109899999996 -3.61111499374814,40.8165059613708,880.379000000001 -3.61124508058109,40.8165140074081,880.739700000006 -3.61136410376298,40.8165079730502,880.685800000007 -3.61149201128299,40.8165119964088,880.796799999996 -3.611620086788,40.8165150135876,880.518599999996 -3.6117510126474,40.8165309390956,880.456399999995 -3.61187808203929,40.8165319452748,880.252099999998 -3.61200096079039,40.816486012497,880.142699999997 -3.61210908740786,40.816433038462,879.832500000004 -3.61222106959457,40.8163750355164,879.634699999995 -3.61231997590396,40.8163239065139,879.286900000006 -3.61242609119352,40.8162769674089,879.638800000001 -3.61252902105711,40.816212929942,878.968999999997 -3.61261703080211,40.8161369895153,878.247799999997 -3.61268609777275,40.8160489795228,877.971000000005 -3.61269012132691,40.8159529233093,877.189199999993 -3.61263312412044,40.815873965377,878.024799999999 -3.61255902838085,40.8157879674167,878.8851 -3.61243899908585,40.815743878581,879.738800000006 -3.61232601078606,40.8156999576411,880.417799999996 -3.61221604082558,40.8156629093747,880.867299999998 -3.61211596041812,40.8156129532621,881.5337 -3.61200397823141,40.8155629971119,882.190100000007 -3.61190909547615,40.81550801199,882.894100000005 -3.61182007961804,40.815443973781,883.522100000002 -3.61176609985262,40.8153630048886,884.016900000002 -3.61175503620157,40.8152619187291,884.978199999998 -3.6118100211818,40.815177932375,885.522500000006 -3.61189400737264,40.8151040038451,885.921499999997 -3.61199911654909,40.8150399659259,886.244600000005 -3.61208209752517,40.8149610089466,886.429199999999 -3.61214596774186,40.814884901199,886.532699999996 -3.61221000594351,40.8148039316243,886.710099999997 -3.61228309556999,40.8147219571038,885.760999999999 -3.61239407254188,40.8146849089711,885.614100000006 -3.61251410093855,40.8146289175932,885.628200000006 -3.61260898369381,40.8145630360852,886.143599999996 -3.61261703080211,40.8144659735492,886.035000000003 -3.61257595982735,40.8143689108712,885.563999999998 -3.61251410093855,40.8142778832924,884.923200000005 -3.61248996141025,40.8141870235178,884.237200000003 -3.61248996141025,40.8140909673278,883.834799999997 -3.61248711105583,40.8139989338299,883.623699999996 -3.61240496820794,40.8139219880493,882.857900000003 -3.61229097469333,40.8138680084668,881.686100000006 -3.6121759750656,40.8138390068989,881.414799999999 -3.61205711986867,40.8138319660775,881.289300000004 -3.61193507924576,40.8138249252553,881.372900000002 -3.61181203250971,40.8138120177593,881.420299999998 -3.61169300932782,40.8137779871016,881.532000000007 -3.61158102714114,40.8137318865264,881.731 -3.61146602751342,40.8136940002287,881.608699999997 -3.61135505143986,40.8136489058181,881.330100000006 -3.61127307657689,40.8135729658556,880.915099999998 -3.61126402425378,40.8134700358477,880.499400000001 -3.61130911878274,40.8133840374908,879.889500000005 -3.61136997155842,40.8133039064209,879.081600000005 -3.6114650222986,40.8132390305061,878.283200000005 -3.61156309047986,40.8131838775662,877.824699999997 -3.61165998546135,40.8131258751793,878.111699999994 -3.61173206897471,40.8130529519545,876.888900000005 -3.6118100211818,40.8129820411157,876.510500000004 -3.61190004315303,40.8129059338175,876.4421 -3.61191999204058,40.812814906271,874.644400000005 -3.6118510921566,40.8127268959509,874.511899999998 -3.61175302397534,40.8126749285515,875.712400000004 -3.61162897202449,40.812634024975,876.611499999999 -3.61150709938651,40.8126139083635,876.503299999997 -3.61137902388153,40.812591947881,877.024300000005 -3.61125295970443,40.812556911038,877.434699999998 -3.61114298884569,40.8125109782275,877.776100000003 -3.61103000144419,40.8124519696911,877.871199999994 -3.61093997947293,40.8123829027608,878.146900000007 -3.61084710804561,40.8123099800791,878.385399999999 -3.61077100007979,40.8122378963076,878.6204 -3.61070796888955,40.8121549150906,878.8943 -3.6106471161139,40.8120739462634,879.049199999994 -3.61057603691703,40.8119919710895,879.480299999996 -3.61053496594224,40.8118939026218,879.8698 -3.61048903328515,40.8117980137666,879.891799999998 -3.61047796873577,40.8117079923124,880.459300000002 -3.61047310795177,40.8116119352529,880.771699999998 -3.61053312170096,40.8115249316319,880.818599999999 -3.61060705035389,40.8114499968546,880.878500000006 -3.61068299033475,40.8113738891587,880.732699999993 -3.61081710072183,40.8113639985989,880.215200000006 -3.61095104402228,40.8113769072511,879.527700000006 -3.61106805497794,40.811399035392,879.504799999995 -3.61118204849255,40.8114260248333,879.057199999996 -3.61131498567985,40.8114499968546,878.505600000004 -3.61144306118486,40.81146290549,877.464099999997 -3.61155806081258,40.8115140348393,876.611799999999 -3.61164808278384,40.8115768992521,876.227400000003 -3.61176811118052,40.8115829340585,876.270199999999 -3.61188109948034,40.8115279490376,876.028300000005 -3.61196810401056,40.81146290549,876.464999999997 -3.61207706875618,40.8114199900126,879.707500000004 -3.61216105494705,40.81134991711,876.249100000001 -3.61224302980998,40.8112649249838,874.995500000005 -3.61222811058975,40.811170879804,874.815100000007 -3.61215300873704,40.8110929278813,875.442299999995 -3.61204605531932,40.8110439779896,875.560700000002 -3.61194312545577,40.8109960329652,875.755600000004 -3.61183298751037,40.8109370244413,876.027799999996 -3.61180096885869,40.8108409683054,877.147500000006 -3.61181504995076,40.8107380381385,878.065100000007 -3.61185310438283,40.8106369524113,877.491500000004 -3.6119290443637,40.8105630242606,876.940000000002 -3.61199308166702,40.8104818875922,876.5429 -3.61204404399142,40.810381975006,875.593399999998 -3.61208310363828,40.810295976726,874.986600000004 -3.61201806022181,40.8102069608689,874.630900000004 -3.61191110680409,40.8101580103235,874.762000000002 -3.61177498508908,40.8101479523231,874.892200000002 -3.61164003567551,40.8101358824487,875.144799999995 -3.6115570555978,40.8100609481424,875.546000000002 -3.61150609327339,40.8099719326499,875.945800000001 -3.61150005839133,40.809876881397,876.220499999996 -3.61151296628365,40.8097870273163,876.321899999995 -3.61157599837219,40.8097038791732,876.046300000002 -3.6116630029024,40.8096410150256,875.530799999993 -3.61176408852468,40.8095860297552,875.670400000003 -3.61185695995201,40.8095139450642,875.039199999999 -3.61194798713809,40.8094430345226,873.978499999997 -3.61206399287893,40.8093898930421,873.927500000005 -3.61214311828577,40.8093209935854,874.420100000003 -3.61218703871666,40.8092319777802,874.416700000002 -3.61215300873704,40.8091389387301,873.2454 -3.61210104119786,40.8090499226807,874.268800000005 -3.6119759831339,40.8090479114551,873.837100000004 -3.61184405205971,40.8090489170679,873.286399999997 -3.61171999921054,40.8090640046578,872.474400000006 -3.61159611524466,40.8090640046578,871.647599999997 -3.61149402350926,40.8090179042068,871.194199999998 -3.61144406729797,40.808928887995,870.525899999993 -3.61143099142072,40.8088380283744,869.758300000001 -3.61146803973965,40.8087500182186,869.536200000002 -3.61152101339195,40.8086650261618,869.336200000005 -3.61158404458219,40.8085859011319,868.925900000002 -3.61162511645528,40.8084988969428,867.558300000004 -3.61158203325426,40.8084080367335,866.3698 -3.6115260421609,40.8083238825985,865.895600000003 -3.61146904495447,40.8082340284547,865.679300000003 -3.61142696786656,40.8081419949917,865.505600000004 -3.61144004374384,40.8080409093892,865.141399999993 -3.61149704095028,40.8079609459307,865.1492 -3.61158404458219,40.8078809830557,864.475900000005 -3.61168211366175,40.8078249913755,863.863599999997 -3.61178101997118,40.8077579363331,863.384399999995 -3.6118370110645,40.8076749556328,863.104600000006 -3.61178101997118,40.8075929804636,863.086800000005 -3.61166602034342,40.8075509035726,862.789000000004 -3.61154699716156,40.8075400068073,862.440400000007 -3.61141707741528,40.8075289427743,862.289000000004 -3.61129604290545,40.8074979298827,862.629000000001 -3.61123301081692,40.8074179664498,862.371599999999 -3.61126804690964,40.8073289508116,861.822400000005 -3.61133895812152,40.8072560280151,861.472399999999 -3.61139411108672,40.8071720417259,860.993499999997 -3.61142797397967,40.8070779961848,861.074800000002 -3.61140299632318,40.8069819399021,860.819300000003 -3.61133510255235,40.806908011759,859.954599999997 -3.61130207778755,40.8068149721703,859.673200000005 -3.61130811266962,40.8067179098587,859.427299999996 -3.61132504411608,40.8066200090239,858.125199999995 -3.61134599911674,40.8065229471072,857.863700000002 -3.61136510987609,40.806422029027,857.432400000005 -3.61140199021006,40.8063289894369,857.255600000004 -3.6114380324159,40.806237962387,857.520199999999 -3.61147608594965,40.8061489465258,857.371599999999 -3.61151900116572,40.8060649595155,856.899000000005 -3.61158002192636,40.8059689031264,857.087100000004 -3.61163400079344,40.8058859222289,857.201000000001 -3.61168412498965,40.8057959002334,857.255799999999 -3.6117510126474,40.8057058787958,857.333400000003 -3.61181907350492,40.8056188749104,857.395199999999 -3.61187305327034,40.8055358935753,856.820600000006 -3.61193910279993,40.8054609595141,856.5573 -3.61201806022181,40.8053918927864,856.348800000007 -3.61209098276162,40.8053089118474,856.258100000006 -3.61216507850121,40.8052380008922,856.317299999995 -3.61223397748686,40.805161893551,856.207899999994 -3.61230405057061,40.8050849477218,856.1008 -3.61238904287459,40.8050199039783,855.9908 -3.61246699508169,40.8049429579845,856.020699999994 -3.61255299260046,40.804864000549,855.902199999997 -3.61264402068483,40.8047820253074,856.108999999997 -3.6127219719936,40.8047008883701,856.175600000002 -3.61279707384631,40.8046209256467,855.398700000005 -3.61287603126822,40.8045520259983,855.305699999997 -3.61294107468466,40.8044729008241,854.715800000005 -3.61301802077864,40.804404001702,854.130699999994 -3.61309312263134,40.804329905453,853.758700000006 -3.61315598673492,40.8042539657046,853.535600000003 -3.61323896771097,40.8041800372425,853.271599999993 -3.61326411335242,40.804090015653,853.070500000002 -3.6133160817899,40.8040050230677,852.967799999999 -3.6133859868887,40.8039180189925,852.8459 -3.61349008995203,40.8038640394312,852.898799999995 -3.61360508957976,40.8038920349083,852.726800000004 -3.61367398856541,40.803975015579,852.408800000005 -3.61366108067311,40.8040719105476,851.495599999995 -3.61360307825182,40.8041538859864,850.833799999993 -3.61358497270729,40.8042559770755,849.650399999999 -3.6135660299329,40.8043538779979,849.286699999997 -3.61360609569287,40.8044449055921,848.669299999994 -3.6136880705558,40.8045200073941,848.147400000002 -3.61380608762458,40.8044960349092,848.433300000004 -3.61389107992856,40.8044229444459,847.885800000004 -3.61397808445877,40.8043409700194,847.131200000003 -3.61405804709547,40.8042739148564,846.630000000005 -3.6141480690667,40.8042139001086,845.880499999999 -3.6142421136938,40.8041490241459,845.295800000007 -3.61434001478841,40.8040859922211,844.415800000002 -3.61443607164174,40.8040249722944,843.421199999997 -3.61453397183805,40.8039709928201,842.667799999996 -3.61462399380931,40.8039069550356,841.839200000002 -3.61471803843641,40.8038378880506,841.168099999995 -3.61481912405869,40.8037710003348,840.542499999996 -3.61493110624536,40.803717020654,840.036900000006 -3.61504610587309,40.8036648857223,839.486099999995 -3.61516596718314,40.8036259934214,839.408899999995 -3.61527509991375,40.803570002231,839.444199999998 -3.61537400622318,40.8035198785771,839.766499999998 -3.61545698719922,40.8034409208086,839.912800000006 -3.61555404926734,40.8033659871019,839.974100000007 -3.61564809479277,40.8033019487336,839.638900000005 -3.61577298487177,40.8032638953238,839.408899999995 -3.61589100194055,40.80322701487,838.896900000007 -3.6160160600045,40.803186949334,838.164199999999 -3.61614296230974,40.8031509072626,838.115999999995 -3.61625410636825,40.8031049740609,838.062900000004 -3.61637111732391,40.8030679262416,837.641199999998 -3.61649399607501,40.8030979334604,837.988200000007 -3.61659709392352,40.8031509072626,838.445000000007 -3.61669197667878,40.8032219856847,839.130999999994 -3.61677210819877,40.803291891054,838.455900000001 -3.61682709317897,40.8033809066674,837.570000000007 -3.61687000839504,40.8034739456307,836.698300000004 -3.61695701292526,40.8035450243868,835.182400000005 -3.61707402388092,40.8035760370857,833.122499999998 -3.61720109327281,40.8035798932726,831.065100000007 -3.61732598425011,40.8035778812012,829.460099999997 -3.61745808241095,40.8035730199984,828.077099999995 -3.61757710559284,40.8035798932726,827.780700000003 -3.61762806791724,40.8036658914166,831.719500000007 -3.61768405901056,40.8037619477392,835.192999999999 -3.61774105621703,40.8038509634022,834.586599999995 -3.6178000647514,40.8039440030665,834.546700000006 -3.61802201689855,40.8036469484567,830.134600000005 -3.61814808107563,40.8036249877264,826.891399999993 -3.61826509203129,40.8036050383796,825.492400000003 -3.61831907179671,40.803686008021,825.994999999995 -3.61838310999836,40.8037710003348,826.730100000001 -3.61841311642381,40.8038610216771,828.422600000005 -3.61848302152257,40.8039440030665,829.095600000001 -3.61855007716527,40.8040229602365,829.229300000006 -3.61861696482302,40.8041009123048,829.551800000001 -3.61869005444949,40.8041838927143,829.474100000007 -3.6187710240976,40.8042589948117,829.436499999996 -3.61885299896057,40.8043268884,829.059200000003 -3.61893212436741,40.8044029960188,828.791599999997 -3.61903404811785,40.804471895142,828.536699999997 -3.61914603030455,40.804525036481,827.738800000006 -3.61925197760916,40.8045848829941,827.296300000002 -3.61935608067249,40.8046380242427,826.500400000004 -3.61944308520271,40.8046998826914,826.205100000006 -3.61953310627564,40.8047709614945,825.422000000006 -3.61959798260545,40.8048619891966,824.897400000002 -3.61964408324753,40.8049459756895,824.1924 -3.6196950446736,40.805038008825,823.583400000003 -3.6197480183259,40.8051199837505,823.786900000006 -3.61982211496379,40.8051908948318,825.101699999999 -3.61991297416488,40.8052539263872,823.156400000007 -3.61999310568487,40.8053250052769,822.016799999998 -3.6200589872295,40.8054089918637,821.589399999997 -3.62012503675905,40.8054919726776,821.218599999993 -3.62019896541201,40.8055739477223,821.244000000006 -3.62028697515701,40.8056420085961,820.750199999995 -3.62042108554409,40.8056249095788,820.628800000006 -3.62055100529037,40.805601943158,820.215299999996 -3.62067807468226,40.8055618776958,820.579400000002 -3.62078603331481,40.8055159448027,820.987200000003 -3.62088510760915,40.8054420163865,821.425399999993 -3.62093405770732,40.8053479717934,821.739499999996 -3.620949983939,40.8052458803442,821.953200000004 -3.62096808858523,40.805144961682,822.063999999998 -3.62097110602625,40.805050916668,822.251600000003 -3.62097999036441,40.8049608955797,822.390700000004 -3.62099608368275,40.8048690296099,822.595100000006 -3.6210190509096,40.8047669381039,823.055500000002 -3.62104503467921,40.8046769166305,823.384699999995 -3.62105106956128,40.8045739864218,823.129499999995 -3.62102005612442,40.8044759185504,822.724700000006 -3.62100798636025,40.8043820412223,824.1486 -3.6209660772573,40.8042950369613,825.293900000004 -3.62090203905565,40.8042169178467,823.355599999995 -3.62082509296167,40.8041329311112,822.866099999999 -3.62073808932978,40.8040678871147,821.794399999999 -3.62065410224059,40.8040030116892,821.857699999993 -3.62056307505454,40.8039309270532,822.083700000003 -3.62045897199121,40.8038799652559,821.799100000004 -3.62034011589598,40.8038358759871,822.242199999993 -3.62023701894576,40.8037879318743,822.765700000004 -3.62015102052866,40.8037248996066,823.138000000006 -3.62005697590156,40.803658012457,823.488599999997 -3.61997198269929,40.8035919629795,823.573600000003 -3.61988011738504,40.8035299369021,823.808099999995 -3.61979311375316,40.8034648929946,823.854800000001 -3.61970895867904,40.803395994186,824.380399999995 -3.61961306981067,40.8033198860924,823.912599999996 -3.61954601506626,40.8032419344668,823.505000000005 -3.61945901053605,40.8031720297249,823.718599999993 -3.61936496590895,40.8031120153406,823.682000000001 -3.61928299104602,40.8030399310969,823.290200000003 -3.61921107372103,40.8029639905525,823.581999999995 -3.61911099421183,40.8028979410643,822.925600000002 -3.61903103067683,40.8028169718215,823.933799999999 -3.61893296249556,40.8027619870166,823.573799999998 -3.61884009106824,40.8027059957773,822.952799999999 -3.61877001798449,40.8026149685181,824.046600000001 -3.61873397577868,40.802516899792,824.253400000001 -3.61871704433218,40.8024109524933,824.406700000007 -3.61868100212637,40.8023118784309,824.356599999999 -3.6186320520282,40.8022278920046,823.6823 -3.61861696482302,40.8021289856285,823.8606 -3.61855611204737,40.8020409754151,823.121400000004 -3.61843206009653,40.8019988984038,823.071899999995 -3.61831605435566,40.801956988646,823.305600000007 -3.61820105472793,40.8019179294242,822.747300000003 -3.61810801531565,40.8018518795751,822.928899999999 -3.61802503433961,40.8017839861749,822.900699999998 -3.6179640144773,40.8016979883124,823.034700000004 -3.61785504973164,40.8016579225334,823.234400000001 -3.61775496932415,40.8016029374484,822.981 -3.61765505779994,40.8015439287318,822.910699999993 -3.61758498471622,40.8014599420139,823.410000000003 -3.61759403703933,40.8013699201349,824.2402 -3.61762907313203,40.8012798988139,824.792300000001 -3.61768908777955,40.8011928945664,825.085999999996 -3.61777508619661,40.8011300305164,825.640299999999 -3.6178780160602,40.8010829242603,826.9228 -3.61796703191832,40.8010049720475,827.5098 -3.6180580591044,40.8009359054427,828.822400000005 -3.61814707496251,40.8008569480003,829.147500000006 -3.61822402105649,40.8007868755035,830.482099999994 -3.61830800814565,40.8007159644768,831.343900000007 -3.61837003412111,40.8006360010325,829.359500000006 -3.6183970231055,40.8005389385242,829.107000000004 -3.61834606167943,40.8004489167562,829.382700000002 -3.61822804461066,40.8003979550054,829.751399999994 -3.61809711875126,40.8004029837246,828.870800000004 -3.61799402180104,40.8004479110131,829.911099999998 -3.61792109926123,40.8005329033934,828.390899999999 -3.61781599008478,40.8005850387452,829.031700000007 -3.61768808256473,40.8005969410333,831.141099999993 -3.61757107071077,40.8006249365285,831.744099999996 -3.61745204752888,40.800638012513,831.911900000006 -3.61732900169116,40.8006390182533,832.093500000003 -3.61719707061694,40.8006279544297,832.697 -3.61707502999403,40.8005899001668,833.3174 -3.61695902425319,40.8005568759497,833.896599999993 -3.61684201329753,40.8005059136017,834.6878 -3.61675098521315,40.800441875874,835.402700000006 -3.61668711499646,40.8003588955461,835.930600000007 -3.61665409023166,40.800259988425,836.592799999999 -3.61662609513415,40.8001639324744,837.289399999994 -3.61668007489957,40.8000799453703,838.777700000006 -3.61679004486005,40.800122022918,840.859599999996 -3.61688006683128,40.8001949453931,841.509600000005 -3.61699607257212,40.800231993456,842.592799999999 -3.61712699753322,40.8002408778886,843.764200000005 -3.61726211403341,40.8002408778886,844.999800000005 -3.61738801022553,40.8002269640438,846.506699999998 -3.61750502118119,40.8002090265291,847.863200000007 -3.61762907313203,40.8001800251114,849.362800000003 -3.61773300910873,40.800133924609,850.827600000004 -3.6178250424079,40.8000698872024,853.095199999996 -3.61790601205601,40.7999919351599,855.898499999996 -3.61798312523665,40.7999170009594,857.810500000007 -3.61804699545335,40.7998279854605,859.350699999995 -3.6178780160602,40.7997180149332,860.154299999995 -3.6178920980506,40.7996169294198,860.308199999999 -3.61792696615834,40.7995180225532,860.488100000002 -3.61804196578606,40.7994789632562,860.841199999995 -3.61815897764002,40.7994399032562,860.947499999995 -3.61828001214985,40.7994068784669,860.9853 -3.61838512132629,40.7993649691126,860.860499999995 -3.61850297041011,40.7993430083256,861.044800000003 -3.61862098837718,40.7993269154856,861.156600000002 -3.61874101677386,40.7993460262852,861.687900000004 -3.6188650687247,40.7993569223558,861.985499999995 -3.61898995970203,40.7993339558061,862.356299999999 -3.61910495932976,40.7992989194431,862.483900000007 -3.61922800516749,40.7992759535534,862.846600000004 -3.61933696991314,40.7992119153191,862.938399999999 -3.61941508920686,40.7991389931241,863.090500000006 -3.6195150016294,40.7990819957848,863.222099999999 -3.61959798260545,40.7990010266471,863.354200000002 -3.61970007434088,40.798949897177,863.7742 -3.61980803297339,40.7989029587017,864.379400000005 -3.6199010723857,40.7988429445375,864.804799999998 -3.62002411822343,40.7988058963793,865.471300000005 -3.6201469969745,40.7987690154885,866.113800000006 -3.62024506515576,40.7987049781252,866.324500000002 -3.62033307579909,40.7986369169379,866.576499999996 -3.62035704734244,40.7985468953105,866.626399999994 -3.62039107822035,40.7984530177566,866.880099999995 -3.62040499222579,40.7983599792356,867.284 -3.62041605677514,40.7982598987905,867.775099999999 -3.62042996988225,40.7981609926221,868.266000000003 -3.62044606320058,40.798060912557,868.535799999998 -3.62045796587809,40.7979620060921,868.862800000003 -3.62047506530951,40.7978689668829,868.973199999993 -3.62052200318145,40.7977849802753,868.885200000004 -3.62060297282956,40.7976989819919,868.734700000001 -3.62065209091269,40.7976160009553,868.469700000001 -3.62073607710352,40.7975419052889,868.372300000003 -3.62082609907478,40.7974760231369,868.340400000001 -3.62094009258939,40.7974238880634,868.497799999997 -3.62105207477607,40.7973920367122,868.896099999998 -3.62117998319445,40.7973668912916,869.463199999998 -3.62130001159112,40.7973529768443,870.186600000001 -3.6214240644403,40.7973199523769,870.323499999999 -3.62142205221406,40.7972289252118,869.665500000003 -3.62148407818949,40.7971459442676,869.489400000006 -3.62151609773946,40.7970559226585,869.493799999997 -3.62155197196035,40.7969618777435,869.220700000005 -3.6216570811368,40.7969179566124,869.337499999994 -3.62174106732763,40.7969819943395,870.016600000003 -3.62183712418096,40.7969260029848,869.163799999995 -3.62186310795057,40.79682994629,867.270300000004 -3.62184802074535,40.7967250052342,865.937999999995 -3.62182505441682,40.7966319656514,865.084300000002 -3.62180996721161,40.7965338976063,863.891900000002 -3.62185506174057,40.796448904866,863.076000000001 -3.62192798428038,40.7963729649415,862.656300000002 -3.62202705857476,40.7963129505302,862.405599999998 -3.62212210931498,40.7962569592913,862.153900000005 -3.6222230269523,40.7962070035298,861.957200000004 -3.62231204281045,40.7961449773518,861.744699999996 -3.62241011099168,40.7960930092078,861.134000000005 -3.62250700597317,40.7960370184635,860.674599999998 -3.62261697683194,40.7959879003721,860.292600000001 -3.62273801134173,40.7959419676539,859.8226 -3.62285200485634,40.7959129664121,859.812099999996 -3.62297706292033,40.7958640155243,859.105200000005 -3.62309507998908,40.7958199270513,858.587400000004 -3.6232100796168,40.7957838850601,858.245299999995 -3.62334804647142,40.7957889141288,858.193899999998 -3.62346706875498,40.7957889141288,858.021800000002 -3.62359195973231,40.7957568953776,857.869300000006 -3.62372003523732,40.795771982589,858.031199999998 -3.62383704619294,40.7957548837492,857.777700000006 -3.62394701705172,40.7957009036697,857.675700000007 -3.62405296435632,40.7956439067787,857.647299999997 -3.62414499765549,40.7955808749379,857.579899999997 -3.62420601751779,40.7954900154048,857.382899999997 -3.62429402726282,40.7954229601409,857.434899999993 -3.62438002567992,40.7953528873484,857.444600000003 -3.6244730650922,40.7952870057442,857.515100000004 -3.62457398362786,40.7952219619199,857.683999999994 -3.62468797714247,40.7951669769441,857.857199999999 -3.62479710987308,40.7951099795948,857.546900000001 -3.62490305717769,40.7950570061759,857.506299999994 -3.62502207946125,40.7950129171671,858.156900000002 -3.62513506776107,40.794972013585,857.746899999998 -3.62525207961503,40.7949450242526,857.972200000004 -3.6253700966838,40.7948890325401,857.366099999999 -3.62550202775799,40.7948908768969,857.996400000004 -3.62562406838093,40.7948638868514,858.320399999997 -3.62575599945511,40.7948338799906,857.204899999997 -3.625875022637,40.794806889922,857.074399999998 -3.62600008070096,40.7947788946934,856.393700000001 -3.62611709165662,40.7947450317743,856.2978 -3.62622505028913,40.7947059723892,856.206900000005 -3.62633904470207,40.7946550103098,856.275599999994 -3.62644197456562,40.7946068977076,856.480500000005 -3.62654607762896,40.79454688374,856.832999999999 -3.62664012225605,40.7944878748715,857.169399999999 -3.62674606956066,40.7944369133048,857.785799999998 -3.62683307409087,40.7943680139661,858.163799999995 -3.6269339917282,40.7942959290675,858.323000000004 -3.62703507735052,40.7942339031442,858.841499999995 -3.6271281167628,40.7941759005158,859.496499999994 -3.62722098819012,40.7941039840687,858.855500000005 -3.62732408603867,40.7940489981669,858.455000000002 -3.62744210310744,40.7940099390524,858.057799999995 -3.62756012017618,40.793975908441,858.215400000001 -3.6276670735939,40.7939229347973,857.667000000001 -3.62774904845687,40.7938558793108,856.994900000005 -3.62782398232458,40.7937739047553,856.313899999994 -3.62791199206962,40.7937029937179,856.064299999998 -3.62799799048671,40.7936309094575,855.553799999994 -3.62808097146276,40.7935549690298,855.355100000001 -3.62815506720235,40.7934838904572,854.871299999999 -3.62823000196839,40.7934049329921,854.232499999998 -3.62831700560031,40.793328992986,853.965400000001 -3.6283911022382,40.7932548972953,853.316999999995 -3.62846502999283,40.7931729219978,852.573099999994 -3.62855505196406,40.7930939641628,852.132800000007 -3.62863400938597,40.7930109834909,851.481299999999 -3.62871296680785,40.7929388991592,850.990699999995 -3.62880097745118,40.7928689944482,850.164600000004 -3.62890306828828,40.7928029451163,849.422200000001 -3.62901203303394,40.7927419243383,848.609599999996 -3.62910708377415,40.7926839217666,847.564299999998 -3.62921604851981,40.7926349712183,846.541599999997 -3.62933205426065,40.7925809920026,845.375599999999 -3.62943297279627,40.7925300303324,844.343500000003 -3.62953305230547,40.7924639806634,842.995999999999 -3.62962508560464,40.7923880402612,841.411600000007 -3.62971896314508,40.7923149500669,840.099000000002 -3.62980211120778,40.7922380043068,838.5579 -3.62991912306174,40.7921878809369,837.799199999994 -3.63004300702762,40.7921449652368,837.331200000001 -3.63015398399951,40.7921000384498,836.941999999995 -3.63025607573495,40.7920509201661,836.560500000007 -3.6303529698181,40.7919979470268,836.044800000003 -3.63045807899455,40.7919510083966,835.794299999994 -3.63056804985332,40.79190088413,835.579599999997 -3.63065907703937,40.791824944444,835.633199999997 -3.6307640191292,40.7917780056915,835.401400000002 -3.63088103008482,40.7917349224206,835.290599999993 -3.63099401838464,40.7916859725329,835.141300000003 -3.63110801189925,40.7916350101757,834.992800000007 -3.63121999408593,40.7915749962421,834.834199999998 -3.63132895883158,40.7915319128395,834.807100000005 -3.63141696857658,40.7914640197659,834.7454 -3.63147597800928,40.7913770155751,834.474600000001 -3.63145602822348,40.7912809590128,834.036500000002 -3.63145401689554,40.7911808787776,833.820399999997 -3.63141898080285,40.7910859958041,833.672699999996 -3.63138796736596,40.7909879277281,833.194300000003 -3.63136902459156,40.7908969000423,832.780599999998 -3.631346058263,40.7907979937859,832.680800000002 -3.63134203470887,40.7907019370662,833.350300000006 -3.63132208582136,40.7906020246271,833.335399999996 -3.63136097748326,40.7905130088797,833.000499999995 -3.63139903191531,40.7904179583229,833.063500000004 -3.63138210046885,40.7903269305358,833.232099999994 -3.63135796004221,40.7902280241105,833.1489 -3.63132812070343,40.7901309613469,833.230200000005 -3.63127011828217,40.7900469751519,832.8609 -3.63124597785554,40.7899479009993,832.338300000003 -3.63125503107695,40.7898469828822,832.790500000003 -3.63125201273761,40.7897509261469,832.694799999997 -3.63124597785554,40.7896439729698,833.016099999993 -3.63121110974777,40.7895539513902,833.275899999993 -3.63116299777779,40.78946091264,833.074600000007 -3.63109309267899,40.7893779315083,832.914399999994 -3.63099703582566,40.7893029975693,832.480899999995 -3.63096803461503,40.789208952554,832.398700000005 -3.63092109584483,40.7891209422141,832.339500000002 -3.63086711607938,40.7890268976212,832.304399999994 -3.6308250389915,40.7889408988749,832.409499999994 -3.63072412045585,40.7888780347847,832.315799999997 -3.63066310059354,40.7887938803719,832.384999999995 -3.630600068505,40.7887149227705,832.042000000001 -3.6305221171962,40.7886389828414,831.942599999995 -3.6304470153435,40.7885600250558,831.684999999998 -3.6303670518085,40.7884899525015,831.774900000004 -3.6303529698181,40.7883890348891,831.448600000003 -3.6303590055985,40.7882919721579,831.3226 -3.63034509159306,40.7882029560343,831.426099999997 -3.63035498204434,40.7881000268055,830.959300000002 -3.63039907046018,40.7880140282192,831.455300000001 -3.63043209522497,40.7879149544341,831.451199999996 -3.63046998167206,40.7878239266166,831.626000000004 -3.63049998899584,40.7877308874828,831.469700000001 -3.63060208073123,40.7876168935708,830.759900000005 -3.63067902592688,40.7875469886979,831.243100000007 -3.63075211645165,40.7874670250344,831.457399999999 -3.63084297655108,40.7874029876517,831.850999999995 -3.63089712340316,40.7873089426662,831.905400000003 -3.63097406949713,40.7872340084328,832.060700000002 -3.63104497981072,40.787145998196,832.1057 -3.63113399566883,40.787085983606,832.183600000004 -3.63120608008049,40.7870090379078,831.979500000001 -3.63130196894886,40.786953884934,832.120299999995 -3.63139903191531,40.786894876799,831.7117 -3.63149810620969,40.7868269830651,831.597500000003 -3.63160606484223,40.7867770270098,831.557100000005 -3.63168602837722,40.7867069539343,831.373000000007 -3.63177906689121,40.7866340316067,831.320900000006 -3.63186305398037,40.7865699941009,831.264599999995 -3.6319591108337,40.7864948923949,831.266199999998 -3.63202197493731,40.786405876583,831.391300000003 -3.63209707678998,40.7863259129058,831.494900000005 -3.63218206909397,40.786240920701,831.512000000002 -3.632262032629,40.7861629687443,831.605899999995 -3.63233696649674,40.7860830054548,831.4948 -3.63241910934463,40.7860159502126,831.470799999996 -3.63250996944405,40.7859458776944,831.584600000002 -3.63260401407112,40.7858789896342,831.5481 -3.63268498371927,40.785802881862,831.562900000004 -3.63276796379701,40.785731971154,831.411399999997 -3.63285312408595,40.7856588811149,831.4764 -3.632936105062,40.7855829410918,831.6731 -3.63302998260244,40.785512030149,831.749299999996 -3.63310307222891,40.7854409518088,831.796199999997 -3.63318605320496,40.7853629995932,831.677299999996 -3.63325009140661,40.7852729783317,831.618300000002 -3.63335201515709,40.7852240277614,831.697899999999 -3.63344304234313,40.7851509378434,831.808999999994 -3.63354312275063,40.785085894292,831.608900000007 -3.63364605261419,40.7850159887953,831.434699999998 -3.6337411033544,40.7849469218802,831.316699999996 -3.63383397478173,40.7848780228965,831.236300000004 -3.63392600808092,40.7848009093573,831.197100000005 -3.63401804138009,40.784726980996,831.254799999995 -3.63410303368407,40.7846579144605,830.984599999996 -3.6341990905374,40.7845880091936,830.886199999994 -3.63429497940577,40.7845239710752,830.853900000002 -3.63438701270494,40.7844528930379,830.774999999994 -3.63448005211722,40.7843779583026,830.673800000004 -3.63456705574913,40.7843149266495,830.637700000007 -3.63467199694063,40.784250888948,830.576300000001 -3.63477107123497,40.7841840012213,830.473499999993 -3.63486310453417,40.7841239866752,830.437399999995 -3.63495698207461,40.7840619607724,830.464399999997 -3.63505605636899,40.7839959115225,830.374899999995 -3.63515412455022,40.7839320415191,830.323600000003 -3.63525504218758,40.7838730327396,830.327900000004 -3.63536601915944,40.7838140239077,830.2166 -3.63547096035093,40.7837509923995,830.087299999999 -3.63557808085531,40.7836849428403,829.996199999994 -3.63567195839575,40.7836249285236,829.818499999994 -3.6357690204639,40.7835550235297,829.708100000003 -3.63586608343034,40.7834889737757,829.661900000006 -3.63595509928849,40.7834229246361,829.607300000003 -3.636055011711,40.7833739740626,829.515899999999 -3.63616900522561,40.7833469847771,829.390400000004 -3.63628299874022,40.7833099368142,829.343399999998 -3.63640805680418,40.7832728888307,829.372199999998 -3.63653596522256,40.7832380194812,829.319699999993 -3.636641074399,40.7831939307866,829.396599999993 -3.63675506791361,40.7831619120834,829.526599999997 -3.63687710853652,40.7831220140082,829.681500000006 -3.63699898117451,40.7830819485814,829.809299999994 -3.63711599302846,40.7830449004707,829.854300000006 -3.63722411874763,40.7830070143399,829.827600000004 -3.63734096261663,40.7829739895387,829.834400000007 -3.6374650154658,40.7829369420479,829.858500000002 -3.63759510229871,40.7828930204816,829.876399999994 -3.63771798104981,40.7828529549167,829.905799999993 -3.63783197456442,40.7827989759114,829.984500000006 -3.6379250139767,40.7827419788281,830.219599999997 -3.63803397872236,40.7827029191841,830.421300000002 -3.63815400711903,40.782684981696,830.607300000003 -3.63828811750614,40.7826589981432,830.6967 -3.638399094478,40.7826179264239,830.8655 -3.63851007055159,40.7825719939792,831.081600000005 -3.63862708240555,40.7825299168716,830.730200000005 -3.63874509947432,40.7824709082068,830.7647 -3.63884702322476,40.7824219576119,830.848800000007 -3.63896403418042,40.782372001644,830.988400000002 -3.63907903470644,40.7823279130548,831.160399999993 -3.63919403433417,40.7822759449795,831.520099999994 -3.63931406273088,40.7822219655052,832.006999999998 -3.63942503970277,40.7821740207467,832.536900000006 -3.63952796866799,40.7821218859011,832.965700000001 -3.63963609528549,40.7820759524331,833.234500000006 -3.63975109491322,40.7820219734765,833.811600000001 -3.63985301956199,40.7819720172079,834.143700000001 -3.63996399563554,40.7819130087276,834.191600000006 -3.6400729603812,40.7818560115643,834.247700000007 -3.64017102856247,40.7818020324289,834.291599999997 -3.64027999330812,40.7817509026375,834.439599999998 -3.64037906760247,40.7816989347909,834.625499999995 -3.64047596258396,40.781636908664,834.540999999997 -3.64057302465211,40.7815809172927,834.478600000002 -3.64067310505961,40.7815239205246,834.494099999996 -3.64077301658382,40.7814659176769,834.641300000003 -3.64087896388842,40.7814139502876,834.942899999995 -3.64099295830133,40.7813468950927,834.645300000004 -3.64110209013365,40.7812850366494,834.662700000001 -3.64119999122825,40.7812270335931,834.143700000001 -3.64131197341493,40.7811950146219,833.9277 -3.64143703147888,40.7812109404432,833.564899999998 -3.64145111257099,40.7811158894959,831.308600000004 -3.64135002694867,40.7810510134069,832.356100000005 -3.64125397099367,40.7809879819974,832.511799999993 -3.64114299402178,40.7809428871311,832.229099999997 -3.64103302316301,40.7808810283115,832.235499999995 -3.64091400087945,40.780831910572,831.752399999998 -3.64082012333898,40.7807579825543,830.753200000006 -3.64073596916319,40.7806770128364,830.440100000007 -3.64064611517688,40.780603922676,830.177100000001 -3.64060906685792,40.7805108836306,829.971999999994 -3.64054201211355,40.7804329317506,829.884600000005 -3.64047009478852,40.7803559865068,829.738200000007 -3.64038711381247,40.7802740109304,829.410499999998 -3.640314024186,40.7801938800178,829.035399999993 -3.64025803309268,40.7801088874481,828.522700000001 -3.64034704895079,40.7800399882071,829.119099999996 -3.64043707002376,40.7799779625717,830.017099999997 -3.64054804699562,40.7799439315711,830.526400000002 -3.64067897195672,40.7799368912352,831.135800000004 -3.64080805357484,40.7799199597345,831.795599999998 -3.64093411685359,40.7799119126616,832.399300000005 -3.64105699560469,40.7799099012333,832.905899999998 -3.64118104845386,40.779895987209,833.232300000003 -3.64130107685053,40.7798740267844,833.380399999995 -3.6412829722043,40.7797799820209,833.154299999995 -3.6413790281593,40.7798369789251,833.377299999993 -3.64150308100847,40.7798609507916,833.483900000007 -3.64162696497436,40.7798939757802,833.581000000006 -3.64175202303831,40.7798939757802,833.440900000001 -3.64188496022565,40.7798869347588,833.226800000004 -3.64200700084856,40.7798768769329,833.077300000004 -3.64214211734878,40.779872015355,833.197799999994 -3.6422760597509,40.7798879408134,833.583599999998 -3.64241000305131,40.7798879408134,833.576300000001 -3.64253506021698,40.7798669857609,833.336899999995 -3.64267503839949,40.7798609507916,832.853400000007 -3.64279707902243,40.7798619568466,832.315000000002 -3.64291811353223,40.7798559218769,831.680099999998 -3.64304099228329,40.7798599454169,831.2163 -3.64317107911624,40.7798549158218,830.769199999995 -3.64329010229813,40.7798579333068,830.580499999996 -3.64341096972129,40.7798609507916,830.435899999997 -3.6435390452263,40.7798740267844,830.545700000002 -3.64366611461816,40.7798869347588,830.6878 -3.64379905180549,40.779872015355,830.714200000002 -3.64392612119739,40.7798710093002,830.823300000004 -3.6440520173895,40.7798849233298,831.015899999999 -3.64417405801241,40.7798788883622,831.038700000005 -3.64429509252223,40.779888946868,831.154999999999 -3.64442903582265,40.7798869347588,831.193400000004 -3.6445629782248,40.7798919643514,831.263900000005 -3.64469004761666,40.779895987209,831.267900000006 -3.64481611179377,40.7799340410894,831.530799999993 -3.64491803554421,40.7799809800511,831.829299999998 -3.64502398284882,40.7800339532536,832.112699999998 -3.6451230571432,40.7800839096194,832.452999999994 -3.64523705065781,40.7801388948414,832.990900000004 -3.64533897530654,40.7801968974874,833.529800000004 -3.6454559862622,40.7802429982292,834.015799999994 -3.6455830556541,40.780278034445,834.193400000004 -3.64569202039975,40.7803269845794,834.437000000005 -3.64578807725308,40.7803999077101,834.8076 -3.64589603588559,40.780450031135,834.913700000005 -3.64602897307293,40.7804518752127,835.137499999997 -3.64613307613626,40.780394878156,835.476299999995 -3.646199963794,40.7803179321879,835.382800000007 -3.64624505832293,40.7802218759539,835.188599999994 -3.64628897965212,40.78013688342,834.953399999999 -3.64637112250004,40.7800589317813,834.766199999998 -3.64648897158382,40.7800238954499,834.954700000002 -3.64662308286923,40.7800249008222,835.634000000005 -3.64674311126591,40.7800249008222,836.283599999995 -3.64687504234012,40.7800420003117,837.118199999997 -3.64700010040408,40.7800589317813,837.173899999994 -3.64711912358597,40.7800669781561,836.564599999998 -3.64724200233704,40.7800899445684,836.194099999993 -3.64736504817477,40.7800959795169,835.910600000003 -3.64750100280315,40.7801098934993,836.001499999998 -3.64763310186229,40.7801350393335,836.158800000005 -3.64775497450027,40.7801439237347,835.683999999994 -3.64788103867735,40.7801519707795,835.082800000004 -3.64800408451507,40.7801630346142,834.290099999998 -3.64812310769697,40.7801779546328,833.296400000007 -3.64824112476574,40.7801989095872,832.4476 -3.64837104451199,40.780212990883,832.916700000002 -3.648491073807,40.7802190258202,833.876199999999 -3.64861998744016,40.7802279108904,834.826499999996 -3.64874605071894,40.7802470217457,835.714300000007 -3.64886205645978,40.7802669706294,836.464300000007 -3.64898812063686,40.7802740109304,837.164799999999 -3.64911200460274,40.7802889309241,837.728099999993 -3.64923404522568,40.7803070357136,838.338399999993 -3.64936111461757,40.7803360369696,839.067800000004 -3.64949204047697,40.7803239671157,839.261499999993 -3.64961709854093,40.780278034445,839.474900000001 -3.64973209816866,40.7802228813232,839.538799999995 -3.64983905068805,40.7801779546328,839.139599999995 -3.64996410875204,40.780133027912,838.464500000002 -3.65007307349766,40.7800889385169,838.010299999994 -3.65019796447499,40.7800409942594,837.821200000006 -3.65031111986144,40.7799918765789,837.968999999997 -3.65043399861251,40.7799509725865,838.442999999999 -3.65053910778896,40.7799010168009,838.068400000004 -3.65064002542632,40.7798410017859,837.728499999997 -3.65077396872673,40.7798539104469,837.241599999994 -3.65089097968239,40.779881905846,836.631899999993 -3.65102609618258,40.7799088951791,835.6486 -3.65114511936447,40.7799300175539,835.181400000001 -3.65127906176659,40.7799409140901,834.636599999998 -3.6513990910616,40.7799799739979,834.116099999999 -3.6515219698127,40.7799900324885,833.750599999999 -3.65164199820938,40.7799529840135,833.184899999993 -3.65173503762166,40.779881905846,832.316000000006 -3.65179605748396,40.7797938960696,831.815499999997 -3.65186210701355,40.7797169500856,831.440900000001 -3.65195900199504,40.7796609591365,831.246899999998 -3.65208003650486,40.7796289400906,831.277400000006 -3.65220207712777,40.7795928974733,831.255600000004 -3.65232009419655,40.7795840129985,831.113100000002 -3.6524419668345,40.7795928974733,830.933399999994 -3.65257406589367,40.7795979270882,830.516900000002 -3.65268705419346,40.7796289400906,830.212700000004 -3.65279099017017,40.7796829196315,830.040599999993 -3.65286609202287,40.7797669060096,830.158100000001 -3.65296298610603,40.7798208854384,830.0288 -3.6530610542873,40.779881905846,829.882100000003 -3.65315912246853,40.7799509725865,830.205100000006 -3.65328501866068,40.7799910378613,830.228600000002 -3.65340907150982,40.7800150103525,830.158899999995 -3.65354100258404,40.7800190338828,829.958799999993 -3.65367008330383,40.7800460231601,830.029399999999 -3.65379111871195,40.7800720070549,830.054000000004 -3.65390511222656,40.7801139170239,830.049700000003 -3.65402011185428,40.7801388948414,830.104500000001 -3.65415003160057,40.7801519707795,830.237899999993 -3.65428112454663,40.7801630346142,830.25 -3.65440601462563,40.7801809721031,830.250199999995 -3.65452906136165,40.7801958921177,830.337899999999 -3.65465009587148,40.7802248934222,830.659499999994 -3.65477800339149,40.7802309283584,830.676099999997 -3.65490004401443,40.7802389747124,830.625899999999 -3.65502996376072,40.7802470217457,830.292300000001 -3.65514999215739,40.7802679759981,829.952399999995 -3.65526398657033,40.7803108918916,829.921300000002 -3.65537596875701,40.7803549804593,829.932100000005 -3.65549197449785,40.7803989016633,829.630900000004 -3.65559104789393,40.7804669625006,829.718800000002 -3.65572197375333,40.7804899287746,829.088499999998 -3.65582607681663,40.7805429029316,829.230100000001 -3.65593001279334,40.780603922676,830.2212 -3.65603696531276,40.7806520352213,831.832299999995 -3.65615900593567,40.7806989736756,832.793900000004 -3.65626210378418,40.7807459120968,834.016099999993 -3.65635296298531,40.7808139732588,834.990999999995 -3.65647299228028,40.780836940093,834.966700000004 -3.65660911399529,40.7808619176386,834.907099999997 -3.65673802762846,40.7808709706361,834.744200000001 -3.65686610313347,40.7808729820353,834.499899999995 -3.65699199932558,40.7809029890834,834.328800000003 -3.65712896006708,40.7809319907593,833.666899999997 -3.65725602945894,40.7809698767133,833.057199999996 -3.65739097797418,40.7809789290158,832.9228 -3.65751502992505,40.7810089366962,833.002800000002 -3.65762600689691,40.7810629157959,832.896299999993 -3.65772105763712,40.7811339947403,832.161300000007 -3.65781996394655,40.7811849563138,831.637900000002 -3.65795407433362,40.7812059109505,831.314100000003 -3.65807510884345,40.7812260275588,831.641900000002 -3.65819497015346,40.7812598905703,832.203599999993 -3.65831600466329,40.7812850366494,831.844800000006 -3.65842211995285,40.7813339867218,831.678899999999 -3.65853996903667,40.781366005626,831.343099999998 -3.65867206809581,40.7813940010681,830.880799999999 -3.65879897040108,40.7814099268418,830.579100000003 -3.65889703858231,40.7814669237076,831.165399999998 -3.65900902076902,40.7815259325842,831.444699999993 -3.65911798551464,40.7815819233217,830.674100000004 -3.65924706713277,40.7816209829447,829.153000000006 -3.65936307197531,40.7816739568799,828.900500000003 -3.65944705906447,40.7817390003718,829.558199999999 -3.65949902660366,40.7818209755006,830.852199999994 -3.65950807892678,40.7819130087276,831.876699999993 -3.65955501769701,40.782007891884,831.905899999998 -3.65963598734513,40.7820799758386,830.453099999999 -3.659760039296,40.7820799758386,829.322700000004 -3.65988710868786,40.7820979134901,829.582399999999 -3.66000210831558,40.7821508870448,830.688999999998 -3.66010101552334,40.7822229715244,832.021099999998 -3.66020897415585,40.7822900265151,833.004700000005 -3.66032699122462,40.7823349538175,833.745299999995 -3.6604590902838,40.7823480293233,834.486000000004 -3.66058196903486,40.782344005934,834.900200000004 -3.66071809074987,40.7823389765271,834.983399999997 -3.66084901571094,40.7823699896101,835.044500000004 -3.66098111477012,40.7823939619229,835.252099999998 -3.66110399352118,40.7823909445531,834.837299999999 -3.66123911002141,40.7824020086951,834.7022 -3.66137908730559,40.7824139108421,834.800499999998 -3.66150900705188,40.7824199462596,833.9473 -3.66164211222417,40.7824289983646,832.511299999998 -3.66177806595419,40.7824489472732,832.482999999993 -3.66189809524919,40.7824699021913,832.255099999995 -3.66201611231797,40.782502926563,831.676900000006 -3.66214603206425,40.7825359515985,830.477599999998 -3.66227310145614,40.7825750113407,831.210099999997 -3.66239212463803,40.7825849021094,831.462400000004 -3.66252405571222,40.7826080356601,831.325800000006 -3.66265699289955,40.7826269791821,830.644499999995 -3.66278506840456,40.7826569861179,830.688599999994 -3.66291297592458,40.7826879990524,831.361000000004 -3.66303199910647,40.7826968837923,830.315199999997 -3.66315001617524,40.7827210239959,830.783500000005 -3.66327708556714,40.7827568982675,832.2068 -3.66339711486214,40.7827669570177,831.103000000003 -3.66352401716738,40.7827739977338,829.316699999996 -3.66365795956949,40.7827989759114,829.3364 -3.66378201152034,40.7828340121394,829.380600000004 -3.66390002858911,40.7828799450831,829.919099999999 -3.66402508665307,40.7829139752597,830.201000000001 -3.66415601251247,40.7829389533846,829.566500000001 -3.66427704702226,40.7829820362406,829.597999999998 -3.6643850056548,40.7830408771236,830.595700000005 -3.66448307383607,40.7831109499862,831.3851 -3.66460410834586,40.78314799806,831.153699999995 -3.66470200944046,40.7832019774619,831.585300000006 -3.66481399162717,40.7832438868165,831.218500000003 -3.6649100484805,40.7833159714701,830.818700000003 -3.66500006955344,40.7833850380408,830.603499999997 -3.66509009152467,40.7834549432135,830.083599999998 -3.6651781012697,40.7835169696833,829.343500000003 -3.66527197881014,40.7835820134108,828.753400000001 -3.66534909199078,40.7836569470036,829.011199999994 -3.66544012007515,40.7837270198963,828.964900000006 -3.6655231010512,40.7837999426952,829.042100000006 -3.66561396025229,40.7838649861456,829.211200000005 -3.66572510431081,40.7839199716385,829.194900000002 -3.66582702806128,40.7839830036665,829.858800000002 -3.66593096403795,40.7840460349545,830.385699999999 -3.66604512553752,40.7840889504475,830.477700000003 -3.66614000829278,40.7841560055949,830.152100000007 -3.66623103637716,40.7842218873608,829.963799999998 -3.66632508100426,40.7842899483619,829.826799999995 -3.66642096987263,40.7843580099734,829.687900000004 -3.66650110139258,40.7844269088164,830.158100000001 -3.66659397281994,40.7844909463481,830.251499999998 -3.66669103488806,40.7845489492748,830.560899999997 -3.66678105685932,40.784608964117,831.344100000002 -3.66687309015848,40.7846750134374,832.114499999996 -3.66697501390892,40.7847239637322,830.989199999996 -3.66707609953124,40.7847799544944,830.199999999997 -3.66718204683585,40.7848419810871,829.583700000003 -3.66726603392501,40.7849070241971,829.307700000005 -3.66734901400276,40.7849739118759,829.197499999995 -3.66743098976399,40.7850409674901,829.158100000001 -3.66749301573941,40.7851279711405,829.316999999995 -3.66753911638149,40.7852129640895,829.424599999998 -3.66759510747484,40.7852979562495,829.548999999999 -3.66763399913674,40.7853879781575,829.842999999993 -3.66767607622466,40.7854739760635,830.038499999995 -3.66776810952382,40.7855479049536,830.147700000001 -3.66785209661302,40.7856119420846,830.104000000007 -3.66795804391762,40.7856598870821,829.953599999993 -3.6680639903239,40.7857239247853,830.312000000005 -3.66817312305451,40.7857649959441,830.400099999999 -3.66829499569246,40.7858010379329,829.759300000005 -3.6684170363154,40.7858389245103,829.783800000005 -3.66852298362001,40.7858939097293,830.780599999998 -3.66862909890958,40.785935986746,831.989600000001 -3.66874510465042,40.7859639823023,831.976699999999 -3.66886395984735,40.7859919778467,832.764599999995 -3.66899706412131,40.785986948716,832.479900000006 -3.66913804751864,40.7859909718846,832.126199999999 -3.66925606548572,40.7859720286419,831.219500000007 -3.66938598433367,40.7859680054722,830.933999999994 -3.66950802495661,40.7859539240363,830.5288 -3.66962805425162,40.7859259284757,830.104300000006 -3.66973299544311,40.7858830134895,830.439400000003 -3.66981798774706,40.7858058997569,830.635299999994 -3.66991505071354,40.7857339830861,830.419099999999 -3.67000406567335,40.7856669274915,829.934599999993 -3.67008101176733,40.7855960166384,829.615000000005 -3.67017405117961,40.7855299675537,829.048899999994 -3.67024999116048,40.7854609004929,829.055699999997 -3.67033598957757,40.785382948981,829.156099999993 -3.67042198799467,40.7853100265599,829.376600000003 -3.67051301518072,40.7852459884576,829.829299999998 -3.67060705980782,40.7851829562679,829.864000000001 -3.6707000992201,40.7851179127479,829.441999999995 -3.67081007007887,40.7850599103181,829.218500000003 -3.6709109877162,40.7850039191117,828.945800000001 -3.67102598734392,40.7849519510897,828.883900000001 -3.67114501052581,40.784923955787,828.912800000006 -3.67127995904105,40.7849030009629,829.212299999999 -3.67140099444917,40.7848949544938,829.022700000001 -3.67152102284585,40.7848909312588,828.901800000007 -3.67165010446397,40.7848979717497,829.111499999999 -3.6717830416513,40.7848929425362,829.041899999997 -3.67190809881696,40.7848959604725,829.126900000003 -3.6720430482305,40.7848889193011,829.154299999995 -3.67218101418678,40.7848979717497,829.304199999999 -3.67230607225074,40.784893948515,829.257199999993 -3.67243196844289,40.7848859020447,829.2261 -3.67256406660373,40.7848859020447,829.2834 -3.67269800990415,40.7848959604725,829.196200000006 -3.67283396453253,40.7849169152988,829.262199999997 -3.67296103392439,40.7849209385321,829.274900000004 -3.67308508587523,40.784917920597,829.420400000003 -3.6732139995084,40.784950945792,829.279899999994 -3.67334106979862,40.7849869875423,829.407600000006 -3.67345606942635,40.7850099542939,829.547500000001 -3.67357509170991,40.7850359382873,829.592199999999 -3.67368506256868,40.7850848883161,829.709799999997 -3.67380006219641,40.7851390355067,829.773700000005 -3.67392210281931,40.7851839622423,829.821899999995 -3.6740391146733,40.7852230217876,829.686499999996 -3.67415897508502,40.785262919961,829.462599999999 -3.6742660964877,40.7853128757949,829.4427 -3.67436600891024,40.7853839549524,829.4663 -3.67447296142963,40.7854469862711,829.434500000003 -3.67458410548818,40.7855049890429,829.296300000002 -3.67469307023381,40.7855559513437,829.153900000005 -3.67480304109258,40.7855960166384,828.909299999999 -3.67492809915654,40.7856179772116,828.645000000004 -3.67505198312242,40.7856449669345,828.4185 -3.67517301853055,40.7856840268888,828.534700000004 -3.67528399460414,40.7857209068866,828.755000000005 -3.675411063996,40.7857309651879,829.084199999998 -3.67552204096789,40.785777904134,829.173999999999 -3.6756440806925,40.7858139461157,829.382199999993 -3.67575405155127,40.7858550178991,829.483200000002 -3.67587810350211,40.785891897802,828.488400000002 -3.6759749984836,40.7859478889399,828.693199999994 -3.67607105533693,40.7860028740685,828.814599999998 -3.67619208984676,40.7860489748615,829.019199999995 -3.67628697350031,40.7861029546263,829.386100000003 -3.67640197312804,40.7861468754301,828.700100000002 -3.67649903519619,40.7862229834884,829.781499999997 -3.67661001126974,40.7862749511959,830.123699999996 -3.67672400568268,40.7863130048225,829.842399999994 -3.67684705152041,40.7863259129058,829.059999999998 -3.67696808692853,40.7863228957147,828.533599999995 -3.67709297700753,40.7863198778433,828.487599999993 -3.67721702895838,40.786315016737,828.680399999997 -3.67734108090922,40.7863109929079,828.683099999995 -3.67747401809655,40.7863198778433,829.123000000007 -3.67759706483257,40.7863249069487,828.900699999998 -3.67771709322925,40.7863218897576,828.993799999997 -3.67784399553452,40.7863029466093,829.314299999998 -3.67797005881326,40.7863180339285,830.213199999998 -3.67809511687725,40.7863410002198,830.1492 -3.67822906017767,40.7863669843726,829.972899999993 -3.67836099125189,40.7863919625592,829.929699999993 -3.67847699699273,40.7864358831719,830.050199999998 -3.67858311138396,40.7864809783897,830.265499999994 -3.67867900025233,40.7865389809387,830.319099999993 -3.67877304577776,40.7866040244272,830.3171 -3.67887597564132,40.7866519687084,830.430399999997 -3.67898209003259,40.7867119836907,829.488400000002 -3.67908099634198,40.786779876862,830.136799999993 -3.67919499075492,40.786828994964,830.6774 -3.67928400661306,40.7868920269517,832.144199999995 -3.67940906467702,40.7868910210032,831.896399999998 -3.67953898352497,40.7868749278654,830.876000000004 -3.67966203026103,40.7868900150547,832.231899999999 -3.67978205865771,40.7868650370554,830.831300000005 -3.67990007662478,40.7868439148456,830.381899999993 -3.68002597281693,40.7868108899118,829.677800000005 -3.680160083204,40.7867979819227,830.306500000006 -3.68029000205196,40.7868020050421,831.447199999995 -3.68042696279342,40.7867808828122,831.523000000001 -3.68054397374908,40.7867359557966,830.949900000007 -3.68066802659825,40.7867099717882,830.851999999999 -3.68077699134391,40.7866630328207,830.539399999994 -3.68088696130436,40.786616932454,830.098499999993 -3.68100397315831,40.786564965014,829.821500000005 -3.68110606489371,40.7865069618076,828.934200000003 -3.68120899385897,40.7864620352869,828.295100000003 -3.68131510914853,40.7864050379464,828.642600000006 -3.68142005034002,40.7863470352804,828.837599999999 -3.68151811852129,40.7862918824371,828.665900000007 -3.68162306061108,40.7862379028259,828.659299999999 -3.68173202535673,40.7861799000139,828.459799999997 -3.68182606998383,40.7861208918714,828.568100000004 -3.68192497629326,40.7860550099487,828.165399999998 -3.68201801570554,40.7859899659224,828.0196 -3.68213301533326,40.7859519121108,829.284899999999 -3.68222504863243,40.785891897802,828.837 -3.68231808804474,40.7858199812243,828.315199999997 -3.68241095947206,40.7857589608306,828.369399999996 -3.68250802154021,40.785699952314,828.188299999994 -3.68261111938873,40.7856429556798,828.054499999998 -3.68272997458566,40.785609930829,829.093500000003 -3.68284899776755,40.78556600967,829.594700000001 -3.68296802005111,40.78555092218,830.642999999996 -3.68310112522337,40.7856008784774,828.137600000002 -3.6831810887584,40.7856719566464,829.001699999993 -3.6833059788374,40.7856369205552,829.183399999994 -3.68344109533759,40.7856459729018,829.380600000004 -3.68355810629325,40.7856729626134,829.425099999993 -3.68359699885348,40.7855849523483,828.194399999993 -3.6836080625045,40.7854888962495,827.441500000001 -3.68361309127349,40.7853960245669,828.843699999998 -3.68367511814721,40.7853138817673,828.656099999993 -3.6837611165643,40.7852439771908,829.126799999998 -3.68386806908373,40.785185974191,829.498200000002 -3.6839720050604,40.7851219366492,829.374400000001 -3.68408599857501,40.7850949467138,829.095300000001 -3.68416797343794,40.7850288971308,829.418900000004 -3.68427006517337,40.7849819583355,829.6149 -3.68437802380588,40.7849439046264,829.606599999999 -3.68448799466465,40.78488992528,829.715200000006 -3.68460198907759,40.784843992366,829.824500000002 -3.6847179939201,40.7847940361794,830.006399999998 -3.68482310309655,40.7847509531383,830.174899999998 -3.68494011495054,40.7847179285241,830.254000000001 -3.68505310235203,40.784669984207,830.875499999995 -3.68517011420599,40.7846299183537,831.910399999993 -3.68527907895165,40.7845829799565,832.143400000001 -3.68538603147104,40.7845429147309,832.460000000006 -3.68550807209398,40.7845088840286,832.819300000003 -3.68561904906587,40.7844639568364,832.839999999997 -3.68574712457084,40.7844409905762,832.914000000004 -3.68586899720883,40.78440997778,832.937399999995 -3.68599908404174,40.784396902,833.1872 -3.68612112466468,40.7843920400728,833.141399999993 -3.68625205052408,40.7843769529962,833.199999999997 -3.68638398159826,40.784350968745,833.169200000004 -3.68651105099016,40.784350968745,833.237899999993 -3.68664298206437,40.7843638772097,833.390100000004 -3.68676301135935,40.7843399049277,833.311000000002 -3.68688706331022,40.7843199559068,833.385200000004 -3.68702201182546,40.7843020188554,833.680099999998 -3.6871380175663,40.7843239791764,833.8851 -3.68725402240884,40.7843010128677,833.808900000004 -3.68738695959614,40.7842969895968,833.892900000006 -3.68751101154698,40.7842949776211,833.974300000002 -3.68763305216992,40.7842939716333,834.089800000002 -3.68775408757805,40.7842879370662,833.997099999993 -3.68787512208784,40.7842829078065,834.331600000005 -3.68801107671619,40.7842959836089,834.398300000001 -3.6881311051129,40.7843229731889,834.427100000001 -3.68825398386396,40.7843378929533,834.499100000001 -3.68837501837379,40.7843239791764,834.603000000003 -3.6885030938788,40.7843388989405,834.797999999995 -3.6886340197382,40.7843269964583,834.800199999998 -3.68876008301694,40.7843368869661,834.941399999996 -3.68888899665011,40.7843219672015,834.918300000005 -3.6890241131503,40.784306880109,834.878400000001 -3.68915805555242,40.784306880109,834.906199999998 -3.68927607351952,40.7843259911511,835.031799999997 -3.68941806213164,40.7843310197274,835.1247 -3.68954697666311,40.7843358816591,835.787800000006 -3.68968008093707,40.7843378929533,835.652400000006 -3.68982307656063,40.7843388989405,835.4997 -3.68994897275275,40.7843409109148,835.460500000001 -3.69007201859048,40.7843529807189,835.506500000003 -3.69019506532653,40.7843489574511,835.333100000003 -3.69032699640072,40.7843580099734,835.880799999999 -3.69046211200261,40.7843638772097,835.864300000001 -3.69058599686683,40.7843910340864,835.790500000003 -3.69071608369974,40.7844218795671,835.919399999999 -3.69083896245084,40.7844259028305,835.906000000003 -3.69095010650935,40.7844659688069,836.024600000004 -3.69100308016166,40.7845479432908,836.031900000002 -3.69110902746626,40.7845978996625,836.1489 -3.69123308031544,40.7846359535698,836.276599999997 -3.69133500406588,40.7846909391046,836.339800000002 -3.69135897650755,40.7847789491941,836.422900000005 -3.69139099515923,40.784867964466,836.613200000007 -3.69138210992274,40.7849660327381,836.699500000002 -3.69140004748235,40.7850619215904,836.872600000002 -3.69130801418315,40.7851819509737,837.0766 -3.69143307224714,40.7851319943611,836.8986 -3.69152996722863,40.7850790211435,836.790599999993 -3.69160909173717,40.7850039191117,836.849700000006 -3.69170498060555,40.784934014209,836.684299999994 -3.69180707234094,40.7848859020447,836.617499999993 -3.69192207196867,40.7848490215832,836.7065 -3.69198007528825,40.7847569883435,836.666100000002 -3.69206104403807,40.7846869158572,836.681200000006 -3.69217906110684,40.7847020028634,836.880499999999 -3.69223002343121,40.7846049408647,836.784499999994 -3.69235910504934,40.7845859972267,836.767300000007 -3.69245398780459,40.7846480233203,837.0383 -3.69257200487337,40.7846619377096,837.048699999999 -3.69267812016293,40.7847088760509,837.1155 -3.692800998914,40.7847209457881,837.183999999994 -3.69292806830589,40.7847169225426,837.251399999994 -3.69306704037529,40.7846959683334,837.276100000003 -3.69319997756263,40.7846629430117,837.267600000006 -3.69333509316449,40.7846828919295,837.368199999997 -3.69346803035182,40.7847020028634,837.336599999995 -3.69360398498017,40.784710888014,837.311100000006 -3.69373105437206,40.7847289929586,837.427500000005 -3.69382610511228,40.7847869956773,837.532000000007 -3.69394596642233,40.7848200202572,837.539399999994 -3.6940700192715,40.7848099618179,837.717699999994 -3.69420010610441,40.7848409751075,837.970499999996 -3.6943580209482,40.7848409751075,837.981799999994 -3.69448006157111,40.7848818788092,838.118499999997 -3.6946160161995,40.7848739996605,838.316800000001 -3.69473705070929,40.7848848960658,838.494099999996 -3.69485808521911,40.784866959167,838.747099999993 -3.6949880049654,40.7848589120133,838.880699999994 -3.69510803336207,40.7848510335421,838.996499999994 -3.6952371149802,40.7848180082974,839.241299999994 -3.69536401728543,40.7848369518693,839.497399999993 -3.69549410411834,40.7848278994123,839.653200000001 -3.69563508751567,40.7848268934325,839.724799999996 -3.69576198982091,40.7848039266176,839.913499999995 -3.69588403044385,40.7847978920969,840.052899999995 -3.69600607106676,40.7847930301991,840.313800000004 -3.69613096114576,40.7847900129383,840.374299999996 -3.69626406541975,40.7847789491941,840.405400000003 -3.69638510082784,40.784776937233,840.645799999998 -3.69650898479376,40.7847650348294,840.899099999995 -3.69663404285772,40.7847709020297,841.016799999998 -3.69676111224957,40.7847698967292,840.981 -3.69689404943691,40.7847660408101,840.855100000001 -3.69702497529631,40.7847579943243,841.139899999995 -3.69714802113403,40.7847378774254,841.2696 -3.69728196443448,40.7847539710811,841.635599999994 -3.69741003993949,40.7847249697136,841.6247 -3.69753710933135,40.7847239637322,840.939599999998 -3.69766199941038,40.7847098820325,841.484700000001 -3.69779007491536,40.784696973635,842.205300000001 -3.69792301210269,40.7846909391046,842.300099999993 -3.69805712248977,40.7846818866277,842.611699999994 -3.69820397368254,40.7846679722426,842.969299999997 -3.6983310430744,40.7846619377096,843.030299999999 -3.69845308369734,40.7846579144605,842.879100000006 -3.69857411820714,40.7846490293028,842.869900000005 -3.69869397951719,40.7846440000704,842.947199999995 -3.6988301012322,40.7846220398553,842.660900000003 -3.69896706197366,40.7846190219066,842.539999999994 -3.69910301660201,40.7846238838172,842.627200000003 -3.69924299388623,40.7846210338724,842.9761 -3.69940007150017,40.7846419887854,843.029599999994 -3.69951205368687,40.7846740074553,843.011299999998 -3.6996350995246,40.7846879211589,843.088799999998 -3.6997760829219,40.7846879211589,843.372099999993 -3.69990600266818,40.7847030088451,843.425399999993 -3.70003005461903,40.7847320102221,843.532900000006 -3.70015109002715,40.7847589996249,843.613899999997 -3.70027497399307,40.7847869956773,844.111000000004 -3.70039802072909,40.784811973778,844.162500000006 -3.700528107562,40.7848309166713,844.304000000004 -3.70064411330287,40.7848609239718,844.261199999994 -3.70077101470978,40.7848760116186,844.291800000006 -3.70090411988207,40.7848848960658,844.375199999995 -3.70102196896588,40.7848989777285,844.533200000005 -3.70113696859361,40.7849360254851,844.749200000006 -3.70125096300651,40.7849779351058,845.022800000006 -3.70136696874739,40.7850109602709,844.828500000003 -3.70146302470239,40.7850828763643,844.841499999995 -3.70154298823742,40.7851620015255,844.739000000001 -3.70162898665448,40.7852389480035,845.095400000006 -3.70173107838991,40.7852959449844,845.493700000006 -3.70184306057659,40.7853410396159,845.539799999999 -3.70196007153225,40.7853909953911,845.398400000005 -3.70204405862141,40.7854578832625,845.051000000007 -3.70214799459812,40.7855178972833,844.955900000001 -3.70225008543522,40.7855849523483,844.992299999998 -3.70237899906835,40.7856459729018,845.447199999995 -3.70249601092234,40.7856949231612,845.683699999994 -3.70261603931902,40.785737000304,845.533299999996 -3.70274897650635,40.7857440413855,845.842399999994 -3.70287906333926,40.7857768981687,845.986799999999 -3.7029930577522,40.7858250103676,845.902400000006 -3.70309397538952,40.7858719492473,845.875100000005 -3.70321299857141,40.7858939097293,846.111000000004 -3.70331207286576,40.7859499008654,846.074399999998 -3.7034280786066,40.7859690114347,846.086800000005 -3.70354106690642,40.786001030145,846.320300000007 -3.70366310663104,40.7860489748615,846.029500000004 -3.70379101504938,40.7860739531677,846.330600000001 -3.70393501588774,40.7861019486658,846.568199999994 -3.70405001551546,40.7861369845117,846.460099999997 -3.70416501514322,40.7861869410484,846.770199999999 -3.70427699732989,40.7862379028259,846.718299999993 -3.7043970266249,40.7862819915402,846.781099999993 -3.70451001492469,40.7863208838004,846.918699999995 -3.70462501455241,40.7863609493138,846.917199999996 -3.70475007261641,40.7863959857032,847.2399 -3.70487798013642,40.7864429241793,847.161200000002 -3.70498409452769,40.7864010148029,847.6204 -3.70510110638165,40.7863788864892,847.576799999995 -3.70521811733731,40.7864050379464,847.746899999998 -3.70532004198608,40.7864590174217,847.875899999999 -3.70544107649587,40.7864630405617,847.945500000002 -3.7055760250111,40.7864580114667,848.198199999999 -3.70569404207988,40.7864399069935,848.546300000002 -3.70581608270282,40.7864209638788,849.044500000004 -3.70593208844366,40.786399002891,849.471300000005 -3.70605111162555,40.7863768745766,850.034700000004 -3.70617398947829,40.7863349651586,850.652600000001 -3.70627608121372,40.7862840034557,851.258300000001 -3.70636811451288,40.786220971571,851.962700000004 -3.70648697060811,40.7861799000139,852.508199999997 -3.70660197023587,40.7861450315106,853.093999999997 -3.70672702829983,40.7861170360306,853.657699999996 -3.70685610901962,40.786077976331,854.285199999998 -3.70698502265279,40.7860439457351,855.020499999999 -3.70710907460363,40.7860199733794,855.943299999999 -3.70722407512969,40.7859730346044,856.727899999998 -3.70730001511052,40.7858949156929,857.312900000004 -3.70736103497282,40.7858139461157,858.122099999993 -3.70743596884057,40.7857279479698,858.475999999995 -3.70749112180577,40.7856379265227,858.766300000003 -3.70762607121933,40.7856000398306,859.012100000007 -3.70767904487164,40.7856850328556,858.364300000001 -3.70779706194038,40.7857199016005,858.191000000006 -3.70790904412708,40.785676985801,858.597099999999 -3.7080061061952,40.7856189831793,859.233699999997 -3.7081370320546,40.7856000398306,860.071200000006 -3.70825504912337,40.7855769059617,861.179900000003 -3.70837407230526,40.7855569573124,862.331200000001 -3.70849812425611,40.7855219204803,863.6967 -3.70860910032967,40.7854868843099,865.218599999993 -3.70871705896221,40.7854469862711,866.873500000002 -3.70881311581554,40.7853940126245,868.652000000002 -3.70893297712559,40.7853809370383,870.183300000004 -3.70905702907643,40.7853650115365,871.738899999997 -3.70917605225832,40.7853360104359,873.322100000005 -3.70929809288123,40.7852899098282,874.763300000006 -3.70941208639584,40.785262919961,876.017999999996 -3.70951300493149,40.7852139693832,877.3554 -3.70963504555443,40.7851728985637,878.994099999996 -3.70973696930487,40.785124953895,880.484200000006 -3.70984509592237,40.7850679567673,881.992400000003 -3.70996110166321,40.7850409674901,883.229800000001 -3.71008398041428,40.7850039191117,884.666400000002 -3.71019596260099,40.7849749178534,885.901299999998 -3.71031012410055,40.7849418933506,887.174700000003 -3.71042311150205,40.7849070241971,888.374299999996 -3.710540123356,40.7848790288755,889.477599999998 -3.71065797243982,40.7848379571687,890.555300000007 -3.71078303050378,40.7847978920969,891.712499999994 -3.7109121121219,40.7847469298946,892.905599999998 -3.71104907286337,40.7847209457881,894.026700000002 -3.71117698038342,40.7847020028634,894.625700000004 -3.71129902100633,40.7846879211589,895.124400000001 -3.71143396952156,40.7846548965134,895.558699999994 -3.7115560101445,40.7846399768202,895.787599999996 -3.71167100977223,40.7846139933521,896.153900000005 -3.71179606783619,40.784599911629,896.467199999999 -3.71192900502352,40.7845849919235,897.074500000002 -3.71204601597915,40.7845658809559,897.713399999993 -3.71216604527415,40.7845388914746,898.455600000001 -3.71229596412214,40.7845098900132,899.499100000001 -3.71243007450921,40.7845050280943,900.447799999994 -3.71255697681445,40.784466974112,901.118700000006 -3.7127070125349,40.7844210415856,901.402000000002 -3.71282603571679,40.784396902,901.590400000001 -3.71294103534451,40.7843699117698,901.699999999997 -3.71306609340847,40.7843709177565,901.976800000004 -3.71318612270348,40.7843699117698,902.297399999996 -3.71330598401353,40.7843489574511,902.661099999998 -3.71343808217437,40.784346945477,903.144199999995 -3.71357906647,40.7843348756719,903.450800000006 -3.71371401498524,40.7843280024457,903.759999999995 -3.71384410181815,40.7843229731889,903.934599999993 -3.71398810265653,40.7843209618943,904.116899999994 -3.71414400617239,40.7843239791764,904.587799999994 -3.71427107646258,40.784329008433,905.007199999993 -3.7144030075368,40.7843199559068,905.353099999993 -3.71453309436971,40.7843269964583,905.965299999996 -3.71466703677183,40.784306880109,906.322 -3.71479896784605,40.7842909543498,906.746599999999 -3.71492804946417,40.7842889430542,907.374400000001 -3.71506501020564,40.7842849197825,908.129000000001 -3.71519308571065,40.7842639647568,908.636100000003 -3.71531210799421,40.784252900925,909.634600000005 -3.71543800418636,40.7842460276903,910.555900000007 -3.71556809191756,40.7842369751528,911.135800000004 -3.7156929819966,40.7842299339116,911.541500000007 -3.71582105750157,40.78423898645,911.967399999994 -3.71594896502162,40.7842720113025,912.487999999998 -3.71606396554768,40.7842959836089,912.189400000003 -3.71618902271331,40.7843169386245,911.837 -3.71631106333625,40.7843358816591,911.386899999998 -3.71643997696941,40.7843610272538,911.073099999994 -3.71658096126505,40.7843880168073,910.7785 -3.71669109921045,40.7844309320794,910.714200000002 -3.71682805905362,40.7844440078528,910.858999999997 -3.71696300846718,40.7844279148022,910.796900000001 -3.71709410141321,40.7844248975248,910.901400000002 -3.71723206736949,40.7844210415856,910.8609 -3.71736600977161,40.78440997778,911.105800000005 -3.71750900539518,40.7843928787348,911.635500000004 -3.71762501113602,40.7843689064633,912.208499999993 -3.71775208052791,40.7843658885031,912.213199999998 -3.71787412115082,40.7843549920127,912.690700000006 -3.71800504611192,40.784349962758,913.424299999999 -3.71811803441171,40.784315932637,913.759900000005 -3.71824007503465,40.7842839137945,914.478799999997 -3.71837200610883,40.7842778785463,915.533800000005 -3.71849203450554,40.7842579295068,916.724100000007 -3.71862296036494,40.7842480389873,918.428899999999 -3.7187480184289,40.7842279226141,919.862699999998 -3.71887207037974,40.784217026101,921.046499999997 -3.71899511621747,40.7842059622614,922.116699999999 -3.7191220185227,40.7842059622614,923.280700000003 -3.71925696703797,40.7842069675704,924.433199999999 -3.71938202510193,40.7842059622614,925.327399999995 -3.71951010060694,40.7841999270062,926.103099999993 -3.71964605523529,40.7841959037291,926.984100000001 -3.71976708974508,40.7841870191898,927.635899999994 -3.71988711904008,40.7841840012213,927.914600000004 -3.72000999779118,40.784190036478,928.128400000001 -3.72014109073721,40.7841829952318,928.374200000006 -3.72026396948831,40.7841658968084,928.828500000003 -3.72038399788499,40.7841669021179,929.456600000005 -3.7205140847179,40.7841590235647,930.316699999996 -3.72063796958211,40.7841570115848,931.244500000001 -3.720765038974,40.7841628788389,932.326000000001 -3.72088506826901,40.7841300219374,933.403600000005 -3.72100912021985,40.7840899564385,934.0196 -3.72112110240653,40.784057937487,934.429900000003 -3.72124297504451,40.7840488849239,934.687900000004 -3.72135009644719,40.7840049640929,934.471699999995 -3.7214580550797,40.7839529959694,934.113700000002 -3.7215619910564,40.7839020344791,933.647899999996 -3.72166609411974,40.7838549275617,933.205600000001 -3.72174907509578,40.7837880401164,932.674599999998 -3.72188000005689,40.7837659122924,932.683900000004 -3.72198795868939,40.7837058973686,932.140700000004 -3.72207110765043,40.7836158759014,931.738299999997 -3.72213397175401,40.783539936263,931.4663 -3.72220706227878,40.7834579612152,931.340899999996 -3.72229104846965,40.783372968741,931.264899999995 -3.72234804567608,40.7832849581487,931.036200000002 -3.72237402944569,40.7831820287794,930.892699999997 -3.72240403676944,40.7830849659198,930.1158 -3.72245399298069,40.7829848862557,929.233099999998 -3.72251099018716,40.7828960378286,927.944699999993 -3.7225210477251,40.7828009872521,927.105100000001 -3.72261207580944,40.7827180066409,926.330300000001 -3.72270410910864,40.7826589981432,925.717900000003 -3.72277904297639,40.7825879194704,925.534599999999 -3.72286504139345,40.7825248874788,925.4372 -3.72295204592366,40.7824610174211,925.151199999993 -3.72304206699663,40.7823929565865,925.0285 -3.72311901309058,40.7823160102122,924.872600000002 -3.72321708127184,40.7822638747979,924.588499999998 -3.72335605334124,40.7822068779356,924.593900000007 -3.72346200064585,40.7821539044256,924.488899999997 -3.72358303515567,40.7821049542771,924.881800000003 -3.7236899885734,40.7820560040927,924.903000000006 -3.72378805675463,40.7820030304622,925.622099999993 -3.72389601538717,40.7819508948022,925.900299999994 -3.72401704989696,40.7819039558721,926.638699999996 -3.7241411018478,40.7818679138091,927.277400000006 -3.72425710758868,40.7818270102918,927.741399999999 -3.72436003745224,40.7817740364787,928.406300000002 -3.7244581056335,40.7817160338494,929.062099999996 -3.72456204161017,40.7816659100195,929.599100000007 -3.72467502991,40.7816300351586,930.303899999999 -3.72477997110149,40.7815879581346,930.885899999994 -3.72488306805167,40.7815279439636,931.552899999995 -3.724979124905,40.7814739645616,931.982099999994 -3.72509110709171,40.7814189790843,932.772899999996 -3.7252040953915,40.7813819314065,933.465500000006 -3.72531708369132,40.7813319753366,933.9378 -3.72542604843695,40.7812858746704,934.5726 -3.72554305939261,40.78123390646,935.483300000007 -3.72565303025138,40.7811919971976,936.286999999997 -3.72577104732015,40.7811380175226,937.248500000002 -3.72588604694788,40.7810878939367,938.147500000006 -3.7260010465756,40.78103994972,939.221799999999 -3.72611202264916,40.7809930108264,940.057400000005 -3.72621595862587,40.7809380256313,940.718500000003 -3.72632710268438,40.7808848844562,941.486399999994 -3.72643003254794,40.7808389514932,942.113599999997 -3.72655106705776,40.780788995015,942.787299999996 -3.72667511900861,40.7807428946522,943.589900000006 -3.72678106631321,40.7806959562289,944.082599999994 -3.72689304849989,40.7806470056862,944.399000000005 -3.72701307779489,40.7806019112687,944.821500000005 -3.7271190250995,40.7805408908422,945.066800000001 -3.72721809849555,40.7804770209174,945.545700000002 -3.72732605802642,40.7804160003763,946.132199999993 -3.72741607909936,40.7803378810504,946.569300000003 -3.7274829667571,40.780263953163,947.020999999993 -3.72754499273252,40.7801709136415,947.616099999999 -3.72761607192936,40.7800720070549,948.140899999999 -3.72767306823753,40.7799839975304,948.499899999995 -3.72772805411607,40.779895987209,949.126099999994 -3.72778505042421,40.7798019424766,949.509600000005 -3.72785512350793,40.7797179554625,950.145799999998 -3.72794598360735,40.779649894538,950.587199999994 -3.72803399335238,40.7795860244367,951.158500000005 -3.72812703276466,40.7795099169356,951.829400000002 -3.72822711227383,40.7794559372541,952.263800000001 -3.72834898491181,40.7794100046634,952.890499999994 -3.72846901420682,40.7793679275935,953.983800000002 -3.72857999028038,40.7793079127771,955.117800000007 -3.72870203090328,40.7792700265555,956.000700000004 -3.72881501920311,40.779229961526,956.7019 -3.72890805861539,40.779166929749,957.740999999995 -3.72900411457042,40.7791109383363,958.725699999995 -3.72912095843942,40.7790779136387,959.171300000002 -3.72924299906233,40.7790420387404,959.637300000002 -3.72935196380798,40.7789919156136,959.669500000004 -3.7294470145482,40.7789220105053,960.209400000007 -3.72956201417592,40.7788809391961,960.116599999994 -3.72967701380365,40.7788289711448,960.031600000002 -3.72976804188803,40.7787510193317,960.229699999996 -3.72988907639782,40.778704918915,960.104999999996 -3.73000105858453,40.7786670330296,959.974100000007 -3.73012511053537,40.7786330020377,959.739799999996 -3.73025503028165,40.7785969602405,959.392200000002 -3.73038796746895,40.7785828786022,958.953599999993 -3.73050296709668,40.7785520331307,959.058600000004 -3.73061109371418,40.77849604188,959.180999999997 -3.73069809734609,40.7784199344905,959.650800000003 -3.73076699633174,40.7783389653238,960.318899999998 -3.73085500697507,40.7782719097456,960.489199999996 -3.73093899316593,40.7782020045599,960.731100000005 -3.73102096802886,40.7781269029148,960.948600000003 -3.73109506466675,40.7780519685251,961.210999999996 -3.73118106308385,40.7779829018509,961.362500000003 -3.73126002050576,40.7779109848722,961.401700000002 -3.73133411624532,40.7778310218511,961.714800000002 -3.73143201733996,40.7777389884103,962.103499999997 -3.73152505585391,40.7776829971545,962.232199999999 -3.73164609036373,40.7776389081739,962.070699999997 -3.73178003366418,40.7775869405114,961.888000000006 -3.73189402717879,40.7775430194888,961.820099999997 -3.73199611891419,40.7774928959112,961.782600000006 -3.73209904877774,40.7774419335458,961.798500000004 -3.73221304229235,40.7773949948307,961.831300000005 -3.73233709514153,40.7773619706405,961.859500000006 -3.73246399654846,40.7773269342471,961.808399999994 -3.73256307084281,40.7772570287471,961.875199999995 -3.73266901814742,40.7772048934435,961.887100000007 -3.73277395933891,40.7771499085139,961.892699999997 -3.73287504496122,40.7770999519822,961.876199999999 -3.73298400970685,40.7770449669658,961.905299999999 -3.73310102156084,40.777000878242,962.179199999999 -3.73319908974207,40.7769479046615,962.678899999999 -3.73330704837461,40.7768949310388,963.150999999998 -3.7334180253465,40.7768349160289,963.205100000006 -3.73350100632254,40.7767559584949,963.229300000006 -3.7335670549538,40.7766659371319,962.859500000006 -3.73361399372404,40.7765688749541,962.809500000003 -3.73367601969946,40.776482876402,962.911300000007 -3.73370803924943,40.7763910104786,963.465899999996 -3.7337569893476,40.7762989777638,963.680200000003 -3.7338061074307,40.7762049327007,963.829800000007 -3.73378900799925,40.7761088759612,964.544500000004 -3.73381398655404,40.7760129871085,964.782900000006 -3.73386997764739,40.775924976968,965.302500000005 -3.73390803118114,40.775828920504,966.130300000004 -3.73398296504889,40.7757439277915,966.739499999996 -3.7340699695791,40.775680896108,966.926099999997 -3.73415010020076,40.7756099847974,967.238400000002 -3.73420910873513,40.7755179516809,967.569099999993 -3.73427297895186,40.7754329592509,967.547300000006 -3.73434204592246,40.7753590306667,967.537599999996 -3.73441999812956,40.7752730325892,967.331399999995 -3.73452108375184,40.7752049711921,967.215800000005 -3.73462501883021,40.7751449566963,966.787500000006 -3.73474102457105,40.7750970122719,966.347899999993 -3.73484009886543,40.7750369983589,966.428799999994 -3.73494001128797,40.7749830184442,966.695300000007 -3.73504796992048,40.7749219982984,967.367800000007 -3.73516900443031,40.7748899796894,967.871899999998 -3.7352880276122,40.7748479024775,968.010899999994 -3.73541006823511,40.7748370057862,968.443299999999 -3.73553797575516,40.7748069987191,968.848499999993 -3.73566001637806,40.7747649214547,969.362599999993 -3.73576898112372,40.774716976756,970.131500000003 -3.73586503797705,40.7746599802208,970.900099999999 -3.73597802627688,40.77460600068,971.891600000003 -3.73609201979149,40.7745719703288,972.686000000002 -3.73619997842399,40.7745288874601,973.632500000007 -3.736320007719,40.7744940182823,974.405499999993 -3.73643903090089,40.7744459060388,975.136599999998 -3.73655805408278,40.7744090259029,975.981299999999 -3.73669099037178,40.7743959501949,976.5432 -3.73681504322096,40.7743879038134,977.270000000004 -3.73694596818203,40.7743729838549,978.331999999995 -3.73705912356848,40.7743399588427,979.333599999998 -3.73715601854996,40.7742799449261,980.3318 -3.73725609895746,40.7742289828172,981.3995 -3.73735198782584,40.7741719858633,982.192599999995 -3.73746111965812,40.7741159943223,982.849499999997 -3.73758098096817,40.7740719056956,983.5435 -3.73769296315484,40.7740310021397,984.107099999994 -3.73779907844441,40.7739879189201,984.369300000006 -3.73790703707695,40.7739369572675,984.0101 -3.73801298438156,40.7738859948955,983.711899999995 -3.73812798400928,40.7738429122622,983.502699999997 -3.73823711673989,40.7738040201785,983.239100000006 -3.73835798326473,40.7737579197302,983.107699999993 -3.73847398900557,40.7737109811333,983.056299999997 -3.73858496507916,40.7736759448552,983.106899999999 -3.73869996560518,40.7736350410555,983.163499999995 -3.73881798267396,40.7736249829633,983.254199999996 -3.73893901718378,40.7736499604995,983.533899999995 -3.73904798192941,40.7737019285205,984.066099999996 -3.73913599167444,40.7737689839496,984.750499999995 -3.73923305464088,40.7738409006502,985.552899999995 -3.73933296616509,40.7738978972078,986.291800000006 -3.73943606401364,40.7739450037036,987.018299999996 -3.73951703276346,40.7740199379639,987.482600000003 -3.73960906606262,40.774095878282,988.414900000003 -3.73967511559221,40.7741739974653,989.236699999994 -3.73973999192202,40.7742539608066,989.820800000001 -3.73986504998598,40.7742889967798,990.637199999997 -3.73998407316787,40.7743159870246,991.136599999998 -3.74007912390808,40.7743749954508,991.512000000002 -3.74017199533541,40.7744370215559,991.902000000002 -3.74026905740356,40.7744899950976,992.142699999997 -3.74037399859505,40.774544980188,992.359800000006 -3.74048296334067,40.7745939304653,992.4755 -3.74058103152194,40.7746529393249,992.704500000007 -3.74067004738008,40.7747210006072,992.8986 -3.74078705923404,40.7747629098706,993.323900000003 -3.74090004753383,40.7748019694217,993.6446 -3.74101705848949,40.7748468963466,993.793799999999 -3.74111110311659,40.7749159635601,993.639800000004 -3.74120196321601,40.7749860361504,993.440799999997 -3.74128712350491,40.7750619760445,993.092699999994 -3.74136708703995,40.7751369104056,992.865699999995 -3.74145995846727,40.7751979303539,992.655299999999 -3.7415479682123,40.7752649856336,992.417199999996 -3.74162910494707,40.7753389143225,992.138800000001 -3.74169196905065,40.7754198837444,991.829100000003 -3.74176304824752,40.7755000142934,991.593999999997 -3.7418480405515,40.7755679080416,991.234800000006 -3.74194208517857,40.7756309398323,990.982900000003 -3.74201601383153,40.7757010123487,990.792400000006 -3.7420939651403,40.7757749405524,990.617499999993 -3.74214207711027,40.775861944776,990.578299999994 -3.74216806177818,40.7759549842105,990.189599999998 -3.74220997088114,40.7760419881984,990.089600000007 -3.74221801798947,40.7761370389232,989.802500000005 -3.74221902320425,40.7762369513563,989.652799999996 -3.74225406019528,40.7763320018022,989.714000000007 -3.74233905249926,40.7764069360912,989.346799999999 -3.74239202615156,40.77649092321,988.884099999996 -3.74247299490138,40.7765640131342,988.481899999999 -3.74252311909762,40.7766520231083,988.299799999993 -3.74255496976431,40.7767479123992,988.052899999995 -3.74257005786782,40.7768429627943,987.462400000004 -3.74261800185288,40.7769289615606,987.422000000006 -3.74265706149974,40.7770159656335,986.907699999996 -3.74268706882348,40.7771158774249,986.403300000005 -3.74275110702514,40.7771970147446,986.330199999997 -3.74284498366728,40.7772550172384,986.523000000001 -3.74291103319687,40.7773309572599,986.423599999995 -3.74296803040334,40.7774119262948,986.218500000003 -3.74304112002978,40.7774939013218,986.077399999995 -3.74313801501127,40.7775498927369,985.518500000006 -3.74323507797771,40.7776199652701,984.315600000002 -3.74332308772274,40.7776948994668,982.565300000002 -3.74341696526318,40.7777529022062,981.468200000003 -3.74350497500821,40.7778229752054,980.411999999997 -3.74357605330675,40.777895897684,979.595400000006 -3.74366708139113,40.7779609414741,979.3128 -3.74377302869574,40.778012908844,979.325100000002 -3.74388199344136,40.7780539800097,979.683600000004 -3.74401006804807,40.7780189439812,980.682700000005 -3.74409707257829,40.7779470270415,982.055699999997 -3.74418206488227,40.7778759487683,983.369999999995 -3.74428197730477,40.7778249866969,984.438500000004 -3.74439798304561,40.7777889444613,984.639500000005 -3.74451298267334,40.7777389884103,984.704599999997 -3.74457098509463,40.7776429318481,984.818299999999 -3.74462395874693,40.7775579394157,984.993900000001 -3.74471498683131,40.7774908837294,985.403200000001 -3.74481707766838,40.7774419335458,986.030899999998 -3.74492704852715,40.777401030024,986.457599999994 -3.74499309805674,40.7773120142683,987.191399999996 -3.74504406038111,40.7772260159979,987.857499999998 -3.74506199704238,40.7771219126436,988.675199999998 -3.74510709157135,40.7770308849985,990.166400000002 -3.74514799545948,40.7769400252519,991.575700000001 -3.74518303245051,40.7768419573738,992.923899999994 -3.74521806854324,40.7767549530731,994.078099999999 -3.74527506574971,40.7766689547618,995.155299999999 -3.74534295862224,40.7765829563391,995.781900000002 -3.74539308281845,40.7764889116781,995.9084 -3.74544605647075,40.776401906915,996.316500000001 -3.74549098301476,40.7763090354512,996.704299999998 -3.74552199645161,40.7762190141629,997.065400000007 -3.74552803133372,40.7761259750982,997.406300000002 -3.74551596156955,40.7760309243575,997.719299999997 -3.74554110721097,40.7759330238436,998.390899999999 -3.74562811084288,40.7758569155586,998.824699999997 -3.74571109181893,40.7757809758929,999.491800000003 -3.7457680890254,40.7756849192206,1000.2114 -3.74581100424147,40.7755959032062,1000.7164 -3.74584101156521,40.7755020258551,1001.63679999999 -3.74588811742207,40.7754140163983,1002.5705 -3.74594511462854,40.7753328789418,1003.57709999999 -3.74601099617317,40.7752539216634,1004.81359999999 -3.74609196582129,40.7751749642911,1006.0191 -3.74617712611022,40.7750939952509,1007.30899999999 -3.74625306609109,40.7750178873652,1008.24280000001 -3.74634996017428,40.7749499937351,1008.3265 -3.74642405681217,40.7748680189704,1008.4639 -3.74648205923342,40.7747800086737,1008.5309 -3.74658398298386,40.7747250237779,1008.75169999999 -3.7467201055972,40.7747189890218,1009.0385 -3.74684298434827,40.774693005074,1009.4176 -3.7469330054212,40.7746329901158,1010.0521 -3.74703610326975,40.7745820282776,1010.5036 -3.747094105691,40.774491001234,1011.4667 -3.7470699661627,40.7743939385997,1012.24400000001 -3.74699905495079,40.7743089460923,1012.6461 -3.74695496653498,40.7742189241346,1012.8989 -3.74698497385872,40.7741268911319,1013.03170000001 -3.74707600104477,40.7740660382304,1013.64 -3.74718111022122,40.7740050179228,1014.1257 -3.74726811385313,40.7739389688766,1014.5258 -3.74730700641333,40.773848947098,1014.77009999999 -3.74732410494645,40.7737470228601,1014.9823 -3.74733299018294,40.7736570015017,1015.1295 -3.74737909082499,40.7735609451599,1015.3844 -3.74741697727211,40.7734709235494,1015.7096 -3.74750012533481,40.7733889483203,1016.28200000001 -3.74755008154607,40.77330697299,1016.73699999999 -3.74758210019775,40.7732058874044,1017.23970000001 -3.74760909008047,40.773117877627,1017.7617 -3.74763607996316,40.7730260118127,1018.5267 -3.74770900250298,40.7729440367149,1019.3487 -3.7477851104688,40.772865917446,1020.24739999999 -3.74784110156215,40.7727779072183,1021.13529999999 -3.74787798189615,40.772688892071,1021.85060000001 -3.74788904554717,40.7725909913944,1022.2702 -3.74791502931678,40.7724949341917,1022.6565 -3.7479571064047,40.7724039070098,1022.97289999999 -3.74798811984155,40.7723050004241,1023.3671 -3.74802701150346,40.7722139729819,1023.9703 -3.74811200380744,40.7721380332341,1025.01609999999 -3.74819900833765,40.7720719836925,1025.7822 -3.74824795843579,40.7719799504371,1025.84480000001 -3.74829908874515,40.7718909342208,1025.75260000001 -3.74836295806351,40.7718089597635,1025.8564 -3.74843805991622,40.771725979027,1025.9748 -3.7485230531185,40.7716609352551,1026.1283 -3.74862112129976,40.7715870065554,1026.3395 -3.74871902149607,40.77152397501,1026.5506 -3.74881004958042,40.7714490406559,1026.90429999999 -3.74887006332961,40.7713620367761,1027.24340000001 -3.74893309541814,40.7712720149074,1027.6156 -3.74901004151212,40.7711999307899,1027.8115 -3.74910810969339,40.7711449449722,1028.26210000001 -3.74922595877721,40.7711000182653,1028.7711 -3.74933106795365,40.7710468767037,1029.0784 -3.74939896172452,40.7709669135845,1029.0301 -3.749467022582,40.7708889620706,1028.9374 -3.74951111189615,40.7708049753535,1028.6007 -3.74953810088054,40.770710929997,1027.9087 -3.74961001820557,40.7706319726683,1027.3248 -3.74974211636642,40.7706080001927,1027.1349 -3.74985208722515,40.7705649174749,1027.27129999999 -3.74994697087874,40.7705079207794,1027.11259999999 -3.75003397451063,40.7704428771757,1026.7628 -3.75014310724124,40.7703949327598,1027.0542 -3.75026598599234,40.7703540289811,1027.3409 -3.75033706429088,40.770280938348,1026.8662 -3.75042507403588,40.7702019811886,1026.2 -3.75050503757091,40.770131908315,1026.15820000001 -3.7505930473159,40.7700559682285,1026.10340000001 -3.75068105795923,40.7699939421154,1026.2142 -3.75077309125843,40.7699240370635,1026.3095 -3.7508490312393,40.7698429003861,1025.9354 -3.7509549785439,40.769784897544,1025.90979999999 -3.75103309783762,40.7697099632697,1025.443 -3.75113602770118,40.7696539720504,1025.2954 -3.75124800988789,40.7696080394858,1025.1379 -3.75133400740665,40.7695440018928,1024.3113 -3.75139201072624,40.7694569975596,1023.2166 -3.75140408049041,40.7693569177733,1022.8094 -3.75142201804998,40.7692549934479,1022.7697 -3.7514169883827,40.7691599430823,1022.48850000001 -3.75137910283391,40.7690689154135,1022.0233 -3.7512920983037,40.7689929754728,1021.6017 -3.75126896399022,40.7688979247324,1021.56849999999 -3.7512310784414,40.7688000239128,1021.3979 -3.75120710599972,40.7687039673527,1021.04029999999 -3.7511980536766,40.7685990260706,1020.6541 -3.75120710599972,40.7684949228051,1020.3655 -3.75124800988789,40.7684069129108,1020.2332 -3.75129997742708,40.7683148793413,1019.8202 -3.75132210562748,40.7682159727921,1019.3792 -3.75127701109852,40.7681179049632,1018.5031 -3.75124901510267,40.7680260390393,1018.0981 -3.75126896399022,40.7679299827212,1017.84149999999 -3.75125102732894,40.7678389547282,1017.64509999999 -3.75115597658872,40.7677640209809,1017.1202 -3.75113200414705,40.7676619288869,1016.4844 -3.75117005768079,40.7675620171656,1016.2196 -3.75123409588245,40.7674770240831,1016.1813 -3.75126007965206,40.7673880086378,1016.31510000001 -3.75123308976933,40.767287928457,1016.1341 -3.75121196768204,40.7671890224203,1015.91740000001 -3.75120006500454,40.7670879363717,1015.652 -3.75120006500454,40.7669870182179,1015.4485 -3.75121498512309,40.7668909617585,1015.3186 -3.75126309709307,40.7667979225582,1015.2905 -3.75125102732894,40.7667048832276,1014.85739999999 -3.75135797984833,40.7666509040275,1014.978 -3.75138698105896,40.7665509914665,1014.16009999999 -3.75142402937792,40.7664609698837,1013.81080000001 -3.75149510767646,40.7663759774341,1013.4235 -3.75157305988355,40.7663048990281,1013.121 -3.75165402863337,40.7662299649117,1012.79640000001 -3.75169308828023,40.7661389373116,1012.31269999999 -3.75172611304502,40.7660400309256,1011.92200000001 -3.75173700960941,40.7659409570216,1011.3947 -3.7517360034963,40.7658438941438,1010.90519999999 -3.75179702425693,40.76575102289,1010.6323 -3.75188805144298,40.7656799444959,1010.4789 -3.75200506329694,40.7656390405364,1010.24430000001 -3.75211201581636,40.7655979691801,1010.0358 -3.75210212536509,40.7654988952975,1009.4936 -3.75208301460574,40.7654030061005,1008.9874 -3.7520691006003,40.7653089612631,1008.3995 -3.75206306571819,40.7652060312559,1007.43799999999 -3.75205602472301,40.7651139980161,1007.0655 -3.75205501950823,40.7650109010141,1006.2746 -3.75207111282653,40.7649200411587,1005.62790000001 -3.75208200849262,40.7648189550607,1004.7847 -3.75207111282653,40.7647218925853,1004.08 -3.75206608315924,40.7646219805262,1003.48 -3.75205401339508,40.7645289415512,1003.0012 -3.7520441229438,40.7644260116966,1002.4071 -3.75203507062068,40.7643239199177,1001.8221 -3.75202601739927,40.7642280310666,1001.1263 -3.75202299995822,40.7641359978332,1000.4037 -3.75203507062068,40.7640439644724,999.827900000004 -3.75204697239989,40.7639499197531,999.126099999994 -3.75205602472301,40.7638540303624,998.578699999998 -3.75207111282653,40.7637640092087,998.243400000007 -3.75207697972364,40.7636679521733,997.806100000002 -3.75207312415446,40.7635650223461,997.492299999998 -3.75206105439029,40.7634649425315,997.147100000002 -3.75208603204675,40.7633668744955,996.884099999996 -3.75219801423346,40.7633330112086,996.625 -3.75231200864637,40.7632999868328,996.3226 -3.75242801348891,40.7632740025018,995.836599999995 -3.75255206633805,40.763241983723,995.387000000002 -3.75267511217578,40.7632059417411,994.963099999994 -3.75279296215793,40.7631719109945,994.348800000007 -3.75290611754438,40.7631378809108,993.882500000007 -3.75302497274128,40.7631030118788,993.391600000003 -3.75313611679982,40.7630659641927,993.042199999996 -3.75325899555089,40.7630258982366,992.607999999993 -3.75338003006072,40.7629920354564,992.218599999993 -3.75349502968844,40.7629580052806,991.663499999995 -3.75361405287033,40.7629330271273,991.148799999995 -3.75373709960636,40.7629020138156,990.936900000001 -3.75385796613122,40.7628669772814,990.798200000005 -3.75397698931308,40.762833952674,990.519700000004 -3.75409500638186,40.7628049512623,990.276400000002 -3.7542090007948,40.7627779617849,990.052200000006 -3.75432902919147,40.7627439314994,989.9568 -3.75445609948166,40.7627088948819,989.813500000004 -3.75457311043732,40.7626849229501,989.503599999996 -3.75470202407049,40.7626659798651,989.332999999999 -3.7548240646934,40.7626508919366,988.903099999996 -3.75494610531634,40.7626049592943,988.324200000003 -3.75503797063054,40.7625389098028,988.165900000007 -3.75515012080221,40.7624929770831,987.810100000002 -3.75526796988599,40.762460957928,987.137000000002 -3.75538498173998,40.7624349746298,986.437699999995 -3.75551104501873,40.7624160314736,985.661099999998 -3.75563107431373,40.7623890411579,985.9139 -3.75575596439273,40.7623608784922,985.461899999995 -3.75587800501567,40.7623300329738,985.193299999999 -3.75600004563858,40.7623010313422,984.976899999994 -3.75612208626152,40.7622720303784,984.690600000002 -3.75623708588925,40.7622450406846,984.395000000004 -3.75635711518425,40.7622110101263,983.822199999995 -3.75648099915014,40.7621820084428,983.274099999995 -3.75659700489098,40.7621479778523,983.3177 -3.7566509846564,40.7622458782654,987.722599999994 -3.75700805330374,40.7621479778523,990.344100000002 -3.75714099049104,40.7621649091193,990.122099999993 -3.75724911710854,40.7621219937513,990.182799999995 -3.75730711952979,40.7620380075209,987.349499999997 -3.75735606962797,40.7619469796225,982.210999999996 -3.75746101171775,40.7618930006404,981.630900000004 -3.75759009243758,40.7618728836213,982.150399999999 -3.75771297118865,40.7618809308379,982.699699999997 -3.75783400569847,40.7618779132169,982.982600000003 -3.7579650986445,40.761887971046,982.298699999999 -3.75809501839078,40.7619139552384,980.905100000004 -3.75821303545956,40.7619409450666,979.763099999996 -3.75833909963663,40.7619608940039,978.793000000005 -3.75846197838773,40.7619469796225,977.430800000002 -3.75859106000582,40.7619109376188,976.8894 -3.7587090770746,40.7618759012426,976.168699999995 -3.75881904703504,40.7618410329094,975.584900000002 -3.75894410509903,40.7618090141206,974.869699999996 -3.75906111695299,40.7617649248125,974.505600000004 -3.75917997214992,40.7617199978877,974.343900000007 -3.75929597789076,40.7616789268311,973.817899999995 -3.75940510972304,40.7616339998481,973.507800000007 -3.75953603558244,40.7616060042443,972.894899999999 -3.75966511630224,40.7615979576748,972.251900000003 -3.75979503604852,40.7615909167556,971.353400000007 -3.75991908799936,40.7615909167556,970.063699999999 -3.76003811118125,40.7616060042443,968.233800000002 -3.76016098993235,40.7616279645835,967.079700000002 -3.76028403666838,40.761670042002,966.670199999993 -3.76039601885508,40.7617220098666,966.529599999994 -3.76049408703632,40.7617840355355,966.975699999995 -3.76061311021821,40.7618019732238,967.773400000005 -3.76073095930202,40.7617598958888,968.010200000004 -3.76085400603805,40.761727877061,967.855299999996 -3.76097001177892,40.7617028991258,967.732000000004 -3.76108802884766,40.7616779205008,967.240699999995 -3.76121308691162,40.7616519368965,966.891000000003 -3.76132909175416,40.7616289702342,966.384699999995 -3.76144811493605,40.7616128770998,966.150500000003 -3.76157803468234,40.7616029866107,966.010899999994 -3.76170895964341,40.7615770029771,965.846399999995 -3.76184105870258,40.7615548745589,965.529299999995 -3.76197198366365,40.7615389487884,965.061799999996 -3.76209100684554,40.7615169884198,964.696299999996 -3.7622160649095,40.7614940217108,964.402100000007 -3.76234598465578,40.7614650203949,964.023700000005 -3.76246601305249,40.7614418862858,963.740999999995 -3.76259408855747,40.761420931539,963.457699999999 -3.7627189795348,40.7614110410213,963.279200000004 -3.76285007248086,40.7614029944283,962.859299999996 -3.76298200355504,40.7614110410213,962.557499999995 -3.76310806683382,40.761408023379,962.287899999996 -3.76322709001571,40.7613959534884,961.857799999998 -3.76335902108989,40.7614019887742,961.397299999997 -3.76348307393906,40.7614289781299,960.802800000005 -3.76359505612574,40.7614718939454,960.309599999993 -3.76368910075284,40.7615419664249,959.913100000005 -3.76379907161161,40.7615878991214,959.986499999999 -3.76392899045956,40.7615800199315,960.473199999993 -3.76403007698018,40.7615298965587,960.426300000006 -3.76412412160727,40.7614599914485,960.498500000002 -3.76423409246605,40.7614019887742,960.654599999994 -3.76435412086272,40.7613568942217,960.966 -3.76447297605966,40.7613220249358,961.139299999995 -3.76459099312843,40.7613009027687,961.392300000007 -3.76471403986446,40.7612940298809,961.515400000004 -3.76484211536946,40.7612819599697,961.755099999995 -3.76496499412056,40.7612599988358,961.766099999993 -3.76508703474347,40.7612370327184,961.662599999996 -3.76521795970457,40.76121389853,961.726699999999 -3.7653490526506,40.7611848970918,961.816000000006 -3.76547209938666,40.7611419817714,961.709000000003 -3.76557100569605,40.7610819675017,961.537599999996 -3.76562196802045,40.7609979806376,961.152799999996 -3.7656680677642,40.7609099710213,960.585500000001 -3.76573696764817,40.760821960608,960.547500000001 -3.76585598993173,40.7607760280626,961.341 -3.76594098313401,40.7607089731303,959.065100000007 -3.76606704641279,40.7606850004772,957.794699999999 -3.7661729937174,40.7607329450944,959.187399999995 -3.76627709678073,40.7607939653425,960.175600000002 -3.76637700920327,40.7608489508796,960.720700000005 -3.76648496873411,40.7608938777128,960.900200000004 -3.76659812412056,40.7609238849394,960.827099999995 -3.76672200898477,40.7609339429128,960.761100000003 -3.7668390199404,40.7609079590177,961.274999999994 -3.76696206667645,40.7608658817972,960.809800000003 -3.7670720366369,40.7607889363453,959.838399999993 -3.76719105981879,40.7607669757289,958.746100000004 -3.76732198477986,40.7607480327778,958.534400000004 -3.76745106639798,40.7607180254719,958.260399999999 -3.76757210090781,40.7606829891472,958.025299999994 -3.76768810664865,40.76064191745,957.734100000001 -3.76779506006637,40.7606020194581,957.303 -3.76791307713514,40.7605629597248,956.482099999994 -3.76803897332726,40.7605279239989,955.667300000001 -3.76816000783705,40.7604938932419,955.260200000004 -3.76828204845999,40.7604979165936,955.024699999994 -3.76840107164189,40.7604870202707,955.194799999997 -3.76852210615168,40.7604489661384,955.212400000004 -3.76863308222524,40.7603939809508,954.939499999993 -3.76873500687401,40.7603289376542,954.614100000006 -3.76883910993734,40.7602749580386,954.475900000005 -3.76894505724195,40.7602250017472,954.551800000001 -3.76904010798216,40.7601700163744,954.5821 -3.76912409417303,40.7601049728587,954.064899999998 -3.76916399194805,40.7600199804459,953.598499999993 -3.76921897782661,40.7599349879245,953.018700000001 -3.76929609100722,40.759857036398,952.011799999993 -3.76936498999287,40.7597809287511,950.912400000001 -3.76945098840996,40.7597049884036,949.4666 -3.7695329632729,40.7596329039866,948.188999999998 -3.76961711834705,40.7595670223308,946.820900000006 -3.76970110453791,40.7594919207152,945.300099999993 -3.76978106807291,40.7594220155031,943.970700000005 -3.76986103160794,40.7593408782514,942.706000000006 -3.76994099424464,40.7592699678744,941.573099999994 -3.77001810832358,40.7591889985054,940.607799999998 -3.77010108929962,40.7591149021515,939.7546 -3.77019312259879,40.7590568994721,939.165399999998 -3.77031197779572,40.7590119727582,938.733099999998 -3.77043904718761,40.7589799539676,938.345000000001 -3.77055807036951,40.7589529642979,938.123300000007 -3.77067407611035,40.7589169220317,937.7019 -3.77079209317909,40.758883897503,937.089099999997 -3.77090608669373,40.758853890036,936.729999999996 -3.77102209243457,40.758824888929,936.1973 -3.7711489947398,40.7587910260499,935.960200000001 -3.77128411123999,40.7587759386026,935.623699999996 -3.77140497776486,40.7587499545444,935.475200000001 -3.77151511571026,40.7587129064733,935.429300000003 -3.77162408045592,40.7586760257706,935.441999999995 -3.77173606264259,40.7586349548746,935.170800000007 -3.77184301606032,40.7585928775761,935.249899999995 -3.77195902180116,40.7585549911097,935.450800000006 -3.77207402142888,40.7585290076455,935.412200000006 -3.77219505593871,40.7585030234908,935.304900000003 -3.77231508523371,40.7584679873595,935.1973 -3.7724470163079,40.7584329505294,935.643599999996 -3.77256201593562,40.7584099841156,935.702600000004 -3.77268606788646,40.7583679073553,936.040800000002 -3.77280509106836,40.7583209687743,936.907600000006 -3.77290902614673,40.758276041563,937.643299999996 -3.77301497345134,40.758229941229,938.278300000005 -3.773127123623,40.7581799847618,938.941399999996 -3.77323206481449,40.7581328786576,939.070399999997 -3.7733380121191,40.7580710203746,938.990300000005 -3.77344697686472,40.7580170409666,938.673500000004 -3.77354403983117,40.7579479738798,938.171499999997 -3.77363909057138,40.7578768953063,937.596300000005 -3.77371100699808,40.7577919027666,937.012600000002 -3.77378208529665,40.7577189799981,936.406900000002 -3.77389306226851,40.7576789149016,935.853000000003 -3.77402096978856,40.7576489075711,934.298800000004 -3.77415306884774,40.7576209123302,934.0628 -3.7742839938088,40.7576039805861,935.363100000002 -3.77440804575965,40.7575909049735,935.389599999995 -3.77453209860882,40.7575739732218,935.602299999999 -3.77465497735992,40.7575550300412,935.782900000006 -3.77476897087453,40.7575888928695,935.9084 -3.77486301550159,40.7576559482275,935.839600000007 -3.77498405090972,40.7576430400168,935.945500000002 -3.77509100342914,40.757585037414,936.155400000003 -3.77519896295998,40.7575459779493,937.134600000005 -3.77533106112082,40.7575220055164,937.780100000004 -3.77545209563065,40.75751295342,938.113899999997 -3.77557296305381,40.7575439658439,938.176399999997 -3.77569802111777,40.757526029048,937.989000000001 -3.77581704429963,40.757494010222,937.550300000003 -3.77593707269634,40.7574629970944,936.875499999995 -3.77606296888846,40.7574269547007,936.047200000001 -3.77618903306553,40.7573909122875,935.228499999997 -3.77631509634431,40.7573689519095,934.505399999995 -3.77644702831682,40.7573449800932,934.097200000004 -3.77657711514973,40.7573230190194,933.912800000006 -3.77670100001395,40.7572920064924,933.736399999994 -3.77682907462063,40.7572690396846,933.538799999995 -3.77694809780252,40.7572499290244,933.168000000005 -3.77706410354336,40.7572229393327,932.909299999999 -3.77717910317108,40.7571989667834,932.699699999997 -3.77730097580906,40.7571689599167,932.667700000005 -3.77741295799574,40.7571299002075,932.709700000007 -3.77752896373658,40.7570920142682,932.604800000001 -3.77764999824641,40.7570549659535,932.641099999993 -3.77775996910518,40.7570189240192,932.686400000006 -3.77786910183576,40.7569719851661,932.811600000001 -3.77797605435519,40.7569210233925,933.146699999998 -3.77808501910084,40.7568729106737,933.347299999994 -3.77818006984106,40.7568169202069,933.430600000007 -3.77830009913606,40.7567729983837,933.5916 -3.77841509876379,40.7567379627016,933.515799999994 -3.77853596618695,40.7566900179248,933.342499999999 -3.77864107446507,40.7566469350302,933.102299999999 -3.77876110376008,40.7566169279143,932.301699999996 -3.77888800606531,40.7565818914695,931.581399999995 -3.77899797602575,40.7565460166731,931.112699999998 -3.77911297565351,40.7565150037836,930.673699999999 -3.77923702850265,40.7564839908797,930.361300000004 -3.77935303334519,40.7564529779613,929.893200000006 -3.7794670277581,40.7564179414301,929.664600000004 -3.77958906838104,40.7563889399408,928.802500000005 -3.77970105056772,40.7563539033758,928.316300000006 -3.77979509519481,40.7562969067406,927.958400000003 -3.77991311226359,40.7562509737903,927.210200000001 -3.7800271066765,40.7562050408083,926.241899999994 -3.78013405919592,40.7561508938507,925.621499999994 -3.78023799517259,40.7560918855726,925.007800000007 -3.78033908079491,40.7560369001833,924.476599999995 -3.78044804554053,40.7559768853873,924.006299999994 -3.78055399284517,40.7559208941659,923.556100000002 -3.78065507846746,40.7558679207914,923.048999999999 -3.78075800833101,40.7558139416359,922.650299999994 -3.78087300795874,40.7557609674957,922.289399999994 -3.78098800758646,40.7557069882535,922.146200000003 -3.78109697233212,40.7556608874989,921.525299999994 -3.78120996063194,40.7556109318229,921.017600000006 -3.78130601748527,40.7555519230655,920.720499999996 -3.78123896184257,40.7554759833306,921.242599999998 -3.78119504051338,40.7553919961882,921.918699999995 -3.78130300004422,40.7553479073871,921.399600000004 -3.78142403455401,40.7553019744616,921.033599999995 -3.78153702285384,40.7552578856009,920.729099999997 -3.7816560451374,40.7552149705368,920.082200000004 -3.781761992442,40.7551728931151,919.639299999995 -3.7818810156239,40.7551448975119,918.0962 -3.78199299781057,40.755101982375,919.266399999993 -3.78211805587453,40.7550889069508,921.040500000003 -3.78223707905642,40.7550858890214,920.952900000004 -3.78237102145854,40.7550709694924,921.284199999995 -3.78248602108629,40.755027886229,921.569499999998 -3.78260705649438,40.7549978790628,921.820399999997 -3.78272909711733,40.7549509408243,922.051999999996 -3.78285298108321,40.7549128869252,922.477199999994 -3.78296596938303,40.7548579012412,922.666899999997 -3.78308096901076,40.7548159916727,922.667700000005 -3.78320401574678,40.7547809556398,922.564799999993 -3.78331398570722,40.7548258824912,922.496700000003 -3.78342898533495,40.754773914679,922.433300000004 -3.78353711195245,40.7547330108126,922.414499999999 -3.78365211158017,40.7547040099492,922.340100000001 -3.78377901388544,40.754680037172,922.270600000003 -3.78389602484106,40.754653886155,922.317899999995 -3.78401504802295,40.7546238788201,922.464900000006 -3.78412703020963,40.7545849870564,922.357900000003 -3.78423096618634,40.7545320132979,921.988599999997 -3.78433004048072,40.7544730042633,921.919999999998 -3.78443196423116,40.7544258982544,921.955100000006 -3.7845370734076,40.754381976893,922.0527 -3.78463698583014,40.7543249799282,921.302500000005 -3.78474611766243,40.7542760296908,921.4473 -3.78486212340327,40.7542279177797,921.1109 -3.78498299082643,40.7542249004917,920.707800000004 -3.78512011865456,40.7542160153467,920.320300000007 -3.7852139952967,40.7541419195742,919.987999999998 -3.78532296004233,40.7540899512274,919.845799999996 -3.78540007412126,40.7540119996518,919.648700000005 -3.78549797431757,40.7539539972834,919.665299999993 -3.78555899507817,40.7538639756512,919.732900000003 -3.78563811958671,40.7537789827445,920.030100000004 -3.78575898700988,40.7537479699253,919.924700000003 -3.78583811241675,40.7536730359423,919.477199999994 -3.78592310472073,40.753600951109,919.293300000005 -3.78604497735868,40.7535659151162,919.687300000005 -3.78617003542264,40.7535699382067,919.592199999999 -3.78630297260997,40.7535850254745,919.464600000007 -3.7864179722377,40.7535560241104,920.410199999998 -3.78653598930647,40.7535260169604,920.382599999997 -3.78664009236981,40.753467008394,920.114600000001 -3.78675106934169,40.753428954326,920.025299999994 -3.78684695821007,40.7533739694563,919.767999999996 -3.7869369801813,40.7532940061682,919.256200000003 -3.78704007713151,40.7532299685073,918.511100000003 -3.78712104677966,40.7531479934881,917.780700000003 -3.78718709541092,40.7530589772254,917.246499999994 -3.78726102406385,40.7529780084574,916.547000000006 -3.78731299160303,40.7528950273447,916.355200000005 -3.78736009835823,40.7528050056397,916.200599999996 -3.78736311579928,40.7527089490993,916.073000000004 -3.78747710931389,40.7526678779193,916.366399999999 -3.78760200029118,40.7526599990331,916.394 -3.78768598648205,40.7527369443672,916.636199999994</coordinates>
</LineString>
</Placemark>
</Folder>
</Document></kml>
