<?xml version="1.0" encoding="UTF-8"?>

<kml xmlns:xsd="http://www.w3.org/2001/XMLSchema" xmlns:gx="http://www.google.com/kml/ext/2.2" xmlns:atom="http://www.w3.org/2005/Atom" xmlns="http://www.opengis.net/kml/2.2">
<Document>
<name>ES49a_02a_vinuelas-torrelaguna</name>
<visibility>1</visibility>
<Schema name="ES49a_02a_vinuelas-torrelaguna" id="kml_schema_ft_ES49a_02a_vinuelas-torrelaguna">
<SimpleField type="xsd:string" name="id">
<displayName>id</displayName>
</SimpleField>
<SimpleField type="xsd:string" name="nombre">
<displayName>nombre</displayName>
</SimpleField>
<SimpleField type="xsd:double" name="longitud">
<displayName>longitud</displayName>
</SimpleField>
<SimpleField type="xsd:string" name="_formato">
<displayName>_formato</displayName>
</SimpleField>
</Schema>
<Folder id="kml_ft_ES49a_02a_vinuelas-torrelaguna">
<name>ES49a_02a_vinuelas-torrelaguna</name>
<Placemark id="kml_1">
<name>&lt;img height='20' src='https://nco.ign.es/iconos/icono_todos_caminos_azul.png' /&gt;&lt;img height='20' src='https://nco.ign.es/iconos/Camino Santiago_20.png' /&gt;&lt;img height='20' src='https://nco.ign.es/iconos/icono_todos_caminos_azul.png' /&gt;  Camino de Santiago </name>
<visibility>1</visibility>
<description><![CDATA[<!DOCTYPE html>
<html>
<head>
<style>
#nco {
  border-collapse: collapse;
  overflow:hidden;
}
#nco th, #nco td {
  padding: 4px;
  text-align: left;
}
#nco th {
  color: #364B5F;
  padding-right: 5px;
}
#nco td {
  color: rgb(51, 51, 51);
  font-size: 12px;
  padding-right: 5px;
}
</style>
</head>
<body>
<table id="nco">
<tr>
<td>Caminos del Centro</td>
</tr>
<tr>
<th><b>Camino: </b></th>
<td>ES49a Camino Mendocino a Santiago</td>
</tr>
<tr>
<th><b>Etapa: </b></th>
<td>02a Viñuelas-Torrelaguna</td>
</tr>
<tr>
<th><b>Longitud: </b></th>
<td>23.41 km</td>
</tr>
</table>
</body>
</html>]]></description>
<Style>
<IconStyle>
<scale>0.8</scale>
</IconStyle>
<LabelStyle>
<color>ffffffff</color>
<scale>0.75</scale>
</LabelStyle>
<LineStyle>
<color>ffff0000</color>
<width>3.0</width>
<gx:labelVisibility>1</gx:labelVisibility>
</LineStyle>
<PolyStyle>
<color>66ff0000</color>
</PolyStyle>
</Style>
<ExtendedData>
<SchemaData schemaUrl="#kml_schema_ft_ES49a_02a_vinuelas-torrelaguna">
<SimpleData name="id">ES49a_02a</SimpleData>
<SimpleData name="_formato">kml</SimpleData>
</SchemaData>
</ExtendedData>
<LineString>
<extrude>0</extrude>
<tessellate>1</tessellate>
<coordinates>-3.34205808119345,40.7944169639167,898.905100000004 -3.34218297127246,40.7944199814202,899.040999999997 -3.34227902812579,40.7944898865384,899.317599999995 -3.34235597421977,40.7945690120521,899.346099999995 -3.34242403507725,40.7946469636621,899.484700000001 -3.34252210325852,40.7947150248597,899.672900000005 -3.34260910778873,40.7947809063514,899.859200000006 -3.34268907042543,40.7948560082071,900.005999999994 -3.34277808628358,40.7949239018926,900.092300000004 -3.34287799870609,40.7949829103736,900.235199999996 -3.34295796224111,40.7950560003511,900.404899999994 -3.3430240117707,40.795141998658,900.512499999997 -3.3431120215157,40.7952149211633,900.505399999995 -3.34321109581008,40.795280970816,900.789699999994 -3.34329307067301,40.7953559048092,900.915399999998 -3.34337404032116,40.7954360357901,901.053199999995 -3.34346104395304,40.7955109702884,901.2359 -3.34354100748807,40.7955848982053,901.135200000004 -3.34356799737076,40.7956849786028,901.217999999993 -3.34366606555203,40.7957359405716,901.179999999993 -3.34376396574834,40.7958009838924,901.393299999996 -3.34387108715102,40.7958438992696,901.280799999993 -3.34399597723002,40.795890000031,901.281600000002 -3.34411801785292,40.7958688772916,901.587700000004 -3.34423502880858,40.7959059250488,901.663199999995 -3.34433795867214,40.7958589864611,901.833299999998 -3.34444910273069,40.7958148979849,901.781799999997 -3.34456393527175,40.7957848908738,901.624899999995 -3.3447020683147,40.7957979664517,901.700800000006 -3.34481304528659,40.7958569748358,901.810400000002 -3.34491111346782,40.7959079366726,901.816999999995 -3.34501605465931,40.7959588991504,901.854000000007 -3.34511496096873,40.7960179073914,901.928100000005 -3.34521101782207,40.7960759104507,901.960800000001 -3.34531797123979,40.7961379366932,902.018800000005 -3.34543498219545,40.7961878925066,901.9951 -3.34554797049524,40.796247907031,902.022899999996 -3.34566095879506,40.7962909900936,902.0723 -3.34575198598111,40.7963619010869,902.100099999996 -3.34583999572611,40.7964349909064,902.096699999995 -3.34592800547114,40.7965079133516,902.157399999996 -3.3460099812324,40.7965850268971,902.199099999998 -3.34606496621261,40.7966680078624,902.247000000003 -3.34617409894322,40.7967270168333,902.291299999997 -3.34628205757576,40.7967880366688,902.251099999994 -3.34637610220283,40.7968488891553,902.265199999994 -3.34649797484081,40.7968959956959,902.271900000007 -3.34660610145831,40.796937905249,902.196800000005 -3.34671406098915,40.7970039545475,902.251399999994 -3.34681296729854,40.7970549168639,902.372799999997 -3.34692109391604,40.7971169428717,902.393800000005 -3.3470500075492,40.7971519790263,902.381200000003 -3.34716500717693,40.7971769572363,902.363299999997 -3.34728403035882,40.7972259071559,902.339200000002 -3.34740204742759,40.7972689902639,902.367199999993 -3.34752207582427,40.7972959800116,902.3315 -3.34765199557055,40.7973269929102,902.229500000001 -3.34777705363451,40.7973489536841,902.142200000002 -3.34789004193434,40.7974029331035,902.142600000006 -3.34800202412101,40.7974470218852,902.126300000004 -3.34811098886667,40.7975020070127,902.113400000002 -3.34822297105334,40.7975449226503,902.059099999999 -3.34832305056251,40.7976019199493,901.919699999999 -3.34842396909816,40.7976569049484,901.719700000001 -3.34852505472044,40.7977098783329,901.612800000003 -3.34863603079404,40.7977509495588,901.462700000004 -3.34876310108423,40.7977900091925,900.835399999996 -3.34888597983533,40.7978339304267,899.956399999995 -3.34899896723682,40.7978639379717,899.410799999998 -3.34912704274179,40.7978810369483,899.157699999996 -3.34925008947785,40.7978750022559,899.058600000004 -3.3493719621158,40.7978460004985,899.267800000001 -3.34947103641018,40.7977819629248,899.280400000003 -3.34957296016062,40.7977299953822,899.503899999996 -3.34968309810606,40.7976849003235,899.985700000005 -3.34979608640585,40.7976289095616,900.677899999995 -3.34990605726462,40.7975678891389,901.254499999995 -3.35002005077923,40.7975108924907,901.603499999997 -3.35012499286902,40.7974669710428,901.839500000002 -3.35024099771156,40.7974269054301,901.960600000006 -3.35035800956552,40.7973809723475,901.815499999997 -3.35048206151636,40.7973529768443,901.856899999999 -3.35060695159539,40.7973239755388,901.918099999995 -3.35073200965935,40.7973060385998,901.876900000003 -3.35086310260538,40.7972869278931,901.952900000004 -3.35099000491061,40.7972659728899,901.935400000002 -3.35110399842522,40.7972319425874,901.830499999996 -3.35123894694049,40.797210987567,901.7601 -3.35136802855861,40.7971928826253,901.713699999993 -3.35150297707384,40.7971679044214,901.668399999995 -3.35163105257885,40.7971409146216,901.603600000002 -3.35175409931488,40.7971169428717,901.499800000005 -3.35187898939388,40.7970809002245,901.475300000006 -3.35201008233994,40.7970559226585,901.391699999993 -3.35213212296284,40.7970369791721,901.377099999998 -3.35226405403706,40.797018874183,901.238500000007 -3.35239296767023,40.7970009371615,901.216899999999 -3.35251098473897,40.7969809885439,901.019199999995 -3.35264492803942,40.7969610392402,900.924700000003 -3.35277702620026,40.7969570160562,901.016900000002 -3.35290795205966,40.7969449458228,901.0527 -3.35302697524155,40.7969280145778,901.009900000005 -3.35314197486928,40.7969048805751,900.967799999999 -3.35326200326595,40.7968889551169,900.875499999995 -3.35339510843824,40.7968740354522,900.844200000007 -3.35351396363518,40.7968609594063,900.831699999995 -3.35365008535019,40.7968539188235,900.937300000005 -3.35377497632749,40.7968359810774,900.967799999999 -3.35390506316043,40.796823911502,900.948799999998 -3.35403196546566,40.796809997621,900.962400000004 -3.35415098774922,40.7967928983685,900.816900000005 -3.35427705192633,40.7967779786822,900.642999999996 -3.3543970812213,40.796767920014,900.456900000005 -3.35452096518719,40.7967649026173,900.393800000005 -3.35464501713806,40.7967560177194,900.338099999994 -3.3547739307712,40.7967509887239,900.317800000004 -3.35489798362037,40.796745959728,900.285000000003 -3.35501398936121,40.7967159523577,900.277199999997 -3.35514206396789,40.7966980152543,900.270399999994 -3.35527500115522,40.7966929862544,900.396399999998 -3.35539804789128,40.7966789043725,900.468699999998 -3.35551992052923,40.7966609672592,900.590200000006 -3.35565000736217,40.7966390062577,900.823499999999 -3.35577003665715,40.7966269366465,901.069199999998 -3.35589308249487,40.7966100053204,901.248300000007 -3.35602501446742,40.7965939118179,901.560299999997 -3.35614990454642,40.7965799978886,901.695099999997 -3.35626909481494,40.7965628985769,901.762600000002 -3.35640102588916,40.7965499904434,901.880499999999 -3.35653698051751,40.796540938223,902.029299999995 -3.3566720970177,40.7965280300852,902.120500000005 -3.35679899932293,40.7965209894672,902.1495 -3.35692305127377,40.7965018785344,902.215700000001 -3.35705900590216,40.796488970389,902.196100000001 -3.3571770229709,40.7964819297668,902.153099999996 -3.35730208103489,40.7964690216175,902.097999999998 -3.35742697111389,40.7964499106698,902.037500000006 -3.35754800562368,40.796439014122,901.9902 -3.35767507591387,40.7964279502785,901.899300000005 -3.35781002442914,40.7964090072931,901.817500000005 -3.35792988573919,40.7963999543734,901.695099999997 -3.35805008212082,40.7963779939656,901.536999999997 -3.35817497219982,40.796362906892,901.467399999994 -3.35830606514588,40.7963530161352,901.440300000002 -3.35842709965567,40.7963379283757,901.389299999995 -3.35855701940196,40.7963318935431,901.330600000001 -3.35868710623487,40.7963250201985,901.300099999993 -3.35881702598115,40.7963028924716,901.256200000003 -3.35894593961432,40.7962919958997,901.280299999999 -3.35907300900621,40.7962599767111,901.261299999998 -3.35919806707017,40.7962489128377,901.292199999996 -3.3593330155854,40.7962400278708,901.296799999996 -3.35946612075769,40.7962360046431,901.342699999994 -3.35959604050397,40.7962249407658,901.405799999993 -3.35972797157816,40.7962229291515,901.4709 -3.35985889653926,40.7962189059228,901.544999999998 -3.35998009903401,40.7961969447751,901.586299999995 -3.36009996034406,40.7961800133393,901.598299999998 -3.36022099485388,40.7961679436447,901.575500000006 -3.36034001803574,40.796156879756,901.510800000004 -3.36047597266413,40.7961550354344,901.420800000007 -3.3605960010608,40.7961459831602,901.305399999997 -3.36072105912476,40.7961288837366,901.128899999996 -3.36085299019898,40.7961149697099,900.970700000005 -3.36097804826294,40.7961149697099,900.882100000003 -3.36110008888584,40.7960980382532,900.850300000006 -3.36122112339567,40.7960839569252,900.823199999999 -3.36134500825985,40.7960809394974,900.856499999994 -3.36147509509279,40.7960708814037,900.872300000003 -3.36159093284868,40.7960519383163,900.805300000007 -3.36172403802097,40.7960370184635,900.710099999997 -3.36184389933098,40.796026959683,900.702600000004 -3.36196996260976,40.7960070107727,900.690499999997 -3.36209904422788,40.7959969526678,900.667700000005 -3.3622309753021,40.7959889061828,900.649799999999 -3.36236106213501,40.795968957261,900.612699999998 -3.36248310275795,40.7959389502196,900.576199999996 -3.36260698762213,40.7959169896593,900.567299999995 -3.36274009189609,40.7958978785527,900.539000000004 -3.36288409273445,40.7958869819143,900.575599999996 -3.36301300636761,40.7958769237912,900.571800000005 -3.36313504699056,40.7958579806485,900.533100000001 -3.36326010505451,40.7958459108953,900.556100000002 -3.36337896025145,40.7958398760179,900.615300000005 -3.3635120654237,40.7958259619306,900.635899999994 -3.36363511126143,40.7958080245868,900.633000000002 -3.3637559786846,40.7957889141288,900.640299999999 -3.36389310651272,40.7957838850601,900.642200000002 -3.36402101403277,40.7957629302626,900.640499999994 -3.3641420494409,40.7957599128202,900.633900000001 -3.36427196828885,40.7957470045305,900.648799999995 -3.36440004379386,40.795742981273,900.666100000002 -3.36452107920198,40.7957220264626,900.627500000002 -3.36464596928098,40.7957159915739,900.658599999995 -3.36476901511871,40.7957119683145,900.744200000001 -3.3648880383006,40.7957129741294,900.796000000002 -3.36501309636455,40.795695036755,900.7647 -3.36513496900254,40.7956769313999,900.746499999994 -3.36525801573856,40.7956678790606,900.723100000003 -3.3653740214794,40.7956469242264,900.734700000001 -3.36549103243506,40.7956299933305,900.774900000004 -3.36562212538112,40.795612893774,900.754199999996 -3.36574802157324,40.7956070268515,900.790299999993 -3.36587190643742,40.7955899272892,900.804600000003 -3.36600702293764,40.7955729963786,900.816800000001 -3.36613811588367,40.7955548909902,900.7984 -3.36626904084477,40.7955460066105,900.765700000004 -3.3663920875808,40.7955450007931,900.659599999999 -3.36652904742396,40.7955369542533,900.556500000006 -3.36666097849818,40.795521028467,900.495699999999 -3.36678989213132,40.795498899792,900.354600000006 -3.36692500863154,40.7954930328595,900.271200000003 -3.36704906058238,40.7954729164924,900.215800000005 -3.36717512475946,40.7954519615967,900.127500000002 -3.36729498606951,40.7954388859507,900.142800000001 -3.36742809034347,40.7954310066945,900.230800000005 -3.36754795165352,40.7954189368637,900.308499999999 -3.36767099838954,40.7954080401468,900.297399999996 -3.36779588846854,40.7954040168687,900.318700000003 -3.36793201018355,40.7953999935903,900.422600000005 -3.36805807436062,40.7953818888348,900.405400000003 -3.36819000543484,40.7953709921118,900.436700000006 -3.36832394783696,40.7953579164498,900.443700000003 -3.36844800068613,40.7953359556973,900.432799999995 -3.36856501164176,40.7953139956176,900.359700000001 -3.36868403482365,40.7952948843374,900.332299999995 -3.36881495978475,40.7952910290293,900.300700000007 -3.36894102396183,40.7952859999229,900.242899999997 -3.36907597247706,40.7952789591731,900.192999999999 -3.36920505409518,40.7952600158597,900.180699999997 -3.3693389964973,40.7952388936,900.157300000006 -3.36947997989464,40.7952279968534,900.126399999994 -3.36959900307653,40.7952229677422,900.119300000006 -3.36972992893593,40.7952179386305,900.116899999994 -3.36985900965572,40.7951929603636,900.065100000007 -3.36998708516073,40.7951770351748,900.028399999996 -3.37010191770179,40.7951528954186,899.955900000001 -3.37023301064785,40.7951409928344,899.850399999996 -3.37035806871181,40.7951150087146,899.768299999996 -3.3704770918937,40.7950979097056,899.720300000001 -3.37060097585959,40.7950739378981,899.608399999997 -3.37073106359083,40.7950658913012,899.502500000002 -3.37086701732088,40.7950509712268,899.411999999997 -3.37098905794379,40.7950358838515,899.294699999999 -3.37111696636214,40.7950280045475,899.214999999997 -3.37123598864573,40.7950189521197,899.161099999998 -3.37136590839201,40.7950098996906,899.095000000001 -3.37149700133804,40.7949869336772,898.941500000001 -3.37163597340744,40.7949808987217,898.800499999998 -3.3717590201435,40.7949629611495,898.669500000004 -3.37187703721224,40.7949508912336,898.545700000002 -3.37200092117816,40.794942006773,898.414900000003 -3.37212011234497,40.7949329543334,898.284499999994 -3.37224097886984,40.7949329543334,898.168999999994 -3.37237911281108,40.7949228960658,898.057799999995 -3.3725130561115,40.794904958478,898.002900000007 -3.3726439810726,40.7948799800933,897.954299999998 -3.37277306269072,40.7948648926792,897.921499999997 -3.37290298153867,40.7948489674117,897.830799999996 -3.37303709282408,40.7948389091313,897.713900000002 -3.37316500034413,40.7948348858188,897.669599999994 -3.37329106362288,40.7948189598641,897.651500000007 -3.37341695981503,40.7948089015791,897.573000000004 -3.37354604143312,40.794787947154,897.448199999999 -3.37367311082501,40.7947758772063,897.361199999999 -3.37380001313024,40.7947788946934,897.320000000007 -3.37392490320928,40.7947829180094,897.260599999994 -3.3740559961553,40.7947629687252,897.150899999993 -3.37417501933719,40.7947410084561,897.069099999993 -3.37429404251908,40.79472793267,896.959099999993 -3.37442295615225,40.7947198860311,896.751099999994 -3.37455304298516,40.7947029548988,896.340800000005 -3.37468212460328,40.7946860230819,895.863899999997 -3.37481103823645,40.794666912301,895.117299999998 -3.37493207274624,40.794651992817,894.002500000002 -3.37505495149734,40.794643946169,892.9755 -3.37517498079235,40.7946389170135,891.829400000002 -3.37529500918903,40.7946169560231,891.071100000001 -3.37542509692027,40.7946328820263,890.734100000001 -3.37554411920383,40.794652998648,891.110799999995 -3.37563011762092,40.7947299443296,891.744200000001 -3.37564000897053,40.7948219773493,892.094400000002 -3.37567705639116,40.7949109934404,892.524399999995 -3.37571410471009,40.7949979977608,892.905599999998 -3.37577596270058,40.7950769553717,893.347399999999 -3.37586799599975,40.7951409928344,893.868199999997 -3.37597511740243,40.7951869254268,894.433300000004 -3.37607201148559,40.7952479459979,895.133199999997 -3.3761590160158,40.7953218742077,895.688999999998 -3.37624702576083,40.7953849062944,896.064599999998 -3.37636504282961,40.7954108903086,896.309500000003 -3.37649798001691,40.7954098844892,896.393400000001 -3.37662203196775,40.7954189368637,896.506500000003 -3.37674809614486,40.7954289950562,896.7019 -3.37688203944527,40.7954459266835,896.959499999997 -3.37700910883716,40.7954509557779,897.177500000005 -3.37714305123928,40.7954529674155,897.375700000004 -3.37727799975452,40.7954509557779,897.572199999995 -3.37740607525953,40.7954579965094,897.725099999996 -3.37754001855997,40.7954749281294,897.824099999998 -3.3776630643977,40.79548699795,897.807700000005 -3.3777859431488,40.795491021223,897.801900000006 -3.37792105964899,40.7955029237445,897.8076 -3.37805500294941,40.7955180110135,897.821200000006 -3.37817704267402,40.7955309186677,897.838499999998 -3.37830109552319,40.7955439949756,897.849600000001 -3.37842112391987,40.79555002988,897.777300000002 -3.37854299655785,40.7955490240626,897.594800000006 -3.37867593374515,40.7955659556593,897.416800000006 -3.37880501536328,40.7955689731106,897.309899999993 -3.3789260498731,40.7955729963786,897.224799999996 -3.37904708438289,40.7955899272892,897.212799999994 -3.37917298057501,40.7955929447393,897.193799999994 -3.37930709096212,40.7956030035855,897.223100000003 -3.37943701070837,40.7956169170394,897.330700000006 -3.37955888334635,40.7956249642497,897.479500000001 -3.37968695885136,40.7956350224109,897.691900000005 -3.37980698814637,40.7956469242264,897.8986 -3.37994310986134,40.7956509481699,898.061100000006 -3.38006397728451,40.7956640237742,898.153099999996 -3.38018702312224,40.7956729081381,898.171499999997 -3.38030604630413,40.795674919769,898.129700000005 -3.38043596605041,40.7956769313999,898.042000000001 -3.38056806510958,40.7956890018639,897.948099999994 -3.38068809350626,40.7956968804094,897.840400000001 -3.38081398969838,40.7957159915739,897.807499999995 -3.38094893821361,40.7957220264626,897.7592 -3.38106896750862,40.7957089508697,897.717499999999 -3.38120006045468,40.7957248759309,897.703800000003 -3.38133199152886,40.795724038092,897.7019 -3.3814540321518,40.7957278933749,897.675399999993 -3.38157707798953,40.7957399638296,897.679999999993 -3.38169408984349,40.7957558895634,897.539999999994 -3.3818280322456,40.7957659477049,897.349300000002 -3.38196801042812,40.7957659477049,897.167199999996 -3.38209910337418,40.795772988403,897.087199999994 -3.38222801700735,40.7957869025013,897.125799999994 -3.38232809651651,40.7958438992696,897.059899999993 -3.38233597563985,40.7959379444081,897.095300000001 -3.38232910262963,40.7960370184635,897.181299999997 -3.38232306774756,40.7961369308847,897.231199999995 -3.38231988232155,40.7962360046431,897.284599999999 -3.38232206163445,40.7963280382953,897.318700000003 -3.38232608518858,40.7964229212581,897.361000000004 -3.38233496952674,40.7965209894672,897.4277 -3.38234603407609,40.7966130227242,897.481599999999 -3.38233999919402,40.7967129349586,897.517600000006 -3.38233396431195,40.7968178767135,897.604800000001 -3.38233597563985,40.7969089037622,897.666800000006 -3.38234905151714,40.7970049603428,897.709400000007 -3.38236497685048,40.7971058784612,897.767200000002 -3.38237604139986,40.7972069643982,897.856 -3.38239196673321,40.7972979915934,897.944300000003 -3.38239397895944,40.7973910309227,898.043000000005 -3.38238107016882,40.7974909433463,898.108399999997 -3.38236296552258,40.797592028697,898.209199999998 -3.38234301663507,40.7976869118934,898.263800000001 -3.38230798054234,40.7977789455742,898.373200000002 -3.38226305310004,40.797876008038,898.4179 -3.38223606321735,40.7979708908285,898.549299999999 -3.38216096136464,40.7980419693575,898.733900000007 -3.3820509914042,40.7980959488935,898.921000000002 -3.38194303187333,40.7981539514972,899.0239 -3.38181897992249,40.7981960289057,899.106499999994 -3.38169911861244,40.798237938318,899.172699999996 -3.38158411898471,40.7982800156732,899.222200000004 -3.3814729749262,40.7983279603644,899.236999999994 -3.38135797529847,40.7983759043409,899.285300000003 -3.38127801176344,40.7984469831162,899.316900000005 -3.38118296102323,40.7985110207284,899.345700000005 -3.38107299016449,40.7985448837666,899.429699999993 -3.3809511175265,40.7985909840125,899.489600000001 -3.380842990909,40.7986338996262,899.535099999994 -3.38072396772715,40.7986810055801,899.558099999995 -3.38062791177211,40.7987349852765,899.566099999996 -3.38053001067751,40.7987879591606,899.641300000003 -3.38045306548186,40.7988608817413,899.768700000001 -3.38036991652082,40.7989390010396,899.857699999993 -3.38030805853036,40.7990169522786,899.918999999994 -3.38024804388287,40.7990989278405,899.965400000001 -3.38017797079912,40.7991798968588,899.944699999993 -3.38010203081829,40.7992519812145,899.997199999998 -3.38000211839575,40.7993140072095,900.188200000004 -3.37990405021448,40.7993819004161,900.098700000002 -3.37980497592014,40.7994330302334,900.209900000002 -3.37971998361615,40.7995059527854,900.228799999997 -3.37961688666594,40.7995679785431,900.346999999994 -3.37954211988485,40.7996459304035,900.381899999993 -3.37946902936005,40.7997309231307,900.365099999995 -3.37942611414398,40.7998159157491,900.438200000004 -3.37939996238944,40.7999089549496,900.449699999997 -3.37938688651216,40.8000019940196,900.592999999993 -3.37940700338463,40.8001019059135,900.557199999996 -3.37942410281608,40.8001979626339,900.575100000002 -3.37943499938047,40.8002920077244,900.771599999993 -3.37944405170359,40.8003878968857,900.920299999998 -3.37947489715549,40.8004749008283,901.054900000003 -3.37951898557133,40.8005719634303,901.165099999998 -3.37957598277777,40.8006529326918,901.224700000006 -3.3796251008609,40.8007439599218,901.265100000004 -3.37964404363529,40.8008369991814,901.342300000004 -3.37963499131217,40.8009270204231,901.424700000003 -3.37961303109673,40.8010178806748,901.459099999993 -3.37958402898777,40.8011079023511,901.516600000003 -3.37954597545403,40.8011999353689,901.619500000001 -3.37949400791484,40.8012949861301,901.681800000006 -3.37943399326735,40.8013809845148,901.785099999994 -3.37936207684065,40.8014549126947,901.867199999993 -3.37927406619733,40.801525991573,901.901599999997 -3.37918102768334,40.8015839938996,901.9424 -3.37913408891311,40.8016740154882,901.916599999997 -3.37910089616336,40.8017739282653,901.895000000004 -3.3790670332704,40.8018719960492,901.876199999999 -3.37907910303457,40.8019739206483,901.850200000001 -3.37910089616336,40.8020689709811,901.891300000003 -3.37915202647272,40.8021559754402,901.941300000006 -3.37920801756604,40.8022429791053,901.9712 -3.37924908854083,40.8023360183037,902.048800000004 -3.37927205486939,40.8024389485833,902.147299999997 -3.37929401508484,40.8025309817954,902.236999999994 -3.37930910318835,40.8026278761523,902.266499999998 -3.37929502119795,40.8027178983651,902.404599999994 -3.37927607842356,40.8028099311904,902.520799999998 -3.37925596155109,40.8029069937777,902.662599999996 -3.37924204754565,40.8029970156119,902.870500000005 -3.37922796645358,40.8030979334604,902.984400000001 -3.37918404512439,40.8031839315491,903.069699999993 -3.37915705524167,40.8032769707885,903.199900000007 -3.3791288921592,40.8033720219751,903.228499999997 -3.37910508770248,40.8034618759023,903.308099999995 -3.3791000580352,40.8035559204481,903.298599999995 -3.37909402315313,40.803648959846,903.256399999998 -3.37905999317352,40.8037460225662,903.165800000002 -3.3790120482902,40.8038378880506,902.972599999994 -3.37895303975579,40.8039170133019,902.782399999996 -3.37890593300063,40.8040030116892,902.682199999996 -3.37889704866247,40.8040958831857,902.655499999993 -3.37898405229436,40.8041689733293,902.8076 -3.3790839647169,40.8042360285982,902.982000000004 -3.37918404512439,40.8043029158454,903.118799999997 -3.37928697498795,40.8043609184651,903.227700000003 -3.37940398594361,40.8044100364808,903.265899999999 -3.37952401523858,40.8044620042334,903.203200000004 -3.37962392676282,40.8045129662638,903.113700000002 -3.37974412404279,40.8045469969134,903.045499999993 -3.37983096058804,40.8046219313266,902.947100000005 -3.37992601132823,40.8046940152121,902.886299999998 -3.38002810216533,40.8047578856442,902.739799999996 -3.38012801458787,40.8048110267542,902.6538 -3.38022306532808,40.8048710416421,902.6299 -3.38031694286852,40.8049328998736,902.432100000005 -3.38040897616772,40.8049888905941,902.263600000006 -3.38050402690793,40.8050478996477,902.172099999996 -3.38059505409398,40.8051219957751,902.0239 -3.38066697141897,40.8051929061743,901.905100000004 -3.38076503960024,40.8052509093762,901.726999999999 -3.38086109645357,40.8053229932584,901.488700000002 -3.38094893821361,40.8053918927864,901.336299999995 -3.3810290697336,40.8054690062108,901.204899999997 -3.38112495860197,40.8055338822432,900.932100000005 -3.38122202067012,40.8055938964774,900.681100000002 -3.38132612373345,40.8056508936645,900.501999999993 -3.38143508847908,40.8056899534093,900.088000000003 -3.38157003789264,40.8056980000783,899.624500000005 -3.38169107240244,40.8057159374695,899.243600000002 -3.38182501480459,40.8057139254629,898.838300000003 -3.3819551016375,40.8057119141362,898.564499999993 -3.38207395773273,40.8057338741759,898.320600000006 -3.38218610700606,40.8057658935544,898.086200000005 -3.3822940665369,40.8058079702173,897.779399999999 -3.38241711237463,40.8058440128856,897.261799999993 -3.38253898501261,40.8058498802633,896.878299999997 -3.38265297942552,40.8058770371919,896.511899999998 -3.38276596772534,40.8059179408541,896.035900000003 -3.38287308822972,40.8059678974669,895.652400000006 -3.38299496086767,40.8060019273705,895.184200000003 -3.38308699416684,40.8060659651735,894.957200000004 -3.38319009201539,40.8061209506409,894.721900000004 -3.38329503320688,40.806184988329,894.516000000003 -3.38338404906499,40.8062518763317,894.309200000003 -3.38350005480583,40.8063090409027,894.064299999998 -3.38360901955149,40.8063610085283,893.841799999995 -3.38368898218819,40.8064299076585,893.633900000001 -3.38374698550777,40.8065189238228,893.508300000001 -3.38380599404214,40.8066019046087,893.501999999993 -3.38388511944901,40.8066719770859,893.676000000007 -3.38395904720365,40.8067630042203,893.931899999996 -3.38403196974346,40.80684095647,893.964800000002 -3.38410003149928,40.8069279601131,893.942999999999 -3.38417798280804,40.8070119467112,893.722800000003 -3.38421000145972,40.8070999571323,893.508799999996 -3.3842581134297,40.8071919900006,892.972099999999 -3.3843219836464,40.8072759769446,891.749200000006 -3.38440898817661,40.8073509109962,890.618300000002 -3.38450688837292,40.8074219896797,889.903099999996 -3.38462289411376,40.8074499850158,889.253299999997 -3.38475096961877,40.8074719458403,889.123699999996 -3.38485708490833,40.8075279371384,889.353199999998 -3.38488910356001,40.8076179588242,889.626600000003 -3.38497107842294,40.8076999339625,890.224799999996 -3.38507099084548,40.807754918756,890.844700000001 -3.38517710523671,40.8078159393329,891.292799999996 -3.38529009353654,40.807873942282,891.751600000003 -3.38540408794944,40.8079180309081,892.240300000005 -3.38552009279198,40.8079549114748,892.685100000002 -3.38563006365076,40.8079919592858,893.089000000007 -3.38574707550471,40.8080439269533,893.416400000002 -3.3858520166962,40.8080928770183,893.6921 -3.38595293433353,40.8081500420434,893.958100000003 -3.38604597374584,40.8082169294253,894.2402 -3.38614789749628,40.8082678912919,894.528999999995 -3.3862570302269,40.808325893846,894.771900000007 -3.3863591219623,40.8083800411217,894.914099999995 -3.38646003959962,40.808441899482,895.003700000001 -3.38656900434528,40.808500908185,895.143200000006 -3.38667796909094,40.8085589112153,895.232499999998 -3.38678810703634,40.8086118847382,895.205000000002 -3.38688801945888,40.8086698876715,895.087899999999 -3.38699296154866,40.8087169939822,894.991399999999 -3.38710712304823,40.8087629266994,894.893299999996 -3.38722698345998,40.808811876914,894.843699999998 -3.38733712230368,40.8088559655968,894.871700000003 -3.38746704204996,40.8088469130149,894.850999999995 -3.38757701201044,40.8088090273275,894.771099999998 -3.38767809763272,40.8087609147852,894.687099999996 -3.38778303972254,40.8087089469993,894.456399999995 -3.38789300968298,40.8086559735539,894.322799999994 -3.38800800931071,40.8086060176048,894.039199999999 -3.38811999149738,40.8085579055951,893.840400000001 -3.38824002079239,40.8085139839778,893.682400000005 -3.388345968097,40.8084600047551,893.5429 -3.38846096772472,40.8084020016383,893.276400000002 -3.38856607690117,40.8083470167011,892.977199999994 -3.38865509275932,40.8082849903082,892.697 -3.38876707494599,40.8082340284547,892.433999999994 -3.38889699469227,40.8082388899959,892.308600000004 -3.38900998209377,40.8081939632216,892.308999999994 -3.38910000406503,40.808120034389,892.457999999999 -3.38921299236482,40.808087009839,892.672600000005 -3.38934911407983,40.8080969008873,892.8367 -3.38947702159988,40.808122884685,893.095400000006 -3.38960107444906,40.8081649618933,893.291800000006 -3.38972210895885,40.8081849105494,893.486099999995 -3.38984096415578,40.8082020095871,893.612099999998 -3.38996803354764,40.8082279933436,893.696400000001 -3.39008806284265,40.8082469363559,893.837499999994 -3.3902220052448,40.8082559890197,893.714500000002 -3.39034404586771,40.8082658800427,893.598299999998 -3.39048000049606,40.8082650416822,893.496400000004 -3.39060908211418,40.8082600121987,893.424899999998 -3.3907349783063,40.8082678912919,893.409700000004 -3.39087411746236,40.8082678912919,893.3652 -3.39099800232654,40.8082590065739,893.303799999994 -3.39112507171843,40.8082590065739,893.278900000005 -3.39124711234137,40.8082600121987,893.290599999993 -3.39137703208766,40.8082368780658,893.195699999997 -3.39149706048433,40.8082179350507,893.122900000002 -3.39163100378478,40.8081919512902,893.091400000005 -3.39174801474041,40.808169990704,892.982199999999 -3.3918650265944,40.8081528916581,892.900999999998 -3.39199310209937,40.808120034389,892.753500000006 -3.39212100961942,40.8080890217737,892.623099999997 -3.39222796303715,40.8080449325813,892.521900000007 -3.39234296266487,40.8080169374962,892.420599999998 -3.39246802072886,40.8079979944183,892.297000000006 -3.39259207267971,40.8080000056757,892.262499999997 -3.39271511851743,40.8079539051654,892.163 -3.39283112425827,40.8079049549979,892.062900000004 -3.39294008900393,40.8078600279975,892.002900000007 -3.39304804763644,40.8078129217585,891.935599999997 -3.39314896617209,40.8077569307007,891.872000000003 -3.3932629596867,40.8077009395958,891.796100000007 -3.39337309853043,40.8076419308614,891.776400000002 -3.39347602839399,40.8075959980481,891.757700000002 -3.39355900847174,40.807523913915,891.657399999996 -3.39367501421258,40.8074809986097,891.634000000005 -3.39379889907679,40.8074459617876,891.630600000004 -3.39391406668948,40.807410925627,891.554799999998 -3.3940339271012,40.8073789070422,891.474000000002 -3.39416703227349,40.8073499053576,891.359599999996 -3.39428907289639,40.8073299564505,891.278399999996 -3.39441698041645,40.8073249275761,891.242700000003 -3.39454606203457,40.8073239212572,891.2114 -3.3946729634415,40.8073279444928,891.1633 -3.39479601017753,40.8073150364128,891.0818 -3.39492894736486,40.8073150364128,891.027700000006 -3.39506590720803,40.8073069899398,890.925700000007 -3.39519096527199,40.8072969315073,890.885599999994 -3.39531401200801,40.8072870410198,890.839699999997 -3.39545097185118,40.8072850297408,890.733500000002 -3.39557200636101,40.807266924827,890.666299999997 -3.39570997321559,40.8072560280151,890.5769 -3.39584508881748,40.8072338998525,890.446899999995 -3.39595807711727,40.8072018811823,890.332399999999 -3.39608397330939,40.8071670121596,890.178100000005 -3.3962120488144,40.8071489072138,890.034100000004 -3.39632604232901,40.8071110212369,889.810299999997 -3.3964450655109,40.8070790025074,889.569600000003 -3.39656492682095,40.8070588855716,889.270900000003 -3.39667892123385,40.8070220051869,888.993499999997 -3.39680297318473,40.8069909920584,888.722599999994 -3.3969230015814,40.8069728870645,888.446100000001 -3.39703699599431,40.8069458978518,888.351999999999 -3.39716808894037,40.8069209192382,887.984800000006 -3.39728711212226,40.8069029821727,887.662800000006 -3.39740311696477,40.8068830331312,887.2264 -3.39753504803899,40.8068749866059,887.098599999998 -3.3976669800115,40.8068649287878,886.886599999998 -3.3977960607313,40.8068810218399,886.652300000002 -3.3979221249084,40.8069059997885,886.456900000005 -3.39804802110052,40.8069350009871,886.236699999994 -3.39817307916448,40.8069319833727,885.701400000005 -3.39829009012014,40.8069049941433,885.196200000006 -3.39840089910704,40.8068510142917,884.788700000005 -3.39849393851935,40.8067920061614,884.481799999994 -3.39858111013619,40.8067169042106,884.172500000001 -3.398662078886,40.8066329172391,883.748200000002 -3.39872712230248,40.8065479251906,883.365999999995 -3.39878596375022,40.8064589090652,883.270900000003 -3.39885000105358,40.8063759281005,882.936600000001 -3.39891303314211,40.8062919413774,882.5769 -3.39899601411816,40.806212984187,882.059099999999 -3.39904999388358,40.8061300029147,881.996499999994 -3.39911604341317,40.8060429989054,881.729800000001 -3.39919298860882,40.8059630357593,881.308499999999 -3.39930698302175,40.8059159295336,880.624200000006 -3.39941795909531,40.8058619502374,880.274900000004 -3.3995250795997,40.8057999235616,880.081300000005 -3.39963303913053,40.8057539908333,879.811499999996 -3.39973596899409,40.8057078908026,879.615900000004 -3.39985398606287,40.8056629636747,879.397100000002 -3.39997502057269,40.8056180365165,879.621499999994 -3.40010494031894,40.8056170308517,879.164799999999 -3.40022211925956,40.8056369795938,878.382400000002 -3.40035103289272,40.8056700040031,877.486199999999 -3.40048011361252,40.8056980000783,876.733399999997 -3.40059511324024,40.8057229777922,876.125799999994 -3.40072302165862,40.8057439328453,875.649900000004 -3.40083701517323,40.8057709225469,875.174700000003 -3.40095302091407,40.8058079702173,874.664499999999 -3.40106299177285,40.8058508859246,874.166100000002 -3.40118100884162,40.8058949745348,873.7451 -3.40130589892062,40.805910900552,873.384399999995 -3.4014210665333,40.8059479481443,872.795499999993 -3.40150203528312,40.8060289176471,871.908500000005 -3.40154696272542,40.8061259796065,871.321899999995 -3.40157998749021,40.8062170074899,870.9908 -3.40162105846501,40.8063169195477,870.671100000007 -3.4016730260042,40.8064029182249,870.3364 -3.40171409787729,40.8064899224424,870.337299999999 -3.40169196967689,40.8065950309677,870.509900000005 -3.40166900334833,40.8066909198623,870.854099999997 -3.40161904713708,40.8067739011132,871.082599999994 -3.40154998016647,40.8068619111701,871.2788 -3.40148409862184,40.8069418745931,871.467399999994 -3.40146297563626,40.8070419541867,871.645799999998 -3.40148610994974,40.8071380110624,871.895900000003 -3.40153908360208,40.8072240093556,872.700700000001 -3.40159406858228,40.8073120194955,873.311499999996 -3.40165106578875,40.8074058967588,873.640400000004 -3.40172398832857,40.8074779810201,874.140499999994 -3.40185809871564,40.8074918947048,875.003200000006 -3.40198600623569,40.8074809986097,875.834199999998 -3.40210301808965,40.8074628937495,876.478499999997 -3.40223008748154,40.8074590377883,877.158299999996 -3.40236503599678,40.8074590377883,878.017000000007 -3.40249009406073,40.8074809986097,878.926500000001 -3.40260794404288,40.8075069819687,879.823300000004 -3.40272897855268,40.8075319603617,880.738599999997 -3.4028580601708,40.8075488916216,881.733699999997 -3.40296903624436,40.8076089060734,882.351599999995 -3.40306710442562,40.8076628853085,882.911200000002 -3.40317204561711,40.8077218940243,883.517699999997 -3.40327497548067,40.8077889497831,884.030499999993 -3.40337404977505,40.807862039939,884.526400000002 -3.40345200108382,40.8079309388708,884.909499999994 -3.40350497473612,40.8080259895114,885.383499999996 -3.40352509160862,40.8081259022454,885.897100000002 -3.40352810904964,40.8082199469814,886.632199999993 -3.4035180506134,40.8083139915841,887.206699999995 -3.40350598084927,40.808412898262,887.504199999996 -3.40350396952133,40.8085129783569,887.648300000001 -3.40350396952133,40.808613896657,887.761899999998 -3.40350396952133,40.8087159876844,887.838799999998 -3.40350212528006,40.8088219351169,887.925300000003 -3.40350212528006,40.8089149746116,887.997499999998 -3.40349709651111,40.8090179042068,888.063500000004 -3.40349206684383,40.8091179840691,888.125199999995 -3.40348502584861,40.8092100175382,888.167799999996 -3.40348100319277,40.8093000389819,888.249800000005 -3.40347798575172,40.8093898930421,888.297099999996 -3.40345803686421,40.8094849436328,888.315300000002 -3.40346910051527,40.8095850234706,888.314899999998 -3.40347211795632,40.8096819184075,888.265199999994 -3.4034711118432,40.8097749573762,888.186300000001 -3.40346993864343,40.8098740318563,888.152100000007 -3.40345803686421,40.8099769613237,888.146200000003 -3.4034570307511,40.8100740236277,888.290099999998 -3.40346105430526,40.8101739359977,888.425900000002 -3.40344211063254,40.810273010562,888.350300000006 -3.40340305098568,40.8103620263305,888.073600000003 -3.40341109809401,40.810459926404,888.2696 -3.40344311674566,40.8105620179909,888.557400000005 -3.40349793463927,40.8106460047489,888.811600000001 -3.40358393305636,40.810719933487,888.983399999997 -3.40366104623697,40.810790006375,889.1201 -3.40372793389472,40.8108770102798,889.225399999996 -3.40370496756616,40.8109749109534,889.217499999999 -3.40364109734946,40.8110649327223,889.126600000003 -3.40356498938364,40.8111438902589,889.101200000005 -3.40349206684383,40.8112189919587,889.087499999994 -3.40339802221673,40.8112888970632,889.010599999994 -3.4033240935638,40.8113619874435,889.044500000004 -3.40326407891628,40.8114499968546,889.191600000006 -3.40320004161296,40.8115309664431,889.344299999997 -3.40313298597025,40.811604894875,889.491699999999 -3.40304698755316,40.8116898872456,889.684599999993 -3.40297104757229,40.8117740411912,889.793399999995 -3.40289996927375,40.811846963782,889.874899999995 -3.40282905806184,40.8119259217477,889.966 -3.40273501343474,40.8119819126872,890.040200000003 -3.40264599757663,40.8120469564058,890.130099999995 -3.40257290795016,40.812121890509,890.213799999998 -3.40249512372802,40.8121979980267,890.291800000006 -3.40241398699324,40.8122819847537,890.395099999994 -3.40235112199133,40.8123609422018,890.490699999995 -3.40227803236489,40.8124340327609,890.601699999999 -3.40220091828596,40.8125089671068,890.702900000004 -3.40213704896756,40.8125949652381,890.801099999997 -3.40205188867862,40.8126709049602,890.914399999994 -3.4019751105696,40.8127409778275,891.020000000004 -3.40189112348044,40.8128199354093,891.115600000005 -3.40180998674566,40.8128950372517,891.230899999995 -3.40173304065168,40.8129679599701,891.341400000005 -3.4016460370198,40.813042893713,891.458599999998 -3.40156506737166,40.8131230250982,891.596699999995 -3.40148108118079,40.813196953116,891.6878 -3.40140296188707,40.8132738990576,891.769899999999 -3.40130707212036,40.8133349193184,891.8511 -3.40121403360638,40.8134049921643,891.938699999999 -3.40112602296305,40.8134728859139,892.027199999997 -3.40104304288534,40.8135479876971,892.1492 -3.40097900468365,40.8136309685315,892.256899999993 -3.40088998882554,40.813698023758,892.237899999993 -3.40079711739821,40.8137689345113,892.283800000005 -3.40071497455029,40.8138559385892,892.362599999993 -3.4006241153492,40.8139318789076,892.440199999997 -3.40055102482443,40.8140069801712,892.528099999996 -3.40046502640733,40.8140879493588,892.543699999995 -3.40039210386752,40.8141699246627,892.580499999996 -3.4003159959017,40.8142440208027,892.677100000001 -3.40024206814707,40.8143179489312,892.703800000003 -3.4001689776223,40.8143928831889,892.743300000002 -3.4000970611956,40.8144659735492,892.839600000007 -3.40002195934289,40.8145429193788,892.969200000007 -3.39993512279764,40.8146218768557,893.025699999998 -3.39986002094493,40.8146939614364,893.1348 -3.39979196008744,40.8147759359915,893.247700000007 -3.39972205498868,40.8148548938709,893.389800000004 -3.39963991214076,40.8149350251072,893.558000000005 -3.39957604192406,40.8150149883196,893.705600000001 -3.39949406706113,40.8150929397135,893.915599999993 -3.39941510963925,40.8151708916957,894.113800000006 -3.39932592579615,40.8152500170314,894.277199999997 -3.39924797448735,40.8153279681492,894.386400000003 -3.39915392896195,40.8154069260514,894.488899999997 -3.39908603608942,40.8154889010853,894.540399999998 -3.39898696179504,40.8155650088198,894.612699999998 -3.39889107292667,40.8156318962057,894.615699999995 -3.39880708583751,40.8157029748569,894.627399999998 -3.39872796132896,40.8157899791178,894.609800000006 -3.3986600675581,40.8158639075632,894.588900000002 -3.39857993603812,40.8159339797776,894.554799999998 -3.39848689752413,40.8160079087423,894.455400000006 -3.39839905486576,40.8160799924969,894.390199999994 -3.39830299801243,40.8161488917336,894.348299999998 -3.39825203658636,40.8162358960896,894.402100000007 -3.39819403326681,40.8163259175189,894.456699999995 -3.39814206572762,40.8164139278238,894.565400000007 -3.39805003242842,40.8164928851134,894.640199999994 -3.39796805756549,40.8165760335868,894.716499999995 -3.39786797805632,40.8166249841562,894.710900000005 -3.39776890376194,40.816701930201,894.710000000006 -3.39768994634006,40.8167740145612,894.708199999994 -3.39761199413297,40.8168519659278,894.642999999996 -3.3975280079421,40.8169339412156,894.524799999999 -3.39744502696605,40.8170149102301,894.523199999996 -3.39738601843165,40.8171049319621,894.578099999999 -3.39747905694563,40.8171659520985,894.692299999995 -3.3975918781588,40.8172249605213,894.873800000001 -3.39770503354525,40.8172859812272,895.060100000002 -3.39781299217779,40.8173419724021,895.204299999998 -3.39791994559551,40.8174070156248,895.301999999996 -3.39802706609989,40.8174670299982,895.325899999996 -3.3981249671945,40.8175250326688,895.316000000006 -3.39823309291367,40.8175848796948,895.231700000004 -3.39832898268034,40.8176400323754,895.183499999999 -3.39842101597954,40.8176980355746,895.126099999994 -3.39853199205309,40.8177578824444,895.014599999995 -3.39864196291187,40.8178189026602,894.933999999994 -3.39873701365208,40.8178738879062,894.918099999995 -3.39883089029422,40.8179290403465,894.930300000007 -3.39893298202962,40.8179919047995,894.964699999997 -3.39903004499607,40.8180599658532,895.072 -3.39912811317733,40.8181189748404,895.150200000004 -3.39923707792296,40.8181789892495,895.176999999996 -3.39933900167343,40.8182420207046,895.238700000002 -3.39944494897804,40.8183020350025,895.226899999994 -3.39954804592826,40.8183659052534,895.224400000006 -3.39965097579181,40.8184289372107,895.242100000003 -3.39975206141409,40.8184919691082,895.291599999997 -3.39984811826742,40.8185469544762,895.344200000007 -3.39994300192101,40.8186039514144,895.385500000004 -3.40005397799457,40.8186649715317,895.419200000004 -3.40015104006272,40.81871895129,895.474799999996 -3.4002630222494,40.8187789658361,895.545400000003 -3.40035505554856,40.8188450151537,895.595400000006 -3.40045698019733,40.8189088848818,895.6878 -3.40055605359338,40.8189749347498,895.791700000002 -3.40064808689258,40.8190470186796,895.891300000003 -3.40074196443302,40.8191189352943,895.984100000001 -3.40084506228153,40.8191880026902,896.119000000006 -3.40094899735991,40.8192528782261,896.165299999993 -3.40105611786429,40.819312892969,896.219700000001 -3.40116189808224,40.8193739131139,896.2408 -3.40127404735557,40.8194349332027,896.261199999994 -3.40138100077329,40.8194969593696,896.278399999996 -3.40148996551895,40.8195539561714,896.238700000002 -3.40159188926943,40.8196200060769,896.202600000004 -3.40169398100482,40.8196820320708,896.121700000003 -3.40179389342736,40.8197410402948,895.948000000004 -3.40188911215253,40.8198028989404,895.816600000006 -3.40198097746674,40.819865930892,895.704500000007 -3.40207401687902,40.8199259450802,895.643299999996 -3.40216806150612,40.819985959894,895.586599999995 -3.40226797392866,40.8200419508293,895.574699999997 -3.40236905955094,40.8201039771085,895.582399999999 -3.40247400074243,40.820168014898,895.620200000005 -3.40258397160121,40.8202280288129,895.588900000002 -3.40269511565972,40.8202860317886,895.483600000007 -3.40278999841498,40.8203420231505,895.445200000002 -3.40288806749454,40.8203949967831,895.401100000003 -3.40299200257292,40.8204618840576,895.369399999996 -3.40309593854962,40.8205269276202,895.315100000007 -3.40319098928984,40.820581912661,895.241599999994 -3.40327799292172,40.8206509798933,895.175700000007 -3.40338796378049,40.8207099886149,895.012100000007 -3.40349206684383,40.8207700027193,894.847500000003 -3.40358896182532,40.8208409140712,894.794200000004 -3.40368401256553,40.8209140041254,894.760699999999 -3.40377403453676,40.8209879322988,894.815100000007 -3.40386103816868,40.8210519699148,894.813399999999 -3.40395307146784,40.8211228809652,894.714300000007 -3.40403605244389,40.8211989890341,894.655700000003 -3.4041150098658,40.8212829752432,894.536399999997 -3.40419011171851,40.8213548921528,894.372600000002 -3.40427409880767,40.8214309999554,894.271599999993 -3.40436495800876,40.8215099573916,894.176200000002 -3.40445900353419,40.8215669545031,894.0484 -3.40457500927503,40.8216209339392,893.988899999997 -3.40468196179442,40.8216718957076,893.893899999995 -3.40472202755443,40.8217649348576,893.832299999995 -3.40479310585297,40.8218549562615,893.8223 -3.40485496474173,40.821931902358,893.840400000001 -3.40492302559925,40.822011027787,893.881200000003 -3.40498505157468,40.8220879730226,893.879799999995 -3.40506400899656,40.822162907341,893.923200000005 -3.40515905973677,40.8222299627808,893.983300000007 -3.40524002938492,40.8223109321288,894.149900000004 -3.40529300303722,40.8223969304701,894.208799999993 -3.40534010889408,40.8224859462869,894.3554 -3.40539609998744,40.8225739558966,894.574399999998 -3.40548696008683,40.8226509018387,894.790900000007 -3.40555502094435,40.8227328767581,894.974499999997 -3.40562811146912,40.8228170309715,895.107399999994 -3.40568812521831,40.8229030293363,895.073900000003 -3.40575803031707,40.8229779640934,894.849300000002 -3.40583598252417,40.8230539041664,894.554799999998 -3.40591611314582,40.8231219647846,894.451000000001 -3.40587789162712,40.823135040415,894.431400000001 -3.40593103326438,40.8232238886945,894.321800000005 -3.40595701703399,40.823312904761,894.220499999996 -3.40600010023502,40.8234059436484,894.110199999996 -3.4059850130298,40.8234999884789,894.029299999995 -3.40601602556836,40.8235900102469,893.934999999998 -3.40607604021588,40.8236818761294,893.806700000001 -3.40615801507881,40.8237479253233,893.697899999999 -3.40622708204942,40.8238329177721,893.518700000001 -3.40630302203028,40.823911037585,893.345100000006 -3.40637611255505,40.8239829543642,893.127399999998 -3.40644601765385,40.8240639229317,892.958199999994 -3.40653402739885,40.8241309784889,892.920400000003 -3.40661801358971,40.8242129536182,892.828800000003 -3.40666009157595,40.8243059926026,892.551099999997 -3.40672396089432,40.8243859560753,891.811900000001 -3.40680995931142,40.8244629019545,889.620999999999 -3.40689310827242,40.8245289510503,888.022500000006 -3.40698497358666,40.8246028792731,886.311100000006 -3.40708203655311,40.82467596994,883.151599999997 -3.40719200651355,40.8247178796243,882.324500000002 -3.40731102969544,40.8247569390211,881.3891 -3.40741312143084,40.8248058889914,880.1204 -3.40754505250506,40.8248338851497,879.917600000001 -3.40766994258406,40.8248689209469,880.251900000003 -3.40778611630985,40.8249039574054,879.299100000004 -3.40790899506092,40.8248870258158,879.337899999999 -3.40803690258097,40.8248540014544,879.088399999993 -3.40816799552703,40.824824999931,878.611900000004 -3.40830596148332,40.8248260059844,877.352100000004 -3.40844811897869,40.824877973382,875.880099999995 -3.40854803140123,40.8249478790488,874.892099999997 -3.40866303102895,40.8250040377758,874.103900000002 -3.40876998354838,40.8250439351526,873.347299999994 -3.40889403639752,40.8250449412027,873.366399999999 -3.40902596747174,40.8250860125058,874.188399999999 -3.40916007785881,40.8251430092632,875.828200000004 -3.40927206004549,40.8251788837236,877.738800000006 -3.40933894770323,40.8252620321854,879.907900000006 -3.40948211041343,40.8252689059319,880.448300000004 -3.40956710271741,40.8251869307483,880.646500000003 -3.40966902646788,40.825119875579,880.978199999998 -3.40974798388976,40.8250499700935,881.252099999998 -3.40983699974791,40.8249819094145,881.541599999997 -3.40992702171914,40.8249198829386,881.497600000002 -3.41001687570545,40.8248540014544,881.6391 -3.41011712319957,40.8247899634308,881.405899999998 -3.41023698450962,40.8247369899095,882.0242 -3.41039003767109,40.8247059769042,883.714600000007 -3.41050101464298,40.8246719463969,883.966700000004 -3.41062104303969,40.8246409333611,883.719299999997 -3.41075012465778,40.8246109263676,883.451300000001 -3.41088306184511,40.8245990236282,883.805699999997 -3.41101599813411,40.8245980182511,884.547500000001 -3.4111430684243,40.8245970121942,884.813099999999 -3.4112820404937,40.8245990236282,885.395399999994 -3.4114091098856,40.8245970121942,885.395600000003 -3.41154104095981,40.8245849422293,885.251999999993 -3.41166609902377,40.8245919832691,886.228600000002 -3.41178998388799,40.8246149492347,888.013999999996 -3.41192711171608,40.8246359044393,888.890299999999 -3.41204596691301,40.8246459622826,889.539399999994 -3.41216800753596,40.8246649053657,890.117400000003 -3.41228300716368,40.8247279374552,890.764800000004 -3.41238912155491,40.8247959983949,890.918600000005 -3.41248199388057,40.8248580249866,890.881699999998 -3.41257503239455,40.8249218950426,890.956699999995 -3.41267997358604,40.8249859322591,890.835800000001 -3.41276798422937,40.8250549996637,890.7117 -3.41284912096414,40.8251208809482,890.685800000007 -3.41294601594563,40.8251959831399,890.6348 -3.41303301957755,40.8252648824247,890.535300000003 -3.41312605898983,40.8253460193674,890.671300000002 -3.41320602252486,40.8254129064073,890.8557 -3.41330207847986,40.8254688975198,891.002200000003 -3.41340400312863,40.8255329355676,891.149300000005 -3.4135159853153,40.8255879205369,891.231100000005 -3.4136289727168,40.8256378772945,891.339000000007 -3.41375403078075,40.8256819656721,891.426399999997 -3.41386199031163,40.8257289042398,891.529299999995 -3.4139900658166,40.8257599174465,891.676200000002 -3.41410992622835,40.8257760106739,891.779699999999 -3.41423096163648,40.8257959594729,891.820399999997 -3.41436305979732,40.8258060178201,891.891000000003 -3.41448811786128,40.8258108794333,891.899399999995 -3.41461099661234,40.8258149029074,891.907600000006 -3.41473605467634,40.8258179203428,891.947499999995 -3.41488206774092,40.8258249612516,891.960099999997 -3.41501500492825,40.8258259666101,891.958899999998 -3.4151368775662,40.8258279786866,891.952900000004 -3.41525808006095,40.8258249612516,891.864600000001 -3.41537810845766,40.825822949175,891.817999999999 -3.41550299853666,40.8258239552133,891.722500000003 -3.41563208015479,40.8258189263812,891.603600000002 -3.41577004611107,40.8258149029074,891.492199999993 -3.41588906929296,40.8258138968689,891.393100000001 -3.41600893060298,40.8258159089458,891.273499999996 -3.41612812087153,40.8258149029074,891.138200000001 -3.41625401706365,40.8258090352559,890.958799999993 -3.4163879603641,40.8258090352559,890.842399999994 -3.41651402454117,40.8258080298972,890.697100000005 -3.41663606426578,40.8258080298972,890.5481 -3.41676296657101,40.8258090352559,890.408500000005 -3.41688802463497,40.8258050124613,890.253100000002 -3.41701107137103,40.8258009889866,890.085600000006 -3.41713395012209,40.8257979715504,890.008499999996 -3.41725900728776,40.825794954114,889.846399999995 -3.41738205402378,40.8257959594729,889.757599999997 -3.41750409464672,40.8257889185611,889.619900000005 -3.41763300827989,40.8257869071632,889.497399999993 -3.41776007767178,40.8257818783283,889.342399999994 -3.41789502618701,40.8257739992756,889.200700000001 -3.41801907903615,40.8257750046349,889.099300000002 -3.41813910743286,40.8257760106739,889.006599999993 -3.41827707338915,40.8257719871975,888.884300000005 -3.41841705157166,40.8257709818382,888.752200000003 -3.41854311485041,40.8257709818382,888.617800000007 -3.41866398227357,40.8257739992756,888.522599999997 -3.41878099322923,40.8257520383913,888.342900000003 -3.41890504607841,40.8257510323519,888.224700000006 -3.41904301203466,40.8257589114072,888.101800000004 -3.41917108753967,40.8257558939691,887.986600000004 -3.41930000117283,40.8257480149133,887.793799999999 -3.41942606534991,40.8257339337585,887.631299999994 -3.41955598419789,40.8257258868002,887.479000000007 -3.41968908937015,40.8257319216791,887.359400000001 -3.41981012387997,40.82570493194,887.175099999993 -3.41993803140003,40.8257069440202,887.040999999997 -3.42006694503319,40.8257089554205,886.959400000007 -3.42019099698404,40.8257079493805,886.851500000004 -3.42031203239216,40.8257089554205,886.699900000007 -3.42044999834841,40.8257119728608,886.564700000003 -3.42057103285823,40.8257159963409,886.466799999995 -3.4207079935997,40.82570493194,886.330900000001 -3.42082902810953,40.8257069440202,886.271599999993 -3.42095609750139,40.8256940354373,886.166100000002 -3.42107897625248,40.8256869951944,886.076499999996 -3.42120101687539,40.8256809596317,886.008100000006 -3.4213210452721,40.8256849831136,885.973100000003 -3.4214539824594,40.8256849831136,885.867299999998 -3.42158608151858,40.8256869951944,885.801500000001 -3.42171700647964,40.8256759307887,885.691600000006 -3.42185497243593,40.8256640282405,885.570399999997 -3.42198003049989,40.8256650342812,885.519199999995 -3.42211112344595,40.8256660403219,885.495899999994 -3.42224808418741,40.8256630228795,885.463199999998 -3.42238001526163,40.8256559819535,885.412800000006 -3.42250205588454,40.8256529645107,885.3511 -3.42263801051292,40.8256459235837,885.319799999997 -3.42276290059192,40.8256370384738,885.244999999995 -3.422888964769,40.8256449175427,885.184099999999 -3.42300899316567,40.8256539705516,885.166400000002 -3.42313907999862,40.8256429061404,885.079299999998 -3.42327604074008,40.8256378772945,884.961299999995 -3.42340210491716,40.8256388826559,884.876099999994 -3.42354007087344,40.8256449175427,884.781099999993 -3.42367200194766,40.8256459235837,884.645099999994 -3.42379504778538,40.8256459235837,884.484400000001 -3.42391910063452,40.8256429061404,884.342699999994 -3.42404399071356,40.8256388826559,884.193599999999 -3.42416603133647,40.8256360331124,884.076799999995 -3.42429494496963,40.8256259747395,883.942299999995 -3.42441597947942,40.8256128989204,883.7981 -3.42454405498443,40.825599990999,883.699600000007 -3.42467497994553,40.8256080372927,883.610700000005 -3.42479500924054,40.8256030084442,883.549400000004 -3.42491805597656,40.8256098814757,883.484100000001 -3.42503707826013,40.8256088754341,883.406900000002 -3.42516196923746,40.8255949614701,883.311700000006 -3.42529507351142,40.8255939561081,883.243499999997 -3.42541912546226,40.8256009963609,883.203800000003 -3.42555893565982,40.8256070312511,883.135699999999 -3.42567795884171,40.8255989849573,883.044299999994 -3.42581206922878,40.8256088754341,882.912899999996 -3.425944000303,40.8256159163651,882.824500000002 -3.42606302348489,40.8256169224065,882.732199999999 -3.42618607022092,40.8256128989204,882.607399999994 -3.42631498385408,40.8256118928789,882.533200000005 -3.42644004191804,40.8256020024026,882.418099999995 -3.42656107642787,40.825579036099,882.335900000005 -3.42668009960972,40.8255838977288,882.245899999994 -3.42680901324289,40.8255899326206,882.132599999997 -3.42694010618895,40.8255959675119,882.059699999998 -3.42707103115002,40.8256060258893,882.009399999995 -3.42719106044503,40.8255969735536,881.973700000002 -3.42732299151924,40.8255719951641,881.913700000005 -3.42745408446527,40.8255669663129,881.847200000004 -3.42757796843115,40.8255589193344,881.804099999994 -3.42770604393616,40.8255500348926,881.7736 -3.42782909067222,40.8255460114025,881.756500000003 -3.42794911906889,40.8255548958448,881.729800000001 -3.42808289438439,40.8255699837596,881.676300000006 -3.42821801088458,40.8255548958448,881.587199999994 -3.42834088963564,40.8255319295249,881.583199999994 -3.42847801746377,40.8255289120765,881.542400000006 -3.42861497730694,40.8255419879121,881.517099999997 -3.42874204759713,40.8255460114025,881.504700000005 -3.42887397867135,40.8255220390367,881.485000000001 -3.42899601929425,40.8255228771791,881.464600000007 -3.42911403636303,40.8255119806465,881.410799999998 -3.42924412319597,40.8255039343411,881.353600000002 -3.42937404294226,40.825492031762,881.283899999995 -3.42951100278539,40.825492031762,881.164999999994 -3.42963505563456,40.8254968933982,881.061499999996 -3.42975609014436,40.8255019222548,880.994500000001 -3.42987209588523,40.8254819733673,880.947499999995 -3.42999799207735,40.8254779505528,880.855899999995 -3.43012405535609,40.8254859968613,880.768299999996 -3.43025296898926,40.8254759384656,880.676000000007 -3.43038104449427,40.8254900203551,880.524699999994 -3.4305159930095,40.825492031762,880.398199999996 -3.43064004585867,40.8254809680035,880.267900000006 -3.43077097081974,40.8254819733673,880.164900000003 -3.4309101108741,40.8254688975198,879.999899999995 -3.43102795995792,40.8254378848567,879.770000000004 -3.43115100669397,40.8254539781623,879.699500000002 -3.43127204120377,40.8254709096071,879.910900000003 -3.43139609315461,40.8254630305176,879.953899999993 -3.43151696057777,40.8254630305176,880.029200000004 -3.43164402996967,40.8254668861122,880.084600000002 -3.43177512291569,40.825458001658,880.139999999999 -3.43190303043574,40.8254479432581,880.153300000005 -3.43202406584386,40.8254479432581,880.1633 -3.4321509672508,40.8254509607103,880.059200000003 -3.43227401398682,40.8254388909009,880.042199999996 -3.4324000772656,40.8254479432581,879.960699999996 -3.43253402056605,40.8254529721184,879.899600000004 -3.43266008384483,40.8254559895703,879.7307 -3.43278296259589,40.8254648747045,879.652100000007 -3.43290902677297,40.8254630305176,879.578800000003 -3.43304900495548,40.825458001658,879.388800000001 -3.43317205079321,40.8254590070221,879.278099999996 -3.4332910739751,40.8254529721184,879.144199999995 -3.43341110237178,40.8254569956142,879.047900000005 -3.43353498723599,40.8254549835264,878.963199999998 -3.43367010373618,40.8254600130659,878.873300000007 -3.43380102869729,40.8254590070221,878.733600000007 -3.43393899465357,40.8254729210146,878.639599999995 -3.43406103527648,40.8254819733673,878.529899999994 -3.4341901168946,40.8254890143117,878.402499999997 -3.43432791486593,40.8254900203551,878.159199999995 -3.43445599037094,40.8255119806465,878.083599999998 -3.4345890955432,40.8255359530159,878.034199999995 -3.43471499173535,40.8255659602707,877.978000000003 -3.43484306724032,40.8255770246948,877.826199999996 -3.43496209042221,40.8256020024026,877.746799999994 -3.4350859743881,40.8256128989204,877.584700000007 -3.43521907956039,40.825639888697,877.462799999994 -3.43533692864421,40.8256698959047,877.415699999998 -3.43545712502584,40.8256920240365,877.519199999995 -3.43557899856212,40.8257278988798,877.294699999999 -3.43569500340466,40.8257639409236,877.176999999996 -3.4358110091455,40.8258040064227,877.092300000004 -3.43591410699402,40.8258519509418,877.117599999998 -3.43602105951344,40.8258930224249,877.036699999997 -3.43613706525428,40.8259419722364,876.934299999994 -3.43625910587719,40.8259790202,876.774399999995 -3.43638299074141,40.8260229418111,876.704800000007 -3.4365120714612,40.826060995764,876.571500000005 -3.43662103620686,40.8260988817962,876.538100000005 -3.43674810559875,40.8261619138823,876.489199999996 -3.43685003024752,40.8262229338441,876.457299999995 -3.43696704120315,40.8262660164809,876.3505 -3.4370869025132,40.8263049091067,876.248800000001 -3.43720793702302,40.8263520151317,876.190799999997 -3.43731405231259,40.8264130355982,876.123200000002 -3.43742301705824,40.8264629917343,876.047600000005 -3.43752309656741,40.8265129478328,876.026400000002 -3.43762904387202,40.8265608918393,876.003899999996 -3.43773800861767,40.8266059869892,875.950700000001 -3.4378449620354,40.8266519195569,875.910900000003 -3.43796599654519,40.8266970139651,875.865999999995 -3.43808501972708,40.8267318829199,875.822199999995 -3.43821007779104,40.8267759719297,875.743799999997 -3.43831401286941,40.8268259277923,875.664999999994 -3.43843102472337,40.8268819190713,875.659299999999 -3.43854602435109,40.8269280193447,875.651299999998 -3.43864811608652,40.8269759637309,875.589200000002 -3.43877602360654,40.8270339669231,875.467699999994 -3.43889705811637,40.8270740323346,875.379199999996 -3.43902010485239,40.82710990711,875.318499999994 -3.43913108092598,40.8271590245993,875.222999999998 -3.43924591346705,40.8272130042424,875.169399999999 -3.43935605141248,40.8272740245965,875.151500000007 -3.43945596383499,40.827328004146,875.1394 -3.43956107301144,40.8273719248636,875.079199999993 -3.43967406041293,40.827417019462,875.021299999993 -3.43977296762065,40.8274720049084,875.003500000006 -3.43989198990424,40.8275149201978,874.913700000005 -3.44000011652171,40.8275630327347,874.851299999995 -3.44012701882697,40.8276069539765,874.773000000001 -3.44023900101365,40.8276508751892,874.6878 -3.44035098320036,40.8277060276568,874.617199999993 -3.44046799505431,40.8277539721603,874.465500000006 -3.44058601212309,40.8278099633354,874.383400000006 -3.44070503530494,40.827864948456,874.258300000001 -3.44083311080995,40.8279090373922,874.098700000002 -3.44094710432456,40.8279559764227,873.975000000006 -3.4410659595215,40.8280109614222,873.829299999998 -3.44118498270339,40.8280679583846,873.722800000003 -3.44129310932085,40.8281229439709,873.625799999994 -3.44139905662549,40.8281728994986,873.516000000003 -3.44151606758112,40.828225034886,873.443499999994 -3.44163408464989,40.8282820323441,873.403900000005 -3.44174690586306,40.828337017753,873.337299999999 -3.44186609613157,40.8283859677997,873.239100000006 -3.44197103732306,40.8284288831774,873.129799999995 -3.44207698462767,40.8284729717386,873.034799999994 -3.44218511124517,40.8285178990549,872.983399999997 -3.44229508210394,40.8285609815602,872.872399999993 -3.44239700585438,40.8286099321213,872.772299999997 -3.44250496448693,40.8286560325528,872.707800000004 -3.442639074874,40.8286969364461,872.531600000002 -3.44276011028212,40.8287420308231,872.429399999994 -3.44288298903319,40.8287839406567,872.296400000007 -3.44299111475239,40.8288338963661,872.216400000005 -3.44309806817011,40.8288759740336,872.123600000006 -3.44321206168472,40.8289089984313,872.026199999993 -3.44332303865661,40.8289710245747,871.978499999997 -3.44344809672057,40.8290429413045,872.076300000001 -3.44356309634829,40.8290979267621,872.016300000003 -3.44368211953019,40.8291349743219,871.866399999999 -3.44379410171686,40.8291690052579,871.738200000007 -3.44390910134458,40.8292020301894,871.612800000003 -3.44404807341399,40.829223990611,871.330000000002 -3.44416810181066,40.8292419277594,871.058099999995 -3.44428997444865,40.8292610387801,870.863700000002 -3.44443297007221,40.8292759579608,870.5769 -3.44457797702368,40.8292928897892,870.350699999995 -3.44471493776515,40.8293039535915,870.171900000001 -3.44486396737248,40.8293099888244,869.978099999993 -3.44501903276018,40.829304959577,869.432700000005 -3.44514710826519,40.829296913052,869.040299999993 -3.44529110910355,40.8292890337373,869.021900000007 -3.44541499396776,40.8292689174184,868.869500000001 -3.44553401714965,40.8292509802773,868.166899999997 -3.44566795955177,40.8292270078913,867.592199999999 -3.44578698273366,40.8292058855666,867.398000000001 -3.44592897224408,40.8291799018694,867.111600000004 -3.44606911751325,40.8291559294578,866.998500000002 -3.44621697481911,40.8291299457409,867.398799999995 -3.44634806776517,40.8290979267621,866.999599999996 -3.44646407260768,40.8290699310445,866.842999999993 -3.44657504957957,40.8290348947478,866.483399999997 -3.44669306664835,40.8289960023637,865.823699999994 -3.4468209741684,40.828963984,866.010399999999 -3.44691803713484,40.8288929052844,864.500400000004 -3.44705700830591,40.8288598808787,864.982999999993 -3.44717301404675,40.8288318850606,864.756500000003 -3.44729203722865,40.8288099245091,864.433199999999 -3.44740804296949,40.8287819286699,864.0435 -3.44753008359243,40.8287569508003,863.630900000004 -3.44764508322015,40.8287100123368,863.188599999994 -3.44775002441164,40.8286659232534,862.893599999996 -3.44786200659832,40.8286270313326,862.5435 -3.44800500222188,40.8286059088168,861.815100000007 -3.44811899573649,40.8285718782715,861.150999999998 -3.44824606512838,40.8285349982899,860.445600000006 -3.44838101454192,40.8285189050523,859.732999999993 -3.44851998571302,40.828469954424,858.8073 -3.44864806121803,40.8284469877541,858.001699999993 -3.44876591120014,40.8284298891762,857.385800000004 -3.44888610758178,40.8283998818578,856.720300000001 -3.44900999244599,40.8283738978447,856.1057 -3.4491239859606,40.8283400350737,855.362399999998 -3.44925809634768,40.8283199184669,854.487699999998 -3.44937812564268,40.8282868937758,853.488200000007 -3.4494959747265,40.8282548750697,852.704299999998 -3.44962706767253,40.8282278849979,851.633199999997 -3.44975111962337,40.8282349256509,851.515899999999 -3.44987500448758,40.8282359316526,851.181700000001 -3.45001012098778,40.828225034886,850.620699999999 -3.45012009184655,40.8281849694902,850.433600000004 -3.45023693481725,40.8281408807375,850.165399999998 -3.45033198555747,40.8280679583846,849.393299999996 -3.45044195641621,40.8280089500916,849.228900000002 -3.45055997348498,40.8279650284364,849.205400000006 -3.45066508266143,40.8279128928446,848.786999999997 -3.45078997274043,40.8278669604706,847.584000000003 -3.45091503080439,40.8278510349654,846.636599999998 -3.45103707142733,40.8278750071691,846.344599999997 -3.45116112337817,40.8279289862293,845.548200000005 -3.45128199080134,40.8279769305716,844.581200000001 -3.45142012474258,40.8280278928939,843.380499999999 -3.4515379738264,40.8280889131779,842.159599999999 -3.45163704812074,40.8281449040702,841.021299999993 -3.45172690210705,40.8282230235619,839.785600000003 -3.45181206239599,40.828321929788,838.622300000003 -3.45188699626374,40.8283970317532,837.649600000004 -3.45194801702434,40.8284759897328,837.135699999999 -3.4520259683331,40.828549917634,836.023400000005 -3.45209302397581,40.8286280373283,835.558499999999 -3.4521709752846,40.828700959745,835.061600000001 -3.45223702481419,40.8288018779242,834.350399999996 -3.45230508567168,40.8288810026339,833.862399999998 -3.45237398555566,40.8289569427448,833.493499999997 -3.45242310274046,40.8290479705719,833.327000000005 -3.45247205373692,40.8291410095703,832.909 -3.45252905004506,40.8292338812269,832.290500000003 -3.45257397748736,40.8293228967035,832.001199999999 -3.45264002701695,40.8294040334392,830.637100000007 -3.45270909398756,40.8294910380815,829.437999999995 -3.45277497553219,40.8295778747195,828.364600000001 -3.45288008470863,40.8296229691772,827.132500000007 -3.45298904945429,40.8296709136541,825.383799999996 -3.45312399796953,40.8296620284038,824.285999999993 -3.4532420150383,40.8296409062177,823.185800000007 -3.45331007589579,40.8297190253065,822.422999999995 -3.45333706577852,40.8298118968332,821.868900000001 -3.45336003210704,40.8299029248461,821.303599999999 -3.4533809871077,40.8299979752746,820.950899999996 -3.45340797699039,40.8300900090056,820.033599999995 -3.45343999564207,40.8301889151658,819.448699999994 -3.45346497329853,40.8302789366904,818.971399999995 -3.45350001028956,40.8303830403026,818.843500000003 -3.45355901882396,40.8304849639284,818.636100000003 -3.45363596491794,40.8305578863421,818.491899999994 -3.45374006798127,40.8306148831545,818.581200000001 -3.4538570789369,40.8306428788995,818.876399999994 -3.45397610211879,40.8306728865623,819.005999999994 -3.4541209410853,40.8307139577783,819.065300000002 -3.45424499393447,40.8307449706928,819.150699999998 -3.45439502965493,40.8307868799402,819.245299999995 -3.4545150589499,40.8308259398406,819.372600000002 -3.45463508734661,40.8308549414585,819.499599999996 -3.45476400097978,40.8308879655503,819.576300000001 -3.45489006515685,40.8309189790631,819.622799999997 -3.45502199623104,40.8309598829199,819.653600000005 -3.45514805950981,40.8310009539582,819.685200000007 -3.45528300892338,40.8310509100365,819.691900000005 -3.45541108442839,40.831088963823,819.597200000004 -3.45551904306089,40.8311280235454,819.5527 -3.45564410112489,40.8311628922094,819.5236 -3.45575608331156,40.8312130160516,819.361799999999 -3.455866053272,40.831253919727,819.202399999995 -3.45599899045934,40.831291973397,819.136599999998 -3.45612203719536,40.8313338829783,819.077699999994 -3.45626201447958,40.8313759604187,819.205400000006 -3.45637299145147,40.8314099908842,819.299700000003 -3.45649402596126,40.8314478772589,819.322100000005 -3.45659896715275,40.8314939777565,819.155899999998 -3.45672201388881,40.8315348812585,818.845700000005 -3.4568350012903,40.8315928838615,818.440499999997 -3.45694212269298,40.8316480371286,817.930099999998 -3.45703599933512,40.8317050336835,817.542700000005 -3.45714798242013,40.8317570018076,817.196100000001 -3.45725309069825,40.8318099751588,816.943599999999 -3.4573479743518,40.8318679782007,816.714500000002 -3.45744503641995,40.8319360392891,816.356199999995 -3.4575420993864,40.8320079555218,816.022599999997 -3.45762206202309,40.832076017146,815.762499999997 -3.45771510143537,40.8321340192756,815.736199999999 -3.45782205485313,40.8321749230625,815.884300000005 -3.4579140881523,40.8322389607516,815.506399999998 -3.45802405811274,40.8323019931186,815.212499999994 -3.4581491161767,40.832374915573,815.139200000005 -3.458238970163,40.8324490117678,815.101599999995 -3.45830602580571,40.8325380270063,814.967399999994 -3.45835598201696,40.8326220138091,814.900399999999 -3.45843208998278,40.832717903149,815.3315 -3.45852211105571,40.8327809350607,816.144700000004 -3.45861498248304,40.8328540248702,816.940499999997 -3.4587050044543,40.8329249362157,817.765899999999 -3.45876904175765,40.8330099284576,818.262000000002 -3.45881799275412,40.8331090022214,818.982000000004 -3.45892611847329,40.8331779021205,820.032500000001 -3.4590401128862,40.8332119323409,821.391000000003 -3.45912510519018,40.8333009479144,822.353499999997 -3.45915511251392,40.8333990166793,822.651100000003 -3.45920506872521,40.8334949055753,823.145999999993 -3.45927396771085,40.8335798977662,823.647200000007 -3.45934404079461,40.8336669023664,823.9712 -3.45939902577481,40.8337770402434,823.982000000004 -3.45942802698544,40.8338759470207,823.732799999998 -3.45947111018647,40.8339679801266,823.132700000002 -3.45951402540254,40.8340749332448,822.078599999993 -3.45955308504943,40.8341629431072,821.078099999999 -3.45957906881901,40.8342529646736,819.848299999998 -3.45960605870173,40.8343520386189,818.945999999996 -3.45961997270714,40.8344539629402,817.894400000005 -3.45965500879987,40.8345449900175,816.584199999998 -3.45968702834985,40.8346408792949,815.418099999995 -3.45969406844673,40.8347578903558,814.334700000007 -3.45970898856529,40.834853947202,813.323600000003 -3.45972105832946,40.8349550327285,812.175099999993 -3.45972910543776,40.8350728826159,811.052899999995 -3.45975609532048,40.835189893594,809.774099999995 -3.45977604420799,40.8352849445992,808.709700000007 -3.45979800442344,40.8353820072548,807.645799999998 -3.45981208641381,40.8354778960013,806.741599999994 -3.4598451111786,40.8355789819356,805.717499999999 -3.45985902428574,40.8356768821748,804.923599999995 -3.45987696184532,40.8357779684854,804.148400000005 -3.4598980848309,40.8358778802023,803.362599999993 -3.4599150162774,40.8359719256961,802.486499999999 -3.45993312092363,40.8360659703769,801.818199999994 -3.45994602881596,40.8361559920779,801.1486 -3.45996798903137,40.8362450077764,800.510999999999 -3.45999196147304,40.8363429083914,799.860400000005 -3.46001509578656,40.83643896498,799.271699999998 -3.46004812055136,40.8365398829357,798.491099999999 -3.46008097733119,40.8366278929241,797.601599999995 -3.46014501553284,40.8367060126162,797.018299999996 -3.46019597695892,40.8368019014865,796.3122 -3.46026705615579,40.83689896396,795.596600000004 -3.46028298148913,40.8369998818951,794.755900000004 -3.46029907480743,40.8370919154218,794.013600000006 -3.46037199734728,40.8371759018929,793.586800000005 -3.46044408175893,40.8372649175812,792.858900000007 -3.46053896451419,40.8373359961572,792.467999999993 -3.46061104892584,40.8374089191914,792.070600000006 -3.46067307490126,40.837487876634,791.500199999995 -3.46072101978458,40.8375710246131,790.941300000006 -3.46080400076066,40.83765199426,790.540999999997 -3.46089201050566,40.8377519065507,790.008199999997 -3.46098303769171,40.8378419280011,789.513699999996 -3.46108697366842,40.8379239031717,789.092699999994 -3.46115704585384,40.8380020220162,788.727599999998 -3.461241032943,40.8380699157351,788.337899999999 -3.46133708979633,40.8381359648703,787.954599999997 -3.46145007719783,40.838222969608,787.567200000005 -3.46153909305597,40.8382839893447,787.299400000004 -3.4616460464737,40.8383740114318,786.921600000001 -3.46174009110079,40.8384368755353,786.680800000002 -3.46184805063163,40.838506948368,786.442800000004 -3.46194209525873,40.8385808766385,786.305600000007 -3.46203798412711,40.83865396685,786.118199999997 -3.46214510463146,40.8387200160829,785.846799999999 -3.4622180271713,40.8388060142127,785.572199999995 -3.46233403291214,40.8388819545097,785.282699999996 -3.46243310720649,40.8389530333907,785.051000000007 -3.46251005330047,40.8390279670015,784.774900000004 -3.46259705693239,40.8391008895337,784.274000000005 -3.46270602167804,40.8391609039855,783.597500000003 -3.46283610940925,40.8391909111911,782.9476 -3.46295010292386,40.8392299708976,782.563800000004 -3.46307298167496,40.8392559547341,782.403900000005 -3.46319200485685,40.8392919975802,782.230899999995 -3.46331203325352,40.8393419535278,782.112399999998 -3.46342602766646,40.8393979444322,781.944699999993 -3.46351101997045,40.8394728788993,781.842300000004 -3.46363708414752,40.8395069092865,781.702399999995 -3.46375007154901,40.8395608883918,781.572199999995 -3.46384109963336,40.8396209031067,781.454599999997 -3.46393397106071,40.8396779002832,781.382800000007 -3.46406405789362,40.8397338909037,781.433399999994 -3.46416397031616,40.8397999404198,781.451400000005 -3.4642680733795,40.8398599549183,780.980200000005 -3.46435708923761,40.8399328778944,779.517600000006 -3.46442397689536,40.8400160262047,777.937000000005 -3.46444610509576,40.84012297908,778.788100000005 -3.46444912253681,40.8402170239883,779.403000000006 -3.46450511363013,40.8403030222148,778.481799999994 -3.46452506251767,40.8404019287702,778.926000000007 -3.46454501140518,40.8404979855936,779.425000000003 -3.46457703005686,40.8405938744156,779.104999999996 -3.46459697894437,40.8406859077098,779.6973 -3.46462899849434,40.8407910171027,780.057400000005 -3.46468197214665,40.8409050107534,780.208599999998 -3.46473611899873,40.8410049228981,780.453099999999 -3.46480200054332,40.8410820363824,780.490399999995 -3.46489101640147,40.8411779257187,780.549299999999 -3.46496896860857,40.8412479983722,780.661500000002 -3.46508597956423,40.8412969484014,780.868700000006 -3.46515303520693,40.8413889820786,780.8747 -3.46523601528465,40.841482020749,780.872000000003 -3.46534598614342,40.8415519259009,781.154699999999 -3.46545997965803,40.8416189814427,781.599000000002 -3.46555503129657,40.8416908980452,781.630000000005 -3.46567304836531,40.8416659196021,781.364600000001 -3.46579307676202,40.84162099304,780.873000000007 -3.46592098518037,40.841576904387,780.353900000002 -3.46604101357705,40.8415249364848,779.790099999998 -3.46617998564645,40.8415039811808,779.224700000006 -3.46665104870673,40.8415339886848,776.997000000003 -3.46678096845301,40.8415269480849,776.521999999997 -3.46690602561864,40.841527953885,776.174700000003 -3.46698012225656,40.8414540255034,775.893400000001 -3.46694709749177,40.8413549512984,775.978499999997 -3.46693201028655,40.8412530273934,774.747499999998 -3.46696302282511,40.8411589825958,772.901500000007 -3.46707601112493,40.8411899953816,769.373800000001 -3.46716703831098,40.8412609066455,767.150699999998 -3.46725303672808,40.8413239379103,765.882299999997 -3.46734808746829,40.8413970284951,764.842199999999 -3.46746409320913,40.8414479906963,763.249100000001 -3.46757909283686,40.8414949289767,761.530400000003 -3.46770599514209,40.8415110224627,758.863500000007 -3.46782300609775,40.8415400234841,757.364100000006 -3.46794504672066,40.8415738863095,757.021200000003 -3.46803506869192,40.8415110224627,755.134900000005 -3.46801511980441,40.8414159715499,751.875400000004 -3.46789810795046,40.8413738943653,750.565900000001 -3.46781697121565,40.8413070071155,749.571899999995 -3.46775410711207,40.8412260378556,749.517900000006 -3.46787497363694,40.8412230204418,747.045599999998 -3.46799902648608,40.8412409570624,745.152600000001 -3.46810396767757,40.8411960302122,742.497499999998 -3.46823204318258,40.8411650174293,739.284899999999 -3.4683611248007,40.8411660232348,738.469299999997 -3.46826305572114,40.8411019853338,736.561900000001 -3.46823908417779,40.8410089461298,735.199699999997 -3.46821896730529,40.8409179190935,734.901400000002 -3.4682590330653,40.8408329261162,733.976800000004 -3.46837302657991,40.8407978899191,730.938999999998 -3.46841610978094,40.8408909294193,729.709000000003 -3.46852809196761,40.8408500255732,726.704500000007 -3.46865197683183,40.8408389609793,723.501300000004 -3.46876697645955,40.8408790268838,721.591499999995 -3.46888700485623,40.8408750036442,719.326100000006 -3.46898306170956,40.8408099596512,715.193899999998 -3.46910610754729,40.8408059364074,714.241500000004 -3.46922311940124,40.8407859873669,711.335500000001 -3.46934901559339,40.8407650331885,710.1924 -3.46947005010319,40.8407418988381,708.475200000001 -3.46959309683924,40.8407549743922,708.030899999998 -3.46971010779487,40.8407080362673,704.568199999994 -3.46983801531492,40.8407118916551,703.085800000001 -3.46997112048721,40.8407289904637,701.111799999999 -3.47005996836037,40.8407978899191,701.265599999999 -3.47017496798809,40.8408449965215,698.811300000001 -3.47030002605208,40.8408800326937,695.735199999996 -3.47041904923394,40.8409209365212,693.241699999999 -3.47053203753376,40.8409660307396,690.333299999998 -3.47064703716149,40.841014980977,688.063200000004 -3.47068106714107,40.8411138878292,686.931800000006 -3.47063697872525,40.841204915276,686.134900000005 -3.47057696407773,40.8412939309908,686.005799999999 -3.47052600265166,40.8413829465859,685.685800000007 -3.47046498189106,40.8414639163337,685.993900000001 -3.47048107520936,40.8415639961752,685.099300000002 -3.47056707362646,40.8416399360308,679.140199999994 -3.47066111825356,40.8416949212353,677.611999999994 -3.47075197835298,40.8417599650396,677.661699999997 -3.47086798409382,40.8417909775441,677.987200000003 -3.47096504616197,40.8418469690981,678.672500000001 -3.4710409861428,40.8419188854532,680.272299999997 -3.47111005311344,40.8420030397834,680.616099999999 -3.47118398176637,40.8420789798155,680.560500000007 -3.47125707229114,40.8421549204402,684.055200000003 -3.47133602971305,40.8422330397351,684.381500000003 -3.47140811412471,40.8423130026562,683.932799999995 -3.47150199076685,40.8423819018242,682.403999999995 -3.47158597785601,40.8424570041734,683.7209 -3.47170097748373,40.8425049482041,683.597500000003 -3.47183709919874,40.8425269089765,683.322 -3.47197003638608,40.8425099778094,683.158299999996 -3.47208101335793,40.842463876817,683.261400000003 -3.47218696066254,40.8424098973574,683.148199999996 -3.47230598294613,40.8423639648328,682.981199999995 -3.47241897124592,40.8423198759943,683.048999999999 -3.47252106298136,40.8422709253615,682.980899999995 -3.47262097540386,40.8422229811615,682.867100000003 -3.47273597503159,40.8421659841349,682.819600000003 -3.47284711909014,40.8421130109035,682.752800000002 -3.47295507772264,40.8420560137823,682.609800000006 -3.47306806602247,40.8420000224049,682.492400000003 -3.47319211797331,40.841949898563,682.336800000005 -3.47331298539647,40.8418979309533,682.269899999999 -3.47342211722876,40.8418449575077,682.131500000003 -3.47353996721087,40.8418119327574,681.898300000001 -3.473669048829,40.8417789079907,681.760299999994 -3.47379611822089,40.8417519179875,681.734700000001 -3.47392100829989,40.8417198989879,681.7601 -3.47402511136322,40.8416669254,681.608699999997 -3.47414497267327,40.8416159640468,681.427299999996 -3.47427908306035,40.8416000384459,681.390899999999 -3.47439307747329,40.8415639961752,681.262700000007 -3.47451796755229,40.8415639961752,681.3128 -3.4746540892673,40.8415690251724,681.4709 -3.47478903868083,40.8415589664981,681.455700000006 -3.47491811940066,40.841568019373,681.444600000003 -3.47505306791589,40.8415809275839,681.578999999998 -3.47517795889322,40.8415849507807,681.6057 -3.4753120692803,40.8415950087715,681.589000000007 -3.47544098291347,40.841612945971,681.598499999993 -3.47556101131014,40.8416308838453,681.8269 -3.47568707548722,40.8416530114077,681.976899999994 -3.4758169952335,40.8416639080062,682.276700000002 -3.47594104718434,40.8416789956534,682.554699999993 -3.47606996081751,40.8416850304396,682.901100000003 -3.47620407120458,40.8416810072489,683.195999999996 -3.47632711794064,40.8416789956534,683.428100000005 -3.47645200801964,40.8416689376754,683.774000000005 -3.47658712451983,40.8416739666646,684.257299999997 -3.47671402592677,40.8416409418291,684.507400000002 -3.47684612498594,40.8416389302325,685.322899999999 -3.47697101506495,40.8416079169772,686.098899999997 -3.47709707924202,40.8415919913744,686.714000000007 -3.4772209641062,40.8415710367712,687.279500000004 -3.47735205705226,40.8415639961752,687.424799999993 -3.47747309156205,40.8415670135736,687.655100000004 -3.47759311995876,40.8415589664981,688.100099999996 -3.47772706325918,40.8415499143015,688.496299999999 -3.4778670405434,40.8415479027021,688.763500000001 -3.47800098384385,40.8415339886848,688.894799999995 -3.4781200070257,40.841512028263,688.950299999997 -3.4782470764176,40.8414919115751,689.121199999994 -3.47836710481431,40.8414568750467,689.171900000001 -3.47849501323265,40.8414308913935,689.251099999994 -3.47862308873766,40.841405913532,689.3269 -3.47873909358017,40.8413849581903,689.416299999997 -3.47887404299374,40.8413660151266,689.454100000003 -3.47900496795484,40.8413640035216,689.577900000004 -3.47912097369568,40.8413410372406,689.584400000007 -3.47925810152381,40.8413229321071,689.655899999998 -3.47939204392592,40.8413060006325,689.708199999994 -3.47951307933405,40.8412959425978,689.857799999998 -3.47964400429511,40.8412840401351,689.960800000001 -3.47977409112806,40.8412729762933,690.096900000004 -3.47990903964329,40.8412558769453,690.190900000001 -3.48003007505141,40.8412419635463,690.236799999999 -3.48015496513042,40.841239951258,690.332299999995 -3.48028706418956,40.8412288874088,690.497799999997 -3.48041396559649,40.8412329106269,690.646099999998 -3.48054908209668,40.841225032051,690.760500000004 -3.48067397217572,40.8412189965434,690.889899999995 -3.48080607123486,40.8412189965434,691.019499999995 -3.48092610052987,40.841225032051,691.096799999999 -3.4810530019368,40.8412230204418,691.228000000003 -3.48117202511869,40.841216984934,691.367899999997 -3.48130697363393,40.8412119559101,691.544699999999 -3.48143504913894,40.8412109501053,691.712899999999 -3.48156698021312,40.841225032051,691.775399999999 -3.48168902083606,40.8412359280403,691.772100000002 -3.48181508501313,40.8412069268858,691.985400000005 -3.48194098120525,40.8412099443005,692.058000000005 -3.48206100960193,40.8412099443005,692.168799999999 -3.48218707377903,40.8411970360173,692.297500000001 -3.48232202229427,40.841193012797,692.541200000007 -3.48244406291718,40.8411970360173,692.677100000001 -3.48257297655034,40.8411940186021,692.742400000003 -3.4827040694964,40.8411819489399,692.967999999993 -3.48282711623243,40.8411809431346,693.078299999994 -3.48295100019831,40.8411839605504,693.242800000007 -3.48307102949332,40.8411708844014,693.478700000007 -3.48320296056754,40.8411680348458,693.596999999994 -3.48332902384628,40.8411630058182,693.920400000003 -3.4834581054644,40.8411650174293,694.222999999998 -3.4835890304255,40.8411630058182,694.556400000001 -3.48371308327464,40.8411849663556,694.743700000006 -3.48383596202574,40.8411998862512,694.884699999995 -3.48396403753075,40.8411988804462,695.108800000002 -3.48409496249182,40.8412029036662,695.313800000004 -3.48422102666889,40.8411978746412,695.5098 -3.48434708994767,40.8411998862512,695.768700000001 -3.48447801580707,40.8412089384956,696.020099999994 -3.48460307387103,40.8411940186021,696.134399999995 -3.48473399883213,40.8411839605504,696.143100000001 -3.48486408566504,40.8411809431346,696.271200000003 -3.48499702285237,40.8412008920562,696.656300000002 -3.48512107480322,40.841193012797,696.283800000005 -3.48524210931301,40.8411739018176,695.813200000004 -3.48537001773139,40.8411509354708,695.587400000004 -3.48548702868701,40.8411269633099,695.455100000006 -3.48561611030514,40.8410919272682,695.303899999999 -3.48573999516935,40.8410749957346,695.377699999997 -3.48585700612501,40.8410490119316,695.435299999997 -3.48596597087064,40.8410089461298,695.410000000003 -3.48609404637565,40.8409819564927,695.399900000004 -3.48620803989025,40.8409499378008,695.617800000007 -3.48633410406733,40.8409029991344,695.781799999997 -3.48641205537613,40.8408258854418,694.351599999995 -3.48647911101883,40.840731002088,695.719899999996 -3.48655706232759,40.8406559005014,696.101800000004 -3.48663501453469,40.8405849899495,696.347099999999 -3.48672905916179,40.84051592309,696.573000000004 -3.48683400035328,40.8404629492195,696.695099999997 -3.48695000609412,40.840418021842,696.864300000001 -3.48705695951184,40.8403719214333,696.934999999998 -3.48717799402167,40.8403280004919,697.060200000007 -3.48728511452602,40.8402689915567,697.297500000001 -3.48740112026686,40.8402140065285,697.5478 -3.48749700913523,40.8401459457831,697.764500000005 -3.48759004854755,40.8400750346856,698.007100000003 -3.48770605428839,40.8400498891291,698.023700000005 -3.48781501903404,40.8399928922725,698.216400000005 -3.48790604622009,40.8399249984844,698.419200000004 -3.48799003330925,40.8398579432676,698.527300000002 -3.48810302071075,40.839805975377,698.721900000004 -3.48819404879513,40.8397310412863,698.745999999999 -3.48829999609973,40.8396799119393,698.889899999995 -3.48842002449641,40.8396239205935,699.126399999994 -3.48850501680039,40.8395560271071,699.075400000002 -3.48860308498166,40.8395018801329,699.194799999997 -3.48870601484521,40.8394438776531,699.340500000006 -3.48879503070336,40.8393840306431,699.341899999999 -3.48889108755669,40.8393220047264,699.442599999995 -3.48899301130713,40.839257966403,699.545800000007 -3.48908403849318,40.8391969462037,699.648000000001 -3.48918110145963,40.8391339142755,699.796000000002 -3.48926005888154,40.8390589801047,699.8128 -3.48935209218071,40.8389979604019,700.008499999996 -3.48944798104908,40.8389278874085,700.304000000004 -3.4895261003428,40.8388449062795,700.231799999994 -3.48961411008783,40.838765949094,700.310500000007 -3.48970111461804,40.8386940320364,700.442599999995 -3.48980102704058,40.8386370353733,700.834199999998 -3.48988501323145,40.8385649509881,700.8891 -3.48995005754622,40.8384769408529,700.818499999994 -3.49002599752708,40.8383999949241,700.827099999995 -3.49009707582562,40.8383238875664,700.7065 -3.49018709689855,40.8382610233558,700.887499999997 -3.49026303777771,40.8381750245189,700.848400000003 -3.49035909373275,40.8381029403109,700.860400000005 -3.49043805115463,40.8380310238933,700.878500000006 -3.49053209668006,40.8379689973901,700.962799999994 -3.49063301431738,40.8379170300574,701.108099999998 -3.49074097384822,40.8378529924157,701.145600000003 -3.49084507691155,40.8377919716026,701.198699999994 -3.49093811542554,40.8377349748435,701.271099999998 -3.49103501040703,40.8376719428844,701.304499999998 -3.49113609602931,40.8376020377183,701.348599999998 -3.49122896745663,40.8375450407959,701.418399999995 -3.49133005397724,40.8374949169833,701.538 -3.49142711604539,40.8374359089241,701.575400000002 -3.49153205723689,40.8373819294477,701.637000000002 -3.49163599321356,40.8373359961572,701.623000000007 -3.49174596407233,40.8372959308296,701.5625 -3.49186599246901,40.837261899987,701.550799999997 -3.49198803309195,40.8372288756718,701.621899999998 -3.49210806148862,40.8372069151829,701.717999999993 -3.49222909689675,40.837178919491,701.828500000003 -3.49234811918031,40.8371479061878,701.935800000007 -3.49245708392596,40.8371120320858,701.9951 -3.49258298011808,40.8370840363538,702.040200000003 -3.49270502074102,40.837044976742,702.174899999998 -3.49283812591328,40.8370240220606,702.343500000003 -3.49295211942789,40.8369879800202,702.539099999995 -3.49307399206587,40.8369489203518,702.534700000004 -3.49319301524776,40.8369029874409,702.640299999999 -3.49329896255237,40.8368540368855,702.670400000003 -3.49342502672944,40.8368139712666,702.756699999998 -3.49353700891612,40.8367749114957,702.895600000003 -3.49364697977489,40.8367269673981,702.981199999995 -3.49375208805304,40.8366828782084,703.073399999994 -3.49385803535765,40.8366288987985,703.129499999995 -3.49396599488849,40.8365769310949,703.175600000002 -3.49407311539287,40.8365330096779,703.358399999997 -3.49418006881059,40.8364889210388,703.445399999997 -3.49428199256103,40.8364409767345,703.775099999999 -3.49440000962981,40.8363910206395,703.918300000005 -3.49450210136521,40.8363429083914,704.063899999994 -3.49460000156151,40.8362879228251,704.209700000007 -3.4947129898613,40.8362349496535,704.585900000005 -3.49479999349322,40.8361699058648,704.529699999999 -3.49490895823884,40.8361078796592,704.444000000003 -3.49500803253323,40.8360349572327,704.681800000006 -3.49510710682761,40.8359610288415,704.949099999998 -3.49518807647572,40.8358919619217,705.190400000007 -3.49526401645658,40.8358218890433,705.316200000001 -3.49534900876056,40.8357590251786,705.414900000003 -3.49543802461871,40.8356959933797,705.558600000004 -3.49553206924581,40.8356379902883,705.738400000002 -3.49563801655042,40.8355959135138,705.911300000007 -3.49576106328644,40.8355860224876,706.208100000003 -3.49600112097812,40.8355189676392,706.700899999996 -3.49612299361611,40.8354949948008,706.817500000005 -3.496242016798,40.8354700167414,706.912100000001 -3.49636103997989,40.8354339745358,707.065600000002 -3.49648710325863,40.8354198933987,707.090400000001 -3.49659405667636,40.8353729548943,707.170199999993 -3.49673202263264,40.8353598789583,707.400299999994 -3.49685003970141,40.8353419414259,707.652499999997 -3.49696604544226,40.8353079109395,707.820399999997 -3.49709110350621,40.835279915805,708.032399999996 -3.49721398225731,40.8352458852867,708.218800000002 -3.49733401065399,40.8352178894462,708.382800000007 -3.49741799774319,40.8351449667205,708.433300000004 -3.49753802613986,40.8351280357068,708.669999999998 -3.49765805543487,40.8351369202247,708.779699999999 -3.49778998650905,40.8351089243382,708.929000000004 -3.49791504457301,40.8350799232217,709.000199999995 -3.49803004420077,40.8350339903751,709.1005 -3.49814604994161,40.834996942713,709.024699999994 -3.49825501468723,40.8349578825512,708.896299999993 -3.49837403786912,40.8349179850222,708.9951 -3.49849406626583,40.8348779195926,708.952799999999 -3.49860504233939,40.8348410390404,708.989799999996 -3.49871803063918,40.8348060023949,708.993799999997 -3.49884711225731,40.8347770011459,709.254000000001 -3.49897703200359,40.8347689546054,709.461899999995 -3.4990970604003,40.8347550405245,709.430399999997 -3.49923402114176,40.8347558792299,709.529999999999 -3.49937198709805,40.8347520234957,709.561700000006 -3.49950106781784,40.8347739841182,709.660499999998 -3.4996180796718,40.8348009735643,709.746599999999 -3.4997490046329,40.8348158935375,709.696299999996 -3.49987909236414,40.8348418770651,709.930800000002 -3.50001001732521,40.8348589760286,709.900099999999 -3.50013507538917,40.8348749018897,709.982199999999 -3.50025409857106,40.8348629996334,709.901800000007 -3.50038099997799,40.8348410390404,709.988299999997 -3.50051309903717,40.8348519353995,710.216700000004 -3.50064100655719,40.8348680284593,710.609500000006 -3.50077109428843,40.8348829484174,710.984800000006 -3.50090101403471,40.8348889838222,711.373099999997 -3.5010280834266,40.8348889838222,711.872099999993 -3.50116102061394,40.8348930067455,712.475999999995 -3.50129010133373,40.834905914897,713.159100000004 -3.50142203240795,40.8349169791219,713.878400000001 -3.50155111402604,40.834931899069,714.440000000002 -3.5016780163313,40.8349459803097,715.287700000001 -3.50181011449215,40.8349489980093,716.651899999997 -3.50194003423843,40.8349500039091,717.805999999997 -3.50206810974344,40.834931899069,719.050000000003 -3.50218109804323,40.8349018919745,720.501000000004 -3.50230012122512,40.8348819425166,721.320200000002 -3.50241998253517,40.8348769136917,722.357000000004 -3.50254001093184,40.8348779195926,723.048299999995 -3.50267495944708,40.8348738959888,723.508000000002 -3.50279901139792,40.8348738959888,724.013500000001 -3.50292306424709,40.8348680284593,724.519899999999 -3.50305197788026,40.8348629996334,725.097200000004 -3.50318910570839,40.8348660173368,725.743199999997 -3.50332506033674,40.8348619937322,726.441699999996 -3.50345799662574,40.8348448947695,726.991800000003 -3.50358707824387,40.8348418770651,727.652799999996 -3.5037220267591,40.8348428829666,728.358600000007 -3.50384909615099,40.8348400331389,728.999100000001 -3.50398505077934,40.8348410390404,729.660499999998 -3.50410910362852,40.8348370154344,730.296000000002 -3.50424304603063,40.8348350043109,731.059699999998 -3.50436810409459,40.8348269570978,731.743900000001 -3.50450003516881,40.8348189105633,732.623800000001 -3.50462207579172,40.8348138817337,733.279399999999 -3.50474696587072,40.8348070082969,733.894799999995 -3.50486800038054,40.8347889034177,734.576400000005 -3.5050011055528,40.8347838745858,735.329800000007 -3.50513303662702,40.8347810247556,735.988700000002 -3.50526899125537,40.8347848804882,736.483200000002 -3.50539505453414,40.8347800188532,736.927299999996 -3.50552111871122,40.8347719723131,737.331900000005 -3.50564802101645,40.8347689546054,737.737299999993 -3.50577911396251,40.8347629198693,738.177200000006 -3.50591003892358,40.8347469939813,738.527600000001 -3.5060439813257,40.8347329126983,738.964200000002 -3.50617608038487,40.8347179927065,739.3992 -3.50631102890011,40.8347129638692,739.800099999993 -3.50644396608744,40.8347109520623,740.266000000003 -3.50657908258763,40.8347069284483,740.749100000001 -3.50670598489286,40.8347018996102,741.277400000006 -3.50683607172581,40.8346950261618,741.844800000006 -3.50696397924586,40.8346819507717,742.491599999994 -3.50709708441812,40.8346789330599,743.150599999994 -3.50721711281482,40.8346799389639,743.726800000004 -3.50733697412484,40.8346670307684,744.339200000002 -3.50745901474778,40.8346609960231,744.960300000006 -3.50757502048862,40.8346380294586,745.649799999999 -3.50768901400323,40.8346090281361,746.632400000002 -3.5077870821845,40.8345530365851,747.519199999995 -3.50779797874889,40.8344579858899,747.859599999996 -3.50773695888658,40.8343709816481,747.848800000007 -3.50775003476387,40.8342799543319,747.949600000007 -3.50778909441073,40.8341838980133,748.215599999996 -3.50780300751784,40.8340839857825,748.441000000006 -3.50778909441073,40.8339798825437,748.516900000002 -3.50775506353282,40.8338928783541,748.424799999993 -3.50777199497928,40.8337949775194,748.741699999999 -3.50778004118928,40.8336969093402,748.833499999993 -3.50777501242033,40.8336020259771,748.925000000003 -3.50780501974407,40.8334989285831,749.211800000005 -3.50779797874889,40.833403039693,749.322799999994 -3.50778507085656,40.8333059775385,749.296700000006 -3.50776897753826,40.8332079093156,749.205100000006 -3.50779697263577,40.8331178876895,749.542400000006 -3.50782010694929,40.8330240101065,749.800600000002 -3.50781206073929,40.8329289592581,749.954700000002 -3.50780803718512,40.8328359201373,750.256699999998 -3.50779496130784,40.8327390250346,750.394100000005 -3.50779596742095,40.8326479981965,750.451300000001 -3.50779797874889,40.8325499296801,750.588199999998 -3.50779496130784,40.8324558847694,750.586200000005 -3.50782111306241,40.8323579838519,750.921199999997 -3.50777702374826,40.8322699743122,750.741599999994 -3.50775908708698,40.8321698940323,750.553700000004 -3.50777199497928,40.8320750112026,750.707599999994 -3.50779110573863,40.8319719134731,750.7889 -3.50779009962551,40.8318699894142,750.689700000003 -3.50779009962551,40.8317759448985,750.548299999995 -3.50779412317968,40.8316750264879,750.577300000004 -3.50780200230305,40.8315829935975,750.606799999994 -3.50779999007679,40.8314819076876,750.454400000002 -3.50776998365138,40.8313789776011,749.981100000005 -3.50777903597449,40.8312839271132,749.959700000007 -3.50779999007679,40.8311939055936,749.918699999995 -3.50781708950824,40.8310980160887,749.743199999997 -3.50783603228263,40.8310029658777,749.782399999996 -3.50782111306241,40.8309109320544,749.595300000001 -3.50781407206719,40.8308178928206,749.391300000003 -3.50782111306241,40.8307119458501,749.263500000001 -3.5078340209547,40.8306168950857,749.186300000001 -3.50784709683198,40.8305189941716,749.087 -3.50784206806303,40.8304259550676,748.803700000004 -3.50784206806303,40.8303268813727,748.456900000005 -3.50785112038615,40.8302299866816,748.091 -3.50785497595536,40.8301258835088,747.743600000002 -3.50784106194992,40.830028988524,747.241299999994 -3.5078320096268,40.8299258910117,746.4476 -3.50783804450887,40.8298199439754,745.751999999993 -3.50788012159678,40.8297339457436,745.615399999995 -3.50786603960638,40.8296330276236,744.998000000007 -3.50786603960638,40.8295289241932,744.835300000006 -3.50785195851431,40.8294259944736,745.042700000005 -3.50783703839575,40.829325914659,745.967999999993 -3.50783100351368,40.8292320371447,746.706399999995 -3.50784508550408,40.8291400035823,747.624599999996 -3.50784709683198,40.829043947294,748.321899999995 -3.5078400558368,40.8289390055192,748.753899999996 -3.50783904972368,40.8288379196568,749.141699999993 -3.50782899218575,40.828747898215,749.516699999993 -3.50779697263577,40.8286560325528,749.711899999995 -3.5078340209547,40.8285629935536,750.185400000002 -3.50787609804261,40.8284669371092,750.703899999993 -3.50787106927366,40.8283690364194,750.819499999998 -3.50797399913721,40.8283100277147,751.316399999996 -3.50810810952432,40.8282899110988,751.964300000007 -3.50824406415267,40.8282639270426,752.723499999993 -3.50836912131834,40.8282449843078,753.250400000004 -3.50849904106459,40.828217994232,753.649399999995 -3.50861907035959,40.8282220175601,753.882899999997 -3.50875502408965,40.8282260408878,754.004499999995 -3.50888712314882,40.8282139709037,754.089999999997 -3.50901804900822,40.8282260408878,754.052800000005 -3.50913908351801,40.8282548750697,753.9323 -3.50927202070534,40.8282359316526,753.848499999993 -3.50940797443536,40.8282220175601,753.819000000003 -3.50954711448972,40.8282278849979,753.686000000002 -3.50966898712771,40.8282220175601,753.592000000004 -3.50979303907855,40.8282268789961,753.510699999999 -3.50990300993732,40.8282699623702,753.578399999999 -3.51002404444711,40.8282429723047,753.430399999997 -3.51016100518861,40.8282439783062,753.396999999997 -3.51028606325257,40.8282079362507,753.229600000006 -3.51041195944469,40.8281879874975,753.081900000005 -3.51052997651346,40.8281718941757,752.984299999996 -3.5106681104547,40.8281539567378,752.801200000002 -3.51079199442059,40.8281680380586,752.539099999995 -3.5109140350435,40.8281680380586,752.284199999995 -3.51103607566644,40.8281549627408,752.031900000002 -3.51117504773584,40.828155968064,751.818100000004 -3.51130597269691,40.8281509394087,751.695999999996 -3.51142298455086,40.8281309899586,751.527000000002 -3.51155608882482,40.8281070178474,751.386599999998 -3.51167611811983,40.8280969598493,751.382400000002 -3.51179597942988,40.8281029945124,751.332200000004 -3.51192304882177,40.8281110411822,751.320699999997 -3.51205497989596,40.8281009831847,751.435500000007 -3.51217400307785,40.8281219379675,751.553899999999 -3.51230006635662,40.8281179146334,751.681899999996 -3.5124180834254,40.8281390366249,751.831699999995 -3.51254196828958,40.8281209319641,751.721300000005 -3.51266803246669,40.8281189206369,751.655599999998 -3.51279107830441,40.8281199259606,751.696400000001 -3.5129149631686,40.8281289786317,751.755699999994 -3.51303901511944,40.8281179146334,751.445699999997 -3.51317111417861,40.8281398754141,751.5147 -3.51329902169866,40.8281539567378,751.279399999999 -3.51341603355262,40.8281739055013,751.289199999999 -3.51355299339579,40.828177928832,751.152799999996 -3.51367402790558,40.8281519447319,750.9323 -3.51381299997498,40.8281428927437,750.865099999995 -3.51394308770622,40.8281469160763,751.006899999993 -3.51407703010834,40.8281229439709,751.068400000004 -3.51420711694128,40.8281159026264,751.378299999997 -3.51433603057442,40.8281050065198,751.379799999995 -3.51445907731047,40.8281029945124,751.546300000002 -3.51458111793338,40.8280810343993,751.698199999999 -3.51470902545343,40.8280689643888,751.874899999995 -3.51484397396867,40.8280709757175,752.070500000002 -3.51496903203266,40.8280709757175,752.216499999995 -3.51510297533308,40.8280719817217,752.339500000002 -3.51523909704809,40.8280780163871,752.447700000004 -3.51536096968607,40.8280760050586,752.453099999999 -3.51548703386314,40.8280520329276,752.380399999995 -3.51560706315815,40.8280609177139,752.369600000005 -3.51572608544171,40.8280858958457,752.449099999998 -3.51585902262904,40.8280929365137,752.3698 -3.51599397114428,40.8280949478417,752.203699999998 -3.5161250640903,40.8280770110627,751.794399999999 -3.51624106983114,40.8281279726283,751.783899999995 -3.51636311045409,40.8281418867406,750.991299999994 -3.51647609875388,40.828177928832,750.348299999998 -3.51659797139186,40.8281799408371,749.291800000006 -3.51672906433788,40.8281680380586,747.995800000004 -3.51684909273459,40.82819301615,747.292799999996 -3.51698605347606,40.828204918924,746.402400000006 -3.51710910021212,40.8282288909998,745.516799999998 -3.517232984178,40.8282200062359,744.136599999998 -3.51735100124674,40.8282500129559,742.676600000006 -3.51746901831552,40.8282830376654,741.240699999995 -3.51758301272846,40.8283189124665,739.946500000005 -3.51773103712098,40.8283459025011,738.388699999996 -3.51786196208204,40.8283640071006,737.039199999999 -3.51799406114122,40.8283718858455,735.803100000005 -3.51812012531829,40.8283759091641,734.7736 -3.51824099184313,40.8284079284916,733.823699999994 -3.51835297402984,40.8284439704383,732.971799999999 -3.51848708441691,40.8284619077977,732.103600000002 -3.51862102771736,40.8284800130453,731.279699999999 -3.51873602734508,40.8285080083322,730.592999999993 -3.51885706185488,40.8285479063198,729.574600000007 -3.51898999904221,40.8285589702463,728.809399999998 -3.51912209720305,40.8285458943258,728.249899999995 -3.51924296462622,40.8285178990549,727.8272 -3.51935897036706,40.8284909090902,727.236999999994 -3.51949609819519,40.8284790070472,726.3946 -3.51962802926937,40.8284489997511,725.640799999994 -3.51974302889709,40.82840993981,725.138399999996 -3.5198630581921,40.8283569664613,724.694799999997 -3.51998912147088,40.8283189124665,724.241200000004 -3.52012105254506,40.8282868937758,723.785000000003 -3.52024007572695,40.828262921721,723.467699999994 -3.52035909890884,40.8282830376654,723.134300000005 -3.52047812209074,40.8282749916962,722.755300000004 -3.52060200605662,40.8282588983955,722.619600000005 -3.52072605890579,40.8282309023236,722.642999999996 -3.5208480995287,40.8281950281547,722.765100000004 -3.52095907560226,40.8281620034014,722.842699999994 -3.52108296046647,40.8281370252983,722.9329 -3.52119896530902,40.8280889131779,722.782099999997 -3.52130709192648,40.8280510269231,722.624100000001 -3.52141806889837,40.8279968800681,722.584000000003 -3.52153105629987,40.8279589937607,722.809099999999 -3.52165712047694,40.8279289862293,723.253599999996 -3.52177899311492,40.8279080313855,723.638800000001 -3.52190304506577,40.8278719891474,723.876799999998 -3.52202609180179,40.8278528784062,723.949800000002 -3.52214796443977,40.8278419822564,723.883300000001 -3.52226799373478,40.8278190160488,723.694699999993 -3.52239405701352,40.8278049339742,723.595100000006 -3.52251911507751,40.8277809617452,723.484700000001 -3.5226429999417,40.8277569895075,723.400800000003 -3.52275598824152,40.827725976555,723.444199999998 -3.52287802886443,40.8276969756078,723.377999999997 -3.52300995993865,40.827689934218,723.603400000007 -3.52313803544365,40.8277108891307,723.946500000005 -3.52325001763033,40.8276780320313,723.697199999995 -3.5233869774735,40.8276760206906,724.120999999999 -3.52351404686539,40.8276450077002,724.143700000001 -3.52362703516518,40.8276009185885,724.057700000005 -3.52376097846563,40.8275849930194,724.107600000003 -3.52388503041647,40.8276039359427,724.214399999997 -3.5240080762542,40.8275900223973,724.096000000005 -3.52413799600048,40.8275880103743,723.948699999994 -3.5242670776186,40.8275880103743,724.255499999999 -3.52439196769761,40.8276228795404,724.490600000005 -3.52452406675675,40.8276389723158,724.587799999994 -3.52466203271303,40.8276258968936,724.702999999994 -3.52479899345453,40.8276109766619,724.992599999998 -3.52492103317914,40.8276069539765,725.208100000003 -3.52504206858723,40.827604941954,725.4519 -3.52516310309706,40.827607959308,725.611399999994 -3.52529402805812,40.8276029306112,725.168000000005 -3.52541305124001,40.8275920337406,724.917100000006 -3.52553408574984,40.8275759409538,724.739600000001 -3.52565897672714,40.8275330250241,724.673200000005 -3.52576509111841,40.8274839071321,724.871599999999 -3.52587405586406,40.8274279163614,725.004400000005 -3.52599911392802,40.8273880183796,725.477299999999 -3.52611897523807,40.827367901484,725.922600000005 -3.52624503851681,40.8273419177463,726.322700000004 -3.5263749582631,40.8273310215126,726.660900000003 -3.52650303376811,40.8273229747482,726.906099999993 -3.5266339596275,40.8273249867792,727.035399999993 -3.52676706390146,40.8273429237616,727.1351 -3.52688206352919,40.8273860070302,727.303799999994 -3.52700896583442,40.8274160141276,727.415399999998 -3.52714005878048,40.8274369684472,727.483600000007 -3.52727098374155,40.8274399864885,727.610700000005 -3.52740308280072,40.8274379744609,727.804600000003 -3.52752897899284,40.8274369684472,728.122499999998 -3.5276459899485,40.8274150081135,728.6921 -3.52777607767974,40.8273958972405,729.148300000001 -3.52790197387186,40.8273789656075,729.666200000007 -3.52803004937686,40.8273668961489,730.144100000005 -3.52816097433793,40.8273449351123,730.651500000007 -3.52829407861189,40.8273249867792,731.010599999994 -3.52842802191234,40.8273139226468,731.482000000004 -3.52855509130423,40.8272869328718,731.775699999998 -3.52867310837301,40.8272730185802,731.894100000005 -3.52880101679136,40.8272559196994,731.796300000002 -3.52892406262908,40.8272359706598,732.555300000007 -3.52906102337055,40.827219038986,733.282699999996 -3.52919396055788,40.8272170276314,733.176200000002 -3.52930812205745,40.827256925716,732.187000000005 -3.5294380409054,40.8272498842795,732.520000000004 -3.52956611641041,40.8272369766767,732.831600000005 -3.52969100738774,40.8272218891412,733.106700000004 -3.52982008810754,40.8272218891412,733.5049 -3.52995604273592,40.8272039514463,733.893500000006 -3.5300859624822,40.8272019400913,733.933199999999 -3.53020599087888,40.8271789736621,734.1198 -3.53031009394221,40.8271348849203,734.363700000002 -3.5303820112672,40.8270619621409,734.763399999996 -3.53046599745807,40.8269918894463,735.047000000006 -3.53054109931078,40.826920978553,735.349799999996 -3.53061402185059,40.8268450388295,735.751099999994 -3.53072801626353,40.8268069846467,735.997600000002 -3.53085005688644,40.8268339746171,735.512199999997 -3.53096304428793,40.8268639819642,734.993199999997 -3.53107804391565,40.8269038795815,734.497499999998 -3.53118197989236,40.8269580266493,734.325200000007 -3.53130100307425,40.8269709349862,733.668399999995 -3.53142807246611,40.8269779757726,732.613800000006 -3.53155396865826,40.8270130117965,731.932100000005 -3.53168204416323,40.8270229027422,731.419099999999 -3.53179603857617,40.8270569334026,730.951799999995 -3.53192796965036,40.8270690029175,730.703399999999 -3.53205000937497,40.8271040395732,730.315700000006 -3.53217607355208,40.8271189592392,729.370999999999 -3.53230599329836,40.8271310294226,728.926600000006 -3.53242803392127,40.8271310294226,727.764299999995 -3.53255409720004,40.8271300234041,727.354600000006 -3.53267697595111,40.8271249939913,726.677100000001 -3.53280706368235,40.8271348849203,726.388200000001 -3.53294201219758,40.8271399143323,725.712599999999 -3.53307109291741,40.8271330407797,725.340899999996 -3.53319196034058,40.8271290173856,724.8842 -3.53330997740932,40.827150977814,724.783100000001 -3.53343604158643,40.8271469551007,724.271999999997 -3.53356311097828,40.8271539958684,723.842499999999 -3.53368012193394,40.8271719328971,723.892600000006 -3.53378606923855,40.8272218891412,723.904999999999 -3.53390911597461,40.8272659778252,723.751799999998 -3.53403098861256,40.8272979970087,723.590299999996 -3.53413308034799,40.8273519758589,723.639800000004 -3.53426601753529,40.827365890134,723.696299999996 -3.53434396884409,40.8274359631131,723.467600000004 -3.53447807923116,40.8274508827044,723.398300000001 -3.53460011985407,40.8274689875482,723.577499999999 -3.53472098727724,40.8274480325591,723.272800000006 -3.53483598690496,40.8274780403081,723.532800000001 -3.53495601530167,40.8274589294533,723.335600000006 -3.53508107336563,40.827493965903,722.959000000003 -3.53521099311191,40.8274859191583,723.290299999993 -3.53533303373482,40.8274709988951,723.426099999997 -3.53542204959297,40.8274079673735,723.8989 -3.53552397334341,40.8273459411275,724.597800000003 -3.53563109384779,40.8272979970087,725.251699999993 -3.53574911091657,40.8272549136829,726.049700000003 -3.53586411144259,40.8272279238839,726.960399999996 -3.53595396542889,40.8271679095053,727.844100000002 -3.53605907370701,40.8271219766153,728.687699999995 -3.53617407423307,40.8270919693849,729.405899999998 -3.53627499187039,40.8270239087623,729.820000000007 -3.53636400772854,40.8269590326704,729.995599999995 -3.53647900735626,40.8269250019597,730.509999999995 -3.53658512264583,40.826880913049,730.806599999996 -3.53669509260627,40.8268420214408,731.054399999994 -3.53681797135737,40.8268110080604,731.272100000002 -3.53693900586716,40.8267739598819,731.426300000006 -3.53705601772112,40.8267509939842,731.632100000003 -3.53717202346196,40.8267079109828,731.686000000002 -3.53729708152595,40.8266748861686,732.042400000006 -3.53742297771807,40.8266569490055,731.863899999997 -3.53755004710996,40.8266239241661,732.205000000002 -3.53767611128703,40.8265919053367,732.649000000005 -3.53779798392498,40.8265800029529,732.574399999998 -3.53793511175311,40.8265759795253,732.690499999997 -3.53804709393982,40.8266079983623,732.888200000001 -3.53816712233649,40.8266269415647,733.077000000005 -3.53814700636232,40.8267189745365,733.249200000006 -3.53811297548441,40.8268140254505,733.431700000001 -3.53807408382251,40.8269048856034,733.816999999995 -3.53799596452879,40.8269769697518,733.761400000003 -3.5379520431996,40.8270639741798,733.721399999995 -3.53786202122834,40.8271310294226,733.729200000002 -3.53783000257666,40.8272269178669,734.147100000002 -3.5378130711302,40.827328004146,734.292300000001 -3.53778205769331,40.8274319397374,734.647599999997 -3.53781105980227,40.8275189435685,735.030899999998</coordinates>
</LineString>
</Placemark>
</Folder>
</Document></kml>
