<?xml version="1.0" encoding="UTF-8"?>

<kml xmlns:xsd="http://www.w3.org/2001/XMLSchema" xmlns:gx="http://www.google.com/kml/ext/2.2" xmlns:atom="http://www.w3.org/2005/Atom" xmlns="http://www.opengis.net/kml/2.2">
<Document>
<name>ES49a_01a_guadalajara-vinuelas</name>
<visibility>1</visibility>
<Schema name="ES49a_01a_guadalajara-vinuelas" id="kml_schema_ft_ES49a_01a_guadalajara-vinuelas">
<SimpleField type="xsd:string" name="id">
<displayName>id</displayName>
</SimpleField>
<SimpleField type="xsd:string" name="nombre">
<displayName>nombre</displayName>
</SimpleField>
<SimpleField type="xsd:double" name="longitud">
<displayName>longitud</displayName>
</SimpleField>
<SimpleField type="xsd:string" name="_formato">
<displayName>_formato</displayName>
</SimpleField>
</Schema>
<Folder id="kml_ft_ES49a_01a_guadalajara-vinuelas">
<name>ES49a_01a_guadalajara-vinuelas</name>
<Placemark id="kml_1">
<name>&lt;img height='20' src='https://nco.ign.es/iconos/icono_todos_caminos_azul.png' /&gt;&lt;img height='20' src='https://nco.ign.es/iconos/Camino Santiago_20.png' /&gt;&lt;img height='20' src='https://nco.ign.es/iconos/icono_todos_caminos_azul.png' /&gt;  Camino de Santiago </name>
<visibility>1</visibility>
<description><![CDATA[<!DOCTYPE html>
<html>
<head>
<style>
#nco {
  border-collapse: collapse;
  overflow:hidden;
}
#nco th, #nco td {
  padding: 4px;
  text-align: left;
}
#nco th {
  color: #364B5F;
  padding-right: 5px;
}
#nco td {
  color: rgb(51, 51, 51);
  font-size: 12px;
  padding-right: 5px;
}
</style>
</head>
<body>
<table id="nco">
<tr>
<td>Caminos del Centro</td>
</tr>
<tr>
<th><b>Camino: </b></th>
<td>ES49a Camino Mendocino a Santiago</td>
</tr>
<tr>
<th><b>Etapa: </b></th>
<td>01a Guadalajara-Viñuelas</td>
</tr>
<tr>
<th><b>Longitud: </b></th>
<td>30.67 km</td>
</tr>
</table>
</body>
</html>]]></description>
<Style>
<IconStyle>
<scale>0.8</scale>
</IconStyle>
<LabelStyle>
<color>ffffffff</color>
<scale>0.75</scale>
</LabelStyle>
<LineStyle>
<color>ffff0000</color>
<width>3.0</width>
<gx:labelVisibility>1</gx:labelVisibility>
</LineStyle>
<PolyStyle>
<color>66ff0000</color>
</PolyStyle>
</Style>
<ExtendedData>
<SchemaData schemaUrl="#kml_schema_ft_ES49a_01a_guadalajara-vinuelas">
<SimpleData name="id">ES49a_01a</SimpleData>
<SimpleData name="_formato">kml</SimpleData>
</SchemaData>
</ExtendedData>
<LineString>
<extrude>0</extrude>
<tessellate>1</tessellate>
<coordinates>-3.16733697385278,40.6352260149013,686.135899999994 -3.16745499181985,40.6351879614092,686.183399999994 -3.16757300888863,40.6351660002513,686.092499999999 -3.16764911595612,40.6352409347056,685.799899999998 -3.16770393384973,40.6353259276258,685.070200000002 -3.16772103328115,40.6354179603903,684.604500000001 -3.1677709894924,40.6355039585965,684.499899999995 -3.16786101056536,40.6355659853271,684.328299999994 -3.16788297167911,40.6356550005517,684.0481 -3.16793711853115,40.6357409991343,683.780599999998 -3.16796008485971,40.6358469461709,683.292799999996 -3.16802311694825,40.6359389795806,683.076000000001 -3.1680569798412,40.63603000736,682.881299999994 -3.16816309423247,40.6360948830937,682.522200000007 -3.16823299933123,40.6361709910674,682.249599999996 -3.16831497509249,40.6362449188935,681.955600000001 -3.16839309438625,40.6363170033363,681.563399999999 -3.16847406313606,40.6363848966489,681.047699999996 -3.16856911387628,40.6364569816223,680.777499999997 -3.16862896053881,40.6365449915267,680.663 -3.16864488677048,40.6366428919706,680.720199999996 -3.16868696385839,40.6367359311393,680.459000000003 -3.16871210949981,40.6368370168361,679.551000000007 -3.16880011924484,40.6368998808049,679.171300000002 -3.16883096469674,40.6369868853181,679.192299999995 -3.16887807145194,40.6370728835484,678.581600000005 -3.16895300531969,40.6371618994906,677.941800000001 -3.16904889418806,40.6372178904043,677.4133 -3.16914495104139,40.6372758929222,677.419800000003 -3.16924402533574,40.6373409365028,676.937900000004 -3.16932197664454,40.6374198945364,676.646699999998 -3.16941199861577,40.6374849379767,676.344800000006 -3.16950302580185,40.6375669129626,675.882199999993 -3.16959790855707,40.6376269274994,675.477599999998 -3.16971005872874,40.6376788954271,675.019400000005 -3.16980795892505,40.6377499735257,674.589500000002 -3.16987903812188,40.6378309427099,674.063399999999 -3.16996403042586,40.637900009696,673.642500000002 -3.17004298784774,40.6379789670684,673.189199999993 -3.17011591038759,40.6380490400562,672.7788 -3.17022303089194,40.6381068748413,672.207500000004 -3.17033601919176,40.6381429170897,671.918000000005 -3.17040894173158,40.6382200309258,671.377800000002 -3.17047800870218,40.6383098844792,670.925600000002 -3.170554116668,40.6383999062849,670.532399999996 -3.17053399979553,40.6384979744266,670.366299999994 -3.17064799331014,40.6385289877716,670.036399999997 -3.17076802260515,40.6385219467838,669.655599999998 -3.17087195858182,40.6385789440669,669.129400000005 -3.17101897686122,40.6386409699856,668.649300000005 -3.17108200894976,40.6387459117292,668.328599999993 -3.17109307260081,40.6388419677588,668.205700000006 -3.17116398381273,40.6389319895287,667.792700000005 -3.17120706701375,40.6390189941201,667.566099999996 -3.17129692100003,40.6390858812725,667.1342 -3.17141510515543,40.639134999384,666.750499999995 -3.17145500293048,40.6392389348959,666.354800000001 -3.17153496646548,40.6393188981835,665.903200000001 -3.17163588500113,40.6393869595407,665.431100000002 -3.17171299818177,40.6394709458211,664.723100000003 -3.17176898927509,40.6395579503918,664.375 -3.17186001646114,40.6396280230854,663.829500000007 -3.1719500384324,40.6397049688811,663.280899999998 -3.17202698452638,40.639788955443,662.720400000006 -3.17209403927076,40.6398659010532,662.182700000005 -3.17214902514929,40.6399609520719,661.610400000005 -3.17222312088888,40.6400449389934,661.147200000007 -3.17230207831079,40.6401249019972,660.557400000005 -3.17233510307559,40.6402149240819,660.528099999996 -3.17237298952267,40.640301927683,661.102700000003 -3.17245395827249,40.6403750179548,660.531499999997 -3.17251397292001,40.6404569928002,660.649699999994 -3.17261606465541,40.6405029259084,658.152900000001 -3.17269602819044,40.6405879182645,657.706000000006 -3.17279107893065,40.6406660381181,657.122499999998 -3.17288193813174,40.6407419779664,656.603700000007 -3.17294899377445,40.6408189238413,656.1253 -3.1730069961957,40.6409119626432,655.682199999996 -3.17307204051047,40.6409919259718,655.2111 -3.17315904414238,40.6410728953136,654.592699999994 -3.17322090303115,40.6411558760915,654.074299999993 -3.17327907343739,40.641246903574,653.500599999999 -3.17335098986409,40.6413339078749,652.963300000003 -3.17343899960909,40.6414090099067,652.439199999993 -3.17350907269284,40.6414819319641,651.897500000006 -3.17356204634514,40.6415699420604,651.439400000003 -3.17363597409978,40.6416499052823,650.7791 -3.17373605450724,40.6417219900237,650.1538 -3.17383898437083,40.6417759696871,649.707500000004 -3.17397309475791,40.6417929009059,649.270799999998 -3.17409697962209,40.6417898832926,648.940600000002 -3.17421298446463,40.6417570262664,648.813800000004 -3.17428708110252,40.6416829300446,648.986900000004 -3.17438196385777,40.6416239218468,649.063200000004 -3.17447600848487,40.6415560284091,649.191099999996 -3.17459000289781,40.6415999492402,649.177899999995 -3.17466510475048,40.6416710279355,649.102700000003 -3.17461799799532,40.6417598761981,649.104200000002 -3.17455898946092,40.6418440305841,648.759300000005 -3.17452495948134,40.641930028692,648.577099999995 -3.17446896838799,40.6420180388791,648.012300000002 -3.17445605959736,40.6421169455699,647.414999999994 -3.17452009779902,40.6421938912231,647.048699999999 -3.17461196311322,40.6422508880975,646.6587 -3.17473802729033,40.6422899477443,646.428499999995 -3.17485000947701,40.6423209606909,646.233999999997 -3.17497406142785,40.6423590148885,646.130900000004 -3.17508989918373,40.6423948892046,645.735700000005 -3.17519903191435,40.6424450130147,643.734100000001 -3.17531202021414,40.6425078771556,634.256500000003 -3.17541209972334,40.6425688974268,631.042100000006 -3.17551201214584,40.6426359527929,631.547200000001 -3.17560907421399,40.6426879202293,631.209400000007 -3.1756989282003,40.6427698956423,631.528699999995 -3.17577101261195,40.6428599168865,633.088000000003 -3.17584209180879,40.6429439035686,634.075100000002 -3.17589908811696,40.6430359374189,635.903000000006 -3.17597301676989,40.6431259589859,637.574500000002 -3.17603403663219,40.6432109514102,639.446500000005 -3.17606588819721,40.6432989612715,638.635999999999 -3.17610008616178,40.6433920000249,637.723499999993 -3.17613210571176,40.643483027866,637.146900000007 -3.1761621121372,40.6435769054372,636.684200000003 -3.17618105580989,40.6436699444846,636.282800000001 -3.17624811055427,40.6437519193733,635.935800000007 -3.17633511508448,40.6438199803002,635.615099999995 -3.17643905016285,40.6438779832162,635.414199999999 -3.17656511433996,40.6439009496196,635.241399999999 -3.17670408640936,40.6439130196904,635.136499999993 -3.17683702359666,40.6439059785888,635.183300000004 -3.17696090756255,40.643902961071,635.226200000005 -3.17708697173962,40.6439120136241,635.267399999997 -3.17709703017589,40.6440048852085,635.383900000001 -3.1769800183219,40.6440590320664,635.242400000003 -3.17685898381211,40.6440358980399,635.246100000004 -3.17672705273789,40.6440209781563,635.275500000003 -3.17659696590498,40.6440129316829,635.346999999994 -3.17646503483076,40.644034892657,635.329100000003 -3.17634399942264,40.6440689229849,635.729000000007 -3.17625800190387,40.6441430186029,635.768299999996 -3.176186922707,40.6442300232185,635.710500000001 -3.17616311825032,40.644328929358,635.527499999997 -3.17610695917201,40.6444199572846,635.499800000005 -3.17609807483385,40.644517019386,635.546499999997 -3.17609002772552,40.6446189432674,635.625700000004 -3.17610897139824,40.6447119822254,635.559599999993 -3.17613696649575,40.6448149125435,635.755300000004 -3.17621307446157,40.6449009102318,636.0291 -3.17632304532035,40.6449639424612,636.140899999999 -3.17643301528079,40.6450199336469,636.320900000006 -3.1765361131293,40.6450670400654,636.5533 -3.17664206043394,40.6451089492161,636.767800000001 -3.17674800773855,40.6451538764835,637.013999999996 -3.17685797769899,40.6451969593012,637.197 -3.17696291978878,40.6452449039666,637.483600000007 -3.17708496041172,40.6452920102263,637.731299999999 -3.17719610447024,40.6453429722763,638.015400000004 -3.17730909187173,40.6453878993861,638.308799999999 -3.17742308628467,40.6454249471549,638.6152 -3.17753490048639,40.6454680297976,638.890499999994 -3.17764202099077,40.6455099393781,639.142500000002 -3.17776909128096,40.6455250272842,639.491200000004 -3.17788409090868,40.6455550340492,639.942800000004 -3.17798500854601,40.6456130368206,640.333299999998 -3.17808207151245,40.6456819362609,640.811499999996 -3.1782019328225,40.6457250194193,641.310599999997 -3.17832296733233,40.6457659228,641.152000000002 -3.17843897307317,40.645810011942,640.257400000002 -3.17854911101857,40.6458559447745,640.449299999993 -3.17867299498445,40.6459000331754,640.2932 -3.17879101295153,40.645945965946,640.376199999999 -3.17890601257928,40.6459959221433,640.306100000002 -3.17902201742179,40.6460359876776,640.346799999999 -3.17912897083952,40.6460809150026,640.359299999996 -3.1792360913439,40.6461229918704,640.407500000001 -3.17934706831579,40.6461638956888,640.210999999996 -3.17946005571728,40.6462249160256,640.334700000007 -3.1795750562433,40.6462669928026,640.370699999999 -3.17969206719896,40.6463000180068,640.328999999998 -3.17980404938564,40.6463519853167,640.273199999996 -3.17991100280339,40.6463949010526,640.761299999998 -3.18003203731318,40.6464208846757,641.025099999999 -3.18014603082779,40.6464589385806,641.531600000002 -3.1802519781324,40.646516941248,641.340500000006 -3.18035809342196,40.6465580124961,641.701799999995 -3.18048197738785,40.6466019341254,642.232999999993 -3.18059898924181,40.6466549079068,642.949900000007 -3.18072304119268,40.6466989964615,643.290699999998 -3.18083904693352,40.6467368825372,643.433199999999 -3.18094700556603,40.6467809717193,643.373999999996 -3.18104691798857,40.6468359567216,643.4228 -3.18115588273423,40.6468770277733,643.490300000005 -3.18125596314172,40.6469279899761,643.864199999996 -3.18138504386152,40.6469668819422,644.061499999996 -3.18150306093029,40.6470149943692,644.119699999996 -3.18160498557903,40.6470629384102,644.007599999997 -3.18171210608341,40.6471108830983,644.176099999997 -3.18182291507035,40.6471549720334,644.432700000005 -3.18193908789785,40.6471940315366,644.477199999994 -3.1820500639714,40.6472399647798,645.208400000003 -3.18216187907145,40.6472760068679,645.288799999995 -3.18228090225334,40.6472929380547,645.238200000007 -3.18241098908625,40.647323951403,645.0481 -3.18250402849853,40.6473988851601,645.022800000006 -3.18258197980733,40.6474770045397,645.065499999997 -3.18259203824356,40.6475680322622,645.130600000004 -3.18261701590003,40.6476568801724,645.214200000002 -3.18262003334108,40.6477559543542,645.267600000006 -3.18264299966964,40.6478489937102,645.132599999997 -3.18265104677793,40.6479400209253,645.212899999999 -3.18259689992589,40.6480260193578,645.188500000004 -3.18253604715021,40.6481039710178,645.357799999998 -3.18247904994374,40.6481990218921,645.337499999994 -3.18242490309169,40.6482860259913,645.340700000001 -3.18236203898811,40.6483720239779,645.334900000002 -3.18229598945853,40.6484550052233,645.356700000004 -3.18223396348311,40.6485460322933,645.365999999995 -3.18217311070743,40.648633874951,645.384900000005 -3.18211711961411,40.6487218851587,645.400099999999 -3.18206498408996,40.6488060389455,645.4277 -3.18199910254533,40.6488968992346,645.468699999998 -3.18194394958014,40.6489879263834,645.392800000001 -3.18187907325033,40.6490709075445,645.464900000006 -3.18182710571114,40.6491579118701,645.470000000001 -3.18177999895594,40.6492408921383,645.528699999995 -3.18172501397574,40.6493329254841,645.457599999994 -3.18165712020488,40.6494179181829,645.512600000002 -3.18159509422946,40.6495089459841,645.508799999996 -3.18154698225948,40.6496029909215,645.554300000003 -3.18147104227861,40.6496899945533,645.595799999996 -3.18141203374421,40.6497769987533,645.589600000007 -3.18136492788735,40.6498640028399,645.594100000002 -3.1813040751117,40.6499560366895,645.696899999995 -3.18123199070005,40.6500400233022,645.666700000002 -3.18117398738046,40.6501280330185,645.654899999994 -3.18110810583583,40.6502069902392,645.727700000003 -3.18103199787001,40.6502799129076,645.785300000003 -3.18098304777187,40.6503659117325,645.797500000001 -3.18092906890475,40.6504488925432,645.730800000005 -3.18084407570247,40.6505199706748,645.838000000003 -3.18079210816329,40.6506140155504,645.763600000006 -3.18073712318305,40.6507078933143,645.791700000002 -3.18068197021789,40.6507900353975,645.857399999994 -3.18062111744221,40.650884918875,645.909 -3.18054199203537,40.6509630382632,646.0625 -3.18048197738785,40.6510460190128,646.0959 -3.18043604473076,40.6511320175319,646.154899999994 -3.18036898998636,40.6512180159401,646.195699999997 -3.18031802766199,40.6513009963727,646.262600000002 -3.18025801301447,40.6513819654761,646.298999999999 -3.18021208035738,40.6514709814195,646.320999999996 -3.18015005438196,40.6515549681701,646.442899999995 -3.18010797729405,40.6516470017321,646.505399999995 -3.18005500364175,40.6517370232704,646.604300000006 -3.180024996318,40.6518319060829,646.638699999996 -3.17999297766632,40.6519249452085,646.701000000001 -3.17999197155321,40.6520250251316,646.707999999999 -3.17997705233295,40.6521259431901,646.816099999996 -3.1800410896363,40.6522169707049,646.971000000005 -3.18010311561172,40.6523090040353,647.021200000003 -3.18016698582842,40.6523960082282,647.163 -3.18017302071052,40.652497932344,647.253700000001 -3.18022297692177,40.6525949949644,647.376900000003 -3.18029204389238,40.6526799869161,647.566399999996 -3.18039497375597,40.6527410074284,647.3128 -3.18047996605995,40.6528129241216,647.353400000007 -3.18060100056974,40.6528529896524,647.418799999999 -3.18072589154707,40.6528669036747,647.397700000001 -3.18082312160015,40.6529369767081,647.421400000007 -3.18090492847812,40.6530098991192,647.491500000004 -3.18098505999811,40.6530969030796,647.559399999998 -3.18110207095377,40.6531299276299,647.418000000005 -3.18122092615067,40.6531480329577,647.330300000001 -3.18134497810154,40.6531549061113,647.403200000001 -3.18147506583278,40.6531498764759,647.531000000003 -3.18159408901464,40.653150882403,647.5916 -3.18172300264781,40.6531639580908,647.506099999999 -3.18185996249097,40.6531579232107,647.691999999995 -3.18198200311392,40.6531730107507,647.5383 -3.18211711961411,40.6531780397028,647.375199999995 -3.18224502713416,40.6531760285309,647.375199999995 -3.18236891199834,40.6531889365594,647.3891 -3.1825080511544,40.6532010063134,647.466400000005 -3.18264601711069,40.6532169321154,647.496199999994 -3.18274308007713,40.6532759402864,647.558000000005 -3.18287601726443,40.6532749350427,647.637199999997 -3.18300509798426,40.6532539803086,647.675099999993 -3.18312898284844,40.6532699054164,647.766000000003 -3.1832620871224,40.6532849929311,647.690400000007 -3.18339603042285,40.6532789580619,647.8652 -3.18352511114265,40.6532779521368,647.907800000001 -3.18364698467893,40.6532779521368,647.860199999996 -3.18377003051665,40.6532729231922,647.905499999993 -3.1839039738171,40.6532709113417,647.838099999994 -3.18403791621922,40.6532580033291,647.845100000006 -3.18416012482712,40.6532509625319,647.791800000006 -3.18429591147051,40.6532358750096,647.720600000001 -3.1844310279707,40.6532199492121,647.641300000003 -3.1845539067218,40.6532000003871,647.634099999996 -3.1846829874416,40.653178877975,647.448000000004 -3.1848030167366,40.6531559120383,647.582200000004 -3.1849240512464,40.6531689877251,647.377699999997 -3.18500501999621,40.6532429158083,647.396699999998 -3.18503200987894,40.653335955011,647.254799999995 -3.18502111331454,40.653428994084,647.224900000001 -3.18501608454559,40.6535289061422,647.284499999994 -3.18513309550122,40.6535889206392,647.266399999993 -3.18519696571791,40.65366603435,647.344299999997 -3.18518104038457,40.6537679585703,647.449999999997 -3.18524809512894,40.6538509392393,647.482300000003 -3.18536208954188,40.6538950278104,647.554799999998 -3.18549502672922,40.6539029068028,647.594800000006 -3.18561404901278,40.6539089416155,647.646699999998 -3.1857350844209,40.6539099475311,647.705900000001 -3.18585410670446,40.6539179941743,647.773499999996 -3.18599307877386,40.6539240289856,647.910000000003 -3.18612299852014,40.6539439782756,647.926900000006 -3.18625291826643,40.6539510189997,647.998800000001 -3.18638602254039,40.653969962367,648.049100000004 -3.18651409804539,40.6539878991329,648.119999999995 -3.18663798290958,40.6539790149175,648.195600000006 -3.18677008196875,40.6539689564522,648.2598 -3.18690100692982,40.6539770030883,648.307499999995 -3.18703209987588,40.6539790149175,648.372099999993 -3.18715196118593,40.6539858879854,648.412599999996 -3.18727400180883,40.6539919227906,648.539799999999 -3.18740593288305,40.6540049983136,648.561199999996 -3.18752512315157,40.6540110337986,648.621400000004 -3.18765604901097,40.6540229357516,648.684200000003 -3.18777708352079,40.6540489198121,648.760899999994 -3.18788889772251,40.6540950200782,648.811199999996 -3.18795310301082,40.6541780010219,648.848700000002 -3.18799702434001,40.6542700343735,648.957399999999 -3.18806910875166,40.6543459744179,649.017099999997 -3.18813499029629,40.654421914376,649.058999999994 -3.18821512181625,40.6545079126331,649.114499999996 -3.18828502691504,40.6545898878394,649.185599999997 -3.18834805900358,40.654668006979,649.222299999994 -3.18839700910172,40.6547519937945,649.303199999995 -3.18847311616921,40.6548410093311,649.387400000007 -3.18854000382695,40.6549159435068,649.403999999995 -3.18861309435173,40.6550049595061,649.487999999998 -3.18868199333741,40.6550798934975,649.595400000006 -3.18875810130323,40.6551658922696,649.621799999994 -3.18882398284782,40.6552419996251,649.6489 -3.1888890262643,40.6553199517151,649.747600000002 -3.18895909934805,40.6554099730685,649.875100000005 -3.18901307911347,40.6554949655233,649.876499999998 -3.18907812252994,40.6555799578698,649.966199999995 -3.18916998784415,40.6556379607873,650.128299999997 -3.18922497372268,40.6557269765048,650.245200000005 -3.18929806334916,40.6558139810112,650.475300000006 -3.18936008932458,40.6558959559758,650.483699999997 -3.18944206418751,40.6559779308397,650.420499999993 -3.18951699895355,40.656054876868,650.610000000001 -3.18959696248858,40.6561390309477,650.852100000004 -3.18965999367879,40.6562159767902,651.029200000004 -3.18973693977277,40.656304992418,651.206300000005 -3.18980097797442,40.6563879733391,651.334700000007 -3.18986803271883,40.656471960034,651.587299999999 -3.18991010980674,40.6565639936286,651.878100000002 -3.18995989893133,40.6566540153478,651.936799999996 -3.19004790867636,40.6567289495316,652.015400000004 -3.19013608640635,40.6567960043,652.148100000006 -3.1902190673824,40.6568729507478,652.190700000006 -3.19028109335782,40.6569549257741,652.2549 -3.19034898623035,40.6570389124368,652.458700000003 -3.19042710552411,40.6571150197002,652.527100000007 -3.19049298796703,40.6572030296253,652.613500000007 -3.19056004271141,40.6572829931981,652.712299999999 -3.19062106347204,40.6573639625385,652.854500000001 -3.19068610688851,40.6574409083312,652.978600000002 -3.19076607042351,40.6575248950635,653.073699999994 -3.19083597552231,40.6576108934098,653.2016 -3.190907891949,40.6576910241368,653.392999999996 -3.1909731033504,40.6577750112356,653.605599999995 -3.1910430084492,40.6578549741228,653.819300000003 -3.19112598852694,40.6579349375956,654.150500000003 -3.1911819805186,40.6580149009725,654.454599999997 -3.19124199426779,40.658101905221,654.678 -3.19128105391465,40.6581929327605,654.619600000005 -3.19133201623902,40.6582899952737,654.513699999996 -3.19140007709654,40.6583820284047,654.508100000006 -3.19147098830842,40.6584619919272,655.328299999994 -3.19156603904863,40.6585210002296,656.753299999997 -3.19164700779845,40.6585898992905,657.193599999999 -3.19172797744659,40.6586569549142,657.727499999994 -3.19180609674035,40.6587429531641,658.206099999996 -3.1918640991616,40.6588259337786,658.2307 -3.1919279693783,40.6589099208116,659.262400000007 -3.19199603023579,40.6589888778623,659.757400000002 -3.19206995888875,40.6590649856269,660.165800000002 -3.19214187531545,40.6591439431755,660.606899999999 -3.19221697716815,40.6592218947951,660.792600000001 -3.1922999581442,40.6593010204784,660.947899999999 -3.1923750599969,40.6593779660813,661.344599999997 -3.19244312085439,40.659464969915,661.7016 -3.19251704950732,40.6595529801473,661.737599999993 -3.19258796071923,40.6596379727757,661.888800000001 -3.19265099280777,40.6597169303275,662.005999999994 -3.19272408243424,40.659792032116,662.093099999998 -3.19279298141989,40.6598669661823,662.042600000001 -3.19287110161194,40.6599388833717,662.139299999995 -3.19296011657176,40.6600139849103,662.297999999995 -3.19307696044076,40.6600460036209,662.428700000004 -3.19321107082783,40.6600639407977,662.686499999996 -3.1933299269231,40.6600619291519,662.963099999994 -3.19344207619643,40.6600248813319,663.496299999999 -3.19355992617855,40.6600089557921,664.161999999997 -3.19367609900605,40.6600490210902,664.608999999997 -3.1937548893413,40.6601169147953,664.694099999993 -3.19383703129086,40.6602019073866,664.657800000001 -3.19391095994382,40.6602770093105,664.589300000007 -3.19397801558649,40.6603640133346,664.5193 -3.19404305900296,40.6604439765256,664.438399999999 -3.19411899898383,40.6605148872769,664.359599999996 -3.1941860537282,40.6605950186043,664.296300000002 -3.19425009192985,40.6606888959539,664.233300000007 -3.19431597347448,40.6607789175584,664.121199999994 -3.19438202300407,40.6608550253251,664.051900000006 -3.19445611874366,40.6609390118478,663.901899999997 -3.19451898374554,40.6610159576055,663.784899999999 -3.19459307948512,40.661104973643,663.637400000007 -3.19465611157366,40.6611869482391,663.469700000001 -3.19472199311829,40.6612709350253,663.316699999996 -3.19478804264788,40.6613609565258,663.243400000007 -3.19487001751081,40.661435890874,663.174199999994 -3.19494294005062,40.6615119985725,663.093399999998 -3.19501200702126,40.6615919617503,662.974100000007 -3.19508694088898,40.6616769545065,662.778999999995 -3.19514997297751,40.6617549058918,662.781300000002 -3.19522306350232,40.6618398984403,662.808799999999 -3.19529196248796,40.6619289147411,662.892800000001 -3.19534895969443,40.6620088781005,663.007500000007 -3.19541500922402,40.6621009108709,663.093999999997 -3.19539304811025,40.6621919384049,663.274600000004 -3.19531710812938,40.6622660343429,663.262100000007 -3.19527000227252,40.6623639352193,663.373099999997 -3.19527201360045,40.6624599920096,663.580799999996 -3.19533789514508,40.6625359315901,663.783299999996 -3.19545507408567,40.6625878998841,663.829500000007 -3.19558097027782,40.6626289707803,663.814599999998 -3.19571407545007,40.6626380235187,663.846099999995 -3.19584701173908,40.6626418790241,663.862999999998 -3.19594809825969,40.6626930090829,663.895699999994 -3.19602202601432,40.6627759895536,663.953800000003 -3.19610500699037,40.662841033496,664.116800000003 -3.19618597663851,40.6629179791039,664.370599999995 -3.196254037496,40.6629929130658,664.407099999997 -3.19630499892207,40.6630859522999,664.630699999994 -3.1963480821231,40.6631749683006,664.997000000003 -3.19639904444747,40.6632730361534,665.314700000003 -3.19647096087417,40.6633529999456,665.248900000006 -3.1965730526096,40.6634249167837,665.427500000005 -3.19664312569332,40.6635129265612,665.425199999998 -3.19672996134028,40.6635769640151,665.344700000001 -3.196800034424,40.663656927443,665.505999999994 -3.19688703895421,40.6637189539045,665.546600000001 -3.19695007014445,40.6638079697419,665.716 -3.19701109090505,40.6638959796953,665.892500000002 -3.19707009943946,40.6639809722413,666.1489 -3.19715911529757,40.6640609351849,666.097099999999 -3.19725098061181,40.6641408987139,666.148300000001 -3.19728300016179,40.6642359492295,666.253500000006 -3.1973720151216,40.66431490679,666.265599999999 -3.19745399088287,40.6643839736254,666.320999999996 -3.19751199330412,40.6644760072071,666.357499999998 -3.19757904894682,40.6645599939403,666.515199999994 -3.19763202259913,40.6646510215254,666.632800000007 -3.19771701490311,40.6647269613369,666.656099999993 -3.19777199988331,40.6648099420028,666.731899999999 -3.1977709937702,40.6649130396075,666.832500000004 -3.19782899708978,40.6649930027964,666.853099999993 -3.19788096462897,40.6650759838127,666.949699999997 -3.19796998048712,40.665152929568,667.096600000004 -3.19806000245835,40.6652260198786,667.171100000007 -3.19813610952587,40.665303971886,667.128100000002 -3.19821607306087,40.6653849410302,667.142399999997 -3.19828011126255,40.6654759681707,667.196800000005 -3.19835202768925,40.6655498969256,667.281199999998 -3.19842495022906,40.6656320391332,667.607300000003 -3.19850591897888,40.6657039562395,667.743199999997 -3.19859409670884,40.665766987897,667.724799999996 -3.19867908991115,40.6658399105935,667.831900000005 -3.19876005866096,40.6659140065673,667.911800000002 -3.19883096987287,40.6659949756523,667.919599999994 -3.19891696828994,40.6660689038318,667.9758 -3.19900497803497,40.6661508791412,668.119500000001 -3.19909600522102,40.6662118995975,668.104399999997 -3.19916507219166,40.6662989033755,668.159 -3.19921603451602,40.6663909370402,668.100200000001 -3.19931896437958,40.6664589980436,668.405100000004 -3.19943211976603,40.6665069424223,668.420700000002 -3.19954309583962,40.6665609217976,668.424299999999 -3.19964602570318,40.6666070222754,668.463199999998 -3.19974694423884,40.6666559722711,668.474600000001 -3.19980109109091,40.6667470004025,668.655299999999 -3.19990603228241,40.6668060088709,668.791400000002 -3.20003293458764,40.6668400391695,668.901100000003 -3.20012999665575,40.6668988799357,668.935500000007 -3.20022789775036,40.6669689525395,668.9614 -3.20030903448517,40.6670390257512,669.016099999993 -3.20028707426972,40.6671369264354,669.191800000001 -3.20028908559762,40.6672438790892,669.398400000005 -3.20027399839244,40.6673439591992,669.457500000004 -3.2002520372787,40.6674420277357,669.602499999994 -3.20029092983893,40.6675399278283,669.675099999993 -3.20035999680953,40.6676249205003,669.712799999994 -3.20044700044142,40.6677000222428,669.719100000002 -3.20048706620143,40.6677969169318,669.751799999998 -3.20045907020558,40.6678929740741,670.060400000002 -3.20056501751019,40.6679539942991,670.061000000002 -3.20066208047664,40.6680249052428,669.942200000005 -3.20072092102609,40.668121967758,670.064599999998 -3.2007710452223,40.6682079660696,670.1826 -3.20080507520187,40.6683040226198,670.266399999993 -3.20085503141316,40.6683890149993,670.334499999997 -3.20095712314856,40.668454896999,670.406000000003 -3.20104312156566,40.6685249693306,670.554900000003 -3.20115711508026,40.6685688908085,670.683799999999 -3.20126909726694,40.6686238755713,670.897100000002 -3.2013879533622,40.6686419807823,670.969100000002 -3.20150194687681,40.6686848958089,671.183799999999 -3.20161795261765,40.6687330082469,671.318400000004 -3.20174301068161,40.6687759232149,671.561600000001 -3.20184811985806,40.6688278914164,671.782800000001 -3.20195306104955,40.6688879057775,671.911699999997 -3.2019580898185,40.6689809449646,671.999500000005 -3.20203101235835,40.6690558789281,672.045199999993 -3.20207208423144,40.6691509299339,672.133300000001 -3.20210393489816,40.6692379339658,672.367899999997 -3.20213209798063,40.6693259442487,672.5049 -3.20217300186877,40.6694209948695,672.566699999996 -3.20221005018773,40.6695140339941,672.651100000003 -3.20224089563963,40.6696058996969,672.688899999994 -3.20222497030628,40.6696079110548,672.699699999997 -3.20234701003089,40.6696540114703,672.986999999994 -3.20246603321275,40.6696409362892,673.098800000007 -3.20252705397339,40.6695579548206,672.873699999996 -3.20256510750713,40.6694699448439,672.847200000004 -3.20264993272449,40.6693929993,672.699699999997 -3.20276811687989,40.6694240125961,672.611399999994 -3.20289703051306,40.6694349088431,672.589300000007 -3.20299208125327,40.6693789177039,672.780599999998 -3.20311496000434,40.669401884188,673.078699999998 -3.20322995963206,40.6694429556577,673.261400000003 -3.20335401248123,40.6694769859734,673.419899999994 -3.20348309320103,40.6694779916543,673.392300000007 -3.2036120068342,40.669486876531,673.628899999996 -3.20373907712439,40.6695049815077,673.769100000005 -3.2038200458742,40.6696028819786,673.712700000004 -3.20392196962467,40.6696659140392,673.883100000006 -3.20404199891968,40.669672955148,674.186499999996 -3.20416605087052,40.6696969272084,674.528600000005 -3.20428105049825,40.6697468833384,675.157000000007 -3.20438800391597,40.6697919779818,675.519100000005 -3.20450702709786,40.669828020152,675.592300000004 -3.2046330903766,40.6698659060403,675.972800000003 -3.20475094035875,40.6699120069588,676.138099999996 -3.20485705474999,40.6699539161758,676.174100000004 -3.20496601949564,40.6700010227065,676.360499999995 -3.20508504267754,40.6700469552382,676.743000000002 -3.20520808941356,40.6700860149672,676.696899999995 -3.20532610648233,40.6701339594637,676.881500000003 -3.2054469730072,40.6701529023237,676.928 -3.20555912317883,40.6701869329584,676.958100000003 -3.20567797837577,40.670214928876,677.048899999994 -3.20578794923454,40.6702529828374,677.608900000007 -3.20590110462096,40.6702969038585,678.076000000001 -3.20603203048039,40.670336969109,675.876699999993 -3.20616010598536,40.6703699939824,678.271500000003 -3.20627510561309,40.6704108972447,678.411699999997 -3.20637702936356,40.6704658825327,678.491800000003 -3.20649001766335,40.6705109773711,678.590700000001 -3.20661993740964,40.6705329378003,678.731799999994 -3.20673208668297,40.6705879236691,678.810599999997 -3.20684306365486,40.6706219540818,678.876499999998 -3.20694297517907,40.6706789505214,678.982300000003 -3.20706401058719,40.6707220338916,679.129700000005 -3.20718890066619,40.6707619319577,679.206600000005 -3.20732602849432,40.6707979736036,679.635800000004 -3.20745795956854,40.6708259692646,679.788499999995 -3.207558039976,40.6708809548918,679.9516 -3.20769499981917,40.6709009038803,679.953599999993 -3.20781905177001,40.6709399631091,680.597399999999 -3.20792097641878,40.6709939429841,680.5674 -3.20801502104588,40.6710630097161,680.828299999994 -3.2081469521201,40.671093016579,680.614499999996 -3.20827402151196,40.6711149774979,680.651400000002 -3.20839405080696,40.671127885462,681.132100000003 -3.20852497576806,40.6711639275915,681.441500000001 -3.20864500506307,40.6712039930023,681.668099999995 -3.2087600046908,40.6712390294363,681.947100000005 -3.20886611908203,40.6712899914273,681.871599999999 -3.20898497517726,40.6713149699223,682.154999999999 -3.20910299224604,40.6713298891537,682.418399999995 -3.20923006163793,40.6713409533794,682.636499999993 -3.20933198538837,40.6714110260851,683.063200000004 -3.20945100857026,40.6714458948017,683.468099999998 -3.2095589672028,40.6714899840082,683.911099999998 -3.2096080852859,40.6715810109918,684.055200000003 -3.20964798306092,40.671676900526,683.938599999994 -3.20961093564029,40.6717628983411,683.785099999994 -3.2095670143111,40.6718488967266,683.694099999993 -3.20953197821841,40.6719419358703,683.588499999998 -3.2094870507761,40.6720369868502,683.489000000001 -3.20956902563903,40.6721169503546,683.804900000003 -3.20968804882093,40.6721628827915,684.091100000005 -3.20980908333072,40.6721890342062,684.370999999999 -3.20991000186637,40.6722389905132,684.669200000004 -3.21002198405305,40.6722679918894,684.878800000006 -3.21015207088599,40.6722979995726,685.811900000001 -3.210272100181,40.6722609510546,686.187699999995 -3.2103190380529,40.6721628827915,685.789199999999 -3.21036195416727,40.6720730291696,686.168399999995 -3.21041408969141,40.6719870303919,686.116999999998 -3.21049002967228,40.6719149463219,686.224900000001 -3.2106219607465,40.6719209815492,686.431100000002 -3.21070611492228,40.6719928980054,686.603300000002 -3.21078188691819,40.6720669939562,686.689899999998 -3.21086101232506,40.6721379046142,686.849000000002 -3.21094600462904,40.672219041925,687.031499999997 -3.21102311870798,40.6722919643795,687.238899999997 -3.2111159901353,40.6723529846672,687.635299999994 -3.2112100347624,40.6724140048991,687.969500000007 -3.21129905062052,40.6724899447282,688.2402 -3.21138387583787,40.6725640408079,688.531900000002 -3.21147406489576,40.6726429987283,689.046100000007 -3.21157012174909,40.6727149150871,689.340299999996 -3.21167305071435,40.672780964506,689.531300000002 -3.2117640787987,40.6728569045985,689.725000000006 -3.21185896155395,40.6729320065806,690.066099999996 -3.21195803584834,40.673003923309,690.329800000007 -3.2120480578196,40.6730639373183,690.608200000002 -3.21214310855981,40.673135015883,690.909899999999 -3.21224100875609,40.6732069330738,691.3609 -3.21234712404565,40.6732548773703,691.672999999995 -3.21245910623236,40.6733110362653,692.193100000004 -3.21258299019825,40.67335294539,693.075700000001 -3.21270100816532,40.6734029015063,693.7497 -3.21280511122865,40.6734490020234,694.344800000006 -3.21291306986119,40.673505999453,694.509900000005 -3.21302304071993,40.6735489147559,694.608300000007 -3.2131249644704,40.6736189871851,695.477499999994 -3.21322504397957,40.673680007621,695.8079 -3.21333602095146,40.6737329810238,696.636100000003 -3.21344096214295,40.6737940013553,697.461800000005 -3.21346309034335,40.6738929079566,698.903399999996 -3.21343308301958,40.6739849413606,700.301000000007 -3.21338094749543,40.6740669157961,701.655700000003 -3.21332696862834,40.6741549258373,702.841499999995 -3.21330802495562,40.6742489707787,704.950599999996 -3.21330802495562,40.6743450274839,706.631099999999 -3.21338597716271,40.6744169440508,705.479099999997 -3.2134930976671,40.6744819882222,701.467699999994 -3.21358110741209,40.6745430078682,699.927599999995 -3.21368806082985,40.6745989994403,700.289600000004 -3.21378897846718,40.6746668926416,700.8603 -3.21388101176634,40.6747299246844,702.406400000007 -3.21397606250655,40.6747969797517,706.841899999999 -3.21409810312946,40.6748429123863,708.523199999996 -3.21421796443951,40.6748499536297,708.228900000002 -3.21434201639035,40.6748078764833,707.763500000001 -3.21445802213123,40.674759931941,707.148499999996 -3.21456698687685,40.6746989118121,706.676300000006 -3.21469103882769,40.6746968999265,706.764500000005 -3.21481609689169,40.6747359596568,707.350999999995 -3.21491198576006,40.6747939622683,707.955499999996 -3.21501810104962,40.6748569941911,708.854099999997 -3.21510108202567,40.6749238822121,710.040299999993 -3.21517601589342,40.6750030069815,711.223800000007 -3.21524407675091,40.6750829703353,712.268700000001 -3.21530006784426,40.6751629335931,713.278600000005 -3.21537701393824,40.67523300637,714.733600000007 -3.21547105946364,40.6752978821463,715.691500000001 -3.21557298321408,40.6753459945819,716.566500000001 -3.21567809239052,40.6753969568404,717.630000000005 -3.21579208590513,40.6754469127878,718.627299999993 -3.21589199832767,40.6755099447744,719.316699999996 -3.21598788719605,40.675563923675,719.800900000002 -3.21608394404938,40.6756259499629,720.220799999996 -3.21617195379441,40.6756960229344,720.563699999999 -3.21626197576564,40.6757639163811,721.017099999997 -3.21636306138795,40.675830971771,721.138000000006 -3.2164669964663,40.6758929978105,721.614300000001 -3.21656607076068,40.6759449652342,721.959400000007 -3.21667000673738,40.6760140322881,722.604300000006 -3.2167650574776,40.6760869546798,723.262100000007 -3.2168710047822,40.6761399282141,723.766199999998 -3.2169590145272,40.6762009483866,724.851599999995 -3.21705104782637,40.6762609629247,725.571500000005 -3.21715012212075,40.6763219836677,726.599600000001 -3.21725204587119,40.6763890384964,727.563699999999 -3.21735497573478,40.6764498908449,728.539000000004 -3.21745405002916,40.6765159406516,729.699399999998 -3.21754507721521,40.6765908750041,730.824200000003 -3.21761699364191,40.6766639650416,731.830199999997 -3.217702992059,40.6767399047991,732.799499999994 -3.21778010613794,40.6768119891029,734.568599999999 -3.21786710976982,40.676886923804,735.100699999995 -3.21796903352026,40.6769539787458,736.260800000004 -3.21806307904569,40.6770180162373,737.200899999996 -3.21816097924197,40.6770818867543,737.589900000006 -3.21827011197258,40.6771310048305,737.896699999998 -3.21837488517912,40.6771809608411,738.095700000005 -3.21847697691451,40.6772349404325,738.157600000006 -3.21858309220411,40.6772828845576,738.341499999995 -3.21869306306285,40.6773299906795,738.410300000003 -3.21880303302333,40.6773849763933,738.370999999999 -3.21892205620518,40.6774369440166,738.402600000001 -3.21903604971979,40.6774869004792,738.339000000007 -3.21914501446545,40.6775380300569,738.3361 -3.21926806120151,40.6775839628468,738.210900000005 -3.21937400850611,40.6776268782499,738.136499999993 -3.21949806045696,40.6776719723328,738.062699999995 -3.21961205486986,40.6777239404137,737.987099999998 -3.21972705449762,40.6777640059703,737.885999999999 -3.21984507156636,40.6778028976737,737.543399999995 -3.21996208252202,40.6778449749736,737.456099999996 -3.2200800995908,40.6778800113243,737.590800000005 -3.22019493213186,40.6779229265368,737.650500000003 -3.22029702386729,40.6779738888692,737.782399999996 -3.22038101005812,40.6780419496319,738.127800000002 -3.22047103202939,40.6781100110065,738.540099999998 -3.2205580365596,40.6781738811585,738.869999999995 -3.22064906374565,40.6782419423983,739.164699999994 -3.22075299882402,40.6782949155828,739.3367 -3.22085710278569,40.6783509067289,739.464300000007 -3.22095399686885,40.678403880508,739.488100000002 -3.22104703628116,40.6784608771081,739.8701 -3.2211489600316,40.6785170363869,740.174199999994 -3.22127200676762,40.6785609574145,740.477700000003 -3.22137996540017,40.6786048784131,740.830100000006 -3.2214939598131,40.6786439378977,741.080300000001 -3.22160711519955,40.6786840035826,741.482300000003 -3.22172211482728,40.6787079758097,741.808900000004 -3.22183510312707,40.6787508911704,742.349600000001 -3.22194809052856,40.6787849215045,742.866099999999 -3.2220620849415,40.6788249871047,743.478700000007 -3.22218110812336,40.6788668968508,744.031000000003 -3.22230499208928,40.6788948925302,744.513399999996 -3.22240406638363,40.6789440099519,745.207500000004 -3.22252711311968,40.6789829023293,745.824500000002 -3.22264211274741,40.6790189443002,746.499400000001 -3.2227551001489,40.6790489516701,747.1198 -3.22287496145895,40.6790849936053,747.809200000003 -3.22300102563602,40.6791139954099,748.475399999996 -3.22311703137686,40.6791599277952,749.246199999994 -3.22324410076876,40.6792009993855,750.154200000004 -3.2233601065096,40.6792529669557,750.960000000006 -3.22347309480939,40.6792930329558,751.7552 -3.22356697145153,40.679350029477,752.604399999997 -3.22367006930008,40.6794030031434,753.335999999996 -3.22378406281468,40.6794640237354,753.863100000002 -3.22388598656513,40.6795278939527,754.294899999994 -3.22399998097806,40.679584890273,754.696599999996 -3.22410307792825,40.6796340085487,754.958799999993 -3.22420299035079,40.6796910054595,755.198199999999 -3.22432402486061,40.6797409615955,755.391799999998 -3.22443500183247,40.6797858887046,755.529800000004 -3.22454497179294,40.6798319888956,755.585900000005 -3.22465008096939,40.679874904214,755.725699999995 -3.22476105794128,40.679924022276,755.753400000001 -3.22488510989212,40.6799679437391,755.800199999998 -3.22500798864319,40.6800148824205,755.875700000004 -3.22513002926613,40.6800640003793,755.928 -3.22523698178552,40.6801059100277,755.979900000006 -3.2253441031882,40.6801578775737,755.999200000006 -3.22544988250785,40.68019794303,756.118900000001 -3.22555800912535,40.6802410256992,756.240900000004 -3.22567300875308,40.6802789124832,756.436400000006 -3.22580007814497,40.6803230012987,756.599499999997 -3.22592111265476,40.6803659163009,756.794500000004 -3.22604198007793,40.6804130229693,756.9663 -3.22616100325982,40.6804589551407,757.182000000001 -3.22629109009276,40.6804879570288,757.401700000002 -3.22641111938773,40.6805359015393,757.576499999996 -3.22652896847155,40.6805749612549,757.699900000007 -3.22665302042239,40.6806130147534,757.865099999995 -3.22675796251221,40.6806700115083,758.080700000006 -3.22686290370371,40.6807139331611,758.262799999997 -3.22698108875744,40.6807638892117,758.536600000007 -3.22709709449828,40.680815019001,758.837199999994 -3.22721108801289,40.6808679921845,759.233900000007 -3.22733799031812,40.6808969938946,759.675000000003 -3.2274580187148,40.6809249894027,760.164199999999 -3.22756497213252,40.6809709219026,760.463699999993 -3.22768600664234,40.6810099820445,760.918300000005 -3.22781307603424,40.6810460242818,761.467000000004 -3.22793109310298,40.6810798865411,762.073600000003 -3.22806000673615,40.6811169349272,762.654599999994 -3.22817098370803,40.6811539826115,763.136599999998 -3.22830308186888,40.6811920364607,763.868300000002 -3.22843099028726,40.6812299227042,764.555999999997 -3.22855906579224,40.6812629476321,765.302100000001 -3.22867590966127,40.6812959725435,766.062900000004 -3.22879694417106,40.6813310084429,767.008000000002 -3.22892300744984,40.681366882923,767.710900000005 -3.22903800797586,40.6813989022819,768.459300000002 -3.22915602504463,40.6814268975792,769.499899999995 -3.22927605344131,40.6814528818642,770.206000000006 -3.22938602430008,40.6814869121813,770.808699999994 -3.22950504748197,40.6815279837003,771.313599999994 -3.22963111076075,40.6815640256576,771.781099999993 -3.22974996685598,40.6815839741747,771.742100000003 -3.22986798392476,40.6816009061916,771.603199999998 -3.22999102976248,40.6816258842299,771.307199999996 -3.2301169259546,40.6816419769593,771.392000000007 -3.23020409757144,40.6817138938295,770.796900000001 -3.23017710858704,40.6818049211604,769.339699999997 -3.23016705015081,40.6818959490481,768.266300000003 -3.23016101526874,40.6819960289659,767.573099999994 -3.23013704282707,40.6820848773482,766.565000000002 -3.23009697706709,40.6821839508118,765.446899999995 -3.23004098597374,40.6822769905202,764.131999999998 -3.2299860009935,40.6823649999413,763.114100000006 -3.22991106622745,40.6824509982759,761.7929 -3.22983311491869,40.682529956068,760.561000000002 -3.22975298429703,40.682613942543,759.525200000004 -3.22969296964951,40.6826918946604,758.928599999999 -3.22962390267891,40.682774875451,758.065400000007 -3.22956405601634,40.6828540004393,757.158100000001 -3.22950605269679,40.682932957754,756.366699999999 -3.2294460389476,40.6830270032558,755.482499999998 -3.22939004785425,40.6831109897856,754.790500000003 -3.22933908552985,40.6832010110971,754.303100000005 -3.22929600232882,40.683288015188,753.354900000006 -3.22928812320548,40.6833859158573,753.586899999995 -3.22929499711403,40.68347996072,754.023199999996 -3.22928711799069,40.6835719945134,754.033100000001 -3.22929700844197,40.6836640274985,754.360400000005 -3.22931712531444,40.6837689692792,754.831600000005 -3.22934897598116,40.6838698869961,755.665099999998 -3.22937495975073,40.6839649380006,755.773100000006 -3.2293809946328,40.6840690414237,755.957899999994 -3.2294011115053,40.684160906827,756.602799999993 -3.22943296307032,40.6842579690137,757.108500000002 -3.229464981722,40.684346985363,757.625700000004 -3.22952499636948,40.6844339893205,757.398199999996 -3.22960311566324,40.6845169699858,756.979900000006 -3.22967201464889,40.6845908987472,756.233999999997 -3.22972297697325,40.6846859494047,755.6057 -3.22974896074287,40.6847860292204,755.091400000005 -3.22975197818392,40.6848879528893,754.543999999994 -3.22975499562493,40.6849890385299,753.797399999996 -3.22974409906054,40.6850829162811,752.590599999996 -3.22974510517366,40.6851739437793,751.922600000005 -3.22973404062431,40.6852649711532,751.290699999998 -3.22969699320368,40.6853580099666,750.495599999995 -3.22962390267891,40.6854450146478,749.960000000006 -3.22955600890805,40.6855350362128,749.210600000006 -3.22952700769742,40.6856220399817,748.063599999994 -3.22952197892843,40.6857209467457,747.3413 -3.22954796269804,40.6858210263696,746.953099999999 -3.22958802845802,40.6859199328382,746.832899999994 -3.22965005443344,40.6860009021526,747.466400000005 -3.22969699320368,40.6860949474125,747.826199999996 -3.22974996685598,40.6861920095074,747.741399999999 -3.22980092828205,40.6862909161067,747.157399999996 -3.22985809257515,40.6863789263583,746.673500000004 -3.2299140836685,40.6864669358125,746.593200000003 -3.22996906954704,40.6865468990388,746.795199999993 -3.23004400341479,40.686632897427,747.296499999997 -3.23013804894018,40.6867059880339,748.435200000007 -3.23023796046439,40.6867680141724,749.482000000004 -3.23032798243565,40.686830040253,750.754400000005 -3.23040509561626,40.6869130206598,751.622399999993 -3.23047399550024,40.6869949962278,752.400299999994 -3.23053987704487,40.6870779764292,753.3609 -3.23061598501069,40.6871508996601,754.424599999998 -3.2306930981913,40.6872260012066,755.360499999995 -3.23076602073114,40.6873009350996,756.377299999993 -3.23083106414758,40.6873889453798,757.252999999997 -3.230893090123,40.6874779609531,758.131399999998 -3.23095109344259,40.6875659709995,758.907000000007 -3.23099803221282,40.6876549870175,759.823000000004 -3.23100607842282,40.687745008322,760.867100000003 -3.23096903010387,40.6878368741079,761.429799999998 -3.23089007268198,40.687918011385,760.999800000005 -3.2307990454959,40.6879859046448,761.357799999998 -3.23071204096572,40.6880529600015,761.6587 -3.23061497889757,40.6881240382518,761.872099999993 -3.23052696915254,40.6881909259031,761.547099999996 -3.23045304049961,40.6882680391159,761.460500000001 -3.23039906073419,40.6883619170164,760.947499999995 -3.23037810663187,40.6884650143072,760.5628 -3.23036503075461,40.6885568797817,760.098499999993 -3.23036301852838,40.6886589713794,760.092399999994 -3.23035396620527,40.6887578777231,759.885500000004 -3.23037106563668,40.6888619811523,760.178400000004 -3.23038497964212,40.6889628993311,759.880099999995 -3.23039704940626,40.6890619734691,759.329400000002 -3.2304029163034,40.689162891345,759.145999999993 -3.23040610172941,40.689268000205,759.170299999998 -3.23041498696587,40.68936288344,759.305500000002 -3.23041498696587,40.689455922663,758.920299999998 -3.23039604329314,40.6895479556968,757.872600000002 -3.23038296741589,40.6896389832267,757.137300000002 -3.23037307696462,40.6897368841029,756.331600000005 -3.23040995729859,40.6898379698813,756.127399999998 -3.23043996462233,40.689928997015,756.012499999997 -3.23046511026378,40.6900268981464,755.599799999996 -3.23043996462233,40.6901269781154,754.3171 -3.23040207817524,40.6902278957407,752.909499999994 -3.23037307696462,40.6903169116087,752.354000000007 -3.23034491388215,40.6904059273578,751.5144 -3.23032312075333,40.6904989664868,751.436100000006 -3.23032395888149,40.6905930115293,751.083100000003 -3.23036000108733,40.6906899063241,751.597099999999 -3.23042588353026,40.6907809336563,752.5959 -3.23048003038234,40.6908759850214,753.212100000004 -3.23053300403464,40.6909670120994,753.878200000006 -3.23057407500944,40.6910520048772,754.605299999996 -3.23063107221587,40.6911329740863,754.923299999995 -3.23068102842716,40.6912250068472,755.145399999994 -3.23074104307465,40.6913160348107,755.447400000005 -3.23078798094655,40.6914010271433,755.663199999995 -3.23084698948096,40.691492892657,755.213399999993 -3.23090901635468,40.6915730235408,754.969700000001 -3.23097808242698,40.691651981424,754.741099999999 -3.23104798752578,40.6917259097628,754.3799 -3.23114102693806,40.6917889413411,753.896200000003 -3.23123708379139,40.6918638755524,752.7065 -3.23132308220849,40.6919319371169,752.041599999997 -3.23139399252207,40.692017935367,752.609800000006 -3.23140807451247,40.6921109742885,753.478099999993 -3.23140002830247,40.6922070311377,753.579199999993 -3.23138896375312,40.6922988969024,753.510500000004 -3.23140002830247,40.6923939474643,753.5533 -3.23143305216893,40.6924910099204,753.715400000001 -3.23146607693372,40.6925780141437,754.068799999994 -3.23148703193435,40.6926708854091,754.473599999998 -3.23153011513538,40.6927669421321,754.893500000006 -3.23158593824377,40.69285998137,754.939499999993 -3.23166204620959,40.6929308923873,754.817599999995 -3.23174502718564,40.6930059942309,754.882299999997 -3.23182700204857,40.6930899804453,754.920599999998 -3.23190109778816,40.6931608912178,754.847399999999 -3.23196798544591,40.6932440401495,754.776700000002 -3.232045937653,40.6933169627629,754.986999999994 -3.23210997495632,40.6933989372642,755.092600000004 -3.23219010647631,40.6934839303455,755.214600000007 -3.2322809656774,40.6935449503061,755.722599999994 -3.23240200018723,40.69358400989,756.222200000004 -3.23252102336912,40.6935979242695,756.702799999999 -3.23263904043786,40.693603958896,757.014999999999 -3.23273392409145,40.6936589441258,756.574299999993 -3.23269000276226,40.6937509774845,755.604000000007 -3.2326140627814,40.693832952814,754.879799999995 -3.23254197836974,40.6939129160559,754.285000000003 -3.23247592884016,40.6939910354504,753.868900000001 -3.23241088542369,40.6940740157944,753.290699999998 -3.23234600909387,40.6941569967163,752.271099999998 -3.23227610399508,40.6942329369773,751.094400000002 -3.23219798470136,40.6943020041527,749.823000000004 -3.23212003339259,40.6943779435674,748.554399999994 -3.23205297774989,40.6944629360809,747.523400000005 -3.23196698023109,40.6945370322569,746.2883 -3.23188399925504,40.6946139780676,745.327999999994 -3.23181107671523,40.6946929357527,744.253400000001 -3.2317311131802,40.6947630084318,743.170800000007 -3.23165701744064,40.6948349254466,742.123399999997 -3.23156096058731,40.6949060039547,741.313899999994 -3.23146909437477,40.6949630007462,740.078200000004 -3.23137203230662,40.6950339115686,739.459199999998 -3.23140002830247,40.6951309742655,739.656400000007 -3.23152290615524,40.6951660103839,740.118199999997 -3.23165098166024,40.695202890883,740.315900000001 -3.23176195863213,40.695238932937,740.425199999998 -3.23188299314193,40.6952789981816,740.575899999996 -3.23199598144172,40.6953158786181,740.730299999996 -3.23210997495632,40.6953539325543,741.065300000002 -3.23222899813821,40.6953990275848,741.554999999993 -3.23234600909387,40.695445966296,741.955799999996 -3.23245799128055,40.6954959222016,742.3073 -3.23258103801661,40.695532970066,742.630900000004 -3.23269100887538,40.6955680066541,742.717999999993 -3.23280500238999,40.6956250035604,742.976899999994 -3.23290206535643,40.6956830063846,742.782600000006 -3.23299895943959,40.6957440263745,742.863200000007 -3.23309602240604,40.6958048787612,743.141199999998 -3.23320398103858,40.6958689165312,743.338000000003 -3.23330087602007,40.69592189069,743.506500000003 -3.23341604363275,40.6959730197479,743.7788 -3.23352903103424,40.696021970659,744.320399999997 -3.23364688101636,40.6960759499758,744.356400000004 -3.23375601284868,40.6961200385575,744.604900000006 -3.23387302470263,40.6961679834012,744.720199999996 -3.23398802433036,40.6962219625997,744.916700000002 -3.23408693063978,40.6962809708618,744.819000000003 -3.23419505725725,40.6963349506498,744.874200000006 -3.23430301588979,40.6963889303941,745.175700000007 -3.23439404397417,40.6964489444634,744.922000000006 -3.23449797905254,40.6965009122067,744.962299999999 -3.23460996123922,40.6965619328097,745.107099999994 -3.2347110468615,40.696630999614,745.054499999998 -3.23479201650964,40.6967059338281,744.767200000002 -3.23488103236779,40.6967719833136,744.848599999998 -3.23497608310797,40.6968499345354,745.045299999998 -3.23505705185782,40.696915983878,745.356100000005 -3.23514606771594,40.6969919243997,745.766799999998 -3.23523206613303,40.697061996704,746.081600000005 -3.23532007677636,40.6971389430039,746.306400000001 -3.23540892464955,40.6972100210973,746.4329 -3.23549810759433,40.6972799263097,746.714699999997 -3.2355859502527,40.6973499989922,746.958100000003 -3.23567312186954,40.6974140366391,747.199699999997 -3.23577001685103,40.6974748895437,747.3122 -3.23585299782711,40.6975489857752,747.473100000003 -3.23591301247459,40.6976349835859,747.145099999994 -3.23598509688625,40.6977239997743,747.008300000001 -3.23605600719983,40.6978069802364,747.075599999996 -3.23612406805735,40.6978899612762,747.129799999995 -3.23618609493107,40.6979699244163,747.386400000003 -3.23624510346547,40.6980478762796,747.667100000006 -3.23630897368217,40.6981300193121,748.036300000007 -3.23636312053422,40.6982170229822,748.104000000007 -3.2364320195199,40.6983040272197,748.299599999998 -3.23648398705908,40.6983890194921,748.3514 -3.23653612258323,40.6984899382249,748.527100000007 -3.23659496403097,40.698577948029,748.540399999998 -3.23667207721158,40.6986510377928,748.743900000001 -3.23675103463349,40.698735025064,749.055699999997 -3.23683904527682,40.6987958774429,749.158100000001 -3.23691599047247,40.6988818756871,749.088900000002 -3.23699511587931,40.6989610006209,749.336299999995 -3.2370980457429,40.6990149802805,749.708199999994 -3.23717499183688,40.6990949434323,749.444900000002 -3.23726702513604,40.699158981445,749.741500000004 -3.23738302997859,40.6992089372906,750.110799999995 -3.23748109905815,40.6992649285745,750.158599999995 -3.23758000536754,40.6993158909335,750.4179 -3.2376700264405,40.6993779169121,750.698399999994 -3.23775300741655,40.6994608973572,750.698099999994 -3.23782894739742,40.6995309704698,750.974300000002 -3.23790706669114,40.6996048989198,751.095100000006 -3.23797412233384,40.6996810066379,751.300700000007 -3.2380500623147,40.6997579519559,751.548899999994 -3.23812901973658,40.6998308749311,751.870500000005 -3.23821200071266,40.6999029594604,752.278300000005 -3.23829012000639,40.6999869458342,752.636599999998 -3.23837209486932,40.7000679150817,753.141099999993 -3.23846010461435,40.7001379875558,753.4902 -3.23854995860062,40.7002020252468,754.031300000002 -3.23863411277644,40.7002669012377,754.525399999999 -3.23871709375249,40.7003349623906,755.153200000001 -3.2388020869548,40.7004010116831,756.064799999993 -3.23889512546879,40.7004570026461,757.107199999999 -3.23899989957362,40.7005210407115,757.932499999995 -3.239098973868,40.7005788758239,758.488599999997 -3.23918899494093,40.7006409019885,758.916500000007 -3.23930500068177,40.7006910256198,759.542199999996 -3.23942402386366,40.7007409816785,759.890199999994 -3.23952896505515,40.7008060253602,759.972500000003 -3.23963005067744,40.7008739191088,759.904699999999 -3.23972711364388,40.7009379567734,760.079700000002 -3.23983004350747,40.7010030002627,760.437399999995 -3.23993397858585,40.7010678761545,760.559399999998 -3.24004210520331,40.7011288966603,760.922300000006 -3.24013497663067,40.7011889105458,761.3946 -3.24024410936125,40.7012408786777,761.744500000001 -3.24034703922484,40.7012859731284,761.731499999994 -3.24042096697944,40.7013739833245,761.476899999994 -3.24047008506257,40.7014589757662,761.428400000004 -3.2405190351607,40.7015479916119,761.411500000002 -3.24058005592134,40.7016410308456,761.523499999996 -3.24062498246531,40.7017328965416,761.497600000002 -3.24068197967178,40.701825935517,761.628299999997 -3.24073009164176,40.7019089163176,761.755999999994 -3.24080100285367,40.7019949146291,762.082999999999 -3.24086906371116,40.7020740399511,762.392200000002 -3.2409439984772,40.7021590321805,762.610100000005 -3.24101809421679,40.7022440249824,763.044099999999 -3.24108799931559,40.7023209707448,763.554999999993 -3.2411770151737,40.7023979164184,763.591100000005 -3.24127994503729,40.7024629598441,764.058300000004 -3.24138404810063,40.7025290097507,764.657200000001 -3.24146501685044,40.702600925873,764.927800000005 -3.24154699261167,40.7026659697815,765.214699999997 -3.2416430485667,40.7027368805769,765.553899999999 -3.24173508186587,40.7028079595074,765.803499999995 -3.24181890097007,40.7028750142489,766.272500000006 -3.24191596393655,40.7029398903604,766.815799999997 -3.24201302600467,40.7030009105133,767.0861 -3.24211310551384,40.7030569020149,767.455000000002 -3.24222005893156,40.7031189279151,767.887300000002 -3.24233002979033,40.7031539639186,768.434699999998 -3.24244201197704,40.7032159904093,768.931200000006 -3.2425360566041,40.703270975197,769.492100000003 -3.24264502134976,40.7033360191322,770.144700000004 -3.24273101976686,40.7034029064949,770.669099999999 -3.24282204695291,40.7034619152063,771.117599999998 -3.24292095416066,40.7035339998922,771.594500000007 -3.24300611355127,40.7036059162915,771.996400000004 -3.24307903609108,40.7036810183593,772.382500000007 -3.24316000573923,40.7037619872025,772.872799999997 -3.24324399193006,40.7038359157238,773.152499999997 -3.24332999034716,40.7039049824774,773.821899999995 -3.24340190767219,40.7039839400467,774.229699999996 -3.24349109061696,40.7040608858422,774.764500000005 -3.24358396204428,40.7041249238477,775.351200000005 -3.24367800756971,40.7041809150855,775.705700000006 -3.24379200108432,40.7042318770884,776.273100000006 -3.24390197194309,40.7042659073503,776.874200000006 -3.24401797768393,40.7042890415988,777.340299999996 -3.24413297731166,40.7043170368141,777.527900000001 -3.24426004670355,40.7043420151909,777.642800000001 -3.24438896033672,40.7043609578638,777.550099999993 -3.24451502451379,40.7043799012124,777.394199999995 -3.2446290180284,40.7044068912355,777.263900000005 -3.24474602898403,40.7044290189194,777.074699999997 -3.2448620347249,40.7044539972542,776.950599999996 -3.24499396579909,40.7044759580781,777.004799999995 -3.24511298898098,40.7045029473813,777.085800000001 -3.24521491273142,40.7045589389822,777.132599999997 -3.2453139870258,40.7046290114987,777.2935 -3.24541306132018,40.7046938872637,777.593399999998 -3.24549503618311,40.7047689894667,777.709099999993 -3.24559209825123,40.7048358767523,778.0913 -3.24568111410937,40.704909972968,778.423299999995 -3.24577800909086,40.7049760224908,778.971300000005 -3.24590608459587,40.7050118965001,779.983900000007 -3.24599593858214,40.7050759342723,780.304900000003 -3.2461049033278,40.7051379603351,780.488299999997 -3.24621889774074,40.7051919397561,780.604399999997 -3.24632400691719,40.7052380407592,780.911099999998 -3.24642090100035,40.7052988933262,781.406199999998 -3.24653489541329,40.7053558900786,781.683900000004 -3.24663296359452,40.7054090310262,782.090800000005 -3.24674511286785,40.7054630109084,782.690000000002 -3.24686011339391,40.7055129667931,783.194799999997 -3.24697796247773,40.7055619175037,783.7016 -3.24709698565958,40.7056009768518,784.141300000003 -3.24720997395941,40.705645904233,784.600399999996 -3.2473229613609,40.7056769170062,784.983600000007 -3.24743796098862,40.7057049123191,785.684800000003 -3.24757106616091,40.7057240234887,786.368900000001 -3.2476840544607,40.7057639210339,786.785900000003 -3.24781196198076,40.7057939286192,787.177599999995 -3.24792897293642,40.7058148831875,787.467799999999 -3.24805805455451,40.7058420401512,788.011700000003 -3.2481750664085,40.7058700360756,788.440400000007 -3.24830297392851,40.7058980313073,788.927899999995 -3.24842702587939,40.7059230097721,789.3658 -3.24855409527125,40.7059560340394,789.840800000005 -3.24867311845314,40.7059959321266,790.286800000002 -3.24878996232214,40.7060269454178,790.733900000007 -3.24891401427298,40.7060609761246,791.2209 -3.24902901390071,40.7061018792772,791.687699999995 -3.24914300831364,40.7061560268001,792.180200000003 -3.24924308782281,40.7062130234999,792.724799999996 -3.24933009235302,40.7062889636375,793.298599999995 -3.249411899231,40.706363897883,793.834799999997 -3.24948197231475,40.7064440285859,794.3217 -3.24956210293641,40.7065239923529,794.898700000005 -3.24963703770245,40.7065959089285,795.492499999993 -3.24970493057502,40.706681907317,796.172900000005 -3.24978807953602,40.7067628765978,797.047399999996 -3.24986502563,40.7068399901071,797.566099999996 -3.24995588483109,40.7069149244136,798.578899999993 -3.25003199279691,40.7069928760235,799.294500000004 -3.25012100865503,40.7070569132529,800.123600000006 -3.25022896728757,40.7071020078518,801.070999999996 -3.25034296170051,40.7071350328964,801.8315 -3.25045997265613,40.7071630282773,802.499500000005 -3.25058301939219,40.7071910236464,803.562300000005 -3.25070807745615,40.707162022484,804.655499999993 -3.25083900241725,40.7071519645499,806.260500000004 -3.2509300296033,40.7072299158824,806.693100000004 -3.25104603534414,40.7072490266144,807.786300000007 -3.25117193153626,40.70726092928,809.7454 -3.25128508692271,40.7073050179495,810.491999999998 -3.25140109266355,40.7073489390717,811.605899999995 -3.25151793653255,40.7073799517328,812.776199999993 -3.25164198848339,40.7074139824291,813.7307 -3.25176201777839,40.7074409725846,814.695900000006 -3.25188104096029,40.7074589092682,815.455499999996 -3.25200911646529,40.7074558919017,816.647800000006 -3.25214004142636,40.7074709794142,817.371700000003 -3.25227096638746,40.7074818762516,818.651500000007 -3.25239200179559,40.7074949515008,819.531600000002 -3.25252309474161,40.7075080274284,820.439799999993 -3.2526469787075,40.7075050100641,821.437999999995 -3.25277404899772,40.7074989753349,822.341899999999 -3.2529059800719,40.7075149004269,823.718500000003 -3.25303204335068,40.7075398789663,824.068799999994 -3.25315307786047,40.707574915368,824.120999999999 -3.25324494407301,40.7076459939021,824.416800000006 -3.25333697737217,40.7077138868071,824.593399999998 -3.25344108043551,40.7077819478411,824.793999999994 -3.2535440102991,40.7078439741076,825.291100000002 -3.25364408980826,40.7079049945342,825.5579 -3.25374500834392,40.7079599795365,825.722299999994 -3.25385598441748,40.7080159709549,825.811300000001 -3.2539689727173,40.7080719623262,826.210600000006 -3.25408698978604,40.7081189009601,826.474000000002 -3.25418589609547,40.7081779095789,826.486099999995 -3.25428798783086,40.708228032986,826.478400000007 -3.2543900795663,40.708276983063,826.504000000001 -3.25449401554297,40.7083259337849,826.712100000004 -3.25460700294446,40.7083869537699,826.994900000005 -3.25470507112573,40.7084399275072,827.060200000007 -3.25480397833345,40.7084918954292,827.352400000003 -3.25490204651471,40.7085458748555,827.510599999994 -3.25501402870139,40.7086038773244,827.583799999993 -3.255128022216,40.7086618804237,827.696100000001 -3.2552420157306,40.708716027227,827.825800000006 -3.25535500403039,40.7087710129216,827.938399999999 -3.25546799233022,40.7088229805852,828.063099999999 -3.25557108928043,40.7088689136032,828.107999999993 -3.25568810113439,40.7089218869572,828.0916 -3.25578801355693,40.7089699989533,828.228499999997 -3.25589111050715,40.7090219671425,828.286300000007 -3.25599102292965,40.709083992935,828.454400000002 -3.25609311466508,40.7091339488273,828.480100000001 -3.25619604452864,40.7091808880746,828.513600000006 -3.25629796827908,40.7092279941214,828.610799999995 -3.25641498013307,40.7092709095757,828.703599999993 -3.2565299797608,40.7093228775301,828.710800000001 -3.25663508803891,40.7093689777165,828.733200000002 -3.25673701268768,40.7094199398351,828.871599999999 -3.25684899487436,40.7094769364653,829.053599999999 -3.25696097706107,40.7095299100165,829.117599999998 -3.25705803912918,40.7095828835256,829.252200000003 -3.25715996287966,40.7096299899689,829.321100000001 -3.25725601973299,40.709693022312,829.4899 -3.25737202547383,40.7097359374667,829.570600000006 -3.25747897889155,40.7097879050582,829.676500000001 -3.25759012295007,40.7098408790429,829.810899999997 -3.25770696592077,40.7098940198165,830.031199999998 -3.25782397777472,40.7099469937169,830.227400000003 -3.25793696607455,40.7099999675751,830.438800000004 -3.25805196570227,40.7100549528905,830.680099999998 -3.25816696533,40.7101109439092,831.002999999997 -3.25828397628562,40.710163917637,831.286800000002 -3.25839897591338,40.7102219200584,831.581200000001 -3.25851297032629,40.7102728822052,831.876999999993 -3.25861908471755,40.7103250175694,832.223199999993 -3.25872201458111,40.7103769853821,832.539000000004 -3.25882712375756,40.7104199007769,832.785699999993 -3.25894698506761,40.7104710302826,833.137000000002 -3.2590599733674,40.7105209864962,833.385899999994 -3.25917296076889,40.7105689311886,833.698799999998 -3.25928209349951,40.7106198930699,834.015599999999 -3.25940011056828,40.7106730339026,834.392500000002 -3.25950304043184,40.7107270136037,834.797900000005 -3.25961301129061,40.7107898780797,835.257500000007 -3.25971711435394,40.7108420130391,835.5867 -3.2598280904275,40.7108939811293,835.949999999997 -3.25993102029109,40.7109429312893,836.331900000005 -3.26003998503672,40.710990875678,836.738800000006 -3.26015498466447,40.7110369767524,837.081399999995 -3.2602699842922,40.7110869325414,837.464600000007 -3.26039101970032,40.7111300156682,837.815600000002 -3.26049512276365,40.7111890243425,838.120599999995 -3.26061498407367,40.7112359628221,838.3122 -3.26072009325012,40.7112839069997,838.570600000006 -3.26083609809266,40.7113340307926,839.040599999993 -3.26095109772039,40.7113849927692,839.305300000007 -3.26106710346123,40.7114279081952,839.524099999995 -3.26118512053,40.7114699853732,839.847999999998 -3.26129408527566,40.7115108892892,840.2359 -3.26141193525777,40.7115579957305,840.501799999998 -3.26152090000343,40.7115988989115,840.931700000001 -3.26162802050778,40.71163896453,841.255999999994 -3.26173698525344,40.7116770186742,841.693899999998 -3.2618620433174,40.711717922463,842.126900000003 -3.26197000194994,40.7117559758811,842.466899999999 -3.26209204257284,40.7117960414051,842.576000000001 -3.26220402475955,40.7118288986576,842.783800000005 -3.26231600694623,40.7118689641378,843.089600000007 -3.26243503012812,40.7119029945828,843.299299999999 -3.26255505942312,40.7119390371338,843.454299999998 -3.26267391462006,40.7119749114777,843.570999999996 -3.2627999778988,40.71201598259,843.691999999995 -3.26292503596276,40.7120409608028,843.770799999998 -3.26305110013987,40.71207499116,843.996400000004 -3.26318403732717,40.7120999693507,843.989600000001 -3.26331010060594,40.7121299768047,843.883199999997 -3.26344002035223,40.7121670249505,843.971000000005 -3.26355401386683,40.7122039048887,844.281799999997 -3.26366700216662,40.7122449765407,844.301099999997 -3.26377999046645,40.712290909241,844.355599999995 -3.26389499009417,40.7123148816352,844.120200000005 -3.26400596616773,40.7123559525378,844.314499999993 -3.26411409278523,40.7124000412387,844.6394 -3.26422305753089,40.712438933837,844.733699999997 -3.26435197116405,40.7124729639908,844.729500000001 -3.26447904145424,40.712506994808,844.779699999999 -3.26460711695925,40.7125309671245,844.772299999997 -3.26473200703825,40.7125579565678,845.021800000002 -3.26484398922493,40.7126000337126,845.058799999999 -3.26495898885265,40.712630879147,845.099600000001 -3.26507097103936,40.7126769797668,845.1345 -3.26518010376997,40.7127150333177,845.391499999998 -3.26529007373042,40.7127519136334,845.479699999996 -3.26541596992253,40.7127949970448,845.628500000006 -3.26552510265315,40.7128348944391,845.610700000005 -3.26564597007631,40.7128769720898,845.714999999997 -3.26577387759636,40.7129110020196,845.786399999997 -3.26589910274695,40.712943021201,845.916400000002 -3.26602902249323,40.7129700111583,846.014299999995 -3.26615408055719,40.7130020296304,846.028900000005 -3.26627511506702,40.7130368983779,846.074299999993 -3.26640101125913,40.713074952404,846.316699999996 -3.26652707543621,40.7131059651221,846.609500000006 -3.26664006373603,40.7131410019998,846.676300000006 -3.26675992414775,40.7131710089845,846.803799999994 -3.26687710398666,40.7132088954306,846.927100000001 -3.26699109750127,40.7132469486775,847.088799999998 -3.26708011335942,40.7133109867018,847.294899999994 -3.26717197867363,40.7133770360634,847.510399999999 -3.26728899052758,40.7134088875176,847.678899999999 -3.26740499626842,40.7134378886831,847.644799999995 -3.26753005343408,40.7134719190072,847.6535 -3.26765209405699,40.7135099734656,847.750599999999 -3.26776105880265,40.7135518825061,847.959400000007 -3.26787991489791,40.7135689820734,847.934699999998 -3.26800497206354,40.7135929540075,847.955300000001 -3.26812299003061,40.7136179323097,848.085800000001 -3.26825106553562,40.7136159202371,847.950400000002 -3.26838199049672,40.7136259785566,847.812000000005 -3.26850302500651,40.7136650386221,847.693899999998 -3.26862808307047,40.7136839813668,847.393200000006 -3.26875096182157,40.7137079539404,847.169299999994 -3.26885707711114,40.7137510367331,847.008600000001 -3.26895799474846,40.7138019989025,846.910699999993 -3.26904097572451,40.7138708980322,847.118000000002 -3.26914809622889,40.7139319183831,847.027499999997 -3.26927399242101,40.7139790244734,847.132100000003 -3.26940106271123,40.7140019905699,847.266600000003 -3.26951907977997,40.714035015597,847.550499999998 -3.26961999741733,40.7140819541131,847.759600000005 -3.26972896216295,40.7141409628948,848.010699999999 -3.26984396179068,40.7141879013362,848.310100000002 -3.26996700852674,40.7142229376445,848.605200000005 -3.27003607549734,40.7143039072887,848.939199999993 -3.2699509152084,40.714387893887,849.111099999995 -3.26985904989419,40.7144660131011,849.2356 -3.26978595936942,40.7145449704052,849.350200000001 -3.26971303682961,40.7146209105737,849.523700000005 -3.26962988786861,40.714704897453,849.637199999997 -3.2695480809906,40.7147878778674,849.570099999997 -3.26948303757416,40.7148659972931,849.7598 -3.26941397060352,40.7149519958955,849.869600000005 -3.26934708294578,40.7150269299252,849.833100000003 -3.26930802329892,40.7151320388321,849.784100000004 -3.26934507071955,40.7152369807555,850.010299999994 -3.26939988861312,40.7153290135797,850.338799999998 -3.26951103267167,40.7153779638837,850.459099999993 -3.26963307329458,40.7154170236022,850.702499999999 -3.26975511391752,40.7154528981149,850.919500000004 -3.26985904989419,40.7155000044908,851.462299999999 -3.26990498255131,40.7155948878136,851.529599999994 -3.26979601780566,40.7155139183777,851.087199999994 -3.2698510027859,40.7155958934796,851.335200000001 -3.26991302876132,40.7156798804907,851.648100000006 -3.2699649963005,40.7157759367175,851.982999999993 -3.27001310916881,40.7158579121776,852.228600000002 -3.27007194971823,40.7159509511658,852.565100000007 -3.2701309582526,40.7160409723656,852.745200000005 -3.27019600166907,40.7161299884666,852.854500000001 -3.27025903375761,40.7162059281889,852.897400000002 -3.27032005451824,40.7162989673717,852.798800000004 -3.27038208049366,40.7163859718198,852.533299999996 -3.27042700703763,40.7164719698205,851.707399999999 -3.27047511900761,40.7165700382496,850.362399999998 -3.27047696324892,40.716668944689,849.176099999997 -3.27049104523929,40.7167849504037,847.770900000003 -3.27050898190057,40.7168800014321,846.718999999997 -3.27052708744513,40.7169738785048,845.5962 -3.27051401156785,40.717074964487,844.426699999996 -3.27052105256306,40.7171768884643,843.379400000005 -3.27051501678267,40.7172679156896,842.471600000004 -3.27051099412683,40.7173639723485,841.453699999998 -3.27049406268034,40.7174549999989,840.591899999999 -3.27045902568931,40.7175569233944,839.693899999998 -3.27046103791554,40.7176580091721,839.088600000003 -3.27041812269947,40.7177470251536,838.507800000007 -3.2703700107295,40.7178429143102,837.884099999996 -3.27032005451824,40.7179349476172,837.039699999994 -3.27027009830696,40.7180289927362,836.159700000004 -3.27021209498737,40.7181089555278,835.355299999996 -3.27017303534051,40.7182100418291,834.598100000003 -3.27015409256612,40.7182998952068,833.963499999998 -3.27010111891381,40.7183919285628,833.203500000003 -3.27004311649256,40.7184819505469,832.580900000001 -3.26997388153696,40.7185568846886,832.024000000005 -3.26989810954106,40.7186428832892,831.578599999993 -3.26985200889901,40.7187409512437,831.25 -3.26981999024733,40.7188360022027,831.108800000002 -3.26976399825568,40.718924012355,830.751499999998 -3.26970901327544,40.7190069929574,830.477700000003 -3.26965704573626,40.7190909797503,830.300000000003 -3.26962402097146,40.7192029615222,830.193199999994 -3.26959803720189,40.7192909718702,830.089200000002 -3.26950499778957,40.719363894564,829.831099999996 -3.26945202413727,40.7194589453143,829.703500000003 -3.26940408015225,40.719553995929,829.600300000006 -3.26931104073997,40.7196309414356,829.518800000005 -3.2692459973235,40.7197199575023,829.373000000007 -3.26919000623014,40.7198089734499,829.359700000001 -3.26911389826436,40.7198839074594,829.383199999997 -3.26902588851932,40.7199479452273,829.598100000003 -3.26894408074302,40.7200238853603,829.715700000001 -3.26892010830134,40.7201219533227,829.632899999997 -3.26889798010097,40.7202190162254,829.567500000005 -3.26886797367553,40.7203060203161,829.890199999994 -3.26881399391011,40.7203988917299,830.355800000005 -3.26877208390886,40.7204858955855,830.885999999999 -3.26871106404655,40.7205708881458,831.417799999996 -3.26863897963486,40.7206510194539,831.621299999999 -3.26860008797296,40.7207499259575,832.144 -3.26859002953673,40.720850006066,833.499500000005 -3.26852498612026,40.7209438829868,833.598100000003 -3.26846010979044,40.7210308874917,833.483999999997 -3.26840898037942,40.721113030092,833.342399999994 -3.26836790850632,40.721200033695,833.292600000001 -3.26832599940337,40.7212979344839,833.704599999997 -3.26829599207963,40.7213970088709,833.968099999998 -3.26828693975651,40.7215009441925,834.285699999993 -3.26829398075169,40.7215929778887,834.192500000005 -3.26828610162835,40.7216829989479,833.586299999995 -3.26828509551523,40.7217839171056,832.802200000006 -3.26830605051586,40.7218739392683,831.762600000002 -3.26833203428544,40.7219699954083,831.169200000004 -3.2683441040496,40.722063034705,829.658800000005 -3.26834896573193,40.7221599293386,828.233500000002 -3.26837511748646,40.7222569919928,826.914199999999 -3.2684079742663,40.7223569043972,826.145300000004 -3.26845306879526,40.7224529612018,825.323600000003 -3.26847704123694,40.7225520352313,824.706900000005 -3.26847905256484,40.7226499353933,823.299299999999 -3.26848508834524,40.7227409633043,822.032000000007 -3.26849900145235,40.7228479159198,820.804799999998 -3.26850302500651,40.7229530254136,819.962 -3.2685080546738,40.7230718809315,818.969700000001 -3.26850000756546,40.7231649200496,818.198999999993 -3.26850704856068,40.723266005481,817.726800000004 -3.26852498612026,40.7233729586144,817.271999999997 -3.26853906721236,40.723471027089,816.852599999998 -3.26854610820754,40.7235709390327,816.494200000001 -3.26854610820754,40.7236659899028,816.077600000004 -3.26855801088505,40.723764896692,815.798699999999 -3.26856303965403,40.7238629645892,815.5285 -3.2685610283261,40.7239590212626,815.3652 -3.26856790133633,40.7240539041022,815.019499999995 -3.26857510941817,40.7241559957626,814.713699999993 -3.26857795977256,40.7242599315415,814.638099999996 -3.2685880173105,40.724350959293,814.476299999995 -3.26861299586529,40.7244659590237,814.075100000002 -3.26861903074736,40.7245688887882,813.657000000007 -3.26862506562946,40.7246689686008,813.314700000003 -3.26863411795257,40.7247640192644,813.236399999994 -3.26863998574798,40.7248709720329,813.171700000006 -3.2686631191632,40.7249670286132,812.926500000001 -3.26875012369341,40.7250510153747,811.731100000005 -3.26875297314947,40.7251448931783,811.565199999997 -3.26875599059052,40.7252379321216,811.321800000005 -3.26876789326803,40.725329965416,811.210800000001 -3.26877208390886,40.7254209930656,810.8511 -3.26878398658637,40.7255140316229,810.661399999997 -3.26878599791427,40.7256270196767,810.054300000003 -3.26880410345883,40.7257299496879,809.303899999999 -3.26884198900762,40.7258169540637,808.626699999993 -3.26885305355697,40.7259140161502,807.873000000007 -3.26883997767969,40.7260179519068,807.300000000003 -3.26882304623323,40.7261190377705,806.691300000006 -3.2687940450226,40.7262169381319,806.382299999997 -3.26878700402738,40.7263210415667,805.841100000005 -3.26876906646781,40.7264249773684,805.351599999995 -3.26876202637092,40.7265258951439,804.830400000006 -3.26874693826741,40.7266179286995,804.252500000002 -3.26873905914406,40.726708955949,803.828399999999 -3.26872196061094,40.7268080304508,803.297900000005 -3.26871106404655,40.7269079421503,802.432799999995 -3.26869798816927,40.7270080225302,801.625899999999 -3.26866596951759,40.7271119579397,800.878899999996 -3.26862808307047,40.7272199171907,800.026299999998 -3.26859908185985,40.7273220087598,799.356499999994 -3.26857997110049,40.727437008122,799.077900000004 -3.26857510941817,40.7275349085869,798.807400000005 -3.26856404576715,40.7276259359437,798.443899999998 -3.26853906721236,40.7277240042784,798.037800000006 -3.26853604977131,40.727824922807,797.713699999993 -3.26852297389402,40.7279219853687,797.376999999993 -3.26850201979173,40.7280218974381,797.308900000004 -3.26847704123694,40.7281189597125,797.040699999998 -3.26845005135421,40.7282170280015,796.801000000007 -3.26840210736919,40.7283109054235,796.5766 -3.26836589717839,40.7283969036755,796.4421 -3.26834309883482,40.7284949722356,796.126799999998 -3.26832298196232,40.7285920345008,795.863899999997 -3.26830001563379,40.7286859120746,795.511599999998 -3.26828191098756,40.7287789508328,795.2598 -3.26825307686356,40.7288699785301,795.133199999997 -3.26821502332981,40.7289559767404,794.998999999996 -3.26815500868229,40.7290470041956,794.832299999995 -3.26809398792169,40.7291319967156,794.646200000003 -3.26802710026394,40.7292109543237,794.518100000001 -3.26794009663203,40.7292909172971,794.1927 -3.26786398866624,40.7293650135285,793.829299999998 -3.26777095015226,40.729440953809,793.6777 -3.26770909126346,40.729532986737,793.497700000007 -3.26765712372427,40.7296369222874,793.657900000006 -3.26761202919534,40.7297430374034,793.635699999999 -3.26757011919406,40.7298328915501,793.737500000003 -3.26754899710681,40.7299309593554,793.651800000007 -3.26752804210615,40.7300348949649,794.076400000005 -3.26749702956762,40.7301369869806,793.934699999998 -3.26747707978178,40.7302320373226,794.394899999999 -3.26747406234073,40.7303228976139,794.864300000001 -3.26747003968489,40.7304249891877,795.176600000006 -3.26747506845385,40.7305259070238,795.474799999996 -3.26748412077696,40.7306269928473,795.565499999997 -3.26751396101408,40.7307339457236,796.243900000001 -3.2675310595472,40.7308259795862,796.953299999994 -3.26754497355264,40.7309170065254,797.405299999999 -3.26756391632704,40.731008034021,797.893200000006 -3.26759006808157,40.731103923134,798.471999999994 -3.26762694841557,40.7311929388325,798.925499999998 -3.26767405517077,40.7312879897083,799.617400000003 -3.2677149590589,40.7313879021696,800.2984 -3.26774999515163,40.7314849642995,800.727499999994 -3.26777497280809,40.7315840384979,801.090599999996 -3.26779006091161,40.7316849566183,801.187999999995 -3.2677868754856,40.731784030519,801.008700000006 -3.26778100769016,40.7318869605372,800.603000000003 -3.26776910591098,40.7319779880672,800.245599999995 -3.26776005358786,40.7320680093749,799.817299999995 -3.26773809247409,40.7321580312414,799.531199999998 -3.26771412003241,40.7322478855307,798.7641 -3.26767606649867,40.7323409247543,798.383199999997 -3.26765896796555,40.7324309462516,797.416299999997 -3.26762309284636,40.732530020403,796.656300000002 -3.26759308552262,40.7326319438586,795.549199999994 -3.26757397476327,40.7327269947208,794.842600000004 -3.26757296954845,40.7328329422197,794.028699999995 -3.26758688355389,40.7329300042837,793.308900000004 -3.26761906929223,40.7330309224048,792.249500000005 -3.26766399673453,40.7331249679767,791.414600000004 -3.26771412003241,40.7332159951744,790.771900000007 -3.26778100769016,40.7333070229283,790.333700000003 -3.26783096390144,40.7333910093749,789.975000000006 -3.26789198466205,40.7334820368893,789.704800000007 -3.26795199841124,40.7335609941005,789.535499999998 -3.26801804794082,40.733640957292,789.204500000007 -3.26808493559857,40.7337199149953,788.858200000002 -3.26817411944164,40.7337980346657,788.293699999995 -3.26826598475588,40.7338729685814,787.515199999994 -3.2683610354961,40.7339410294202,786.773000000001 -3.26846111590356,40.7340099288066,786.248500000002 -3.26857510941817,40.7340850306153,786.634099999996 -3.26863998574798,40.7341670059898,786.941399999996 -3.26866010172215,40.7342570277393,787.5533 -3.26870100561029,40.7343420197308,788.132599999997 -3.26871911025652,40.7344358973607,789.1489 -3.2687430826982,40.734532959809,790.415900000007 -3.26877107869404,40.7346219756848,791.367100000003 -3.26880611478673,40.7347099853837,792.308099999995 -3.26883696023867,40.7348020185115,793.069699999993 -3.2688800434397,40.7348890232784,793.7791 -3.26891189410642,40.7349929586309,794.176200000002 -3.26894408074302,40.7350849920479,794.085000000006 -3.26896604185679,40.7351750132359,793.849799999996 -3.26899101951325,40.735266878953,793.308000000005 -3.26902789984726,40.7353548891602,793.152799999996 -3.26909311124865,40.7354509455825,793.371899999998 -3.26911808890515,40.7355449904564,793.240300000005 -3.26916201023433,40.7356299835253,793.621899999998 -3.26919000623014,40.735717993252,793.873999999996 -3.26922504232287,40.7358229347119,794.065300000002 -3.26925303831871,40.7359139623024,794.021299999993 -3.26927600464724,40.7360120306745,793.875899999999 -3.26929310318036,40.7361119428488,793.510999999999 -3.26932411661725,40.736200958654,793.161500000002 -3.26936602572021,40.7362929917612,793.004499999995 -3.26940810280808,40.7363870368061,792.650200000004 -3.26944397792727,40.7364839316855,792.436400000006 -3.26944900669625,40.7365880347137,792.098400000003 -3.26943911624498,40.7366899587595,791.961200000005 -3.26941296449041,40.7367908766227,791.688800000004 -3.26937004927434,40.7368889450635,791.613899999997 -3.26935010038683,40.7369769551668,791.380099999995 -3.26933501318164,40.7370770346968,791.296600000001 -3.26933098962748,40.7371819767354,791.192999999999 -3.26933702450954,40.7372740098468,790.972800000003 -3.26933300095541,40.7373658753882,790.852199999994 -3.2693070171858,40.737467967046,790.602100000004 -3.26925001997933,40.7375620117912,790.574800000002 -3.26917810355263,40.7376389575786,790.588300000003 -3.26909093193579,40.7377138919328,790.581000000006 -3.26899101951325,40.7377799415841,790.628700000001 -3.26889311931695,40.73784800251,790.789499999999 -3.26882908111529,40.7379360127058,791.119099999996 -3.26876789326803,40.73802603412,791.634099999996 -3.26871693094366,40.7381148819651,792.498200000002 -3.26867502184071,40.7382069158279,793.230100000001 -3.26864300318903,40.7383029722161,794.279800000004 -3.26860293742905,40.7383960111401,795.197 -3.26856303965403,40.73848200929,796.122700000007 -3.26852800356131,40.7385789045214,797.217399999994 -3.2684911232273,40.7386749610532,797.968500000003 -3.26842105014358,40.7387619655197,798.737399999998 -3.26834494217776,40.7388409225905,798.819900000002 -3.2682690021969,40.7389160243909,798.290900000007 -3.26818803344708,40.7389819060906,797.484599999996 -3.2681090760252,40.7390549964283,796.756899999993 -3.26802508893601,40.7391339538319,795.939899999998 -3.26792400331373,40.7392050327035,795.236600000004 -3.26784906944598,40.739287007895,794.724100000007 -3.26778201380327,40.7393730062543,794.246799999994 -3.26771697038684,40.7394499519889,793.717199999999 -3.26764605917492,40.7395359501375,793.176399999997 -3.26757498087639,40.7396229541586,792.573099999994 -3.2675149662289,40.7397129760124,791.952900000004 -3.26746400480283,40.7398019917636,791.181599999996 -3.26741807124741,40.7398930193547,790.122600000002 -3.26733710249756,40.7399699651683,789.372300000003 -3.26729703673758,40.7400718887969,789.759999999995 -3.26724708052633,40.7401598987731,790.751099999994 -3.26718606066403,40.7402438854169,792.092699999994 -3.2671179998065,40.7403199936482,793.369900000005 -3.26704708859463,40.740396938968,794.390799999994 -3.26698992430153,40.7404799200225,795.606499999994 -3.26693996809024,40.7405649122316,796.789399999994 -3.26690308775627,40.7406569461078,797.982300000003 -3.26685799322731,40.740739926838,799.1106 -3.26679898469294,40.7408269306455,800.496599999999 -3.26674198748647,40.7409139350199,801.960200000001 -3.26666403527938,40.7409918869767,803.436300000001 -3.26658507785746,40.7410679943522,804.792100000006 -3.26663604018186,40.7411610334926,805.772700000001 -3.26675707469166,40.7411839997389,806.034 -3.26687106820626,40.74122792097,806.325700000001 -3.26698204517815,40.7412829063545,806.587 -3.26710911457005,40.7413129135845,806.853400000007 -3.26721908542882,40.7413519730569,807.131699999998 -3.26735805749822,40.7413890212733,807.595100000006 -3.26748495890512,40.741418022499,808.084199999998 -3.267600964646,40.7414490356239,808.434500000003 -3.26772099394097,40.7414839044431,808.8364 -3.26783800489663,40.7415118996725,809.166500000007 -3.26796205684747,40.7415409015252,809.353900000002 -3.2680770564752,40.7415739258204,809.677599999995 -3.26821099977564,40.7415999097852,810.024099999995 -3.26833790208088,40.7416180149065,810.380900000004 -3.26847000024172,40.7416309228253,810.7785 -3.2686041106288,40.7416389697696,811.292600000001 -3.26872497805196,40.7416399757227,811.613899999997 -3.26885707711114,40.7416399757227,811.8989 -3.26897911683575,40.7416319287785,812.082599999994 -3.26911188693642,40.7416409809951,812.538799999995 -3.26923610687222,40.7416470160324,812.979300000006 -3.26936703183332,40.7416470160324,813.304799999998 -3.26949208989728,40.7416480219853,813.498500000002 -3.26961312440707,40.7416480219853,813.7644 -3.26973399183024,40.7416500338911,813.815400000007 -3.26985200889901,40.7416659596617,814.149300000005 -3.26998712450091,40.7416709887441,814.430999999997 -3.27011905647342,40.7416629418037,814.809200000003 -3.27024696399344,40.7416419869481,815.348100000003 -3.27037503949845,40.741621032086,815.761700000003 -3.27049691213643,40.7415989038315,816.357300000003 -3.27063001730869,40.7415859959066,817.0959 -3.27075993615667,40.7415799608637,817.795199999993 -3.27089002388791,40.7415699026847,818.170800000007 -3.27102111683394,40.7415668855029,818.536500000002 -3.27115003046711,40.7415658795488,818.954400000002 -3.271269053649,40.7415759377284,819.5861 -3.27139193150177,40.7415759377284,820.134699999995 -3.27151799567884,40.7415870018604,820.6783 -3.27164489798407,40.7415819727716,821.202499999999 -3.27177012313469,40.741589013768,821.659299999999 -3.27189300188579,40.7416160029998,822.386299999998 -3.27202308961703,40.7416319287785,823.083100000003 -3.27215099713705,40.7416460107601,823.755399999995 -3.27227102553376,40.7416279056463,824.485100000005 -3.27240094528004,40.7416089626868,825.185800000007 -3.27252298590295,40.7415948806974,826.102400000003 -3.27265609017691,40.7415819727716,827.029500000004 -3.27278198636903,40.7415799608637,827.769199999995 -3.27291509154132,40.7415699026847,828.687099999996 -3.27304299906137,40.7415569947541,829.606899999999 -3.27316705101221,40.7415509597086,830.484500000006 -3.27328305675305,40.7415269876342,831.344800000006 -3.27340694161727,40.7415139115824,832.246400000004 -3.27353401100913,40.7415050267808,833.273300000001 -3.27365303419102,40.741479881302,834.258300000001 -3.27377893038313,40.7414699905403,835.557199999996 -3.27389812065168,40.7414770315485,836.708599999998 -3.27401798196173,40.7414770315485,838.027700000006 -3.27414404613881,40.7414669726733,839.638999999996 -3.27427195365886,40.741467978629,841.293999999994 -3.27440304660488,40.741467978629,843.240699999995 -3.27452709855573,40.7414599323446,845.3073 -3.27465802441513,40.741448029668,847.476500000004 -3.27478006503807,40.7414329423689,849.577499999999 -3.27490210566097,40.7414170165426,851.673699999999 -3.27502498441207,40.7413928769873,853.588300000003 -3.27516311745499,40.741368904856,855.595300000001 -3.2752890136471,40.7413340359764,858.048299999995 -3.27540602550109,40.7412879354659,860.621499999994 -3.27553007745193,40.7412710043269,863.424899999998 -3.27564910063379,40.7412559169877,866.040099999998 -3.27577197938489,40.7412238978134,868.813299999994 -3.27588999645367,40.7411779646597,871.120299999995 -3.27599208818906,40.7411189560254,873.233200000002 -3.27610205814951,40.7410730234798,875.022800000006 -3.27621605256245,40.7410420101796,876.948799999998 -3.27634898974978,40.7410228996197,879.051099999997 -3.27647002425957,40.7410180379218,880.234299999996 -3.27659089078441,40.7409938982217,881.521800000002 -3.27669599996085,40.7409489715533,881.724900000001 -3.2767990978094,40.7408970037856,882.151100000003 -3.27689096312361,40.7408359829717,882.355299999996 -3.27697997898176,40.7407749627824,882.439400000003 -3.27709095595364,40.7407169604383,882.348599999998 -3.27719287970409,40.740668009712,882.256999999998 -3.27729698276742,40.7406150364369,882.102499999994 -3.27740997106721,40.7405649122316,881.995599999995 -3.27752597590975,40.7405860348611,881.768700000001 -3.27755296579244,40.7406789065606,881.459900000002 -3.27756503555661,40.7407689283467,880.965299999996 -3.27758297311622,40.7408639791544,880.473100000003 -3.27759906643452,40.7409580238629,879.481299999999 -3.27761901532203,40.7410549188908,878.501600000003 -3.2776310850862,40.7411499692898,877.627699999997 -3.27765204008683,40.741248875956,876.662400000001 -3.27767198897434,40.7413409088858,875.741999999998 -3.27770803118018,40.7414289192247,874.620999999999 -3.27772412449848,40.7415219585409,873.619399999996 -3.27772898618081,40.7416309228253,872.460600000006 -3.27772798006769,40.741723961859,871.607799999998 -3.27771591030352,40.7418278974228,870.955100000006 -3.27769696752913,40.7419189249639,870.238200000007 -3.27770199629808,40.7420089471136,869.684099999999 -3.27770099018496,40.7421039975105,869.086800000005 -3.2777090372933,40.7422029041193,868.174299999999 -3.27770300241123,40.7423060017833,867.097500000003 -3.27769998497018,40.7423990405533,866.134399999995 -3.27770199629808,40.7424979474039,865.184200000003 -3.27769897885706,40.7425940037213,863.961500000005 -3.27771909572953,40.7426908984078,862.611099999995 -3.27773200362186,40.7427889669985,861.375499999995 -3.27774910215498,40.7428880406981,860.308999999994 -3.2777781042639,40.7430020344488,859.462100000004 -3.27780894971583,40.7430890387004,858.518299999996 -3.27785907301371,40.7431809043784,857.780100000004 -3.27790701789707,40.7432638853629,857.260999999999 -3.2779620028773,40.7433720116974,856.750899999999 -3.2780030738521,40.7434630391671,856.723400000003 -3.27804012217103,40.7435569168573,857.141799999998 -3.27806493274086,40.7436509618418,857.512499999997 -3.27808504961333,40.7437470185358,857.944900000002 -3.27811002726982,40.7438378780658,858.573799999998 -3.27815109824462,40.7439268937416,859.257800000007 -3.27818211168148,40.7440219448006,860.172300000006 -3.27818797857859,40.7441129720614,861.196599999996 -3.27820206056899,40.7442128843192,862.334300000002 -3.27819602568692,40.7443069297374,863.154500000004 -3.27819200213275,40.7444049979871,864.316200000001 -3.27813902848045,40.7444970306334,865.070600000006 -3.27810902115671,40.7445919141337,866.137900000002 -3.27809208971021,40.7446869649229,867.415500000003 -3.27809812459231,40.7447850332928,868.597500000003 -3.2781009749467,40.7448809222862,869.702300000004 -3.2781009749467,40.7449810021752,870.719700000001 -3.27809996883359,40.7450748790839,871.771999999997 -3.27812695871628,40.7451638951458,872.402799999996 -3.27815897736796,40.7452549228854,872.628200000006 -3.27817389748652,40.7453519852015,872.874400000001 -3.27814405814773,40.745447035585,873.155899999998 -3.2780890722692,40.7455310223586,873.571100000001 -3.27801799397066,40.7456180267048,874.160000000003 -3.27793601910769,40.7456899432427,874.897299999997 -3.27785303813165,40.7457689009373,875.324699999997 -3.27775094639625,40.7458218748717,875.707500000004 -3.27763711996827,40.7458740102964,876.020399999994 -3.27754206922805,40.7459310070192,876.068799999994 -3.27745908915034,40.7459958826894,875.943700000003 -3.27735800262972,40.7460629381701,876.324600000007 -3.27726999288469,40.7461239582721,876.431100000002 -3.27716102813903,40.7461839731143,876.835500000001 -3.27705809827548,40.746247004872,877.146599999993 -3.27699707841317,40.7463239508215,877.203699999998 -3.27693488445279,40.7464079371682,876.628100000002 -3.27688308400027,40.7464959469274,875.625799999994 -3.27680999437379,40.7465728932695,875.568299999999 -3.2767239959567,40.7466469893099,875.589900000006 -3.27662810708832,40.7467158884674,875.866599999994 -3.27654596424043,40.7467829439027,875.919299999994 -3.2764660007054,40.746858883358,876.336200000005 -3.27641202093999,40.7469448821359,875.839800000002 -3.27632904086224,40.7470159608274,875.909 -3.27622996656789,40.7470709455103,876.419200000004 -3.27615100914597,40.7471430299368,876.472099999999 -3.27608596572954,40.7472209820793,876.0717 -3.27600499608139,40.7472969217149,876.060100000002 -3.27593408486948,40.7473700124434,875.948000000004 -3.27587407112029,40.7474539988302,875.341100000005 -3.27583601668825,40.7475460320212,874.530299999999 -3.27575387473866,40.7476259954163,874.854399999997 -3.27570794118324,40.7477119938829,874.582399999999 -3.2756589910851,40.7478078827395,874.299700000003 -3.27563200120237,40.747896898546,873.621799999994 -3.27557198745319,40.7479879259476,873.489499999996 -3.27551901380088,40.7480729187709,872.801399999997 -3.27548196548192,40.7481709869116,871.985000000001 -3.27546805147651,40.7482610080851,871.452399999995 -3.27544994683028,40.7483520356688,870.948199999999 -3.27544994683028,40.7484539600637,870.523799999995 -3.27545799304028,40.7485548777735,870.303400000004 -3.27547609768651,40.7486509348706,869.977199999994 -3.27549101780504,40.7487429677662,869.565799999997 -3.27550711112337,40.7488499207821,869.692599999995 -3.27552504868295,40.7489510066656,870.088799999998 -3.27552504868295,40.7490499133002,870.530700000003 -3.27548699425091,40.7491469755217,870.6924 -3.2754610104813,40.74924001493,870.747900000002 -3.27541407171109,40.7493338919515,870.714200000002 -3.27536595974108,40.7494170401572,870.561799999996 -3.27530812440645,40.749499015693,870.528399999996 -3.27525397755441,40.7495908813639,870.599100000007 -3.27520402134315,40.7496909609703,870.791200000007 -3.27515305991708,40.7497850061278,870.977299999999 -3.27511701771124,40.7498720103529,871.417400000006 -3.27506303794582,40.7499689053245,872.119300000006 -3.27503101929414,40.7500659675658,871.708599999998 -3.27498810407807,40.7501529714232,871.105299999996 -3.27492909464537,40.7502450049621,870.671799999996 -3.27487109222411,40.7503330150874,870.329899999997 -3.27479297293039,40.7504180076355,870.027100000007 -3.27470395707225,40.7504919360651,870.109100000001 -3.27459700365452,40.7505549678227,870.368799999997 -3.27449692414536,40.750604923895,870.735799999995 -3.27437806894842,40.7506399600871,871.169099999999 -3.27424010299214,40.7506480066219,871.191300000006 -3.27412007369713,40.7506389542702,871.201700000005 -3.27398898075111,40.7506419717209,871.666299999997 -3.27386308455896,40.7506500182555,872.312900000004 -3.27374808493123,40.750676002077,872.7497 -3.27362805563622,40.7507080214645,873.094899999996 -3.27349294003436,40.7507239471077,873.674799999993 -3.27336302028808,40.7507559657916,874.285600000003 -3.27322790378786,40.7508179914847,874.835099999997 -3.27312296259636,40.7508790119872,875.276199999993 -3.27305708105177,40.7509629987059,875.714900000006 -3.27303797029242,40.7510598934488,875.6109 -3.27306496017511,40.7511549445209,875.4899 -3.27307401249823,40.7512499947765,875.841799999995 -3.27307803515406,40.7513509130065,876.097699999998 -3.27309496660056,40.751455016585,876.349799999996 -3.27313402624742,40.7515420206665,876.574900000007 -3.27320108189012,40.751648973944,876.255900000004 -3.27325003198826,40.7517410067733,875.990699999995 -3.27329797687161,40.7518239879651,875.613500000007 -3.27331507540473,40.7519170270303,875.723899999997 -3.27332496675434,40.7520119101517,875.733600000007 -3.27332798419535,40.7521089728133,875.849700000006 -3.27334810016952,40.7522020114796,875.678499999995 -3.27334407751369,40.7522979006667,875.615999999995 -3.27332697808224,40.7524070330746,875.413100000005 -3.2732941213024,40.7525069451208,875.4139 -3.2732558997837,40.7525979730168,875.297399999996 -3.27319102345389,40.752677935781,875.319099999993 -3.27311709480096,40.752750020254,875.355200000005 -3.2730389755072,40.752821937245,875.356499999994 -3.27294811630611,40.7528889926476,875.504400000005 -3.27287502578134,40.7529619152701,875.464800000002 -3.27280210324153,40.7530400341192,875.363200000007 -3.27272800750194,40.7531210034922,875.266300000003 -3.2726669867413,40.7532009669884,875.086899999995 -3.27261501920211,40.7532829419423,875.020999999993 -3.2725670743188,40.7533800041093,874.869699999996 -3.27253807310813,40.7534758929585,874.409199999995 -3.27249700213337,40.7535878753896,874.106899999999 -3.27246297125546,40.7536869493337,873.704100000003 -3.27241703859834,40.7537820000527,873.400099999999 -3.27237110594122,40.7538750397804,872.9519 -3.27228695176543,40.7539439389344,873.060599999997 -3.27221302311247,40.7540239021213,872.767399999997 -3.27214898580915,40.7541058774215,872.455100000006 -3.27210405836685,40.7541999217786,872.067599999995 -3.27202510094493,40.754271000881,872.092099999994 -3.27198889075416,40.7543610219621,871.985100000005 -3.27198889075416,40.7544538934798,872.010200000004 -3.27205896383788,40.7545398919622,871.547000000006 -3.27211596104435,40.7546238788201,871.277700000006 -3.27219592368105,40.7547019977578,870.870800000004 -3.27229499797543,40.7547900081081,870.434599999993 -3.27235098906876,40.7548780183418,869.820800000001 -3.27242709703458,40.7549698833859,869.3459 -3.27250001957439,40.7550558818814,868.911800000002 -3.27256791334525,40.7551408745167,868.561000000002 -3.27260009908359,40.7552359251986,868.680999999997 -3.27260999043316,40.7553339936629,868.992499999993 -3.2726280950794,40.7554329003296,868.856899999999 -3.27264502652589,40.755528956337,868.395099999994 -3.27262306541212,40.7556439566166,868.303799999994 -3.27264402041277,40.7557458800413,867.831200000001 -3.27268190685986,40.7558419369573,867.126600000003 -3.27268810972692,40.7559389994714,866.474300000002 -3.27267201640858,40.756039917389,865.872199999998 -3.27264804396691,40.7561309452112,865.414600000004 -3.27265106140796,40.7562280073032,864.326100000006 -3.27261300787421,40.7563238961277,864.071599999996 -3.27255902810879,40.7564119063723,864.185599999997 -3.27255902810879,40.7565160095117,863.393100000001 -3.27255701678086,40.7566129043277,863.172200000001 -3.27255198711358,40.7567079549464,863.213300000003 -3.27254109054918,40.7568080354083,863.164900000003 -3.27255500455463,40.7569289024542,862.779899999994 -3.27254310277542,40.7570279761828,862.539600000004 -3.27249096725127,40.7571349294814,862.648400000005 -3.27250102568751,40.7572360150177,862.386799999993 -3.27256003422191,40.7573169840438,861.705799999996 -3.27257411531398,40.7574090178732,861.763999999996 -3.27257495344214,40.7575079241747,862.052100000001 -3.27256606910398,40.7576130333506,862.4764 -3.2725420966623,40.7577079165086,863.037899999996 -3.27253203822607,40.7578079961456,863.175000000003 -3.27253606178023,40.7579109260422,863.217699999994 -3.27252902078502,40.7580039647548,863.103900000002 -3.27253002689817,40.7581030389226,862.560299999997 -3.272526003344,40.7582009398499,861.994999999995 -3.27252298590295,40.7583040372085,861.373800000001 -3.272526003344,40.758395902962,860.714200000002 -3.27253002689817,40.7584979943203,859.922300000006 -3.27254896967256,40.7585920392688,859.008300000001 -3.27255098189879,40.7586919515466,858.436799999996 -3.27257009265814,40.758793037437,857.952300000004 -3.27259808775565,40.7588909380286,857.669200000004 -3.2726280950794,40.7589900122352,857.346699999995 -3.27265307273589,40.7590800337308,857.245699999999 -3.27267503384963,40.7591779345801,857.137799999997 -3.27269297051091,40.7592800260982,856.996700000003 -3.2727119141836,40.7593769209682,857.005900000004 -3.27274108337922,40.7594770008142,856.746700000003 -3.27276991660489,40.7595738953971,856.484599999996 -3.27279606835943,40.7596619054216,856.520399999994 -3.27282909312422,40.7597539387262,856.754799999995 -3.27287401966822,40.7598429548705,857.452000000005 -3.27296203031155,40.759913027026,858.002200000003 -3.27306311593383,40.7599789090194,858.276800000007 -3.27316202224326,40.7600399292793,858.269400000005 -3.27327199310203,40.7600929027315,858.313200000004 -3.27338799794454,40.7601369917879,858.483099999998 -3.27349612456204,40.760191977188,858.489600000001 -3.27360190477999,40.7602449505191,858.638600000006 -3.2737029904023,40.7603009415007,858.574200000003 -3.27380692548068,40.7603629678152,858.553400000004 -3.27390398844712,40.7604300230966,858.336899999995 -3.27398898075111,40.7605019399451,858.301399999997 -3.27407598528132,40.7605689950862,858.069300000003 -3.27415209234881,40.7606499641352,857.692299999995 -3.27422199744757,40.7607289217569,857.365099999995 -3.27429408185923,40.7608060353424,856.986999999994 -3.27436197563009,40.7608900217686,856.596600000004 -3.27441411115423,40.7609740087691,856.369399999996 -3.2744570263703,40.7610688918928,856.062900000004 -3.2744980973451,40.7611589132948,855.982699999993 -3.27453397246428,40.7612499409116,855.930900000007 -3.27457906699324,40.7613379507582,855.917400000006 -3.27461896476826,40.7614380310538,855.799199999994 -3.27466187998433,40.7615230230142,855.582599999994 -3.27471602683641,40.7616169003837,854.991800000003 -3.27476296560662,40.761711951332,854.352299999999 -3.27479297293039,40.7618120310644,853.528000000006 -3.27483806745932,40.7619008791128,852.839999999997 -3.27487511577828,40.7619939183647,852.134600000005 -3.27491601966642,40.7620929927093,851.281900000002 -3.27495809675433,40.7621820084428,850.328399999999 -3.27501006429352,40.7622730360193,849.608900000007 -3.27507594583815,40.7623550106734,849.588300000003 -3.2751560773581,40.7624299450764,849.996499999994 -3.27524794267234,40.762504879395,850.195399999997 -3.27533209684813,40.76257394651,850.210399999996 -3.27541490983925,40.7626440191885,850.4372 -3.27549403524609,40.7627189532657,850.827099999995 -3.27557902755007,40.7627918759923,851.328800000003 -3.27567910795757,40.7628528957111,851.905100000004 -3.27574800694321,40.7629269919806,853.032600000006 -3.2758169059289,40.7630039376789,854.235199999996 -3.27588899034055,40.76308792473,855.189400000003 -3.27595403375699,40.7631719109945,855.563500000004 -3.27602896852307,40.7632589153918,855.718200000003 -3.27605897584681,40.7633529604084,855.730100000001 -3.27610507648889,40.763451028465,855.590800000005 -3.27612603059118,40.7635418882875,855.514200000005 -3.27615201436079,40.7636409623659,855.270499999999 -3.27617699291558,40.763740874539,854.945999999996 -3.27619912111595,40.7638339139368,854.604099999997 -3.27619811500284,40.7639249412922,854.143599999996 -3.27621806389038,40.764028038618,853.410499999998 -3.27623197789579,40.7641309684086,852.991099999999 -3.27628411341993,40.764225013552,853.128400000001 -3.27635602984663,40.7642989422777,853.162400000001 -3.27644605181789,40.764362979482,853.1397 -3.27651109523437,40.7644489780728,853.553799999994 -3.27657898900523,40.7645379940529,853.848599999998 -3.2766460437496,40.7646249980227,854.129799999995 -3.27671410550542,40.7647029494005,854.372199999998 -3.27677596349588,40.7647929713236,854.485199999996 -3.27684402435337,40.76487394067,854.608999999997 -3.27690906866817,40.764953903637,854.879700000005 -3.27696288044864,40.7650409077427,855.085800000001 -3.2770321145059,40.7651289180126,855.1679 -3.27709296728155,40.7652169281659,855.184399999998 -3.27714812024674,40.7653089612631,855.028900000005 -3.27720696079615,40.7653909362551,854.853000000003 -3.27726999288469,40.7654809579266,854.342499999999 -3.27734107118323,40.7655548866159,853.453099999999 -3.27744098360577,40.7656118834776,852.5861 -3.27754307534117,40.7656739095986,851.629100000006 -3.27764298776371,40.7657379468388,850.310599999997 -3.27772999139562,40.7658158989524,849.593999999997 -3.27781699592584,40.7658889890539,848.771399999998 -3.27790500567083,40.7659639228744,848.235199999996 -3.27798999887311,40.766036007229,847.8223 -3.27805990397191,40.7661210001134,847.587499999994 -3.27814590149068,40.7661949287711,846.212499999994 -3.27824497578506,40.7662619836118,844.963699999993 -3.27833700908422,40.7663270272257,843.964900000006 -3.27842501882925,40.7663949208224,843.388500000001 -3.27849693615425,40.7664748840004,843.0628 -3.27859198689446,40.76653590442,842.543000000005 -3.27870799263534,40.7665739577888,842.014999999999 -3.27882198614995,40.7666239140708,841.347699999998 -3.27893195700868,40.7666700147064,840.981499999994 -3.27905198540539,40.7667068950557,840.953699999998 -3.27917100858725,40.766714941687,840.592699999994 -3.27930696321564,40.7667000220466,840.361600000004 -3.2794400674896,40.7667179590885,840.201400000005 -3.27956797590794,40.7667399197797,840.166100000002 -3.27969102174567,40.7667628860367,840.073999999993 -3.27981105104068,40.7667819966833,840.397400000002 -3.27994096988866,40.7668019455283,840.430600000007 -3.28006200529675,40.7668279298407,840.849600000001 -3.28017901625241,40.7668569308577,841.031600000002 -3.28028999232597,40.7668990083676,841.135800000004 -3.28039510150245,40.7669519817961,840.951799999995 -3.28049602003807,40.7670208810037,841.099400000006 -3.28058201845517,40.7670929655726,841.536900000006 -3.2806619819902,40.7671699112103,841.960000000006 -3.28074797950897,40.7672450129952,842.146699999998 -3.28082710491584,40.7673169299536,842.574600000007 -3.28091695890211,40.7673859968304,842.429600000003 -3.28102089487882,40.7674470170937,842.233099999998 -3.28112298661421,40.7674989852038,842.349499999997 -3.28123396268781,40.7675408942601,842.391600000003 -3.28134393354655,40.7675819657764,842.423299999995 -3.28146798549739,40.7676220310269,842.928100000005 -3.28158399123826,40.7676699760829,842.919599999994 -3.28169295598389,40.7677350189991,842.669800000003 -3.28179303549305,40.7677950340648,842.435100000002 -3.28188406267913,40.7678629268421,842.357699999993 -3.28196704365518,40.7679319938318,842.277799999996 -3.28204901851811,40.7680059225159,842.490699999995 -3.28213199949416,40.7680848802436,842.758400000006 -3.28219000281374,40.7681749016677,842.851500000004 -3.2822319119167,40.7682669347507,842.593699999998 -3.28227600123084,40.7683639974913,842.719800000006 -3.28233199232419,40.768455024765,842.953399999999 -3.28241011161792,40.7685289528672,842.757899999997 -3.28249895949111,40.768590978987,843.252500000002 -3.28258596402132,40.7686669193871,843.678 -3.28267799732048,40.7687349806783,843.838499999998 -3.2827650009524,40.7688010294549,844.185400000002 -3.28285804036468,40.7688739523115,844.178199999995 -3.28296398766929,40.7689400016303,844.650699999998 -3.2830670846195,40.768990963714,844.826400000005 -3.28317403803723,40.7690399140011,845.283500000005 -3.2832860202239,40.7690850087835,845.792600000001 -3.28339599108267,40.7691208829356,846.2353 -3.28349590260688,40.7691839153999,846.521500000003 -3.28359497690126,40.769244935373,847.237399999998 -3.28369405119565,40.769302938006,847.945200000002 -3.28379899238714,40.7693518887437,848.731400000004 -3.28391399201486,40.7693969833144,849.653399999996 -3.28402798642777,40.769436880789,850.611600000004 -3.28414197994238,40.7694829815141,851.226899999994 -3.28424809523194,40.7695389721971,851.603300000002 -3.28433291955096,40.7696060277455,851.908800000005 -3.28441103884472,40.7696749269228,852.001699999993 -3.28448697882558,40.7697470113341,852.318899999998 -3.2845679484737,40.7698128931044,852.663199999995 -3.28465394689079,40.7698900063552,853.088300000003 -3.28473491564061,40.7699589059183,853.631699999998 -3.28482510559683,40.770029984498,854.300099999993 -3.28491596479792,40.7700970395509,854.952799999999 -3.28501302776437,40.7701599037292,855.729300000006 -3.28512500995107,40.7702179069242,856.512300000002 -3.28522911301441,40.7702799328282,856.961800000005 -3.28533807776003,40.7703349180011,857.792000000001 -3.28544402506464,40.7703878914119,858.349199999997 -3.28555600725135,40.7704259452962,858.807499999995 -3.28568710019737,40.7704509233547,858.966199999995 -3.28580796762054,40.7704549467839,859.170100000003 -3.2859330247862,40.7704499178375,859.472599999994 -3.28605489832248,40.7704370093901,860.001399999994 -3.2861859912685,40.7704360038727,860.200400000002 -3.28630702577833,40.7704420390179,860.482699999993 -3.28643510128334,40.7704519295522,860.706099999996 -3.28656099747545,40.7704779131177,861.114799999996 -3.28667901454423,40.7705119435249,861.294800000003 -3.28678697317674,40.7705629057636,861.618100000007 -3.28687498382007,40.7706259375404,861.745699999999 -3.28695897001093,40.7706950043795,862.068599999999 -3.28703591610491,40.770768932711,862.294599999994 -3.28711302928552,40.7708380000819,862.414300000004 -3.28720204514366,40.7709089110433,862.656600000002 -3.2872840200066,40.7709779775883,862.971999999994 -3.28736197221369,40.7710498945887,863.429099999994 -3.28745601684079,40.7711229843761,863.949099999998 -3.28755307980724,40.7711928895273,864.444900000002 -3.28764494512144,40.7712599447673,864.816699999996 -3.28773999586166,40.7713290116278,865.638800000001 -3.28783907015604,40.7713958993734,865.982600000003 -3.28794300523441,40.7714579255384,866.429799999998 -3.28804811441086,40.7715129104168,866.950100000002 -3.28816797572091,40.7715559938806,867.570099999997 -3.28827610233838,40.7715989092796,868.094599999997 -3.28840803341259,40.7716099731782,868.620699999999 -3.2885361089176,40.7716029326393,869.520099999994 -3.28866803999179,40.7716029326393,870.530799999993 -3.28879795973807,40.7716190253956,871.053199999995 -3.2889210055758,40.7716528885423,871.8459 -3.28904505842497,40.7716929540596,872.454199999993 -3.28916709904788,40.7717330195528,872.845199999996 -3.28928092457753,40.7717809636835,873.186100000006 -3.28938201109814,40.7718309201329,873.503599999996 -3.28948410193524,40.7718818820404,873.75 -3.28956507158339,40.7719509489347,873.9568 -3.28960899291257,40.7720429822303,874.243100000007 -3.28960396324529,40.7721340099067,874.451199999996 -3.28957999080362,40.7722319105764,874.906900000002 -3.28955601926027,40.7723259551408,875.712 -3.28955300181922,40.7724179885973,876.450100000002 -3.28957596814778,40.7725120335785,877.031600000002 -3.28962106267671,40.7726028932584,877.637100000007 -3.28968795033445,40.7726898975543,878.157000000007 -3.28977109839716,40.7727720403192,878.493000000002 -3.28984905060426,40.7728399334537,878.716799999995 -3.28992901413929,40.77291989704,879.171400000007 -3.29001903521222,40.7729799115048,879.489400000006 -3.29011006239827,40.7730439491879,879.780599999998 -3.29020209569743,40.7731099984435,879.796600000001 -3.29029697935102,40.7731680011041,879.945200000002 -3.29039890310146,40.773217957191,879.933099999995 -3.29051708815519,40.7732560114954,880.135299999994 -3.29062605290082,40.7732969148482,880.108300000007 -3.29072998797919,40.7733410039892,880.1296 -3.2908419701659,40.7733788901908,880.1198 -3.29096099334779,40.7734169437228,880.026400000002 -3.2910830339707,40.7734469507375,880.304300000003 -3.29120205715259,40.7734739406441,881.162500000006 -3.29132309166238,40.7734900343078,881.667400000006 -3.29144496430037,40.7735069654065,882.540699999998 -3.29156398748226,40.7735238971811,882.642399999997 -3.291682004551,40.7735480366366,882.836500000005 -3.29179901640495,40.7735788823908,882.807700000005 -3.29191703347373,40.7736169358081,883.521500000003 -3.29203404442939,40.7736699100038,883.623099999997 -3.29213798040606,40.773730929939,883.573000000004 -3.29223403725939,40.7737849095105,883.740999999995 -3.29233512288171,40.7738340270184,883.966899999999 -3.29244693708342,40.7738839832848,884.224400000006 -3.29254500526469,40.7739369572675,884.618799999997 -3.29264190024618,40.7739959660304,884.823900000003 -3.29273209020236,40.7740620150198,885.2886 -3.29281808772117,40.774134937545,886.025500000003 -3.29290308092344,40.7742149009333,886.569099999993 -3.29298203834536,40.7742988874218,887.558300000004 -3.29306099576724,40.7743760009086,888.175000000003 -3.29313308017889,40.7744519415,888.969200000007 -3.29320600271871,40.7745250316266,889.945800000001 -3.29328412201246,40.7746080122689,891.237200000003 -3.29336106810644,40.7746799287416,892.464399999997 -3.29344907785144,40.7747459784117,893.7837 -3.29355100160191,40.7747979462557,895.126999999993 -3.29366097246069,40.7748569549341,896.349000000002 -3.29375904064192,40.7749230044282,896.743900000001 -3.29386901150069,40.774972960556,897.314599999998 -3.29397110233779,40.7750229166462,897.740300000005 -3.29407604442758,40.7750720345995,898.245299999995 -3.29418601438806,40.775122996742,898.632400000002 -3.29429196169266,40.7751759697368,898.963399999993 -3.29440310575118,40.7752269317996,899.169800000003 -3.29450301817372,40.7752809115162,899.290500000003 -3.29460309858118,40.7753328789418,899.469899999996 -3.29470988401398,40.7753840089115,899.793399999995 -3.29481700451833,40.7754289361231,899.979399999997 -3.29491406658648,40.7754869388001,899.844400000002 -3.29500006500358,40.7755529883481,899.534499999994 -3.29504096889171,40.7756460268547,899.542799999996 -3.29507499976962,40.7757388985651,899.673599999995 -3.2951150646313,40.7758279143879,899.685500000007 -3.29515496240632,40.77592095387,899.570200000002 -3.29519703949423,40.7760099694488,899.646500000003 -3.2952480018186,40.776094961821,899.725699999995 -3.29529812601484,40.776180960195,899.637600000002 -3.29534908744092,40.7762709822152,899.637300000002 -3.29540809597529,40.7763589918973,899.704800000007 -3.29548001330032,40.7764379492229,899.549100000004 -3.29552611304406,40.7765229417277,899.541200000007 -3.2955810989226,40.776608940228,899.352400000003 -3.29565200923618,40.7766909155657,899.020699999994 -3.29573901376639,40.7767609876443,898.485400000005 -3.2958141156191,40.776843968895,897.627399999998 -3.29589592249707,40.7769249378431,896.308000000005 -3.29595610512951,40.7770159656335,895.309500000003 -3.29600907878182,40.7771029695924,894.777100000007 -3.29610999641918,40.7771569491451,894.219200000007 -3.29620001839041,40.7772199807886,894.170400000003 -3.29631300669023,40.7772779839427,894.446500000005 -3.29642096532274,40.7773259281537,894.837 -3.29652003961712,40.7773919779141,895.428400000004 -3.29661710168527,40.7774479687349,895.992199999993 -3.29672103766194,40.7775069771003,896.708499999993 -3.29682296141238,40.7775659860935,897.420100000003 -3.29693494359909,40.7776139300967,898.063999999998 -3.29705094933993,40.7776570136857,898.734800000006 -3.29714801140805,40.7777198775136,899.098100000003 -3.2972569761537,40.7777710070067,899.351200000005 -3.29734398068392,40.7778378950694,899.510599999994 -3.2974450663062,40.7778938861946,899.596900000004 -3.29753609349228,40.7779619468776,899.757599999997 -3.29764103558207,40.7780189439812,899.852899999998 -3.29773306888123,40.7780839876509,899.934599999993 -3.29783096907754,40.7781460136943,900.035799999998 -3.29795803846943,40.7781838998769,899.992700000003 -3.29807505032339,40.7782289945755,900.007800000007 -3.298189043838,40.7782769387803,900.035499999998 -3.29829901469677,40.7783289065833,900.102599999998 -3.29839004188282,40.7783879155266,900.123099999997 -3.29849012229032,40.7784449122647,900.121700000003 -3.29858601115869,40.7784988914073,900.142500000002 -3.2986939697912,40.7785399629527,900.160099999994 -3.2988020964087,40.7785828786022,900.221799999999 -3.29891307248226,40.7786469163266,900.276100000003 -3.29901600234585,40.7787059249875,900.297200000001 -3.29911910019436,40.7787729801275,900.396800000002 -3.29921700039067,40.7788350062078,900.467600000004 -3.29931003980295,40.7789018938795,900.594899999996 -3.29942101587654,40.7789510116857,900.751099999994 -3.29952210149882,40.7790110261443,900.904899999994 -3.29962100870654,40.7790650055071,901.084799999997 -3.29971890890285,40.7791250198627,901.179099999994 -3.29981312151487,40.779188889727,901.272700000001 -3.29990012604509,40.7792579571881,901.181299999997 -3.30000489925162,40.7793099249038,901.022599999997 -3.30011587622351,40.7793618925789,900.937300000005 -3.30022802549684,40.7794049757145,900.962199999994 -3.30032793791938,40.7794549318731,900.997600000002 -3.30043204098272,40.7794990203287,901.007599999997 -3.30053597695939,40.7795590349725,901.116800000003 -3.30064008002272,40.7796069795778,901.189400000003 -3.30074703344044,40.7796549241486,901.310500000007 -3.30081509429796,40.7797320375405,901.476500000004 -3.30093495560801,40.7797829995093,901.554099999994 -3.30103889068639,40.7798450253268,901.666500000007 -3.3011500347449,40.7799040342838,901.795599999998 -3.30124810382447,40.7799749450922,901.892600000006 -3.30134399269284,40.7800460231601,901.908299999996 -3.30144507831512,40.7801040258873,901.957399999999 -3.3015300706191,40.7801779546328,901.941300000006 -3.30162998304164,40.7802409868109,901.956999999995 -3.30171598145874,40.7803070357136,901.937399999995 -3.30180298509062,40.7803789528191,901.913700000005 -3.30188898350772,40.7804510371811,901.835500000001 -3.30199694303856,40.7805050167341,901.848599999998 -3.30208411465543,40.7805708980403,901.742299999998 -3.30217296252859,40.7806319184392,901.733500000002 -3.3022680132688,40.7807050085688,901.670400000003 -3.302360046568,40.7807718963981,901.613700000002 -3.30244990055427,40.7808439803335,901.509600000005 -3.30253589897137,40.7809050011618,901.436499999996 -3.30263011158343,40.7809619977807,901.372700000007 -3.30273790312931,40.7810250298951,901.227899999998 -3.30283496519746,40.781084038484,901.0478 -3.30293605081974,40.7811339947403,900.518800000005 -3.3030530626737,40.7811759040393,898.982399999994 -3.3031650448604,40.7812089283741,897.887499999997 -3.30328390005734,40.7811899858081,896.204599999997 -3.30340912520792,40.7811879737383,894.8416 -3.30353602751316,40.7811909911628,892.9568 -3.30366292981842,40.7811998761029,890.698399999994 -3.30378899309716,40.7812028935267,888.732499999998 -3.30391606338739,40.7812008821376,886.917600000001 -3.30404112145135,40.7811998761029,884.680200000003 -3.30416802285828,40.7812028935267,883.479500000001 -3.30429408703536,40.7811970266914,882.123000000007 -3.30441394834541,40.7812099344087,879.898499999996 -3.30454403517831,40.7812209987474,878.169399999999 -3.30467697236565,40.7812270335931,877.634999999995 -3.30479197199337,40.7812709549007,875.975699999995 -3.30491200128838,40.7812898981238,874.753299999997 -3.3050270009161,40.7813178935979,873.871299999999 -3.30514401187173,40.781352929927,873.041100000002 -3.30526605249467,40.7813629882096,872.272100000002 -3.30538993735889,40.7813799193425,871.504700000005 -3.3055200241918,40.7813950070998,870.299199999994 -3.30564608836887,40.7814099268418,869.429399999994 -3.30577600721686,40.7814149556388,868.288799999995 -3.305908106276,40.7814038920127,867.717499999999 -3.30602897369916,40.7814199851157,867.021500000003 -3.3061639222144,40.7814270259747,866.191800000001 -3.3062720488319,40.7814669237076,866.180800000002 -3.30639392146985,40.7814878782554,865.590800000005 -3.306490983538,40.7814199851157,864.532800000001 -3.30661000671989,40.7813879662375,864.859400000001 -3.30673405867073,40.7813839427901,865.151299999998 -3.30686800197118,40.7814000358981,865.690600000002 -3.3069959094912,40.7813990305466,865.892399999997 -3.30712499110932,40.7814129442561,866.362099999998 -3.30723697329603,40.781448986566,866.687300000005 -3.30733504147726,40.7815039713382,867.309399999998 -3.30741701634022,40.781578905915,867.860400000005 -3.30747803710083,40.7816659100195,868.010200000004 -3.30743512098646,40.7817599548337,868.931599999996 -3.30734996159582,40.7818310337123,870.0671 -3.3072959818304,40.7819269223295,870.710500000001 -3.30722909417265,40.7820169440452,870.373200000002 -3.30716405075621,40.7821069656389,870.450899999996 -3.30712901466349,40.7822010105088,870.940799999997 -3.30707905845223,40.7822910325333,871.712899999999 -3.30705709733846,40.7823869211665,872.603400000007 -3.30705307468262,40.7824859957164,873.660600000003 -3.30705709733846,40.7825780287021,874.708199999994 -3.30705894157977,40.7826688888994,875.758100000006 -3.30706195902078,40.7827669570177,877.268100000001 -3.307157009761,40.7828350181493,878.306200000006 -3.30725507794226,40.7828889971254,879.473700000002 -3.30726010760954,40.7829879035985,881.0141 -3.30726211893745,40.7830839605938,882.480899999995 -3.3072609457377,40.783176999436,883.894100000005 -3.30726312505056,40.7832769121637,885.421499999997 -3.30728894083521,40.7833790033912,887.355500000005 -3.30729497571728,40.783473886494,888.768200000006 -3.30730503415352,40.7835739667816,890.4038 -3.30729698794351,40.7836710289266,891.641000000003 -3.30730302282561,40.783761888989,892.939299999998 -3.30730201671247,40.7838549275617,894.1351 -3.30730302282561,40.7839469613713,895.140899999999 -3.30728206782496,40.7840460349545,896.212100000004 -3.30730000538456,40.7841379011743,897.125400000004 -3.30733705280519,40.7842238993387,898.037400000001 -3.30736404268789,40.784313920662,898.731599999999 -3.3074041084479,40.7844019305709,899.748099999997 -3.30751189999378,40.7844480311148,900.020900000003 -3.30760208905167,40.784507878044,900.143500000006 -3.30755095964064,40.7845938764095,900.113800000006 -3.30753905696313,40.7846919444062,900.082399999999 -3.30751894009066,40.7847859896969,900.0772 -3.30750804352627,40.7848770169175,900.114000000001 -3.30753402819418,40.7849759238309,900.194499999998 -3.30755095964064,40.7846440000704,900.103700000007 -3.30751609063457,40.7847350274855,900.082899999994 -3.30749899120315,40.7848268934325,900.092999999993 -3.30749999731627,40.7849259677436,900.155299999999 -3.30752497497273,40.7850180007491,900.244699999996 -3.30751307319355,40.7851179127479,900.291800000006 -3.30753503340897,40.7852099461676,900.344100000002 -3.30754609795831,40.7853060026699,900.352400000003 -3.3075430805173,40.785397030538,900.393800000005 -3.3075430805173,40.7854959366771,900.458400000003 -3.30753302208106,40.785592999414,900.524900000004 -3.30753302208106,40.785689894008,900.602899999998 -3.30749312430601,40.7857869564615,900.585999999996 -3.30761499694399,40.7858189752595,900.923299999995 -3.30772597301755,40.7858530059707,900.965500000006 -3.30785404852256,40.7858749664589,901.189499999993 -3.30797692727366,40.7858729552112,901.355800000005 -3.3081090263328,40.7858888805911,901.438999999998 -3.30822804951469,40.7859009501139,901.5579 -3.30834589859851,40.785927940402,901.674899999998 -3.30847397410349,40.7859478889399,901.826799999995 -3.30855209339724,40.7860270144308,901.998500000002 -3.30855997252058,40.7861198859112,902.038400000005 -3.3085589673058,40.7862169484164,902.055500000002 -3.3085420358593,40.7863160220141,902.121400000004 -3.30852996519684,40.7864179460119,902.210200000001 -3.30851504597661,40.7865109856248,902.246499999994 -3.30850498754038,40.7866040244272,902.144199999995 -3.30850197009933,40.7867049427118,902.202999999994 -3.30851303375038,40.786803010992,902.272200000007 -3.30852108085868,40.7868988999125,902.318299999999 -3.308489062207,40.7869939507456,902.338600000003 -3.3085080049814,40.7870910133336,902.458899999998 -3.30852795386894,40.7871939427661,902.544099999999 -3.3085589673058,40.7872879879145,902.592399999994 -3.30857707195203,40.787385888697,902.669899999994 -3.30861395228604,40.7874839566517,902.764800000004 -3.30865988494312,40.787573978317,902.774699999994 -3.30870900302622,40.7876660117339,902.865999999995 -3.30872610245767,40.7877570390877,902.923200000005 -3.30876298279167,40.787852927991,902.958799999993 -3.30881008864853,40.7879479788188,902.967499999999 -3.30883707853123,40.7880450413727,903.045499999993 -3.30888703474251,40.7881399246107,903.119500000001 -3.30892710050249,40.7882369868841,903.141199999998 -3.30897588261567,40.7883338817011,903.258700000006 -3.30901594837568,40.7884208857986,903.349799999996 -3.30906406034566,40.788506883858,903.353900000002 -3.30910798167484,40.7885989173421,903.326100000006 -3.30915207009066,40.7886939684624,903.490000000005 -3.30919297397883,40.788781978008,903.580400000006 -3.30922901618464,40.7888750170294,903.554000000004 -3.3092638851907,40.7889668826906,903.778000000006 -3.30930210670941,40.789064951031,903.876199999999 -3.30934401581236,40.7891519555309,903.787100000001 -3.3093800580182,40.789250023598,903.970100000006 -3.30942297323427,40.7893469182971,904.074500000002 -3.30946387712241,40.7894449867564,904.229399999997 -3.30950209864111,40.7895418818512,904.399699999994 -3.3095460199703,40.7896308975402,904.4041 -3.30958407350404,40.7897279596746,904.469899999996 -3.30961994862326,40.789823010539,904.6348 -3.3096519672749,40.7899168880543,904.699500000002 -3.30969387637786,40.7900129445496,904.592000000004 -3.30972891336888,40.790103972087,904.770699999994 -3.30976797301578,40.790196005398,904.727400000003 -3.30981206143159,40.7902840149931,904.657099999997 -3.30984910975055,40.7903748748496,904.788499999995 -3.30988800141245,40.7904669084652,904.641199999998 -3.30993309594138,40.7905589419534,904.571800000005 -3.30997299371644,40.7906549981999,904.656700000007 -3.3100120533633,40.7907488758992,904.534799999994 -3.31004507812809,40.7908368854416,904.651599999997 -3.31008195846206,40.7909319360789,904.666100000002 -3.31012805910414,40.7910209519448,904.527499999997 -3.3101651074231,40.7911099676913,904.688399999999 -3.31019611996166,40.7912020009682,904.717399999994 -3.31023400640874,40.791296884456,904.633600000001 -3.31027407216872,40.7913899233542,904.739700000006 -3.31031195861584,40.7914789392862,904.798699999999 -3.3103510182627,40.7915669492212,904.775699999998 -3.31039393347877,40.7916529479668,904.854699999996 -3.3104309808994,40.791747998116,904.850000000006 -3.31047289090068,40.7918319848799,904.779200000004 -3.31050289822443,40.7919230126439,904.873099999997 -3.310537096189,40.792020913394,904.790399999998 -3.31058101751818,40.7921169695659,904.879400000005 -3.31062393273425,40.7922100086751,904.914900000003 -3.31066500370902,40.7923028803497,904.895900000003 -3.31070909302316,40.7923939081482,904.975999999995 -3.31076206667546,40.7924849351419,905.027799999996 -3.31079592956841,40.7925779744156,905.129300000001 -3.31083800665633,40.792669001837,904.988800000006 -3.31086901919489,40.7927610349932,905.098700000002 -3.31091595796512,40.7928508890024,905.144499999995 -3.31095401239717,40.7929419167298,905.095799999996 -3.31098401882261,40.7930329443324,905.175099999993 -3.31101804970052,40.7931209542477,905.121899999998 -3.31105308579325,40.793210975752,905.191999999995 -3.31108611055801,40.7933009971342,905.233999999997 -3.31113489356952,40.7933940366246,905.271500000003 -3.31116607409304,40.7934939489429,905.445699999997 -3.31120697798118,40.7935829647744,905.4761 -3.31124603762807,40.7936770097154,905.448999999993 -3.31128811471598,40.7937630077683,905.523100000006 -3.31132901860412,40.7938540356053,905.503400000001 -3.31136506080993,40.7939489187036,905.514899999995 -3.31139288882081,40.7940389404454,905.543799999999 -3.31143597112351,40.7941309737429,905.482699999993 -3.3114750307704,40.7942290419373,905.515700000004 -3.3115139233306,40.7943150399552,905.573499999999 -3.31155197686438,40.7944058997362,905.608399999997 -3.31160109494748,40.7944999448716,905.714999999997 -3.31164602149145,40.7945949957056,905.795499999993 -3.31168508113834,40.7946850172515,905.812699999995 -3.31172699113959,40.7947750386753,905.876499999998 -3.31176605078646,40.7948610373462,905.9902 -3.31180712176125,40.7949498854072,906.060599999997 -3.31184903176253,40.795040912977,906.138200000001 -3.31188306174211,40.7951279171272,906.112200000003 -3.31192094818923,40.7952229677422,906.155700000003 -3.31195397295403,40.7953170130803,906.200800000006 -3.31198699771879,40.7954060285077,906.155499999993 -3.3120270634788,40.7954958823376,906.188500000004 -3.31206897258175,40.7955939512361,906.264599999995 -3.31210903834173,40.7956809553415,906.235199999996 -3.31214809798859,40.795767959333,906.343999999997 -3.31218698965049,40.7958609980864,906.371899999998 -3.31223208417945,40.795956887528,906.347699999998 -3.31227399418071,40.796052944126,906.534199999995 -3.31230802505861,40.7961409541184,906.631500000003 -3.31234507247924,40.7962309756082,906.601899999994 -3.3123849702543,40.7963298819321,906.8603 -3.31241698980427,40.796421915454,906.987999999998 -3.31245303111179,40.7965159604538,906.9804 -3.31249309687176,40.7966130227242,907.230299999996 -3.31253601208783,40.7967109233591,907.324399999998 -3.31257808917574,40.7968009447561,907.266600000003 -3.31261496950975,40.796889960914,907.396500000003 -3.31265905882389,40.7969840059308,907.359599999996 -3.31269610714285,40.7970710095746,907.3986 -3.31273298747682,40.79716388125,907.4274 -3.3127730523385,40.7972579265588,907.374200000006 -3.3128179797808,40.7973539826343,907.421400000007 -3.31285804554078,40.7974409871533,907.449299999993 -3.31289911651557,40.7975360378568,907.439499999993 -3.31293599684957,40.7976238799522,907.5196 -3.31296701028643,40.7977118899021,907.5429 -3.31300204637916,40.7978019119818,907.4859 -3.31303507114392,40.7978919332594,907.623600000006 -3.31307211856459,40.7979910077988,907.603700000007 -3.31311503467895,40.798084884646,907.547200000001 -3.31315208209958,40.7981759126776,907.6446 -3.31318711819231,40.7982619103431,907.5916 -3.31321997587044,40.7983499208072,907.691000000006 -3.3132650703994,40.7984449715693,907.697700000004 -3.31330396206131,40.7985380106511,907.590599999996 -3.31333899905233,40.7986240092076,907.655899999998 -3.31337604647296,40.7987140307305,907.718699999998 -3.31341410090504,40.7988099194512,907.681800000006 -3.31345399868006,40.7989079875342,907.796700000006 -3.31349305832692,40.7989959978216,907.714800000002 -3.31353597354299,40.7990908810514,907.799899999998 -3.31356799219467,40.7991869371948,907.895999999993 -3.31361107539569,40.7992850060808,907.901100000003 -3.31365097317071,40.7993730158684,908.0095 -3.31369707381279,40.7994630377355,908.166800000006 -3.31372808635135,40.7995629497606,908.225999999995 -3.31376194924431,40.7996539771253,908.282999999996 -3.31379899756323,40.7997510395676,908.489799999996 -3.31384409209219,40.799841899389,908.303199999995 -3.3138910308624,40.7999389615565,908.3514 -3.31392707306824,40.8000360242621,908.423200000005 -3.31396110394615,40.8001329188611,908.320900000006 -3.31399798428015,40.8002259582973,908.338399999993 -3.31405799802931,40.800311956707,908.384600000005 -3.31418909097537,40.8003049158103,908.2497 -3.31430509671621,40.800280943843,908.163100000005 -3.31442797546731,40.8002630063429,908.074299999993 -3.31456208585438,40.8002390336804,907.953800000003 -3.31469301171378,40.8002148944049,907.922999999995 -3.31482796022902,40.800188910231,907.749500000005 -3.31496609417026,40.8001800251114,907.711899999995 -3.31510003657238,40.800170972706,907.615099999995 -3.31522593276449,40.8001578973095,907.420899999997 -3.31534998471534,40.800151023681,907.219299999997 -3.31548811865658,40.8001568915619,906.915999999997 -3.31562290008519,40.800158903057,906.4326 -3.31574896336396,40.8001568915619,905.825299999997 -3.31588089443815,40.8001309073653,904.795400000003 -3.31599706816395,40.800080951119,903.927500000005 -3.31610301546855,40.800033007014,903.033500000005 -3.31620410109087,40.7999818769787,901.992100000003 -3.31630602484131,40.799934938553,901.011400000003 -3.31643007679215,40.7998999025072,900.161500000002 -3.31655396165637,40.7998749239619,899.193799999994 -3.31668203716137,40.7998519575914,898.417100000006 -3.31680106034323,40.7998370379127,897.793799999999 -3.31692209485306,40.799841899389,897.061000000002 -3.31704296137789,40.7998678830188,895.996499999994 -3.31716198455978,40.7998859879109,895.175700000007 -3.31728402518272,40.7998968845728,894.535300000003 -3.31741696237002,40.7999089549496,893.867599999998 -3.3175510727571,40.7999180073906,893.096999999994 -3.31767093406715,40.7999399679874,892.552800000005 -3.31779599213111,40.7999729925114,891.544699999999 -3.31790596209158,40.800010878483,891.118000000002 -3.31803303238177,40.8000428972225,890.624500000005 -3.31815406689156,40.8000650257428,890.0236 -3.31827510140139,40.8000779338728,889.562300000005 -3.31840300892144,40.8000799453703,888.929399999994 -3.31853510798058,40.8000779338728,888.096000000005 -3.31866402161375,40.8000579848199,887.265299999999 -3.31878807356459,40.800049938147,886.367899999997 -3.3189081028596,40.8000509438962,885.305300000007 -3.31902897028276,40.8000340127634,883.973100000003 -3.31915503356154,40.8000159079116,882.957699999999 -3.31927808029756,40.800010878483,882.026800000007 -3.31939710347946,40.7999889179097,881.239799999996 -3.319513108322,40.7999558933936,880.4476 -3.31964503939618,40.7999319213002,879.793000000005 -3.31976003902391,40.7999089549496,879.340200000006 -3.31988090644707,40.7998819649042,878.840299999996 -3.32000495839791,40.7998600042882,878.352700000003 -3.32013404001604,40.7998239624503,877.863899999997 -3.32026110940793,40.7998030075681,877.684399999998 -3.32038700560005,40.7997959666174,877.173500000004 -3.32050602878194,40.7997869141596,876.786099999998 -3.32061901708173,40.7997369583345,876.442800000004 -3.32074709258674,40.7997220379498,875.949299999993 -3.32086795911161,40.7997180149332,875.454800000007 -3.32098899451973,40.799712985482,874.743199999997 -3.32112696047598,40.7997119797277,874.011499999993 -3.32125905863682,40.7997279058687,873.273700000005 -3.32139199582416,40.7997500338139,872.573900000003 -3.32150900767811,40.7997828911469,872.111199999999 -3.32163004218794,40.7998128978109,871.709099999993 -3.32175107669773,40.7998340206554,871.290999999997 -3.32187797900296,40.7998610100403,870.373399999997 -3.32200907194902,40.7998640279763,870.346300000005 -3.32213496814114,40.7998698952026,870.140799999994 -3.3222660610872,40.7998610100403,870.049299999999 -3.32239497472033,40.7998449166459,869.641699999993 -3.32251399790222,40.799838882132,869.379499999995 -3.32263402629893,40.799826979708,869.124400000001 -3.32276696348623,40.7998118920581,868.876999999993 -3.32289403287812,40.7998030075681,868.264599999995 -3.32301506738792,40.7997869141596,868.053599999999 -3.32315202812942,40.7997569068039,868.047600000005 -3.32327306263921,40.7997429928576,867.674899999998 -3.3233920858211,40.7997470165527,867.385299999994 -3.32352804044945,40.799753889543,866.762900000002 -3.32365510984134,40.7997790354195,866.336200000005 -3.32376306847388,40.7998209445124,865.731 -3.32387303933266,40.7998620157923,865.211500000005 -3.32397194564205,40.7999170009594,864.743199999997 -3.32409197493705,40.7999629343274,864.316999999995 -3.32420596845166,40.8000128899825,863.849199999997 -3.32431308895604,40.8000539618236,863.512900000002 -3.32441702493272,40.8000968771714,863.239700000006 -3.32452598967837,40.8001419712717,862.763099999996 -3.32463512240899,40.8001868987368,862.327099999995 -3.32474509236943,40.8002239468042,861.807000000001 -3.32483997602299,40.8002799374173,861.562699999995 -3.32494407908632,40.8003409580671,861.112599999993 -3.32506109004198,40.8003878968857,860.855200000005 -3.32517307222865,40.8004329914682,860.481700000004 -3.32528907796953,40.8004869704199,860.085099999997 -3.32539804271515,40.8005230125779,859.817200000005 -3.32552511210704,40.8005578816912,859.436700000006 -3.32565704318126,40.8005899001668,859.065400000007 -3.32579702136378,40.8006158841838,858.723700000002 -3.32592610298187,40.8006489090515,858.6541 -3.32604696950674,40.8006758987851,858.351299999995 -3.32616901012964,40.800720993172,858.043000000005 -3.32627696876218,40.8007649145069,857.709499999997 -3.32638895094886,40.8007999507761,857.388999999996 -3.32652306223426,40.8008150382014,856.9902 -3.3266419174312,40.8008329755523,856.773700000005 -3.32677401559204,40.800859965211,856.209199999998 -3.32689505100016,40.8008670060488,855.688099999999 -3.32702597596123,40.8008758910765,855.303100000005 -3.32716008634834,40.8009010365279,854.625700000004 -3.32728598254046,40.8009229974795,854.056800000006 -3.32741405804547,40.8009469692149,853.285099999994 -3.3275429716786,40.8009659129454,852.904800000004 -3.32766400618843,40.8010019548433,852.119399999996 -3.32779107647862,40.8010208978782,851.742800000007 -3.32791898399867,40.8010549282784,851.292100000006 -3.32803901329367,40.8010639812432,850.904899999994 -3.32817111145452,40.8010829242603,850.561100000006 -3.32829499631873,40.801101028821,850.146999999997 -3.32841200727436,40.8011310362492,849.787299999996 -3.32853505401042,40.8011628871663,849.013900000005 -3.32865307107916,40.8011959117619,848.579700000002 -3.32874895994753,40.801252909326,847.921700000006 -3.32885909789297,40.8013020269218,847.504400000005 -3.32895012597734,40.8013699201349,846.690300000002 -3.32903394508155,40.8014389869681,845.872099999993 -3.32912798970865,40.8015050365481,845.734100000001 -3.32923108755716,40.8015709181014,845.544999999998 -3.32931993543035,40.8016339503747,845.749400000001 -3.32940794517535,40.8017129075729,846.006500000003 -3.32950299591557,40.8017769454344,846.149399999995 -3.3295849707785,40.8018528852969,846.800199999998 -3.32966711362642,40.801927987312,847.252900000007 -3.32975512337142,40.801992024966,847.828899999993 -3.32984296602979,40.8020729945352,848.498900000006 -3.32991907399561,40.8021439054721,849.217300000004 -3.32999903753064,40.802223030703,850.213900000002 -3.33006005739291,40.8023009821654,850.983999999997 -3.33014907325106,40.8023698814307,851.905499999993 -3.33023289235526,40.8024349250513,852.729900000006 -3.33033096053653,40.8024929279436,853.625799999994 -3.33042500516363,40.8025519364965,854.521099999998 -3.33053799346342,40.8025950195477,855.663700000005 -3.33065198697803,40.8026339110926,856.431200000006 -3.33077302238615,40.8026669363163,857.6489 -3.33089606822388,40.8026790061893,858.942999999999 -3.3310171027337,40.8027009665526,860.646399999998 -3.33114501115205,40.8027080071951,862.265899999999 -3.33126604566184,40.8027458936456,863.983900000007 -3.33139210983895,40.8027718774985,865.806299999997 -3.3315139824769,40.8027990350067,867.369399999996 -3.33162898210462,40.8028379271121,868.113200000007 -3.33173995817822,40.8028709515543,868.294200000004 -3.33186702846841,40.8028898947358,867.015899999999 -3.33199493598846,40.8029120229869,865.944600000003 -3.33212804026242,40.8029380067747,863.937300000005 -3.33225209221326,40.8029579556422,862.478099999993 -3.33237497096432,40.8029448801146,860.802800000005 -3.33250103514143,40.8029289540656,859.098800000007 -3.33261704088227,40.8028969353583,857.313099999999 -3.33273505795105,40.8028510026608,855.695699999997 -3.33285810468707,40.8028230074246,854.526800000007 -3.33298299476607,40.8027909879862,853.441900000005 -3.33310503538901,40.8027710390686,852.762900000002 -3.33323411610881,40.8027370088683,852.159400000004 -3.33334995476302,40.8027070014862,851.827600000004 -3.33346394827763,40.8026759883812,851.738599999997 -3.33357291302325,40.8026210034596,851.329199999993 -3.33364600354806,40.8025418780232,851.591400000005 -3.33367299253245,40.8024439771479,851.297999999995 -3.3336538817731,40.8023529502094,851.080499999996 -3.33364499743494,40.8022558874919,850.952499999999 -3.33364499743494,40.8021620104235,850.712 -3.33364902098907,40.8020589131146,850.592300000004 -3.33366595243557,40.8019650357676,850.4951 -3.33366410819429,40.8018649553179,850.397100000002 -3.33364197999389,40.8017759397114,850.219599999997 -3.33364499743494,40.8016818946834,849.9712 -3.33366008464013,40.8015839938996,849.762799999997 -3.33366712563531,40.8014899492797,849.679199999999 -3.33368506319492,40.8013900367551,849.464999999997 -3.3336840570818,40.8012899567984,849.341199999995 -3.3336921032918,40.8011969181737,849.159400000004 -3.33370802952348,40.8011048844717,849.011700000003 -3.33371691386164,40.8010079899315,848.832599999994 -3.33369009196387,40.8009129387594,848.598499999993 -3.33368187776891,40.8008120209887,848.441000000006 -3.33371305829243,40.8007129465796,848.583400000003 -3.33377910782202,40.8006209135665,848.8462 -3.33386812368013,40.8005608989155,849.280100000004 -3.33397708842579,40.8005049078595,849.909499999994 -3.33409409938145,40.8004708771773,850.375199999995 -3.33420809379435,40.8004158924689,850.951799999995 -3.33432594287817,40.8003699594145,851.735499999995 -3.33444597217318,40.8003419638118,852.483600000007 -3.33455812144651,40.8002839610799,853.281400000007 -3.33467496531551,40.8002438958074,854.225699999995 -3.3348020356057,40.8002219346312,855.127500000002 -3.33488401046863,40.8001520301086,855.963499999998 -3.33497889322389,40.8000910092852,856.972099999999 -3.33506606484076,40.8000249603381,858.075200000007 -3.33512993505746,40.7999449967414,859.234299999996 -3.3351579310533,40.7998579927841,860.564400000003 -3.33517201214537,40.7997629420053,861.853400000007 -3.33522599191079,40.7996769435643,863.424199999994 -3.33528701177309,40.7995879277434,865.115000000005 -3.3353031050914,40.799494888773,866.636100000003 -3.3353399854254,40.7994088899847,867.8171 -3.33538206251331,40.7993170244904,869.248699999996 -3.33547510192559,40.7992499696919,870.077999999994 -3.33556696813813,40.7991889493993,870.042700000005 -3.33566503631939,40.799132957866,870.659499999994 -3.3357649478436,40.7990679144097,870.912200000006 -3.33587810412835,40.7990159465138,870.974000000002 -3.33598488956111,40.7989579439832,870.883700000006 -3.33608798651133,40.7989099997471,870.823300000004 -3.33617901459571,40.7988338919498,870.872700000007 -3.33627087990992,40.7987629808769,870.702000000005 -3.33631999799305,40.7986789940403,869.764800000004 -3.33641001996428,40.7985990308622,869.472399999999 -3.33652887516121,40.7985489068544,869.470799999996 -3.33663096689661,40.7984898981429,869.489300000001 -3.33671696441541,40.7984199931564,869.595000000001 -3.33679894017667,40.7983400303463,869.898100000006 -3.33689600224478,40.7982689514565,870.362899999993 -3.33697898322083,40.7981940173511,871.003800000006 -3.33705307896042,40.7981169036345,871.568599999999 -3.33713605993647,40.7980510220532,872.166400000002 -3.3372321167898,40.7979799435339,872.755799999999 -3.33731912042171,40.7979179176524,873.062000000005 -3.33741199184904,40.7978589090601,873.370699999999 -3.33751408358443,40.7977999004153,873.627800000002 -3.337577115673,40.7977199368583,873.709000000003 -3.33764199200282,40.7976319269191,873.742800000007 -3.33773100786093,40.7975678891389,873.916100000002 -3.33781097049763,40.7975010012249,873.898799999995 -3.33790099246889,40.7974349524209,873.899999999994 -3.33798699088599,40.7973620296339,873.707899999994 -3.33808388586748,40.797289945266,873.523199999996 -3.33816602781707,40.797219034584,873.215800000005 -3.33826711433768,40.7971580137845,873.228300000002 -3.33837188754422,40.7970990051967,872.983300000007 -3.3384729731665,40.7970329559928,873.033200000005 -3.33854891404566,40.7969618777435,872.636700000003 -3.33864597611381,40.7969068921687,872.760699999999 -3.33874605562298,40.7968420165443,872.944099999993 -3.3388340662663,40.7967689258129,873.063899999994 -3.33894202489885,40.7967189697566,873.202900000004 -3.33905199575759,40.7966829275734,873.117700000003 -3.33917101804118,40.7966349830542,872.871799999994 -3.33928400634097,40.7965939118179,872.561199999996 -3.33939699464079,40.7965439556299,871.697700000004 -3.33950009159101,40.7964899761921,870.576799999995 -3.33962095901414,40.7964919877982,869.051600000006 -3.33975004063227,40.7964728775372,867.681200000006 -3.33987208125521,40.796468015814,867.137100000007 -3.34000401232939,40.7964710332243,866.986900000004 -3.34012806428027,40.7964499106698,866.848199999993 -3.34025010490317,40.7964289560825,867.186300000001 -3.34038002375113,40.7964178922373,868.196299999996 -3.34049904693302,40.7964080014887,869.6008 -3.3406269553514,40.79638101138,871.226500000004 -3.34074698374808,40.7963619010869,872.063899999994 -3.34088210024827,40.7963598894768,872.481299999999 -3.34100296677314,40.7963499987196,872.8891 -3.34111997862709,40.7963169737532,873.635999999999 -3.34120798837209,40.7962438838038,874.651100000003 -3.3413171211027,40.7962029803001,875.426900000006 -3.34144502862276,40.7962110267592,876.611199999999 -3.3415729370411,40.7962249407658,877.7408 -3.341700006433,40.7962259465729,879.163199999995 -3.3418220470559,40.7962148820138,880.816999999995 -3.34194408767885,40.7962059977224,882.592199999999 -3.34207702396785,40.7961919157372,884.4421 -3.34219805937597,40.7961848750835,886.308099999995 -3.34231708165953,40.7961709610685,888.421199999997 -3.34243711095454,40.7961520180098,890.515499999994 -3.34255311669538,40.7961288837366,892.288499999995 -3.34265604655897,40.7960839569252,893.960900000005 -3.34272092199045,40.7960019817205,895.683600000004 -3.34273399786773,40.7959119606002,897.602899999998 -3.34275897552423,40.795822944491,898.913 -3.3426850477696,40.7957359405716,898.891600000003 -3.34261899824001,40.7956569830645,898.864600000001 -3.34254305825914,40.7955729963786,898.706999999995 -3.34246711827828,40.7954920270413,898.6109 -3.34239402775351,40.7954088786697,898.462400000004 -3.34231507033163,40.7953419906205,898.2304 -3.34224197980683,40.7952620275032,898.231299999999 -3.34216989539517,40.7951740177058,898.141300000003 -3.34212111328199,40.7950779611962,897.971399999995 -3.34206009252139,40.7949949802836,897.547900000005 -3.34201801543348,40.794904958478,897.612399999998 -3.3420000787722,40.7948020287569,897.626799999998 -3.34197711244364,40.7947069782193,897.601299999995 -3.34195012256091,40.7946038802127,897.589600000007 -3.34193704668366,40.7945100032033,897.768100000001 -3.34193989613972,40.7944149522477,897.982699999993 -3.34196805922219,40.7943140341191,898.277000000002</coordinates>
</LineString>
</Placemark>
</Folder>
</Document></kml>
