<?xml version="1.0" encoding="UTF-8"?>

<kml xmlns:xsd="http://www.w3.org/2001/XMLSchema" xmlns:gx="http://www.google.com/kml/ext/2.2" xmlns:atom="http://www.w3.org/2005/Atom" xmlns="http://www.opengis.net/kml/2.2">
<Document>
<name>ES03a_04a_deba-markina</name>
<visibility>1</visibility>
<Schema name="ES03a_04a_deba-markina" id="kml_schema_ft_ES03a_04a_deba-markina">
<SimpleField type="xsd:string" name="id">
<displayName>id</displayName>
</SimpleField>
<SimpleField type="xsd:string" name="nombre">
<displayName>nombre</displayName>
</SimpleField>
<SimpleField type="xsd:double" name="longitud">
<displayName>longitud</displayName>
</SimpleField>
<SimpleField type="xsd:string" name="_formato">
<displayName>_formato</displayName>
</SimpleField>
</Schema>
<Folder id="kml_ft_ES03a_04a_deba-markina">
<name>ES03a_04a_deba-markina</name>
<Placemark id="kml_1">
<name>&lt;img height='20' src='https://nco.ign.es/iconos/icono_todos_caminos_azul.png' /&gt;&lt;img height='20' src='https://nco.ign.es/iconos/Camino Santiago_20.png' /&gt;&lt;img height='20' src='https://nco.ign.es/iconos/icono_todos_caminos_azul.png' /&gt;  Camino de Santiago </name>
<visibility>1</visibility>
<description><![CDATA[<!DOCTYPE html>
<html>
<head>
<style>
#nco {
  border-collapse: collapse;
  overflow:hidden;
}
#nco th, #nco td {
  padding: 4px;
  text-align: left;
}
#nco th {
  color: #364B5F;
  padding-right: 5px;
}
#nco td {
  color: rgb(51, 51, 51);
  font-size: 12px;
  padding-right: 5px;
}
</style>
</head>
<body>
<table id="nco">
<tr>
<td>Caminos del Norte</td>
</tr>
<tr>
<th><b>Camino: </b></th>
<td>ES03a Camino del Norte</td>
</tr>
<tr>
<th><b>Etapa: </b></th>
<td>04a Deba-Markina</td>
</tr>
<tr>
<th><b>Longitud: </b></th>
<td>24.45 km</td>
</tr>
</table>
</body>
</html>]]></description>
<Style>
<IconStyle>
<scale>0.8</scale>
</IconStyle>
<LabelStyle>
<color>ffffffff</color>
<scale>0.75</scale>
</LabelStyle>
<LineStyle>
<color>ffff0000</color>
<width>3.0</width>
<gx:labelVisibility>1</gx:labelVisibility>
</LineStyle>
<PolyStyle>
<color>66ff0000</color>
</PolyStyle>
</Style>
<ExtendedData>
<SchemaData schemaUrl="#kml_schema_ft_ES03a_04a_deba-markina">
<SimpleData name="id">ES03a_04a</SimpleData>
<SimpleData name="_formato">kml</SimpleData>
</SchemaData>
</ExtendedData>
<LineString>
<extrude>0</extrude>
<tessellate>1</tessellate>
<coordinates>-2.35454499685727,43.2943100293672,5.0 -2.35494799906003,43.2944030680786,4.0 -2.35496794794754,43.294407929955,3.77060000000347 -2.35504707335438,43.2944320693361,3.0 -2.35514095089485,43.2944510127282,3.0 -2.35519593587506,43.2944610712336,3.0 -2.35522896063985,43.2943920039735,3.0 -2.35524103040402,43.2943789280322,3.0 -2.35525393829635,43.2943660201223,3.0 -2.35526902639986,43.2943549560106,3.00100000000384 -2.35528495173321,43.2943450655221,3.0 -2.35530205026632,43.2943360132424,3.0 -2.3553199878259,43.2943279665524,3.0 -2.35533893149862,43.2943209254527,3.0 -2.35535904747279,43.2943150579779,3.0 -2.3553789963603,43.2943110349586,3.0 -2.35539995136093,43.2943070112852,3.26110000000335 -2.35542107344822,43.2943060056937,3.55100000000675 -2.35544202844884,43.2943050001022,3.80469999999332 -2.35546097122324,43.2943060056937,3.91939999999886 -2.35547404710052,43.2943060056937,3.94010000000708 -2.35548695589114,43.2943060056937,3.96120000000519 -2.35550103698321,43.2943039938569,3.97879999999714 -2.35551394487554,43.2943019826738,3.98630000000412 -2.355526015538,43.2942989652453,3.92939999999362 -2.35553892343033,43.2942949415711,3.83070000000589 -2.35554998708138,43.2942900803394,3.69550000000163 -2.35556205774385,43.2942840454809,3.48979999999574 -2.35557194819512,43.2942780099681,3.26059999999416 -2.35558200663136,43.2942709695164,3.08699999999953 -2.35559105895448,43.29426392841,3.0 -2.35559893807782,43.2942560497452,3.0 -2.3556059781747,43.2942480030447,3.0 -2.35561100784199,43.2942389507505,3.0 -2.35561603661094,43.2942300658358,3.0 -2.3556200601651,43.2942200072923,3.0 -2.35562307760615,43.294210954994,3.0 -2.35562408371927,43.294201064482,3.0 -2.35562408371927,43.2941940233676,3.0 -2.35566297538117,43.2937910216762,3.39969999999448 -2.35575299735244,43.2930760450272,3.40050000000338 -2.35576305578867,43.2930210600049,3.0 -2.35577898112201,43.2929660749328,3.0 -2.35580094133746,43.2929119273872,3.0 -2.35582994254808,43.2928599597165,3.0 -2.35586497953911,43.2928100038878,3.31549999999697 -2.35588794586767,43.2927820081273,3.0 -2.35611392156895,43.2925000411861,3.0 -2.35716400632202,43.29283598775,0.0 -2.35729593739621,43.2928659947163,0.231599999999162 -2.35735695815684,43.2928869498262,1.97699999999895 -2.35738193581331,43.2929000254345,2.45089999999618 -2.35740607623994,43.2929149448846,3.21859999999288 -2.35742703124056,43.2929270148726,4.5109999999986 -2.35744597401499,43.2929419349698,6.05849999999919 -2.3574659229025,43.2929600399429,6.50810000000638 -2.3574820162208,43.2929820006338,6.0 -2.35749207465704,43.2930029550499,6.0 -2.35751202354455,43.2930319563213,6.0 -2.35753096631894,43.2930750394155,6.0 -2.35754705963727,43.2931209725823,6.0 -2.35756298497062,43.293255921124,6.0 -2.35756700852478,43.2933459426646,6.0 -2.35756197975583,43.2933749437724,6.0 -2.35756700852478,43.29339606609,6.0 -2.35759500452063,43.2934379759374,6.0 -2.35760405684374,43.2934780412746,6.0 -2.35759399840751,43.2935100604411,6.0 -2.35743507745057,43.2937289954782,5.0 -2.35689796486073,43.2944510127282,4.40519999999378 -2.35689595353283,43.2944530245602,4.4771000000037 -2.35689394220489,43.2944550357382,4.49910000000091 -2.35689293609178,43.2944580531591,4.51940000000468 -2.35689192997866,43.2944600649908,4.52950000000419 -2.35689192997866,43.2944630824113,4.56660000000556 -2.35689092386555,43.2944649268627,4.57709999999497 -2.35689092386555,43.2944679442831,4.61520000000019 -2.35689192997866,43.2944699554606,4.65089999999327 -2.35689192997866,43.2944729735345,4.6877999999997 -2.35689293609178,43.2944749847119,4.72090000000026 -2.35689394220489,43.2944769965431,4.75250000000233 -2.35689595353283,43.2944800139629,4.80049999999756 -2.35689695964595,43.2944820257939,4.82799999999406 -2.35689897097385,43.2944840376248,4.85940000000119 -2.35690098230178,43.2944860488019,4.88779999999679 -2.35690399974283,43.2944870550442,4.90929999999935 -2.35690601196906,43.2944890662211,4.93189999999595 -2.35690902941008,43.2944910780518,4.9542999999976 -2.35691204685113,43.2944919162601,4.96670000000449 -2.35691506429218,43.2944929225024,4.97800000000279 -2.3569180817332,43.2944939280908,4.98699999999371 -2.35692093118929,43.2944939280908,4.99210000000312 -2.35695194462615,43.2944989573401,5.0 -2.35705604768948,43.294503986589,5.24189999999362 -2.35712494667516,43.2944959399213,6.45600000000559 -2.35721396253328,43.2944729735345,9.38169999999809 -2.35731706038182,43.2944659324516,10.3733999999968 -2.35747799266664,43.2944780021318,9.8810999999987 -2.35772995303586,43.2944999629284,12.8997999999992 -2.3578560163146,43.2944999629284,14.006899999993 -2.35795592873714,43.2945049921772,15.0135000000009 -2.35803203670296,43.2945339933861,16.2810999999929 -2.35812792557134,43.294573053068,18.492499999993 -2.35821207974716,43.2946199919973,20.5339999999997 -2.35827594996386,43.2946540223879,22.2657000000036 -2.35828500228697,43.2946610634491,22.4193999999989 -2.35834199949344,43.2947019668397,24.6527999999962 -2.35842397435637,43.2947589634718,26.588499999998 -2.35847191923973,43.2947869596299,27.4087 -2.35851701376865,43.2948020466501,28.0676999999996 -2.3585530559745,43.2948179725242,28.8203000000067 -2.35858608073929,43.2948300421346,29.2932000000001 -2.35861893751913,43.2948489854027,29.590200000006 -2.35864894484287,43.2948650786436,29.8325999999943 -2.35868398093557,43.2948850274828,30.4991000000009 -2.35871599958724,43.2949069881324,30.800900000002 -2.3587470130241,43.2949329724063,31.7195000000065 -2.35876796802476,43.2949589560153,32.0396000000037 -2.35879093435329,43.2949889632417,32.9511999999959 -2.35880199800434,43.2950050564456,33.4845000000059 -2.35881792423602,43.2950280226314,34.340200000006 -2.35883602888225,43.2950580298237,34.7326999999932 -2.35884206376432,43.295092060623,34.5901000000013 -2.35884306987743,43.2951450345791,35.8874999999971 -2.35884407509225,43.2951849320673,36.7504000000044 -2.3588579890977,43.2952270093676,38.3804999999993 -2.35887307630288,43.2952650630288,40.2318999999989 -2.35891498630416,43.2953230660154,41.692200000005 -2.35896795995647,43.2953830800941,43.5622000000003 -2.35900701960333,43.2954030294172,43.9870999999985 -2.35903803304019,43.2954219725068,44.3727999999974 -2.35909502934833,43.2954560031024,44.6270999999979 -2.35912000790312,43.2953589404367,45.129700000005 -2.3591359332365,43.2953039548631,46.3966999999975 -2.35916392833401,43.2952479643178,47.9296000000031 -2.35919997053982,43.2951839264904,49.0206000000035 -2.35922595520773,43.2951649833265,49.4389999999985 -2.35927205495147,43.2951440283477,50.1897999999928 -2.35932201116276,43.2951359817647,50.9934999999969 -2.35937397960024,43.2951339699553,51.8352000000014 -2.35939795114362,43.295155930515,52.3907999999938 -2.35940800957986,43.2951929786438,52.5032000000065 -2.35940700436504,43.2952360615147,53.388300000006 -2.35941706190297,43.2952689186069,53.5571000000054 -2.35946198934528,43.2953029492882,54.2918000000063 -2.35962895651219,43.2954090641646,56.0209000000032 -2.3597159610424,43.2954189551339,57.3451000000059 -2.35981101178262,43.2954330364245,58.9670000000042 -2.3598710264301,43.2954439329625,59.3595999999961 -2.35994797162579,43.2954489621333,61.2008999999962 -2.36001200982744,43.2954529850773,62.0933999999979 -2.36008292103932,43.2954549968762,62.6460999999981 -2.36012700945516,43.2954630434169,63.0798000000068 -2.36019305898475,43.2954829927138,63.815300000002 -2.3603129202948,43.295519035072,64.9296000000031 -2.36046295601522,43.2955730142267,66.3369999999995 -2.36057795564294,43.2956080503077,66.7213999999949 -2.36065506972188,43.2956149238814,66.9033999999956 -2.36078498856987,43.2956269939874,68.5804999999964 -2.36091004663382,43.2956350405054,69.482600000003 -2.36103292538489,43.2956459370073,70.906799999997 -2.36117692622324,43.2956509661614,73.3359999999957 -2.36126191942555,43.2956499599383,75.526199999993 -2.36141899614119,43.2956269939874,78.696299999996 -2.36142603713637,43.2955270816043,80.5268999999971 -2.36143995114182,43.2954779635458,81.713699999993 -2.36145604446012,43.2954169433338,82.6616000000067 -2.36146694012621,43.2953720161674,82.8307000000059 -2.36148202822973,43.2953359737221,83.2081000000035 -2.36150097100412,43.2952830005861,84.1030000000028 -2.36151002332724,43.2952489698937,84.5262999999977 -2.36151605820931,43.2952249975612,84.9845999999961 -2.36151605820931,43.2952179565653,85.0437999999995 -2.36151304076829,43.2950830084545,85.9147999999986 -2.36149895967619,43.2949659970412,87.3910999999935 -2.36140692637702,43.2947170545348,89.5319000000018 -2.36128304151284,43.2945049921772,88.0 -2.36124498797906,43.2944439716427,87.2964000000065 -2.36147196979349,43.2944820257939,90.8199000000022 -2.36147901078868,43.2945009685166,91.3571999999986 -2.36155997953849,43.2946369235051,93.3255999999965 -2.3616129531908,43.2946959320222,94.1024000000034 -2.36174203480892,43.2947980236631,96.1610999999975 -2.36184395855939,43.2948840219009,98.0427999999956 -2.36189408185731,43.2949450419938,99.1996999999974 -2.36198192451568,43.2950239996592,101.093299999993 -2.36203707748084,43.2950540068536,101.333499999993 -2.36209407468731,43.2950799904109,101.943700000003 -2.36215308322168,43.2951049690326,102.917000000001 -2.3622070629871,43.2951279351806,102.936199999996 -2.36225601308527,43.2951460401568,103.172300000006 -2.36233899406132,43.2951790646759,103.945699999997 -2.36249405855072,43.2952399170947,105.1106 -2.3625629584347,43.2952660692582,104.662200000006 -2.36264795073868,43.2952880297702,104.184999999998 -2.36279094636221,43.2953079784706,104.0 -2.36291198087204,43.295330944542,104.0 -2.36299797928914,43.2953649751885,104.0 -2.36311096669063,43.2954030294172,104.0 -2.36325396231416,43.2954400773954,104.0 -2.3634700475642,43.2954890274533,105.0 -2.36365294096279,43.2955329489621,106.042100000006 -2.36394496619366,43.2955909516932,109.0 -2.36404001693387,43.2957369645006,111.0 -2.36411193425887,43.2958439174631,112.805600000007 -2.36416691923911,43.2959359508785,114.728900000002 -2.36419893789079,43.296033013277,116.574600000007 -2.36421000244013,43.2960900099691,117.796400000007 -2.36417898900328,43.2961679618949,118.303700000004 -2.36396206562508,43.296423945203,123.683199999999 -2.36374497426195,43.2966360074069,126.859599999996 -2.36355906342232,43.2968080037928,130.417199999996 -2.36340802158878,43.2969459699496,131.866099999999 -2.36333895461814,43.2970249276322,133.455600000001 -2.36327994608377,43.2971419390065,136.907099999997 -2.36321708198019,43.2972619674374,139.226800000004 -2.36318103977435,43.2973350581801,140.424700000003 -2.36315907866061,43.2974059690748,142.124899999995 -2.36315907866061,43.2975040372806,142.989799999996 -2.36322194366252,43.2976049552214,142.475900000005 -2.36329000452001,43.2977050348307,141.382500000007 -2.36332805805375,43.2977610263828,140.770399999994 -2.36342998180419,43.2978730086783,141.188999999998 -2.36357197131464,43.2980039337067,143.450299999997 -2.36359594375632,43.2980240501942,144.286399999997 -2.36361807195672,43.2980439993046,144.941200000001 -2.36363701562941,43.298065960121,145.193599999999 -2.36365294096279,43.2980899319873,145.697199999995 -2.36366702205486,43.298114071868,145.993199999997 -2.36367791861925,43.2981390498973,146.168399999995 -2.36368495961443,43.2981640279162,146.286900000006 -2.36368998928172,43.2981900121059,146.372900000002 -2.36369200060965,43.2982159956308,146.409899999999 -2.36368998928172,43.2982419797983,146.564700000003 -2.36368596572758,43.2982649460692,146.868600000002 -2.36368194217342,43.2983070231996,147.194399999993 -2.36361505451567,43.2984860607076,150.877200000003 -2.36351598022129,43.2986240269797,153.729099999997 -2.36335705926438,43.2987889830441,155.073199999999 -2.36327692864272,43.2989879692413,160.916200000007 -2.36327692864272,43.2990830203196,162.027400000006 -2.36319193633874,43.2990570358577,162.0 -2.36309202391624,43.2990000393315,162.0 -2.36294098208267,43.2989430420981,160.919800000003 -2.36287493255308,43.2989090114926,159.424400000004 -2.36273394915578,43.2988270364376,155.829599999997 -2.36264493329763,43.2987819418071,154.898799999995 -2.36258793609116,43.2987460674438,154.038499999995 -2.36245399368904,43.2987519351448,155.681899999996 -2.36228602040901,43.298760987421,156.997399999993 -2.36200002916191,43.2987789246009,157.862399999998 -2.36181998611772,43.298784959667,159.530899999998 -2.36167900272038,43.2987980353147,159.895399999994 -2.3616860437156,43.2988210020294,160.404699999999 -2.361833061995,43.298854026514,162.119999999995 -2.36193297441751,43.2988870509808,162.841100000005 -2.36203406003982,43.2989339898491,163.871100000004 -2.36210094769754,43.2990030565268,165.396900000007 -2.36216498500089,43.2990989457263,167.518700000001 -2.36221795865319,43.2991809204148,169.332899999994 -2.36229607794695,43.2993259275926,172.543999999994 -2.36239297292844,43.2994590324481,173.941399999996 -2.36247494779137,43.2995649792434,175.087499999994 -2.36253093888469,43.2996380698329,176.0 -2.36260101196844,43.2996789731446,176.0 -2.36267292839514,43.2997190389463,176.0 -2.36272992560161,43.2997579305471,176.063699999999 -2.36280201001327,43.29981392217,177.0 -2.36284794267039,43.2998570050358,177.0 -2.3628759386662,43.2998799713504,177.0 -2.36292203930827,43.2999059554606,177.205300000001 -2.36300200194497,43.2999520554093,178.0 -2.36307693671102,43.2999979886119,178.733699999997 -2.36313292780437,43.3000340309089,179.648100000006 -2.36315404989166,43.3000430829942,179.992299999998 -2.36317601010707,43.3000499560666,180.0 -2.36319897733396,43.30005397936,180.0 -2.3632229488773,43.3000559910065,180.0723 -2.3632479274321,43.30005397936,180.308600000004 -2.3632720669604,43.3000509622168,180.478400000007 -2.36329603940207,43.3000449272763,180.570399999997 -2.36331900573064,43.3000370480529,180.737699999998 -2.36333794850503,43.3000249781686,180.972399999999 -2.36339796315255,43.2999560787092,181.377299999993 -2.3635089401244,43.2998330325586,182.370999999999 -2.36359694986944,43.2997399936561,183.198699999994 -2.36367892473237,43.2996620417331,183.813299999994 -2.36373307158445,43.2996159415645,184.565799999997 -2.36377095803153,43.2995929751501,185.194300000003 -2.36381303511944,43.2995750375566,185.492599999998 -2.36388495154614,43.2995520711268,186.419999999998 -2.36400397472803,43.2995079825396,187.948900000003 -2.36412500923786,43.2994620496206,188.8652 -2.36420497277285,43.2994340543073,189.919500000004 -2.36426901097451,43.2994129314718,190.0 -2.36432902472369,43.2993869478047,190.941999999995 -2.36438401060223,43.2993559346254,190.991800000003 -2.36447704911621,43.299266918992,191.975399999996 -2.3645799789798,43.2991730417332,192.996899999998 -2.36462993519106,43.29913197006,193.792000000001 -2.36469598472064,43.2991100096287,194.0 -2.36479103546086,43.2990930780588,194.0 -2.36488994177025,43.2990910663804,194.0 -2.36502002950149,43.2990949223698,195.0 -2.36512295936508,43.2991009574046,195.0 -2.36518397922738,43.2991120213065,195.862800000003 -2.36526293664926,43.2991299583829,196.183799999999 -2.3653320036199,43.2991329762255,196.233399999997 -2.36544599713451,43.2991329762255,197.133300000001 -2.36556099766053,43.2991400167681,197.874500000005 -2.36566392662579,43.2991539311372,198.386199999994 -2.36573601103745,43.2991740472443,198.985000000001 -2.36585704644557,43.299221992055,198.967399999994 -2.36597103996018,43.2992640691768,198.442299999995 -2.36616902056398,43.2993100022454,198.353900000002 -2.36644294114862,43.2993730341426,196.879700000005 -2.36660303530527,43.2994179609681,196.877699999997 -2.36679699235491,43.299458026288,197.145099999994 -2.36699497295868,43.2994870277498,196.820500000002 -2.36718893090662,43.2995160291978,196.778999999995 -2.36738305504291,43.2995510656221,196.208499999993 -2.36745899502375,43.2995730258941,196.057199999996 -2.36758405308774,43.2996270053728,194.420899999997 -2.36771296672087,43.2996749498263,194.257899999997 -2.36787691734506,43.2997369758436,192.584799999997 -2.36810507235924,43.2998000079519,190.910199999998 -2.36829902940888,43.299850970076,190.7601 -2.36845795036579,43.299899082372,189.979200000002 -2.36865593096956,43.2999419971585,190.213499999998 -2.36886899877855,43.2999850805872,189.768899999995 -2.36909799281921,43.3000110639987,191.107699999993 -2.36930100219194,43.3000169315777,192.9709 -2.36950702990404,43.300021961024,194.042400000006 -2.36981397525347,43.3000110639987,196.327999999994 -2.37011505280746,43.3000209548733,197.894100000005 -2.37036097829458,43.3000350364057,197.0 -2.37052291669254,43.3000360425562,197.0 -2.37066792364404,43.3000080468534,196.793000000005 -2.37080806891318,43.2999919536661,196.710000000006 -2.37092994155113,43.2999810572893,196.0 -2.37112004303156,43.2999939653148,195.9378 -2.37129304597887,43.3000070407025,194.434200000003 -2.37146604802789,43.3000279959668,192.169699999999 -2.37160502009729,43.3000169315777,191.232099999994 -2.37172303716603,43.3000010057576,191.616299999994 -2.37189604011334,43.2999859187197,191.0 -2.37211396960465,43.2999709990432,191.334799999997 -2.37238101628073,43.2999760278396,191.255699999994 -2.37255401922804,43.2999859187197,191.0 -2.37273305615912,43.3000070407025,190.0 -2.37282693369956,43.3000239726717,189.095600000001 -2.37288108055164,43.3000259843192,189.0 -2.37294998043562,43.3000159260806,188.4954 -2.37304100762167,43.2999939653148,188.0 -2.37313002347978,43.2999790456402,188.331999999995 -2.37321401056898,43.2999649640948,187.397100000002 -2.37332498664254,43.299957922994,187.006200000003 -2.37343898015715,43.2999619462934,186.750899999999 -2.37357107921632,43.2999750223418,186.422900000005 -2.37368892919843,43.3000199493763,186.453099999999 -2.37379001482072,43.3000819750415,186.039799999999 -2.37385505823719,43.3001089652147,186.0 -2.37394994099245,43.3001270700153,186.231100000005 -2.37407701128264,43.3001659620089,187.243499999997 -2.37418698124308,43.3001899343548,187.720799999996 -2.37426493345017,43.3002080391313,188.087100000004 -2.37436601907249,43.3002330169541,188.906499999997 -2.3744610698127,43.3002579954204,189.111300000004 -2.37455796479419,43.3002779437979,189.819900000002 -2.37468402807294,43.3003059393764,190.269499999995 -2.37478897016276,43.3003300796849,190.931899999996 -2.37490698723153,43.3003599188581,191.714000000007 -2.37499399086342,43.300375006457,192.0 -2.37505098806989,43.3003949554499,191.967399999994 -2.37510396172219,43.3004279803872,191.008700000006 -2.37516799902551,43.3004730751044,190.554699999993 -2.37523002589926,43.3005139785081,189.653699999995 -2.37534703685492,43.3005810337232,188.178599999999 -2.37549405513432,43.300640042356,186.643800000005 -2.37567493720498,43.3006940215411,184.783500000005 -2.37590191901937,43.3007409603219,181.787400000001 -2.37598204964106,43.3007659385796,181.148700000005 -2.37607894462255,43.3007880664294,180.668900000004 -2.37617198403483,43.3008090214244,179.765499999994 -2.37624691790258,43.3008339996541,178.669099999999 -2.37633392243279,43.3008690359727,177.895099999994 -2.37639293096717,43.3008990428976,177.242100000003 -2.3764829520401,43.3009489992727,176.339300000007 -2.37660801010406,43.3010200778912,174.986600000004 -2.37668998496702,43.3010780806184,174.301399999997 -2.376722004517,43.3011000409927,173.817599999995 -2.37675804672281,43.3011129494344,173.535199999998 -2.37680800293409,43.301114961046,173.832299999995 -2.37690405888909,43.3011000409927,174.8753 -2.37699994775747,43.301091994544,175.813299999994 -2.37710807437497,43.3010849535737,177.304999999993 -2.37726397789083,43.3010680225538,179.616899999994 -2.37746899948981,43.3010160546618,183.288499999995 -2.37774794884343,43.3009369295694,189.949900000007 -2.37788407145674,43.3008789267076,193.952900000004 -2.37798197165302,43.3008249470328,195.769799999995 -2.37811105327114,43.3007339199648,197.375599999999 -2.37814307192282,43.300706930069,197.464000000007 -2.37817492348787,43.3006170756747,198.9617 -2.37818095836994,43.30059897102,199.269700000004 -2.37826595067392,43.3005899183637,198.334499999997 -2.37837307117827,43.3005880747519,198.980500000005 -2.37848304203704,43.3005919299925,200.990600000005 -2.37858798322853,43.3005919299925,202.149600000004 -2.37867901131291,43.3005999771611,203.093999999997 -2.37873701373417,43.3005999771611,203.1679 -2.37884698459294,43.3005870686105,203.467900000003 -2.37888202068563,43.3005820398647,203.583799999993 -2.37894605888732,43.3005590731615,204.075400000002 -2.37900104386752,43.3005190079133,203.856 -2.37907497252049,43.3004710634716,204.784700000004 -2.37922400212779,43.300390932179,206.0 -2.3795460346824,43.3003099633066,209.657000000007 -2.37958995601159,43.3003019160997,209.890899999999 -2.37973898651722,43.3002910197783,212.367299999998 -2.37986002102705,43.3002829732227,214.369900000005 -2.37994501333103,43.3002809615836,215.166700000002 -2.37998692333228,43.3002789499444,215.448900000003 -2.38001408030163,43.3002650358327,215.761199999994 -2.38005397807665,43.3001879227127,216.830100000006 -2.38012304504729,43.3000519677133,217.599900000001 -2.38013595383792,43.3000169315777,217.9663 -2.38015405848415,43.2999540670593,218.4902 -2.38016897770441,43.2998890241123,219.027600000001 -2.38018507102271,43.2998380620201,218.522299999997 -2.38020904346439,43.2997339586847,218.359200000006 -2.38023402201918,43.2996829964625,217.977799999993 -2.38024894123941,43.2996219765476,217.521299999993 -2.38026000578876,43.2995410073049,217.188999999998 -2.38025598223462,43.2995140175333,217.328399999999 -2.38024894123941,43.2994719405844,217.744500000001 -2.38026101100358,43.2994529974488,217.859100000001 -2.38029303055355,43.2994370714811,218.013999999996 -2.38035002686169,43.2994219843033,217.599300000002 -2.3804370313919,43.2993919766493,218.355599999995 -2.38054297869651,43.2993549291175,219.117299999998 -2.38062797100049,43.2993319626045,220.559399999998 -2.38069100308903,43.2993190544384,221.214500000002 -2.38074196541343,43.2993049727402,222.357799999998 -2.38078001894718,43.2992870357155,223.375100000005 -2.38082092283531,43.2992630630136,223.592699999994 -2.38081807248092,43.2992310442611,223.928199999995 -2.38081807248092,43.2991889671164,225.212899999999 -2.38083198648636,43.2991670067056,225.718500000003 -2.38086400513804,43.2991470579636,225.513399999996 -2.3809399460172,43.29911503915,226.093299999993 -2.3810420368543,43.2991019629167,227.153200000001 -2.38111697162035,43.2990820141534,228.300199999998 -2.38119307868787,43.2990419485856,229.143200000006 -2.38125108200746,43.2990139530789,229.6976 -2.38135702931206,43.2989730493199,232.129400000005 -2.38140899685125,43.2989650025897,231.657600000006 -2.38145492950834,43.2989480716332,232.613200000007 -2.38156892392128,43.2989279547977,232.639599999995 -2.38161602977814,43.2989360015327,233.169999999998 -2.38170202819524,43.2989730493199,233.025699999998 -2.38180797549985,43.2990219998026,234.214200000002 -2.38190202012694,43.2990669268874,235.564100000003 -2.38196002344653,43.2990910663804,236.0435 -2.38201601453985,43.2991090041166,236.1201 -2.38208407539737,43.2991180563396,236.447700000004 -2.38216102149135,43.2991190625053,237.082699999999 -2.38224098502635,43.2990920725464,238.554499999998 -2.38230401621659,43.2990429547526,239.755300000004 -2.38236704830512,43.2989950098006,241.749299999996 -2.38243393596287,43.298934995364,243.593299999993 -2.38249897937931,43.2988840337797,245.012300000002 -2.38255698269889,43.2988159724837,246.251699999993 -2.38259101267851,43.2987470736156,246.980800000005 -2.38263007232537,43.2986639248004,248.822799999994 -2.38265806832121,43.2986030725391,249.992499999993 -2.3826770110956,43.2985479192611,250.120500000005 -2.38267902242351,43.298510033062,250.521599999993 -2.38267499976767,43.298476002868,250.592499999999 -2.38266695265934,43.2984329196776,249.957299999995 -2.38265806832121,43.298394027883,249.880600000004 -2.38264499244393,43.2983529563373,249.598400000003 -2.38264298021769,43.2983189254016,249.137700000007 -2.38264398633081,43.2982989770351,249.1247 -2.38265203343911,43.298237956385,249.008300000001 -2.38265505088016,43.2981829714534,248.964200000002 -2.38265806832121,43.2981130663395,248.926699999996 -2.38265102732599,43.2980510399733,249.102299999999 -2.38263694533559,43.2979880080132,249.391099999993 -2.38261196767913,43.2979289994218,248.745999999999 -2.38256301758099,43.2978689852406,249.222899999993 -2.38253099803099,43.2978379719408,249.064400000003 -2.38249797416452,43.2978089710001,249.223199999993 -2.38246696072766,43.2977880162786,249.074500000002 -2.38240795219326,43.2977519739577,249.188999999998 -2.38233100609928,43.2977020175711,248.376999999993 -2.38225305479052,43.2976530673333,248.528300000005 -2.38218097037886,43.2976119959409,248.1299 -2.38215096305508,43.2975920473425,248.146299999993 -2.38212598450033,43.2975749479783,248.152499999997 -2.38210000073072,43.2975580166348,248.061499999996 -2.38207502307425,43.2975390735566,248.213399999993 -2.38205004451946,43.2975179507166,247.995299999995 -2.38202992854529,43.2975000138185,248.344400000002 -2.38200696221673,43.2974750355268,248.612599999993 -2.38199003077027,43.2974500578786,248.3511 -2.38198298977506,43.2974240740265,247.990699999995 -2.38198399498988,43.2973930604998,247.964800000002 -2.38198902465716,43.2973670766233,247.805999999997 -2.38199807698027,43.2973370692628,247.529899999994 -2.3820029386626,43.2973119241856,247.558199999999 -2.38202992854529,43.2972510712251,247.258499999996 -2.38207301084799,43.2971620551254,246.543799999999 -2.38211005916695,43.2970929883179,246.427800000005 -2.38214492817302,43.2970279449256,245.858999999997 -2.38221701258467,43.2969209920841,244.8554 -2.38226696879596,43.2968500812777,244.416899999997 -2.38229496389347,43.2967820196664,245.014200000005 -2.38231306853971,43.2967220056607,243.887400000007 -2.38231994244826,43.2966680262182,243.322799999994 -2.38232295988928,43.2965989595034,242.938699999999 -2.38232094766305,43.2965449799517,242.653200000001 -2.38231306853971,43.2964450671154,242.594899999996 -2.38230401621659,43.29636694817,241.930699999997 -2.3822969761197,43.2962960373712,242.150200000004 -2.38229496389347,43.2962110447287,241.1296 -2.38228993512449,43.2961439892709,240.655400000003 -2.38227903856009,43.2960640261897,240.271299999993 -2.38226495656969,43.2959860741307,240.0 -2.38225506611842,43.2958970587944,239.991899999994 -2.38223092659011,43.2957319353537,240.0 -2.38222204135366,43.2956700765507,239.050700000007 -2.38221500035844,43.2956080503077,239.255300000004 -2.38221399514365,43.2955460246553,239.0 -2.38221801779949,43.2954989184096,239.0 -2.38223494924595,43.2954449385352,239.276100000003 -2.38225305479052,43.2954040349905,239.939599999998 -2.38228406732908,43.2953540786363,239.0 -2.38232698254515,43.2953059666669,239.0 -2.38235497854096,43.2952779714016,239.0 -2.38240594086536,43.2952360615147,239.0 -2.38247400172285,43.2951879494519,238.176600000006 -2.38257592547329,43.295125923371,237.159899999999 -2.3826629300035,43.2950840140331,236.345000000001 -2.38275898595853,43.2950370754619,235.9571 -2.38280005783163,43.295009918274,235.291500000007 -2.38283894949353,43.2949740436467,234.569900000002 -2.38288303880767,43.2949289487741,234.075200000007 -2.38291706878729,43.2948910622816,234.0 -2.38294506478309,43.2948530090403,234.062000000005 -2.38296501367064,43.2948179725242,234.512199999997 -2.3829819451171,43.2947869596299,234.781799999997 -2.38299602620917,43.2947549404819,235.0 -2.38301195244084,43.294722921317,235.0 -2.38302703964606,43.2946930819927,235.0 -2.38303994753835,43.2946649190656,234.849000000002 -2.38304899986147,43.2946220031699,234.842600000004 -2.38305402952875,43.294573053068,235.420400000003 -2.38304497630734,43.2945070040074,235.537200000006 -2.38301496988189,43.2944050799121,237.325500000006 -2.38299602620917,43.2943509329939,237.415599999993 -2.38294204734208,43.2941869829061,240.044200000004 -2.38289997025417,43.2940699710764,241.941699999996 -2.38288706146354,43.2940000664649,242.483600000007 -2.38289091703272,43.2939670413055,243.331900000005 -2.38289896414105,43.2939340167819,244.102199999994 -2.38291204001833,43.2939019978387,244.502500000002 -2.3829370176748,43.2938740025808,244.909299999999 -2.38296803111165,43.2938500303602,245.402400000006 -2.38300306720438,43.2938300811815,246.013800000001 -2.3830429649794,43.2938139883205,246.770600000003 -2.38308504206731,43.2938029241083,247.293099999995 -2.38321093825943,43.2937839805143,248.427599999995 -2.383361980093,43.2937590026577,249.926600000006 -2.38343607673089,43.29374894469,250.0 -2.38352106903487,43.2937370422474,251.0 -2.38358795669261,43.2937300010791,251.149300000005 -2.38368703008866,43.2937239661651,252.022599999997 -2.38375894741366,43.293731007334,252.551900000006 -2.3839420078989,43.2937739225508,255.077799999999 -2.38405197875768,43.2937970565836,255.979500000001 -2.38434501010166,43.2938719907297,260.021900000007 -2.384485993499,43.2939150738826,261.376199999999 -2.38474097130924,43.2940010720614,264.087199999994 -2.38478992140738,43.2940089514131,264.283299999996 -2.38482797494112,43.2940169974914,264.649699999994 -2.38487994337864,43.2940230323763,265.449200000003 -2.38493291703094,43.2940270560685,266.0 -2.38498304032886,43.2940290679145,266.122799999997 -2.38502495033011,43.2940300735106,266.803 -2.38526198968244,43.2940389584545,269.880300000004 -2.38533591833537,43.2940449933372,270.954199999993 -2.38539107130057,43.2940490163741,270.938099999999 -2.38544404495287,43.2940540456603,271.333499999993 -2.38550204827246,43.2940580693504,271.5625 -2.38554395737541,43.2940609187558,271.674100000004 -2.38560195979667,43.2940600805416,272.497000000003 -2.38563900811563,43.2940600805416,272.505799999999 -2.38567203288039,43.294059074946,272.7788 -2.38577295051775,43.2940510282194,273.469899999996 -2.38586397860209,43.2940369466088,273.879499999995 -2.38596204678336,43.2940190093377,273.202799999999 -2.38603195188215,43.2940089514131,272.863100000002 -2.38609800141171,43.2940169974914,271.845700000005 -2.38616706838234,43.294020014934,271.137700000007 -2.38620696615736,43.2940190093377,271.005099999995 -2.38625206068633,43.2940159918952,270.783599999995 -2.386276033128,43.2940129744524,270.624899999995 -2.38629296457446,43.2940039221233,270.421799999996 -2.38631995355886,43.2939730768491,270.0524 -2.38635800799093,43.2939320049328,269.585800000001 -2.38639706763779,43.2938800374799,269.0 -2.38641399908425,43.2938510359592,269.0 -2.38642104007947,43.2938270637295,269.0 -2.38641802263842,43.2937710724781,268.235100000005 -2.38640494676113,43.2936879240508,267.917100000006 -2.38638801531467,43.2936039372892,268.0 -2.38637007775507,43.2935199510654,268.0 -2.38639103275573,43.2934289235227,268.0 -2.38640595197595,43.2933380638808,266.904899999994 -2.38642204529425,43.2932929691027,266.400800000003 -2.38643897674075,43.2932579323417,266.0 -2.38645792041344,43.2932289311781,266.0 -2.38654207458926,43.2931479619223,266.0 -2.3866419870118,43.2930500612676,266.0 -2.38669797810515,43.2929679187757,266.637000000002 -2.3867380429668,43.292936067362,267.145799999998 -2.3869630134533,43.2928609653319,269.096799999999 -2.38721296159629,43.2927870375182,271.715800000005 -2.38736903309711,43.2927409367142,272.758400000006 -2.38754807002819,43.2927199822078,274.490099999995 -2.38772995731366,43.2927010389303,275.687399999995 -2.3879130186972,43.2926869570071,277.496100000004 -2.38811904551098,43.2926829338801,280.053400000004 -2.38828601357622,43.2926750550104,281.658200000005 -2.38836295877187,43.2926680143732,282.0 -2.38844795197415,43.2926470591878,282.971699999995 -2.3885530602523,43.2926170521135,283.650699999998 -2.38864794390585,43.2925870450244,284.328399999999 -2.38877601941086,43.2925230070103,285.668900000004 -2.3888779431613,43.2924319799369,286.978600000002 -2.38899294278903,43.2923659305124,288.3318 -2.38908497608822,43.292308933599,289.383700000006 -2.38921003415218,43.2922519366323,290.771500000003 -2.3893580585447,43.2921880663056,292.382199999993 -2.38950692106538,43.2921399544469,293.645199999999 -2.38965796289891,43.2920930155648,295.566900000005 -2.38981503961455,43.2920400422193,296.616200000004 -2.38994998812982,43.2919959534162,298.465500000006 -2.39014796873359,43.2919159901114,300.585699999996 -2.39025894570548,43.291867039793,301.331699999995 -2.39035097900464,43.2918110486986,301.914199999999 -2.39048894496093,43.2917409754105,303.598400000003 -2.39062406146112,43.291667047543,305.253700000001 -2.39076102130429,43.2915979803791,307.546799999996 -2.39112295253225,43.2914700728584,311.014999999999 -2.39133602034124,43.2913909477671,312.313200000004 -2.39138497043938,43.2913709984356,312.1057 -2.39142201875834,43.2913460202417,312.340700000001 -2.3914449850869,43.2913230539731,312.872900000002 -2.39145604873791,43.2913039435255,313.0 -2.39145604873792,43.2912890236802,313.0 -2.39145202518378,43.2912709188636,313.0 -2.39143693797856,43.2912600222316,313.183799999999 -2.39140894288105,43.2912539870725,313.337499999994 -2.39137893555731,43.2912529814305,313.843299999993 -2.3913609979977,43.2912519757885,314.154699999999 -2.39134507266436,43.2912549927144,314.395099999994 -2.39131003657166,43.2912819828825,314.673899999994 -2.391289081571,43.2913029372305,315.015499999994 -2.39126494114437,43.2913129956026,315.374899999995 -2.39122906692352,43.2913270771901,315.606899999999 -2.39119604215872,43.2913389794506,316.045400000003 -2.39114994151665,43.2913490378168,316.536300000007 -2.39110803241369,43.2913540673262,316.955400000006 -2.39101901655558,43.291360940073,317.224900000001 -2.39095397313911,43.2913679808616,317.818700000003 -2.39086193983994,43.2913760279431,318.453699999998 -2.39078801118701,43.2913859182607,319.419699999999 -2.39063093447138,43.2914010054708,320.579100000003 -2.39050704960716,43.291409052548,321.908500000005 -2.39036506009671,43.2913999998313,322.897299999997 -2.39023799070485,43.2913909477671,324.212100000004 -2.39013506084126,43.2913800511566,325.539000000004 -2.39003196389104,43.2913629520072,326.0 -2.38992501047332,43.2913430026665,327.111099999995 -2.38982895361999,43.2913250659086,327.498099999997 -2.38980498207664,43.2913160131794,327.696400000001 -2.38981101695871,43.291295058182,328.001199999999 -2.38983599461521,43.2912559990102,328.478499999997 -2.38987203682102,43.2912310207691,329.594400000002 -2.38991796947814,43.2912030249356,331.734500000006 -2.38995300646916,43.2911969904247,332.357499999998 -2.39003699266003,43.2911790529699,333.420800000007 -2.39010807095857,43.2911750297431,334.671100000007 -2.39015199228775,43.2911750297431,335.909 -2.39021301304836,43.2911780473267,337.732799999998 -2.39028492947505,43.2911830761964,339.089900000006 -2.3903209716809,43.2911840818395,339.375599999999 -2.39035500255881,43.291180058613,339.562300000005 -2.39039791777488,43.2911689945756,340.572499999995 -2.39046296119135,43.2911510571125,340.876600000003 -2.39056505292675,43.2911039513855,340.181700000001 -2.3906069620297,43.2910469539433,340.681400000001 -2.39064099290761,43.2909359778019,342.504000000001 -2.39065205655863,43.2908600376591,343.803599999999 -2.39061903179383,43.290771022012,343.967799999999 -2.39056605814153,43.2906810005833,342.951199999996 -2.39050906183339,43.2905879614086,341.831300000005 -2.39046396730446,43.2905130271393,341.236399999994 -2.39043496519551,43.2904230053287,341.014899999995 -2.39042608085734,43.2903299664132,340.612999999998 -2.39043999486279,43.2902379330142,340.906499999997 -2.3904679899603,43.2901710455547,339.621700000003 -2.39057293205009,43.2900379406383,338.009000000005 -2.39073302620677,43.2898719787097,338.143400000001 -2.3907809701918,43.289808946772,337.637799999997 -2.39079806962325,43.2896760097643,337.297999999995 -2.39082992118826,43.2896240425981,336.066099999996 -2.39081902462387,43.2895549750758,335.839900000006 -2.39079806962325,43.2894270678357,336.008100000006 -2.39078801118701,43.2893829784461,336.016000000003 -2.39080494263347,43.2892989922783,335.379799999995 -2.39087602093201,43.2892059529512,334.812399999995 -2.39097995690872,43.2890889413461,335.286200000002 -2.39112094030602,43.2889920470296,334.581900000005 -2.39117793751249,43.2889479579786,333.828200000004 -2.39119403083079,43.2889239857779,332.8848 -2.39118397239455,43.2888500571019,331.707699999999 -2.39118497850767,43.2887350574872,330.530100000004 -2.39118598372249,43.2886099994914,331.443100000004 -2.3911869898356,43.2885109256408,331.356100000005 -2.39118497850767,43.2884599638211,331.478700000007 -2.39116502962016,43.2883769827222,331.925000000003 -2.39111406729579,43.2882609771755,333.220100000006 -2.39108405997205,43.2881890603867,334.093200000003 -2.39107098409477,43.2881359188589,335.6342 -2.39104902387932,43.2880899865044,336.639500000005 -2.39101801044246,43.2879800158949,336.892699999997 -2.39100007378118,43.2878970347952,336.752500000002 -2.39098297434973,43.2878170713325,337.541200000007 -2.39098599179078,43.2877169917977,337.508499999996 -2.39099806155495,43.2876289818299,337.3269 -2.39100292323724,43.2875949514318,336.890599999999 -2.39100007378118,43.287514987572,337.0 -2.39100694679141,43.2874519558075,336.477400000003 -2.39101901655558,43.2873760158919,336.027799999996 -2.39104198288414,43.287342991059,336.0 -2.39105405264827,43.2872489463013,335.427899999995 -2.3910830538589,43.287202007568,335.0 -2.39114508073265,43.2871419932629,335.991200000004 -2.39120006571289,43.287117015294,336.0 -2.39125203325208,43.2870940487364,336.0 -2.39128706934477,43.2870799668228,336.0 -2.39132495579189,43.2870690707478,336.0 -2.39134993434668,43.287064041538,336.092900000003 -2.39146795141546,43.2871150032194,336.201199999996 -2.39161195225381,43.2871760239144,334.862899999993 -2.3917329867636,43.2872199448879,333.901700000002 -2.39195007812676,43.2872680567153,332.858699999997 -2.39212693664324,43.2873010815889,332.146099999998 -2.39224294238408,43.2873349447516,331.743700000006 -2.39235794201181,43.287391941749,331.217199999999 -2.39264007679143,43.2875750021631,328.112899999993 -2.39295607446398,43.287823944479,325.0 -2.39303603799898,43.2879300593274,324.848599999998 -2.39323100116173,43.2881790021519,323.998300000007 -2.3933679610049,43.2883360790009,324.312900000004 -2.3934209346572,43.2884359914281,324.126099999994 -2.39351397406948,43.2885930682674,323.515299999999 -2.39365998623577,43.2888569307856,321.081300000005 -2.39375000820704,43.2889370615843,319.4663 -2.39383701273725,43.2890130015126,317.324399999998 -2.39390792305083,43.2891010114396,315.424899999998 -2.39395905246186,43.289180975176,313.607900000003 -2.39400196857623,43.2892629501571,311.792199999996 -2.39408595476709,43.2893900194637,309.979800000001 -2.39422006515417,43.2894629418118,307.845799999996 -2.39429701124815,43.2894760181563,306.644 -2.39436993378796,43.2894800414954,305.3367 -2.39445894964611,43.2894800414954,303.901599999997 -2.39452198173464,43.2894730004883,303.348299999998 -2.39460596792551,43.2894560688505,302.775699999998 -2.39476304464115,43.2894139914807,299.951000000001 -2.39500897012827,43.2893259820066,294.975000000006 -2.39517392596725,43.2892770315653,293.041100000002 -2.39544298486956,43.2892170173458,290.933399999994 -2.3956369419192,43.2892139996649,289.047099999996 -2.39569192779773,43.2892210400482,287.993000000002 -2.39581195619444,43.289247024136,287.332500000004 -2.39597003902319,43.2892770315653,285.164099999995 -2.39606307843547,43.2892969802758,284.244200000001 -2.3962699433774,43.2893439193541,282.387000000002 -2.39643305497514,43.2893900194637,281.405799999993 -2.39664897313849,43.2894560688505,279.216499999995 -2.39682599874167,43.2895199387768,278.415800000002 -2.39700000690376,43.2895859886765,278.0 -2.39707695299774,43.2895890056851,278.055099999998 -2.39713596153211,43.2895910176779,278.631399999998 -2.39723101227233,43.2895759300187,278.856400000004 -2.3973570764494,43.2895559813997,275.433600000004 -2.39754097506281,43.2895179274356,272.194199999998 -2.39773208265635,43.2894830585092,268.108300000007 -2.39788396261808,43.2894560688505,266.265599999999 -2.39800298579994,43.289439975486,264.708400000003 -2.39812502642288,43.2894290791799,262.986300000004 -2.3982400260506,43.2894260615096,261.201400000005 -2.39835401956521,43.2894210324947,259.791400000002 -2.39843498921336,43.2894220381669,259.150899999993 -2.39846902009127,43.2894290791799,258.626099999994 -2.39850606751189,43.2894369584702,258.455400000006 -2.39861302092962,43.2894730004883,258.509099999996 -2.39875501044004,43.2895219507719,257.127299999993 -2.39882592075362,43.2895610104035,255.735499999995 -2.39887604494986,43.2896039259473,255.563599999994 -2.3988980051653,43.2896329268779,255.348100000003 -2.39894092038137,43.2897170812856,253.833199999994 -2.39899305590552,43.2898109587575,252.002299999993 -2.39906094967635,43.2899259582997,249.523400000005 -2.39910000932324,43.2899640120085,248.728400000007 -2.39913605152905,43.2899869787903,248.405100000004 -2.39919103650929,43.2900079335844,248.696800000005 -2.39927401748534,43.2900220148202,247.550399999993 -2.39932296758347,43.290025032461,247.489100000006 -2.39937795346204,43.290030061426,247.368900000001 -2.39948105041223,43.2900359293142,245.833100000003 -2.39957291662477,43.2900439759181,243.121400000004 -2.39966394381081,43.2900429696023,242.434999999998 -2.39977207042831,43.2900409582783,240.405400000003 -2.39985303917813,43.2900330790663,239.179099999994 -2.39992093294899,43.2900270444394,238.599700000006 -2.40001196013504,43.2900179915169,237.7258 -2.40005806077711,43.2900179915169,237.731199999995 -2.40010097599318,43.2900260381232,237.557499999995 -2.40014506530733,43.2900399526162,237.373300000007 -2.40021698173403,43.2900649306926,237.350099999996 -2.40028705481778,43.2900840408757,237.518599999996 -2.40035897124448,43.290109018934,236.488899999997 -2.40041194489678,43.2901170655282,236.492499999993 -2.40057991817681,43.2901380202776,235.708899999998 -2.40074403588763,43.2901410379126,235.362599999993 -2.40088200184391,43.2901390265919,236.755999999994 -2.4010360611185,43.2901190775036,236.9764 -2.40124393217358,43.2900540338446,235.6967 -2.40150293353799,43.289994019738,235.0 -2.4015280791794,43.289994019738,235.0 -2.40154903418003,43.2899930134212,235.0 -2.40156596562652,43.2899899964328,235.0 -2.40158691972882,43.2899839611477,235.0 -2.40161106015545,43.289972058622,235.0 -2.40169806378737,43.2899340049182,234.347599999994 -2.40180401109197,43.2898909222144,234.480800000005 -2.40192806304282,43.2898419715739,233.194099999993 -2.40204507489677,43.2897900038955,231.993199999997 -2.40210793900035,43.2897660320267,231.553899999999 -2.40220600718162,43.2897330071835,230.181200000006 -2.40227306282432,43.2897150699509,229.589200000002 -2.40237398046165,43.2896939476625,227.8851 -2.40246299631979,43.2896750040963,226.986000000004 -2.40250507340767,43.2896699751019,226.475099999996 -2.40257397329165,43.2896639404389,226.112500000003 -2.40264605770334,43.289659078837,225.006399999998 -2.40270892180692,43.2896560611781,223.833700000003 -2.4027689364544,43.2896599171119,223.016900000002 -2.40279994899296,43.2896669574435,222.590599999996 -2.40285191653215,43.289683050748,221.335800000001 -2.40290304684148,43.2897009879902,220.611300000004 -2.40293892106237,43.2897150699509,220.301000000007 -2.40301402291507,43.289761002386,219.028999999995 -2.40307906633151,43.2898049234546,216.891600000003 -2.40312902254279,43.2898480068731,215.3079 -2.40318300230821,43.2898909222144,214.199900000007 -2.40322792885219,43.2899329992544,212.525899999993 -2.40325307449364,43.2899549597306,212.114400000006 -2.4032700059401,43.2899760819283,211.672699999996 -2.40327704693531,43.2899899964328,211.166800000006 -2.40328006437633,43.2900020663474,210.797399999996 -2.40328308181738,43.2900119568884,210.476999999999 -2.40328107048945,43.290031067742,210.111499999999 -2.40327704693531,43.2900629187155,209.524000000005 -2.40326195973009,43.2901110309096,208.875499999995 -2.4032490518378,43.2901470731822,208.454299999998 -2.40320093896949,43.290241956303,206.961899999995 -2.4031960781855,43.290269951925,206.967600000004 -2.40319507207235,43.2903049877918,206.7212 -2.40319406595923,43.2903480708561,205.787599999996 -2.40319406595923,43.2903859575633,205.013600000006 -2.40320496252366,43.2904230053287,204.623500000002 -2.40323295851947,43.2904779907384,203.357799999998 -2.40326497717115,43.2905309641367,202.468699999998 -2.40327503560738,43.290543033944,202.146099999998 -2.40329096094072,43.2905619772398,201.995299999995 -2.40331208302801,43.2905790766144,202.0 -2.40333605546968,43.2905929903271,201.553400000004 -2.40336304535241,43.2906040544694,201.151299999998 -2.40339204656304,43.2906109273009,200.987500000003 -2.40342205388678,43.2906139449125,200.916100000002 -2.40345306732364,43.2906139449125,200.653999999995 -2.40348307374909,43.2906099216483,200.260699999999 -2.40351207585804,43.2906030488167,200.0 -2.40434406313484,43.2903970210894,199.153399999996 -2.40437691991468,43.2903929978109,198.903300000005 -2.40440994467944,43.2903909864985,198.951799999995 -2.40444296944423,43.290394004121,198.917700000005 -2.40447498899424,43.2903990330555,198.952000000005 -2.40450901897382,43.2904060739554,199.0 -2.40454304985173,43.2904089235319,199.0 -2.4045779179595,43.2904089235319,199.0 -2.40461295495053,43.2904060739554,198.992499999993 -2.40465201459739,43.2903909864985,198.986799999999 -2.40468906201802,43.2903730494598,199.286699999997 -2.40489006006284,43.2902890626975,200.0 -2.40493599361826,43.2902610670843,200.0 -2.40500606580368,43.2902040701599,201.0 -2.40526707849602,43.2900610747845,202.579299999998 -2.40535106468685,43.2899849668106,202.915900000007 -2.40549406031042,43.2898790196706,203.128700000001 -2.40567008069878,43.2897680433598,203.066500000001 -2.40572992736131,43.2897380361727,203.598800000007 -2.40579195333673,43.2897070233034,203.290900000007 -2.40582900165569,43.2896850627377,203.288499999995 -2.4058759395276,43.2896449968634,203.0 -2.40604307467947,43.2894550631789,200.994699999996 -2.40618204674887,43.2892929569246,201.0 -2.40632101881827,43.2890530671494,199.631399999998 -2.40636007846513,43.2889950640676,199.844700000001 -2.40672301490791,43.2887020327382,199.990699999995 -2.40680398455602,43.2886390008959,199.25 -2.40688294197794,43.2885739576158,199.0 -2.40697598049192,43.2884589574791,198.946599999996 -2.40711294123339,43.2883469755028,198.0 -2.40739406989986,43.2881739730338,198.633900000001 -2.40760194095495,43.2880460655052,199.0 -2.40778600755327,43.2879050816821,199.0 -2.40784602220079,43.287850934208,199.0 -2.40787602952454,43.2878299799785,199.0 -2.40792799706372,43.2878050016382,198.684500000003 -2.40795297561852,43.2877919255884,198.0769 -2.40802908358434,43.2877639301336,198.281700000007 -2.40806998657414,43.2877500164277,197.926200000002 -2.40810602877999,43.2877389524201,197.513900000005 -2.40815196143711,43.287732079264,197.560200000007 -2.40830199805586,43.2877280558093,197.453599999993 -2.40846594778172,43.2877139740425,197.146200000003 -2.40862403061047,43.2876750819315,195.400800000003 -2.40883206965048,43.2876269697722,194.300600000002 -2.40906894191618,43.2875800313307,194.145699999994 -2.40915896388745,43.287559076354,194.3992 -2.40922702474494,43.2875429831414,194.473499999993 -2.40926792863307,43.2875349368605,194.111799999999 -2.4093029647258,43.2875300750885,194.0 -2.40936096714705,43.287531080792,194.604699999996 -2.40945199523143,43.2875399660314,195.502999999997 -2.40959297862877,43.2875580706509,196.861900000004 -2.40970194337439,43.287582042736,198.092399999994 -2.4097609519088,43.2875959571343,198.352100000004 -2.40982096655628,43.2876060154656,198.523000000001 -2.40988198641859,43.2876120503328,197.978300000002 -2.40994300717922,43.2876140617371,197.733399999997 -2.40999195727736,43.2876130560349,197.705400000006 -2.4101240563365,43.2876120503328,197.668000000005 -2.4102549812976,43.2876029977048,196.3851 -2.41038406291573,43.2875850604978,196.038700000005 -2.41041507545429,43.2875800313307,195.846900000004 -2.41048699277929,43.2875639381237,195.115600000005 -2.41055605974992,43.2875439894986,195.2114 -2.41062294650934,43.2875190110409,194.623500000002 -2.41068698471099,43.2874900097563,194.987800000003 -2.41071095715267,43.2874779399971,194.810800000007 -2.41072202080372,43.2874739165255,194.681599999996 -2.4108009782256,43.2874479323342,194.9614 -2.41088295398686,43.2874269779658,195.0 -2.41096694017773,43.2874120578235,195.083400000003 -2.41105293859482,43.2874019994601,196.0 -2.41113893701189,43.2873979766374,195.912299999996 -2.41154596187052,43.2873729981198,197.202099999995 -2.41195499895534,43.2873460088326,198.365600000005 -2.4121249835633,43.2873480202457,198.935100000002 -2.4124439995752,43.2873740044798,200.0 -2.41254692854046,43.2873820507819,200.717499999999 -2.41263108361458,43.2873850685537,200.877999999997 -2.41267098138963,43.2873840621939,201.0 -2.41268992416403,43.2873840621939,201.0 -2.41271205236439,43.287378027304,201.0 -2.41274306580129,43.2873669632288,201.571100000001 -2.41281397611487,43.2873439967655,202.593099999998 -2.41309694902262,43.287226985502,206.409299999999 -2.41342803479868,43.2870870081069,208.176000000007 -2.41377102235395,43.2869560824615,210.295599999998 -2.41398006660878,43.2868729338716,211.188699999999 -2.41429304684027,43.286750055459,211.929900000003 -2.41449505099821,43.2866610396821,212.181200000006 -2.41462295851826,43.2865970019676,213.453800000003 -2.41481892779413,43.2864860255538,213.877200000003 -2.4149719809556,43.2863750489376,215.551900000006 -2.41511698790707,43.2862600492209,217.313899999994 -2.41524204597103,43.2861569519075,217.507100000003 -2.41530792751566,43.2861130308204,217.585399999996 -2.41543700913378,43.2860689416443,217.4663 -2.41555904975669,43.2860240147652,218.460500000001 -2.41565007694277,43.285983949095,217.838699999993 -2.41574898325216,43.2859410342666,218.169299999994 -2.41587404131612,43.2858820251021,219.386199999994 -2.41596607461532,43.2858409542609,219.335399999996 -2.41608694203848,43.2858059177844,219.127299999993 -2.41617998145077,43.2857779220695,219.0193 -2.41625692664641,43.2857559613931,218.780299999999 -2.41628207228787,43.285747076547,218.373699999996 -2.41632096484807,43.2857289720424,217.965100000001 -2.41634191984873,43.285717069338,218.052800000005 -2.41637796205454,43.2856929297675,217.826100000006 -2.4164250679114,43.285660072733,217.498999999996 -2.41646295435852,43.2856389503444,217.333799999993 -2.41650201400538,43.2856260418874,217.139599999995 -2.41655096410355,43.2856129660231,217.014599999995 -2.41659203507831,43.2856049194869,216.777499999997 -2.41664500873062,43.285599052479,216.785199999998 -2.41669597105502,43.2855950288832,216.880300000004 -2.41680594191379,43.2855879880802,217.147500000006 -2.41691507374607,43.2855879880802,217.184599999993 -2.4170300733738,43.285585976609,217.269700000004 -2.41709293837571,43.2855809472765,218.053400000004 -2.41715194691008,43.2855759185976,218.611099999995 -2.41719502921278,43.2855710566689,218.963900000002 -2.41722403132174,43.2855630101272,219.035699999993 -2.41725001509135,43.2855549635844,218.949500000002 -2.41729293030742,43.2855400436367,219.338399999993 -2.41750298067536,43.285457063132,219.658299999996 -2.41769593251018,43.2853890018483,221.125199999995 -2.41808602592228,43.2852639441664,222.782500000001 -2.41831200162359,43.2851980622105,222.880099999995 -2.41847293480674,43.2851569909075,223.826400000005 -2.41874400503698,43.2851269834075,225.507599999997 -2.41890896087596,43.285118936807,227.0 -2.41896394675453,43.2851140754958,227.0285 -2.41902496661683,43.2851030116627,228.143500000006 -2.41916494479935,43.285073004136,228.282000000007 -2.41923602309789,43.2850609338972,228.106899999999 -2.41926100075435,43.2850609338972,228.103499999997 -2.41938404749041,43.2850679747612,228.744500000001 -2.41942897403438,43.2850750156243,228.739100000006 -2.41947792503084,43.2850840679746,228.9234 -2.41951698467771,43.2850929529175,229.370899999994 -2.41959594209962,43.2851150812392,230.167700000005 -2.41971999405046,43.2851529672824,231.093999999997 -2.41975402492837,43.2851620196211,230.979900000006 -2.41980599246756,43.2851749281766,232.120500000005 -2.41984907566859,43.2851869977388,232.842399999994 -2.41989903187984,43.285204934999,232.928100000005 -2.41994999330591,43.2852260575384,233.088900000002 -2.42000095563028,43.285240977563,233.9954 -2.42002392195884,43.2852470126649,234.250400000004 -2.42005107892819,43.2852510356298,234.605299999996 -2.42018099867448,43.2852669613893,236.018100000001 -2.42021804699344,43.2852679671302,236.502299999993 -2.42033606406221,43.2852709843529,237.651400000002 -2.42046799513639,43.2852709843529,238.977199999994 -2.42057897120999,43.2852689728711,240.153699999995 -2.42068408038644,43.2852619320304,240.728900000002 -2.42079103380416,43.2852619320304,242.269899999999 -2.42086697378502,43.2852619320304,242.736000000004 -2.42095196608897,43.2852709843529,244.326700000005 -2.42109395559942,43.2852810430686,246.664699999994 -2.42123007731443,43.2852929452044,248.045599999998 -2.42124902098712,43.2852949566854,248.117800000007 -2.42129193620319,43.2852909337234,248.306100000002 -2.42132395485487,43.2852840602907,248.870500000005 -2.42136402061485,43.2852679671302,249.683499999999 -2.42140006282069,43.2852540535073,250.579299999998 -2.42148304379674,43.2852339367191,251.908200000005 -2.42160491643472,43.285218010951,252.0 -2.42177004025866,43.2851950443303,252.6731 -2.42181899035683,43.2851900156195,252.698499999999 -2.42194304230767,43.2851579966502,254.678400000004 -2.42201395351955,43.2851390536332,255.818799999994 -2.42212006791082,43.2851140754958,256.174199999994 -2.42218192679958,43.285055066837,257.491800000003 -2.42222903265644,43.2850150011825,258.390499999994 -2.42226792521667,43.2849809706299,259.889599999995 -2.4223170432998,43.284941072987,261.448199999999 -2.42245098570192,43.2848319409114,264.477799999993 -2.42249608023085,43.2847880195215,265.291800000006 -2.42254301900108,43.2847259932968,266.772200000007 -2.42257704987899,43.2846470359944,268.598800000007 -2.42259297521234,43.2845779687061,270.155199999994 -2.42260403886339,43.284507057894,271.690100000007 -2.42260806241756,43.284452072972,272.859599999996 -2.42261493542778,43.2844110011653,273.667400000006 -2.42262499386401,43.2843699299848,274.678199999995 -2.4226930547215,43.2841219936799,278.598599999998 -2.42271099228111,43.2840339830883,279.394899999999 -2.4227359708359,43.2839499967282,279.792799999996 -2.42277804792382,43.2838509224809,280.260999999999 -2.42278592704716,43.28379291967,280.819199999998 -2.42280201946716,43.2837580513854,281.0 -2.42279900202614,43.2836760761789,282.0 -2.4227710069286,43.2835790136772,282.417000000001 -2.4227629598203,43.283539954128,282.646800000002 -2.42276396593342,43.2834990504237,283.063899999994 -2.42280000813926,43.2833679574925,284.000700000004 -2.42282599190884,43.2831760116213,285.247600000002 -2.4228159334726,43.2830920253846,285.638300000006 -2.42283303290405,43.2829570765257,288.080499999996 -2.42284996435051,43.2828350357656,290.875499999995 -2.42286605766881,43.2827059549319,293.729300000006 -2.42289606499259,43.2825830759496,296.459499999997 -2.42292305487528,43.2825339579005,297.460800000001 -2.42295792298305,43.2824119175995,299.910000000003 -2.42298306862447,43.2823740311571,300.108800000002 -2.42300603495303,43.2822940676278,302.325899999996 -2.42302900217989,43.2822239951467,302.327999999994 -2.42304593362638,43.2821520784141,303.638999999996 -2.42306202694468,43.2820940759454,304.611499999999 -2.4230980682522,43.2819710296205,306.610199999996 -2.4231240529201,43.2818830191869,307.152499999997 -2.42315406024385,43.2817180636965,309.368799999997 -2.42319094057785,43.2816429615479,310.613100000002 -2.42319999290097,43.2815909940583,311.239199999996 -2.42320904522409,43.2815489164796,311.6783 -2.4232209470033,43.2815120366108,312.171199999997 -2.42322295922953,43.2814719705848,312.707699999999 -2.4232289941116,43.2814119565123,313.364700000006 -2.42322698278369,43.2813849665423,313.416100000002 -2.42321306877825,43.2813130501259,314.5383 -2.4231939580189,43.281254041704,315.2981 -2.42310896481659,43.2810359439714,318.0 -2.42308096971908,43.2808870818159,321.233300000007 -2.4230710792678,43.2807749315621,322.044399999999 -2.4230759400518,43.2807110616092,323.160300000003 -2.42308197583219,43.2806510474402,324.409599999999 -2.4230759400518,43.2805980739392,325.585500000001 -2.42307493483701,43.2805640428778,326.3413 -2.42308096971908,43.2805320240897,327.0 -2.42309505081115,43.2805149251606,327.0 -2.42311701192492,43.2805090576619,327.0 -2.42313897214037,43.2805090576619,327.130499999999 -2.42317199690513,43.2805159309801,327.880999999994 -2.42319094057785,43.2805239775354,328.155499999993 -2.42321407399304,43.2805459381387,328.774300000005 -2.42337500717621,43.2807289988812,331.931800000006 -2.42342194504812,43.2807710763731,332.590899999996 -2.42346402213603,43.2807849903673,333.591199999995 -2.42349402945977,43.280794042702,334.137000000002 -2.42354901533831,43.2808069508763,334.780899999998 -2.42361204742685,43.2808260613521,334.839800000002 -2.4236539565298,43.2808399753338,335.490699999995 -2.42367692285836,43.2808490276603,335.864700000006 -2.42369100484876,43.2808580799854,336.106100000005 -2.42370106238666,43.2808639474505,336.323399999994 -2.42370592406899,43.2808820527489,336.562099999996 -2.42367407340227,43.2809559806453,337.015700000004 -2.42366300885292,43.2810280655549,337.966400000005 -2.42367306728915,43.2811170810729,338.706000000006 -2.42368496996666,43.2811539611811,339.096999999994 -2.42374900727001,43.2812359365162,340.233699999997 -2.42380600447648,43.2813080210941,341.109700000001 -2.42383299435918,43.2813340046384,341.930999999997 -2.42385596068774,43.281350935921,341.824500000002 -2.42389099678047,43.2813710526853,342.843999999997 -2.42391295699588,43.2813849665423,343.090400000001 -2.42393407998149,43.2813970368565,343.065400000007 -2.42395302275589,43.2814079332935,343.257599999997 -2.4239749829713,43.2814210087537,343.664099999995 -2.42399895541297,43.2814349225993,344.216799999995 -2.42402493918258,43.2814500103158,344.604099999997 -2.4240400272861,43.2814590625515,344.850300000006 -2.42405192906528,43.2814679473699,345.061600000001 -2.42406601105568,43.2814830350782,345.286800000002 -2.4240809302759,43.281502983729,345.921499999997 -2.42408797127112,43.2815209214214,346.436199999996 -2.42408495383007,43.2815680273762,346.596000000005 -2.42408294250217,43.2815970288683,347.335099999997 -2.424078918948,43.2817120288985,350.084300000002 -2.42406902849673,43.2817519266972,350.662800000006 -2.42406802238361,43.2818949219875,352.742599999998 -2.42406802238361,43.2819579536246,352.761899999998 -2.42409199482529,43.2821710217073,355.558300000004 -2.42411496115381,43.2823130108768,357.591 -2.42414396236447,43.2824560061562,358.204700000002 -2.42419391857573,43.2825279231835,359.869300000006 -2.42427405009568,43.2826280027541,360.699600000007 -2.42429802163906,43.282664044883,361.627200000003 -2.4243119356445,43.2826920407231,361.999599999996 -2.42432400540864,43.2827220481162,362.146699999998 -2.42433607607114,43.2827379732298,362.579700000002 -2.42436205984071,43.2827709979471,363.553400000004 -2.42438603228239,43.2828090522085,363.967499999999 -2.42441704482095,43.282840065325,364.179499999998 -2.42443598849364,43.282854984627,364.489199999996 -2.4244589548222,43.2828660488689,364.863500000007 -2.42449600224283,43.2828729219208,365.0 -2.42455702300347,43.2828809688184,365.4571 -2.42459993821954,43.2828829803791,366.001000000004 -2.42463598042535,43.2828829803791,366.007700000002 -2.42468107495431,43.2828759399162,366.171799999996 -2.42476506114518,43.2828610199655,366.512600000002 -2.42482407057784,43.282843921037,366.899000000005 -2.42487804944497,43.2828249779533,367.4372 -2.4249390702056,43.2827859179199,367.558099999995 -2.42500092819607,43.2827470259279,368.051000000007 -2.42505406983333,43.2826970696404,368.280499999993 -2.42512196270586,43.2826209622617,369.299799999993 -2.4251499587017,43.2825830759496,369.686900000001 -2.42518600090751,43.2825180320795,370.177599999995 -2.425202932354,43.2824690820452,371.033299999996 -2.42522304832814,43.2824050444955,371.558699999994 -2.4252520504371,43.2822950740718,373.048599999995 -2.42527099321149,43.2822429384175,373.352100000004 -2.42529697698107,43.2821879527571,374.0 -2.42535296807442,43.2821029606711,374.415299999993 -2.42539705738856,43.2820610508607,375.013000000006 -2.42548406102048,43.2819929897014,375.826100000006 -2.42560107287444,43.2819329754889,377.020099999994 -2.42572898039449,43.2818830191869,378.896399999998 -2.42575898771823,43.2818749728113,379.4329 -2.42581900236572,43.2818679322318,379.6875 -2.42589293012035,43.2818499946416,381.167700000005 -2.42594204820344,43.2818439598567,382.059999999998 -2.42597507296824,43.2818419482617,382.282000000007 -2.42600508029198,43.2818409424641,382.307700000005 -2.42603207017471,43.2818310519024,382.6535 -2.42613298781203,43.2817899802881,384.453899999993 -2.42633800941102,43.2816830274612,385.974300000002 -2.42643205493642,43.2816220071419,387.285399999993 -2.42655493278919,43.2815390258704,388.771500000003 -2.42667797952524,43.2814659357624,390.522400000002 -2.4267500639369,43.281412962317,391.811700000006 -2.42682097514881,43.2813450691569,393.412299999996 -2.42685701735462,43.2813080210941,394.239199999996 -2.42686305223672,43.2812760020437,394.951100000006 -2.42685500512839,43.2812439829763,395.661300000007 -2.42683304491294,43.2812200110094,396.191300000006 -2.42679800882025,43.2812020738822,396.585800000001 -2.42672994706443,43.2811930209543,396.8986 -2.42664294343255,43.281201068074,397.562000000005 -2.42658795755398,43.2812109587381,397.365099999995 -2.42643205493642,43.2812439829763,397.755699999994 -2.42628000698977,43.2812790194644,397.968999999997 -2.42617607101306,43.2812959507623,398.431500000006 -2.4261019752735,43.2812979623755,398.822700000004 -2.42603408150264,43.2812880717255,399.483200000002 -2.42597205552722,43.2812649381666,400.097599999994 -2.42594204820344,43.2812449887838,400.537299999996 -2.42591807576177,43.2812049232359,401.424499999994 -2.42591807576177,43.2811769280195,402.046300000002 -2.42594305431656,43.2811499379452,402.6486 -2.42605201906222,43.2811070229766,403.273499999996 -2.42617003613099,43.2810649457171,404.0 -2.42621596878811,43.2810419794904,404.076799999995 -2.42627095466665,43.2810039254317,404.928199999995 -2.42635091730335,43.28094491671,406.0 -2.42645502126498,43.2808760178681,406.989400000006 -2.4265780671027,43.2807990717762,409.512300000002 -2.4266560193098,43.2807509594104,411.589600000007 -2.4268010262613,43.280704020895,413.486000000004 -2.42694100354549,43.2807060325277,414.501600000003 -2.427089027938,43.2807410686716,416.963499999998 -2.42730997487034,43.2808089625056,419.187300000005 -2.4274799603766,43.2808989841574,421.209199999998 -2.42772001806831,43.2810129777338,424.385999999999 -2.42783099414187,43.2810979706885,426.319900000002 -2.42796108097478,43.2811809512536,428.160499999998 -2.42810206527041,43.2812699672019,428.795400000003 -2.42836207184964,43.2813519417267,428.430999999997 -2.42845594849178,43.2813819491269,428.774900000004 -2.42854496434989,43.2814049158792,428.959600000002 -2.42850104302071,43.2813279698023,429.0 -2.42845008159464,43.2812379481314,430.972599999994 -2.42841906815778,43.2811789396366,431.375599999999 -2.42840297483948,43.2811199310846,432.0 -2.42830993632549,43.2809489399594,434.376199999999 -2.42828696999693,43.2809209446252,434.9954 -2.42824908354982,43.2808760178681,435.0 -2.42818001657921,43.2807980659614,436.712799999994 -2.42812100804484,43.2807420744873,437.034299999999 -2.42804892363315,43.2806760254481,438.408899999995 -2.42799192642671,43.2806059524114,439.145199999999 -2.42790693412273,43.2804840795854,441.549199999994 -2.42781791826459,43.2803499692307,444.008799999996 -2.42773493728854,43.2801870251575,447.090599999996 -2.42767492353935,43.280089962975,448.758300000001 -2.42764692754351,43.2800450356042,450.214200000002 -2.42761792633288,43.2800120107153,451.034 -2.42756294045435,43.2799719456634,452.202300000004 -2.42752203746451,43.2799199774005,453.880900000004 -2.42743302160639,43.2798249271079,456.339800000002 -2.42736596596369,43.2797209915946,458.190799999997 -2.42729002598283,43.2796100150629,460.694099999993 -2.42725096633596,43.2795890599567,461.639999999999 -2.42711098905175,43.2794589729391,465.0 -2.42702499063465,43.2793689511188,467.030599999998 -2.42695793499198,43.2793119544521,468.637700000007 -2.42686808100567,43.2792509343706,470.566500000001 -2.42683907979505,43.2792180771267,471.046300000002 -2.42683002747193,43.2791870641258,471.222099999999 -2.42683002747193,43.2791520277411,471.322199999995 -2.42684997635944,43.2790740762417,472.0 -2.42688702378007,43.2789570647668,474.0 -2.42691703110381,43.2788459207266,474.802899999995 -2.42698593098779,43.2786839823991,477.304399999994 -2.42707092329177,43.2785170150323,480.6685 -2.42712104658968,43.2784279989802,482.381599999993 -2.42718106123717,43.2783430062198,483.784799999994 -2.42724493145386,43.2782729337661,485.016600000003 -2.4273139984245,43.2781929700787,485.997600000002 -2.42737602439992,43.2781190420952,486.717600000004 -2.42743100938016,43.2780340495571,487.679000000004 -2.42747593682246,43.2779400047965,489.044699999999 -2.42750493803309,43.2778570237352,490.433000000005 -2.42751700779723,43.2778080732208,490.602899999998 -2.42752002523827,43.2777480588044,491.533200000005 -2.42752203746451,43.2776580370687,492.225000000006 -2.42753494535683,43.2774870466786,493.257100000003 -2.42756595879369,43.2773750641251,493.555300000007 -2.42756998144956,43.2772719667966,493.505699999994 -2.4275550622293,43.2771140517073,492.893100000001 -2.42749102402765,43.276895954831,493.5389 -2.4274410678164,43.2767360276561,493.679300000003 -2.42735406418448,43.2764639516712,494.265199999994 -2.42729907830594,43.2763340319426,495.078899999993 -2.42725901344426,43.2761980772457,494.873099999997 -2.42720201623779,43.2760780484479,495.369300000006 -2.42716999758615,43.2759640547821,495.391699999993 -2.42713999026237,43.2759189602037,495.713000000003 -2.42707192940488,43.2757830058876,495.832699999999 -2.42695994631988,43.2755449595292,495.499400000001 -2.42694402098654,43.2754859507455,494.964000000007 -2.42689507088837,43.2754120227432,495.690300000002 -2.42683405012776,43.2753250185377,495.713499999998 -2.42678996171192,43.2752460608071,495.599799999996 -2.42670698073587,43.2751199972959,495.838499999998 -2.42660405087231,43.274980019513,496.657000000007 -2.42650799491728,43.274893015344,497.747799999997 -2.42636801673476,43.2747770095917,498.147899999996 -2.42625704066121,43.2746789413656,498.330400000006 -2.42615293669954,43.2745560625227,497.788700000005 -2.42609392816517,43.2745039274314,497.602899999998 -2.42597691720951,43.274450953811,497.557799999995 -2.42584699746323,43.2744020031727,498.389599999995 -2.42578899504197,43.2743830600768,498.070699999997 -2.42568908261944,43.2743580821017,498.777000000002 -2.4255380407859,43.2743299189156,498.848100000003 -2.42543393772257,43.2743170106752,498.643299999996 -2.42529496565317,43.2743000793974,498.282800000001 -2.42517694858439,43.2742839859475,496.938500000004 -2.4250129979602,43.274252973048,496.929600000003 -2.42491392456415,43.2742330239824,496.683999999994 -2.42474393905789,43.2742149193216,496.905700000003 -2.42447303591427,43.2741810560503,496.461899999995 -2.42425795677738,43.2741679803424,496.464600000007 -2.42402192174153,43.274160939525,495.669200000004 -2.42371397117729,43.2741740152345,495.470000000001 -2.42346603436226,43.2741939643195,494.260599999994 -2.42319798067474,43.2742040229045,494.412200000006 -2.42293395143968,43.2742060340981,494.457999999999 -2.42285097046363,43.2742050281743,494.444900000002 -2.42279497937027,43.274201005133,494.530700000003 -2.42273395860967,43.2741879294293,494.156499999997 -2.42265097763363,43.2741599336005,493.842999999993 -2.42256296788859,43.2741240591025,493.678799999994 -2.42242902548647,43.274071923641,492.763900000005 -2.42226306353435,43.2740060419923,491.182400000005 -2.42212895314727,43.2739480396065,489.257199999993 -2.42201596484748,43.2739049560458,488.115600000005 -2.42191001754288,43.2738749488823,487.438299999994 -2.42183005400785,43.273848965423,486.937000000005 -2.42175897570931,43.2738390748703,486.439299999998 -2.42167700084638,43.273829016225,486.074900000007 -2.4215670299876,43.273811078881,485.0 -2.4214729853605,43.2737899563028,484.390100000004 -2.42139805149276,43.2737629668761,485.0 -2.42137005549695,43.2737460354441,485.0 -2.42137692850717,43.2737190459979,484.918099999995 -2.42139402793862,43.2737009405302,484.5766 -2.42140995327197,43.2736759629292,484.024999999994 -2.4214280579182,43.2736290241883,484.0 -2.42143392571364,43.2735939878735,484.0 -2.42143392571364,43.2735510721539,484.0 -2.42142504047715,43.2734890462461,484.0 -2.4214119645999,43.2734370783328,484.028999999995 -2.42138799305652,43.2733950016557,484.262300000002 -2.42135999706071,43.2733450448841,483.511299999998 -2.42134507784045,43.2732840247053,483.159899999999 -2.42132998973697,43.2732330632109,482.418300000005 -2.42132898452215,43.273200038549,482.121199999994 -2.42133099585009,43.2731509201198,482.0 -2.42133703073215,43.2730840328398,481.214600000007 -2.42132294964008,43.2730119483296,480.117100000003 -2.42126394020738,43.2728669412009,478.422099999996 -2.42124097387882,43.2728169853039,477.695500000002 -2.42122102499131,43.2727730643971,477.052800000005 -2.42118598889858,43.2727019854672,476.200800000006 -2.42114994669277,43.2726359362033,475.722299999994 -2.42111893415421,43.2725499379044,474.990399999995 -2.42111206024566,43.2724379554222,474.099900000001 -2.42111004891772,43.2722909369772,473.210399999996 -2.42111004891772,43.2721509592277,472.253500000006 -2.4211340213594,43.271912075186,469.774399999995 -2.42114106235461,43.271808977759,469.094700000001 -2.42115899901589,43.2717020243936,468.401400000002 -2.42117995401652,43.271555006133,466.960200000001 -2.4212010761038,43.2714510702294,465.757100000003 -2.42122404243233,43.2713739565485,464.947499999995 -2.42124801487401,43.2712700209898,464.046199999997 -2.4212810396388,43.2711850286968,463.500199999995 -2.4213400481732,43.2710279520413,461.566600000006 -2.42138497561551,43.2708839507426,460.740900000004 -2.4214649382522,43.2706370197528,457.811000000002 -2.42148706645257,43.2705649356147,457.251699999993 -2.42154506977216,43.2704330044016,455.392800000001 -2.42156501865967,43.2703850597889,455.032000000007 -2.42159603119823,43.2703389596673,454.517999999996 -2.42166392496909,43.2702450822346,453.430500000002 -2.42173802070868,43.270142990591,452.243600000002 -2.42176702281764,43.2701049369111,451.778699999995 -2.42180105279722,43.2700569920399,451.366699999999 -2.42181697902889,43.2700279909344,450.979699999996 -2.42182904879306,43.2700010011475,450.788 -2.42183508367513,43.2699850753165,450.574999999997 -2.42183592180329,43.2699679766941,450.307000000001 -2.42183592180329,43.2699500388663,450.035699999993 -2.42183508367513,43.2699210377097,449.647599999997 -2.42183508367513,43.2698870072177,449.168999999994 -2.42182904879306,43.2698499593735,448.673299999995 -2.42183106012096,43.269819952173,448.127900000007 -2.42183005400785,43.2697830717361,448.0 -2.42183793313122,43.2697379771562,448.658200000005 -2.4219470658618,43.2696320294213,448.952799999999 -2.42197606707243,43.2695899527299,449.426399999997 -2.42199702207309,43.2695450254556,449.258499999996 -2.42200892385227,43.2694989253519,448.945699999997 -2.4220109360785,43.2694519866599,449.920199999993 -2.42202904072477,43.2693780578686,449.881800000003 -2.42205200705329,43.2693319576384,449.680800000002 -2.42214001679832,43.2691919796244,448.0 -2.42218192679958,43.2690880442641,447.401800000007 -2.42221897511854,43.2689649978019,446.0 -2.42225501642605,43.2688900637156,445.134999999995 -2.42229005341707,43.2688429571034,445.264999999999 -2.42236699951105,43.268777075681,444.2448 -2.42241896705024,43.2686900711474,443.414699999994 -2.4224689232615,43.2685380240275,441.627200000003 -2.42250295324111,43.2683960341103,441.096699999995 -2.42250999423629,43.2683150651593,440.652100000007 -2.42250999423629,43.2683070182976,440.475900000005 -2.42251301167734,43.2682880752669,439.962599999999 -2.42251804134462,43.268268964778,439.742599999998 -2.42252508144148,43.2682500217355,439.519899999999 -2.42253396667797,43.2682329226256,439.299599999998 -2.42254603644213,43.2682149849405,439.174899999998 -2.42255894433443,43.2681990592964,439.155299999999 -2.42257503765276,43.2681839722189,438.929000000004 -2.42262801130507,43.2681199346794,438.184099999999 -2.42263907585441,43.2681060204055,437.931800000006 -2.42264896630569,43.268090933305,437.517300000007 -2.42265600730087,43.2680750076284,437.207899999994 -2.42266204218297,43.2680590819475,436.982600000003 -2.42266606573711,43.2680419827841,436.791299999997 -2.42266707095193,43.2680260570946,436.604900000006 -2.42266707095193,43.2680089579218,436.414099999995 -2.42266505962399,43.2679930322238,436.287599999996 -2.42266405351088,43.2679920268514,436.302299999996 -2.42265198374674,43.2678059482946,434.383499999996 -2.42264293142362,43.267719949712,433.857000000004 -2.42264393753674,43.2676140030433,432.928400000004 -2.42263102874608,43.2674740250031,432.473199999993 -2.42263605841336,43.2674530702966,432.202699999994 -2.42264896630569,43.2674260806761,431.789699999994 -2.42266003085504,43.2674009350075,431.239400000006 -2.42267293874737,43.2673759567832,431.105800000005 -2.42268903206567,43.2673459496713,431.209700000007 -2.42271903938944,43.2673040401626,430.712400000004 -2.42278106536487,43.2672319553478,430.371899999998 -2.42283705645819,43.2671660741442,429.833599999998 -2.42285298179156,43.2671509861566,429.977700000003 -2.42286605766881,43.2671350608881,430.215500000006 -2.42287594812009,43.2671169560782,430.464800000002 -2.42288097778737,43.2670980126771,430.320399999997 -2.42288298911531,43.2670790699243,430.260899999994 -2.42287594812009,43.2670639825692,430.411999999997 -2.4228650515557,43.267049062666,430.429399999994 -2.42285097046363,43.2670359867339,430.282300000006 -2.42283504423195,43.2670249228841,430.0 -2.4228159334726,43.2670160379192,430.0 -2.42279598458509,43.2670100029713,430.0 -2.42277402436965,43.2670059794544,430.0 -2.42271803327629,43.2670029619801,429.993900000001 -2.42260504497651,43.2669999445056,429.365999999995 -2.42244897437399,43.26699206558,428.137799999997 -2.42239499460857,43.266979995679,427.091100000005 -2.4223379974021,43.2669540118925,426.449099999998 -2.42232693375108,43.2669479769385,426.318899999998 -2.42231804851459,43.26694093594,426.163499999995 -2.42231000230458,43.2669330570068,425.994200000001 -2.4223029613094,43.2669250106166,425.918600000005 -2.42229893775523,43.2669149521368,425.849900000001 -2.42229793254042,43.2668879622778,425.666599999997 -2.42230396742252,43.266861978452,426.150500000003 -2.42231603718665,43.2668370000066,426.530299999999 -2.42235392363377,43.2667969347837,425.799899999998 -2.4223909710544,43.2667389320686,426.224400000006 -2.42241091994191,43.2666599743186,425.844400000002 -2.42241192605502,43.2666039835718,425.417199999996 -2.4224050530448,43.2664100263498,424.980899999995 -2.42238996583961,43.266307934815,424.597999999998 -2.42235694107482,43.266189078995,423.894799999995 -2.4223170432998,43.2661030807446,423.762000000002 -2.42229592031418,43.2660690500805,423.577799999999 -2.42226205742123,43.2660179209735,423.497199999998 -2.42223003876959,43.2659729936792,422.608399999997 -2.42218092068646,43.2659190144222,422.184999999998 -2.42213498802937,43.2658799546565,421.900599999994 -2.42203993728916,43.2658370393847,420.679499999998 -2.42194103097973,43.2657999910379,419.1967 -2.42192108209222,43.2657909390892,418.705000000002 -2.42190297654766,43.2657790364091,418.831000000006 -2.42188705121432,43.2657659608584,418.725999999995 -2.42187498145015,43.265751040637,418.414499999999 -2.42186592912703,43.2657349475431,418.184299999994 -2.42186006133159,43.2657180164943,417.941099999996 -2.4218590561168,43.2656829802043,417.928599999999 -2.42187095789598,43.2656569958641,417.686799999996 -2.42189694166559,43.2656290006901,417.907900000006 -2.42193499609767,43.2655800501517,418.029699999999 -2.42197506095931,43.2655339496615,418.218599999993 -2.42199702207309,43.2655049483633,417.752299999993 -2.4220169709606,43.265471923433,417.433499999999 -2.42205703672058,43.2654130828087,416.792199999996 -2.42208100826392,43.2653919599324,416.533299999996 -2.42210095715146,43.2653800578285,416.524300000005 -2.42214605168039,43.2653639646365,416.640299999999 -2.42220003144581,43.2653490449707,417.093599999993 -2.42229893775524,43.2653319457001,417.640799999994 -2.42240907659897,43.2653299342132,418.256599999993 -2.42268802595255,43.2653329517705,415.414399999994 -2.42291098421282,43.2653230611421,415.683300000004 -2.42299396518886,43.2653359693276,415.559800000003 -2.42317300301824,43.2653569241089,415.2647 -2.423376012391,43.2653810638982,413.600999999995 -2.42355404410726,43.2653929660019,413.535999999993 -2.4238090219175,43.2654090591862,412.082999999999 -2.42410708203047,43.2654159322476,410.864100000006 -2.4242529271101,43.2654070477019,410.6204 -2.4243280289628,43.2653969896254,410.617400000003 -2.42447102458637,43.2653800578285,409.0 -2.42451494591556,43.2653730173028,408.982000000004 -2.42455802821825,43.2653609470807,409.074099999998 -2.42459692077849,43.2653430098576,408.647100000002 -2.42463095075807,43.2653210490009,409.078500000003 -2.42469297763182,43.2652429299855,409.849700000006 -2.42474092161684,43.2651579377801,409.648499999996 -2.42476304981724,43.2651160280733,408.915299999993 -2.42478400481787,43.2650600365606,408.583700000003 -2.42478802837203,43.265015947828,408.525200000004 -2.42477696382268,43.2649639805296,407.712700000004 -2.42474997393996,43.2648969252946,407.732600000003 -2.42471292651933,43.2648389220773,406.979300000006 -2.42466799907703,43.2647869546278,406.118700000006 -2.42461301409679,43.2647349864797,405.283100000001 -2.42455601689035,43.2646870419578,404.143200000006 -2.42449298480178,43.2646449651187,402.877399999998 -2.42442794138534,43.2646139518864,402.452999999994 -2.42434999007655,43.2645859562327,401.519499999995 -2.42425493933633,43.2645639957571,401.458799999993 -2.42414094492342,43.2645400237605,400.660199999998 -2.42404606216817,43.2645090104749,399.555999999997 -2.4239870536338,43.264486043887,399.510299999994 -2.42393106254044,43.2644469845102,398.394400000005 -2.42388496189836,43.2644179833482,398.4522 -2.42384405801023,43.2643760737862,397.940400000007 -2.42380298703543,43.2643390252044,398.207200000004 -2.42376007181936,43.2642939311703,397.733099999998 -2.42371095373627,43.2642479978236,397.494699999996 -2.4236620027398,43.2641990474831,396.323999999993 -2.42362093176501,43.2641569703067,396.004300000001 -2.423584051431,43.2641070144565,395.3171 -2.42355102666624,43.2640639317792,394.654899999994 -2.4235290664508,43.2640280572175,394.626699999993 -2.42350006434184,43.2639789392361,393.975600000005 -2.42347307535744,43.2639239534254,394.074800000002 -2.42344893493081,43.263873997384,393.399699999994 -2.42343401571058,43.2638230358602,392.933199999999 -2.4234269747154,43.2637710675435,392.878100000002 -2.42344994104393,43.2636929485015,393.092600000004 -2.42349402945977,43.2636270667385,393.313299999994 -2.42354197434313,43.2635519645032,393.936499999996 -2.42355907377454,43.2635120672002,393.742800000007 -2.42357801654894,43.2634639549038,394.082299999995 -2.42358807498517,43.2634220453391,394.279800000004 -2.42359193055438,43.2633789621771,394.398400000005 -2.42359092444126,43.2633360471047,394.666299999997 -2.42358304531789,43.263293969986,395.341499999995 -2.42356996944064,43.2632430079768,395.024600000004 -2.42355102666624,43.2631580155958,395.772400000002 -2.42352001412768,43.2630760401112,396.4041 -2.42347693092665,43.2630190432303,397.215899999996 -2.42341993372018,43.2629380743227,398.149099999995 -2.42334801729349,43.2628299474904,399.640100000004 -2.42328599131807,43.2627519960166,400.772599999997 -2.42323905254783,43.2626889641102,401.053700000004 -2.42318892835162,43.2626150356091,400.695399999997 -2.42311801803804,43.2625159612942,402.039000000004 -2.42306806182675,43.2624470625198,402.716799999995 -2.42300704106615,43.2623610642165,403.738599999997 -2.42295691776824,43.2622889794359,405.175799999997 -2.42290293800282,43.2622080102115,405.553499999995 -2.42287293067907,43.2621540308869,406.097800000003 -2.42284594079635,43.262110948136,406.901599999997 -2.42282096313988,43.2620619973854,406.906600000002 -2.42279095581614,43.2619959483504,407.0 -2.42278592704716,43.2619679528011,406.657300000006 -2.42278592704716,43.2619399572389,406.035499999998 -2.42279196192926,43.2619119616639,406.0 -2.42280302558028,43.2618849722033,406.0 -2.42281995702677,43.2618599936783,406.0 -2.42284107911402,43.2618370273994,406.0 -2.42291199032593,43.261809031777,405.939599999998 -2.42300704106615,43.2617639371772,405.905700000003 -2.42324307520366,43.2616710657339,407.0 -2.42341892760707,43.2616160804555,408.061499999996 -2.42361992565189,43.2615460077131,409.807799999995 -2.42377398492648,43.2614960516829,410.9035 -2.42385193713357,43.2614779465042,411.345499999996 -2.42392402154523,43.2614610155798,411.974700000006 -2.42402996884987,43.2614439158712,413.0 -2.42414597459071,43.2614249733215,412.775699999998 -2.42426298554633,43.2613979836451,413.368700000006 -2.42435501884553,43.2613639529674,413.933600000004 -2.42443196493951,43.2613309284074,413.632899999997 -2.4244810830226,43.2613000829208,414.082999999999 -2.42455903433137,43.2612469414576,413.838399999993 -2.42460899054266,43.2611919564503,414.794500000004 -2.42465106763057,43.2611309358627,414.532900000006 -2.42471192040621,43.2610390702494,415.209300000002 -2.42481401214161,43.2609260820342,415.842699999994 -2.42495298421101,43.2608199671896,417.1636 -2.42502607383748,43.2607579413915,418.906799999997 -2.42510603737251,43.2606920597233,419.031900000002 -2.42519605934374,43.2606250043622,420.756299999994 -2.42530804153045,43.260601032123,419.7402 -2.42549395147176,43.2605420232425,419.949399999998 -2.42566091953697,43.260535988307,419.469100000002 -2.42578396537469,43.2605170454748,418.853099999993 -2.42589695367452,43.2604900553959,419.358699999997 -2.42600407417887,43.2604600481606,417.963300000003 -2.42615092537164,43.2604290354132,417.092300000004 -2.42627195988143,43.2604129422208,418.940300000002 -2.42643892794668,43.2604099244196,419.509000000005 -2.42654202489689,43.2604050630969,419.835300000006 -2.42666892720213,43.2603990281479,419.0 -2.42678392682985,43.2603869582479,418.888399999996 -2.42690898489381,43.2603609742641,419.110700000005 -2.42699297108467,43.2603220823316,417.984700000001 -2.42706203805528,43.2602620676806,417.385699999999 -2.4271240640307,43.2601859603722,416.621799999994 -2.42719195780156,43.2600959388265,415.465100000001 -2.42724107588469,43.2600540289059,415.136700000003 -2.42730494610138,43.2600109459774,413.705400000006 -2.42750393191997,43.2599150573053,410.420800000007 -2.42759898266019,43.2598409612315,408.937300000005 -2.42778304925852,43.2596890810728,406.958499999993 -2.42790391668168,43.2596049263447,405.942599999995 -2.42797901853439,43.2595700579379,404.840599999996 -2.42817096425609,43.259491938739,402.420199999993 -2.42840800450672,43.2593739213877,402.950400000002 -2.42873104317449,43.2592089657218,406.110100000005 -2.42901904485119,43.2591020124596,406.438800000004 -2.42914192360229,43.2590599350315,406.243900000001 -2.4292289281325,43.2590409923942,405.190799999997 -2.42928206887143,43.25903495731,405.826199999996 -2.42933705475,43.2590359628303,406.273300000001 -2.42938499873503,43.2590450157834,406.185299999997 -2.42945406570563,43.2590669762872,407.309800000003 -2.42952698824544,43.2591010062862,409.267500000002 -2.42957694445673,43.2591310135371,409.533899999995 -2.42964701754045,43.2591849935793,409.422500000001 -2.42968792053029,43.2592280764381,409.256299999994 -2.42973100373131,43.2592959694141,409.303199999995 -2.42976402849611,43.2593890086861,407.9467 -2.42983795714904,43.259660917641,404.233099999998 -2.42986695835967,43.2598139715071,403.376300000004 -2.42989193691446,43.2599690366525,403.554399999994 -2.42992999044824,43.2600620755501,404.645999999993 -2.42999000509572,43.260204065281,406.363800000006 -2.43004197263491,43.2603289553131,405.707200000004 -2.43005907206633,43.2604189771684,404.414600000004 -2.43008505583594,43.2605539256381,401.902199999997 -2.43012897626679,43.2606900480831,400.332999999999 -2.43019301446848,43.2608590269309,399.293600000005 -2.43027498933141,43.261020965589,398.141499999998 -2.430341038861,43.2611859209251,397.102199999994 -2.43041295528769,43.2613989891264,396.646099999998 -2.43042904860599,43.2614720791325,396.208700000003 -2.43047900481725,43.2616559783468,394.146599999993 -2.43052007669037,43.2618259632588,392.054600000003 -2.43055393958333,43.2618879892773,390.976699999999 -2.43056701456228,43.2619079384641,390.452999999994 -2.43058394600874,43.261926043515,390.165299999993 -2.43060607420914,43.2619419688377,389.790299999993 -2.43063004665082,43.2619550445557,389.502600000007 -2.43065804264666,43.2619639296051,389.6005 -2.43068704385729,43.261970970525,389.919200000004 -2.43071705118103,43.2619739875947,390.114400000006 -2.43074705850477,43.2619729821228,390.203599999993 -2.43077706582855,43.261968958273,390.419599999994 -2.4308989384665,43.2619459920352,391.786600000007 -2.43109105127483,43.2619139732636,393.785499999998 -2.43128903187863,43.2618750810148,395.181700000001 -2.43147997148722,43.261842056732,395.317999999999 -2.43168096953205,43.2618160727149,394.536300000007 -2.43192303944996,43.2617679603865,393.804799999998 -2.43210107116622,43.2617079458524,392.574900000007 -2.43223803100939,43.2616269771637,391.157000000007 -2.43237096819672,43.2615200235697,391.288400000005 -2.43242695929004,43.2614660442892,391.709099999993 -2.43249502014757,43.2613879249062,392.585399999996 -2.43255201735404,43.2613180200268,394.031499999997 -2.43260197356529,43.2612130788213,396.052599999995 -2.4326460619811,43.2611230568317,398.012600000002 -2.43270004174655,43.2610539903173,397.962499999994 -2.4327850340505,43.260979055651,397.885999999999 -2.43284907225219,43.2609349672338,398.644400000005 -2.43290204590449,43.2609009362973,399.3125 -2.4329570308847,43.2608680796129,399.412800000006 -2.43304101707556,43.2608159439177,400.096300000005 -2.43313506260096,43.2607609585212,400.282099999997 -2.43322592270038,43.2607210606975,400.647299999997 -2.43333002576371,43.2606779775867,400.858900000007 -2.43340898318563,43.2606570231575,400.049599999998 -2.43350403392584,43.2606399238773,398.797999999995 -2.43361400478458,43.2606199749291,397.827099999995 -2.43372699218607,43.2606000259744,395.042700000005 -2.4338560738042,43.2605740420814,393.539699999994 -2.43393603733923,43.2605659955048,392.146299999993 -2.43402907585321,43.2605619722162,391.636799999993 -2.43415195460428,43.2605619722162,392.663799999995 -2.43426192546305,43.2605619722162,392.107199999999 -2.43430299643785,43.2605619722162,391.659499999994 -2.43434792388015,43.2605629783655,391.497099999993 -2.43438698352701,43.2605629783655,391.506099999999 -2.43444398073348,43.2605639838606,391.554799999998 -2.43448907526241,43.2605639838606,391.695600000006 -2.43453802536058,43.2605639838606,391.840299999996 -2.43457892924871,43.2605609667211,391.972899999993 -2.43462000022351,43.2605559372827,392.027900000001 -2.43466492766581,43.2605450410371,392.200800000006 -2.4347059986406,43.2605249245842,391.593999999997 -2.43474908184163,43.2604959228622,390.901299999998 -2.43477707693914,43.2604630659593,390.215400000001 -2.43480306160705,43.2604290354132,389.310200000007 -2.43483105670456,43.2603809232971,388.415800000002 -2.43486793703857,43.260309006263,386.948099999994 -2.43494203277812,43.2601629934619,384.878299999997 -2.43498494889252,43.2600719663791,383.512400000007 -2.43502702598043,43.2599859679918,383.148199999996 -2.43504798008273,43.2599360119899,382.301399999997 -2.43507496996545,43.2599140511453,381.500599999999 -2.43514101949504,43.2598619159416,382.232699999993 -2.43520405158358,43.2598240298518,382.991899999994 -2.43527596801028,43.2598059248301,383.495299999995 -2.43535794287321,43.2597950284502,384.996299999999 -2.43552206058403,43.2597899989486,386.384999999995 -2.43564996900241,43.2597899989486,386.285199999998 -2.43572708218302,43.2597849701007,387.262499999997 -2.43580201605076,43.2597809467604,386.896599999993 -2.43588902058098,43.2597750792252,386.062399999995 -2.43600200888077,43.2597779289279,386.607499999998 -2.43606101741517,43.2597779289279,387.578299999994 -2.43613796350915,43.2597899989486,389.228099999993 -2.43621306536185,43.2598040806363,388.922000000006 -2.43631096555813,43.259811959838,389.653200000001 -2.43641506862146,43.2598049186683,390.894799999995 -2.43652000981295,43.2597809467604,392.438699999999 -2.43661405533835,43.2597430606203,393.209400000007 -2.43668094299609,43.2597050063265,393.223100000003 -2.43675202129463,43.2596540445841,394.358500000002 -2.43682293250655,43.2595980532814,394.517000000007 -2.43688194104092,43.2595400509034,394.741999999998 -2.43694698445739,43.2594719894147,394.344100000002 -2.43702108019698,43.2593789502695,395.118700000006 -2.43708595652679,43.2592669684152,395.961800000005 -2.43709702017784,43.2591950513737,397.310299999997 -2.43710104373197,43.259121961251,398.076100000006 -2.43709903240407,43.2590560797751,398.837 -2.43708897396784,43.2589890245749,399.763900000005 -2.43707992164472,43.2589110727628,399.986099999995 -2.43708495041367,43.2588299361474,400.531499999997 -2.43708293908574,43.2587290179887,400.986499999999 -2.43707606607551,43.2586379900705,401.051900000006 -2.43705393787511,43.2585670791226,401.214500000002 -2.43702393055137,43.2585239964502,400.954400000002 -2.43696006033467,43.2584760516164,401.463799999998 -2.4368950169182,43.2584390040236,401.709499999997 -2.4368420432659,43.258407990901,401.945600000006 -2.43679393039759,43.2583860301594,402.032200000001 -2.43672302008401,43.2583600466301,402.758400000006 -2.43665697055442,43.2583379183917,402.865399999995 -2.43658002446047,43.2583199810619,403.456099999996 -2.43649503215649,43.2582879616918,403.025999999998 -2.43641003985251,43.2582599664001,402.560500000007 -2.43635002520499,43.258235993884,401.530799999993 -2.4362980576658,43.2582090047567,400.251199999999 -2.43625296313687,43.2581840266861,400.154599999994 -2.43620501825352,43.2581499961747,400.937699999995 -2.4361570742685,43.2581129477293,401.142500000002 -2.4360900186258,43.258043043015,399.261100000003 -2.43603402753244,43.2579890632688,398.701300000001 -2.43597300767014,43.2579260316651,396.938299999994 -2.43590695814058,43.2578640055357,395.402100000007 -2.43581593005621,43.2577890708688,395.013200000001 -2.43578592273246,43.2577580580694,394.625599999999 -2.43571501241888,43.2576879854663,393.674799999993 -2.43564695156136,43.2576249535509,392.689100000003 -2.43560001279112,43.2575699678895,390.337899999999 -2.43553094582052,43.2575139772873,388.421000000002 -2.43546003460861,43.2575000632062,389.464500000002 -2.43541007839735,43.2574700558057,388.712599999999 -2.4353990147463,43.2574479278981,387.789399999994 -2.43541091652551,43.2574100416147,386.281700000007 -2.43542700984385,43.2573840576688,385.983399999997 -2.43544695873135,43.2573550564135,386.067899999995 -2.43546506427589,43.2573190136873,387.384399999995 -2.4354689198451,43.2572799542919,389.063599999994 -2.43547595994198,43.2572430741082,389.902300000002 -2.4354769660551,43.2571850714495,390.400800000003 -2.43548400705028,43.2571210334616,391.599100000007 -2.43548400705028,43.2570590071665,392.911800000002 -2.43548400705028,43.256987928859,392.277499999997 -2.4354850131634,43.256919029717,392.235400000005 -2.43548903581927,43.2568559976598,392.458299999998 -2.43548903581927,43.2568310196885,393.024300000005 -2.43550999081989,43.2567450213033,393.0196 -2.4358570019293,43.2566799779476,385.432100000005 -2.43616193505249,43.2566030320111,383.153300000005 -2.43650207315167,43.2564119241896,380.704700000002 -2.43833703932468,43.256578053936,365.309500000003 -2.43864398467411,43.2563450368338,355.746799999994 -2.43889594414497,43.2558520130534,351.561700000006 -2.43909593697501,43.2555039968274,350.512700000007 -2.4392679338092,43.2556189964441,351.216199999995 -2.43941595820172,43.2556320722114,350.442800000004 -2.43949106005442,43.2556200020209,350.2788 -2.43958996636381,43.2555730637492,350.064899999998 -2.43967194122674,43.2555609935469,348.855500000005 -2.43977906173113,43.255604076353,348.140400000004 -2.43994301145699,43.2556949367402,351.194499999998 -2.44005700586993,43.2558340762999,354.844400000002 -2.4401140030764,43.2559120274715,354.856400000004 -2.44011299696328,43.2559909854224,354.758799999996 -2.44011299696328,43.2560689370474,355.781900000002 -2.44011199085017,43.2561410213414,355.770699999994 -2.44014400950181,43.2562010354747,356.143400000001 -2.4402100590314,43.2562260137044,356.288799999995 -2.44035003721391,43.2562749639131,357.496400000004 -2.44044005828685,43.2562809992709,358.834400000007 -2.44056394315106,43.2562880401938,360.591499999995 -2.44070308320542,43.2563190530876,361.293300000005 -2.44079394240651,43.2563549276122,360.997799999997 -2.44085898582298,43.2563619685266,360.699200000003 -2.44100801632862,43.2563619685266,360.133199999997 -2.44110692263801,43.2563390021366,360.3459 -2.44132200267323,43.2562669174227,362.005000000005 -2.44145393374745,43.2562260137044,361.909599999999 -2.4415610542518,43.2562260137044,362.836200000005 -2.44171695776769,43.2562270199254,362.877099999998 -2.44208693520566,43.2562950804616,368.4375 -2.44254006070633,43.2563939869468,367.641300000003 -2.44289293871288,43.2564870260733,366.374400000001 -2.443101983866,43.2565740303838,368.870999999999 -2.44320306948828,43.2565810712728,369.474199999997 -2.44339702653792,43.2565949849098,369.948999999993 -2.44365703311711,43.2566280100759,370.367100000003 -2.44384696751091,43.2566580172371,370.1924 -2.44407193709908,43.2567140079721,371.192999999999 -2.44433596723244,43.2567699993099,373.965700000001 -2.44455104726766,43.2568489568026,376.508300000001 -2.44471399088041,43.2569079653369,377.986000000004 -2.44491197148421,43.2569989932246,377.943199999994 -2.44501305710649,43.2570479434661,377.062900000004 -2.44513208028839,43.2570519663327,377.0 -2.44525998870673,43.2570519663327,376.0 -2.44526300614778,43.2571170099453,375.0 -2.44524406247506,43.2572710692132,375.0 -2.44522796915676,43.257394953826,374.454599999997 -2.44520902638237,43.2575139772873,373.0 -2.44520701505443,43.2576360178006,373.0 -2.44522696394194,43.2577459883002,372.091700000004 -2.44528194892218,43.2578650110754,371.063899999994 -2.44536694122616,43.2579900694606,370.257599999997 -2.44545696319739,43.2580849523571,370.0 -2.44557296893826,43.2581910673889,368.914699999994 -2.44572199854557,43.2583360741533,368.148400000005 -2.44584705660952,43.258459958562,366.859599999996 -2.44593406113974,43.2585660735945,365.864600000001 -2.44598804000686,43.2586460369018,365.317899999995 -2.446028943895,43.2586889520092,365.0 -2.44608292366041,43.2587370641538,364.661500000002 -2.44615601418518,43.2587850087821,364.0 -2.44624100648917,43.2588260802223,363.155799999993 -2.44633303978836,43.2588639662788,362.628500000006 -2.44645591853943,43.2589129169836,361.573499999999 -2.44661903013713,43.2589799716135,360.020399999994 -2.44675900831965,43.2590430040888,359.733800000002 -2.44691893449138,43.2591360430931,358.981100000005 -2.44708204608908,43.2592409846076,358.784599999999 -2.44720207538409,43.2593259765689,358.836599999995 -2.44728991804246,43.2593900148548,358.920100000003 -2.44737993911539,43.2594580757809,359.358999999997 -2.447730973779,43.2596840515624,362.090500000006 -2.44777606830793,43.2597070179992,362.825899999996 -2.44784597340672,43.2597460778003,363.0 -2.44791504037733,43.2597910051106,363.094100000002 -2.44797002535757,43.2598389495632,363.997600000002 -2.44800305012236,43.25988907312,364.0 -2.44803004000505,43.2599410408253,364.014899999995 -2.44804998889256,43.2599950201494,364.0 -2.44806406998466,43.2600500055835,364.0 -2.44809592154968,43.2601750634062,365.0 -2.44811100875487,43.2603809232971,365.0 -2.44812693408824,43.2604749683703,365.0 -2.44818694873573,43.2606250043622,365.016699999993 -2.44825802703427,43.2607289397806,366.0 -2.44835492201576,43.2608789758008,366.668099999995 -2.44852105195284,43.2611160158137,366.989300000001 -2.44864594203184,43.2613119851683,368.0 -2.44871903255661,43.2614370430156,369.0 -2.44875205642308,43.2615220351824,369.059200000003 -2.44877301142374,43.2616479319133,370.0 -2.44877502364997,43.2617220277507,370.0 -2.44877200531062,43.2618120495088,370.0 -2.44875607997724,43.2619049207371,370.0 -2.44873395177684,43.2620019831412,370.0 -2.44869707144287,43.2621030692318,369.180500000002 -2.44868500167871,43.2621459845192,369.0 -2.44867594935559,43.2621919174893,368.3658 -2.44867494324247,43.2622370117721,368.043099999995 -2.44867494324247,43.2622640017307,368.0 -2.44867695457041,43.262332062715,367.242599999998 -2.44868097812454,43.2624200726424,367.0 -2.44868701300664,43.2625040592822,365.312600000005 -2.44869204267389,43.2626130240325,364.120500000005 -2.44868299035077,43.2627429436147,363.0 -2.44865801179601,43.2628359828527,363.0 -2.44860503814368,43.2629439415531,363.0 -2.4485379833993,43.2630549177324,362.0 -2.44850395252139,43.2631239845936,361.415599999993 -2.44849506728494,43.2631680733881,361.0 -2.44849992896723,43.2632270823401,360.925799999997 -2.44850797607556,43.2632619512692,360.324800000002 -2.448529936291,43.2632979930941,359.622399999993 -2.44856899593786,43.263337052554,359.0 -2.4486159347081,43.2633700773342,359.0 -2.44868299035077,43.2633940497914,357.912100000001 -2.44873898144413,43.263407963834,357.001199999999 -2.44878407597309,43.263416010035,356.288799999995 -2.44882296763499,43.2634180222392,355.636499999993 -2.44886906827707,43.2634200337892,355.0 -2.44893092626753,43.2634139984848,354.963199999998 -2.44901407522853,43.2634039407332,353.536500000002 -2.44914902374377,43.2633809737284,352.349400000006 -2.44925597716149,43.2633650481279,351.7454 -2.44935806799859,43.263353984265,350.978799999997 -2.4494209330005,43.2633519727128,350.487699999998 -2.44946502141632,43.2633570019202,350.092099999994 -2.44950793663239,43.2633630365761,350.0 -2.44955101983341,43.26337192142,350.015599999999 -2.44958404459821,43.263387009036,350.0 -2.44962897114221,43.2634180222392,350.0 -2.44968194479452,43.2634609372539,349.806100000002 -2.449741959442,43.263522963569,349.446899999995 -2.44977800164785,43.2635630289842,349.0 -2.44981102641261,43.2635960536419,349.119200000001 -2.44987003494701,43.2636409807279,348.723800000007 -2.44995905080512,43.2636780284262,348.665599999993 -2.44998704680097,43.263685069148,348.629000000001 -2.45002996201704,43.2636909369606,348.059500000003 -2.45006801555078,43.2636919424039,348.036999999997 -2.4501280301983,43.2636939539449,348.0 -2.45021000506123,43.263689930863,347.268200000006 -2.45038401322333,43.2636619354384,346.262799999997 -2.45060496015566,43.2636170083679,345.164699999994 -2.45075901943028,43.263584989821,345.0 -2.45084904140151,43.2635729198985,345.0 -2.45092799882342,43.2635739253439,344.861300000004 -2.45099404835301,43.2635769429882,344.8845 -2.45106395345177,43.2635829776222,345.0 -2.45113804919136,43.2635910244542,345.0 -2.45122605893636,43.2636069499957,345.019199999995 -2.45133401846723,43.2636409807279,345.202300000004 -2.45142504565328,43.2636729992454,345.855800000005 -2.45155798284058,43.2637299961683,346.281799999997 -2.45172696223376,43.2638010751094,347.0 -2.45191404627314,43.2638689682192,347.723100000003 -2.45201999357774,43.2638999811769,348.0 -2.45217103541131,43.2639320002123,348.929300000003 -2.45234001390613,43.2639640192309,348.656799999997 -2.45249306796593,43.2639920145165,348.618100000007 -2.45263706880428,43.2640179989132,348.162200000006 -2.45275592400121,43.2640320802772,347.543999999994 -2.4529079719479,43.2640349297807,346.788100000005 -2.4530300125708,43.264032918251,345.836299999995 -2.45318893352772,43.2640300687474,344.814199999993 -2.45330393315544,43.2640270511255,343.926999999996 -2.45337903500814,43.2640270511255,343.892900000006 -2.45344592266589,43.2640270511255,343.929900000003 -2.45351197219548,43.2640379474021,343.718599999993 -2.45361892471487,43.2640649372165,343.079599999997 -2.45369603879381,43.264084047717,343.0 -2.45377097266155,43.2641029914018,343.0 -2.45390005427968,43.2641239459534,342.104699999996 -2.45398504658366,43.2641309866235,341.702300000004 -2.45405796912347,43.2641299811873,341.409499999994 -2.45413307097618,43.2641299811873,340.828599999993 -2.45420498740288,43.26412595748,340.837299999999 -2.45427908404076,43.2641180788367,340.0196 -2.45430791726643,43.2641140551285,340.056800000006 -2.45466096325794,43.2640719778935,341.0 -2.45486497874381,43.2640560524737,342.0 -2.45488693895922,43.2640550463821,342.0 -2.45491392884195,43.2640530348531,342.323399999994 -2.45494896583297,43.264051023324,342.891799999998 -2.4549779670436,43.2640500172324,343.0 -2.45500897958216,43.2640490117949,343.0 -2.45504401657319,43.2640480057032,343.0 -2.45509497799926,43.2640459941739,343.0 -2.45512800276405,43.2640449880822,343.0 -2.45516907463715,43.264051023324,343.0 -2.45520193141698,43.2640629256878,343.0 -2.45522305350427,43.264084047717,342.875899999999 -2.45524099106384,43.2641170727461,342.1443 -2.45526194606447,43.2641640116272,341.104000000007 -2.45530603448032,43.264273982111,340.906499999997 -2.45534308279927,43.2643640033665,341.0 -2.4553990738926,43.2644769917429,341.0 -2.45544299522178,43.2645740539712,341.0 -2.4554909392068,43.2646580409102,341.0 -2.45554106340305,43.264752923882,341.0 -2.45559504227014,43.2648320489508,341.343399999998 -2.45561901471181,43.264875970355,341.887199999997 -2.4556359461583,43.2649039658753,342.0 -2.45565103336349,43.2649319613828,342.0 -2.45567198836411,43.2649889584353,343.0 -2.45568204680035,43.2650360647594,343.220600000001 -2.45568003547245,43.2650689218111,343.950599999996 -2.45567299447723,43.2651150219993,344.975200000001 -2.45566192992788,43.2651579377801,345.929600000003 -2.45564198104037,43.2651889507352,346.378800000006 -2.45560694494768,43.2652169461116,346.0 -2.45556302361849,43.2652529880875,346.051200000002 -2.45551206129409,43.2652870185537,346.023100000006 -2.45535096192262,43.2653939720713,345.941500000001 -2.45528206203864,43.2654459396568,346.050300000003 -2.45526496350552,43.2654620328272,346.114400000006 -2.45525104950008,43.2654779585333,346.084499999997 -2.45524300239178,43.2655079659119,346.655100000004 -2.45523998495073,43.2655329435944,347.184999999998 -2.45523495618178,43.2655659684917,348.0 -2.45523294395554,43.2656030163269,348.0 -2.45523294395554,43.2656279946245,348.0 -2.45523696750968,43.2656459317637,348.0 -2.45524099106384,43.2656569958641,348.0 -2.45524501461801,43.2656630309461,348.0 -2.45525306082801,43.2656660484869,348.061600000001 -2.45526898616136,43.2656660484869,348.320099999997 -2.45532397203989,43.2656590073402,349.211500000005 -2.45545607020073,43.2656449263525,350.736000000004 -2.45559604838325,43.2656239710163,352.891499999998 -2.45563007926116,43.2656189419961,353.174299999999 -2.4556770171331,43.2656130750235,353.935299999997 -2.45572496201642,43.2656050284588,354.251499999998 -2.45577307398643,43.265602010915,354.822799999994 -2.45582705375185,43.2656070399365,355.524399999995 -2.45585504884936,43.2656149190414,355.825200000007 -2.45591204605583,43.2656420762702,357.013600000006 -2.45599100347771,43.2656789565997,359.085099999997 -2.45608806644416,43.2657210340323,361.001799999998 -2.45615294187567,43.2657560703004,362.309699999998 -2.4562429638469,43.2658120611729,363.993900000001 -2.45630398370921,43.2658529649927,365.249100000001 -2.4564040641167,43.2659190144222,366.971399999995 -2.45649106774862,43.2659790287299,368.634999999995 -2.4565680138426,43.2660289850063,370.012700000007 -2.45665200093176,43.2660819587619,371.288400000005 -2.45673498100951,43.2661339264142,373.172399999996 -2.45687697051993,43.2662189185652,375.6829 -2.45700202858389,43.2662799392862,378.0 -2.45710596456059,43.266316987341,379.751000000004 -2.45721492930625,43.266352023266,381.291400000002 -2.45735792403149,43.2663770012563,383.883799999996 -2.45747996465439,43.2663929273772,385.167799999996 -2.45758004506189,43.2664060027932,385.965899999996 -2.45769906824378,43.266420922854,386.766499999998 -2.45783602808695,43.2664370157666,388.219100000002 -2.45792806138612,43.266448918318,388.728499999997 -2.45807005089657,43.2664700408276,389.818400000004 -2.45818203308324,43.2664920012697,392.392300000007 -2.45821405173492,43.2664980362689,392.989300000001 -2.45825294429512,43.2665069206554,393.570500000002 -2.45832804614782,43.2665220081485,393.945500000002 -2.45839292157934,43.2665429631757,394.837400000004 -2.45846299466309,43.2665639181956,395.251900000003 -2.45853893464392,43.2665860460608,396.508900000001 -2.45862208270663,43.2666110239551,396.891699999993 -2.45866298659476,43.2666289614588,397.415099999998 -2.45885107674729,43.2667350766444,399.623000000007 -2.4589650702619,43.2668559434888,401.812099999996 -2.4590369875869,43.26694093594,403.118499999997 -2.45915399854256,43.2670879542259,404.845600000001 -2.4592619571751,43.2672130126367,404.841700000004 -2.4594089763528,43.2673680779064,405.623800000001 -2.45947904853822,43.2674420058684,406.258400000006 -2.45963193461306,43.2675839953946,407.644799999995 -2.4597640336722,43.2677789588306,408.416200000007 -2.45983595009893,43.2678500369688,408.545299999998 -2.46005404757517,43.2680659547097,404.905700000003 -2.46016301232083,43.2681140672937,403.898499999996 -2.46023995841481,43.2681360277969,404.146200000003 -2.46031807770853,43.2681459186223,404.195099999997 -2.46045906110587,43.2681599996855,403.897100000002 -2.46074605756779,43.2681499414098,402.301200000002 -2.4609599635049,43.2681459186223,403.524600000004 -2.46109206256408,43.2681479300161,404.275800000003 -2.46118895664723,43.2681529588273,404.2598 -2.46133295838392,43.2681499414098,405.212 -2.46149808130955,43.2681680465666,404.654299999995 -2.46168298603608,43.2681839722189,402.985499999995 -2.46205497570027,43.2682870692453,399.483500000002 -2.462169975328,43.2683469163827,399.618199999997 -2.46223401263135,43.2683849705077,399.085999999996 -2.46232202237635,43.2684290587625,400.0 -2.46243199323512,43.2684850497928,399.871499999994 -2.46253794053973,43.2685269597965,399.276400000002 -2.46267003959891,43.2685799333406,399.0 -2.46283298321165,43.2686179873199,399.0 -2.46292803395187,43.268631062912,398.940499999997 -2.46307102957543,43.2686429650345,397.617899999997 -2.46330706371295,43.2686759895527,395.105899999995 -2.46346900211091,43.2687140434719,393.457299999995 -2.46369598392531,43.2688060767286,390.503100000002 -2.46378600589657,43.2688479865112,389.020399999994 -2.46387099820055,43.2688649179977,388.005699999994 -2.46405808223993,43.2688930810964,385.580700000006 -2.46424097563852,43.2689370021869,384.553100000005 -2.46439905846727,43.2689760619532,383.015899999999 -2.46450399965876,43.2689980227995,383.091 -2.46466996161089,43.2690469732057,382.2215 -2.46483592356298,43.2690860322473,382.0 -2.46499601771967,43.2691110104239,381.828500000003 -2.46542500369201,43.2691269364836,381.0 -2.46551904831911,43.2691230805565,381.0 -2.46566506138372,43.2691029643216,380.504100000006 -2.46582599366853,43.2690620600692,380.578899999993 -2.46594501685042,43.2690189776284,380.049799999993 -2.46610594913527,43.2689470603325,380.0 -2.4662739224153,43.268889057704,378.722899999993 -2.46645899512674,43.268861062054,378.0 -2.46660198985201,43.2688550272891,378.0 -2.46679393557372,43.2688499978818,378.0 -2.46708495558977,43.268816973458,378.0 -2.46719593166336,43.2688050713696,378.529299999995 -2.46723901486439,43.2688020539844,379.0 -2.46730992607627,43.2688030593434,378.933099999995 -2.4673360769325,43.2688040653566,378.806500000006 -2.46734999093795,43.2688079213038,378.808799999999 -2.46741704658065,43.2688379283491,378.563999999998 -2.46744805911921,43.2688540212769,378.209799999997 -2.46747806644295,43.2688729647856,378.0 -2.46749701011565,43.2688880516923,378.252699999997 -2.46754596021382,43.2689370021869,378.410600000003 -2.46756305874694,43.2689569510262,378.334499999997 -2.46757496142444,43.2689660038123,378.528900000005 -2.46762994640465,43.2690119368694,378.840500000006 -2.46766498339567,43.2690389264408,379.0 -2.46775198702759,43.2691269364836,379.0 -2.46787000409636,43.2692229931407,379.020600000003 -2.46801199360678,43.2693230730102,379.721699999995 -2.46819991577435,43.2694399165926,381.739199999996 -2.46828792641768,43.2694819933877,382.173599999995 -2.468351963721,43.2695140127576,383.0 -2.46842706557371,43.2695369787566,383.439599999998 -2.46852798410936,43.2695589394006,384.0 -2.46859503885374,43.269592970076,384.0 -2.46870802715356,43.2695780501385,383.741299999994 -2.46881900322712,43.2696149306997,383.188099999999 -2.46892998019901,43.2696680720535,383.0 -2.4690510147088,43.2697129992369,382.824500000002 -2.46916299689551,43.2697359651609,383.118600000002 -2.4693349937297,43.2697510525078,382.519199999995 -2.46952794466619,43.2697450178311,382.365300000005 -2.46966004372537,43.2697379771562,381.809399999998 -2.46981192368706,43.2697460238287,381.716700000004 -2.46995408118247,43.2697389824997,381.187300000005 -2.47010596114419,43.269747029172,381.350399999996 -2.4702280017671,43.2697629550652,381.383199999997 -2.47033897784066,43.2697629550652,381.360400000005 -2.47048096735111,43.2697560818406,381.025899999993 -2.47060300797405,43.2697349598173,380.125 -2.47073493904824,43.2696980793289,378.579700000002 -2.47084692123495,43.2696400761078,376.898700000005 -2.47101992328392,43.2696030281133,376.089000000007 -2.47115202234307,43.2695740267914,375.669299999994 -2.47124405564226,43.2695750327917,375.4133 -2.47140599404022,43.2695750327917,374.396699999998 -2.47152702855002,43.2695979994219,373.8943 -2.4716589596242,43.2696360527647,373.133499999996 -2.47180094913465,43.2696809799717,372.645699999994 -2.47192198454277,43.2697190339167,372.353400000007 -2.47205408270362,43.2697560818406,372.013600000006 -2.47218500856302,43.2697939682906,372.179499999998 -2.47228592620034,43.2698090556231,371.504300000001 -2.47242808369575,43.2698169348382,371.664699999994 -2.47256001476997,43.269833027507,371.453399999999 -2.47271206271662,43.2698479473819,371.324399999998 -2.47282404490333,43.2698559940398,371.491699999999 -2.47295496986439,43.2698570000355,371.0144 -2.47309695937484,43.2698650466922,371.329599999997 -2.47329007829629,43.2698580060311,370.690300000002 -2.47343206780674,43.2698590113727,371.852599999998 -2.4736659226314,43.2698229695077,374.013300000006 -2.47381797057808,43.2698159288418,373.025800000003 -2.47397001852474,43.2698169348382,370.5576 -2.47407093616206,43.2698549880441,369.914399999994 -2.47421192045773,43.2699520508545,369.204700000002 -2.47431300608001,43.270034025583,368.496799999994 -2.47442398215357,43.2701300821167,367.4133 -2.47451400412483,43.2702489380905,367.398799999995 -2.47458407631025,43.2703389596673,366.594200000007 -2.47467493640968,43.2704499361012,365.579299999998 -2.4747450094934,43.2705540391982,365.552500000005 -2.47485497945384,43.270674067772,364.713000000003 -2.47493594910198,43.2707780036944,365.063800000004 -2.47503602861115,43.2708519320934,364.541100000002 -2.47513694714681,43.2709419534324,363.634399999995 -2.47524792322036,43.2710090085492,362.452999999994 -2.47538907460266,43.2710909838163,361.556700000001 -2.47552100567684,43.2711290375339,361.491599999994 -2.4756829440748,43.2711669237833,362.316600000006 -2.47582493358525,43.2711669237833,361.381899999993 -2.4760180525067,43.2711900579111,360.896999999997 -2.47615903590403,43.2712059834267,360.085200000001 -2.47627101809071,43.2712140299051,358.320500000002 -2.47633203885134,43.2712440370724,357.950400000002 -2.47637193662636,43.2712589572555,356.928799999994 -2.47640194395011,43.2713550138182,357.2405 -2.47647201613553,43.2714369886194,356.339900000006 -2.47652197234682,43.2715630525652,355.919399999999 -2.47659103931742,43.2717120827364,354.508700000006 -2.47665105396494,43.2718530661499,352.979300000006 -2.47670000406308,43.2719870094761,350.9476 -2.4767700771468,43.2721050265772,349.3992 -2.47679002603434,43.2721870016763,349.853700000007 -2.4768399822456,43.2722540567294,349.859100000001 -2.47692095099541,43.2723209442676,350.081699999995 -2.4770319279673,43.27237391778,349.494600000005 -2.47719403345189,43.2724039250294,347.5913 -2.47736603028608,43.272404930983,347.613899999997 -2.47746795403652,43.2723759296881,347.551300000006 -2.47755998733572,43.2723169211017,346.428700000004 -2.47764095698383,43.272272999834,346.181899999996 -2.47773299028303,43.2722139911479,345.618799999997 -2.4778350811201,43.2721700698059,345.256800000003 -2.47793700576887,43.2721259809905,344.503899999996 -2.47802903906803,43.272082060239,343.065100000007 -2.47812995670539,43.2720230513677,341.431599999996 -2.47824294500518,43.2719709160687,340.997499999998 -2.47826306187765,43.271948955641,340.600099999996 -2.47840605660288,43.2718679861837,339.611199999999 -2.47845701892729,43.2718240652461,339.176000000007 -2.47855894267773,43.2717360551789,338.124800000005 -2.47866103441316,43.2716770466262,337.7399 -2.47879296548734,43.2715960774613,336.5147 -2.47896697364947,43.2715149407453,335.936600000001 -2.47902698829696,43.2715300276512,336.0 -2.4788320251342,43.2716939779797,338.271699999998 -2.47881995537007,43.2717060476001,338.564599999998 -2.47882196669797,43.2717070535652,338.544800000003 -2.4788239780259,43.2717090654954,338.533800000005 -2.47882599025214,43.2717110767714,338.525200000004 -2.47882699636525,43.2717129212586,338.531900000002 -2.47882800158007,43.2717149325345,338.541899999997 -2.47882800158007,43.2717169444644,338.566300000006 -2.47882800158007,43.2717189557402,338.590800000005 -2.47882699636525,43.2717209676699,338.626699999993 -2.47882599025214,43.2717219736348,338.649600000004 -2.4788239780259,43.27172599684,338.714900000006 -2.47882297281109,43.2717280087695,338.7454 -2.47868802429585,43.2719090573008,338.353499999997 -2.47864192365381,43.2719890207429,337.155100000004 -2.47860403720669,43.2720720019573,336.128100000002 -2.47857402988294,43.2721559883622,334.532200000001 -2.4785520696675,43.2722419865637,333.950700000001 -2.47849104890687,43.2725980502143,329.977100000004 -2.47847395037375,43.2727039973645,329.0484 -2.47845098404522,43.2728089383834,327.910000000003 -2.47843304648561,43.2728479982812,327.326400000005 -2.47842399416249,43.272889069391,326.797600000005 -2.47842399416249,43.2729309789784,326.745599999995 -2.47843304648561,43.2729720506863,327.178799999994 -2.47845400148624,43.2730240183426,327.9571 -2.47848300269686,43.2730739747237,328.248999999996 -2.47852005101582,43.2731210806776,328.901199999993 -2.47856397144671,43.2731639960463,329.319499999998 -2.47865097597693,43.2732290394512,329.111399999994 -2.47874200316297,43.2732910656241,328.1584 -2.47883504257525,43.2733510798579,327.780799999993 -2.47915405768885,43.2735589515385,326.3361 -2.47929906464032,43.2736600374058,326.0533 -2.47943602538178,43.2737659846694,324.887600000002 -2.47952705256787,43.273840918639,323.642500000002 -2.47961606842598,43.2739180318102,322.715700000001 -2.47964892520582,43.2739619531989,321.813599999994 -2.4796760830735,43.2740090597735,321.748699999996 -2.47969502584789,43.2740570041475,321.070200000002 -2.47970491629917,43.2741039425583,319.772700000001 -2.47972402705852,43.2741500430983,319.233200000002 -2.47975101694121,43.2741929583955,318.377600000007 -2.47985797035897,43.2743530531492,314.736000000004 -2.47988998901062,43.2744169232357,313.616099999999 -2.47991396145229,43.2744819666096,312.669899999994 -2.47992904865751,43.2745490217503,311.749500000005 -2.47993105998541,43.2746320027443,311.573099999994 -2.47992502510334,43.2747149836252,308.376799999998 -2.47990993789816,43.2747969584789,307.136799999993 -2.47990507621583,43.2748269658418,306.433199999999 -2.47989401256478,43.2748559672767,306.314499999993 -2.47987708111832,43.2748839627854,305.625400000004 -2.47985495291792,43.2749089405446,304.671300000002 -2.47976794838771,43.2750450629391,302.665999999997 -2.47972704449957,43.2751040714964,301.286800000002 -2.47968094385749,43.2751610681804,300.0101 -2.4796539548731,43.2752029781654,299.251900000003 -2.47961992399519,43.2752430430873,298.716499999995 -2.47958002622017,43.2752789182338,298.436000000002 -2.47948497547996,43.2753620663193,299.142900000006 -2.47939495350869,43.2754470586653,297.451499999996 -2.47935103217951,43.2754710309446,297.796700000006 -2.47931297864576,43.2755000327267,297.961599999995 -2.47928095999408,43.2755330574485,298.252900000007 -2.47925598143929,43.2755679258687,297.553 -2.47924407966008,43.2755999446529,296.808000000005 -2.4792370386649,43.2756319634203,296.373900000006 -2.47923402122385,43.2756649880705,295.493900000001 -2.47919797901804,43.2757250025793,293.779599999994 -2.47915405768885,43.2757830058876,292.5193 -2.47907493228198,43.2758530785925,289.193299999999 -2.47899899230112,43.2759260008176,286.374500000005 -2.47897401464465,43.2759709279597,285.316699999996 -2.47895708319819,43.2760180342873,284.823000000004 -2.47895004220298,43.2760659783866,284.068700000003 -2.47894501343403,43.2761640469934,282.935200000007 -2.47893193755674,43.276260941468,281.233999999997 -2.47892204710547,43.2763310142766,278.224100000007 -2.4789039415609,43.2764009195746,276.863400000002 -2.47889304499651,43.2764069542453,276.720499999996 -2.47888298745861,43.2764139954568,276.517000000007 -2.47887494035027,43.2764230477878,276.299700000003 -2.47886907345316,43.2764319326875,276.195699999997 -2.47886605601211,43.2764409850158,276.200400000002 -2.47886404378588,43.2764510432295,276.282300000006 -2.47886404378588,43.2764609340116,276.325800000006 -2.47886706122693,43.276470992222,276.281199999998 -2.47887192290926,43.2764810504307,276.1535 -2.47887795779132,43.2764889294359,275.9954 -2.47893294277156,43.2765529673263,275.7837 -2.47898306696777,43.2766180110332,275.827999999994 -2.47906202438969,43.2766919388784,275.676699999996 -2.47914601147885,43.2767630177263,276.152400000006 -2.47920602522804,43.2768109618926,276.119099999996 -2.47927006342969,43.276856057118,276.051500000001 -2.47933896241534,43.2768979665896,275.542700000005 -2.47938506305742,43.2769289794492,274.975200000001 -2.4794370305966,43.2769549635555,274.839500000002 -2.47949201647514,43.2769750798112,273.944399999993 -2.47960098122079,43.2769970403873,272.583700000003 -2.47970994596645,43.2770139715688,271.178100000005 -2.47982092204001,43.2770260420961,269.664900000003 -2.47994598010397,43.2770389497618,268.049499999994 -2.48007103816793,43.2770459909001,265.230800000005 -2.48019592824693,43.2770480026538,262.711899999995 -2.48030891654675,43.2770300649507,260.897899999996 -2.48042307804632,43.2770169892008,258.731499999994 -2.48049801191407,43.27702101271,257.929999999993 -2.480571940567,43.2770300649507,256.549899999998 -2.48064402497865,43.2770439791464,255.754499999995 -2.48071795363158,43.2770739860552,255.049700000003 -2.4807940606991,43.2770999700996,254.256699999998 -2.48087301812098,43.2771219306306,252.569000000003 -2.48097594798457,43.2771450651108,251.839200000002 -2.4810800519462,43.2771640080009,251.0 -2.48118599835251,43.277177922166,250.382599999997 -2.48137492663317,43.2771970324737,249.031099999993 -2.48156301678566,43.2772179870957,247.120200000005 -2.48174305982986,43.2772409541117,245.516900000002 -2.48192192967428,43.2772699550503,245.238299999997 -2.48206794273889,43.2773039859922,245.0 -2.48221496101826,43.2773329869007,243.821200000006 -2.48241093029413,43.2773589708344,243.0 -2.48260606054352,43.2773819371433,242.0 -2.48268703019166,43.2773899841131,242.0 -2.48276498150042,43.2774040656537,241.969700000001 -2.48284092148129,43.2774240143338,241.231499999994 -2.48289406311855,43.2774499982287,241.144700000004 -2.48294100188879,43.2774810114609,240.352700000003 -2.48298106675047,43.2775170533689,239.3799 -2.48301291831548,43.2775569513025,238.634699999995 -2.48304108139795,43.2776070753131,238.124200000006 -2.48306304251169,43.2776590429355,238.202499999999 -2.48307695651714,43.2777120170333,237.727899999998 -2.48308500272714,43.2777659962959,237.333400000003 -2.48309707249131,43.2778870308971,235.684800000003 -2.48310696294258,43.2780080652576,234.861999999994 -2.48311199260986,43.2780680800717,234.911099999998 -2.483124062374,43.2781269208883,234.420100000003 -2.48314300514839,43.2781849238691,234.033299999996 -2.4831770360263,43.2782310239335,234.045800000007 -2.48321894512926,43.2782729337662,233.945699999997 -2.48326806321238,43.2783109875709,233.693899999998 -2.48332807785987,43.2783609435359,233.5046 -2.48339194807657,43.2784090558296,233.4807 -2.48346000893409,43.2784539831004,232.618000000002 -2.48359294612139,43.2785359581493,231.932199999996 -2.48372605039535,43.278615921386,232.087299999999 -2.4837659481704,43.2786439164727,231.706699999995 -2.48381003748454,43.2786680568783,230.898300000001 -2.48385697625475,43.2786880057981,230.566099999996 -2.48390693246603,43.2787039313136,229.589800000002 -2.48399997098002,43.2787439965464,227.901700000002 -2.48408798162335,43.2787879177219,225.997199999998 -2.48414497793148,43.2788299952481,225.034700000004 -2.48419594025585,43.2788759280547,224.320000000007 -2.48424103478481,43.278925045787,224.182799999995 -2.4844460563838,43.2791169913362,220.7264 -2.48450707624611,43.2791709706604,219.488299999997 -2.48456306733943,43.2792269616184,219.218599999993 -2.48461402966383,43.2792859706984,219.251300000004 -2.48467404431132,43.2793520199386,218.891900000002 -2.48474093196906,43.2794150515941,219.228400000007 -2.48479206138009,43.2794680254711,219.500899999999 -2.48483698792406,43.2795250226455,220.144499999995 -2.48487705368407,43.2795830249475,220.740099999995 -2.48491007844887,43.27964404535,221.4617 -2.48493991778765,43.2797089216019,220.822899999999 -2.48496405821429,43.2797749710369,221.481599999999 -2.48497998354763,43.279842026231,220.941600000006 -2.4849860184297,43.279867003917,220.521099999998 -2.48499708208075,43.2798909764171,220.585099999997 -2.48501401352724,43.2799139424242,221.048899999994 -2.48503597464098,43.2799340590096,220.944199999998 -2.48506195841056,43.2799509906818,220.930999999997 -2.48510604682641,43.2799739573204,221.026299999998 -2.48515399170976,43.2799920622297,221.441200000001 -2.48520595924895,43.2800039640922,221.858099999998 -2.48525993901437,43.2800089932318,222.279500000004 -2.48561700766171,43.2800059757481,223.725699999995 -2.48570300607877,43.2800089932318,223.425199999998 -2.48578799928108,43.2800170398541,222.316099999996 -2.48587299158507,43.2800279365383,220.900599999994 -2.48590501023674,43.2800470472587,220.479399999997 -2.48593300623255,43.2800690080341,219.988800000006 -2.485954966448,43.280093986281,219.087 -2.48597206587941,43.2801209755157,218.333700000003 -2.48598296154551,43.2801499770436,217.228300000002 -2.48600995142823,43.2802329582476,215.460000000006 -2.48603291775676,43.2803159386845,213.179499999998 -2.48605001718821,43.2803999254836,211.604800000001 -2.48608605939402,43.2804679864631,210.228400000007 -2.48612696328219,43.2805340357281,208.980500000005 -2.48617406913905,43.2805980739392,207.267500000002 -2.4862220140224,43.2806379718145,206.684200000003 -2.48627599288949,43.2806730079975,204.826199999996 -2.48633600753701,43.2807020092622,203.975200000001 -2.48650096337599,43.280780967107,203.151400000002 -2.48666206364579,43.2808639474505,201.8318 -2.48671403118498,43.2808820527489,201.0389 -2.48676298218145,43.2809040132229,200.413100000005 -2.48677404583247,43.280907030662,200.233099999998 -2.48678594850998,43.280908036475,200.039799999999 -2.48679801827414,43.280909042288,200.0 -2.48680992095165,43.280907030662,200.0 -2.48682199071582,43.280905019036,200.0 -2.48683204915205,43.2809009957836,200.0 -2.48684193960333,43.2808959667178,200.0 -2.48689893591147,43.2808719939598,200.162100000001 -2.48695107143561,43.2808429927761,199.880300000004 -2.48699801020585,43.2808099683203,199.723199999993 -2.48703807596583,43.2807720821883,199.9663 -2.48708199729501,43.2807360395925,200.304499999998 -2.48712893606525,43.2807030150786,200.111600000004 -2.48718207680421,43.2806730079975,200.800399999993 -2.48723907401065,43.2806480299884,200.367800000007 -2.48729808254505,43.280626069422,199.525399999999 -2.48736094664863,43.2806089698653,199.467199999999 -2.48745398606091,43.2805829860115,198.973800000007 -2.48755104812906,43.2805620312404,199.014500000005 -2.48764894922367,43.2805469439576,198.550099999993 -2.4877470174049,43.2805439265006,198.064799999993 -2.48784307425823,43.2805350415473,198.501199999999 -2.48793795701349,43.2805189484385,199.160000000003 -2.48800601787101,43.2804959820057,198.801500000001 -2.48807005607266,43.2804679864631,199.090599999996 -2.48812906460703,43.280432950162,199.080300000001 -2.48818103214622,43.2803940579737,198.470700000005 -2.48824892591708,43.280343934297,197.465899999996 -2.48832302165667,43.2802980012907,197.079100000003 -2.48840097296544,43.2802559241257,196.002699999997 -2.48870892442798,43.2801030387185,190.944600000003 -2.48895501700176,43.2799900505733,185.061000000002 -2.48919993637577,43.2798760563883,179.411600000007 -2.48941099285683,43.2797759768687,173.6253 -2.48962406066582,43.2796770704387,168.172399999996 -2.48975599174,43.279615044235,165.0285 -2.48988507335812,43.2795489946263,161.871799999994 -2.49000895732401,43.2794789222535,158.460999999996 -2.49006394320255,43.2794269542235,157.397899999996 -2.49011306128567,43.2793729744724,155.612800000003 -2.49015597650174,43.2793149719702,153.4997 -2.49017491927614,43.2792670271608,152.308300000004 -2.49018799515342,43.2792180771267,150.808699999994 -2.49019403003549,43.2791679531352,149.556700000001 -2.49019403003549,43.2791179971789,148.437900000004 -2.49019403003549,43.279075082085,147.004400000005 -2.49020107103067,43.2790330047282,145.9467 -2.490213978923,43.2789909273423,145.307100000005 -2.49023493392362,43.278951029695,144.169599999994 -2.49026091769323,43.2789129756365,142.920899999997 -2.49032897855072,43.2788650311643,141.680900000007 -2.49040206907549,43.2788209426213,140.688299999994 -2.49047901516947,43.2787810448625,139.063399999999 -2.49055998391929,43.2787450023952,138.090500000006 -2.49077204651349,43.2786549808265,135.583199999994 -2.49098695856372,43.2785689825314,133.847800000003 -2.49112492452001,43.278525061198,132.764200000005 -2.4912600401219,43.2784779548492,130.733900000007 -2.4913909659813,43.2784259872722,128.725699999995 -2.49152507636838,43.2783699962312,127.125700000004 -2.49166203621155,43.2783190344179,125.378100000002 -2.49180201439406,43.278270922053,122.999500000005 -2.49189203636533,43.2782439326516,122.541800000006 -2.49198406966449,43.2782199601567,120.103099999993 -2.49207694109181,43.2782000110835,118.663100000005 -2.49219194071954,43.2781700040759,116.684999999998 -2.49230492901936,43.2781359736185,114.416700000002 -2.49241406085164,43.27809708127,113.090200000006 -2.49247994239627,43.2780600331915,112.026100000003 -2.49254196926999,43.2780189623016,111.025099999999 -2.49259796036335,43.2779740353636,109.959000000003 -2.4926619976667,43.2779120087317,108.091700000004 -2.49271899487314,43.2778469651,106.162100000001 -2.49277096241233,43.2777790718847,104.3413 -2.49280901594611,43.2777069877039,102.963099999994 -2.49283902326985,43.277634064997,102.256399999998 -2.49285897215736,43.2775579571709,101.489300000001 -2.49287506547566,43.2774479864883,100.696500000005 -2.49288596204005,43.2773370103889,98.8307999999961 -2.4929220042459,43.2771029877274,95.4162999999971 -2.49294899412862,43.2769779293628,93.4082999999955 -2.49296592557508,43.2768520335979,92.3024000000005 -2.49297296657026,43.2768099566659,92.1153000000049 -2.49297296657026,43.2767670412522,91.174199999994 -2.4929669316882,43.2767249636074,90.6303000000044 -2.49295402289757,43.2766840598994,90.1634000000049 -2.49292602780006,43.2765990679731,89.9716999999946 -2.49289199692215,43.2765159189617,88.6169999999984 -2.49288395071215,43.276478032772,87.5580000000045 -2.49288193848592,43.276439979129,87.0 -2.49288596204005,43.2764029313496,86.9625999999989 -2.49289702658943,43.2763660509777,86.5216999999975 -2.49291496325071,43.2763300083879,85.4670000000042 -2.49295704033859,43.2762770350491,85.0412000000069 -2.49300297389404,43.2762260727909,83.9501000000018 -2.49305091787906,43.2761990831366,83.3459000000003 -2.49310104207527,43.276172931931,83.0 -2.49312501361865,43.2761700816876,82.9426999999996 -2.49314898606029,43.276168069905,82.7967999999964 -2.49317396461509,43.2761700816877,82.6953000000067 -2.49319793615846,43.2761739378223,82.4857999999949 -2.49328695201658,43.276176954842,82.0 -2.49337596787473,43.276176954842,80.7388999999966 -2.49338401498303,43.2761789666243,80.6080999999976 -2.49339306730614,43.2761789666243,80.4612000000052 -2.49340094642952,43.2761789666243,80.3332999999984 -2.49340999875264,43.276176954842,80.1867000000057 -2.49341804496264,43.2761749430595,80.0564000000013 -2.49342491887119,43.2761709201484,80.0 -2.49343095375326,43.2761670646676,80.0 -2.49343698863533,43.2761620352105,80.0 -2.49344101218949,43.2761560005155,80.0 -2.49344402963055,43.2761509710575,80.0 -2.49344503484533,43.2761439304697,80.0 -2.49345392008182,43.2761199578014,79.7660999999935 -2.49345693752287,43.2760959857777,79.4449000000022 -2.49345392008182,43.2760720137446,79.2361999999994 -2.49344604095845,43.276048041048,79.0 -2.49344101218949,43.2759880268577,79.0 -2.49344000607638,43.2759290185036,79.0 -2.49344402963055,43.2758700094383,79.0 -2.49349700328285,43.2758230710816,79.0 -2.49360496191539,43.2757719416656,78.2578999999969 -2.49376304474414,43.2757499806474,78.0 -2.49395197212647,43.2757320438697,78.1159999999945 -2.4941010026321,43.2756990186019,77.869200000001 -2.49430602423109,43.2756180495557,78.4919999999984 -2.4943990636434,43.2754539319013,79.7767000000022 -2.49442504741298,43.2753719572786,79.8221000000049 -2.4944520372957,43.2752789182338,80.3965999999928 -2.494472991398,43.2751929197455,80.1361999999936 -2.49448891762967,43.2751260320937,80.0 -2.49449394639863,43.2750660176482,80.7168999999994 -2.49449495251177,43.2749919217019,80.7387000000017 -2.49449495251177,43.2749280515649,80.7473000000027 -2.49449595772656,43.2748720605754,80.7385000000068 -2.49448103850633,43.2747860621661,80.9921000000031 -2.49446092163386,43.2747339266178,81.0 -2.49441599508986,43.2746630154507,81.0703000000067 -2.49435497432922,43.2745949545183,82.0375000000058 -2.49430401290319,43.2745389632223,81.9339000000036 -2.49425891747589,43.2744749258286,82.0 -2.49420795604986,43.2744120617233,82.2565999999933 -2.4941680582748,43.2743409827457,83.0 -2.49415297017129,43.2742769451437,83.0 -2.49413905706417,43.2742169305148,83.0 -2.49412899862794,43.2741579224054,84.0 -2.49411994630482,43.2740040301381,84.491200000004 -2.49417006960274,43.273863047129,85.3744000000006 -2.49426897591216,43.2737730248783,85.0 -2.49433904899588,43.2737069754687,85.1753999999928 -2.49440593665363,43.2736360650671,85.3402999999962 -2.49448606727528,43.2735359850949,85.148199999996 -2.49457105957926,43.2734320493041,84.7881000000052 -2.49466594323282,43.2733239227982,84.3138999999937 -2.49473601541824,43.2732479829064,84.1051000000007 -2.49483006094367,43.273157961054,83.4094000000041 -2.49488806336493,43.2730959347455,83.0 -2.49494204313035,43.2730369262031,82.8003999999928 -2.49499702811058,43.2729660156749,82.0 -2.4950530192039,43.2728570504886,81.9683999999979 -2.49508302652768,43.2727680353136,82.0592000000033 -2.49511202773831,43.2726520294349,82.0626000000047 -2.49512996529788,43.2725620080091,81.5182999999961 -2.49514102894894,43.2724659513892,80.7256999999954 -2.49516600750373,43.2722800408697,81.4241000000038 -2.49518495027812,43.2721549824045,80.8427999999985 -2.49520104359642,43.2720629489791,80.3451000000059 -2.49520992883291,43.2719690722433,80.832899999994 -2.4952109340477,43.2718919585647,80.7531000000017 -2.49520992883291,43.2718629570254,80.3803000000044 -2.4952060732637,43.2718349614352,79.8252000000066 -2.49519903226852,43.2718059598686,79.7397000000055 -2.49518897383229,43.2717789702161,79.9064999999973 -2.49517505982685,43.2717519805516,80.0494000000035 -2.49517405371373,43.2717249908752,79.8010000000068 -2.49517505982685,43.2716800638688,78.9119000000064 -2.49518193283707,43.2716230671949,78.0207999999984 -2.4952920716808,43.2715380747408,76.5584999999992 -2.49529592725001,43.2715149407453,76.9309999999969 -2.49528704201352,43.271447047006,77.0 -2.49527296092145,43.2714140220291,77.0 -2.49523792393042,43.2713489786465,77.0 -2.49519199127331,43.2712859471386,77.0 -2.49515695518061,43.2712339793063,77.0 -2.49511504517933,43.2711870406442,77.1858000000066 -2.49508000908663,43.2711459690398,77.7599000000046 -2.49504799043495,43.2710960130384,78.286300000007 -2.49500507521888,43.271047062318,78.7158000000054 -2.49498495834642,43.2709870484285,78.7345999999961 -2.49494304924346,43.2709759839886,79.0 -2.49491907680179,43.2709449713656,79.0 -2.49491505324765,43.2709169753531,78.9165000000066 -2.49490298348349,43.2708690311217,78.4495000000024 -2.49487901104181,43.2708209187531,78.0469000000012 -2.49478396030159,43.2707179888854,77.0583999999944 -2.49471807875696,43.2706239439374,76.6175999999978 -2.49457692737471,43.2703959562356,77.0644999999931 -2.49448807950152,43.2702420649208,76.8711999999941 -2.49440593665363,43.2700249736098,76.7822000000015 -2.49438397553989,43.2699009210845,77.4437000000034 -2.49433904899588,43.2697979916232,77.9349999999977 -2.49430904167214,43.269743005836,78.6704999999929 -2.49427802823528,43.2696360527647,78.5121000000072 -2.49424399825567,43.2695609514017,79.0 -2.49421499704504,43.2694489686527,79.0 -2.49428205178941,43.2693609590756,78.9676000000036 -2.49424802180983,43.2693410103687,79.0 -2.49422404936816,43.2693110029173,79.0 -2.49419404204441,43.2692890421839,79.0948000000062 -2.49416101727962,43.2692660760912,79.6964000000007 -2.4941010026321,43.2692509886241,79.1607999999978 -2.49405205253396,43.2692380806147,79.5553000000073 -2.49398499689126,43.2692099170215,79.0040000000008 -2.4939620305627,43.269182927526,79.0 -2.4938130009554,43.2690080809351,79.0 -2.4935799833606,43.2686079291198,79.0 -2.49326599791428,43.2680659547097,81.0 -2.49325007168261,43.268030918463,81.0720000000001 -2.49323699580533,43.2679950442767,81.900999999998 -2.49322894959532,43.267957995935,82.0 -2.49322593215427,43.2679209482249,82.1527999999962 -2.49322593215427,43.2678840679456,82.5418999999965 -2.49323196703637,43.2678460135074,83.0 -2.49324101935949,43.2678099717586,83.0014999999985 -2.49325493336493,43.2677739293344,83.8034000000043 -2.49327303801117,43.2677390610274,84.0 -2.49341703974782,43.2674760364192,85.1061999999947 -2.49363999800809,43.2671759644731,85.6652000000031 -2.49364703900327,43.2671660741442,85.5522999999957 -2.49365692945458,43.2671540036236,85.3934000000008 -2.49366799400393,43.2671419337546,85.215400000001 -2.49368106988118,43.2671320434202,85.0040000000008 -2.49369498298832,43.2671219849746,85.0 -2.49371107630662,43.2671129325684,85.0 -2.4937270025383,43.2671050536574,85.0 -2.49374393398479,43.2670980126771,85.0 -2.49376203863103,43.2670919777374,85.0 -2.49378098140542,43.2670869488386,85.0 -2.49379992507811,43.2670839313682,85.0 -2.49381903583746,43.2670819192852,85.0 -2.49383898472497,43.2670810813533,85.0 -2.49385893361252,43.2670810813533,85.0 -2.49387804437187,43.2670829253267,84.8139999999985 -2.49389799325938,43.2670849367556,84.4900000000052 -2.49421600225986,43.2671239964022,83.0 -2.49444097274632,43.2671489747298,82.0 -2.49498194090537,43.2672019481649,80.0 -2.49560806935335,43.2672969992054,78.7688000000053 -2.49574100564235,43.2673080630058,80.0 -2.49653996905269,43.2673189600034,80.0 -2.49656595282226,43.2673179539657,80.0 -2.49659093137706,43.2673149365069,80.0 -2.49661607701851,43.267311080465,80.0 -2.49664004856185,43.2673060515843,80.0 -2.49666402100353,43.2672990106272,80.0 -2.49668598211727,43.2672899582473,80.0 -2.49670794233271,43.2672800679369,80.0 -2.49672805920518,43.2672690034773,80.0 -2.49674700197958,43.2672559275926,80.0 -2.49676108396998,43.2672460372766,80.0 -2.49676393342607,43.2672430198142,80.0 -2.49676896219502,43.2672400023516,80.0 -2.4967739918623,43.2672369848888,80.0 -2.49677902063125,43.2672349728108,80.0 -2.49678505551332,43.2672329613869,80.0 -2.49679092330876,43.2672309499629,80.0 -2.49679695819086,43.2672299439238,80.0 -2.49680299307293,43.2672289378847,80.0 -2.496809027955,43.2672289378847,80.0 -2.49681606895021,43.2672289378847,80.0 -2.49682193584732,43.2672289378847,80.0 -2.49682797162772,43.2672299439238,80.0 -2.49683400650979,43.2672309499629,80.0 -2.49684004139189,43.2672319553478,80.0 -2.49684607627396,43.2672339674259,80.0 -2.49685093795628,43.2672359788499,80.0 -2.49685697283835,43.2672389963127,80.0 -2.4968620016073,43.2672420137753,80.0 -2.49686602516147,43.2672450312378,80.0 -2.49687004871563,43.2672490547389,80.0 -2.49687407137147,43.2672520722011,80.0 -2.49687692172586,43.2672559275926,80.0 -2.49687993916691,43.2672599510929,80.0 -2.4970869720938,43.2676500449081,82.0 -2.49709099564796,43.2676530623503,82.0 -2.49709401308901,43.2676550737604,82.0 -2.49709803574485,43.2676569183706,82.0 -2.49710306541213,43.2676579237484,82.0 -2.49710692098131,43.2676589297805,82.0 -2.49711194975029,43.2676599358125,82.0 -2.49711597330443,43.2676609411903,82.0 -2.49712100297171,43.2676619472223,82.0 -2.49712603174069,43.2676619472223,82.0 -2.49713005529483,43.2676619472223,82.0152999999991 -2.49713491607885,43.2676609411903,82.0384000000049 -2.4971399457461,43.2676599358125,82.0586999999941 -2.49714396930027,43.2676589297805,82.0709999999963 -2.49714899806922,43.2676579237484,82.0841999999975 -2.49715302162339,43.2676560797925,82.0823999999993 -2.49715704427922,43.2676540683825,82.0734999999986 -2.49716006261857,43.2676520563182,82.0568999999959 -2.49716308005962,43.2676510509402,82.0489999999991 -2.49801501622393,43.2671799879788,84.0 -2.49816807028373,43.267093989166,84.8886999999959 -2.49816907549855,43.2670929837788,84.9023000000016 -2.49817393718084,43.267090971696,84.9526999999944 -2.49817896594982,43.2670889602673,84.9973000000027 -2.4981839956171,43.2670869488386,85.0347000000038 -2.49818902438606,43.2670859427971,85.0681999999942 -2.49819505926812,43.2670839313682,85.0988999999972 -2.49820092706356,43.2670839313682,85.1355999999942 -2.49820696194563,43.2670829253267,85.1631999999954 -2.49821199071462,43.2670829253267,85.1926999999996 -2.49821802559668,43.2670839313682,85.2419999999984 -2.49822406137708,43.2670839313682,85.2792999999947 -2.49822992827419,43.2670849367556,85.3338999999978 -2.49823495704314,43.2670869488386,85.4070999999967 -2.49823998671043,43.2670889602673,85.4875000000029 -2.49824501547941,43.267090971696,85.5699000000022 -2.49825004514666,43.2670929837788,85.6453000000038 -2.49825507391564,43.2670960012487,85.7307000000001 -2.49825892948482,43.2670990187184,85.7997999999934 -2.49826295303898,43.267102036188,85.8610999999946 -2.49826597048003,43.2671060596986,85.9244000000035</coordinates>
</LineString>
</Placemark>
</Folder>
</Document></kml>
