<?xml version="1.0" encoding="UTF-8"?>

<kml xmlns:xsd="http://www.w3.org/2001/XMLSchema" xmlns:gx="http://www.google.com/kml/ext/2.2" xmlns:atom="http://www.w3.org/2005/Atom" xmlns="http://www.opengis.net/kml/2.2">
<Document>
<name>ES03a_02a_san_sebastian-zarautz</name>
<visibility>1</visibility>
<Schema name="ES03a_02a_san_sebastian-zarautz" id="kml_schema_ft_ES03a_02a_san_sebastian-zarautz">
<SimpleField type="xsd:string" name="id">
<displayName>id</displayName>
</SimpleField>
<SimpleField type="xsd:string" name="nombre">
<displayName>nombre</displayName>
</SimpleField>
<SimpleField type="xsd:double" name="longitud">
<displayName>longitud</displayName>
</SimpleField>
<SimpleField type="xsd:string" name="_formato">
<displayName>_formato</displayName>
</SimpleField>
</Schema>
<Folder id="kml_ft_ES03a_02a_san_sebastian-zarautz">
<name>ES03a_02a_san_sebastian-zarautz</name>
<Placemark id="kml_1">
<name>&lt;img height='20' src='https://nco.ign.es/iconos/icono_todos_caminos_azul.png' /&gt;&lt;img height='20' src='https://nco.ign.es/iconos/Camino Santiago_20.png' /&gt;&lt;img height='20' src='https://nco.ign.es/iconos/icono_todos_caminos_azul.png' /&gt;  Camino de Santiago </name>
<visibility>1</visibility>
<description><![CDATA[<!DOCTYPE html>
<html>
<head>
<style>
#nco {
  border-collapse: collapse;
  overflow:hidden;
}
#nco th, #nco td {
  padding: 4px;
  text-align: left;
}
#nco th {
  color: #364B5F;
  padding-right: 5px;
}
#nco td {
  color: rgb(51, 51, 51);
  font-size: 12px;
  padding-right: 5px;
}
</style>
</head>
<body>
<table id="nco">
<tr>
<td>Caminos del Norte</td>
</tr>
<tr>
<th><b>Camino: </b></th>
<td>ES03a Camino del Norte</td>
</tr>
<tr>
<th><b>Etapa: </b></th>
<td>02a San Sebastián-Zarautz</td>
</tr>
<tr>
<th><b>Longitud: </b></th>
<td>22.61 km</td>
</tr>
</table>
</body>
</html>]]></description>
<Style>
<IconStyle>
<scale>0.8</scale>
</IconStyle>
<LabelStyle>
<color>ffffffff</color>
<scale>0.75</scale>
</LabelStyle>
<LineStyle>
<color>ffff0000</color>
<width>3.0</width>
<gx:labelVisibility>1</gx:labelVisibility>
</LineStyle>
<PolyStyle>
<color>66ff0000</color>
</PolyStyle>
</Style>
<ExtendedData>
<SchemaData schemaUrl="#kml_schema_ft_ES03a_02a_san_sebastian-zarautz">
<SimpleData name="id">ES03a_02a</SimpleData>
<SimpleData name="_formato">kml</SimpleData>
</SchemaData>
</ExtendedData>
<LineString>
<extrude>0</extrude>
<tessellate>1</tessellate>
<coordinates>-1.98563195739445,43.3213309378896,8.0 -1.98549097399712,43.3211180377178,7.0 -1.98586095143509,43.3209959970719,7.0 -1.98587100987132,43.3209909680538,7.0 -1.98588106740926,43.320986944839,7.0 -1.98588995264571,43.3209810773236,7.0 -1.98589900496883,43.3209760483042,7.0 -1.98590604596405,43.3209690076765,7.0 -1.98591291897427,43.3209619663944,7.0 -1.98591895385634,43.320954925765,7.0 -1.98592498873844,43.3209470466377,7.0 -1.98592901229261,43.320939000202,7.0 -1.98593202973362,43.3209309537653,7.0 -1.98593504717468,43.3209230746349,7.0 -1.98593605328779,43.3209140223912,7.0 -1.98593705850258,43.3209059752976,7.0 -1.98593605328779,43.3208969230514,7.0 -1.98593404106156,43.3208890439165,7.0 -1.98593102362051,43.3208799916677,7.0 -1.98592800617946,43.3208719452232,7.0 -1.98592297741051,43.3208640660851,7.0 -1.98591794774322,43.3208570254444,7.0 -1.985911074733,43.3208499841493,7.0 -1.98590403463611,43.3208429435069,7.0 -1.98589598752781,43.3208370759775,7.0 -1.98589397619988,43.3208350643651,7.0 -1.98554495376254,43.3206570331317,7.0 -1.98522107696665,43.3204870478732,7.0 -1.98513407243644,43.3204359180946,6.95799999999872 -1.98510507122578,43.3203930027443,7.28340000000026 -1.98507607001515,43.3203529374975,6.34739999999874 -1.98505394181475,43.3203440524778,7.0 -1.98501102659871,43.3203360059623,7.0 -1.98497800183392,43.3203190744224,7.0 -1.98496308171536,43.3202910789109,7.0 -1.9848460707597,43.3196139889393,8.0 -1.98482796521517,43.3195769406601,7.97310000000289 -1.98478102644493,43.3195040184806,7.05939999999828 -1.98473492670118,43.3194409865425,7.0 -1.98473107113198,43.3194039381579,7.0 -1.98476694535286,43.3193509650785,7.0 -1.98478706222533,43.3193159283017,7.0 -1.98478303867116,43.3192530641341,7.0 -1.98479292912244,43.3191799742537,7.0 -1.98480298755867,43.3191310236635,7.0 -1.98488898597577,43.3188770522212,7.49360000000161 -1.98493106306368,43.3187739546519,8.0 -1.98495805294637,43.3187380803219,8.0 -1.98502494060412,43.3186819211694,8.0 -1.98506198802475,43.3186299533033,8.0 -1.98506601157892,43.3185959232612,8.0 -1.98504505657829,43.3185600481726,7.44580000000133 -1.98503097548622,43.3185379202563,7.00299999999697 -1.98508394913853,43.3185010399421,7.0280000000057 -1.98513306722162,43.3184609741013,7.97250000000349 -1.98517598243769,43.3184180586632,8.0 -1.98520900720248,43.3183840285024,8.0 -1.98523499097206,43.3183489918217,7.5966000000044 -1.98524404329518,43.3183369223053,7.13710000000719 -1.98552399876191,43.3179890731984,7.0 -1.98582608242902,43.3176410567446,7.53810000000522 -1.98617795522075,43.3172779522832,7.85469999999623 -1.98645807777411,43.317039068323,8.0 -1.98699099972315,43.316612932582,7.83340000000317 -1.9876010339545,43.3161619859838,8.0 -1.98806405080478,43.3158379415809,8.0 -1.98868297027259,43.3154689700619,8.0 -1.98874901980218,43.3154240433335,8.0 -1.9888829622043,43.3153610110846,8.0 -1.98897097284763,43.3153060259531,8.00290000000678 -1.98903400493616,43.3152669665184,8.0 -1.98912000245496,43.315234947698,8.26009999999951 -1.98922008286243,43.3151940437416,9.0 -1.9892629980785,43.3151799624525,9.0 -1.98930406905329,43.3151630307829,9.0 -1.98934195550041,43.315143082061,9.0 -1.98937799770622,43.3151219594548,9.0 -1.98941202858413,43.3150979871146,8.58599999999569 -1.98944203590791,43.3150720029617,8.56080000000657 -1.9894690248923,43.3150440076472,8.32499999999709 -1.98947506067267,43.3150369669857,8.16749999999593 -1.98948595633876,43.3150250647886,8.0 -1.98951093489355,43.3149999185302,8.0 -1.98953993610418,43.3149759467954,8.12069999999949 -1.98957094954104,43.3149549921085,8.21259999999893 -1.98960397430584,43.3149360485686,8.09940000000643 -1.98963901039856,43.3149189495072,8.48600000000442 -1.98967706393231,43.3149040295739,8.53149999999732 -1.98993807662462,43.3148490446825,9.19469999999274 -1.99016706976695,43.31480596133,9.27019999999902 -1.99029497818533,43.3147799777059,9.0 -1.99046295146536,43.3147509763499,9.0 -1.99094993985898,43.3146540817458,10.0 -1.99126895497258,43.3145809915623,11.0 -1.99168402693947,43.3144720264031,11.8527999999933 -1.99198393129372,43.3143999419135,13.0 -1.99226405474538,43.3143469683933,13.7048000000068 -1.99257904630481,43.3143290312314,14.2669000000024 -1.99293293042448,43.3143169615701,15.5020999999979 -1.99329804618015,43.3143060651464,16.0 -1.99383901433919,43.3142939948269,18.0 -1.99432801495905,43.3142869540785,19.0 -1.99494106663142,43.3142849422492,21.0 -1.9954040834817,43.3142889659077,22.6065999999992 -1.99570801139008,43.3142990243993,22.8849999999948 -1.99590498588073,43.314305059232,24.0 -1.99624897954912,43.3143419394785,24.5948000000062 -1.99704693594801,43.3144780618723,24.6637000000046 -1.99727207441946,43.3145229886465,24.8709999999992 -1.99744792682287,43.3145920552615,23.7661999999982 -1.99755303599932,43.3146259182604,24.0902999999962 -1.99773894594062,43.3146929735963,24.0881999999983 -1.99798403329959,43.3147799777059,24.0 -1.99807506048564,43.3148379803764,24.0 -1.99817094935401,43.3148899482175,24.0 -1.99827404720252,43.3149360485686,24.0 -1.99833992874715,43.3149610268761,24.0 -1.99899807584681,43.3151950496412,21.0 -1.99903193873977,43.315206951805,20.9235999999946 -1.99906798094558,43.3152160042454,20.729600000006 -1.99910402315142,43.3152240507853,20.3736000000063 -1.99914207668517,43.3152290802807,20.023199999996 -1.99917996313228,43.3152309241021,20.0 -1.99921801666603,43.3152319300011,19.8187999999936 -1.9992560710981,43.3152290802807,19.2023999999947 -1.99929295143207,43.3152250566844,19.0 -1.99929798020103,43.3152240507853,19.0 -1.99932094652959,43.3152160042454,19.0 -1.99934206861687,43.3152059459056,19.0 -1.99936201840271,43.3151950496412,19.0 -1.99937995506399,43.3151829794984,19.0 -1.99939705449541,43.3151700714299,18.9315999999963 -1.99941297982875,43.3151559901352,18.5893000000069 -1.99942706181915,43.31514107026,18.2427000000025 -1.99943795838354,43.3151249771571,18.0494999999937 -1.99944801592148,43.3151080454723,18.0 -1.99945606302978,43.3150909464593,17.9955999999947 -1.99946192992692,43.3150730088634,17.9052999999985 -1.99946595348109,43.3150550719158,17.8448000000062 -1.9994669595942,43.3150369669857,17.8332999999984 -1.9994669595942,43.3150280818422,17.8356000000058 -1.99944298715253,43.3147829954252,16.0 -1.99944701070666,43.3147680754585,16.0 -1.99945405170188,43.314740917933,15.6864999999962 -1.99946494736794,43.3147159401887,15.0820999999996 -1.99947902935834,43.3146909617804,15.0 -1.99949596080483,43.3146669899239,14.9961999999941 -1.9995160776773,43.3146450292217,14.5715999999957 -1.99953803789274,43.3146230685116,14.0074000000022 -1.9995630155492,43.314602951634,14.0 -1.99959000543193,43.3145850145477,13.9643999999971 -1.99961900754085,43.3145689212975,13.5981000000029 -1.99965002007942,43.3145540012782,13.5426000000007 -1.99968304484421,43.3145419316616,13.377999999997 -1.99971707572212,43.3145320411888,12.9484999999986 -1.99975194382986,43.3145239945572,12.6153999999951 -1.99978698082088,43.3145179590926,12.1156000000046 -1.99982402824151,43.3145139361029,11.6258999999991 -1.99986107656047,43.314512930192,11.5002999999997 -1.99989695078136,43.3145139361029,11.5142999999953 -1.99993399910028,43.3145179590926,10.9945000000007 -1.99997004130613,43.3145229886465,10.6462000000029 -2.00000507739882,43.3145310352782,10.7790999999997 -2.00003894029178,43.3145409257512,10.7158999999956 -2.00007095894345,43.3145540012782,10.4759999999951 -2.00010197238031,43.314568083366,10.228099999993 -2.00013097359097,43.3145840086379,10.1796999999933 -2.00016500446888,43.3146269241694,9.97969999999623 -2.00019098823846,43.3146720188118,10.0 -2.00020791968492,43.3147199631651,9.0 -2.00021596589492,43.3147680754585,9.0 -2.00021596589492,43.3148170256419,9.0 -2.00020607544365,43.3148659757858,9.0 -2.00018797079741,43.3149130820594,9.17269999999553 -2.000174056792,43.3149729290857,9.13129999999364 -2.00026793433244,43.3150500424059,9.0 -2.00015092247848,43.3151859971977,8.70089999999618 -2.00083706557395,43.3153739191125,6.0 -2.00123805555048,43.31545907974,6.0 -2.00204506517082,43.3157100334161,6.0 -2.00273992461949,43.3159339983454,5.74049999999988 -2.00342807904289,43.3161569565656,5.0 -2.00404498718277,43.3163619780595,5.05659999999625 -2.00475996350394,43.3165780635065,5.58000000000175 -2.00537100474671,43.3167430192204,5.0 -2.00539899984422,43.3167480485901,5.0 -2.00542699584006,43.3167520720855,5.0 -2.00545599705069,43.3167539158608,5.0 -2.0054839921482,43.3167539158608,5.0 -2.00551299335883,43.3167520720855,5.0 -2.00554098935467,43.3167480485901,5.0 -2.00556898445218,43.3167430192204,5.0 -2.00559597433491,43.3167359787557,5.0 -2.0056209528897,43.3167269258881,5.0 -2.00564593054616,43.3167160298965,5.0 -2.00567007097279,43.3167039600557,5.0 -2.00569203118824,43.3166910516568,5.0 -2.00571198007575,43.3166759641859,5.0 -2.00572991763532,43.3166600388085,5.0 -2.00574701616844,43.3166429395787,5.0 -2.00576093017388,43.3166250024408,5.0 -2.00577300083635,43.3166060594215,5.0 -2.00578104704635,43.3165909719295,5.0 -2.0058700629045,43.3164209864065,5.0 -2.00593896189015,43.3162449664222,5.0 -2.00595706743471,43.3161889755538,5.0 -2.00597500409599,43.3161380134004,5.0 -2.00602596642036,43.3160270373007,5.0 -2.0060889985089,43.3159190786613,6.0 -2.00616594370458,43.3158149754125,6.0 -2.00616896114559,43.3158099459656,6.0 -2.00620198591039,43.315767030616,6.0 -2.00623903422935,43.3157269649332,6.18050000000221 -2.00628194944542,43.3156880730909,6.95209999999497 -2.00632805008749,43.3156530368164,7.0 -2.00633307885645,43.3156500191402,7.0 -2.00634397542084,43.3156429785489,7.0 -2.00635705129812,43.3156379490877,7.07099999999627 -2.00636995919042,43.3156329202797,7.27899999999499 -2.0063830350677,43.3156290646857,7.49009999999544 -2.00639694907314,43.3156260470084,7.71499999999651 -2.00641103106354,43.3156240352234,7.94280000000435 -2.00642595028377,43.3156220234383,8.0 -2.00644003227417,43.3156220234383,8.0 -2.00645495239273,43.3156230293309,8.0 -2.0064690334848,43.3156240352234,8.0 -2.00648294749024,43.3156260470084,8.10970000000088 -2.00649702948064,43.3156300705781,8.3579999999929 -2.00650993737297,43.3156339261721,8.59979999999632 -2.00652301325022,43.31563895498,8.81530000000203 -2.00653508301438,43.3156449903332,8.97430000000168 -2.00667304897067,43.3157400408586,11.2508999999991 -2.00679693383485,43.3158099459656,12.2590999999957 -2.00691495090363,43.3158560462723,13.215400000001 -2.00709700617405,43.3159090197843,15.2709999999934 -2.00721099968866,43.315949923913,16.0154000000039 -2.00729900943369,43.3159970299999,17.4563000000053 -2.0074130038466,43.3160679406964,18.7084999999934 -2.00751995636603,43.3161480722395,20.4024999999965 -2.00757795968561,43.3161929990863,22.0059000000037 -2.00758801812185,43.3161990337309,22.0834000000032 -2.00759807565975,43.3162050690285,22.2044000000024 -2.00760897222414,43.3162099304688,22.3646000000008 -2.00762104198831,43.3162139539999,22.5639999999985 -2.00763294466582,43.3162169709944,22.7746000000043 -2.00764501442998,43.3162189827598,22.9002000000037 -2.00765792322061,43.3162209945251,22.9523999999947 -2.00766999298478,43.3162220004077,22.9758000000002 -2.00768306886206,43.3162220004077,22.9857999999949 -2.00769597675435,43.3162209945251,22.995299999995 -2.00770804651852,43.3162199886424,23.1214000000036 -2.00772095441085,43.3162169709944,23.2847000000038 -2.00773302507331,43.3162139539999,23.4088999999949 -2.00774492685252,43.3162099304688,23.4875999999931 -2.00775498528876,43.3162060749114,23.5176000000065 -2.00776906727916,43.3161960167354,23.5139999999956 -2.00786596136232,43.3161339905178,24.6597000000038 -2.00797006532398,43.3160769936622,26.0 -2.00797207665188,43.3160759877772,26.0 -2.00798397843109,43.3160699524667,26.0 -2.00799604909356,43.3160649236945,26.0 -2.00800895698588,43.3160600622426,26.0 -2.00802203286317,43.3160570445867,26.0402000000031 -2.00803594686858,43.3160540269306,26.0607000000018 -2.00805002796068,43.3160520151598,26.0644000000029 -2.00806394196609,43.3160510092743,26.065499999997 -2.00807802395649,43.3160510092743,26.1575000000012 -2.00809193796193,43.3160520151598,26.3803999999946 -2.008106019054,43.3160530210452,26.5966999999946 -2.00811993305944,43.3160560387013,26.8123000000051 -2.00813401504984,43.3160590563573,27.0008999999991 -2.00814692294217,43.3160639178093,27.138300000006 -2.0081589927063,43.3160689465816,27.2223999999987 -2.00817106247047,43.3160749818921,27.2498999999953 -2.00818195903486,43.3160810165485,27.2198999999964 -2.0081920174711,43.3160880577426,27.1195000000007 -2.00820106979421,43.3160959361929,27.1410999999935 -2.0082099550307,43.3161049891544,27.4312000000064 -2.00821699602589,43.316114041461,27.6465999999928 -2.00821900735382,43.3161160532298,27.6916999999958 -2.00822403612277,43.3161249382142,27.8368999999948 -2.00822906579006,43.3161339905178,27.9507000000012 -2.00823208323111,43.3161430428202,28.0 -2.00823392747238,43.3161529336844,28.0 -2.00823493268717,43.3161619859839,28.0 -2.00823493268717,43.3161720441654,28.0 -2.00823392747238,43.3161809291416,28.0 -2.00823208323111,43.31619098732,28.0956000000006 -2.00822805967694,43.3162000396139,28.1998000000021 -2.00822403612277,43.316208924586,28.2767000000022 -2.00821800124071,43.3162179768771,28.3058000000019 -2.00821096114382,43.316226023938,28.2740000000049 -2.0082039201486,43.3162340703442,28.3585000000021 -2.00819503491215,43.3162409435468,28.3393999999971 -2.00818598258903,43.3162479840688,28.4275000000052 -2.00817592415279,43.3162540193616,28.5635000000038 -2.0081650275884,43.3162600540001,28.6996000000072 -2.00815396393735,43.3162640775279,28.7911000000022 -2.00814206125984,43.3162679330817,28.8790000000008 -2.00812898538256,43.3162719566089,28.9716000000044 -2.00812395661361,43.3162729624907,28.9948000000004 -2.00810300161298,43.316276985364,29.1751999999979 -2.00808104139754,43.3162789971274,29.2731000000058 -2.0080590802838,43.316280003009,29.3261999999959 -2.00803695208339,43.316280003009,29.3347000000067 -2.00801398575483,43.3162779912457,29.2541999999958 -2.00799303165251,43.3162749742541,29.1135999999969 -2.00797995577526,43.3162719566089,29.0 -2.00796604176981,43.3162689389635,29.0 -2.00795296589253,43.3162669271998,29.0 -2.00793905188709,43.3162659213179,29.0 -2.00792496989669,43.3162659213179,29.0 -2.00791105589128,43.3162669271998,29.0 -2.00789697479917,43.3162689389635,29.0 -2.00788406690688,43.3162719566089,29.0181000000011 -2.0078709910296,43.3162749742541,29.0877000000037 -2.00785808223897,43.3162789971274,29.1794999999984 -2.00784601247481,43.316285032417,29.3159000000014 -2.00783494882375,43.316290061171,29.4296999999933 -2.00782405225936,43.3162969343673,29.5844999999972 -2.00781399382313,43.3163039755365,29.6787999999942 -2.00780494150001,43.3163120219323,29.8819999999978 -2.00780007981769,43.3163170513377,30.0 -2.0077930388225,43.3163249304118,30.0 -2.00778801005355,43.3163339826857,30.0 -2.00778298038627,43.3163430349582,30.0 -2.00777895773043,43.3163519199094,30.0 -2.00777694550417,43.3163609721792,30.0046000000002 -2.00777594028938,43.3163710303279,30.0660999999964 -2.00777493417627,43.3163800832484,30.1156000000046 -2.00777594028938,43.3163899734205,30.1857000000018 -2.00777795161732,43.3163990263382,30.2722000000067 -2.00778096905833,43.3164080786011,30.4064000000071 -2.00778599872562,43.3164169635427,30.5929000000033 -2.00779102749457,43.3164260158029,30.7480999999971 -2.00779706237667,43.3164340621826,30.8671000000031 -2.00780494150001,43.3164419412416,30.9551000000065 -2.00781298771001,43.3164499882727,30.9986000000063 -2.00782204003313,43.3164570287706,31.1407000000036 -2.00783193138274,43.3164630640426,31.2728999999963 -2.00784198981897,43.3164679254622,31.3788999999961 -2.0078540595831,43.3164729542011,31.4882999999973 -2.00786495614753,43.3164769777148,31.5755000000063 -2.00787702591166,43.3164810012282,31.662599999996 -2.00788993380399,43.3164830129848,31.7504000000044 -2.00790300968128,43.3164850247413,31.8398000000016 -2.00791206200439,43.316486029966,31.8871000000072 -2.00797794354899,43.3165450388461,34.7682999999961 -2.00789395735816,43.3166519918052,38.5780999999988 -2.00792798733774,43.3166729465605,39.6689000000042 -2.00796302432876,43.3166860222824,40.7143000000069 -2.00803795819651,43.3167039600557,41.3283999999985 -2.00807198907442,43.3167200527405,41.7217999999993 -2.00804399307858,43.3167430192204,42.4501000000018 -2.00801901542212,43.3167559276083,42.7415999999939 -2.00800493343172,43.3167690033123,43.0761999999959 -2.00799806042149,43.3167869404076,43.8755999999994 -2.00799806042149,43.316802027851,44.5409999999974 -2.00799705430837,43.3168119186079,44.9792000000016 -2.00798699677044,43.3168209708092,45.3849999999948 -2.00796604176981,43.3168260001725,45.6165000000037 -2.00789194513193,43.3168419261599,46.5850000000064 -2.00782706970041,43.3168539959733,46.9236999999994 -2.00779404493562,43.3168640540403,47.0730999999942 -2.00776403761187,43.3168819911075,47.3996000000043 -2.00771106395957,43.3169200449402,49.0570000000007 -2.00769497064124,43.3169389885153,49.8383999999933 -2.0076909470871,43.3169540759209,50.2575999999972 -2.0076909470871,43.3169679894807,50.5703000000067 -2.00770100552334,43.3169909558668,51.242499999993 -2.00770201163645,43.3170030263042,51.4640999999974 -2.00770201163645,43.3170209633304,51.7666999999929 -2.00768893575917,43.3170479531724,52.2786999999953 -2.00767301042583,43.3170779606078,52.9609999999957 -2.00766697554373,43.3171160143178,53.8074000000051 -2.00767401564061,43.3171339513107,54.2044000000024 -2.00769497064124,43.3171550738712,54.6695000000036 -2.00771894308291,43.3171750225862,55.1551000000036 -2.00775196784771,43.3171879308824,55.3883999999962 -2.00780594761313,43.3172050299589,55.7577000000019 -2.00809998417193,43.3172600153328,60.4726999999984 -2.00823795012822,43.3172859992037,63.4833000000071 -2.00841799407071,43.3172950513344,66.528999999995 -2.00867699453679,43.3172519684089,70.1986999999936 -2.00880004127284,43.3172279962555,72.2636999999959 -2.00886994637164,43.3172040240925,73.3647000000055 -2.0088949240281,43.3171959771612,73.8638000000064 -2.00899399832248,43.3171490386679,74.0 -2.00901495332311,43.317144009985,74.0 -2.00903892486645,43.3171470269333,74.0 -2.0090580356258,43.3171520562696,74.0935000000027 -2.00907697929853,43.3171599352354,74.2988000000041 -2.00910195695499,43.3171649645707,74.6125000000029 -2.00911805027332,43.3171679821716,74.7624000000069 -2.00912995295083,43.3171699939055,74.8473999999987 -2.00915794804834,43.3171669763046,74.9649999999965 -2.01009303317369,43.316677975936,81.9355000000069 -2.01012605793845,43.3166580270578,82.0752999999968 -2.01015707137534,43.3166360664215,81.9876999999979 -2.01018607258597,43.3166109208297,82.471000000005 -2.01021105024243,43.3165849366702,82.8249999999971 -2.01023301135621,43.3165579472761,83.1739999999991 -2.0102519541306,43.3165289454615,83.4735999999975 -2.01026704133579,43.3164989384085,83.7103999999963 -2.01027894401329,43.3164679254622,83.8953000000038 -2.01028699022329,43.3164360739407,84.0485999999946 -2.01029101377746,43.3164050609624,84.2596999999951 -2.01029101377746,43.3163730420881,84.450800000006 -2.01028699022329,43.3163410231969,84.8956000000035 -2.01027995012641,43.3163090042889,84.8203000000067 -2.01026905356202,43.3162779912457,85.2017999999953 -2.0102539654585,43.3162479840688,85.8221000000049 -2.01023904623827,43.3162240121729,85.9600000000064 -2.00998608065426,43.315917066886,88.0001999999949 -2.00998406842803,43.3159140492229,87.9563000000053 -2.0099820571001,43.31590801455,87.9287999999942 -2.00998004487387,43.3159029851108,87.9152999999933 -2.00997803354593,43.3158969504368,87.9226999999955 -2.00997702743282,43.3158910830834,87.9523000000045 -2.00997702743282,43.3158850477546,87.9933000000019 -2.00997803354593,43.3158790130788,88.0969000000041 -2.00998004487387,43.3158729777487,88.2201999999961 -2.0099820571001,43.3158679489602,88.3313000000053 -2.00998406842803,43.315862081604,88.4670999999944 -2.00998792399721,43.315857052161,88.6080999999976 -2.00999194755137,43.3158520233711,88.7372000000032 -2.00999597110554,43.3158469939273,88.8518999999942 -2.01000200598761,43.3158429703719,88.9375 -2.01000703475659,43.3158379415809,89.0 -2.01001306963866,43.3158349239139,89.0 -2.01001994354722,43.3158310683327,89.0 -2.0100269836441,43.3158280506654,89.0 -2.01016394438557,43.3157889909127,90.0 -2.0103129748912,43.3157080222875,90.2973000000056 -2.01047206293477,43.315648007356,91.4091999999946 -2.01064892145126,43.3155779347406,93.4179000000004 -2.01079996328483,43.315538036909,96.568299999999 -2.0109340736719,43.3155239556996,98.0495999999985 -2.01109098240258,43.3155559743677,101.325400000002 -2.01120598203031,43.3156089481411,103.437600000005 -2.01137395531033,43.315648007356,105.200899999996 -2.01148895583639,43.3156880730909,106.712199999994 -2.01157897690932,43.3157350120591,107.894899999999 -2.01164100288474,43.3158220159839,108.0 -2.01177695751309,43.3158510174824,106.995599999995 -2.01183294860645,43.3158969504368,107.0484 -2.01188793448498,43.3159259512459,108.0193 -2.01198801399415,43.3159640056774,108.6826 -2.0120850760623,43.3159970299999,109.201400000005 -2.01220007569002,43.3160379334158,109.990399999995 -2.01225707289649,43.3160630792448,110.607999999993 -2.01236100887316,43.3161460604718,112.513800000001 -2.01249796871633,43.3162719566089,115.321599999996 -2.01264599310885,43.3163990263382,116.564700000003 -2.01279200617344,43.3165309572165,118.318199999994 -2.01291304068326,43.3166109208297,119.983999999997 -2.01303306997827,43.316677975936,120.448099999994 -2.01327899456706,43.3168529901011,122.236000000004 -2.01346104983749,43.3169750305721,124.410300000003 -2.01364696067712,43.3170980766661,124.577300000004 -2.01382096883922,43.3172020123598,124.003200000006 -2.01396999844656,43.3172809698785,124.5432 -2.01411198795698,43.3173599272946,123.996199999994 -2.01424995481159,43.317421953568,124.491500000004 -2.01468095211186,43.3175870769218,124.923299999995 -2.01507892464734,43.3177389570184,126.408599999995 -2.01527891657904,43.3178239496298,127.455900000001 -2.01542107407445,43.3178630093817,128.969100000002 -2.01552802659385,43.3178940222695,129.0 -2.01602892989124,43.3177419745909,127.0 -2.01613705561041,43.3177069381935,126.307100000005 -2.01615096961585,43.317703082731,126.218800000002 -2.01616706293415,43.3177000651567,126.148700000005 -2.01618198305271,43.3177000651567,126.145900000003 -2.01619807637101,43.3177010710148,126.129799999995 -2.01621299648957,43.3177039206193,126.122600000002 -2.01622707758164,43.3177089499094,126.104999999996 -2.01623998547397,43.317715990915,126.050099999993 -2.01625105002332,43.3177240371239,126.0 -2.01625993436148,43.3177329218732,126.0 -2.01626697535669,43.3177429804483,126.082800000004 -2.01627099891083,43.317754044879,126.327799999999 -2.01627301023876,43.3177659471951,126.591799999995 -2.01627200502398,43.3177770109681,126.837700000004 -2.01626898758293,43.3177880753926,127.0 -2.01626395791564,43.3177989718455,127.0 -2.01625993436148,43.3178660269479,127.817200000005 -2.01626496402876,43.3179330819763,128.0 -2.01626395791564,43.3179709684889,128.147299999997 -2.01626697535669,43.3180090222932,128.991899999994 -2.01627602767981,43.3180470760737,129.0 -2.01628793035732,43.3180839560099,129.1492 -2.01630502978874,43.3181189928435,129.493300000002 -2.01632598389106,43.3181540290033,130.0 -2.01635096244586,43.3181870534428,130.0 -2.01635699732792,43.3181939270781,130.0 -2.01648104927877,43.318325020101,131.0 -2.01670300232425,43.3185560247968,133.0147 -2.01690500558385,43.3187699312903,134.967600000004 -2.01725101058018,43.3191410820071,138.7696 -2.01726308124264,43.3191539898856,138.834099999993 -2.01727800046287,43.3191670657271,139.217099999994 -2.01729292058143,43.3191789684201,139.511199999994 -2.01731002001284,43.3191900319357,139.627200000003 -2.01732896278727,43.3191999229575,139.932799999995 -2.01734807354662,43.3192079696235,140.0 -2.01736802243413,43.3192150104553,140.0 -2.01738897743476,43.3192210454534,140.0 -2.0174109376502,43.319226074618,140.282099999997 -2.01743306585057,43.3192289241509,140.641699999993 -2.01745603217913,43.3192309358166,141.0 -2.01747799329291,43.3192309358166,141.0 -2.01750095962143,43.3192299299838,141.0 -2.01752291983688,43.3192270804508,141.0 -2.01754504803728,43.3192230571193,141.0 -2.0175660030379,43.3192180279544,141.0 -2.01758695803853,43.3192109871229,141.132700000002 -2.0176070740127,43.3192029404574,141.4568 -2.01762501157228,43.3191940552695,141.7454 -2.01764294913188,43.3191839975881,142.0 -2.01765904245018,43.319171927584,142.0 -2.01766993811628,43.3191630423916,142.0 -2.01786892483317,43.3189960750384,144.059999999998 -2.01802901898985,43.3188780580599,144.794399999999 -2.01816597973132,43.3187880364153,146.0 -2.01820101582405,43.3187650700548,146.0 -2.01823906935779,43.3187429415596,146.083299999998 -2.01827997324593,43.3187250043881,146.489499999996 -2.01832305644696,43.3187080730528,146.873800000001 -2.01836697777614,43.3186949971125,147.0 -2.01841307841822,43.318684938695,147.0 -2.01846001629012,43.3186770599269,147.089399999997 -2.01850796117348,43.3186730365588,147.638000000006 -2.01855607314345,43.3186710248748,147.741099999999 -2.01860401802681,43.3186730365589,147.705600000001 -2.01924607180813,43.3186730365588,151.982499999998 -2.01933592579444,43.3186720307168,152.308300000004 -2.01942695298049,43.3186649898221,153.0821 -2.01951596883864,43.3186520818397,153.773300000001 -2.01960297336885,43.3186339766742,154.0 -2.0196879656728,43.3186100044123,155.0 -2.01976893442264,43.3185810029235,155.009999999995 -2.01984705371637,43.3185459670099,155.908599999995 -2.0199209823693,43.3185070750111,156.0 -2.01998904322682,43.3184639916379,156.958499999993 -2.02005207531536,43.3184160476242,157.689299999998 -2.02010907252182,43.3183640795307,158.0 -2.02016003394786,43.3183089265342,159.0 -2.02018098894852,43.3182829424471,159.0 -2.02035700933685,43.3180779215524,161.2402 -2.02050402761625,43.3179210123773,162.794299999994 -2.02070603177419,43.3177210202041,165.337899999999 -2.02089093650071,43.3175349414563,167.303 -2.02098397501469,43.3174289946068,168.381399999998 -2.02102705821572,43.3173639507496,169.543999999994 -2.0210899223193,43.3172249786575,171.494200000001 -2.02116301284407,43.3170529825169,172.665399999998 -2.02122403270638,43.3169200449402,173.615300000005 -2.02123492927077,43.3168900380804,173.816000000006 -2.02126007491219,43.3168390758614,173.945399999997 -2.02129008223596,43.3167889521541,174.565100000007 -2.02132696256993,43.3167420133464,174.971699999995 -2.02136903965784,43.3166969189329,175.356799999994 -2.02141597842808,43.3166540035561,175.560100000002 -2.02146794686556,43.3166149436807,175.977700000003 -2.02152494317374,43.3165800752599,176.748399999997 -2.02158495782122,43.3165480564778,177.341 -2.02164899602288,43.3165200605361,177.250400000004 -2.0217170568804,43.3164969266524,177.780899999998 -2.02188301793419,43.3164419412416,178.894 -2.0222689207055,43.3163359944472,180.935200000007 -2.02227093293174,43.3163349885664,181.013099999996 -2.02229205501902,43.3163309650433,181.541299999997 -2.02231200390653,43.31632694152,182.035499999998 -2.02233396502027,43.3163249304118,181.930399999997 -2.0223549191226,43.3163249304118,181.742100000003 -2.02237604210818,43.3163249304118,181.549599999998 -2.02239699621051,43.31632694152,181.328299999994 -2.02241795121114,43.3163299591625,181.128500000006 -2.02243806808361,43.3163349885664,181.020499999999 -2.02245801697112,43.3163410231969,181.089699999997 -2.0225430092751,43.3163760597283,181.0 -2.02262699636429,43.3164010380975,180.990999999995 -2.02272808198657,43.3164139459045,180.666800000006 -2.02288297938932,43.3164240040444,180.0 -2.02304407965912,43.3164330569571,180.0 -2.02318707438436,43.3164330569571,180.0 -2.02332504123897,43.316432051078,179.377900000007 -2.02340399866085,43.3164179694221,179.705700000006 -2.02352201572963,43.3163889675406,179.372199999998 -2.02358806525922,43.3163730420881,178.492599999998 -2.02363701535735,43.3163579545382,177.617100000003 -2.02366903400903,43.3163440408388,177.3891 -2.02372401988757,43.3163160454566,177.153600000005 -2.02377095775947,43.3162830206539,176.866899999994 -2.02380297730945,43.3162499958331,176.342099999994 -2.02381705840155,43.3162290409319,176.587199999994 -2.02383298463322,43.3161980278479,176.5965 -2.02385695617657,43.3161519278006,176.700599999996 -2.02388294084448,43.31612393233,177.185200000007 -2.0239000393776,43.3161070009235,177.206900000005 -2.02392904058822,43.3160870518578,177.128500000006 -2.02396893836324,43.3160649236945,177.121899999998 -2.02399995180014,43.3160530210452,177.023700000005 -2.02414294742367,43.3160010535451,177.552299999996 -2.02425794705139,43.3159789253504,177.619200000001 -2.02438903999745,43.3159660167975,178.0 -2.02449196986101,43.3159559585818,179.0 -2.02457696216499,43.3159440565647,179.292100000006 -2.02464904657664,43.3159209224617,179.981599999999 -2.02477796020981,43.315870965972,180.231199999995 -2.02499706290087,43.3157750770829,181.455400000006 -2.02524399360281,43.3156619218685,182.846900000004 -2.02549092430472,43.3155559743677,184.403600000005 -2.02579803763914,43.31542001975,186.758400000006 -2.02604396312626,43.3153239634802,187.504700000005 -2.02631201591546,43.3152149983461,187.9856 -2.02664393892135,43.3150800495207,189.943899999998 -2.02689606727553,43.3149729290857,192.001499999998 -2.02690796905474,43.3149690734498,192.107499999998 -2.0269220510451,43.3149650498362,192.271599999993 -2.02693697026537,43.3149620327796,192.472899999993 -2.02695205836888,43.3149600209726,192.690000000002 -2.02696697758911,43.3149590150691,192.785099999994 -2.02698307090741,43.3149590150691,192.788199999995 -2.02699799102597,43.3149600209726,192.768599999996 -2.02701307823119,43.3149620327796,192.726800000004 -2.02702799834971,43.3149650498362,192.710099999997 -2.02704207944181,43.3149690734498,192.732900000003 -2.02705599344722,43.3149729290857,192.795599999998 -2.02707007543762,43.3149789638515,192.889500000005 -2.02708197721683,43.3149849992703,192.988400000002 -2.0270940478793,43.3149930458408,192.804000000004 -2.02710494354539,43.315000924433,192.529899999994 -2.02720502395289,43.3150850790281,190.959600000002 -2.02722396672728,43.315099998917,190.645900000003 -2.02724408359975,43.3151140802247,190.316000000006 -2.0272660438152,43.315126988305,189.9614 -2.02728901014372,43.315139058459,189.492100000003 -2.0273129825854,43.3151479429326,189.124200000006 -2.02733896635501,43.3151569960354,189.0 -2.0273659562377,43.3151630307829,189.0 -2.02739294612043,43.3151680596298,188.912800000006 -2.02741993600312,43.3151710773299,188.537700000001 -2.02743904676247,43.3151720832299,188.261199999994 -2.02759293805213,43.3151700714299,188.138800000001 -2.02762395148899,43.3151700714299,188.031199999998 -2.02765395881274,43.3151680596298,188.0 -2.02768396613648,43.3151650425832,188.0 -2.02771397346026,43.3151590071823,187.683600000004 -2.02774297467088,43.3151509606337,187.215400000001 -2.02776996455358,43.3151420761605,187.0 -2.02779695353797,43.3151310119078,187.042000000001 -2.02782193209276,43.3151179358514,187.0 -2.02784506640628,43.315104021868,187.0 -2.02786702662173,43.3150889346567,186.945800000001 -2.02788697550924,43.3150720029617,186.495800000004 -2.02790407494069,43.3150530601119,186.079599999997 -2.02792000027403,43.3150339492789,186.0 -2.02793307615131,43.3150140005146,186.0 -2.02793994916154,43.3149999185302,186.0 -2.0279850436905,43.3149449337255,186.0 -2.0280180684553,43.3149239790279,185.955300000001 -2.02805293746136,43.3149070472871,186.0 -2.02808696744094,43.3148959829916,185.820399999997 -2.0281159695499,43.3148919600268,185.610000000001 -2.02816206929365,43.3148889423129,185.567200000005 -2.02821504294595,43.3148869305034,185.621899999998 -2.02828696027095,43.3148840807669,185.160600000003 -2.02834798013325,43.3148790518965,184.728199999998 -2.02840698866765,43.3148659757858,185.1878 -2.02848091732058,43.3148540735553,184.7258 -2.02852098308056,43.3148510564931,184.4764 -2.02853405805955,43.3148490446825,184.5236 -2.02857295061975,43.3148480387771,184.460800000001 -2.02861100415349,43.3148480387771,184.120899999994 -2.02864905858557,43.3148510564931,183.799100000004 -2.02868694413436,43.3148569232933,183.366099999999 -2.02872399245332,43.3148639646293,182.748699999996 -2.02876003465916,43.3148750282771,181.997700000007 -2.02879406553704,43.3148869305035,181.794800000003 -2.02901300024314,43.3149620327796,180.069499999998 -2.02905407211626,43.3149709172791,179.914699999994 -2.0290949751061,43.3149769526987,179.788400000005 -2.02913805830713,43.3149799697546,179.462299999999 -2.0291809735232,43.3149809756578,179.0 -2.02922305061108,43.3149779579483,179.0 -2.02926496061236,43.314973934989,179.0 -2.02930703770027,43.3149660557397,178.929600000003 -2.02932899791572,43.3149610268761,178.813800000004 -2.02946696387197,43.3149310197025,178.642399999997 -2.02963493805033,43.3148840807669,178.934099999999 -2.02980693398619,43.314830939691,180.302200000006 -2.02990801960851,43.3147739429203,181.540599999993 -2.03013701364914,43.3146520699287,183.304499999998 -2.03040992812066,43.3144959989902,184.094100000002 -2.03066205647484,43.3143580327887,185.0 -2.03072894323425,43.3143109260849,185.0 -2.03083992020614,43.3142229166954,185.092600000004 -2.03098207680322,43.3141000379881,183.982399999994 -2.03110797299534,43.3139929171328,182.939400000003 -2.03112892799599,43.3139779969721,182.603400000007 -2.03121006473077,43.3139260296584,182.0 -2.03129706926098,43.3138789232733,180.901899999997 -2.03138893457519,43.3138380197113,180.218599999993 -2.03148499142852,43.3138029830238,179.547999999995 -2.03158507093768,43.3137749877783,178.966 -2.03159898494313,43.3137719700089,179.024699999994 -2.03161206082041,43.3137689522393,178.914900000003 -2.0316249687127,43.3137649292,178.798299999995 -2.0316370393752,43.3137610734874,178.691500000001 -2.03164894115438,43.3137550386007,178.636299999998 -2.03166000570373,43.3137490037133,178.594500000007 -2.03167006414,43.3137419629018,178.703699999998 -2.03167894847812,43.3137339161656,178.884099999996 -2.03168800080127,43.3137260374091,179.060800000007 -2.03169504179646,43.3137179906709,179.240900000004 -2.03170107667852,43.3137089380073,179.443100000004 -2.03170694447397,43.3136990473989,179.6639 -2.0317109671298,43.3136899947326,179.865699999995 -2.03171297935603,43.3136829539141,180.0046 -2.03176494689522,43.3135810305903,181.1155 -2.0317969655469,43.3135280563563,181.538799999995 -2.03183602519376,43.313477933186,182.599300000002 -2.03187994652294,43.3134299885064,183.0 -2.03192906460607,43.3133840556482,183.7019 -2.03197399115004,43.3133540483496,184.376900000003 -2.03202897702861,43.3133210238979,184.395300000004 -2.03208798556298,43.3132920224993,185.124400000001 -2.0321500115384,43.3132670441594,185.342399999994 -2.03230608214092,43.3132249669248,185.306299999997 -2.03246500309783,43.3131889246047,184.2739 -2.03256407739222,43.3131709877546,184.553799999994 -2.03266600114266,43.3131580792588,184.0 -2.03276792579143,43.3131500330989,184.101500000004 -2.0329370722712,43.3131520443121,184.089099999997 -2.03310605166438,43.3131520443121,183.228900000002 -2.03316304797251,43.3131540561789,183.126999999993 -2.03322004517898,43.3131520443121,183.2834 -2.03327603627231,43.3131460093649,183.488899999997 -2.03337494258173,43.3131299163873,184.012499999997 -2.03347301076299,43.3131089617175,183.204199999993 -2.03362103515551,43.3130670517025,184.060800000007 -2.03376201945114,43.313013072392,183.962899999999 -2.03384298820096,43.3129889325443,183.650800000003 -2.03418698186935,43.3128819796745,183.634999999995 -2.03434892026728,43.3128449318661,183.932400000005 -2.03453801563459,43.3128050335473,184.137199999997 -2.03477103233109,43.3127589335406,184.323399999994 -2.03494302916528,43.3127079711251,183.922900000005 -2.03511904955361,43.3126549974373,183.722699999998 -2.03534603136804,43.3125859305818,182.595799999996 -2.03553998841765,43.3125369805622,181.542100000006 -2.03571399657978,43.312492053627,180.760699999999 -2.03581893777127,43.3124610405967,179.927200000006 -2.03605195536606,43.3123780595668,178.138600000006 -2.03626301094882,43.3123089923964,177.156900000002 -2.03646400899364,43.3122479720816,176.897200000007 -2.03669199692116,43.3121819232655,177.134399999995 -2.03699894227059,43.3121150351051,175.696500000005 -2.03753605486046,43.3120209907447,175.871700000003 -2.0376909522632,43.3120020475975,177.121499999994 -2.03779405011171,43.3119839424114,177.800000000003 -2.03815296300033,43.3118659255404,178.399099999995 -2.03829495251078,43.3118139577278,178.440499999997 -2.03843593590812,43.3117740593859,178.467499999999 -2.03858697774165,43.3117440525996,177.966799999995 -2.03874807801145,43.311757966045,176.193199999994 -2.03887699164462,43.3117799271369,174.632899999997 -2.03925099263675,43.311852011466,170.262300000002 -2.03962700405849,43.3119130315248,165.872300000003 -2.03995607760832,43.3117470698161,165.014599999995 -2.04014500588897,43.3116600659399,164.984700000001 -2.04065294928322,43.3114469978849,165.002999999997 -2.04085193600011,43.3113519471812,165.092999999993 -2.04097799927889,43.3112939444517,165.592499999999 -2.04109903468701,43.3112359416669,166.6535 -2.04122895353496,43.3111720710177,166.372799999997 -2.04141503235956,43.3110830556903,167.584199999998 -2.04153606686935,43.3110460074389,168.241399999999 -2.0416700092715,43.3109990687708,168.199600000007 -2.04180697001297,43.3109209495691,169.103099999993 -2.04184804098776,43.3108579178788,169.365900000004 -2.04188307708046,43.3107640402158,170.009699999995 -2.04192699840964,43.3104520655677,172.808300000004 -2.04197091973883,43.3103409215529,174.289199999999 -2.04208105768426,43.310193065198,176.936900000001 -2.04210804756695,43.3101199748786,178.0 -2.04214392268614,43.3099489842246,177.982399999994 -2.04215900989136,43.3099109299485,177.747399999993 -2.04220896610261,43.3098569504494,177.915900000007 -2.04225506674469,43.309824932047,177.211299999995 -2.04237593326952,43.3097610618759,178.033599999995 -2.04265102705393,43.3096440506019,177.963000000003 -2.04283107099643,43.3095810182411,177.945300000007 -2.04300994084085,43.3095260331092,177.464000000007 -2.04319601876711,43.3094839558992,177.433199999999 -2.04337002692924,43.3094450639836,177.329299999998 -2.04348905011113,43.3094130453641,177.018899999995 -2.04355895520989,43.3093860553995,176.731700000004 -2.04356398397884,43.3093850494037,176.7264 -2.04356901364613,43.3093830380658,176.747000000003 -2.04357303720029,43.309380020732,176.769 -2.04357705985613,43.3093770027443,176.776500000007 -2.04358108341029,43.3093749914062,176.756699999998 -2.04358393286639,43.3093709680759,176.776299999998 -2.0435869503074,43.3093679507415,176.747499999998 -2.04358996864675,43.3093649327533,176.725099999996 -2.04359197997469,43.3093610774153,176.728700000007 -2.0435929860878,43.3093570540841,176.750199999995 -2.04359499741574,43.3093530307527,176.764999999999 -2.04359499741574,43.309349007421,176.801399999997 -2.04359600352885,43.3093449840891,176.831099999996 -2.04359499741574,43.3093409607569,176.873699999996 -2.04359499741574,43.3093379434209,176.900599999994 -2.04359399130262,43.3093339200883,176.938899999994 -2.04359197997469,43.3093300640946,176.973899999997 -2.04358996864675,43.3093260407614,177.0 -2.04358795642052,43.3093230234248,177.0 -2.04347496812073,43.3092009832746,178.449399999998 -2.04347295679279,43.3091969599329,178.530299999999 -2.04346993935178,43.3091919305919,178.647599999997 -2.04346792802384,43.3091870692438,178.701300000001 -2.04346692191073,43.3091810339029,178.719200000007 -2.04346608378257,43.3091760045606,178.733999999997 -2.04346608378257,43.3091699698723,178.7356 -2.04346692191073,43.3091649405291,178.723299999998 -2.04346792802384,43.3091590731794,178.708400000003 -2.04346993935178,43.3091540444889,178.677100000001 -2.04347195067968,43.3091490151444,178.645699999994 -2.04347597423385,43.3091439857995,178.618000000002 -2.0434789916749,43.3091389571078,178.6826 -2.04348402134214,43.309133927762,178.714999999997 -2.04348905011113,43.3091300717557,178.721000000005 -2.04349407888008,43.3091260490629,178.7307 -2.04356096653783,43.3090710635195,178.893500000006 -2.04370195083346,43.3089719896655,178.858699999997 -2.04400101705951,43.3087869169335,178.275599999994 -2.04418407754476,43.3086829812279,179.494099999996 -2.04446805656563,43.3085629524651,181.251600000003 -2.04492704986174,43.3083770417781,183.340200000006 -2.0450909995876,43.3083150160779,183.345100000006 -2.04541705569642,43.3082259998346,184.382700000002 -2.04570203993207,43.3081490543495,186.946400000001 -2.04582307444189,43.3080950745931,187.717999999993 -2.0459819953988,43.3080020352605,189.283299999996 -2.04610906568899,43.3079420212169,190.261100000003 -2.04622406531672,43.3078890472972,190.556500000006 -2.04635599639094,43.3078409354411,191.614400000006 -2.04648507800906,43.3078030491497,191.799199999994 -2.04661600297013,43.3077680129051,192.360799999995 -2.04678397625016,43.3077210743202,192.9764 -2.04689092966788,43.3076820145863,193.362299999993 -2.04698598040809,43.3076369199869,194.353099999993 -2.0471189166971,43.3075569563317,194.857199999999 -2.04722503198666,43.3074850394823,194.659599999999 -2.04734807872272,43.3074340778742,194.153900000005 -2.04755594977777,43.307381942196,193.939899999998 -2.04770598549822,43.3073519352024,194.265299999999 -2.04784898112179,43.3073130432298,194.059500000003 -2.04807596293618,43.3072439761869,192.130499999999 -2.04829808306829,43.307196031819,190.084000000003 -2.04845197525625,43.3071680361448,188.749400000001 -2.04869303816272,43.3071380290456,188.818599999999 -2.04882396402212,43.3071209297513,188.0 -2.0489760119688,43.3070860611127,187.974600000001 -2.04912504157614,43.30704599559,188.330499999996 -2.04927792765095,43.3070059300409,188.009300000005 -2.04944103924869,43.3069730734078,188.359100000001 -2.04959006975432,43.3069509451943,187.878100000002 -2.04980900535872,43.3069420601761,187.7166 -2.05007001715273,43.3069529566127,186.922000000006 -2.0502740335369,43.3069620089752,185.968500000003 -2.05046698447342,43.306974916826,184.507400000002 -2.05057293177803,43.3069789403148,184.007400000002 -2.05065607984073,43.3069730734078,184.0 -2.05075599226324,43.306956980103,184.0 -2.05091206376409,43.3069269728996,184.3462 -2.05132797385918,43.3068399686605,184.663499999995 -2.05163592442339,43.3067819655472,186.001499999998 -2.05186491846406,43.3067299979636,186.902199999997 -2.052203044337,43.3066550639741,189.931500000006 -2.05225802931721,43.3066470169533,190.0 -2.05233698673912,43.3066399759727,190.149000000005 -2.05241594505933,43.306637964544,190.073000000004 -2.05249607568099,43.3066419880551,190.368300000002 -2.0525750331029,43.3066500344229,191.111699999994 -2.05265197919685,43.3066629429936,191.465700000001 -2.05272791917771,43.3066810478035,191.924700000003 -2.05303000284485,43.3067799541232,192.244000000006 -2.05315204346776,43.3068010763603,192.0 -2.05326704309548,43.3068099613992,192.686799999996 -2.053415067488,43.3068119728223,193.0 -2.05367406795408,43.3068079493224,193.0 -2.05376895160767,43.3067920239739,193.217099999994 -2.05385193258371,43.306773081158,193.613500000007 -2.05399593342206,43.3067239630324,193.730899999995 -2.05414999269668,43.3066689779308,194.072 -2.05425996355542,43.3066329356449,194.801200000002 -2.05445006503585,43.3065880082677,196.962400000004 -2.05455701755528,43.3065650418723,197.363800000006 -2.05468391986051,43.3065499545022,197.876999999993 -2.05495197354804,43.3065219591841,199.0 -2.0549660546401,43.306520953141,199.052800000005 -2.05497896343076,43.3065189417083,199.155899999998 -2.05499304452283,43.3065159242323,199.301000000007 -2.05500494720034,43.3065120687136,199.470000000001 -2.05501802307762,43.3065080451938,199.690100000007 -2.0550299248568,43.3065030162841,199.855299999996 -2.05504098940618,43.3064969806766,199.976299999995 -2.0550520530572,43.3064899403323,200.0 -2.05506093829369,43.3064830673343,200.0 -2.05506999061681,43.3064750202907,200.0 -2.05507803682681,43.3064669738998,200.0 -2.05508407170888,43.3064579214636,200.004000000001 -2.05508993950432,43.3064480309826,200.060500000007 -2.05509496827327,43.3064389785436,200.262499999997 -2.05509798571432,43.3064289200585,200.486499999999 -2.05509899182744,43.3064240584895,200.594599999997 -2.05509999794055,43.3064210410088,200.661800000002 -2.0551030153816,43.306417017483,200.751699999993 -2.05510603282262,43.3064129946107,200.841700000004 -2.05510905026367,43.3064089710844,200.931599999996 -2.05511307381784,43.3064059536029,200.999299999996 -2.05511692938701,43.3064019300762,201.0 -2.055121958156,43.3063990805954,201.0 -2.05512698782328,43.306397068505,201.0 -2.05513201659223,43.306394051023,201.0 -2.05513704536118,43.3063920395861,201.0 -2.05514308024325,43.3063900281491,201.0 -2.05514894803869,43.3063890221038,200.940199999997 -2.05515498292079,43.3063880160584,200.842600000004 -2.05516101780286,43.3063880160584,200.744699999996 -2.05528004098475,43.3063829871387,199.900200000004 -2.05553099524083,43.3063650495874,197.996100000004 -2.05566896119711,43.3063620321038,198.039300000004 -2.05580307158419,43.3063789636104,198.0 -2.0559599812132,43.3064109825208,197.043000000005 -2.05606207294859,43.3064200349639,197.0 -2.05608302705092,43.3064220470536,197.0 -2.05610297593843,43.3064230524447,197.0 -2.05612393093906,43.3064220470536,197.0 -2.05614505302634,43.3064200349639,196.972099999999 -2.05616500191385,43.306417017483,196.970700000005 -2.05618495080136,43.3064129946107,197.039499999999 -2.05620406156071,43.306406959648,196.998200000002 -2.05622300523344,43.3063999186396,196.852599999998 -2.0562399366799,43.3063930456314,196.735400000005 -2.05625703521302,43.3063829871387,196.719200000007 -2.05627195533158,43.3063729286444,196.945399999997 -2.05627597888574,43.3063709172068,196.9908 -2.05633096386595,43.306336048138,197.555800000002 -2.05648200569951,43.3062140078739,199.370999999999 -2.0565669980035,43.3061409179992,200.153600000005 -2.05667093398017,43.3060980023587,201.209099999993 -2.05686606422958,43.3060470402414,203.169899999994 -2.05708600594709,43.3059840087263,204.833899999998 -2.05722296579026,43.3059360640183,205.822799999994 -2.05741893506613,43.3058420192489,206.0 -2.05758808154591,43.305757026876,206.866200000004 -2.0578299834789,43.3056450440658,210.013099999996 -2.05815302214662,43.3055250151875,212.368400000007 -2.05838503273001,43.305475059304,214.099199999997 -2.05868493798255,43.3054269474983,215.901700000002 -2.0591640472528,43.3053669328734,218.0 -2.05950904613601,43.3053469842045,219.677599999995 -2.0596220344358,43.3053330699452,220.0 -2.05969193953459,43.3053189883325,220.463000000003 -2.05980006615206,43.3052750673553,221.969800000006 -2.05990299601565,43.3052190761858,222.266199999998 -2.06008303905985,43.3051479972467,222.731400000004 -2.0603519308755,43.3050539525656,222.865699999995 -2.06069407940431,43.3049270506536,221.915800000002 -2.06086708235159,43.3048450752142,221.720700000005 -2.06096397733308,43.3048050101756,222.0 -2.06099096721581,43.3047979689816,222.0 -2.06101996842643,43.3047929399304,222.0 -2.06104997575018,43.3047919345123,222.0 -2.06107998307395,43.3047939460021,222.0 -2.06110797817146,43.3047999811249,222.322 -2.06113496805416,43.3048080277365,222.761799999993 -2.06115994571065,43.3048199299733,223.0 -2.06118308002417,43.3048340117017,223.0 -2.06129992389317,43.3049270506536,225.433399999994 -2.06141794096191,43.3049999733291,227.399799999999 -2.06142598807024,43.305003996295,227.531300000002 -2.06143302816713,43.305007013846,227.646299999993 -2.06144107527543,43.3050090253288,227.777300000002 -2.0614489543988,43.3050110374651,227.905599999998 -2.0614570006088,43.3050130489477,228.0 -2.06146605293192,43.3050140543621,228.0 -2.06147393205526,43.3050140543621,228.0 -2.0614819791636,43.3050140543621,228.0 -2.06149103148671,43.3050130489477,228.0 -2.06149907769672,43.3050120428795,228.0 -2.06150695682006,43.3050100313969,228.0 -2.06151500303006,43.3050080199142,228.0 -2.06152305013836,43.3050050023633,228.030499999993 -2.06152992314862,43.3050019848121,228.0772 -2.0615369641438,43.3049979611924,228.147500000006 -2.0615429990259,43.3049939382262,228.229399999997 -2.06154903390797,43.3049890765424,228.338499999998 -2.06155406267692,43.3049850535756,228.445099999997 -2.06170108185465,43.304888996502,230.897200000007 -2.06181993705155,43.3048150682757,232.944799999997 -2.06195404743866,43.3047369489705,235.320399999997 -2.06206804185157,43.3046890045864,236.406000000003 -2.06212805560076,43.3046730786828,236.770699999994 -2.06238504473893,43.3046610090651,236.085600000006 -2.06253793081378,43.3046529624341,236.292100000006 -2.06266801764669,43.3046380425953,236.3799 -2.06285007291711,43.3046080355546,236.346799999999 -2.06309599840424,43.3045369565547,236.466199999995 -2.06332700287451,43.3044789538589,236.300600000002 -2.06349397093972,43.3044189396056,236.664000000004 -2.0637259815231,43.3043220448722,237.047000000006 -2.06388993214729,43.3042390638434,236.845600000001 -2.0640180076523,43.3041569214302,236.794299999994 -2.06414608315731,43.3040570086811,236.328599999993 -2.06424599557981,43.3039549175499,236.080199999997 -2.06430500411422,43.3038449468636,235.226899999994 -2.06432696432963,43.3037549251763,235.038199999995 -2.0643390340938,43.303679990788,234.545800000007 -2.06435697165341,43.3036290292585,234.267500000002 -2.06437692054092,43.3035970101904,233.903699999995 -2.06444900495257,43.303502965071,231.829599999997 -2.06451304225593,43.3034260194909,231.551900000006 -2.06458294735469,43.303331974107,231.359100000001 -2.06460792590948,43.3032959324575,231.594899999996 -2.06461295467843,43.3032880530017,231.582299999995 -2.06461898956053,43.3032810122857,231.439400000003 -2.06462703666883,43.3032749776659,231.271500000003 -2.06463692712011,43.3032699484886,231.319699999993 -2.06464698555634,43.3032659247543,231.315700000006 -2.06465804920739,43.3032640812237,231.249599999996 -2.0646699518849,43.3032620690295,231.161500000002 -2.06468101553595,43.3032630751265,231.056400000001 -2.06469291821346,43.303264919311,231.047000000006 -2.0647029766497,43.3032679362946,231.114600000001 -2.06471303508593,43.3032719600288,231.151500000007 -2.06472191942409,43.3032769892059,231.141799999998 -2.06472996653239,43.3032840299223,231.066999999995 -2.06473600141449,43.303291070638,230.963900000002 -2.06480992916909,43.3034199842317,231.147200000007 -2.06492107322764,43.3035690148198,231.510899999994 -2.06500606642992,43.3036360699342,232.349600000001 -2.06509692563101,43.3036779792613,233.469100000002 -2.06521796103913,43.3037059745817,233.760200000004 -2.06532893711272,43.3037079867611,234.788400000005 -2.06540001541126,43.3036989339141,235.674899999998 -2.06553295259856,43.3036560185108,237.959300000002 -2.06567091855484,43.3036189709622,238.820000000007 -2.06577200417716,43.3035889634184,240.024799999999 -2.0658900212459,43.3035440364064,240.175799999997 -2.06604491954698,43.3034830164441,239.753200000006 -2.06621305991366,43.3034209903262,239.714699999997 -2.06646904383702,43.3033309686647,243.158500000005 -2.06668294977417,43.3032550283105,245.248900000006 -2.06684706748499,43.3031909910708,246.077000000005 -2.06703197221151,43.3031309761997,245.825400000002 -2.06714898316714,43.3030830318566,245.224199999997 -2.06726096535384,43.3030349194652,245.600000000006 -2.06748895328136,43.3029410421406,246.622300000003 -2.06765692656139,43.3028649345959,246.940100000007 -2.06783093472352,43.302804081963,248.955600000001 -2.06789899647933,43.3027789365317,248.9283 -2.06797393034708,43.302759993119,248.586200000005 -2.06806696975936,43.3027110430308,249.169500000004 -2.06819605047916,43.3026729894532,248.660699999993 -2.06832798155337,43.3026409705352,248.157000000007 -2.06838799620086,43.3026419759889,247.180699999997 -2.06853501537859,43.302664942559,246.536399999997 -2.06861095535942,43.3026699717863,246.657699999996 -2.06868505109901,43.3026609194384,246.605899999995 -2.06881295861906,43.3026159923942,246.098700000002 -2.06901395666388,43.3025320055426,247.144700000004 -2.06926692314623,43.3024369546262,248.075599999996 -2.06935593900434,43.3024160001922,247.1201 -2.06949407204725,43.3024129825125,246.990999999995 -2.06956900681333,43.3024059416952,247.428 -2.06965601044521,43.3023809634576,246.694199999998 -2.06989707425004,43.3022889306447,242.999599999996 -2.07012606829067,43.3022049433413,239.1924 -2.07023704436427,43.3021580050369,237.704500000007 -2.0703049372368,43.3021169334189,236.500599999999 -2.0703659579974,43.302057924912,235.777900000001 -2.07042295520387,43.3020339526489,234.419599999994 -2.07047592885617,43.3020270798008,233.4709 -2.07059193369872,43.302081059062,232.179600000003 -2.0707600749637,43.3021749364071,231.061799999996 -2.07086501615519,43.3022589230983,230.925099999993 -2.07094699101812,43.3023469328151,232.675600000002 -2.07100801177876,43.3024409777616,231.242800000007 -2.07107607263625,43.3025070273568,229.953399999999 -2.07118101382774,43.3025730768802,228.267000000007 -2.07125293115277,43.3026010727094,227.891799999998 -2.07133792345675,43.3026169978483,227.215100000001 -2.07142593320175,43.3026129747245,227.425499999998 -2.07155702614781,43.3025859850092,228.446599999996 -2.07182206239428,43.302524964739,230.477899999998 -2.07206496954206,43.3024490246854,232.463699999993 -2.07230402112062,43.3023720790789,233.589699999997 -2.07248004150895,43.3023269844627,233.509699999995 -2.07260292026005,43.3023209490944,232.837199999994 -2.07272194344194,43.3023430776857,232.487800000003 -2.0728139767411,43.3023859927084,232.609700000001 -2.07289695771715,43.302447013118,233.0 -2.07295496013844,43.3025080334664,233.926800000001 -2.0729960311132,43.3025330116517,234.599199999997 -2.07302100966799,43.3025400524543,235.0 -2.07302302099593,43.3025400524543,235.0 -2.07302503322216,43.3025410579096,235.0 -2.07302704455009,43.3025410579097,235.0 -2.07303006199111,43.3025410579097,235.0 -2.07303207331905,43.3025410579097,235.0 -2.07303391756032,43.3025410579097,235.0 -2.07303592978655,43.3025410579096,235.0 -2.07303794111449,43.3025400524543,235.0 -2.07303995244239,43.3025400524543,235.0 -2.07304196466865,43.3025390463453,235.0 -2.07304296988344,43.3025380402362,235.0 -2.07304498210967,43.3025370347808,235.0 -2.0730469934376,43.3025360286717,235.0 -2.07304799955072,43.3025350232163,235.0 -2.07305001087862,43.3025340171072,235.0 -2.07305101699177,43.3025330116517,235.0 -2.07305202220656,43.3025309994334,235.0 -2.07305302831967,43.3025299939779,235.0 -2.07305302831967,43.3025289878687,235.0 -2.07305403443279,43.3025269763039,235.0 -2.07305403443279,43.3025259708483,235.0 -2.07305805798695,43.3024810437045,234.821899999995 -2.07309192087991,43.3023209490944,235.0 -2.07314807905989,43.3021700751515,236.0 -2.07315595818326,43.3020510520667,237.005300000004 -2.07315595818326,43.3020319410677,237.429799999998 -2.07315294074221,43.3020119919582,237.872300000003 -2.07314891718804,43.3019819849288,238.594700000001 -2.0731410380647,43.3019620358029,239.169099999999 -2.0731410380647,43.3019529833496,239.372399999993 -2.07314405550572,43.3019419193108,239.572400000005 -2.07316903406051,43.3019269994604,239.506800000003 -2.07318998906114,43.3019169415363,239.396500000003 -2.07320893183556,43.3019120802602,239.201799999995 -2.07322603126698,43.3019100680213,238.848800000007 -2.07323793304619,43.3019100680213,238.524000000005 -2.07325201503659,43.3019149299513,237.902499999997 -2.07327095781099,43.3019219708255,237.173500000004 -2.0732880572424,43.301925993995,236.777199999997 -2.07330297646263,43.3019290116988,236.459900000002 -2.07331404101201,43.3019300171643,236.2215 -2.07334103089471,43.3019340403332,235.637600000002 -2.0733579623412,43.3019340403332,235.640599999999 -2.07337204343327,43.3019340403332,235.643100000001 -2.07337891644349,43.3019380641557,235.554999999993 -2.07338897487973,43.3019429254297,235.448799999998 -2.07339802720285,43.3019459431327,235.383400000006 -2.07340992988039,43.3019479547167,235.340899999996 -2.07342401187075,43.3019469485978,235.3658 -2.07360506012977,43.3019290116988,233.603199999998 -2.07375995843084,43.301908056436,231.499899999995 -2.07388199905375,43.3018869344599,229.335099999997 -2.07399699868148,43.301856926715,227.484599999996 -2.07410696864192,43.3018250760347,225.857799999998 -2.07422800405004,43.3017979186096,224.014899999995 -2.07436496389321,43.3017660672446,222.147700000001 -2.07449404551133,43.3017320369117,220.728099999993 -2.07455707670157,43.3017060529282,220.1443 -2.07459898670282,43.3016740341547,219.999200000006 -2.07464793680096,43.3016430208346,219.277000000002 -2.07468498511992,43.3016210600027,219.189199999993 -2.07469303132992,43.3015830063966,218.501199999999 -2.07468599123304,43.3015239980254,217.483600000007 -2.07468800256097,43.3014690127966,217.223800000007 -2.07469705488409,43.3014230800516,215.949399999998 -2.07471197500265,43.301368932845,214.703800000003 -2.07472002121262,43.3012859517079,214.275699999998 -2.07486905171828,43.3011350778116,209.801000000007 -2.07501305255664,43.3009769945422,209.064199999993 -2.07508496898333,43.3008849615653,211.656700000007 -2.07519695206834,43.3009689480772,210.290099999998 -2.07532804501436,43.3010259453728,213.386499999993 -2.07541001987729,43.3010780806184,212.042400000006 -2.07549601829439,43.3011020526047,211.405599999998 -2.07558402803942,43.3010950122893,212.199099999998 -2.07565292702507,43.3010859597069,211.889800000004 -2.07570891811842,43.3010650048072,212.730599999995 -2.07579407840736,43.3010420382865,213.227700000003 -2.07591796327158,43.3010029788373,214.075800000006 -2.07600999657074,43.3009729713098,215.877200000003 -2.07616992274244,43.300952017025,215.944699999993 -2.07625005426243,43.3009459815202,217.2068 -2.07632297680224,43.300950005408,218.213799999998 -2.07639304898766,43.300967942596,219.525800000003 -2.0764399877579,43.3009929207603,220.193499999994 -2.07648994396915,43.3010120314321,220.584499999997 -2.07655599349874,43.3010209160096,220.981199999995 -2.07662003080209,43.301019071757,221.089900000006 -2.07667099312646,43.3010100198171,220.881399999998 -2.07671692578358,43.3009929207603,221.356199999995 -2.07676202031251,43.3009949323759,221.498600000006 -2.07681398875003,43.3009989556067,221.874599999996 -2.07686092662194,43.3009949323758,221.211899999995 -2.07692295349569,43.3009739774448,221.604900000006 -2.07700107278941,43.3009489992727,222.026100000003 -2.07709092677571,43.3009220094724,222.081600000005 -2.07715999374632,43.300905916527,222.318100000004 -2.07720793773134,43.3008799321904,222.972200000004 -2.07726191749676,43.3008630011133,223.210300000006 -2.0773309844674,43.3008460693778,222.770799999998 -2.077400051438,43.3008269586539,222.290699999998 -2.07743994921305,43.3008080159405,222.120200000005 -2.07748806118303,43.3007840431846,221.921900000001 -2.0775470697174,43.3007649324411,222.006800000003 -2.07760004336971,43.3007439780846,221.720700000005 -2.07766005801723,43.300727046316,221.407300000006 -2.0777029732333,43.3007030741819,221.257100000003 -2.07773800932599,43.3006750787863,221.323699999994 -2.07776701053662,43.3006609974021,221.174700000003 -2.07781998418892,43.3006470833778,220.653300000005 -2.07788100494956,43.3006350129608,219.929399999994 -2.07791604104225,43.3006229431951,219.638300000006 -2.07795292137626,43.3006130524186,218.731700000004 -2.07799801590522,43.3005959532501,217.929300000003 -2.0780380816652,43.3005709755764,217.847399999999 -2.07806205410687,43.3005470033808,217.709900000002 -2.07809792832772,43.3005270544377,217.0052 -2.07814704641085,43.3005039203502,216.605100000001 -2.07818996162692,43.3004970473292,216.221399999995 -2.07823103260168,43.300502076082,215.662599999996 -2.07829607691649,43.300548008869,214.8272 -2.078324072014,43.3005880747519,214.214699999997 -2.07833597469151,43.3006140585595,213.6777 -2.07834603222941,43.3006479215012,213.784 -2.07836698723007,43.3006740726464,213.587599999999 -2.07840001199486,43.3007030741819,213.396800000002 -2.07843907164172,43.3007320757036,212.951199999996 -2.07847494676091,43.3007590655881,212.697499999995 -2.07851501162259,43.3007979571775,212.440300000002 -2.07854401283321,43.3008259531703,212.393599999996 -2.07858005503902,43.3008549546333,212.210399999996 -2.07861693537303,43.3008740653485,212.174899999998 -2.07864996013782,43.3008829499461,211.936000000002 -2.07868499712885,43.3008920025587,211.741200000004 -2.07871399833947,43.3008940141776,211.701700000005 -2.07872506199053,43.3008930080413,211.725999999995 -2.07877703042801,43.3008360112749,213.040699999998 -2.07880301419762,43.3008130446676,213.516000000003 -2.0788149159768,43.3007929284491,213.964900000006 -2.07882698663926,43.3007759966941,214.343200000003 -2.07883905640343,43.3007550423414,214.810700000002 -2.0788819716195,43.3006660261413,216.0 -2.07891298415806,43.3005780159525,216.974900000001 -2.07892907747636,43.3005419739779,217.559299999994 -2.07899194247827,43.3004289858775,219.080100000006 -2.07902396112995,43.3003820475095,220.055800000002 -2.07907793999704,43.3003210269886,220.633600000001 -2.07920802772828,43.3001790373597,222.810299999997 -2.07926401882164,43.3001160056443,223.421600000001 -2.07931900380187,43.300031013111,224.422600000005 -2.07936795390001,43.2999359622071,225.097899999993 -2.07939393856792,43.2998549933826,226.245200000005 -2.07939393856792,43.2997979962968,226.572100000005 -2.07938505333143,43.2996829964625,226.458299999998 -2.07936896001313,43.2995879456683,225.742700000003 -2.07936795390001,43.299490044921,225.7834 -2.07937600100831,43.2994229898101,226.0 -2.0793929324548,43.2993690108041,226.0 -2.07943199210166,43.2993079905741,226.0573 -2.07947306307646,43.2992739595191,226.820500000002 -2.0795479978425,43.2992419407724,226.580100000006 -2.07962896659232,43.2992290325872,227.0 -2.07972602955877,43.2992419407724,227.0 -2.07981001574963,43.2992830123713,228.337700000004 -2.07992401016257,43.2993829244671,230.414699999994 -2.0800249277999,43.2994709344246,230.414099999995 -2.08012198986805,43.2995909634882,231.418999999994 -2.08020899439826,43.2996850081214,231.967399999994 -2.08030203381054,43.2997480402836,233.380099999995 -2.08041803955138,43.2998129160159,233.024699999994 -2.0805070545112,43.2998650516478,232.761400000003 -2.08055097584038,43.2998999205057,233.0 -2.0806029442779,43.2999629524452,233.367100000003 -2.08077996988105,43.3002739205194,237.314899999998 -2.08079002831728,43.3002809615836,237.479800000001 -2.08080193009646,43.3002869965006,237.674299999999 -2.08081500597374,43.3002910197783,237.887400000007 -2.08082891997918,43.3002930314171,238.0 -2.08084199585647,43.3002940375633,238.0 -2.08085607694853,43.3002930314171,238.0 -2.08086999095398,43.3002910197783,238.0 -2.08088306683126,43.300285991008,238.0 -2.08089396339565,43.3002809615836,238.117400000003 -2.080905027945,43.3002739205194,238.297600000005 -2.08091307415501,43.3002660419794,238.494699999996 -2.08091894195045,43.3002559837805,238.681100000002 -2.0809239707194,43.3002469310731,238.811100000006 -2.08091793583733,43.3001879227127,239.0 -2.0809159245094,43.3001470190896,239.335999999996 -2.08094492572002,43.3000320192616,240.229300000006 -2.0810180153465,43.2999299272553,242.0 -2.08109496144048,43.299877959698,242.794800000003 -2.08120007061692,43.299816939325,244.0 -2.08128707514714,43.2997579305471,244.394899999999 -2.08136905001007,43.2996950664147,245.0 -2.08143895510883,43.2996529895911,245.0 -2.08150299241219,43.2996199648866,245.497799999997 -2.08155797829072,43.2995859340063,245.434399999998 -2.0815980431524,43.2995589442546,245.512300000002 -2.08163006270238,43.2995190463675,245.079100000003 -2.08167197180533,43.2994840099248,245.223299999998 -2.08175092922724,43.2994380776415,244.218399999998 -2.08182904852097,43.2993939883178,244.388600000006 -2.08190599461495,43.2993510731445,243.155899999998 -2.08196902670348,43.2993059789027,242.3508 -2.0820230055706,43.2992560224853,241.768800000005 -2.08206994434081,43.2992040550058,241.036699999997 -2.08212006853705,43.2991649950296,241.154299999995 -2.08219198496375,43.2991249295166,241.652499999997 -2.08228804181708,43.2990860375108,241.261299999998 -2.08238594201339,43.299033063719,242.317200000005 -2.08248401019462,43.2989950098006,241.907399999996 -2.08256397372965,43.2989440482667,242.096600000004 -2.08264091982363,43.2988979475537,241.525299999994 -2.08271099290735,43.2988610670889,240.872499999998 -2.08278894421615,43.2988649230929,241.058499999999 -2.0828690748378,43.2988779987234,241.412200000006 -2.08295306192697,43.2988840337797,241.511100000003 -2.08305096212327,43.2988759870378,242.596300000005 -2.0831409840945,43.2988600615727,242.757899999997 -2.08324005838888,43.2988340776693,243.525399999999 -2.08332203325182,43.2987950181093,244.426200000002 -2.08338506534035,43.2987589757315,245.0 -2.08343300932537,43.2987209216417,245.810299999997 -2.08348598297771,43.2986739832627,246.153099999996 -2.08350995541935,43.2986349235998,246.734100000001 -2.08354800895313,43.2986079334261,247.127600000007 -2.0836150645958,43.2985799383733,246.976899999994 -2.08370408045395,43.2985509364788,246.303499999995 -2.08379494055337,43.2985070158423,246.257899999997 -2.08389099650837,43.2984619209745,246.727899999998 -2.0840059961361,43.2984030802124,245.989199999996 -2.08416592320612,43.2983060176743,247.073900000003 -2.08431294148552,43.2982029198579,247.349000000002 -2.08442995333951,43.2981020022558,246.7399 -2.08456506983971,43.2979759383759,245.400299999994 -2.08466196392286,43.2978810548991,245.176399999997 -2.08474997456619,43.2978430015674,243.601299999995 -2.08490705128183,43.2979330228555,245.963799999998 -2.08510905543977,43.2980139922782,247.808600000004 -2.08537392280299,43.29801097438,248.136700000003 -2.08561498660779,43.2980129860942,250.106499999994 -2.08586493475078,43.2979640361068,253.066900000005 -2.08613097711037,43.2978579211124,256.960699999996 -2.08627296572249,43.2977559974032,259.092999999993 -2.08641596134606,43.2975930528797,262.335600000006 -2.08655895696959,43.2973660710824,265.458400000003 -2.08670999880316,43.2971969242258,266.476299999995 -2.08690697329381,43.2970670049669,267.232900000003 -2.08707192913282,43.2969550224947,268.150899999993 -2.087292037937,43.2967920784399,270.300199999998 -2.08756696463475,43.2966569618715,271.566200000001 -2.08785697853772,43.2965230192398,273.203599999993 -2.08826500950943,43.2963610808926,274.357600000003 -2.08839006757339,43.2962940256002,274.711200000005 -2.08849299743698,43.2961979691785,275.410699999993 -2.08855602862718,43.2961359428202,274.616200000004 -2.08863096339323,43.2961139819606,273.756899999993 -2.08873104290243,43.296134937259,273.483800000002 -2.08894897239371,43.2961969629645,272.848800000007 -2.08911493434584,43.2962430637639,271.482399999994 -2.08927402238937,43.29630207203,266.267900000006 -2.08945205410563,43.2964070135389,271.845600000001 -2.08954693775922,43.2964390324708,274.183999999994 -2.08965405826357,43.2964609932131,275.496400000004 -2.08977391957362,43.2964760804718,279.102100000004 -2.08989596019656,43.2964690396208,282.275500000003 -2.08999402837779,43.2964450671154,284.906600000002 -2.09054505497307,43.2962420575506,289.248900000006 -2.09044095101144,43.2962100391688,290.945600000006 -2.09035193515329,43.2961609210082,291.401599999997 -2.09031991650165,43.2961000682034,292.243300000002 -2.09033802114789,43.2960390479619,293.2065 -2.09044296323767,43.2959359508785,294.910199999998 -2.09073901202271,43.2957230500034,297.157500000001 -2.09089206518418,43.295654989092,297.175099999993 -2.09109691879821,43.2955550767549,297.722999999998 -2.0912400815084,43.2954910392509,298.0 -2.09155792342223,43.2953399973275,298.0 -2.09185900187454,43.2952010252193,299.0 -2.09206301736042,43.2951089919993,300.013200000001 -2.09230005761105,43.2950020390519,301.981 -2.09250004954275,43.2949089999493,304.082699999999 -2.09256894852844,43.2948499909852,305.405499999993 -2.09258504184674,43.29482199551,306.0 -2.09260197329323,43.294764998937,306.0 -2.09260297940634,43.2947639926992,306.0 -2.09260599684736,43.2947609752936,306.0 -2.09260901428841,43.2947579578878,306.0 -2.09261203172946,43.2947559460659,306.0 -2.09261504917048,43.2947529286599,306.0 -2.09261907272464,43.2947509174917,305.961299999995 -2.09262292829385,43.294749073049,305.8992 -2.09262695184802,43.2947480674648,305.834199999998 -2.09263097450386,43.2947460556426,305.769400000005 -2.09263499805799,43.2947450500584,305.704400000002 -2.09264002772527,43.2947450500584,305.622799999997 -2.09264405038111,43.2947440438203,305.557799999995 -2.09264908004839,43.2947440438203,305.476200000005 -2.09295200184368,43.2947329797774,302.667600000001 -2.092999946727,43.2947430382361,301.857000000004 -2.09300396938287,43.2947440438203,301.835399999996 -2.093007992937,43.2947450500584,301.813699999999 -2.09301201649117,43.2947460556426,301.792100000006 -2.09301603914701,43.2947460556426,301.792799999996 -2.09302006270117,43.2947460556426,301.7935 -2.09302391827038,43.2947460556426,301.794200000004 -2.09302894793766,43.2947460556426,301.795100000003 -2.0930329705935,43.2947450500584,301.818100000004 -2.09303699414763,43.2947440438203,301.841199999995 -2.0930410177018,43.2947430382361,301.864199999996 -2.09304403514285,43.2947420326518,301.887100000007 -2.09304805869701,43.2947400208294,301.932499999995 -2.09305107613803,43.2947380090069,301.977700000003 -2.09305392559413,43.2947359971844,302.020799999998 -2.09305694303518,43.2947339860156,302.058699999994 -2.09305996047619,43.2947309679547,302.1103 -2.09306197270242,43.2947289567857,302.141099999993 -2.09306398403036,43.2947259393784,302.185899999997 -2.09306599535829,43.294722921317,302.226299999995 -2.0930919800262,43.2946659246511,302.895499999999 -2.09312098123683,43.2945809323456,304.478799999997 -2.09315501121641,43.2945329877984,305.175399999993 -2.09320396221287,43.2944860488019,305.600900000005 -2.09325894719311,43.2944340811687,306.0 -2.09333505515893,43.2943829517008,305.951300000001 -2.09342306490393,43.2943390306691,305.921799999996 -2.09359405562501,43.2942339214797,305.537700000001 -2.09370603781168,43.294181953631,305.649300000005 -2.09390904718444,43.2940959550542,305.969800000006 -2.09414592034845,43.2939980546179,305.830499999996 -2.09423895886243,43.2939589952205,306.342600000004 -2.09442101413286,43.2938969691938,306.737800000003 -2.09465503694247,43.2938149939201,307.640599999999 -2.09500405937981,43.2936969764269,307.675099999993 -2.09509408135104,43.2936740103923,307.941200000001 -2.09518997021942,43.2936780334537,307.844500000007 -2.09526406595901,43.2936919477651,308.296400000007 -2.09536699582256,43.2937289954782,308.297999999995 -2.09547394924028,43.2937400597038,309.569300000003 -2.09565700972553,43.2937259780212,309.914199999999 -2.09590997530954,43.2936740103923,309.942599999995 -2.09602396972245,43.2936290832458,309.260299999994 -2.09616998188873,43.2935420789369,309.643100000001 -2.09631599495335,43.2934299291286,308.906499999997 -2.09648296212026,43.2933449364034,309.1351 -2.0968730564307,43.2931799806087,309.578099999999 -2.09721805531387,43.2930339682002,310.424899999998 -2.09750002210851,43.2929129336556,311.359800000006 -2.09770303237956,43.2928269352457,312.227799999993 -2.09793604907606,43.2927270228391,313.000599999999 -2.09811206946442,43.2926529268235,313.892399999997 -2.09829898551884,43.2926150408746,314.052500000005 -2.09830099684678,43.2926140346013,314.075200000007 -2.09830401428779,43.2926140346013,314.075700000001 -2.09830602651402,43.2926130289818,314.098400000003 -2.09830904395507,43.2926120233624,314.121299999999 -2.09831105528301,43.2926100114695,314.166299999997 -2.09831306750924,43.2926090058499,314.188999999998 -2.09831507883714,43.292606993957,314.233999999997 -2.0983159169653,43.2926059883374,314.256500000003 -2.09831792829323,43.2926039764443,314.301600000006 -2.09831893440635,43.2926019645512,314.346399999995 -2.09831994051947,43.2926009589315,314.368900000001 -2.09832094573429,43.2925989470383,314.413799999995 -2.0983219518474,43.2925969357988,314.458599999998 -2.0983219518474,43.2925949239055,314.503299999997 -2.0983219518474,43.2925930800512,314.544299999994 -2.0983219518474,43.2925910681577,314.589000000007 -2.0983219518474,43.292589056918,314.633600000001 -2.09832094573429,43.2925870450244,314.678100000005 -2.09831994051947,43.2925850331306,314.722699999998 -2.09831306750924,43.2925620666761,315.0 -2.09831306750924,43.2925610610558,315.0 -2.09831206139613,43.2925590491612,315.0 -2.09831206139613,43.2925570379205,315.0 -2.09831206139613,43.2925550260257,315.0 -2.09831206139613,43.2925540204053,315.0 -2.09831306750924,43.2925520085105,315.0 -2.09831306750924,43.2925499972695,315.0 -2.09831407272403,43.2925479853746,315.0 -2.09831507883714,43.2925459734796,315.0 -2.09831692307845,43.292544967859,315.0 -2.09831792829324,43.2925429559639,315.0 -2.09831994051947,43.2925419503433,315.0 -2.0983219518474,43.2925399384481,315.0 -2.0983239631753,43.2925389328274,315.0 -2.09832597540157,43.2925379272067,315.0 -2.09832798672947,43.2925369215859,315.0 -2.0983299989557,43.2925360833507,315.0 -2.09833301639675,43.2925350770761,315.0 -2.09833502772469,43.2925350770761,315.0 -2.0988820307658,43.2924349974581,312.922200000001 -2.09923306453104,43.2923659305124,310.229300000006 -2.10010495048119,43.2921840431456,304.178400000004 -2.10054701233084,43.2921030738063,300.979000000007 -2.10078002902731,43.2920569737916,299.0 -2.1008829588909,43.2920340071376,297.811700000006 -2.10096996252278,43.2920050053904,297.0 -2.10105193738574,43.2919609165618,297.0 -2.1011240217974,43.2919149838265,296.595000000001 -2.10117498412177,43.2918589927763,296.155799999993 -2.10132602595534,43.291651959745,295.030499999993 -2.10140498337722,43.2915470185305,294.554999999993 -2.10158603253453,43.2913319386587,292.962100000004 -2.101651075951,43.291282988524,292.942200000005 -2.10175802936872,43.2912189510984,293.309399999998 -2.10205491628192,43.2910640531816,293.084700000007 -2.1022949739736,43.2909669906985,292.718099999998 -2.10256403287594,43.2908749576095,292.553499999995 -2.1030329166233,43.290744032271,292.601999999999 -2.10346592614984,43.2906409347111,291.205499999996 -2.10365602763027,43.2905929903271,290.111399999994 -2.10378091770927,43.2905490691737,290.116099999999 -2.10392106297841,43.2904810083565,289.948300000004 -2.10415307446009,43.2903329833848,289.375599999999 -2.10438106238764,43.2901829473875,288.969899999996 -2.10446605469162,43.290127962365,288.718900000007 -2.10471700894769,43.2899849668106,285.968599999993 -2.10488799966877,43.2898919278789,283.315000000002 -2.10489403455084,43.2898890782782,283.250700000004 -2.10490006943294,43.2898850549661,283.160300000003 -2.10490493111523,43.2898810316538,283.070099999997 -2.10490995988422,43.2898770083412,282.979800000001 -2.1049149895515,43.2898729850283,282.889599999995 -2.10491800699252,43.2898679553964,282.777400000006 -2.10492203054668,43.289862926418,282.664999999994 -2.10492404187462,43.289858064832,282.556599999996 -2.10492806542875,43.2898500182035,282.377200000003 -2.10493192099796,43.289842977893,282.220199999996 -2.10493694976691,43.2898359369279,282.062900000004 -2.10494298464901,43.2898290633549,281.909199999995 -2.10495002564419,43.289822023042,281.751600000003 -2.10495706663938,43.2898159877403,281.616299999994 -2.10496595097754,43.2898109587575,281.503100000002 -2.10497500330066,43.2898059297744,281.389800000004 -2.1049840565221,43.2898020738498,281.302599999995 -2.10498807917794,43.2898000625179,281.257199999993 -2.10501993074299,43.2897849749106,280.996299999999 -2.10510492304694,43.2897599967193,279.929600000003 -2.10519796245925,43.2897499387442,279.107399999994 -2.10534397552384,43.2897420594946,277.549499999994 -2.10542293294575,43.2897479267566,277.047300000006 -2.10554899622449,43.2897710610131,276.890400000004 -2.10576893794204,43.2898349312625,274.687099999996 -2.10595602198142,43.289896956855,272.982099999994 -2.10607504516331,43.2899350105819,270.732999999993 -2.10616992791857,43.2899470805075,268.893100000001 -2.10626900221295,43.289938028227,267.232600000003 -2.10664903718882,43.2897889982293,262.446100000001 -2.10715396314205,43.2896000700099,255.439199999993 -2.10738697983852,43.2895310031143,250.782200000001 -2.10757708221728,43.2894959668016,247.720300000001 -2.10772007694251,43.2894879201251,245.066399999996 -2.10787899789942,43.2895020014812,243.442500000005 -2.10812492338655,43.2895459227369,240.154899999994 -2.10832407719009,43.2895910176779,241.357900000003 -2.10839800494473,43.2895880000155,244.295899999997 -2.10845902570533,43.289525974108,243.925199999998 -2.10862599287224,43.289355988743,238.976899999994 -2.10875004572141,43.2892500418152,236.653900000005 -2.10888097068248,43.2891719221276,235.973800000007 -2.10912203448731,43.2890949767201,232.8272 -2.1093290674142,43.2890540728277,230.884600000005 -2.10949603458111,43.2890359679996,228.513300000006 -2.1097280460628,43.2890450204144,224.148700000005 -2.10997195932369,43.2890740216114,220.534700000004 -2.11003599662704,43.2890669812111,220.2258 -2.11011897760309,43.2890440147359,220.267200000002 -2.11039004873167,43.288904036945,224.312399999995 -2.11070403417798,43.2887630531489,230.039999999994 -2.11085893247905,43.2887080681505,232.499400000001 -2.11106294796489,43.2886559327611,232.756599999993 -2.11130904053868,43.2886059760947,232.0 -2.11152395258894,43.2885719455893,229.695600000006 -2.11172394452065,43.2885499852677,228.325500000006 -2.11203005174192,43.2884059842378,219.724799999996 -2.11224194635113,43.2882770701981,211.372399999993 -2.1123949995126,43.2881840312695,203.836299999995 -2.11247798048865,43.2881260286668,202.0 -2.11259700367054,43.2879999650309,201.062600000005 -2.11273396351371,43.2878750742299,201.242700000003 -2.11281107759264,43.287697042569,199.126799999998 -2.1129059603479,43.2875049292257,194.775999999998 -2.11296094622644,43.2873520437256,190.791899999997 -2.11301492509353,43.287193960588,188.451400000005 -2.11302297220186,43.2870120734479,186.239700000006 -2.11298106220061,43.2868209662721,183.037899999996 -2.11291099001518,43.2866560104385,179.357000000004 -2.11287394169622,43.2864719434995,175.666200000007 -2.11286807390078,43.2863339777753,173.514800000004 -2.11290394901997,43.2861730448329,170.660000000003 -2.112955078431,43.2860050720178,167.9182 -2.11304794985832,43.2858050794564,165.537800000006 -2.11310897061895,43.2856939355014,164.300000000003 -2.11315792071709,43.28560408181,162.454700000002 -2.11322095280563,43.2855330028274,160.327799999999 -2.11397297654743,43.2848720060325,149.170599999998 -2.11408898228827,43.2846959862382,144.317200000005 -2.11430003876933,43.2845570140031,139.313899999994 -2.11461905388292,43.2843830061163,131.030299999999 -2.11450003070103,43.284223917352,127.104200000002 -2.11437799007809,43.2839920739542,121.485100000005 -2.11443901083873,43.2839369211576,120.507899999997 -2.11448796093686,43.2838680217803,118.588499999998 -2.11452400314271,43.2838110247508,117.1584 -2.11453892326127,43.2837580513854,116.3361 -2.11454998691229,43.2837089329772,115.075299999997 -2.11455803402062,43.2836609890145,113.889800000004 -2.11456892968668,43.2836080148645,112.546900000001 -2.1145840177902,43.2835089407143,110.156400000007 -2.11460296056459,43.2834050056088,108.539799999999 -2.11463598532938,43.2833099548751,106.696100000001 -2.11467102142211,43.2832239559661,105.475399999996 -2.1147229898596,43.2831240441333,104.091199999995 -2.11482692493797,43.2829399776242,101.551600000006 -2.11493002278652,43.2828080464269,100.0 -2.11497696155672,43.2827619459066,99.2513999999937 -2.11502691686968,43.2827180243301,99.0 -2.11519002936571,43.2825659769429,96.9352999999974 -2.11527099811553,43.2824900368134,96.0 -2.11534895032262,43.2824119175995,94.4331999999995 -2.11547300227346,43.282257020143,92.1132000000071 -2.11548792239202,43.2822449499994,92.0728999999992 -2.11550502092514,43.2822350595033,92.1613999999972 -2.11552396459787,43.2822270125204,92.161500000002 -2.115544080572,43.2822209777729,92.0746999999974 -2.11556604168574,43.2822179603989,91.648199999996 -2.11558800190119,43.2822169546075,91.2675000000017 -2.115660924441,43.2822109192051,90.2219999999943 -2.11573300885266,43.2822020344952,89.6416000000027 -2.11574893418603,43.2821939881618,89.4602000000014 -2.11576402228955,43.2821849353815,89.2565000000031 -2.11577693018184,43.2821740390836,89.0123000000021 -2.11578698861811,43.2821619689236,88.7559000000037 -2.11579402871496,43.2821490610367,88.4277000000002 -2.11579805226913,43.2821349792863,88.1239999999962 -2.11579905838224,43.2821200598079,87.809500000003 -2.11579604094123,43.2821059780508,87.4973000000027 -2.11578799383289,43.2820840173567,87.0650000000023 -2.11577592406873,43.2820630624486,87.1395000000048 -2.11575899262227,43.2820429459131,87.0553999999975 -2.11573803762164,43.2820260148231,86.4296999999933 -2.11571305996515,43.2820119330442,86.0111000000034 -2.11568607008245,43.2820000309204,85.9351000000024 -2.11562706154805,43.2819800817787,85.2927000000054 -2.11556402945951,43.2819659999892,84.9591999999975 -2.11549999215619,43.2819569478289,84.6031999999977 -2.11543494873972,43.2819539304418,83.550900000002 -2.1153829803022,43.2819519188504,82.6355999999942 -2.11534794420951,43.2819529246461,82.3102000000072 -2.11529698188514,43.2819430341026,81.9089999999997 -2.11527099811553,43.2819309638968,81.2209000000003 -2.11524702567385,43.2819150385719,80.4784999999974 -2.11523596202283,43.2818999509707,80.0725999999995 -2.11521299569427,43.2818590474718,80.0494000000035 -2.11515901592885,43.2817879686912,78.8493000000017 -2.11516002204197,43.2817849512958,78.8353000000061 -2.11516002204197,43.2817819339002,78.8138000000035 -2.11515901592885,43.281779922303,78.7890999999945 -2.11515901592885,43.2817770723223,78.7676000000065 -2.11515801071403,43.2817740549263,78.7323000000033 -2.11515700460092,43.2817710368762,78.6947999999975 -2.11515499237469,43.2817690252787,78.6494999999995 -2.11515298104675,43.2817660078823,78.5913 -2.11515096971885,43.2817639962847,78.5393999999942 -2.11514895749262,43.2817609788881,78.5274000000063 -2.11514594005157,43.2817589672902,78.5048999999999 -2.11514292261052,43.2817569556923,78.4867999999988 -2.11514007315446,43.2817559498933,78.4609999999957 -2.11513705571341,43.2817539382953,78.4504000000015 -2.11513303215924,43.2817529324963,78.4149999999936 -2.11512900860507,43.2817519266972,78.3824000000022 -2.11512599116406,43.2817509208982,78.3647000000055 -2.11512196850822,43.2817500825143,78.3340000000026 -2.11511794495406,43.2817500825143,78.2893999999942 -2.11511693884094,43.2817500825143,78.2844999999943 -2.11499204876194,43.2817329832735,78.0 -2.11498802520777,43.2817329832735,78.0 -2.11498299643882,43.2817319774741,78.0 -2.11497696155672,43.2817309716748,78.0 -2.11497193188944,43.2817299658754,78.0 -2.11496707020715,43.2817289600759,78.0 -2.11496204143816,43.281726948477,78.0 -2.11495701266921,43.2817239310786,78.0 -2.11495198300193,43.2817219194795,78.0 -2.1149479594478,43.2817190694961,78.0 -2.11494494200675,43.2817160520972,77.9860000000044 -2.11494091935091,43.2817130346982,77.9260000000068 -2.11493806899649,43.2817090108453,77.8390000000072 -2.11493605766859,43.281705993446,77.7688000000053 -2.11493404544235,43.2817019702466,77.6720000000059 -2.11493203411442,43.2816979470469,77.5829999999987 -2.1149310280013,43.281693923847,77.4937999999966 -2.1149310280013,43.2816910738623,77.4305000000022 -2.1149310280013,43.2816890622621,77.3858000000037 -2.1149310280013,43.2816870506619,77.3411000000051 -2.11493002278652,43.2816840332615,77.2743000000046 -2.11492901667337,43.2816820216611,77.229800000001 -2.11492801056025,43.2816800094067,77.1852999999974 -2.11492599923235,43.2816779978062,77.1408999999985 -2.11492499311924,43.2816759862056,77.0963999999949 -2.1149229817913,43.2816739746049,77.0521000000008 -2.11491996435025,43.2816719630042,77.0078999999969 -2.11491795212402,43.2816709572038,76.9961999999941 -2.11491594079612,43.281668945603,76.9823000000033 -2.11491292335507,43.2816679398026,76.9717999999993 -2.11491007389898,43.2816669340021,76.959400000007 -2.11490705645796,43.2816659282017,76.9446000000025 -2.11490403901691,43.2816649224012,76.9275999999954 -2.11490102067756,43.2816649224012,76.9208000000071 -2.11489800323651,43.2816649224012,76.9140000000043 -2.11489498579549,43.2816639166007,76.8928000000014 -2.11489196835444,43.2816649224012,76.9005000000034 -2.11465895165794,43.2816439673488,74.1585999999952 -2.11435602986268,43.2816359209415,70.9082999999955 -2.11404405574427,43.2816610666145,67.5852000000014 -2.11373593629677,43.2817180636965,63.7964000000065 -2.11335891876191,43.2818060737147,59.6006000000052 -2.11304208296121,43.2818949219875,57.0972000000038 -2.11294703222099,43.281903974157,55.9017000000022 -2.11294401477994,43.281903974157,55.8773999999976 -2.11293999122581,43.281903974157,55.8450000000012 -2.11293596767164,43.281903974157,55.8126999999949 -2.11293194411748,43.2819029683605,55.7706000000035 -2.11292792146164,43.2819019625639,55.7256000000052 -2.11292406499414,43.2819009567674,55.6791999999987 -2.1129200423383,43.2818999509708,55.6285999999964 -2.11291702489725,43.2818979393775,55.5694999999978 -2.11291300134308,43.2818969335809,55.5121000000072 -2.11290998390203,43.2818949219875,55.4446000000025 -2.11290696646102,43.2818920720122,55.3567999999941 -2.11290495513308,43.2818900604187,55.2926000000007 -2.11286405124495,43.2818379250713,55.0 -2.11286304513183,43.2818379250713,55.0 -2.11286203901872,43.2818360808909,55.0 -2.11286002769078,43.2818340692956,55.0 -2.11285902157767,43.2818310519024,55.0 -2.11285801636285,43.2818290396529,55.0 -2.11285701024973,43.2818270280574,55.0 -2.11285600413662,43.2818240106638,55.0 -2.11285600413662,43.2818219990681,55.0 -2.11285600413662,43.2818199874723,55.0 -2.11285701024973,43.2818169700784,55.0 -2.11285701024973,43.2818149584824,55.0 -2.11285801636285,43.2818129468864,55.0 -2.11285902157767,43.2818099294922,55.0 -2.1128610338039,43.281807917242,55.0 -2.11286203901872,43.2818060737147,55.0 -2.11286405124495,43.2818040621184,55.0 -2.11286606257285,43.2818030563201,55.0 -2.1128690800139,43.2818010447237,55.0 -2.11287092425517,43.2817990324732,55.0 -2.11287394169622,43.2817980266749,55.0 -2.11287695913727,43.2817970208767,55.0 -2.11360802877671,43.2815279620411,51.0507000000071 -2.11382193471386,43.2814379406661,50.1094000000012 -2.11405595752348,43.2813140559322,52.6965000000055 -2.11438503107331,43.2810339323496,51.8488999999972 -2.1144629832804,43.280944078315,46.9195000000036 -2.1144649946083,43.2809410608777,46.8521000000037 -2.11446801204935,43.2809380434402,46.784599999999 -2.11447102949041,43.2809340201901,46.6946999999927 -2.11447404693142,43.2809310027523,46.6272000000026 -2.11447807048559,43.2809279853143,46.559500000003 -2.1144819260548,43.2809249678763,46.4918000000034 -2.11448594960896,43.2809229562507,46.4464000000007 -2.11449097837792,43.2809209446252,46.4008999999933 -2.11449600714687,43.2809189329996,46.3552999999956 -2.11450103681415,43.2809169213739,46.3098000000027 -2.1145060655831,43.2809160829785,46.2902999999933 -2.11451193337854,43.2809150771657,46.2669000000024 -2.11451696214749,43.2809150771657,46.2997000000032 -2.11452299702959,43.2809140713528,46.3512999999948 -2.11452903191166,43.2809150771657,46.4418000000005 -2.11453406157894,43.2809150771657,46.5013000000035 -2.11455501657957,43.2809140713528,46.7430000000022 -2.11457496546708,43.280911053914,46.988400000002 -2.11459508144125,43.2809080364751,47.3717999999935 -2.11461503032876,43.2809030074098,47.6153999999951 -2.11463397400148,43.2808959667178,47.7614999999932 -2.11465207864772,43.280888926025,47.9726999999984 -2.11466901009418,43.280880041122,48.2382999999973 -2.11467806241729,43.2808750120545,48.422900000005 -2.11481502315876,43.2808029276175,50.8163999999961 -2.11518097704259,43.280541076462,58.1549999999988 -2.11527401555658,43.2804859238067,60.3959000000032 -2.11529094700304,43.2804790504851,60.5515000000014 -2.11532497788095,43.2804679864631,60.8237999999983 -2.11536001397367,43.2804579282595,61.0325000000012 -2.11539605617949,43.2804510549347,61.3546999999962 -2.11543293651349,43.2804470316524,61.8570999999938 -2.11546998483241,43.2804440141904,62.3999999999942 -2.11550703315137,43.2804450200111,63.0014999999985 -2.115544080572,43.2804470316524,63.603099999993 -2.11558096090601,43.2804520607553,64.0406999999977 -2.11561700311182,43.2804589340799,64.0429000000004 -2.11565203920454,43.2804679864631,64.5907000000007 -2.11568607008245,43.2804800563052,65.3521999999939 -2.11571792164747,43.2804929645462,65.8215000000055 -2.11593702433853,43.2805980739392,69.0008999999991 -2.11606107628937,43.2806419950842,70.043399999995 -2.11622301468733,43.2806869220142,72.0334000000003 -2.11685400481764,43.2808280729808,77.0170000000071 -2.11724292503,43.2809330143775,80.8595000000059 -2.11733596444228,43.2809499457717,82.1530000000057 -2.11743000906938,43.280960004548,82.3133999999991 -2.11752505980959,43.2809650336085,82.2814000000071 -2.11761994256485,43.2809630219843,83.2842999999993 -2.11771499330507,43.2809559806453,83.7486999999965 -2.1177170055313,43.2809549748331,83.7939999999944 -2.11781607982568,43.2809430725026,83.6782999999996 -2.11791297390884,43.2809249678763,84.1940999999933 -2.11800701943427,43.2808999899705,84.8840000000055 -2.11809804662031,43.2808689765189,85.3178999999946 -2.11818505115053,43.2808329346345,85.2724000000017 -2.11826702601346,43.2807920310722,86.1245999999956 -2.11834397210744,43.2807449245165,86.321299999996 -2.11840096841558,43.2807050267114,87.0 -2.11864002089247,43.2805090576619,87.2088999999978 -2.1189040501275,43.2803280085568,86.4737000000023 -2.11917595938424,43.2801390803813,85.0 -2.11943898340448,43.2799650722837,84.2070999999996 -2.11991004646473,43.2797280324226,84.0 -2.12046107306,43.2795479887908,84.0 -2.12096599901324,43.2793600666478,82.8744000000006 -2.1214570100627,43.2791919259106,79.0 -2.12187895593818,43.2790509418409,75.9695999999967 -2.12300196323103,43.2787949586578,66.5500999999931 -2.12441699575479,43.2782789689052,50.0228999999963 -2.12490599637464,43.2780799823106,45.5071999999927 -2.12502501865824,43.2780320378361,43.4955000000045 -2.1250640783051,43.2780129271367,43.0019000000029 -2.1251009595374,43.2779909662732,42.5099000000046 -2.12513498951698,43.2779669943326,42.0 -2.12516600295387,43.2779400047965,41.8990000000049 -2.12519399805138,43.2779120087317,41.3926999999967 -2.12521897660617,43.2778830074452,40.9946000000054 -2.12523892549368,43.2778509885543,40.255799999999 -2.1252560240268,43.2778189696465,40.0 -2.12526893281743,43.2777849389927,39.9247999999934 -2.12527798514054,43.2777549317804,39.2878000000055 -2.12527999646848,43.2775869586124,37.6147000000055 -2.12529206623261,43.2775539343512,37.0890000000072 -2.12531201512012,43.2775229211562,37.0338000000047 -2.12533900500285,43.2774939196842,36.4296000000031 -2.12537202976764,43.2774699475478,35.8916000000027 -2.12541008330139,43.2774499982287,35.4419999999955 -2.12600704255379,43.27725302394,30.9777000000031 -2.12622296071717,43.2771769162914,28.2385999999969 -2.12640602120238,43.2771019818514,25.5432000000001 -2.12650895106594,43.2770490085306,24.0886000000028 -2.12669000022325,43.2769569746582,21.0924999999988 -2.12689703315017,43.2768270553282,18.0026000000071 -2.12721101949478,43.2766139874974,16.0 -2.12739693033442,43.2764889294359,14.9732999999978 -2.12747605484296,43.2764389732421,14.0 -2.12742593154505,43.2764129895695,14.0348999999987 -2.12729601179876,43.276256080103,12.736699999994 -2.12739106253898,43.2761980772457,12.9048000000039 -2.12747404351502,43.2761139231022,10.4165000000066 -2.12749700984358,43.2760820720192,9.869200000001 -2.12750304472565,43.2760440181285,9.50449999999546 -2.12738301632898,43.2760889451835,7.4265000000014 -2.12733306011772,43.2760939739926,6.89070000000356 -2.12727203935709,43.2760879392908,5.58449999999721 -2.12718805316622,43.2759880268577,3.34819999999308 -2.12714195252418,43.2759429322971,3.0 -2.12684305428305,43.275785017029,3.0 -2.12681505828724,43.2757060598952,3.0 -2.12635103622214,43.2757699298698,3.0 -2.12626805524609,43.2757809940921,3.0 -2.12577402585729,43.2758400025898,1.53859999999986 -2.12575592121105,43.2757709357677,0.110300000000279 -2.12556598681728,43.2746759236177,2.59750000000349 -2.12556598681728,43.2746330086611,5.15230000000156 -2.12557403392558,43.2745909315027,6.0 -2.12559197058686,43.2745500276684,6.0 -2.12561896046958,43.2745119734737,6.0 -2.12565299134749,43.2744779429326,6.0 -2.12569506843537,43.2744479360517,6.0 -2.12574301331872,43.2744229581032,6.0 -2.12579498085791,43.2744040150138,6.0 -2.12585097195127,43.2743919446204,6.0 -2.12590897437252,43.2743869156707,6.0 -2.12635304755008,43.274389933433,6.0 -2.12685596217537,43.2743879215914,6.0 -2.12713105595979,43.274389933433,7.0 -2.12732601912251,43.2744040150138,7.0 -2.12761703913859,43.2744120617233,6.0 -2.12787603960467,43.2743889275122,6.0 -2.12817192040475,43.2743699844122,5.0 -2.12844299153332,43.2743689784912,5.0 -2.12875999531898,43.2743649554607,4.0 -2.12906895199631,43.2743709903333,2.32910000000265 -2.1296010349189,43.274389933433,1.23480000000563 -2.13002800956334,43.2744150788304,1.0 -2.13021794305881,43.2744440804617,1.13640000000305 -2.13048398452007,43.2745170030672,0.0 -2.13080802930095,43.2746279790772,0.0 -2.1309969575816,43.2746799472816,4.03200000000652 -2.13110491621414,43.2747159895406,6.5847999999969 -2.13117800673891,43.2747290651308,7.98040000000037 -2.13123902660122,43.2747320822221,8.0856000000058 -2.1312970299208,43.2747339266178,8.92449999999371 -2.13134296257792,43.2747359384479,9.0 -2.13139006843479,43.2747359384479,9.06290000000445 -2.13145293253837,43.2747329207027,9.4835000000021 -2.13151495941208,43.2747270533005,10.0 -2.13157597927439,43.2747169948019,10.4375 -2.13163599392191,43.2747020754666,11.0 -2.13169399634317,43.2746839702913,11.3254000000015 -2.1317489822217,43.2746630154507,11.5917999999947 -2.13179793231987,43.2746400494238,12.0 -2.13180094976089,43.2746390435071,12.0 -2.13181000208401,43.2746370316738,12.0 -2.13181905440712,43.2746350198405,12.0 -2.13182793964361,43.2746340145778,12.0 -2.13183699196673,43.2746340145778,12.0 -2.13184604428985,43.2746340145778,12.0 -2.13185492862801,43.2746340145778,12.0 -2.13186398184942,43.2746360257571,12.0927999999985 -2.13187303417254,43.2746370316738,12.2399000000005 -2.1318819185107,43.2746400494238,12.3847999999998 -2.13188996561904,43.2746430665195,12.5160999999935 -2.13189801182904,43.2746459168344,12.6472999999969 -2.1319679169278,43.2746809531976,13.0 -2.13202005245194,43.274701069551,13.6407000000036 -2.13211694743343,43.2747220243784,14.3451999999961 -2.13223496450221,43.274748008119,14.1010999999999 -2.13231593415036,43.2747729859341,14.644100000005 -2.13238801766368,43.2748180807076,15.125 -2.13242607209575,43.2748450703205,15.4217000000062 -2.13247301086599,43.2748799391349,15.9018999999971 -2.13251693129685,43.2749079346325,16.7259000000049 -2.13257191717538,43.2749300633885,17.1282999999967 -2.13269999268039,43.2749490063141,18.5893000000069 -2.13278498498437,43.2749669433227,18.9612000000052 -2.13284801707291,43.2749830365919,19.3165000000008 -2.13292596838171,43.275019917148,21.1668000000063 -2.13302403656294,43.2750849605315,22.3978000000061 -2.13307298755941,43.275115973661,22.7706000000035 -2.13312495509859,43.275154027478,23.0500999999931 -2.13316803829962,43.2752080070477,24.6466999999975 -2.13320106306441,43.2752789182338,24.9404000000068 -2.13322805204881,43.2753439613404,26.4434000000037 -2.1332610768136,43.2753920734035,26.8322999999946 -2.13331405046591,43.2754539319013,27.6711000000068 -2.13336702411821,43.2755270220371,28.2137999999977 -2.13339803755507,43.2755789901278,30.0430000000051 -2.13344598154009,43.2756569415266,32.2629000000015 -2.13349493253656,43.2756980133568,33.0991999999969 -2.13356902827615,43.2757509865457,35.0485999999946 -2.13365905024741,43.2758039603425,36.7467999999935 -2.13371705266867,43.2758400025898,37.7633999999962 -2.13374705999241,43.2758669924034,38.0556999999972 -2.13382501130121,43.2759129248306,39.3322999999946 -2.13387697973869,43.2759509788032,39.366200000004 -2.13392207426765,43.2759840032803,39.7170000000042 -2.13394805803723,43.2760170283935,40.3745999999956 -2.13397102436579,43.2760629613614,41.537599999996 -2.13398108280202,43.2761179466711,41.5619000000006 -2.13398192093018,43.2761890248813,41.2774000000063 -2.13396498948372,43.2762550742132,41.9630999999936 -2.13394202315516,43.2763070423361,41.1334999999963 -2.13391603938555,43.27635599275,40.0187000000005 -2.13389206694388,43.2764109777949,41.1071999999986 -2.13387597362558,43.27646596279,40.2299000000057 -2.13388100239453,43.2765370412478,39.8644000000058 -2.13389407827181,43.2765950444361,39.4233999999997 -2.13389994606725,43.2766540527983,36.7375999999931 -2.13394202315516,43.2767749202204,35.6113000000041 -2.13396901303786,43.2768369460493,34.0037000000011 -2.134058028896,43.2769630099278,32.6677999999956 -2.13413195665064,43.277075997808,33.2884999999951 -2.13417001108268,43.2771859685088,33.5001000000047 -2.13419197129812,43.2772939272655,34.7088999999978 -2.13419800618019,43.2773700354218,36.382500000007 -2.13424494495043,43.2774850349394,37.9949999999953 -2.13432004680313,43.2775720386727,40.4575000000041 -2.1343629620192,43.2776370825983,42.4683999999979 -2.13438106666544,43.2776729569874,44.1950999999972 -2.1343899519019,43.2777190574397,43.8748999999953 -2.13437000301438,43.2778570237352,43.9924000000028 -2.13434401924481,43.2779480510384,44.3092000000033 -2.13433597213648,43.2779909662732,44.9318000000058 -2.13433295469546,43.2780660683517,44.9508999999962 -2.13434401924481,43.2781329560419,45.4226000000053 -2.13438794057399,43.2782100696604,45.2385000000068 -2.1344489604363,43.2782680719079,44.7847000000038 -2.13448500264211,43.2782989172985,44.9305000000022 -2.13451299773962,43.27833496003,44.411300000007 -2.13452992918611,43.2783689903762,44.2170999999944 -2.13453395274028,43.2784130792467,44.2924999999959 -2.134524062289,43.2784489538323,44.2302000000054 -2.13449707240628,43.2784789607023,44.5396000000037 -2.13446002408732,43.2785119857694,44.1733999999997 -2.1344120801023,43.2785520511286,43.877800000002 -2.13438592834776,43.2785929548888,42.9575000000041 -2.13436799168648,43.2786970577907,41.6646000000037 -2.13434603057271,43.2787679688349,41.5966999999946 -2.13431702936208,43.2788090405273,41.9858999999997 -2.1342689173921,43.2788559791966,42.2989999999991 -2.1342320370581,43.2789139814824,42.7459999999992 -2.13421007594436,43.2789629317612,42.9760999999999 -2.13420102362124,43.2790050091664,43.0777999999991 -2.13419498873917,43.27905898859,42.9404000000068 -2.13419800618019,43.2791129679657,43.8987000000052 -2.13421192018563,43.2791850524429,45.2244000000064 -2.13423706582708,43.2792650154805,46.2513000000035 -2.13425902694083,43.2793429673894,47.1266000000032 -2.13430093604378,43.2794059997083,48.1949000000022 -2.13433999569064,43.2794720488182,48.3209999999963 -2.13435994457815,43.27951395845,47.8361000000004 -2.13435893846504,43.2795520121327,47.6052000000054 -2.13435106023999,43.2795779957728,47.7087000000029 -2.13432691981336,43.2796380103463,47.9622999999992 -2.13430596481273,43.2796819315304,47.7130000000034 -2.13429406303352,43.27973104992,47.8309000000008 -2.1342850107104,43.2799989349523,47.8525999999983 -2.13427998104316,43.2800869454954,48.1123999999982 -2.13428199326939,43.2801940659315,49.5714000000007 -2.13429791860273,43.2802669881863,49.7774000000063 -2.13431702936208,43.2803110769895,50.5256999999983 -2.13439699289711,43.2804140069816,51.7880000000005 -2.1344239827798,43.2804730155643,51.0095000000001 -2.13443504643086,43.2805159309801,52.3567000000039 -2.13442700022085,43.2805499614145,52.8684000000067 -2.134404032994,43.2805999175031,53.2595000000001 -2.13436095069127,43.2806619440108,53.5451999999932 -2.13431602324897,43.2807080441604,53.4545999999973 -2.13429305692041,43.2807289988812,53.2896000000037 -2.13424595106354,43.2807990717762,55.2295000000013 -2.13418208084685,43.280896972531,56.5019999999931 -2.13408803532145,43.2810220300345,55.8325999999943 -2.13403305034121,43.2811160752634,54.8954999999987 -2.13399298458124,43.281183968679,53.5945999999967 -2.1339239176106,43.2812939391491,51.1679000000004 -2.13388100239453,43.2813769201008,49.8448000000062 -2.13383004096846,43.2814649299586,47.6830999999947 -2.1337990275316,43.2815329910547,46.5776999999944 -2.13376197921264,43.281595017265,45.5920000000042 -2.13369492446827,43.2817069992457,44.6934000000037 -2.13364798569803,43.2818689380289,42.1408999999985 -2.13361194349222,43.2819649941937,42.148000000001 -2.13358595972261,43.2820000309204,41.7345000000059 -2.1335190720649,43.2820320495899,40.6024000000034 -2.13340407243714,43.2820840173567,39.8285999999935 -2.13332595314341,43.2821200598079,38.4652999999962 -2.13321397095674,43.2821859411733,36.6160999999993 -2.13312998386754,43.2822489731628,35.3454999999958 -2.13306896400524,43.2822940676278,34.1055000000051 -2.13295597570545,43.2824110792247,32.5690000000031 -2.1328999846121,43.2824690820452,31.3224999999948 -2.13282505074435,43.2825379810449,30.3196999999927 -2.13275598377374,43.2825939721741,29.1713000000018 -2.1326730027977,43.2826519754741,27.2290000000066 -2.13260795938123,43.2826930465065,26.0733999999939 -2.13254794473371,43.2827220481162,25.4455000000016 -2.13247803963494,43.2827500432756,23.821100000001 -2.13240595522329,43.2827889352657,21.7317000000039 -2.13237393657161,43.2828080464269,21.3905999999988 -2.13230604280075,43.2828809688184,20.3203000000067 -2.13228106514429,43.2829160050176,18.699099999998 -2.13225005170739,43.2830430745042,19.7832000000053 -2.13225005170739,43.2831480160039,18.8073000000004 -2.13222993573326,43.2832140656293,18.0377000000008 -2.13218601440407,43.2832740798859,17.0381999999954 -2.13212700586967,43.2833190068341,15.6929999999993 -2.13205307721674,43.2833689632649,14.2142000000022 -2.13199608001027,43.283403999837,11.6725000000006 -2.13191008159317,43.2834809452501,11.5381000000052 -2.1318819185107,43.2835280516492,10.8046999999933 -2.13186498706424,43.2835669437959,10.133600000001 -2.13186297573631,43.2836090206329,9.8524000000034 -2.13188007516776,43.2836480807917,8.99300000000221 -2.13193103659383,43.2836660178518,9.0 -2.13199306256925,43.2836670236191,8.88779999999679 -2.13217193241367,43.2836730588771,8.48209999999381 -2.13231492803724,43.2836789260707,8.25260000000708 -2.13242003721369,43.2836930074637,7.24240000000282 -2.13253000717413,43.2837240207836,6.41049999999814 -2.13264701902809,43.2837570456195,4.97070000000531 -2.1327279877779,43.2837900697836,4.0 -2.13276805353791,43.2838289617627,4.0 -2.13278599109749,43.2838980292474,3.88760000000184 -2.13277593266125,43.2839389326834,4.0 -2.13278196754332,43.2840889683881,4.0 -2.13277995621542,43.2841979337341,4.0 -2.13279906697477,43.2843979256938,4.0 -2.13283192375461,43.2846520647501,4.0 -2.13288003572459,43.2848639593983,4.0 -2.13305605611295,43.2848639593983,5.65240000000631 -2.13318496974608,43.2848629536507,5.97470000000612 -2.13339300788779,43.2848490399351,7.54409999999916 -2.13375594433057,43.2848049511508,8.05430000000342 -2.13407194200312,43.2847660591417,8.5966999999946 -2.13440202166606,43.2847560003408,11.5109999999986 -2.13460301971088,43.28476304124,12.0400999999983 -2.1347510441034,43.2847719262298,11.703800000003 -2.13488599261864,43.2847960661658,10.5380000000005 -2.13499193992324,43.2848359639038,9.79859999999462 -2.13501507423676,43.284839986896,9.42230000000563 -2.13503804056532,43.2848440105418,9.09450000000652 -2.13506100689388,43.2848450162896,9.06209999999555 -2.13508397322244,43.2848450162896,9.05830000000424 -2.13510693955097,43.2848440105418,9.03209999999672 -2.13513007386449,43.2848409932979,9.0 -2.13515304019305,43.2848369696519,9.0 -2.13517500130679,43.2848309345094,9.0 -2.13519595540912,43.2848240616787,9.0 -2.13521607228158,43.2848160150381,9.0 -2.13523501505598,43.2848059568994,9.0 -2.13525295261559,43.2847950604171,9.0 -2.13526099882559,43.2847900310192,9.0 -2.13527692505726,43.2847779613782,9.0 -2.13529905325763,43.28476304124,9.0 -2.13532302569931,43.2847499658441,9.0 -2.13534900946892,43.2847380636021,9.0 -2.13537599935161,43.2847280047966,9.0 -2.13540399444912,43.2847199581433,9.0 -2.13564706958185,43.2846490474967,10.3068000000058 -2.13578604165125,43.284634965671,11.5905000000057 -2.1360859460055,43.284634965671,15.5807999999961 -2.13651007029555,43.2846260813151,18.9562000000005 -2.13685791953311,43.2846180346484,22.7192000000068 -2.13712094355335,43.2846309426653,25.6619999999966 -2.13734406979858,43.2846399950817,28.6585999999952 -2.13754003907445,43.2846389893304,30.6076999999932 -2.13762603659321,43.284645023838,31.918399999995 -2.13777791745324,43.2846780488279,32.898000000001 -2.13796298926638,43.2847300169502,34.0342999999993 -2.13810397356202,43.2847739377281,34.9731999999931 -2.1383949926798,43.2848540686742,37.0032000000065 -2.13852105685688,43.2848979900164,37.6587 -2.13871300257858,43.2849630333037,39.1426000000065 -2.138783074764,43.2849799648842,39.5443999999989 -2.13894803060298,43.2850089667116,41.5675999999949 -2.13927894839409,43.2850379678712,44.450800000006 -2.13944306610491,43.2850429965946,45.8555000000051 -2.13959595217975,43.2850399793606,46.9830999999976 -2.13972503289958,43.285047020227,47.7676000000065 -2.13982092176795,43.2850520496035,47.946299999996 -2.13990004717479,43.2850639517841,48.9060000000027 -2.13998604559189,43.2850780335105,49.1206999999995 -2.14006802045482,43.2850939586613,49.752800000002 -2.1401449665488,43.2851120640088,50.0 -2.14020900385215,43.2851310070343,49.5868999999948 -2.14028494473131,43.2851529672824,49.0228999999963 -2.14076103656055,43.2853420629877,48.0105999999942 -2.14122405251249,43.2855370264274,48.7091999999975 -2.14143192356754,43.285643979672,49.7416999999987 -2.14157793663216,43.2857060056146,50.3359000000055 -2.14177692334905,43.285747076547,52.9741000000067 -2.14191103373612,43.2857750722761,54.5736000000034 -2.14203894125617,43.2858119528302,56.3714000000036 -2.14216601064807,43.2858639206378,57.5044999999955 -2.14234806591849,43.2859780821237,60.0016999999934 -2.14253598808603,43.2860820174106,61.2869999999966 -2.14265501126792,43.2861569519075,61.8842000000004 -2.14283606042523,43.2862840218176,63.4994000000006 -2.14296899761253,43.2864090793643,64.4814999999944 -2.14312708044129,43.2865629709922,65.8457999999955 -2.14331198516781,43.2867780507265,66.9704000000056 -2.14347291745265,43.2869730141412,67.9760999999999 -2.14353494342807,43.2870269936884,68.7137999999977 -2.14360300428556,43.2870809725337,68.9893000000011 -2.14368196170744,43.2871260673404,70.0773000000045 -2.14373996502703,43.2871500395958,70.4170000000013 -2.14387994231125,43.2871919491699,70.7283000000025 -2.1439520267229,43.2872080424753,71.2369999999937 -2.14399594805209,43.287216927108,71.9228000000003 -2.14402494926271,43.2872199448879,72.0 -2.14406300369479,43.2872219563052,72.0 -2.14412100611605,43.287216927108,72.2016000000003 -2.14426098429856,43.2871770296238,73.4572999999946 -2.14434497048943,43.2871599306005,73.9633999999933 -2.14438101269524,43.2871570802179,74.0678000000044 -2.14442493402446,43.287158924237,74.7065000000002 -2.14447505732234,43.2871689826406,75.1070000000036 -2.14452803097464,43.2871840702428,75.4333000000042 -2.14457999941216,43.2872060310576,75.9124000000011 -2.14465694460781,43.2872439171063,76.5920999999944 -2.14485693743784,43.2873500316587,77.2198000000062 -2.14504100403617,43.2874670433395,78.6331999999966 -2.14512700245327,43.2875409717348,80.0 -2.14516807342806,43.2875669558864,80.0 -2.14514594522766,43.2876299875318,81.0 -2.14514192167353,43.2877210152533,82.2574000000022 -2.1451560036639,43.2877830410397,83.0 -2.14519103975663,43.2878460731151,83.3954999999987 -2.14527904950162,43.2879210074006,84.0 -2.14536706014495,43.2879969472897,85.5240000000049 -2.1453950552425,43.2880160581225,85.9370000000054 -2.14542606867936,43.2880309774628,86.3068999999959 -2.14545993157231,43.2880430477662,86.8626999999979 -2.14549597377812,43.2880509265821,87.3730000000069 -2.14553402731186,43.2880539443206,87.9910999999993 -2.14557107563082,43.288051932277,88.3172999999952 -2.14560795596483,43.2880460655052,88.5886000000028 -2.14564299205752,43.2880360065928,88.9256000000023 -2.14567601682232,43.2880219255511,89.5329000000056 -2.14570401191983,43.2880049941634,90.0862000000052 -2.14581901244588,43.2879169839583,92.3769999999931 -2.14596301328423,43.2877929319415,94.892399999997 -2.14605806402445,43.2876940254666,96.9110999999975 -2.1461329978922,43.287627976128,98.0059999999939 -2.14620692654513,43.2875989742415,98.9281999999948 -2.14631002439364,43.2875639381237,99.0 -2.14647699156055,43.2875280636814,99.2497000000003 -2.14657807718287,43.2875059355835,99.1462999999931 -2.14664194739956,43.2874759279344,99.071100000001 -2.14676298190936,43.2873889239776,98.0 -2.14684294544439,43.2873129839834,97.9391000000032 -2.14690798886086,43.2872529697877,97.0 -2.14698007327251,43.2871790410424,96.7445000000007 -2.14703103559688,43.2871440046828,96.0 -2.14708400924918,43.2871250616302,96.0212000000029 -2.1471460352246,43.2871069568818,95.7332000000024 -2.14723907373859,43.2870970658685,95.5319000000018 -2.14735306815153,43.2870960601578,95.0 -2.14753394932385,43.2871180210044,94.0 -2.14771499848116,43.2871319348548,93.6631999999954 -2.14782496933993,43.287133946275,93.0103999999992 -2.14793192185936,43.2871319348548,92.8007999999973 -2.14803703103581,43.287120032425,92.0 -2.14818304410039,43.2871019276751,91.9977000000072 -2.14840197970482,43.2870739319028,91.0 -2.14854095087589,43.287060018039,90.9870999999985 -2.14864103128339,43.2870529774056,90.8512999999948 -2.14870305725881,43.2870539831171,90.1478999999963 -2.14877195624446,43.2870539831171,90.1592999999993 -2.1488529258926,43.2870670586716,90.0 -2.14894797663282,43.2870870081069,90.0751000000018 -2.14904805614198,43.2871210381353,90.0 -2.14916791745203,43.2871810524611,89.4024000000063 -2.1492820789516,43.2872449228146,89.0032999999967 -2.14937897393309,43.287309966208,88.5739999999932 -2.14949799711498,43.2874320071457,87.0 -2.14963696918438,43.2875750021631,85.7299000000057 -2.14973302513938,43.2876779322898,84.4763999999996 -2.14980008078208,43.2877179974982,83.9438999999984 -2.14990099931774,43.287767953586,83.0 -2.1500010788269,43.2878160656337,82.0 -2.15019000710756,43.2878899942587,81.0 -2.15030400062217,43.2879290536305,80.0 -2.15040408102966,43.2879550376163,80.0 -2.15051807454427,43.2879800158949,79.0 -2.1506109459716,43.2879910798587,78.0 -2.15066593185016,43.2879900741627,77.7559999999939 -2.15075897036411,43.2879729747141,77.0378999999957 -2.15086407954056,43.2879459850393,76.0 -2.1509619806352,43.2879079313757,75.0 -2.15103406414853,43.2878690393888,74.9184999999998 -2.15109005614018,43.2878269622288,74.0 -2.1511359887973,43.2877770061894,74.0 -2.15118695022337,43.2877220209536,73.1015000000043 -2.15121896977334,43.2876400458575,72.8616000000038 -2.15124495354295,43.2875010738092,71.1710000000021 -2.1512580294202,43.2874179253104,70.6490000000049 -2.1512850184046,43.2873190188796,69.3126000000047 -2.15132491707795,43.2872350324775,68.5715000000055 -2.15136095838546,43.2871609363102,67.6659000000072 -2.15142700791505,43.2870739319028,66.9404000000068 -2.1515019426811,43.2869959800907,66.0 -2.1516469496326,43.2868699167283,64.3438000000024 -2.15182498134886,43.2867520668918,63.0 -2.15192304953012,43.2866739479194,61.9585999999981 -2.15200502439305,43.2866080661828,61.0 -2.15205095705014,43.2865579423944,60.6061000000045 -2.15213092058517,43.2864930662528,59.3233000000037 -2.15218607355037,43.2864439480911,59.0 -2.15227106585431,43.2863809165245,58.0746000000072 -2.15237902448686,43.2863120172996,57.3383999999933 -2.1524869840177,43.286253008495,56.5999000000011 -2.15260198364542,43.2862020467453,55.7453999999998 -2.15272201204213,43.286150916896,55.0 -2.15283902389609,43.2861029722422,53.9962999999989 -2.15294497120069,43.2860439638887,53.1551000000036 -2.15302292250946,43.2859609827635,52.0 -2.1530670118236,43.2858870544097,51.4268000000011 -2.15311294448072,43.2858089349804,51.0 -2.15313104912696,43.2857430536148,50.0050000000047 -2.15313892825033,43.2856770041196,50.0 -2.15310892092655,43.2855219390705,48.0975000000035 -2.15305393594635,43.2852309194946,45.4054000000033 -2.15308595459803,43.2851900156195,44.761599999998 -2.15311696713656,43.2851340242638,43.1100000000006 -2.15315803900968,43.2850270714304,41.0853999999963 -2.15319106377448,43.2849229682425,39.3705999999947 -2.15321604143094,43.2848530629264,38.3561999999947 -2.15325795143219,43.2847739377281,36.6880999999994 -2.15328896397075,43.2847100673957,35.9367000000057 -2.15332500617659,43.2846599440052,34.9766999999993 -2.15335702482827,43.2846230634065,34.0780999999988 -2.15340899326576,43.2845840038737,33.2394000000058 -2.15345492592288,43.2845570140031,33.0 -2.15348895680079,43.28454293281,32.8061000000016 -2.15355601154516,43.2845310305275,31.6618000000017 -2.15367704605495,43.2845139314145,31.0660000000062 -2.15387905021289,43.2844869415127,27.8294000000024 -2.15411994603276,43.2844609573533,25.1854000000021 -2.1543219501907,43.284453917073,22.406799999997 -2.15448807922945,43.2844470435458,19.5362000000023 -2.15465605250948,43.2844559285818,17.9749000000011 -2.15478396002953,43.2844619631076,16.2044000000024 -2.15481799090744,43.2844720219571,16.0881999999983 -2.15489108143221,43.284453917073,15.0 -2.15495796908996,43.2844349738367,14.5954999999958 -2.15501798283915,43.2844299444091,13.9416000000056 -2.15520791723292,43.2844440262822,11.9728999999934 -2.15525502308978,43.2844440262822,11.8217000000004 -2.15531202029625,43.2844369853461,11.1076999999932 -2.15545903857565,43.2844039608793,10.0 -2.15558007398378,43.2843930643249,9.61840000000666 -2.15570999283173,43.2843860233829,8.59579999999551 -2.15605398650012,43.2843620513461,7.42089999999735 -2.15630795819724,43.2843469636979,5.55349999999453 -2.15656494733542,43.2843489752101,5.5222999999969 -2.15693492477338,43.2843469636979,4.0 -2.15713994547404,43.2843519931324,4.76240000000689 -2.15716391791572,43.2843439464294,4.96240000000398 -2.157185040003,43.2843350613771,5.0 -2.15723700844049,43.2843340556207,5.0 -2.15728796986656,43.2843389169942,5.0 -2.15733792607781,43.2843499809663,5.0 -2.1576899659562,43.2844969997042,5.0 -2.15805591984,43.2846569267521,5.0 -2.15862706330778,43.284886926144,5.0 -2.1593410335158,43.2851920271038,6.0 -2.1593519300802,43.2851950443303,6.0 -2.15936399984436,43.2851980622105,6.0 -2.1593760696085,43.2852000736947,6.0 -2.15938797228604,43.2852010794367,6.0 -2.15940004205018,43.2852010794367,6.0 -2.15941194472768,43.2852000736947,6.0 -2.15942502060497,43.2851990679526,6.0 -2.15943591627106,43.2851970564684,6.0 -2.15944798693353,43.2851940385882,6.0 -2.15945905058458,43.2851910213616,6.0 -2.15946994714897,43.2851859919965,6.0 -2.1594800055852,43.285180963285,6.0 -2.15948604046727,43.2851779454038,6.0 -2.16039095118221,43.2846990034892,5.0 -2.16040704360222,43.2846909568321,5.0 -2.16042598727491,43.284683078235,5.0 -2.16044493004934,43.2846760373265,5.0 -2.16046605303492,43.284670002168,5.0 -2.16048700713721,43.2846659791646,5.0 -2.16050796213787,43.284662961258,5.0 -2.16052992235328,43.2846619555071,5.0 -2.1605510453389,43.2846619555071,5.0 -2.16057300555431,43.284662961258,5.0 -2.16122494978695,43.2847100673957,5.0 -2.16210303860412,43.2847690763893,5.0 -2.16211795782435,43.2847690763893,5.0 -2.16213304592786,43.2847709204807,5.0 -2.16214796514809,43.2847739377281,5.0 -2.16216305235331,43.2847779613782,5.0 -2.16217596114393,43.2847829901231,5.0 -2.162190042236,43.2847880195215,5.0 -2.16220194491354,43.2847950604171,5.0 -2.16221401467768,43.2848019332511,5.0 -2.16222507922703,43.2848099798935,5.0 -2.1622349696783,43.2848180265349,5.0 -2.16224301588831,43.2848270789233,5.16999999999825 -2.16225106299664,43.2848369696519,5.38839999999618 -2.16225793600686,43.2848470277854,5.61070000000473 -2.16226296477585,43.2848569185107,5.8295000000071 -2.16226698832998,43.2848679830425,6.0 -2.16227000577103,43.2848790469183,6.0 -2.16227000577103,43.2848830699076,6.0 -2.1623479570798,43.2856540376722,8.0 -2.16234996930606,43.2856639282662,8.0 -2.16235298674708,43.2856749926512,8.0 -2.16235701030125,43.2856850506463,8.0 -2.16236304518331,43.2856949412353,8.0 -2.16236991819357,43.2857039934933,8.0 -2.16237796440357,43.2857130464039,8.0 -2.16238601151187,43.285721931255,8.0 -2.16239606994811,43.2857299777757,8.0 -2.1624069665125,43.2857370185622,8.0 -2.16241903627667,43.2857440593479,8.0 -2.16243093805588,43.2857489206088,8.0 -2.16244401393313,43.2857539499273,8.0 -2.16245792793857,43.2857579735127,8.0 -2.16247200992897,43.2857619964439,8.0 -2.16248592393441,43.2857640079093,8.0 -2.1625010111396,43.2857650142959,8.0 -2.16251492514504,43.2857660200287,8.0 -2.16253001235023,43.2857650142959,8.0 -2.16384999413376,43.285768031494,9.0 -2.16590708133718,43.2857740665435,9.0 -2.16625493057474,43.2857720550784,9.0 -2.16736603519012,43.2858540300762,8.37189999999828 -2.1692189389227,43.2860069160718,9.0 -2.17071393498148,43.2861539340749,9.73040000000037 -2.17114107671254,43.2861929939075,9.0 -2.17205604496539,43.2863160401941,9.0 -2.1736390516675,43.2865980076865,8.0 -2.17364693079084,43.2865990134054,8.0 -2.17365497700084,43.2866000191243,8.0 -2.17366402932396,43.2866000191243,8.0 -2.17367207643229,43.2866000191243,8.0 -2.17367995555564,43.2865990134054,8.0 -2.17368800176564,43.2865980076865,8.0 -2.17369604887397,43.2865959962486,8.0 -2.17370392709902,43.2865939841567,8.0 -2.1737109680942,43.2865909669997,8.0 -2.17371800908938,43.2865879491885,8.0 -2.1737250500846,43.286583926312,8.0 -2.17373091698171,43.2865800701832,8.0 -2.17373695186381,43.2865760473061,8.0 -2.17374198153106,43.2865710180555,8.0 -2.17374600508522,43.2865659888045,8.0 -2.17375002774106,43.2865599538335,8.0 -2.17375304518211,43.2865549245816,8.0 -2.17375606262316,43.2865490570115,8.0 -2.17375807484939,43.2865440284125,8.0 -2.17408195164528,43.2856580612641,6.0 -2.17408396297321,43.2856550434067,6.0 -2.17408597430111,43.2856520262031,6.0 -2.17408899174217,43.28565001408,6.0 -2.17409201008151,43.2856469968761,6.0 -2.17409603273738,43.2856449854067,6.0 -2.17410005629152,43.2856429732834,6.0 -2.17410407984568,43.2856409618139,5.98489999999583 -2.17410793541489,43.2856399560791,5.94130000000587 -2.17411195896906,43.2856389503444,5.89290000000619 -2.17411698773801,43.2856379446095,5.8292999999976 -2.17412101129217,43.2856369388748,5.77449999999953 -2.17412604006113,43.2856369388748,5.71210000000428 -2.17413006361529,43.2856369388748,5.66210000000137 -2.17413492529758,43.2856369388748,5.60159999999451 -2.17413894795345,43.2856369388748,5.55139999999665 -2.17447891806764,43.2856909182997,6.0 -2.17482492306396,43.2857650142959,6.0 -2.17527000235464,43.2858820251022,7.0 -2.17531794723799,43.2858939277743,7.0 -2.17536304176692,43.2859090150389,7.0 -2.1754069621978,43.2859269527401,7.0 -2.17541199186505,43.2859289642001,7.0 -2.17548206405048,43.2859559541159,7.0 -2.1755539813755,43.2859780821237,7.0 -2.17562908322821,43.2859950134218,7.0 -2.17570602932219,43.2860079218005,6.22509999999602 -2.17570804065009,43.2860079218005,6.22470000000612 -2.17614892840167,43.2860739709364,6.0</coordinates>
</LineString>
</Placemark>
</Folder>
</Document></kml>
