<?xml version="1.0" encoding="UTF-8"?>

<kml xmlns:xsd="http://www.w3.org/2001/XMLSchema" xmlns:gx="http://www.google.com/kml/ext/2.2" xmlns:atom="http://www.w3.org/2005/Atom" xmlns="http://www.opengis.net/kml/2.2">
<Document>
<name>ES24c_20a_alcarras-fraga</name>
<visibility>1</visibility>
<Schema name="ES24c_20a_alcarras-fraga" id="kml_schema_ft_ES24c_20a_alcarras-fraga">
<SimpleField type="xsd:string" name="id">
<displayName>id</displayName>
</SimpleField>
<SimpleField type="xsd:string" name="nombre">
<displayName>nombre</displayName>
</SimpleField>
<SimpleField type="xsd:double" name="longitud">
<displayName>longitud</displayName>
</SimpleField>
<SimpleField type="xsd:string" name="_formato">
<displayName>_formato</displayName>
</SimpleField>
</Schema>
<Folder id="kml_ft_ES24c_20a_alcarras-fraga">
<name>ES24c_20a_alcarras-fraga</name>
<Placemark id="kml_1">
<name>&lt;img height='20' src='https://nco.ign.es/iconos/icono_todos_caminos_azul.png' /&gt;&lt;img height='20' src='https://nco.ign.es/iconos/Camino Santiago_20.png' /&gt;&lt;img height='20' src='https://nco.ign.es/iconos/icono_todos_caminos_azul.png' /&gt;  Camino de Santiago </name>
<visibility>1</visibility>
<description><![CDATA[<!DOCTYPE html>
<html>
<head>
<style>
#nco {
  border-collapse: collapse;
  overflow:hidden;
}
#nco th, #nco td {
  padding: 4px;
  text-align: left;
}
#nco th {
  color: #364B5F;
  padding-right: 5px;
}
#nco td {
  color: rgb(51, 51, 51);
  font-size: 12px;
  padding-right: 5px;
}
</style>
</head>
<body>
<table id="nco">
<tr>
<td>Caminos del Nordeste</td>
</tr>
<tr>
<th><b>Camino: </b></th>
<td>ES24c Camí Català de Sant Jaume</td>
</tr>
<tr>
<th><b>Etapa: </b></th>
<td>20a Alcarras-Fraga</td>
</tr>
<tr>
<th><b>Longitud: </b></th>
<td>19.09 km</td>
</tr>
</table>
</body>
</html>]]></description>
<Style>
<IconStyle>
<scale>0.8</scale>
</IconStyle>
<LabelStyle>
<color>ffffffff</color>
<scale>0.75</scale>
</LabelStyle>
<LineStyle>
<color>ffff0000</color>
<width>3.0</width>
<gx:labelVisibility>1</gx:labelVisibility>
</LineStyle>
<PolyStyle>
<color>66ff0000</color>
</PolyStyle>
</Style>
<ExtendedData>
<SchemaData schemaUrl="#kml_schema_ft_ES24c_20a_alcarras-fraga">
<SimpleData name="id">ES24c_20a</SimpleData>
<SimpleData name="_formato">kml</SimpleData>
</SchemaData>
</ExtendedData>
<LineString>
<extrude>0</extrude>
<tessellate>1</tessellate>
<coordinates>0.526391063078233,41.5612139176866,124.0 0.526181012710294,41.5611240636747,124.0 0.525970962342354,41.5610350477263,123.771900000007 0.525737944747558,41.5609629634851,123.083899999998 0.525551028693135,41.5608370669234,123.155899999998 0.525340978325196,41.5607289408722,124.0 0.525130927957257,41.5606389188162,124.0 0.524921044675944,41.560549064677,124.0 0.524710994308005,41.5604600492809,124.0 0.524524077355252,41.560351922599,124.0 0.524314026987313,41.5602620687329,124.0 0.524103976619373,41.5601539417197,124.0 0.523893926251434,41.560063920207,124.031400000007 0.523661076641594,41.5599569671523,124.0 0.523451026273655,41.5598669453652,124.0 0.523240975905715,41.5597769241249,124.865900000004 0.523124970164875,41.5599569671523,125.0 0.522984992880656,41.5601180671611,125.0 0.522821042256497,41.5602800056387,126.0 0.522705037413953,41.5604419443826,126.0 0.522540919703134,41.5606030445268,127.0 0.522355008863498,41.560711003419,127.0 0.522144958495558,41.5608010247024,128.0 0.521910935685943,41.5608910465326,128.0 0.52170105240463,41.5609810682374,129.0 0.521491002036691,41.5610699162192,129.0 0.521257985340224,41.5611780430442,129.0 0.521047934972285,41.5612680643492,129.0 0.521016083407234,41.5611669785778,129.0 0.520992949992047,41.5610410824135,128.052599999995 0.520957074872863,41.5608570161338,128.0 0.520916003898067,41.5607720234072,127.597599999994 0.52086403635888,41.5606779784881,127.0 0.520851965696415,41.5606189702106,127.0 0.520798992044111,41.5605559382764,127.0 0.520752053273875,41.5605200632688,127.0 0.520629007436148,41.5604350707711,126.0 0.520499925818024,41.5603500788339,126.0 0.520394984626533,41.5602620687329,125.220700000005 0.520184934258594,41.5601720466987,125.0 0.519971028321479,41.5600880599875,124.0 0.519718061839139,41.5599930091718,124.0 0.519508011471199,41.5599029881071,123.914699999994 0.519321933544936,41.5597950292095,123.758799999996 0.519119929386998,41.559706013447,123.948499999999 0.518901999895684,41.5595970486407,124.0 0.51881298403757,41.559534016382,124.0 0.518689938199843,41.55944801835,124.035999999993 0.518604944997531,41.5593479380037,124.0 0.518545936463161,41.5592669689922,124.583599999998 0.518479048805415,41.5591859998793,124.679000000004 0.518419035056225,41.5590780411282,124.529299999995 0.518338065408113,41.5590379755733,124.962199999994 0.518226083221405,41.5589759490306,125.0 0.518137067363291,41.5588919627815,125.0 0.518074035274721,41.5588140106462,125.0 0.517946965882862,41.5586899590881,125.0 0.517870019788882,41.5585630565358,124.916100000002 0.517774969048667,41.5584770585561,124.728700000007 0.517714955299478,41.5583739612549,125.0 0.517651923210941,41.5582909804955,125.0 0.517595932117587,41.5582180576573,125.0 0.517557039557353,41.5581510023176,125.0 0.517522003464658,41.5580859587867,125.0 0.517538934911117,41.5580349970071,125.0 0.517570953562795,41.5579920813686,125.0 0.517595932117587,41.5579349171615,125.0 0.517645050200682,41.5578869727536,125.0 0.517736077386764,41.5578190788403,125.0 0.517838001137204,41.5577169874427,125.0 0.517937075431585,41.5576330009019,124.813299999994 0.518046040177209,41.5575389561202,124.566399999996 0.518138073476407,41.5574819588903,124.720700000005 0.518179982579361,41.5574199328709,124.704599999997 0.518229938790614,41.5573659537233,124.867199999993 0.518239997226848,41.557305938823,124.910600000003 0.518205967247269,41.5572660408925,124.478600000002 0.518177971251427,41.5572469301554,124.777499999997 0.518149975255584,41.5572279874636,124.284400000004 0.518089961506395,41.557203009049,124.0 0.518046040177209,41.5571840663443,124.0 0.518000945648281,41.5571649555831,124.0 0.517957024319095,41.5571429946696,124.0 0.517909079435743,41.5571230456571,124.0 0.517873037229899,41.557101923641,124.0 0.51782492525992,41.5570769451777,124.0 0.51778201004385,41.5570569961448,124.0 0.517705063949871,41.5570189425929,124.0 0.517671033970292,41.5570050286062,124.0 0.517637003092383,41.5569889353247,124.0 0.517603978327589,41.5569740157111,124.0 0.517567936121745,41.5569579224219,124.0 0.517527032233609,41.5569399852664,124.0 0.517495013581932,41.5569260712627,124.0 0.517464001043403,41.5569109835829,124.0 0.517443046042744,41.5569019309734,124.0 0.517420917842376,41.556886005718,124.0 0.517385043621489,41.556873935567,124.0 0.517345983974628,41.55684996331,124.0 0.517301056532326,41.5568269973391,123.956000000006 0.517259985557531,41.5568159327999,123.939899999998 0.517214052002114,41.5567949780633,124.0 0.517160073134991,41.556765976987,123.717000000004 0.517094023605404,41.5567279225915,123.607699999993 0.517038032512084,41.5566970776158,123.362699999998 0.516975000423547,41.5566690821207,123.123999999996 0.516913980561241,41.5566340458897,123.0 0.516884978452283,41.5566179525158,123.0 0.51672605839367,41.5565649789974,123.0 0.516557079000526,41.5564739515629,123.0 0.516335964083237,41.5563770562588,123.0 0.516242924670957,41.5563249207924,123.0 0.516062043498602,41.5562330554413,123.0 0.515812933483802,41.5560999509128,123.0 0.515716038502313,41.5560320571389,123.0 0.515604056315605,41.5559720430166,122.937300000005 0.515473969482695,41.5559019704522,122.690300000002 0.515366009951857,41.5558590547417,122.864100000006 0.515254027765149,41.5558000460975,122.731299999999 0.515177920697659,41.5557589748877,122.321200000006 0.515048000951376,41.5557110302101,122.0 0.51485102646072,41.5555970365093,122.867800000007 0.514638963866516,41.5554880714975,122.0 0.514470990586488,41.5554039173657,122.0 0.514334030743319,41.5553279776932,122.0 0.514117944595015,41.5552119720213,122.0 0.514033958404149,41.5551720741425,122.0 0.513893980221633,41.5551070303026,122.0 0.513712931064321,41.5550180148052,122.0 0.513583012216369,41.5549430803313,122.506599999993 0.513419061592176,41.5548500413223,123.0 0.513254943881324,41.5547570021795,123.0 0.513146985248816,41.5546899472822,122.832899999994 0.513030979507942,41.5546250710148,122.945399999997 0.512930061870617,41.5545630449426,123.0 0.512840039899354,41.5545120830741,122.734299999996 0.512763931933566,41.5544579361289,122.763500000001 0.512677934414766,41.5544120031512,122.986699999994 0.512523036113692,41.5543290220107,122.869000000006 0.512433015040759,41.5542549263588,122.988899999997 0.512214079436362,41.5541060639087,123.0 0.512016936960715,41.5539900580604,123.0 0.511851981121738,41.5538549416084,123.0 0.511736981494013,41.553764920061,123.0 0.511603039091895,41.5536490823329,123.0 0.511549059326475,41.553611028119,123.0 0.511468928704819,41.5535230182523,122.781099999993 0.511381924174606,41.5534499280239,122.987099999998 0.511266924546881,41.5533719767196,123.0 0.51115896591434,41.553294024649,123.0 0.51106492038891,41.5532239518702,122.972999999998 0.510904994217214,41.553073915992,122.0 0.510722938946787,41.552875935674,121.811400000006 0.510529987111967,41.5526870072785,122.0 0.510411970043192,41.5525720079337,121.818299999999 0.510237961881097,41.5524120810206,121.977499999994 0.510024055943948,41.5522239909166,121.859500000006 0.509828924796237,41.5520560175677,121.954299999998 0.509655922747257,41.5518830152846,121.0 0.509435981928041,41.5516820169001,121.458700000003 0.509247053647354,41.5514800135293,121.0 0.509023927402164,41.5512939348199,121.0 0.508793928146715,41.55120894229,121.0 0.508570968988118,41.5511180827742,120.704100000003 0.508486982797253,41.5510909251968,120.568199999994 0.508360918620179,41.5510770112785,121.0 0.508279949870364,41.5510639356749,121.0 0.508206021217435,41.5510979665244,121.0 0.508089009363479,41.5512240299562,121.247199999998 0.507954060848211,41.5514379358849,121.733200000002 0.507810060009859,41.551655027625,121.711299999995 0.507688019386951,41.5518250127446,122.0 0.507562961322993,41.552011928903,122.0 0.507451985249401,41.5522090715476,122.918799999999 0.507321059390002,41.5523889467538,123.232099999994 0.507238078413955,41.5525329480685,123.869200000001 0.507113021248294,41.552713996795,124.879400000005 0.506979077947879,41.5528950463589,125.698900000003 0.506859049551169,41.5529639457496,126.0 0.50674907869243,41.5529309208935,126.0 0.506558977212,41.552905942835,126.0 0.506328977956551,41.5528310086015,126.0 0.50615295756819,41.5527730055676,126.0 0.506080035028377,41.5527579182629,125.985499999995 0.505819022336035,41.5526940484323,126.0 0.505577959429567,41.552594974072,126.0 0.505454074565351,41.5525510531657,126.0 0.505351982829954,41.5525079698562,126.0 0.505285933300366,41.5524809802537,126.175399999993 0.50504302615259,41.5523859296786,126.0 0.504825934789434,41.5523039543191,126.025899999993 0.504537932214399,41.5522519863203,125.676500000001 0.504438020690191,41.5522610389088,125.325200000007 0.504314973954167,41.5522560097678,125.0 0.50410894714036,41.5522709297981,125.078500000003 0.503909960423473,41.5523039543191,125.329100000003 0.503680966382809,41.5523339617456,125.0 0.503551047534857,41.5523609514095,125.427800000005 0.503355916387145,41.5524030284532,125.230100000001 0.503094065566678,41.5524769568202,125.0 0.502900946645198,41.5525220515296,125.0 0.502724927155168,41.5525679845058,125.0 0.502534992761399,41.5526139174494,125.0 0.502388980595112,41.5526489538428,125.036900000006 0.502298958623849,41.5526610234383,125.0867 0.50201497960298,41.5527369635552,125.0 0.50187600753358,41.5527419926587,125.0 0.501656066714364,41.5527750176114,125.0 0.501579958748543,41.5527979836775,125.0 0.501273013399115,41.5528050248191,124.747399999993 0.501127001232828,41.5528229617778,125.0 0.500819049770283,41.5528410667937,125.0 0.500576980750666,41.5528680562458,125.0 0.500558037077975,41.552872079655,125.0 0.500345975382101,41.5529200244217,125.0 0.500144977337279,41.5529939528697,125.0 0.499884970758087,41.5530160812379,124.495200000005 0.49974499257557,41.5530519557053,125.0 0.499616917070562,41.5530569847844,125.0 0.499534942207631,41.5530660372602,125.0 0.499423966134039,41.5531020790892,125.093099999998 0.499363951486552,41.5531319187559,125.691399999996 0.499252975412994,41.5531540470769,125.917100000006 0.499112997230478,41.5531719846109,126.0 0.498984921725469,41.5531590761481,126.0 0.498804040553114,41.5531190109573,125.394100000005 0.498587954404777,41.5530600018283,125.542000000001 0.498412941027863,41.5530150748837,125.0 0.498256031398887,41.5529699805182,125.136700000003 0.49813298466283,41.5529389677038,125.236000000004 0.497981942829262,41.5528890115833,125.0 0.497777927343423,41.5527669707806,125.163700000005 0.497660078259605,41.5526489538428,126.0 0.497480035215409,41.552537977188,126.0 0.49725606994373,41.5524930498806,126.0 0.497132017992888,41.5525059584764,126.0 0.496965050825975,41.5524650545813,126.0 0.496888942860154,41.5524310237793,126.0 0.496802944443057,41.5524020227616,126.0 0.496741924580752,41.5523720153668,126.0 0.496677048250941,41.5523389908805,126.0 0.496518965422189,41.5522979194883,126.0 0.49636792358862,41.5522489692386,126.0 0.496251080617918,41.5522129269339,126.0 0.496123005112943,41.5521720235256,126.0 0.496028959587514,41.5521450337829,126.0 0.495930053278123,41.5521140205727,126.0 0.49581404753725,41.5520509884107,126.0 0.495684966817456,41.5519929860215,126.0 0.495533924983887,41.5519569435741,126.025899999993 0.495464019885124,41.5519249245747,126.277499999997 0.495359077795303,41.5518979347288,126.894199999995 0.495236031957576,41.5518580374934,127.0 0.495083984010925,41.5517909822779,127.228000000003 0.494840070750033,41.551700960545,128.0 0.494704954249808,41.5516649179348,128.0 0.494600013058317,41.5516199913652,128.0 0.494477972435409,41.5515710406021,128.0 0.494379066125986,41.5515299693942,128.0 0.49426205427203,41.5514989565612,128.676800000001 0.494180079409099,41.5514719665374,128.357699999993 0.494093075777183,41.5514270398336,128.287400000001 0.494024008806578,41.5514059173007,128.436100000006 0.493876989628879,41.5513410410985,128.231400000004 0.49375997867322,41.5513060053406,128.925099999993 0.49365704880963,41.5512739860189,128.824699999997 0.493514053186096,41.5512220185365,129.311100000006 0.493490081642717,41.5512109543824,129.080900000001 0.493321940377732,41.5511289795497,129.146800000002 0.493199061626666,41.5510919309087,129.275500000003 0.492953975165998,41.5510030833272,130.151100000003 0.492791030654921,41.5509469240311,130.538100000005 0.492620039933876,41.5508709845004,131.0 0.492448043099682,41.5508339363838,131.0 0.49224402761381,41.5507390527992,131.0 0.492105055544409,41.5506889295998,131.0 0.49193792039254,41.5506220419119,131.0 0.491860974298561,41.5505870050922,131.0 0.49177899943563,41.5505519689257,131.178499999995 0.491680931254364,41.5505080479758,131.248200000002 0.4916029799456,41.5504750232096,131.525999999998 0.491416062992847,41.550393048116,132.0 0.491349008248475,41.5503549940021,131.717999999993 0.491065029227606,41.5502559200906,132.0 0.490900073388595,41.5502579315404,132.0 0.490764956888403,41.5502889449687,132.0 0.490624978705887,41.5503829895429,132.0 0.490485001421701,41.5504909487,132.0 0.490345023239151,41.5505849936527,131.0 0.49024008204766,41.550706028151,131.128100000002 0.490134972871212,41.550828068811,132.914099999995 0.489978064140566,41.5509350221828,131.687000000005 0.489803049865322,41.5509890013229,131.543799999999 0.489628035590077,41.5510030833272,131.0 0.489453021314866,41.5510030833272,131.0 0.489278007039621,41.5509489361317,131.0 0.489119924210869,41.5508820480405,131.910099999994 0.488945077920615,41.5508679666821,132.0 0.488770063645371,41.5509219465505,132.0 0.488612986929735,41.5508550584314,132.303499999995 0.48857795083704,41.5507199421492,132.0 0.488543081830972,41.5505849936526,132.0 0.488489941092008,41.5504500448744,133.0 0.488420035993246,41.5503159348142,133.0 0.488368067555727,41.5501809861466,133.0 0.488280057810729,41.5500599513374,133.0 0.488193054178813,41.5499380786417,133.0 0.488122981095093,41.5498039681917,133.456900000005 0.48807000744279,41.5496690191276,134.0 0.487965066251299,41.5495479847045,134.569300000003 0.487807989535663,41.5494529338505,135.514299999995 0.487650073793538,41.5493719645441,136.296799999996 0.487509928524394,41.5492650112755,136.0 0.487369951240175,41.5491570527603,136.0 0.487229973057659,41.5490759156834,136.0 0.487054958782447,41.549036018051,136.0 0.486932918159506,41.5489139773693,136.132599999997 0.486898050051769,41.5487800348846,136.967399999994 0.48681003940844,41.5486579943919,136.606599999999 0.486670062124221,41.5485770247622,136.295100000003 0.486529916855077,41.5484700721954,136.0 0.486373007226068,41.5483889349287,136.0 0.486214924397316,41.5483210417952,136.0 0.486058015666638,41.548241078172,136.0 0.485883001391426,41.5481730174811,135.478000000003 0.485724918562675,41.5481059618048,135.0 0.485532972840971,41.5480519822742,135.0 0.485357958565726,41.5479980033709,135.0 0.485182944290515,41.5479440237503,135.0 0.48502502944672,41.5478769685086,134.827799999999 0.484850015171476,41.5478090748376,134.183799999999 0.48467600700938,41.5477420201283,134.0 0.484517924180628,41.5476749646771,134.0 0.484343077890341,41.547620985459,133.877800000002 0.484184995061589,41.5475400158751,133.5484 0.484027918345953,41.5474729608868,133.453200000004 0.483871009615274,41.5474050674637,133.0 0.483712926786523,41.5473380123355,133.0 0.483538079597938,41.547269950694,133.0 0.483381002882302,41.5472030635025,133.0 0.483205988607091,41.5471360081646,132.280100000004 0.483048073763297,41.5470679469828,132.206099999996 0.482890997047661,41.5470010595823,132.0 0.482733082203866,41.5469340040349,132.0 0.482558067928621,41.5468659433128,132.0 0.482400991212985,41.5467990557033,132.0 0.482243076369191,41.5467309948391,132.0 0.482176020726488,41.5467170806547,132.0 0.482094045863557,41.5466979701603,131.937900000004 0.482012071000626,41.5466790270663,131.275200000004 0.481930934265853,41.5466609216692,131.0 0.481857005612891,41.5466290708145,131.0 0.481784083073078,41.5465910171743,131.0 0.481701940225189,41.5465660386831,131.0 0.481619965362258,41.5465350254856,131.0 0.481538995714113,41.5465100476451,131.0 0.48144897464118,41.5464780286372,131.0 0.481366999778249,41.5464530507746,131.0 0.481286030130103,41.5464220375231,131.0 0.481204055267173,41.5463960538539,131.0 0.481122080404242,41.5463710759596,131.0 0.481040943669469,41.5463459299766,131.0 0.480967015016507,41.5463080435767,131.0 0.480885040153576,41.546289938748,131.0 0.480811949628805,41.5462520529876,131.0 0.480729974765874,41.5462329416835,131.0 0.480639952794611,41.5462079637262,130.940400000007 0.480558984044796,41.5461890204886,131.0 0.480477009181865,41.5461640425144,130.808000000005 0.480386987210602,41.5461390645305,130.255499999999 0.480297971352488,41.5461070460112,130.166899999997 0.480215996489523,41.5460820680053,130.0 0.480125974518293,41.5460569219099,130.0 0.480043999655362,41.5460250707575,130.0 0.479963030905547,41.5459999253122,130.0 0.479881056042583,41.5459749472649,130.0 0.479799080281355,41.5459560039591,130.0 0.479717943546549,41.5459310258948,130.0 0.47964401579195,41.5459000130652,130.0 0.479563046143805,41.5458750349793,130.0 0.479473024172541,41.5458369808953,130.0 0.479383003099609,41.5458240729847,130.0 0.479292981128379,41.5457930594315,130.0 0.479212012378564,41.5457670755095,130.0 0.479148980289993,41.545735056806,130.0 0.479032974549153,41.5456889562725,130.0 0.478976983455833,41.5456730309438,130.141099999993 0.478913951367262,41.5456430237871,130.0 0.478837006171613,41.5456210629931,130.042799999996 0.4787500016414,41.5455940732046,130.600999999995 0.478669032891585,41.5455650718091,131.0 0.478583034474488,41.5455350646023,131.0 0.478508937836602,41.5454980167895,131.0 0.478427969086787,41.545472032749,131.0 0.478337947115523,41.5454410196992,131.0 0.478255972252592,41.5454160414359,131.0 0.478175003502777,41.5453969312294,131.0 0.478093027741516,41.5453719529491,131.0 0.478011052878585,41.5453469746593,131.0 0.477937963252111,41.5453169673512,131.0 0.477865040712298,41.5452899781081,131.0 0.477781053623136,41.5452579591684,131.0 0.477713997980432,41.5452249344096,131.067299999995 0.477630011789567,41.545205990884,131.530799999993 0.477559938705847,41.5451709544907,132.0 0.477482993510164,41.5451500000129,131.975000000006 0.477395988979952,41.5451230100278,132.0 0.47729792079872,41.5450849561735,132.0 0.477235056695106,41.5450660132792,132.0 0.477136988513875,41.5450319826162,132.0 0.477064065974062,41.5450009700277,132.0 0.47698192312614,41.5449689509448,132.0 0.476900953478028,41.5449439731716,132.0 0.476827025723396,41.5449129598685,132.0 0.476754941311741,41.5448879820736,132.0 0.476680006545696,41.544849928081,132.0 0.476599037795881,41.5448249495895,132.0 0.476524942056292,41.544787063643,132.569000000003 0.476452018618148,41.5447429747273,132.721399999995 0.476377922878559,41.544710956189,132.972200000004 0.476305000338746,41.5446799427742,133.0 0.476231071685816,41.5446420567427,133.0 0.476157982059343,41.5446110439672,133.0 0.476076007196412,41.5445860653833,133.0 0.475994031435151,41.5445480118854,133.0 0.475920941808711,41.5445099576927,133.0 0.475847013155782,41.5444730773766,133.0 0.475773923529308,41.5444410587046,133.0 0.475691947768047,41.5444030051213,133.0 0.475619025228234,41.5443719915588,133.0 0.475544929488644,41.5443399728367,133.0 0.475472006948831,41.5443089599163,133.0 0.475398078295902,41.5442650387591,133.0 0.475308057222969,41.5442269850723,133.0 0.475300010114637,41.5442120652025,133.0 0.475257933026726,41.5442040186506,133.0 0.475226081461708,41.5441909430015,133.0 0.47519104536898,41.5441800464013,133.0 0.475156009276285,41.5441719998454,133.0 0.475116949629424,41.5441689823866,133.0 0.475082080623356,41.5441689823866,133.0 0.475047044530628,41.5441800464013,133.0 0.475012008437933,41.5441989895551,133.0 0.474979988887924,41.5442120652025,133.0 0.47494495279523,41.5442259792536,133.0 0.474906061133326,41.5442310083469,133.0 0.47486800670125,41.5442310083469,133.0 0.474835988049572,41.5442150826592,133.248999999996 0.474807992952061,41.5441959720977,133.488200000007 0.474775973402086,41.5441830638595,133.390199999994 0.474744960863524,41.5441689823866,133.056700000001 0.474712942211846,41.5441560741431,133.0 0.474678073205778,41.5441450101244,133.0 0.4746460545541,41.5441309279709,133.342699999994 0.474611017563075,41.5441230494938,133.871100000004 0.47457598147038,41.5441069563668,133.778699999995 0.474543962818702,41.5440940481109,134.0 0.474511944167024,41.5440799666187,133.964300000007 0.474480930730165,41.5440670583574,134.0 0.474449079165147,41.5440509652164,134.0 0.474417060513469,41.5440370511277,134.0 0.474386047974907,41.5440239754449,134.0 0.474351010983882,41.5440130788165,134.0 0.474314968778038,41.5440020147733,134.0 0.474279932685343,41.5439889390834,134.0 0.474245063679275,41.5439780424491,134.0 0.474210027586547,41.5439699958681,134.473899999997 0.474174991493852,41.5439669783999,135.0 0.474139954502827,41.5439800540942,135.0 0.474110953292199,41.5439969856621,135.0 0.474082958194688,41.5440130788165,135.094500000007 0.474047921203662,41.5440239754449,135.511400000003 0.474013053095891,41.544029004554,135.898400000005 0.473978016104866,41.5440370511277,136.0 0.473942980012171,41.5440420802357,136.0 0.473906937806327,41.5440479477521,136.0 0.47387206969859,41.5440559943234,136.0 0.473837032707564,41.54406102343,136.0 0.473801996614836,41.5440690699997,136.075700000001 0.473766960522141,41.5440749368413,136.298599999995 0.473728067961907,41.5440799666187,136.766900000002 0.473693031869179,41.5440860015443,137.0 0.473657995776484,41.5440910306485,137.0 0.473615080560414,41.5440910306485,137.0 0.473580043569389,41.5440910306485,137.0 0.47354500747666,41.5440940481109,137.0 0.4735059478298,41.5440940481109,137.0 0.473385918534793,41.5440839899025,137.0 0.473311990780194,41.5440529768592,137.757599999997 0.473231021132049,41.5440209579793,138.0 0.473254993573725,41.5439589318175,138.0 0.473263039783727,41.5438960671856,137.791700000002 0.473263039783727,41.5438330357515,137.847999999998 0.473263039783727,41.5437700035837,137.904399999999 0.473263039783727,41.5437069713544,137.960699999996 0.473254993573725,41.5436439397359,137.882800000007 0.473197996367255,41.543587948857,137.0 0.473164971602461,41.5435249164502,137.0 0.473124068612623,41.5434679196376,137.0 0.473082996739531,41.5434050552007,137.0 0.473042930979554,41.5433490641148,137.0 0.472985934671381,41.5432920671473,137.0 0.472920053126784,41.5432479785569,137.0 0.472855008811982,41.5432099249438,137.0 0.472789965395544,41.5431730445585,137.0 0.472716036742582,41.5431410252428,137.0 0.472650993326144,41.5430969365494,137.0 0.472577065571512,41.5430590502628,136.995299999995 0.472503975046741,41.543022002376,137.0 0.472430046393812,41.5429899836578,137.0 0.472356956767339,41.5429519298929,137.0 0.472291074324412,41.5429150493605,137.0 0.472217984697938,41.5428769955515,137.0 0.472144056045009,41.5428389417201,137.0 0.472070965520205,41.5428079287521,137.0 0.472005922103767,41.5427640072478,137.0 0.471931994349135,41.5427199189697,137.0 0.471866950034367,41.5426820324622,137.0 0.471784975171436,41.5426510194189,137.0 0.471712052631589,41.5426190005171,137.0 0.471630077768658,41.5425940225084,137.0 0.471532009587426,41.5425879874436,137.0 0.471458919062622,41.5425559685105,137.0 0.471376944199691,41.5425309904775,137.0 0.471303015546762,41.5424999773618,137.0 0.471231937248223,41.5424689642312,137.0 0.471161026934642,41.5424240373222,137.0 0.471073016291313,41.5424059327507,138.0 0.471015013870058,41.5423920189803,138.0 0.470885932251934,41.542361005798,137.844299999997 0.470838993481698,41.5423829663546,137.231799999994 0.470792054711461,41.5424010709325,137.0 0.470715947643971,41.5424059327507,137.301999999996 0.47063397278104,41.542431078249,137.300900000002 0.470551997019779,41.5424619239809,137.107999999993 0.470479074479966,41.5424939422881,137.411500000002 0.470404978740376,41.5425249554067,137.792199999996 0.470339935323905,41.5425630094229,138.0 0.470266006670976,41.5425940225084,138.0 0.470185037921161,41.5426320764839,138.0 0.470118988391573,41.5426699623483,138.0 0.470053944975135,41.5427070104368,138.0 0.469981022435288,41.5427450643459,138.0 0.469906925797402,41.542776077344,138.025999999998 0.469824950934471,41.5428079287521,138.0 0.469752028394658,41.5428389417201,138.0 0.469662007321725,41.5428649254741,139.0 0.469588916796921,41.5428959384148,139.0 0.46950694193399,41.5429269520129,139.057100000005 0.469434019394177,41.5429650057925,139.4467 0.46936796986459,41.5430030595497,140.179000000004 0.469302926448152,41.5430530152414,140.529999999999 0.469220951585187,41.5431100124196,141.0 0.469163954378751,41.5430910696192,141.0 0.469099078048906,41.5430469808917,141.0 0.469042081740767,41.542997024523,141.0 0.468967985102881,41.5429529357315,141.0 0.468952059769537,41.5428900714662,140.7644 0.469009056975973,41.5428389417201,140.505600000004 0.469073932407488,41.5427889858631,140.0 0.469185076466003,41.5427219306539,140.0 0.469371993418756,41.5425950283525,140.0 0.469474923282312,41.5425130533527,140.0 0.46964691921821,41.5424200139351,139.952999999994 0.469703916424679,41.5424020767796,140.0 0.469790920954892,41.5423309984489,139.910699999993 0.469854958258214,41.5422909325986,139.063899999994 0.469925031341968,41.5422409769906,139.000799999994 0.469984039876339,41.5421690600498,139.0 0.469990074758406,41.5420889287961,139.0 0.469960067434663,41.5420210357707,139.0 0.469907931910518,41.5419630331234,139.0 0.469809025601128,41.5419269904631,139.0 0.469744987399441,41.5419090531708,139.0 0.469656977654443,41.5418730111528,139.0 0.469563938242163,41.5418319398352,139.297600000005 0.469481963379198,41.5417970710494,139.154500000004 0.469388924865249,41.541765052397,139.995999999999 0.469261016446867,41.5417159341493,140.0 0.469173006701869,41.5416889447479,140.113599999997 0.469073932407488,41.5416710073895,140.0 0.468985922662456,41.5416349652388,140.087499999994 0.468880981470965,41.5416029465063,140.130999999994 0.468771010612225,41.5415670717369,141.0 0.468641928994101,41.5415229826427,141.0 0.468485020263422,41.5414869404096,141.0 0.468403045400491,41.5414549216037,141.0 0.468286033546502,41.5414240767362,141.230200000005 0.468215961361078,41.541396919121,141.0 0.468141026595034,41.5413699295864,141.316500000001 0.468024015639374,41.5413429393682,141.218200000003 0.467895940134399,41.5413340546877,141.471600000004 0.467826035035603,41.5413290253691,142.0 0.467767026501232,41.5413250025862,142.0 0.467696953417479,41.5413250025862,142.128599999996 0.467638950996224,41.5413250025862,142.125199999995 0.467580947676638,41.5413250025862,142.0864 0.467516072245124,41.5413429393682,142.441200000001 0.467458068925572,41.5413610442373,142.804399999994 0.467400066504284,41.5413739523664,143.0 0.467319935882627,41.5414039601595,143.713499999998 0.467256065665931,41.5413950748152,144.0 0.46711407615548,41.5414099946625,145.0 0.466992035532573,41.5414190474245,145.7111 0.466862953914449,41.5414160298374,146.780799999993 0.466760024050892,41.5414220650116,147.503700000001 0.466620046766673,41.5414130122501,148.831200000001 0.466445032491461,41.5414150239749,149.675900000002 0.466316956986453,41.541399936709,150.0 0.466241017005589,41.5413809934076,150.0 0.466118976382648,41.5413550097297,150.0 0.466019063960142,41.5413229908585,150.0 0.465882942245132,41.5412730345027,149.204899999997 0.465734079724455,41.5411969269469,148.574699999997 0.465635005430074,41.5411340623192,147.981599999999 0.465553030567143,41.5410670074111,147.0 0.465495027247557,41.5409949230887,147.0 0.465400982620458,41.5409189832988,147.0 0.465349015081271,41.5408430427473,147.053199999995 0.465307943208178,41.5407800110268,147.0 0.46526704021834,41.5407260314314,147.157800000001 0.465218927350031,41.5406430508774,147.812900000004 0.465207025570853,41.5405979559506,148.0 0.465184059242293,41.5405530290865,148.0 0.46515991881566,41.5405079347691,148.0 0.4651369524871,41.5404630071702,148.0 0.465115998384804,41.5404259591408,148.0 0.465083978834796,41.5403959522385,148.0 0.465073920398563,41.5403659453224,148.0 0.465048942742101,41.5403500193551,148.2641 0.465024970300425,41.5403449899599,148.391799999998 0.464999992643931,41.5403230293836,148.896299999993 0.464964955652905,41.5403149830201,149.0 0.464929919560211,41.5403119653814,149.0 0.464895050554143,41.5403069366557,149.0 0.464839059460789,41.5403180006587,149.0 0.464796982372877,41.5403290646598,149.0 0.464733951182671,41.540353036992,149.145600000003 0.464692041181386,41.5403719799222,149.087199999994 0.464657005088691,41.5403929346036,149.387799999997 0.464625991651832,41.5404170743343,149.260899999994 0.464564971789527,41.5404589843334,150.0 0.464519039132406,41.5404859735758,150.0 0.464466065480103,41.5405079347691,150.0 0.464408062160518,41.5405399533715,150.0 0.464325919312629,41.5406070088262,150.0 0.464244950562814,41.5406609878485,149.978300000002 0.464180074233003,41.5407060827315,149.994699999996 0.464044958631108,41.5407639177402,150.0 0.463869944355864,41.5408780794686,150.0 0.463762990938141,41.540925017847,150.0 0.463555958011252,41.5410339825289,150.0 0.463318079632428,41.5411519998265,150.693899999998 0.463300980201011,41.5411540115595,150.981 0.463135019147214,41.5412819191915,151.0 0.462863948018639,41.5414339672665,151.522700000001 0.462652053409425,41.5415829974044,152.0 0.462456923160044,41.5417100670937,152.0 0.462243017222896,41.5418289222673,152.771800000002 0.462012011854331,41.5419849931428,153.0 0.461791064921999,41.5421199421089,153.0 0.461727026720346,41.5421600073928,153.0 0.461564921235726,41.5422800363505,153.0 0.461374986841956,41.5423690519069,154.0 0.461189076002319,41.542517076734,154.0 0.46108195549797,41.5425589860445,154.0 0.460963938429195,41.5427420468206,154.341899999999 0.460842065791244,41.5429430447612,153.798699999999 0.460702925736887,41.5431509161827,153.972599999994 0.460609048196414,41.543268933651,153.871299999999 0.460586919996013,41.5432930729805,154.061900000001 0.460516009682431,41.5433760541681,154.040399999998 0.460424981598085,41.5434630585716,154.025500000003 0.460297074078034,41.5435889546856,154.916800000006 0.460180063122375,41.5437260820604,155.702699999994 0.460039916954901,41.5438670657008,155.906600000002 0.45993497576341,41.5439659725771,156.0 0.459817964807751,41.5440829840816,156.0 0.45970195906691,41.5442310083469,155.920899999997 0.459613949321912,41.5443480193718,156.0 0.459467936257295,41.5444739157798,156.0 0.459346063619345,41.5446080265289,156.0 0.459275990535591,41.5446799427742,155.975399999996 0.4591710493441,41.5447659409576,156.0 0.45912394258894,41.5448460722556,156.0 0.459094941378313,41.5449179889084,156.0 0.459032077274699,41.5449689509448,156.0 0.458890925892441,41.5451159693941,156.417499999996 0.4586889226328,41.5452319750314,156.0 0.458431933494658,41.545281931018,156.160799999998 0.458166059119991,41.545258964971,156.848700000002 0.457892976663515,41.5452509178771,156.419999999998 0.457766074358282,41.5452450511422,157.850300000006 0.45748896924597,41.5452390156524,158.744500000001 0.457389056823431,41.5452229228032,159.210200000001 0.45732703084801,41.545205990884,160.172300000006 0.457080938274226,41.5451530174259,161.854300000006 0.456869043665012,41.5450710423073,162.912899999996 0.456780027806898,41.5450150513194,163.1924 0.456616077182706,41.5449389434614,163.993100000007 0.456485990349763,41.5448569687437,165.0 0.45633897207036,41.544788069453,166.528200000001 0.456166975236199,41.5447129678113,167.311100000006 0.456044934613258,41.5446620055732,169.524399999995 0.455971005960329,41.5446559707013,169.707899999994 0.455889031097398,41.5446440683671,170.027000000002 0.455808062347583,41.5446309928072,171.0 0.455725919499662,41.5446309928072,171.199800000002 0.455643944636731,41.5446309928072,171.481199999995 0.455554928778616,41.5446309928072,172.0 0.455472953915652,41.5446370276813,172.320500000002 0.455367006611045,41.5446620055732,172.988400000002 0.455293077958116,41.5447000596763,173.751900000003 0.455204062099969,41.5447500154016,174.244399999996 0.455047991497482,41.5448070124287,174.998099999997 0.454930979643492,41.5448039949996,175.0 0.454870964996006,41.5447919252819,174.494699999996 0.454753954040347,41.5447379456738,173.685899999997 0.454639960525738,41.5446809485858,172.805300000007 0.454582963319268,41.5446370276813,173.542499999996 0.454468968906362,41.5445619258642,174.345100000006 0.45446092269636,41.5445490176991,174.636400000003 0.454408955157173,41.5445089518784,175.672200000001 0.45439504115173,41.5444110516485,176.0 0.454386994043431,41.5443230413586,175.465500000006 0.454363021601755,41.5442600096684,175.121599999999 0.454345923068636,41.5442350316214,174.859200000006 0.454338043945261,41.5441719998454,175.684899999993 0.454288925862166,41.5441150029308,175.848199999993 0.454231928655696,41.544065046715,176.101200000005 0.454158000901098,41.5440340336627,175.705300000001 0.454085078361251,41.5439959798398,176.344400000002 0.454020034944813,41.5439520584701,176.644400000005 0.453953985415226,41.5439019347151,176.923699999999 0.45387301576708,41.5438829914743,177.276500000007 0.453791040904149,41.5438699157604,177.6967 0.453709066041218,41.5438829914743,178.840400000001 0.453627929306446,41.5439079696574,179.830400000006 0.45356992598686,41.5439579259946,180.842600000004 0.453505050555346,41.5440590117874,181.618799999997 0.453440007138908,41.5441029324121,182.139200000005 0.453373957609321,41.5441470217643,182.817200000005 0.453292987961175,41.5441969779168,182.899699999994 0.45317798833345,41.5442219559786,183.698199999999 0.453071035814025,41.5442499514859,184.0 0.452955030073184,41.544227990891,184.264299999995 0.452877915994248,41.5442050244696,184.691000000006 0.452821924900927,41.5441830638595,185.209000000003 0.452751014587346,41.5441470217643,185.403200000001 0.45268999382671,41.5441289163305,185.466799999995 0.452661998729198,41.544105949874,184.989400000006 0.452618077400012,41.5440749368413,184.976599999995 0.452567953203802,41.5440479477521,185.156000000003 0.452517997890846,41.5440259870886,184.994500000001 0.452468041679559,41.5440030205955,184.718699999998 0.452413055801024,41.5439760308039,184.975999999995 0.45235807082082,41.543954070116,185.307700000005 0.452312976291858,41.543922051187,184.902100000007 0.452264026193721,41.5438999230676,185.014599999995 0.452218930766462,41.5438680715251,185.087499999994 0.452191941782066,41.5438280066272,185.0 0.452181045217674,41.5437830793178,185.538 0.452169980668291,41.5437379845635,186.008499999996 0.452163945786224,41.5436930578639,186.089999999997 0.452153049221832,41.5436479630469,186.207699999999 0.452147014339765,41.5436030362847,186.268500000006 0.452147014339765,41.5435539180884,186.796300000002 0.452158078889114,41.5434689254681,186.964699999997 0.452186073986626,41.5433790716638,186.0 0.452214069982434,41.5432890496475,186.0 0.45224105896683,41.543216965785,186.0 0.452275927972898,41.5431370019003,186.0 0.452292021291232,41.5430669295419,186.285999999993 0.452311970178742,41.5430209965386,186.999500000005 0.452329069610192,41.5429700349839,187.0 0.452349018497702,41.5429190727168,187.0 0.452359076933936,41.5428890656267,187.0 0.452359076933936,41.5428729721926,187.0 0.452368967385212,41.5428459826018,187.311600000001 0.452368967385212,41.5428159754778,187.978000000003 0.452368967385212,41.5427889858631,188.577399999995 0.452368967385212,41.5427599838818,189.2215 0.45235505337977,41.5427329942438,189.826100000006 0.452337953948319,41.5427190805437,190.407099999997 0.45230392396874,41.5427080162792,190.898799999995 0.452269054962672,41.5427009753825,190.766699999993 0.452236030197879,41.5426979578552,190.396500000003 0.452203005433085,41.5426900792035,190.306800000006 0.452168975453506,41.5426790149339,190.4473 0.452135950688712,41.5426679506625,191.001099999994 0.452102925923918,41.5426600720071,191.069799999997 0.452070068245785,41.5426490077324,191.066699999996 0.452033020825156,41.5426389492993,190.953699999998 0.451999996060362,41.5426300647969,190.849300000002 0.451969988736585,41.5426139712984,191.117800000007 0.451939981412842,41.5426010634167,191.241999999998 0.451897066196772,41.5425819523781,191.449099999998 0.451853982995745,41.5425690444901,191.372499999998 0.451811067779675,41.5425469159077,191.7163 0.451767984578648,41.5425309904775,191.776500000007 0.451730937158018,41.5425199261807,191.709099999993 0.451691038484668,41.5424979656706,192.0916 0.451628007294462,41.5424739934612,192.210099999997 0.451575033642159,41.5424550504743,192.2552 0.451519042548805,41.542435940065,192.261499999993 0.451455004347152,41.5424220256287,192.416299999997 0.451369005930055,41.5424059327507,192.751999999993 0.451288037180239,41.5423940300024,193.070399999997 0.451206062317309,41.5423690519069,193.959099999993 0.45112391946942,41.5423620116457,195.0 0.451026018374782,41.5423559765592,195.090400000001 0.45092795019355,41.5423559765592,196.078099999999 0.450838934335403,41.5423620116457,196.992299999998 0.450756959472472,41.5423620116457,198.310599999997 0.450674984609541,41.5423559765592,198.909700000004 0.450437944358875,41.5423370335377,200.692899999995 0.450381953265555,41.5423479297763,201.181899999996 0.450318921176984,41.5423499414721,201.761499999993 0.450259074514455,41.542342062778,202.0 0.450196042425918,41.5423400510819,202.001499999998 0.450125970240495,41.5423400510819,202.912800000006 0.450072996588191,41.5423370335377,203.146900000007 0.450012981940672,41.5423340159934,204.002099999998 0.449967049283584,41.5423340159934,204.652700000006 0.449926983523608,41.5423289867525,205.178499999995 0.449889935204648,41.5423229516629,205.791299999997 0.449857078424811,41.5423229516629,206.0 0.449824053660018,41.5423229516629,206.0 0.449791028895224,41.5423229516629,206.0 0.449753981474595,41.5423209399662,206.016399999993 0.449717939268784,41.5423209399662,206.170599999998 0.449678040595434,41.5423209399662,206.481799999994 0.449640993174805,41.5423209399662,206.955000000002 0.449607968410011,41.5423209399662,207.0916 0.449571926204167,41.5423179224211,207.187300000005 0.449538063311215,41.5423150729656,207.6639 0.449505038546421,41.5423130612687,208.0 0.449472013781661,41.5423070261776,208.0 0.449438989016867,41.5422959618425,208.150999999998 0.449405964252073,41.5422880831418,208.268200000006 0.44937293948728,41.5422830538974,208.569399999993 0.449329018158094,41.5422780246525,209.046300000002 0.449295994291597,41.5422719895581,208.962299999999 0.449262969526837,41.5422609258894,209.122900000002 0.449229944762043,41.5422510348133,209.281600000002 0.44919691999725,41.5422419828401,209.440400000007 0.449163057104298,41.5422369535921,209.866599999994 0.449130032339504,41.5422339360431,209.960099999997 0.44909700757471,41.5422319243437,209.992199999993 0.449063982809917,41.5422290742119,210.382800000007 0.449030958045123,41.5422290742119,210.770000000004 0.448994077711154,41.5422290742119,210.909 0.44895803550531,41.5422290742119,211.0 0.4489240046274,41.5422369535921,211.0 0.448895003416773,41.5422510348133,211.0 0.448871030975097,41.5422719895581,211.0 0.448851082087587,41.542293950145,211.0 0.448830966113417,41.5423179224211,211.0 0.448815039881743,41.542342062778,211.0 0.448801964902789,41.5423690519069,211.0 0.44878503345633,41.5423930241552,211.289199999999 0.448764916583863,41.5424180022415,211.646999999997 0.448741950255303,41.5424389576046,211.782300000006 0.448718983926743,41.5424609181347,211.615300000005 0.448695011485067,41.5424850577658,211.679600000003 0.448675062597557,41.5425090299712,211.368700000006 0.44865192828404,41.5425309904775,211.497900000002 0.44863197939653,41.5425549626658,211.264500000005 0.448616054063186,41.5425819523781,211.187699999995 0.448598954631736,41.5426059245476,211.092300000004 0.448565929866942,41.5426310706404,211.097200000004 0.448533073087106,41.5426469960459,211.208499999993 0.448503065763363,41.5426709681912,211.187099999996 0.448446068556893,41.5427170688594,211.184099999999 0.448396951372129,41.5427489202966,211.117199999993 0.448339954165659,41.5427899917041,211.0 0.448297038949589,41.5428220105213,211.0 0.448224954537935,41.5428610702026,211.036800000002 0.448098052232669,41.5428870539477,212.0 0.448013059928721,41.5428550351627,212.0 0.447924044070573,41.5428139637965,212.0 0.447829999443474,41.5427700422962,212.0 0.447768978682872,41.5427380234532,212.0 0.447708964035352,41.5426979578552,212.0 0.447697062256175,41.5426749915627,212.0 0.447647944173047,41.5426530311053,212.0 0.447597987961794,41.5426300647969,212.0 0.447543002981555,41.5426169888296,212.0 0.447487011888202,41.5425849699109,212.0 0.447437055676949,41.5425579801999,212.0 0.447387937593854,41.5425360197027,212.0 0.447364971265294,41.5424909254235,212.0 0.447364971265294,41.5424419744717,212.0 0.447377041029462,41.542397047544,212.0 0.447399001244873,41.5423519531679,211.628299999997 0.447425991127599,41.5423110495717,211.0 0.447447952241341,41.5422669609848,211.0 0.447470918569901,41.5422220339355,211.027900000001 0.447493046770302,41.542176938765,211.0 0.447508972103646,41.5421320123255,211.0 0.447526071535096,41.5420869170921,211.0095 0.447536968099488,41.5420419905901,211.313399999999 0.447554066632608,41.5419970633845,211.476999999999 0.447576027746349,41.5419519687295,211.070500000002 0.447597987961794,41.5419070414613,211.0 0.447619948177238,41.5418619474158,211.0 0.447647944173047,41.5418220493658,211.0 0.447670072373448,41.5417769545887,211.065100000007 0.447685997706792,41.5417320278714,211.040500000003 0.447674934055773,41.5416919623223,211.248200000002 0.447631012726587,41.5416689956726,211.961899999995 0.447558928314933,41.5416559201833,211.9954 0.447460022005509,41.5416150161469,211.239499999996 0.447204038082152,41.541529017807,210.102599999998 0.4470600372438,41.5414909638547,209.946299999996 0.447036064802124,41.5414869404096,210.051600000006 0.446800030664574,41.541399936709,210.0 0.446508005433703,41.5413020358062,208.0 0.446227043853852,41.541166081284,207.367899999997 0.445902999073007,41.5410039752364,204.922699999996 0.445817001554207,41.5409900618367,203.590500000006 0.445713065577534,41.5409709509944,202.715100000001 0.445571076067083,41.5409659216476,200.751300000004 0.445463955562734,41.5409610603934,199.884699999995 0.445381980699803,41.5409530134369,198.988200000007 0.4453290070475,41.5409530134369,198.921100000007 0.445271003727914,41.5409439612821,197.972099999999 0.445213001306626,41.5409260237171,197.276299999998 0.445153992772255,41.5409169715585,196.490699999995 0.445089954570602,41.5409169715585,195.365900000004 0.445025917267246,41.5409169715585,194.965299999996 0.444968081932618,41.5409030574677,194.603000000003 0.444914941193688,41.5408809289875,194.036399999997 0.44486297275617,41.5408579627221,193.630900000004 0.444804970334915,41.54083600232,193.001600000003 0.444739926918443,41.5408219207907,192.863100000002 0.444676056701748,41.5408090125513,192.319900000002 0.444618053382162,41.5407860462604,192.0 0.444565079729859,41.5407639177402,191.806400000001 0.444512945104044,41.5407409514332,191.0 0.444430969342783,41.5407139616249,190.570800000001 0.444326028151292,41.540674063539,189.834600000002 0.444233994852127,41.5406480795771,188.870599999995 0.444163922666704,41.5406539474014,188.068599999999 0.444058980576883,41.5406539474014,187.396500000003 0.443979017041886,41.5406549532757,187.0 0.443904083174138,41.5406529415271,186.152400000006 0.443838033644551,41.5406559591499,185.070699999997 0.443792939115623,41.540664005471,184.511299999998 0.443758070109555,41.5406670230933,184.555099999998 0.443715993021643,41.5406700407154,184.455799999996 0.443680956928915,41.540672051791,184.258900000001 0.44364592083622,41.5406750694129,183.979200000002 0.443611051830152,41.5406779196132,183.699200000003 0.443571992183258,41.5406829483101,183.784899999999 0.443533938649513,41.5406829483101,183.665800000002 0.443495046089312,41.5406889835527,183.697 0.443456992555533,41.5406889835527,183.112599999993 0.443417932908672,41.5406889835527,182.816399999996 0.443383063902604,41.5406889835527,182.793099999995 0.443345010368859,41.5406889835527,182.767800000001 0.443309974276164,41.5406889835527,182.744500000001 0.44327108171593,41.5406889835527,182.718599999993 0.443225987186968,41.540672051791,182.150399999999 0.443190951094273,41.5406539474014,181.912800000006 0.443131942559869,41.5406199164335,181.0 0.443065054902123,41.5405790130865,180.878500000006 0.442963969279841,41.5404990493016,180.0 0.442921054063771,41.5404730659418,179.569600000003 0.442897081622095,41.5404539549467,179.186499999996 0.442871935980677,41.5404330002851,178.785499999998 0.442847963539001,41.5404110397387,178.404999999999 0.442819967543159,41.5403919287252,177.991899999994 0.442791972445647,41.5403760034368,177.725300000006 0.442763976449838,41.5403600774719,177.121400000004 0.442735981352327,41.5403409671159,177.0 0.442711002797535,41.5403200124176,177.0 0.442687031254156,41.5402980518329,176.936499999996 0.442659035258347,41.5402759231456,176.458599999998 0.442634057601852,41.5402549684264,176.0 0.442606061606044,41.5402309960578,176.0 0.442581922077707,41.5402090361152,176.0 0.442532971081273,41.5401739997038,175.865399999995 0.442465916336867,41.5401260548978,175.0 0.442409925243547,41.5400849838154,174.834600000002 0.442180931202883,41.5399639489327,172.890700000004 0.442017987590137,41.5399009170277,171.387300000002 0.441756974897795,41.5397959753321,170.090899999996 0.441498979646504,41.5396410778668,168.112399999998 0.441305022596898,41.5395109911427,167.248099999997 0.441065971018331,41.5393389941315,164.722500000003 0.440877042737644,41.5391599567255,163.0 0.440733041899292,41.5389750521925,162.0 0.440552997956799,41.5387929967418,161.0 0.440395083113004,41.5386610659452,160.772899999996 0.44022291919215,41.538527961545,160.0 0.440071039230456,41.538359988249,159.0 0.439902059837312,41.5381690479688,158.0 0.439782030542306,41.5380399668882,157.0 0.439745988336462,41.5379910166016,157.0 0.439697038238324,41.5379730795624,157.0 0.439673065796648,41.5379479336755,156.784700000004 0.439641047144971,41.5379239611241,156.086299999995 0.439613052047459,41.5379030063151,156.0 0.439589079605783,41.5378810462544,156.0 0.439550019958922,41.5378760166672,156.0 0.439514983866194,41.5378919425714,156.0 0.439483970429335,41.5379050181492,156.0 0.43944893433664,41.5379130648126,156.0 0.439410041776406,41.5379130648126,156.0 0.439375005683677,41.5379160825632,155.817599999995 0.439330078241376,41.5379160825632,155.445099999997 0.439291018594515,41.5379189322126,155.116899999994 0.43925598250182,41.5379160825632,155.0 0.439217928968041,41.5379050181492,155.0 0.43917903640784,41.5378939544058,155.0 0.439144000315112,41.5378860751688,155.0 0.43911298777655,41.5378669640817,155.0 0.439084991780741,41.537849027008,155.0 0.439060014124247,41.5378270662566,155.0 0.439043082677787,41.5378029269038,155.0 0.439021959692205,41.5377809661367,155.0 0.439008045686762,41.5377539764378,155.0 0.438993964594693,41.5377269867277,155.0 0.43898005058925,41.5376999970063,155.0 0.438973009594034,41.5376740131943,155.0 0.438968986039901,41.5376470234508,155.0 0.438965968598851,41.537620033696,155.0 0.438965968598851,41.5375900261643,155.0 0.438958927603668,41.5375630363857,155.0 0.438937973501339,41.5375390643641,155.0 0.438909977505497,41.5375199538468,155.0 0.438881982407985,41.5375010107536,155.0 0.43884996285801,41.5374879344216,155.0 0.438821967760499,41.5374689913191,155.0 0.438790954323606,41.5374520600591,155.0 0.438752062661702,41.5374420021624,155.0 0.438717026569007,41.5374260761475,155.0 0.438686013132115,41.5374119945481,155.0 0.438646953485254,41.5373989188705,155.0 0.438609067038169,41.5373910402457,155.0 0.438574030945441,41.5373850046952,155.0 0.438538994852746,41.5373819875922,155.0 0.438478980205226,41.537364050384,155.0 0.438391975675013,41.537364050384,154.0 0.438300948488964,41.5373610326077,154.0 0.438101961772077,41.5373429279635,154.0 0.43777992921743,41.5373139262295,153.0 0.437485054530466,41.5373080587745,152.0 0.437164027190638,41.5373139262295,151.0 0.436896979616263,41.5373080587745,149.9421 0.436724982782068,41.5373189558603,149.0 0.436598919503291,41.5372969949289,149.045700000002 0.436546951964104,41.5372869370081,149.009399999995 0.436259955502185,41.5373040357415,148.0 0.436208993177816,41.5373030298152,148.0 0.435889978064219,41.5372939778218,147.0 0.435611027812302,41.5373000127083,147.0 0.435591917052951,41.5373010186347,147.0 0.435286983929754,41.5372820754774,146.0 0.435079951002865,41.5372740287356,146.0 0.43480301297718,41.5372909600421,145.926300000006 0.434482991750467,41.5372899541155,145.0 0.434185936852315,41.5373000127083,145.0 0.433844961523274,41.5372889481889,144.0 0.43350297918282,41.5372889481889,144.0 0.433193016392374,41.5372980008554,143.0 0.432866961181891,41.5372969949289,143.0 0.432472005189134,41.5372869370081,143.0 0.432106051305301,41.5372929718952,143.0 0.431760046309011,41.5372839192281,142.0 0.431449078303747,41.537280063624,142.0 0.431186054283504,41.5372730228087,142.0 0.430866033056791,41.537280063624,142.0 0.430605020364483,41.5372820754774,142.0 0.430250969158158,41.5372700050281,141.0 0.429934970587315,41.5372919659687,141.0 0.429688039885373,41.5372839192281,141.0 0.429379921336201,41.5372939778218,141.0 0.429325941570749,41.5373060475942,141.0 0.429246984148868,41.5373759527134,141.0 0.429189987840729,41.5374520600591,140.0 0.429099965869466,41.5374389843897,140.0 0.428953952804882,41.5374359666168,140.0 0.428937021358389,41.5374260761475,140.0 0.428853035167524,41.5374089774463,140.0 0.428803078956271,41.5374089774463,140.0 0.428551956715238,41.5374160182467,140.0 0.428309049567463,41.537398081048,140.0 0.428291950136013,41.5373999247954,140.0 0.428126994297035,41.5373819875922,140.0 0.427854079825516,41.5373699178339,140.0 0.427582003482155,41.5373529858756,140.0 0.427277069460628,41.5373199611141,140.0 0.426988061670808,41.537258941176,140.0 0.426888987376427,41.5372569293218,140.0 0.426744986538074,41.5372579352489,140.0 0.42657600714493,41.5372319512593,140.0 0.426482967732617,41.5372130080817,140.0 0.426364950663875,41.537173948351,140.0 0.426214076815264,41.5371380738143,140.0 0.426091030079207,41.5371330448417,140.0 0.425933953363571,41.5371199691078,140.004799999995 0.425811074612505,41.5371330448417,140.0 0.425699930553955,41.5371600347997,140.0 0.425601024244565,41.5372049620036,140.0 0.425519049381634,41.537226922294,140.0 0.425485018503725,41.5372770458436,140.547300000006 0.425472948739557,41.5373259966706,140.835900000005 0.425443947528929,41.5373670674879,141.0 0.42540304364076,41.53740294257,141.0 0.425361972665998,41.5374389843897,141.0 0.425326935674973,41.537479049884,141.0 0.425286032685135,41.5375149242316,141.261700000003 0.425244960812008,41.5375509666612,141.250700000004 0.425209924719314,41.5375870090708,141.834199999998 0.425170026944294,41.5376230507879,141.957500000004 0.425122920189101,41.5376540642253,141.979200000002 0.425075981418865,41.5376860828958,142.0 0.425030048761778,41.5377169282013,141.715899999996 0.424977075109474,41.5377390564194,142.0 0.424919072688186,41.53776202312,142.0 0.424860064153815,41.5377749312951,142.0 0.42480206083423,41.5377799602178,142.0 0.424731988648807,41.5377799602178,142.0 0.424667950447154,41.5377839838935,142.0 0.424609948025899,41.5377839838935,142.0 0.424550939491495,41.5377839838935,142.0 0.424492936171909,41.5377799602178,142.0 0.424458068064172,41.53776202312,142.0 0.424394029862519,41.5377350334132,141.646599999993 0.424312054999588,41.5376899384758,141.755099999995 0.424212980705207,41.5376319359782,142.0 0.424108039513716,41.5375280005581,141.9476 0.423981975336642,41.5374069655968,142.0 0.423971079670547,41.537398081048,142.0 0.423915926705352,41.5373509746968,142.795199999993 0.4238740167041,41.5373100706271,143.0 0.423828922175139,41.5372669879197,143.0 0.423803944518677,41.5372460328979,143.0 0.423787013072218,41.5372210548311,143.195800000001 0.423769075512609,41.5371970826828,143.779699999999 0.423747953425324,41.5371749542794,144.0 0.423726998424698,41.5371509821139,144.0 0.423703025983022,41.5371300277269,144.0 0.42367503088551,41.5371109164164,144.0 0.423650052330718,41.5370889560867,144.260500000004 0.423626079889043,41.5370680016796,144.840100000001 0.42360495780179,41.5370430235441,145.0 0.423579979246998,41.5370220684497,145.0 0.423551984149487,41.5369999406588,145.0 0.423523988153645,41.5369840145351,145.0 0.423495993056133,41.5369650719573,145.0 0.423469003173407,41.5369439494064,145.0 0.423441008075895,41.5369250061445,145.0 0.423413012080086,41.5369060628771,145.0 0.423385016982574,41.5368869521728,145.0 0.423357020986732,41.5368680088942,145.0 0.423332043330271,41.5368470544155,145.0 0.423307064775479,41.5368249258923,145.0 0.423282925247143,41.5368039713996,145.0 0.423254929251334,41.5367820109658,145.0 0.423223078584614,41.5367630676564,145.0 0.423192065147721,41.536746974715,145.0 0.423157029055026,41.5367310492013,145.0 0.423129033059184,41.5367119384453,145.0 0.423101037961672,41.5366929951154,145.0 0.423073041965864,41.53667405178,145.0 0.423042029427302,41.5366529298066,145.0 0.423014033431459,41.5366339864595,145.0 0.422986038333948,41.536618060918,145.0 0.422949996128137,41.5366009620032,145.0 0.422918982691245,41.5365850364536,145.0 0.422890987593733,41.5365689427954,145.0 0.422855950602708,41.5365580462556,145.0 0.42282108249497,41.5365479882199,145.0 0.422762073960566,41.536529044842,145.0 0.422702059313079,41.5365149637197,145.0 0.422667023220351,41.5365179808631,145.0 0.422593932695581,41.5365149637197,145.0 0.422531068592001,41.5365179808632,145.0 0.422453954513064,41.5365179808631,145.0 0.422387066855318,41.5365179808631,145.0 0.422309953674712,41.5365209986789,145.0 0.422225967483847,41.5365230098836,145.0 0.422153044045736,41.536526027699,145.0 0.422034021762143,41.5365340738616,145.0 0.421955064340262,41.5365369242443,145.0 0.421842076040439,41.5365389354484,145.0 0.42175406629544,41.5365449704054,144.404200000004 0.421676952216504,41.5365449704054,144.353199999998 0.421616937568984,41.5365510053618,144.447499999995 0.421579052020196,41.536556035052,144.534100000004 0.42154401502917,41.5365590521936,144.577999999994 0.421504955382309,41.5365610640695,144.596799999999 0.421463046279355,41.5365610640695,144.551999999996 0.421420969191444,41.5365640812108,144.161300000007 0.421376041749142,41.5365640812108,144.0 0.421336982102281,41.5365640812108,144.0 0.421292055558277,41.5365719606088,144.0 0.421245954916233,41.5365749777496,144.0 0.421210918823504,41.536576989625,143.938699999999 0.421173032376386,41.5365830245784,143.880000000005 0.421137996283691,41.5365860417187,143.476200000005 0.42109893663683,41.5365860417187,143.0 0.421061050189712,41.5365860417187,143.0 0.421021990542851,41.5365860417187,143.0 0.420980080541566,41.5365860417187,143.0 0.420934986012638,41.5365880535938,143.0 0.42089994991991,41.536593921114,143.0 0.420861058258006,41.5365989501285,143.0 0.420826021266981,41.536601967268,143.0 0.420787967733235,41.5366069969543,142.712499999994 0.420752931640507,41.5366100140935,142.249500000005 0.420718062634439,41.5366120259678,142.208100000003 0.420683026541744,41.5366150431067,142.228400000007 0.420643966894883,41.5366150431067,142.0576 0.420608929903858,41.536618060918,142.0 0.42057104435507,41.5366229224986,142.0 0.42051102970755,41.536630968649,142.0 0.420468952619639,41.5366370035973,142.0 0.420412961526318,41.5366370035973,142.0 0.420368034083983,41.5366390154708,142.0 0.42031506043168,41.5366470622916,142.0 0.420265943246916,41.5366559469436,141.989700000006 0.420228056799797,41.5366609759533,141.979000000007 0.420185979711886,41.5366579588165,141.876300000004 0.420129988618532,41.5366690227714,141.661999999997 0.420041977975203,41.5366690227714,141.004300000001 0.41996603799434,41.53667405178,141.0 0.419895965808917,41.5366780755246,141.0 0.419831927607264,41.5366869601723,141.0 0.419762022508501,41.5366909832436,141.0 0.419711061082429,41.5367020471929,141.0 0.419636964444543,41.5367070768714,141.0 0.419577955910139,41.5367099265741,141.0 0.419508050811376,41.5367159615151,141.0 0.419473014718648,41.5367179733861,141.0 0.419437978625953,41.5367240083263,141.0 0.419399924193877,41.5367240083263,141.0 0.419361032531973,41.5367260195247,141.0 0.419325996439245,41.5367260195247,141.0 0.419287942007203,41.5367260195247,141.0 0.419253073899432,41.5367320544642,141.0 0.419218036908407,41.5367340663347,141.0 0.419178977261546,41.5367340663347,141.0 0.419137068158591,41.5367369160362,141.0 0.419102032065897,41.5367399338417,141.0 0.419066995074838,41.5367449628449,141.0 0.419031958982143,41.5367479806501,141.0 0.418996922889415,41.5367509977826,141.0 0.418955012888164,41.5367530096525,141.0 0.418916959354419,41.5367560267849,141.0 0.41888192326169,41.5367610557868,141.0 0.418840013260439,41.5367610557868,141.0 0.418804977167744,41.5367610557868,141.0 0.41876306716646,41.5367610557868,141.058499999999 0.418724007519599,41.5367669232914,141.302299999996 0.418675057421461,41.5367669232914,141.297300000006 0.41863298033355,41.5367689351608,141.614300000001 0.418594926799771,41.5367749700963,142.0 0.418560057793703,41.5367769819655,142.0 0.418525021701009,41.5367799990967,142.0 0.418482944613097,41.5367860340312,142.0 0.418437011955977,41.5367910630308,142.0 0.418401974964952,41.5367940808337,142.0 0.418366938872257,41.5367989424011,142.0 0.418332069866189,41.5368039713996,141.947799999994 0.418273061331818,41.5368039713996,141.854399999997 0.418230984243907,41.536806989202,141.912700000001 0.418182034145736,41.5368150353296,142.0 0.41810793840618,41.5368210702608,142.0 0.418048929871776,41.5368230821285,142.0 0.41798204221403,41.5368259318261,142.0 0.417908951689259,41.5368339786237,142.0 0.41783200559528,41.536844036615,142.0 0.417737960968181,41.5368670036334,142.0 0.417668055869418,41.5368800794185,142.0 0.417627990109441,41.5369360700538,142.0 0.417627990109441,41.5369809974133,142.0 0.417621955227341,41.5370259240692,142.188800000004 0.417615920345273,41.5370760477746,142.679000000004 0.417597982785665,41.537120975037,143.0 0.417592954016713,41.5371650637702,143.0 0.417581051339205,41.5372099909707,143.0 0.417552050128578,41.5372510618617,143.0 0.41752304891795,41.5372909600421,143.0 0.417488012825222,41.5373320315541,143.0 0.417459010716264,41.5373719290122,143.0 0.417417939741502,41.5374119945481,143.0 0.417388938530841,41.5374530659832,143.0 0.417358931207098,41.537492964039,143.0 0.41732406220103,41.5375340354227,143.0 0.417295060990402,41.5375739327562,143.325899999996 0.417266059779775,41.5376150040885,143.0 0.417237058569147,41.5376550701462,143.5101 0.417208056460189,41.5376949680775,144.0 0.417179055249562,41.5377360393329,144.0 0.417149047925818,41.5377759372142,144.0 0.417120046715191,41.5378170084181,144.0 0.417071934745179,41.5378639470011,144.0 0.417002029646416,41.5379179262958,144.0 0.41693799234306,41.5379449159263,144.0 0.416854005253898,41.5379779410411,144.0 0.41680505515576,41.5379920225173,144.0 0.416723080292796,41.5380109654667,144.0 0.416640937444908,41.5380240410205,144.099900000001 0.416559967796796,41.5380300765113,144.178799999994 0.416477992933831,41.5380240410205,145.0 0.416387971860898,41.5380109654667,145.0 0.416305996099671,41.5380049306465,145.0 0.416216980241523,41.5380049306465,145.0 0.416135005378592,41.5379990632542,145.0 0.416053030515661,41.5379920225173,145.0 0.416119080045215,41.5379110529787,145.0 0.41618395637506,41.5378160024997,145.0 0.416129976609607,41.537769063882,145.0 0.416078009070419,41.5376840710549,145.0 0.415973066980631,41.5375130804875,145.0 0.415798052705387,41.5374190353482,144.0 0.41560493378394,41.537405959672,144.0 0.415429920407026,41.53735197995,143.0 0.415255073218441,41.5373110765534,143.0 0.415080058943197,41.5372710109549,143.0 0.414905045566283,41.5372299400767,143.910300000003 0.414730031291071,41.5372170317927,144.0 0.414555017015827,41.5371900418586,144.0 0.414380002740616,41.5371499761852,144.0 0.414204988465371,41.5370959969219,144.0 0.41402997419016,41.5370549259325,144.0 0.413854959914915,41.5370150276064,144.0 0.41368095175282,41.5369739565655,144.0 0.413505937477575,41.5369340588619,144.0 0.413330924100661,41.53689399303,144.0 0.413156076912076,41.5368670036334,144.0 0.412981063535162,41.5368259318261,144.0 0.412806049259951,41.536813024134,144.0 0.412631034984706,41.5367719522924,144.0 0.412456020709495,41.5367449628449,144.0 0.412263068874676,41.5367179733861,144.0 0.412088055497761,41.5366780755246,144.0 0.4118959417911,41.5366380095341,144.0 0.411720927515855,41.5366110200307,144.0 0.411546081225601,41.5365570403177,144.0 0.411371066950357,41.5365300507804,144.0 0.411196052675146,41.5364760716722,144.0 0.411021039298231,41.5364350002891,144.0 0.410846025022987,41.5363949348204,144.0 0.410671010747776,41.5363679445432,144.0 0.410495996472531,41.5363280471381,144.0 0.410303044637711,41.536286975661,144.0 0.410128031260797,41.5362599860111,144.549700000003 0.409954022200371,41.5362060066775,145.0 0.409779008823457,41.536165941067,145.0 0.409586056988637,41.5361119616549,145.0 0.409411042713426,41.536084971932,145.0 0.409236028438181,41.5360579821978,145.0 0.409061015061267,41.5360309924523,145.0 0.408886000786056,41.5360040026956,145.0 0.408710986510811,41.5359639369599,145.0 0.408535972235567,41.5359369471753,145.0 0.408360957960355,41.5359099573793,145.0 0.408185943685111,41.5358829682445,145.0 0.407993997963407,41.535855978426,145.0 0.407818984586493,41.5358160800327,145.0 0.407626032751673,41.5357889227522,145.0 0.407451018476462,41.5357619335668,145.0 0.407276004201217,41.5357349436979,145.0 0.407100990824303,41.5356809639261,145.0 0.406909045102599,41.5356539740233,145.0 0.406795050689693,41.5356559859274,145.0 0.406694971180526,41.5357359496486,145.0 0.406607966650313,41.5358169185481,145.825100000002 0.406460948370911,41.5358710656404,146.0 0.406319964973576,41.535884979469,146.0 0.406231954330247,41.5358890025902,146.0 0.40610304069708,41.5358890025902,146.0 0.405963063412894,41.535879950399,146.016399999993 0.405858960349562,41.5358430698679,146.253599999996 0.40563801341723,41.5356630269186,147.0 0.405483953244314,41.5355409865481,147.285600000003 0.405298043303008,41.5354559934827,147.287800000006 0.405064020493392,41.5353899446953,147.908200000005 0.404786076354591,41.5353270798023,148.0 0.404547024776024,41.5352670659594,149.0 0.404314007181194,41.5352320295604,149.0 0.404266063196173,41.5352290116846,149.0 0.404193978784518,41.5352100685928,149.011400000003 0.403920058199883,41.5351599447862,150.0 0.40363993474819,41.5351120002976,150.690900000001 0.403395015374183,41.5350699234321,151.0 0.403142049790173,41.5350209729149,151.0 0.403122939030822,41.5350189616635,151.0 0.403034929285824,41.5350040416866,151.168600000005 0.402848012333071,41.5349820806415,151.220700000005 0.402724966495345,41.5349410096546,152.0 0.402562021984268,41.5349049677878,152.0 0.402468983470285,41.5348960828953,152.0 0.402340069837151,41.534860040331,152.823799999998 0.40221802921421,41.5348419356592,153.0 0.402020048610439,41.5347889617801,153.0 0.40190907163855,41.5347619721775,153.285300000003 0.401709079706844,41.5347150333607,153.976299999995 0.40148293602057,41.5346630660175,154.762100000007 0.401377994829079,41.5346449606182,154.233200000002 0.401220918113443,41.534612941787,155.047600000005 0.401085968699912,41.5345819289087,155.825100000002 0.400916990205065,41.5345460542792,155.732999999993 0.400735941047753,41.5345009598081,156.853499999997 0.400600992532519,41.5344820165031,156.789199999999 0.400578025305661,41.5344749760557,156.670400000003 0.400562938100443,41.5344719581446,156.627999999997 0.400303937634366,41.5344179786636,157.753100000002 0.400026999608681,41.534349917544,158.674100000004 0.399748049356764,41.5342669368782,159.0 0.399479996567569,41.5342050782132,160.0 0.399210937665226,41.534137017542,160.938699999999 0.399116054011671,41.5341199186437,161.0 0.399032067820806,41.5341090216913,161.0 0.398915055966849,41.5340949400422,161.0677 0.39872797192747,41.5340729800334,161.6783 0.398482047338644,41.5340230234568,161.949399999998 0.398290939745098,41.5339879870564,161.853099999993 0.398210976210102,41.5339769233154,162.151299999998 0.398126990019236,41.533965021033,162.470799999996 0.397913083183791,41.5339259613581,162.478799999997 0.397785007678782,41.5339029946402,163.073000000004 0.397602953306652,41.5338570618524,163.212700000004 0.397395920379763,41.533809955612,164.394899999999 0.397123005009913,41.5337499410339,164.907000000007 0.396802983783234,41.5336929443478,166.0 0.39675001013093,41.5336939503303,166.0 0.396589077846085,41.5336510346713,166.0 0.396516993434431,41.5336379589058,166.0 0.396249945860022,41.5335710710622,166.064299999998 0.396011062266412,41.5335219533156,166.700500000006 0.395780056897847,41.5334709916724,167.0 0.395538993093015,41.5334270705512,167.0 0.395489036881762,41.5334129887536,167.0 0.395220984092568,41.5333749347328,167.484299999996 0.395004059816072,41.5333420780705,167.356400000004 0.39489308374248,41.5333229669855,167.853700000007 0.394721925036478,41.5332619466388,168.321200000006 0.394487064098704,41.5332190313656,169.428499999995 0.394285060839063,41.5331670634929,169.715200000006 0.394029076915706,41.5331169401205,170.996400000004 0.393953975063001,41.5331090609741,170.220600000001 0.393937043616542,41.5331080549824,170.254100000006 0.39375599445923,41.5330569255719,171.0 0.393570922646082,41.533021050769,171.426600000006 0.393368918488145,41.5330059635623,171.894199999995 0.393340922492303,41.5330019402617,172.0 0.39327101739354,41.5329940611012,172.0 0.392925013295547,41.5329189592115,173.0 0.392744969353054,41.5328980047984,173.030599999998 0.392534080856922,41.5328339667356,174.0 0.392253957405263,41.5327779759116,175.0 0.392046924478374,41.5327499801452,175.0 0.391911975963106,41.5327360663148,175.803 0.391865037192903,41.5327399221898,176.0 0.39175204889308,41.5327360663148,176.0 0.391534958428254,41.5327169557232,177.0 0.391341000480319,41.532709076528,177.0 0.391087028783193,41.5326649874473,178.0 0.3908350693123,41.5326599587994,179.0 0.390642955605638,41.5326869479341,179.9372 0.390441957560817,41.5327320429974,180.399600000004 0.390279013948071,41.5327749579212,181.953599999993 0.39021698797265,41.532792057175,182.385999999999 0.390059072230524,41.5328069769897,183.896299999993 0.389977935495752,41.5328240762351,184.997199999998 0.389908030396989,41.5328510659738,185.948300000004 0.389820020651958,41.5328430193531,188.323699999994 0.389756988563421,41.5328400020382,189.752399999998 0.389702003583183,41.5328299434244,190.158899999995 0.389669984931538,41.5328510659738,189.835900000005 0.389581974288209,41.5328859348758,190.0 0.389530006749022,41.5329080627293,189.876799999998 0.389435962121923,41.5329080627293,190.743199999997 0.389281064719145,41.532911080041,191.0 0.389136057767677,41.5329000161157,191.0 0.38891997161934,41.532875038388,191.0 0.388689972363891,41.5328800670192,191.0 0.388363916255111,41.5329149359056,192.0 0.388133916999662,41.5329840031837,192.826199999996 0.388005003366495,41.5330039515758,193.455300000001 0.387961920165467,41.5330069695555,193.416500000007 0.387757066551437,41.5329550015125,195.704800000007 0.387587081943474,41.5328859348758,197.419099999999 0.387327075364282,41.5328200529232,198.983399999997 0.387071929569083,41.5327989303636,199.0 0.38684293642675,41.5327779759116,199.235000000001 0.386562980960014,41.5327229903643,200.0 0.38627799582603,41.5326730340901,200.0 0.386030059010972,41.5326289456572,200.0 0.385908018388064,41.5325820066373,200.0 0.385872982295336,41.5325640694429,200.0 0.385808944992014,41.5326039671523,200.0 0.385709032569474,41.5326549294786,200.0 0.385629069034444,41.5327129324047,199.701199999996 0.385471992318808,41.5328400020382,199.518400000001 0.385254062827527,41.5329890318065,199.075599999996 0.385082065993333,41.5331449357281,200.0 0.385067984901264,41.5331610288933,200.0 0.38493504771393,41.5332699932073,200.0 0.38476891777688,41.5333759407203,199.0 0.384740922679368,41.5333930398152,199.0 0.38470303623225,41.5334329376858,199.0 0.384533051624287,41.5335769388562,199.326400000005 0.384446047094074,41.5336460054275,199.386299999998 0.384293999147423,41.5337749190962,199.363800000006 0.384129043308412,41.5338969601092,199.257700000002 0.383959058700449,41.5340679508225,200.0 0.383820924759207,41.5341690366088,200.0 0.383740961224211,41.5341239418748,200.136899999998 0.383728053331884,41.534115056875,200.332599999994 0.383626967709602,41.5339700502519,202.0 0.383512974194993,41.5338200140735,203.025399999999 0.383420940895829,41.533634941628,204.317999999999 0.383398979782054,41.533594037898,204.752999999997 0.383378024781428,41.533546931466,205.504199999996 0.383324045914339,41.5334440015199,206.267800000001 0.383243076266194,41.5332790457638,208.027900000001 0.383144001971813,41.533095985099,209.7696 0.383069068104065,41.53296003081,210.565799999997 0.382939986485974,41.5327979243672,211.578800000003 0.382799003088639,41.5326470502759,212.957899999994 0.38268500957403,41.5324970143911,213.571800000005 0.3825889527207,41.5323340702449,214.032999999996 0.382479987975042,41.5322190703392,215.377600000007 0.382342022018758,41.5320730574928,216.926600000006 0.382198021180405,41.5319699604472,219.020499999999 0.38200708067352,41.5318569719165,220.802299999996 0.381833072511391,41.5317570600091,221.958599999998 0.381622016030336,41.5316759232899,223.991200000004 0.381453037535523,41.5315790284768,224.943400000004 0.381327979471531,41.5315149904532,226.470700000005 0.381284058142345,41.5315089556994,227.035600000003 0.381121951759461,41.531472075366,228.7641 0.381036959455479,41.5314259747514,228.948799999998 0.380997061680427,41.5313770241665,228.765599999999 0.381029918460263,41.5312529724106,228.109299999996 0.381044000450663,41.5311599329331,227.992499999993 0.381000917249635,41.5310390662789,228.407200000001 0.380885079493752,41.5309540733504,229.266399999993 0.380712077444773,41.5308110784208,231.0 0.38056505826704,41.5306699271142,232.0 0.380485932860202,41.5306159478229,232.783500000005 0.38039792311517,41.5305589503928,233.052500000005 0.380356014012216,41.5305160353438,233.9182 0.380285940928496,41.5304699347205,234.0 0.380213018388683,41.5304409332671,235.0 0.380160044736379,41.5304250075457,235.0 0.380092989991973,41.5304030469635,236.003400000001 0.380051079990722,41.5303919832818,236.231100000005 0.38000598546176,41.5303680106199,236.427200000006 0.379957035363623,41.5303519174323,237.087700000004 0.379921999270895,41.530349068122,237.239499999996 0.379886962279869,41.5303470560528,237.532699999996 0.379851926187175,41.5303390097932,237.973599999998 0.379817057181107,41.5303299568253,238.438599999994 0.379785038529429,41.5303140317491,238.465899999996 0.37975402509257,41.530294920442,238.568400000004 0.379722006440892,41.5302820127916,239.061799999996 0.37969099390233,41.530263069596,239.138699999996 0.379658974352355,41.5302439589464,239.2984 0.379635002808976,41.5302230036668,239.843800000002 0.37961404780835,41.5302010436885,240.0 0.379595943162115,41.5301740535166,240.1014 0.379579011715655,41.5301470640059,240.626199999999 0.379564929725256,41.530120074484,241.0 0.37954397472463,41.5300959342724,241.0 0.379523020622302,41.5300739735785,241.231400000004 0.379523020622302,41.53004497262,241.206200000001 0.379530060719188,41.530017982383,241.358900000007 0.379539952068794,41.5299909928073,241.907099999997 0.379554033160864,41.5299640032202,242.0 0.379574988161489,41.5299400310722,242.016000000003 0.379595943162115,41.5299180703254,242.490099999995 0.379627961813793,41.5298939307109,243.001699999993 0.379651934255469,41.5298719699484,242.949999999997 0.37967992935298,41.5298530266328,242.930300000007 0.379707925348823,41.5298349219046,243.263500000001 0.379742961441517,41.529812961122,243.728300000002 0.379774980093195,41.5297970359186,243.846799999999 0.379813034525271,41.529780942589,243.530299999999 0.379845053176949,41.5297619992467,243.793399999995 0.379876065715477,41.5297380270239,244.305600000007 0.379907917280529,41.5297209283078,244.664499999999 0.379949994368406,41.529701984948,245.057700000005 0.380026940462386,41.5296840476275,245.405799999993 0.38014194009011,41.5296379470837,246.185500000007 0.380232967276193,41.5295920146299,246.315100000007 0.380310081355129,41.5295489314891,247.2215 0.38041502254662,41.5294919344638,248.418699999995 0.380540918738737,41.5294200174684,248.933600000004 0.380635969478952,41.5293519564701,250.011499999993 0.3807410786554,41.5292959653222,249.785000000003 0.380834955297542,41.5292280723169,250.607499999998 0.380915924945654,41.5291859949864,250.9853 0.380954984592515,41.5291640346561,251.049799999993 0.380987003244193,41.5291449236818,251.501000000004 0.381014999240035,41.5291310097484,252.042199999996 0.381042994337547,41.5291040198026,252.623300000007 0.381070990333389,41.5290939619527,252.750499999995 0.381098985430901,41.5290750184093,253.230800000005 0.381134022421926,41.5290589255726,253.565300000002 0.381162017519438,41.5290419941287,253.922999999995 0.381182972520063,41.5290210391322,254.0 0.381185989961114,41.5289940491405,254.0 0.381185989961114,41.5289640423144,254.638600000006 0.381172075955671,41.5289370522989,254.821500000005 0.381150953868385,41.5289130804429,254.206699999995 0.381119940431526,41.5289000043922,253.941800000001 0.381085071425458,41.5288939693945,253.739199999996 0.38105003533273,41.5288889404534,253.604600000006 0.381014999240035,41.5288830729067,253.451400000005 0.38097996224901,41.5288780439648,253.316800000001 0.380944926156282,41.52887301435,252.808199999999 0.380910057150214,41.5288669800223,252.050900000002 0.380875021057519,41.5288619504066,251.890799999994 0.38083998496479,41.5288589329061,251.761799999993 0.380804948872096,41.5288569214631,251.525500000003 0.380770079866028,41.5288480364124,251.026400000002 0.380735043773299,41.5288430074678,250.757299999997 0.380700006782274,41.5288399899663,250.577399999995 0.380664970689579,41.5288379785228,250.442299999995 0.380629934596851,41.5288319435192,250.128400000001 0.380595065590783,41.5288270820255,249.866899999994 0.380560029498088,41.528821047021,249.553100000005 0.380524992507063,41.5288160174018,249.016900000002 0.380489956414335,41.5288109884547,248.5092 0.38045492032164,41.528802942004,248.305699999997 0.380420051315572,41.5287950630046,248.107999999993 0.380385015222844,41.5287920455009,248.018100000001 0.380349979130149,41.5287860104931,247.861099999995 0.380314942139124,41.5287839990479,247.793600000005 0.380280074031352,41.5287809815436,247.703800000003 0.380245037040327,41.5287759519213,247.516000000003 0.380210000947632,41.5287699175845,246.779599999994 0.380174964854904,41.5287620385811,246.214399999997 0.380139927863879,41.5287570089573,246.079800000007 0.380105059756141,41.5287509739462,245.922999999995 0.380070023663413,41.528742927488,245.721399999995 0.380034986672388,41.5287380659877,245.590500000006 0.379936918491156,41.5287259959615,244.887400000007 0.379828959858614,41.5287340424217,244.366500000004 0.379744972769452,41.528742927488,243.818400000004 0.379615053921466,41.5287509739462,242.783500000005 0.379503071734792,41.5287509739462,242.115699999995 0.379444062302091,41.5287610325219,241.714399999997 0.379384048552901,41.5287590210758,241.630499999999 0.379241052929334,41.5287690789777,240.760500000004 0.379125047188494,41.5287749465348,239.862500000003 0.378730930222226,41.5287320309749,237.604399999997 0.378659013795528,41.5287239845143,237.378800000006 0.378323067235438,41.5286599463545,234.737099999998 0.378108993313366,41.5286130078173,233.310400000002 0.377881005385818,41.5285350561585,231.0 0.377695932674374,41.5284400053513,229.611499999999 0.377505999178901,41.52833506389,228.0 0.37728404613342,41.5281949186293,225.730899999995 0.377104003089258,41.5280410270238,223.0 0.376933012368179,41.5278849561245,220.341400000005 0.376707035768566,41.5276630030241,217.541100000002 0.376557000048113,41.5275200075452,216.136599999998 0.376513078718927,41.5274690458811,216.0 0.376476030400001,41.5274279748316,215.170599999998 0.376424062860813,41.527381036073,215.0 0.376374944777685,41.5273379528048,215.0 0.376348961008108,41.5272879970796,215.0 0.376315936243314,41.5272160803243,215.0 0.376285928919571,41.5271399723674,214.0 0.37626681816022,41.5271035946033,214.0 0.376263297662628,41.5270631938213,214.0 0.376245696072934,41.5270308396862,214.0 0.376179143486805,41.52700653221,214.0 0.376082919546815,41.5269758546341,213.043699999995 0.375982001011159,41.5269453445007,213.078699999998 0.375843699983291,41.526905949708,213.144899999999 0.375686455282697,41.5268583407415,212.006500000003 0.375535078377545,41.5268125751166,211.0 0.375391077539193,41.5267693246849,210.834799999997 0.375241040920443,41.5267280857336,210.0 0.37509100519999,41.5266831586503,209.181400000001 0.374933928484354,41.5266345434276,208.621100000004 0.374729577028567,41.5265753675529,208.017999999996 0.374582055692624,41.5265376491339,207.161699999997 0.37443889298243,41.5264945659767,206.111399999994 0.374305285651895,41.5264550034511,206.0 0.374122392253309,41.5264028680664,205.0 0.373973529732632,41.5263571027919,204.0 0.373831540222181,41.5263167015438,204.0 0.373709667584231,41.5262789829739,203.0 0.373554770181487,41.5262357328581,202.392999999996 0.373472962405182,41.5262239979554,202.0 0.373435075958064,41.5262389179399,202.0 0.373404063419502,41.5262479701353,202.0 0.373384952660151,41.5262550108055,202.103799999997 0.373361986331624,41.5262600399513,202.200500000006 0.373330972894731,41.5262689246849,202.113400000002 0.37328302890971,41.5262769714508,201.453699999998 0.373252015472851,41.5262809951696,201.001799999998 0.373215973267007,41.5262830066926,200.419699999999 0.373195018266381,41.5262870297385,200.142099999997 0.373174064164053,41.5262900473591,199.843200000003 0.373148080394475,41.5262920588818,199.435500000007 0.373098962311381,41.5262860243133,198.606 0.37307297854177,41.5262820005948,198.4997 0.373046993873863,41.5262769714508,198.371100000004 0.373022016217402,41.5262729484042,198.265400000004 0.372996032447791,41.5262679192594,198.136799999993 0.372973066119231,41.5262640636712,197.803 0.372947082349654,41.5262610460494,197.319799999997 0.372923948036136,41.5262560169037,197.0 0.37289997559446,41.5262479701353,197.0 0.372864939501766,41.5262449525128,197.0 0.372839960946974,41.5262429409886,197.0 0.372815989403595,41.5262389179399,197.0 0.372791010848803,41.5262360677759,196.825899999996 0.372770055848178,41.5262270155789,196.458599999998 0.372746922432991,41.5262209803317,196.028000000006 0.372724961319249,41.5262119281326,196.0 0.372701994990689,41.5262050549167,196.0 0.372679028662129,41.5262000257666,196.0 0.372653044892552,41.5261909735645,196.0 0.372630078563992,41.5261819206886,195.989600000001 0.372606944250474,41.5261750474695,195.820500000002 0.372578949152962,41.5261690128901,195.668300000005 0.372554976711287,41.5261659952639,195.585600000006 0.372519939720261,41.5261639837373,195.518100000001 0.37248507161249,41.5261579484843,195.361300000004 0.372438970970446,41.5261529193306,195.208499999993 0.372399073195393,41.5261490637354,195.031000000003 0.372356996107515,41.526144034581,194.968800000002 0.372310057337279,41.5261390054262,194.669599999994 0.372265968023136,41.5261369938987,194.0573 0.37221903015123,41.5261329708435,194.0 0.372170079154763,41.5261480576356,194.0 0.372128002066851,41.5261510752626,194.0 0.372079051968714,41.5261639837373,194.0 0.372026078316411,41.5261680067906,194.0 0.371774956973676,41.5261700183171,194.0245 0.371622070898832,41.5261420230537,194.0 0.371586028692988,41.5261390054262,194.0 0.371336080550029,41.5260570304169,194.0 0.37112904672481,41.5259750553036,194.0 0.3708760811408,41.5258580439905,194.572700000004 0.37064692001351,41.5257460616516,194.0095 0.370409041634719,41.5256500053471,194.0 0.37014501150136,41.5255450640681,194.224799999996 0.36992607679526,41.52547398537,193.903999999995 0.369734969201715,41.5254069303669,193.473199999993 0.369504969946232,41.5253130525733,192.655100000004 0.369264073228094,41.5252300717484,192.0 0.36904094698287,41.5252119670717,192.0 0.368876997256975,41.5251890006227,191.0 0.368753951419249,41.5251940298513,191.0 0.368625037786115,41.52516201105,191.0 0.368524957378618,41.5251259684424,191.0 0.368426051069194,41.5250860708289,191.0 0.368338041324196,41.5250770184709,190.805699999997 0.368285067671893,41.5250449996116,190.0 0.368226059137488,41.5250319234517,190.225600000005 0.368173923613344,41.5250089576114,190.034700000004 0.3681150821656,41.5249960489064,190.0 0.368056073631229,41.5249829734091,190.070200000002 0.367998071209974,41.5249690592532,190.029299999995 0.36793906267557,41.5249559837505,190.0 0.367885921038309,41.5249330172107,190.0 0.367833953499121,41.5249110567818,190.0 0.36777494496475,41.5248969751481,190.0 0.367721971312447,41.524875014707,189.843699999998 0.367663967992862,41.5248570773933,189.125400000004 0.367604959458491,41.5248480250033,189.0 0.367551985806187,41.5248210352884,189.0 0.367493983384899,41.524806953635,189.0 0.367434974850528,41.524779963903,189.0 0.367375966316157,41.5247670558248,189.0 0.367317962996572,41.5247580034222,189.0 0.367258954462168,41.5247489503458,189.0 0.367199945927797,41.5247350368121,189.0 0.367141943506542,41.524725984405,189.0 0.367082934972138,41.5247179374463,189.0 0.367024931652552,41.5247090524997,189.0 0.366954021338971,41.5246859190819,189.0 0.366854947044623,41.5247000000891,189.0 0.366778000950644,41.524725984405,189.887799999997 0.366742964857915,41.5247179374463,189.953299999994 0.366734918647913,41.5246730103124,189.965599999996 0.366703067082896,41.5246629524463,190.0 0.366671048431218,41.524646021197,190.0 0.366634000112292,41.5246129960007,190.0 0.366507935935184,41.5244959849147,190.0 0.366320013767646,41.5243779674896,190.0 0.366138964610334,41.5243159413202,189.0 0.366074927307012,41.5242909636408,189.469599999997 0.366052966193237,41.524285934342,189.608600000007 0.366038046973009,41.5242869404708,189.871199999994 0.365820955609887,41.5242269258011,193.936600000001 0.365712996977345,41.5241910514819,194.850399999996 0.365646947447758,41.5241650676236,194.405599999998 0.365376044304173,41.5240520789124,190.994900000005 0.365342013426264,41.524046044135,191.089200000002 0.365182925382693,41.5239830121864,187.827099999995 0.365082006847038,41.5239580343785,186.6826 0.364828035149913,41.5238859498197,185.916500000007 0.364707000640121,41.5238009575821,184.946599999996 0.364635922341582,41.5237270287111,184.953200000004 0.36453098025176,41.5237000392012,184.4611 0.364398043962758,41.5237070801486,184.0 0.36423895502089,41.5237010453391,183.573099999994 0.364119931838999,41.5237099297515,183.0 0.363973081544554,41.5237209939034,183.303 0.363830924049179,41.5237350757931,183.082699999999 0.363759007622482,41.523738931532,183.043900000004 0.363683067641618,41.523749995679,183.0 0.363621040767866,41.523767932627,183.077699999994 0.363448038718887,41.5237890554451,183.0 0.363307055321552,41.5237890554451,182.224600000001 0.363209992355105,41.5238079985186,181.993700000006 0.362918973237351,41.5238649951708,181.0 0.362656954431927,41.5238690183671,181.9139 0.362543967030434,41.5238770647588,182.818299999999 0.362456962500221,41.5238690183671,183.0 0.362369957970008,41.523875053161,183.0 0.362288989220193,41.523875053161,183.0 0.362244061777858,41.5238829327595,183.0 0.36219796203411,41.5238829327595,183.0 0.362153034591809,41.5238889675522,183.0 0.362113974944948,41.5238909791496,183.0 0.362079944067039,41.5238970139415,183.0 0.362041052405135,41.5238990255386,183.0 0.362006016312406,41.5239050603297,183.0 0.361967961880364,41.5239080780613,183.0 0.361932925787636,41.5239129399246,182.713600000003 0.361894034125732,41.5239129399246,182.391900000002 0.361855979693657,41.5239179685799,182.304900000003 0.361814070590702,41.5239240040418,182.109899999996 0.361764952507608,41.5239290326962,182.0 0.361716002409471,41.5239340620228,182.0 0.36167694276261,41.5239370797531,182.0 0.361627992664439,41.5239449586715,182.0 0.361527074128784,41.5239590398399,182.0 0.361421964952335,41.5239669194283,182.0 0.361345018858389,41.5239590398399,182.0 0.361249968118175,41.5239719480793,181.549100000004 0.361177045578328,41.5239719480793,181.0 0.361106973392905,41.5239779835362,181.0 0.36105802239647,41.5239749658078,181.0 0.36099197376518,41.5239810005919,181.0 0.360918045112251,41.5239920646974,181.0 0.360868927029157,41.5240029613364,181.0 0.360805056812461,41.5240190547581,180.469500000007 0.360774044273899,41.5240210663515,180.080900000001 0.360724926190804,41.5240289452597,180.0 0.360668935097451,41.5240369916316,180.0 0.360578074998029,41.5240289452597,179.560100000002 0.360437929728885,41.5240180486251,179.0 0.360340028634281,41.5240089961178,178.236099999995 0.360205080119013,41.5239860299144,178.0 0.360112041605063,41.5239840183199,178.0 0.36002503707485,41.523972954213,177.653399999996 0.359912048775027,41.5239600459738,177.0 0.359765030495624,41.5239499873243,177.0 0.359677020750626,41.5239370797531,176.616500000004 0.359583981338312,41.5239330558885,176.0 0.359495971593314,41.5239330558885,176.0 0.359396059170774,41.5239189747144,176.0 0.359255075773439,41.5239189747144,176.0 0.359172932925551,41.5239099221932,175.773199999996 0.359044019292384,41.5239149515213,175.801200000002 0.358897000114684,41.5239149515213,175.705700000006 0.358799938046535,41.5239040548675,175.400699999998 0.35872500417882,41.5239020432705,175.005300000004 0.358626935997555,41.5239060664645,175.0 0.358535069785018,41.5239060664645,175.0 0.358457956604411,41.5239000316734,175.0 0.358364079063973,41.5239060664645,175.0 0.35819996135312,41.5238970139415,175.0 0.358077082602054,41.523891984612,175.0 0.357983037974955,41.5238879614172,175.0 0.35784205457762,41.523891984612,175.0 0.357690006630935,41.5238790770291,174.1253 0.357572994776979,41.5238649951708,174.0 0.357444081143812,41.523851919445,174.0 0.357315000424018,41.523851919445,174.0 0.357174016128386,41.5238700245024,173.093699999998 0.357063040054827,41.5238790770291,173.0 0.35695692566356,41.5238790770291,173.0 0.356903952011257,41.5238899730146,173.0 0.356870927246463,41.5238899730146,173.0 0.356816947481044,41.5238939962093,173.730800000005 0.356793981152484,41.5238869559547,173.718699999998 0.356782078474976,41.5238690183671,173.312600000005 0.356765985156675,41.5238539310435,173.0 0.356749053710182,41.5238400173174,173.0 0.356727931622896,41.5238269415865,173.085399999996 0.35670496529437,41.5238200681172,173.109899999996 0.356680992852694,41.5238110155822,172.958899999998 0.356658026524133,41.5238019630459,172.742899999997 0.356637071523508,41.5237930786461,172.532000000007 0.356617960764157,41.5237820145065,172.2739 0.356597006661828,41.5237729619661,172.059299999994 0.356576051661203,41.5237640768898,171.848299999998 0.356554929573917,41.5237550243469,171.680600000007 0.356530957132241,41.5237479840772,171.677800000005 0.356507990803681,41.523738931532,171.453099999999 0.356484018362005,41.5237300464511,171.294099999999 0.356461052033478,41.5237250171086,171.427599999995 0.35643791771996,41.5237199884383,171.555999999997 0.356413945278285,41.5237159652328,171.477299999999 0.356387961508674,41.5237119413545,171.492299999998 0.356364995180147,41.5237109358893,171.531199999998 0.356339011410537,41.5237050685456,171.384000000005 0.356316045081977,41.5237020508044,171.302100000001 0.356292072640301,41.5237000392012,171.241899999994 0.356268938326817,41.5236980275978,171.182199999996 0.356244966783438,41.5236940043909,171.092300000004 0.356221999556581,41.5236929982529,171.063099999999 0.356198028013235,41.5236909866493,170.979800000001 0.356175061684675,41.5236909866493,170.952300000004 0.356150921258042,41.523686963442,170.753599999996 0.356125943601547,41.523686963442,170.660000000003 0.356101971159904,41.5236839463726,170.385500000004 0.356079004831344,41.5236839463726,170.249800000005 0.356053021061734,41.5236839463726,169.7984 0.356030054733174,41.5236849518382,169.436600000001 0.356004070065266,41.5236889750457,169.387600000002 0.355979930536963,41.5236940043909,169.657399999996 0.355953946767386,41.5236909866493,169.236499999999 0.355947073757127,41.5236730496799,167.525999999998 0.355936009207777,41.5236569561721,165.896900000007 0.355923939443609,41.5236390191933,164.438299999994 0.355912036766101,41.5236190699311,162.904599999994 0.355902984442984,41.5236009654761,161.756099999999 0.355889070437541,41.5235850394162,160.835500000001 0.35586995967819,41.5235719636338,160.204199999993 0.355858057899013,41.5235560382392,159.873200000002 0.355854034344846,41.523537933094,159.624299999996 0.35584699334963,41.5235199960821,159.344500000007 0.355836934913396,41.5235020590654,159.538700000005 0.355826039247335,41.523485965515,159.814799999993 0.35581396858487,41.5234700400993,160.176300000006 0.355804078133593,41.52345193493,160.584799999997 0.355800054579427,41.5234339978944,160.985799999995 0.355797037138377,41.5234160601812,161.938500000004 0.355789997041491,41.5233979556694,163.007700000002 0.355787984815259,41.5233800179462,163.743100000007 0.355782956046308,41.5233600692767,164.256099999999 0.355780943820076,41.5233419640766,164.593299999993 0.355762001045682,41.5233330796137,164.692200000005 0.355739034717122,41.5233260386255,164.898100000006 0.355713050947511,41.5233189983091,165.152499999997 0.355689078505835,41.5233149744061,165.298899999994 0.355659071182092,41.523309945704,165.167799999996 0.355635936868575,41.5233059224729,165.087799999994 0.355611965325229,41.5233040783238,165.429799999998 0.355588998996669,41.5233030721797,165.744699999996 0.355565026554993,41.5232970373324,165.640100000004 0.355542060226466,41.5232940202449,165.476299999995 0.355517919799833,41.5232920079563,165.355599999995 0.355494953471273,41.5232899963404,165.236499999999 0.355470981029597,41.5232879847242,165.115999999995 0.355448014701037,41.5232869792524,164.972299999994 0.355424043157691,41.5232789327873,164.290900000007 0.355438962377919,41.5232630066481,163.694900000002 0.355461928706479,41.5232630066481,163.9948 0.355488080461014,41.5232630066481,164.028699999995 0.355511046789574,41.523265018265,164.147899999996 0.35553501923125,41.5232670298818,164.268400000001 0.35555798555981,41.5232720592598,164.521500000003 0.355581958001486,41.5232809444037,164.8511 0.355606935657947,41.5232899963404,164.876499999998 0.35563107608458,41.5232920079564,164.596000000005 0.355654042413141,41.5232960318608,164.710999999996 0.355678014854816,41.5232970373324,164.786699999997 0.355700981183377,41.523301060564,164.930099999998 0.355724952726722,41.5233030721797,164.594200000007 0.355747919953579,41.5233040783238,164.248900000006 0.355772059481915,41.5233079340885,163.950700000001 0.355795025810476,41.523309945704,163.628700000001 0.355817992139002,41.5233129627907,163.335200000001 0.355843975908613,41.5233210099242,163.301500000001 0.355851016903796,41.5233030721797,163.060400000002 0.35583006190317,41.5232940202449,162.925000000003 0.355804078133593,41.5232879847242,162.976800000004 0.355778932492141,41.52328295602,163.2641 0.355754960050466,41.5232779266428,163.525999999998 0.355728976280888,41.5232740708764,163.601299999995 0.355706009952328,41.5232700476431,163.569300000003 0.355682037510652,41.5232670298818,163.459099999993 0.355659071182092,41.5232609950311,163.161300000007 0.355635936868575,41.523259989559,163.086599999995 0.355603080088772,41.52325496018,163.391699999993 0.355576928334204,41.5232529485628,163.666400000002 0.355552956790858,41.5232450695601,163.316200000001 0.355529990462298,41.5232450695601,163.286399999997 0.355506018020622,41.5232440640876,163.210600000006 0.355483051692062,41.5232420517975,163.091499999995 0.355459079250386,41.5232400401799,162.971000000005 0.355435944936869,41.5232360169446,162.647200000007 0.355411972495226,41.5232329998542,162.388300000006 0.355389006166666,41.5232289766184,162.209799999997 0.355363022397055,41.5232219356188,162.031799999997 0.355340056068495,41.5232199240006,161.961500000005 0.355315916540193,41.5232130504668,162.019700000004 0.355292950211632,41.5232090272298,162.147400000002 0.355268977769956,41.5232060101382,162.250899999999 0.355243999215165,41.5232039985194,162.351899999994 0.355220027671819,41.5231999752818,162.266699999993 0.355197060444962,41.5231989691361,162.210200000001 0.355172920916626,41.5231969575172,162.029200000004 0.355149954588099,41.5231929342792,161.754499999995 0.355125982146423,41.5231919281333,162.040099999998 0.355103015817863,41.5231880723617,162.118400000007 0.355079043376187,41.5231840491231,161.991999999998 0.355056077047627,41.5231810320304,161.878599999996 0.35503294363244,41.5231749971717,161.758799999996 0.355006958964532,41.5231679561663,161.829700000002 0.354986004862204,41.5231590710069,161.6639 0.354962032420528,41.5231520306723,161.446100000001 0.354939066092001,41.5231429780438,160.992599999998 0.354914925665368,41.523133925414,160.775899999993 0.354891959336808,41.5231250409225,160.563699999999 0.354871005234479,41.5231139766687,160.304399999994 0.354845020566572,41.5231049240349,160.039499999999 0.354821049023226,41.5230980511615,159.509099999996 0.354798082694666,41.5230930217699,159.138900000005 0.354774948381149,41.5230849752807,159.0 0.354750975939473,41.5230819575107,159.0 0.354728009610912,41.5230779342655,159.0 0.354702025841335,41.5230749171677,159.134900000005 0.35468107084071,41.5230660319955,159.087799999994 0.354671012404476,41.5230410538337,158.599400000006 0.354659948753424,41.5230189259681,158.056500000006 0.354645028634866,41.5229969655621,158.0 0.354623068419421,41.5229760106254,158.0 0.354588031428396,41.5229649463462,157.958499999993 0.354529022894025,41.5229649463462,157.614600000001 0.354492980688215,41.5229599169443,157.126300000004 0.354462973364438,41.5229490208022,157.0 0.354429949497975,41.5229419797722,157.0 0.354396924733181,41.522934939414,156.632400000002 0.354349985962945,41.5229220309677,156.109599999996 0.354305058520643,41.5229079495737,156.323199999999 0.354281925105456,41.5228990643785,156.190100000007 0.354249067427323,41.5228839775015,155.793099999995 0.354225933113806,41.522868051265,155.604000000007 0.354202966785245,41.5228430736993,155.317500000005 0.354186035338752,41.5228189334628,154.554699999993 0.354181006569801,41.5227909380945,153.6826 0.354160051569175,41.5227580807645,153.173200000005 0.354153010573992,41.5227329350158,153.1054 0.354145970477106,41.522707957398,152.816999999995 0.354140940809824,41.5226900201561,152.415399999998 0.354130044245432,41.5226600124239,151.896900000007 0.354130044245432,41.5226300053504,151.606799999994 0.354130044245432,41.5226030160554,151.262499999997 0.354130044245432,41.5225740144383,150.920400000003 0.354130044245432,41.5225470244474,150.618700000006 0.354130044245432,41.5225170173215,150.043399999995 0.354130044245432,41.5224880163385,149.374299999996 0.354126021589596,41.5224610263117,148.816099999996 0.354123004148546,41.5224340369462,148.376000000004 0.354115963153329,41.522407046897,148.070900000006 0.354105066588937,41.522380057509,147.508300000001 0.354087967157521,41.5223550790824,146.997700000007 0.354067013055192,41.5223339564688,146.799499999994 0.354039017059384,41.5223119958304,146.134399999995 0.354011021961838,41.5222940591513,145.537400000001 0.353979002411863,41.5222799769481,145.203899999993 0.353943966319169,41.5222690806915,144.900899999993 0.353912952882276,41.5222560053158,144.582399999999 0.353877916789581,41.5222479587225,144.427299999996 0.353843047783513,41.522234044651,144.095700000005 0.353808011690785,41.5222229802448,143.827300000004 0.35377297559809,41.5222129219979,143.581200000001 0.353737939505362,41.52220202573,143.316399999996 0.353706926068503,41.5221879441793,142.732499999998 0.353675074503485,41.522175035584,142.151700000002 0.353643055851807,41.5221609540274,141.804199999999 0.353612043313245,41.5221480460993,141.224499999997 0.353584047317437,41.5221319528847,140.912500000006 0.353549011224708,41.5221240737455,140.551000000007 0.353513975132014,41.5221349700265,140.115300000005 0.353497043685521,41.5221589423762,140.266799999998 0.353478938140988,41.5221830821864,139.913100000005 0.353462006694495,41.5222070545183,139.800099999993 0.353444070033217,41.522232033002,139.572799999994 0.353419929606584,41.5222590224517,139.056200000006 0.353401992047009,41.5222769598131,138.498300000007 0.35337802050363,41.522303949244,138.104999999996 0.353342983512605,41.5223309393363,137.487899999993 0.353322029410309,41.5223579287448,137.4519 0.353290009860301,41.5223849188145,136.970600000001 0.353266038316956,41.5224040297679,136.493499999997 0.353254973767606,41.5224149260017,136.475999999995 0.353234018766947,41.5224310191459,136.792799999996 0.353203006228419,41.5224360485889,136.453999999998 0.353154056130248,41.5224390657165,135.705000000002 0.35311197904237,41.5224340369462,135.126499999998 0.353083983046528,41.5224340369462,135.090200000006 0.353031009394224,41.5224340369462,135.021599999993 0.352975018300871,41.5224310191459,134.785399999993 0.352939982208176,41.5224340369462,134.9035 0.352905951330266,41.5224219664165,134.323300000004 0.352871082324198,41.5224189492881,134.3174 0.35283604623147,41.522408053055,134.293799999999 0.352793969143559,41.5224030236098,134.168399999995 0.352755077481655,41.5223810629949,133.655400000003 0.352730937055022,41.5223710047725,133.416400000002 0.35270595939856,41.5223490441467,133.091899999999 0.352685004397935,41.5223279215311,133.185800000007 0.352664049397276,41.522302943757,132.861499999999 0.35264007785393,41.5222789714606,132.409599999999 0.352614931314181,41.5222570108036,132.437699999995 0.352590959770836,41.5222360562998,132.303199999995 0.35257000477021,41.5222119165093,132.030499999993 0.352552067210601,41.5221869380178,131.741999999998 0.352534968677482,41.5221599485381,131.476599999995 0.352517031117873,41.5221359761887,131.0622 0.352496076117248,41.5221150216458,130.579199999993 0.352465063578719,41.5220979222602,130.179300000003 0.35243002658766,41.5220880314635,129.936900000001 0.352394990494965,41.5220769677049,129.6685 0.352359954402237,41.5220660714142,129.4038 0.352327935750593,41.5220529953249,129.092699999994 0.352293066744525,41.5220390812114,128.761100000003 0.352262053307632,41.5220260057892,128.450599999996 0.352230034655988,41.5220119242002,128.117100000003 0.352202039558443,41.5219959984217,127.797900000005 0.352171026121584,41.5219829223182,127.837899999999 0.352135990028889,41.5219720260116,128.049100000004 0.352107994033047,41.5219530830732,127.731199999995 0.352083016376585,41.5219309548356,127.254300000001 0.352055020380743,41.5219130173783,126.807100000005 0.352027025283231,41.5218940744227,126.383000000002 0.351999029287389,41.5218749639913,125.925700000007 0.351968016748861,41.521859038179,125.551900000006 0.351937003311968,41.5218419387258,125.725300000006 0.351900961106158,41.5218340602239,125.953699999998 0.351866931126545,41.5218320485625,125.887000000002 0.351831056007361,41.521826013578,125.661600000007 0.351797026027782,41.5218179669313,125.145999999993 0.351757966380921,41.5218070705969,124.4041 0.351722929389896,41.5217970122853,124.015599999999 0.351681020286942,41.5217909772976,123.854399999997 0.351645984194214,41.5217800802861,123.411900000006 0.351610947203188,41.5217750514647,123.053799999994 0.351576079095451,41.5217639869801,122.630600000004 0.351541042104425,41.5217539293344,122.028600000005 0.351510029565863,41.5217400151567,122.327999999994 0.351482033570021,41.5217180543168,122.104300000006 0.35145403847251,41.5216999493298,121.685700000002 0.351433083471884,41.5216749713133,121.117400000003 0.351414978825649,41.5216509994569,121.072 0.351401064820206,41.5216240097536,121.219599999997 0.351379941834623,41.5216030550448,121.074999999997 0.351373068824397,41.5215589657935,120.168099999995 0.351370051383347,41.5215299643811,119.547399999996 0.351373068824397,41.5214979457844,118.760299999994 0.35136301038813,41.5214570417787,118.745899999994 0.351348929296061,41.5214109414261,118.140400000004 0.351335015290619,41.5213629968362,118.132100000003 0.351327974295436,41.5213120350308,117.409100000004 0.351320933300253,41.5212790101507,117.368700000006 0.351310036735827,41.5212469914298,116.981899999999 0.351302996638974,41.521220001558,116.472099999999 0.351271983202082,41.5211930123475,116.321100000001 0.351236947109387,41.5211819477634,116.066099999996 0.351191014452267,41.5211630045937,115.590500000006 0.351163018456458,41.5211529468546,115.349000000002 0.35111105091727,41.5211420504082,115.073399999994 0.351064950275193,41.5211309858154,114.7978 0.351036954279351,41.5211229390822,114.600900000005 0.351005941740822,41.5211150604927,114.405899999998 0.35097794574498,41.5210800238273,114.0 0.350943077637209,41.5210629248408,114.0 0.3509150816414,41.5210260446058,113.3701 0.350893959554114,41.5210079394253,113.0 0.350886918558931,41.5209769267505,113.0 0.350877028107655,41.5209539601436,113.0 0.350828078009484,41.5209420581556,113.0 0.350770074689932,41.5209289818391,113.0 0.350712072268644,41.5209110447766,113.0 0.350656919303482,41.5209040041975,113.0 0.350593049086753,41.5208810375647,113.0 0.350534040552382,41.5208770141827,113.0 0.350482073013194,41.5208500248291,113.0 0.350423064478824,41.5208319195994,113.0 0.350365061159238,41.520818005896,112.483699999997 0.350307058737983,41.520804930227,112.012600000002 0.350248050203579,41.5208000681302,112.0 0.350190046883994,41.5207869924576,112.0 0.350132044462739,41.520781963559,112.0 0.350073035928368,41.5207690553558,112.0 0.350015032608782,41.5207549734933,112.0 0.349957030187527,41.520745921202,111.717199999999 0.349899027766239,41.5207420659573,111.405199999994 0.349840019231868,41.520745921202,111.452600000004 0.349793080461632,41.5207730787446,112.0 0.34978805079435,41.520818005896,112.010299999994 0.349758043470607,41.5208590771058,112.0 0.349724013491028,41.5208989746354,112.0 0.349677074720792,41.5209309935285,112.0 0.349642038628097,41.5209670357824,112.0 0.349636003745996,41.521010957292,112.0 0.349636003745996,41.5210610806278,112.0 0.349636003745996,41.5211060075792,112.317500000005 0.349629967965598,41.521150935172,113.0 0.349618066186421,41.521196029533,113.0 0.349613036519139,41.5212409563908,113.0 0.349607001637038,41.5212850451861,113.025699999998 0.349600966754971,41.5213299726546,113.256399999998 0.34958906497576,41.5213750668908,113.7166 0.349560063765132,41.5214159709484,113.1973 0.349523015446206,41.5214250231459,113.0 0.349490996794528,41.5214109414261,113.0 0.349455959803503,41.5214089297515,113.0 0.349420923710775,41.5213980333483,112.890499999994 0.349393933828082,41.5213869694719,112.449500000002 0.349364932617454,41.5213829461213,112.0 0.349334925293678,41.5213770785664,112.0 0.3493089415241,41.5213789227705,112.0 0.349297038846593,41.5213789227705,112.0 0.34928295775449,41.5213789227705,112.0 0.349259991425963,41.5213760730649,112.0 0.349236018984287,41.5213760730649,111.833199999994 0.349219925665953,41.5213899866483,111.704899999997 0.349219925665953,41.5214079242506,111.883300000001 0.349219925665953,41.5214280403206,112.0 0.349215063983662,41.5214459779123,112.0 0.349208022988445,41.5214640829703,112.0 0.349206011660544,41.5214820198794,112.090100000001 0.349198970665327,41.5214999574561,112.0769 0.349204000332609,41.5215160508278,112.288199999995 0.349200982891559,41.5215249355403,112.412400000001 0.349200982891559,41.5215339877225,112.587700000004 0.349198970665327,41.5215450522465,112.7978 0.349191930568441,41.5215549424536,112.933300000004 0.349180027890933,41.5215609774634,112.763600000006 0.349165945900534,41.5215639953043,112.585500000001 0.34915002056719,41.521566006974,112.393899999995 0.349131077792796,41.521566006974,112.2065 0.349113978361346,41.5215700303132,112.284799999994 0.34909302336072,41.5216000372057,112.937600000005 0.349085983263834,41.5216129452432,113.0 0.349078942268651,41.521627026919,113.0 0.349072069258392,41.5216489877898,113.0 0.34907005703216,41.5216560282879,113.0 0.34907005703216,41.5216650811244,113.0 0.349061004709043,41.5216910646414,113.0 0.349061004709043,41.5217210721503,113.604900000006 0.349053963713859,41.5217480618132,114.0 0.349046923616973,41.5217750514647,114.0 0.349040049708417,41.5218020411051,114.389500000005 0.349036027052581,41.521829030734,114.986300000004 0.349021945062182,41.5218560203519,115.5766 0.34901104849779,41.5218660786543,115.7929 0.348989926410504,41.5218820044647,116.074399999998 0.34897400107716,41.5218999419306,115.999400000001 0.348953046076535,41.5219160352028,115.950700000001 0.348935946645084,41.5219309548356,116.062300000005 0.348927062306924,41.5219400069611,116.068799999994 0.348925050080692,41.5219400069611,116.055800000002 0.348920021311741,41.5219450364423,116.028699999995 0.348909962875507,41.5219430247843,116.046799999996 0.348892025315899,41.5219400069611,116.144499999995 0.34887107121357,41.5219339719867,116.157300000006 0.348844081330877,41.5219390014683,116.507700000002 0.348809045238149,41.5219369898102,117.023400000005 0.348790939693617,41.5219309548356,117.242800000007 0.348771996919223,41.5219309548356,117.815000000002 0.34875808291378,41.5219309548356,118.2451 0.348738972154429,41.5219420186191,118.641399999993 0.348713993599637,41.521963979383,118.621299999999 0.348697062153144,41.521987951796,118.788400000005 0.348687004615241,41.522010918036,118.977400000003 0.348679963620025,41.5220239941338,119.084300000002 0.348674933952776,41.5220399192329,119.386599999998 0.348666049614616,41.5220610419425,119.647599999997 0.348679963620025,41.5220789793586,119.956200000001 0.348687004615241,41.5220960780767,120.027400000006 0.348694044712127,41.5221180387883,120.138200000001 0.348676946179008,41.5221389933303,120.0 0.348637048403988,41.5221389933303,120.0 0.348609052408146,41.5221389933303,120.0</coordinates>
</LineString>
</Placemark>
</Folder>
</Document></kml>
