<?xml version="1.0" encoding="UTF-8"?>

<kml xmlns:xsd="http://www.w3.org/2001/XMLSchema" xmlns:gx="http://www.google.com/kml/ext/2.2" xmlns:atom="http://www.w3.org/2005/Atom" xmlns="http://www.opengis.net/kml/2.2">
<Document>
<name>ES24c_10a_la_roca_del_valles-polinya</name>
<visibility>1</visibility>
<Schema name="ES24c_10a_la_roca_del_valles-polinya" id="kml_schema_ft_ES24c_10a_la_roca_del_valles-polinya">
<SimpleField type="xsd:string" name="id">
<displayName>id</displayName>
</SimpleField>
<SimpleField type="xsd:string" name="nombre">
<displayName>nombre</displayName>
</SimpleField>
<SimpleField type="xsd:double" name="longitud">
<displayName>longitud</displayName>
</SimpleField>
<SimpleField type="xsd:string" name="_formato">
<displayName>_formato</displayName>
</SimpleField>
</Schema>
<Folder id="kml_ft_ES24c_10a_la_roca_del_valles-polinya">
<name>ES24c_10a_la_roca_del_valles-polinya</name>
<Placemark id="kml_1">
<name>&lt;img height='20' src='https://nco.ign.es/iconos/icono_todos_caminos_azul.png' /&gt;&lt;img height='20' src='https://nco.ign.es/iconos/Camino Santiago_20.png' /&gt;&lt;img height='20' src='https://nco.ign.es/iconos/icono_todos_caminos_azul.png' /&gt;  Camino de Santiago </name>
<visibility>1</visibility>
<description><![CDATA[<!DOCTYPE html>
<html>
<head>
<style>
#nco {
  border-collapse: collapse;
  overflow:hidden;
}
#nco th, #nco td {
  padding: 4px;
  text-align: left;
}
#nco th {
  color: #364B5F;
  padding-right: 5px;
}
#nco td {
  color: rgb(51, 51, 51);
  font-size: 12px;
  padding-right: 5px;
}
</style>
</head>
<body>
<table id="nco">
<tr>
<td>Caminos del Nordeste</td>
</tr>
<tr>
<th><b>Camino: </b></th>
<td>ES24c Camí Català de Sant Jaume</td>
</tr>
<tr>
<th><b>Etapa: </b></th>
<td>10a La Roca del Valles-Polinya</td>
</tr>
<tr>
<th><b>Longitud: </b></th>
<td>22.2 km</td>
</tr>
</table>
</body>
</html>]]></description>
<Style>
<IconStyle>
<scale>0.8</scale>
</IconStyle>
<LabelStyle>
<color>ffffffff</color>
<scale>0.75</scale>
</LabelStyle>
<LineStyle>
<color>ffff0000</color>
<width>3.0</width>
<gx:labelVisibility>1</gx:labelVisibility>
</LineStyle>
<PolyStyle>
<color>66ff0000</color>
</PolyStyle>
</Style>
<ExtendedData>
<SchemaData schemaUrl="#kml_schema_ft_ES24c_10a_la_roca_del_valles-polinya">
<SimpleData name="id">ES24c_10a</SimpleData>
<SimpleData name="_formato">kml</SimpleData>
</SchemaData>
</ExtendedData>
<LineString>
<extrude>0</extrude>
<tessellate>1</tessellate>
<coordinates>2.32587503279925,41.5902040708887,123.0 2.32585407779862,41.5901319862727,123.0 2.32584200803445,41.5900409590987,123.0 2.32586698569092,41.5899519433542,123.0 2.32589095813259,41.5898820379829,123.0 2.32591208111817,41.5897930220194,123.0 2.32590504012299,41.5897360250249,123.0 2.32590805756404,41.5896949538869,123.0 2.32590805756404,41.5896260546932,123.0 2.32590805756404,41.5895630228415,123.0 2.32590805756404,41.5894999909282,123.0 2.32591593668738,41.5894369589534,123.0 2.32593203000572,41.589373926917,123.0 2.32594007621569,41.5893120685754,123.0 2.32595700766218,41.5892490364171,122.272899999996 2.32595700766218,41.5891789636606,122.059399999998 2.32596505477048,41.5891169378362,122.088799999998 2.32597293299552,41.5890540734555,122.0 2.32597293299552,41.5889910417172,122.0 2.32596505477048,41.5889219744756,122.0 2.32594007621569,41.5888520700045,122.0 2.32589900524092,41.5887960786482,122.0 2.32586698569092,41.5887270118699,122.0 2.32581702947966,41.5886700146062,122.0 2.32579305793632,41.5886069831648,122.0 2.32576003317152,41.5885439509899,122.402600000001 2.32572700840673,41.5884819252273,123.0 2.3256859365336,41.5884190609001,122.582999999999 2.3256450335438,41.5883560285418,122.0 2.32561200877901,41.5882929967938,122.0 2.32557898401421,41.588217056806,122.0 2.32554696536253,41.5881550307293,121.628100000002 2.32550505536128,41.5880980336325,121.001600000003 2.32546398438649,41.5880410364853,121.0 2.32542308049832,41.5879850457694,121.0 2.32538200952356,41.5879280485224,121.0 2.32534093765043,41.5878650170285,121.0 2.3253000337623,41.5878019848011,120.994900000005 2.3252589627875,41.5877459938779,120.386899999998 2.32522593802271,41.5876829622062,120.645199999999 2.32518503413457,41.5876259646926,120.194199999998 2.32514396315977,41.5875629329037,120.0 2.32510305927164,41.5875069417731,120.0 2.32507003450685,41.5874440778403,120.0 2.32502896353205,41.5873870807877,120.0 2.32500499109037,41.5873240487657,120.0 2.32497196632558,41.5872620225029,120.0 2.32494698866912,41.5871989910306,119.978000000003 2.32493106243745,41.5871359588249,119.756399999998 2.32493106243745,41.5870670595877,119.8511 2.32492301622744,41.5870040279251,119.244099999996 2.32492301622744,41.586940995529,119.0 2.32492301622744,41.5868779637433,119.0 2.32492301622744,41.586814931896,119.0 2.32492301622744,41.5867460329881,119.0 2.32492301622744,41.5866769660325,119.0 2.32492301622744,41.586613933989,119.0 2.32492301622744,41.5865510698586,119.0 2.32492301622744,41.5864759676959,119.0 2.32492301622744,41.5864060625921,119.0 2.32492301622744,41.5863440367912,119.0 2.324937936346,41.5862520031429,119.0 2.32496106976119,41.5861529291687,119.0 2.32496693755663,41.5860810127085,119.0 2.32495503487912,41.585969030516,119.0 2.32495503487912,41.5859059984533,119.0 2.3249790073208,41.585838942957,119.0 2.32494899999702,41.5857350077744,119.0 2.324937936346,41.5856729813289,119.0 2.32490792902222,41.5855469179077,118.554600000003 2.3248789269133,41.5854659488054,118.182100000005 2.32485596058474,41.5853670422746,118.0 2.32484405880553,41.5852770202811,118.0 2.32483198904139,41.5851920280998,118.0 2.3248199183789,41.5851209491171,118.0 2.32477901538909,41.5850349508748,118.0 2.32476795083971,41.5849630345132,118.0 2.32473207661885,41.5848689891959,118.0 2.32472101206951,41.58478299129,118.0 2.32469703962783,41.5847199594132,118.0 2.32468597597678,41.5846309430514,118.0 2.32465596865303,41.5845409213754,118.0 2.3246150647649,41.5844690051355,118.0 2.32460299500073,41.5843610462993,118.0 2.32456192402594,41.5842889618785,118.0 2.32455706234361,41.5842079925424,118.0 2.3245149852557,41.5841499894514,118.0 2.32445698193615,41.5840559449656,118.0 2.32436595475007,41.5839860399294,118.0 2.32429906709235,41.5839119433438,118.0 2.32420502246525,41.583830974207,118.0 2.32417501514151,41.5837949320467,118.0 2.32410494205776,41.5836789264143,118.0 2.3240469396365,41.5835840433466,118.0 2.32396395866042,41.5835260410389,118.0 2.32390595623917,41.5834670321272,118.0 2.32384107990936,41.5833820395791,118.0 2.32380000893456,41.5832879946468,118.073300000004 2.32374804049708,41.5832249626546,118.344299999997 2.3236829970806,41.5831570691603,118.178499999995 2.32359498733557,41.5830590010269,118.707500000004 2.32355995124288,41.5830050217965,118.563999999998 2.32346003882034,41.5829089652097,118.0 2.32339600061868,41.5828429158503,118.0 2.32333699208431,41.5827760278451,118.0 2.32330799087365,41.5827349569831,117.584199999998 2.3232580346624,41.5826719251229,117.0 2.32323104477967,41.5826370561934,117.0 2.32320204356905,41.5826010140387,117.0 2.32313800626572,41.5825420056256,117.0 2.32307899773132,41.5824660655929,116.587899999999 2.32302401185278,41.5823879456919,116.0 2.3229780791957,41.5823160290698,116.0 2.32291907066129,41.5822399214575,116.0 2.32288302845548,41.5821859422144,116.0 2.32282200859318,41.5820810006255,116.0 2.32277406370983,41.5819899735232,116.0 2.32272896918086,41.5818979397162,116.0 2.32268605396479,41.5818139530246,116.0 2.32263006287147,41.5817259432673,115.810700000002 2.3225980442198,41.5816659288183,115.113599999997 2.32254607578228,41.5815559581797,115.0 2.32248203847895,41.5814560457958,115.0 2.32245404248311,41.5813889910538,115.0 2.32238799295353,41.5812899170092,115.0 2.32234206029644,41.5812129709328,115.0 2.32228891955747,41.5811179202846,115.0 2.32225304443829,41.581046003592,115.0 2.32220292114038,41.5809499467789,115.0 2.32215497625703,41.5808740068898,115.0 2.32210602615889,41.5807930373034,115.0 2.32204500629658,41.5806820612707,115.0 2.32199404397221,41.5806019300501,115.703899999993 2.32195297299742,41.5805429211541,115.141600000003 2.32188306789862,41.5804500500361,115.0 2.3218270768053,41.5803509758949,115.0 2.32176102727571,41.5802649773474,115.0 2.3217090588382,41.5801729444418,114.902799999996 2.32164200409382,41.5800829225984,114.586299999995 2.32159003655464,41.5799850218199,114.853900000002 2.32153706290233,41.5799000293926,114.094599999997 2.32147302470068,41.5798160427904,114.134099999996 2.32140496384319,41.5797379237153,114.0 2.3213350587444,41.5796519250234,114.0 2.32126096300481,41.5795759849519,113.926500000001 2.32117295236148,41.5795010507329,113.561300000001 2.32110807693,41.5794170642837,113.667499999996 2.32103096285106,41.579330059892,113.427599999995 2.32096206386538,41.5792460732205,113.393700000001 2.3209139518954,41.5791570573763,113.111499999999 2.32085594947415,41.5790710592548,113.0 2.32079995838079,41.5789889168236,113.0 2.32071999484576,41.5789059356595,112.988500000007 2.32064506007972,41.578826978198,112.681299999997 2.32059594199662,41.5787429915442,112.977199999994 2.3205479980116,41.5786529697235,113.0 2.3204970356872,41.5785579193392,112.956600000005 2.32043098615761,41.5784789614522,112.884099999996 2.3203679549674,41.5783879339764,112.661699999997 2.32029201498654,41.578314005683,112.496499999994 2.32023401166696,41.5782300190341,112.449299999993 2.32018891713799,41.5781430150593,112.011499999993 2.32012907047547,41.5780519877819,112.138099999996 2.32006302094588,41.5779700127235,112.1489 2.31998892520632,41.5778959166267,112.0 2.31991700788129,41.5778209824742,111.989000000001 2.31983704524459,41.5777539273177,112.0 2.31974299971916,41.5776860334472,112.0 2.31965599608728,41.5776199841216,111.935899999997 2.31955507755163,41.5775529287564,112.0 2.31946405036558,41.5774920764864,112.0 2.31935994730225,41.5774359173604,112.0 2.31924796511557,41.5773839500831,112.0 2.31914805269303,41.5773329880675,111.880399999995 2.31903992607553,41.5772649270997,111.123000000007 2.31892308220653,41.5772250287247,111.020199999999 2.3188189791432,41.5771680320594,111.250499999995 2.31871202572548,41.5771219317687,111.0 2.31861194621631,41.5770820339773,111.101699999999 2.31848303258315,41.5770639290326,111.005900000004 2.31833701951856,41.5770369389334,110.968200000003 2.31827197610209,41.5770049202638,111.0 2.31818396635706,41.576986982625,111.027600000001 2.31808505914934,41.5769599931656,110.945500000002 2.31794407575204,41.5769330036949,110.225699999995 2.31784399624284,41.5768969610446,110.0 2.31776202137991,41.5768840532887,110.0 2.31772698438888,41.5768659482885,109.799400000004 2.31766797585451,41.5768459993168,109.843500000003 2.31764500952595,41.576836946812,110.0 2.31755699978092,41.5768349348454,110.0 2.31749799124655,41.5768300736006,110.0 2.31743998792696,41.5768210210936,109.989199999996 2.31738097939259,41.5768119685853,109.895199999999 2.31730503941173,41.5768240383721,109.705400000006 2.31720495990256,41.5768329235508,109.611099999995 2.3170879480486,41.576848010611,109.0 2.31695903441544,41.576848010611,109.0 2.31682995369561,41.5768659482885,109.263800000001 2.3167300412731,41.5768619250291,109.456099999996 2.31663197309184,41.5768649423057,109.490099999995 2.31650892635578,41.5768790240478,109.0 2.31642795760597,41.5768870705642,108.998300000007 2.31634698795785,41.5768919318048,108.184099999999 2.31621991856596,41.576906013541,107.502500000002 2.31608999881968,41.5769080255053,107.698799999998 2.31596695298195,41.5769330036949,107.663100000005 2.31577500726025,41.5769779301399,106.0 2.31566302507357,41.5770010643405,105.507800000007 2.31556395077919,41.5770049202638,105.0 2.31547292359314,41.5770030763019,105.0 2.31540704115018,41.5769660283814,105.0 2.31532506628725,41.5769410502046,105.0 2.31524292343936,41.5769279744579,105.0 2.31515206423827,41.5769279744579,105.0 2.31506204226701,41.5769279744579,104.403600000005 2.31498006740408,41.5769410502046,105.229000000007 2.31489792455619,41.5769589871842,106.0 2.31480807056988,41.5769720629247,106.151599999997 2.314725927722,41.5769970410895,107.481299999999 2.31464395285907,41.5770099494949,107.683600000004 2.31456197799614,41.5770159840341,107.733300000007 2.31448000313317,41.577029059763,107.939299999998 2.31439702215712,41.5770409621819,107.918900000004 2.31431504729419,41.5770600731129,107.458499999993 2.31423307243126,41.5770659403201,107.504400000005 2.31415092958337,41.5770729815056,107.576199999996 2.31406895472041,41.5770850512436,107.759900000005 2.31398697985748,41.5770909184486,107.805399999997 2.31390500409622,41.5770979589594,107.0 2.31381498302328,41.5771039941623,107.0 2.31373300816035,41.5771170698735,107.1253 2.31365103239909,41.5771229370755,107.171300000002 2.31356000521304,41.5771289722761,107.861900000004 2.31346998324181,41.5771420479822,107.124899999995 2.31338800837885,41.5771730612778,107.013999999996 2.31329798730592,41.5771859689759,107.208100000003 2.31321601154465,41.5771920041707,107.999899999995 2.31313303146694,41.577205079864,108.0 2.31305105570568,41.5772240234195,107.840299999996 2.31296908084275,41.5772359251305,107.979300000006 2.31288693889315,41.5772490014869,108.0 2.31279691692192,41.5772679443575,108.048800000004 2.31271494205896,41.577286049245,108.831200000001 2.31263296719603,41.5773120332643,108.398100000006 2.3125429452248,41.5773299701408,108.629799999995 2.31245996424872,41.5773559541424,109.0 2.31237798938579,41.5773680244995,109.0 2.31229601452286,41.5773869673353,109.0 2.31220599255159,41.5774119453397,109.0 2.31212401768866,41.5774369233343,109.0 2.31204204282573,41.5774560341481,109.0 2.31196794618785,41.577488053266,109.549799999993 2.31189401843321,41.5775190663954,110.0 2.31181204357028,41.5775380091869,110.0 2.31173006780902,41.5775629871328,109.978700000007 2.31164792585943,41.577587965069,110.700299999997 2.3115659500982,41.5776129436676,111.101999999999 2.31148397523524,41.5776389275554,111.5965 2.31140200037231,41.5776699406124,111.915699999998 2.31132002550938,41.5777009536544,112.0 2.31125397597979,41.5777390071226,112.292100000006 2.31118004732686,41.5777710261002,112.762100000007 2.31110595158727,41.5778080742309,114.009699999995 2.31103202293434,41.5778459603106,114.327900000004 2.31096697951787,41.5778840143654,115.634099999996 2.31088500465494,41.5779210624312,116.006399999998 2.31081895512535,41.5779649835672,117.0 2.31073698026242,41.5779649835672,117.362399999998 2.31065500539949,41.5779400051048,118.730599999995 2.3106300268447,41.5778769732682,118.965200000006 2.31060605530135,41.5778149473382,118.782000000007 2.31058107674656,41.5777520827051,119.7215 2.31055593110511,41.5776890513572,120.109200000006 2.31054805198177,41.5776260192757,120.199299999993 2.31053195866343,41.5775629871328,121.470799999996 2.31052307432527,41.5774999556003,122.231100000005 2.31051502721697,41.5774369233343,123.081300000005 2.31051502721697,41.5773680244995,124.611900000004 2.31050698100697,41.5773049921048,125.358200000002 2.31050698100697,41.5772419603205,126.420800000007 2.31050698100697,41.5771799344526,127.0 2.3104499838005,41.5772359251305,126.691200000001 2.31040907991237,41.5772929224079,127.5484 2.31036800893757,41.5773490809863,128.590299999996 2.31031000651632,41.5774000429891,129.760800000004 2.31024395698673,41.5774439644794,129.203800000003 2.31017908065692,41.577488053266,129.375599999999 2.3100060786079,41.577550078838,131.342900000003 2.30991907407769,41.5776320544294,131.175300000003 2.30983005821958,41.5776959244772,132.210200000001 2.30973400136625,41.5777569445526,132.633799999996 2.30964699773433,41.5778280229054,133.523400000005 2.30953199810661,41.5778709381375,135.008300000001 2.30943107957095,41.5779220677256,135.614199999996 2.30932999394867,41.5779889553827,136.033800000005 2.30925304785469,41.5780830006405,136.026800000007 2.30914207178113,41.5781250777365,136.442999999999 2.30905992893324,41.5781559232355,137.510800000004 2.30897493662926,41.5782120817355,138.525200000004 2.30887904776089,41.5782680728625,139.820200000002 2.30876605946106,41.5783079705932,140.759600000005 2.30867905582918,41.5783579272237,141.789000000004 2.30859791819608,41.5784249824252,142.724600000001 2.30848995956357,41.578469071214,143.683199999999 2.30835903460247,41.5785059516208,144.181599999996 2.308293991186,41.5785329411061,143.977799999993 2.30821101020995,41.5786080430998,144.237299999993 2.30811595946974,41.5786749307183,145.305999999997 2.30801202349306,41.5787419855906,146.214500000002 2.30793507739908,41.5788289901025,145.732399999994 2.30788294187494,41.5788459212778,146.9372 2.30781806644343,41.5788900104513,147.795899999997 2.30776894836033,41.5789399666317,147.906499999997 2.30771094593908,41.5789909280511,148.426200000002 2.30764506349611,41.5790350171257,149.696299999996 2.30758806718798,41.5790849731939,150.701400000005 2.30751397055009,41.5791290622042,151.444300000003 2.30744792191883,41.5791729831906,151.623699999996 2.30737499848069,41.5792170721408,152.368700000006 2.30730107072606,41.5792609930674,153.869399999996 2.30723502119647,41.5793109496328,155.048899999994 2.30716897166692,41.5793550384888,155.580600000001 2.30710392825044,41.5794060002528,155.835600000006 2.30703804670581,41.5794499210508,157.0867 2.30697199717623,41.579494009812,157.337299999999 2.30691499996979,41.5795439661971,158.305300000007 2.30686604987162,41.5796009634536,158.0 2.30684107131683,41.5796629890122,158.162400000001 2.30680804655203,41.5797260211215,158.610700000005 2.30677502268557,41.5797890531693,158.999800000005 2.3067260716891,41.5798400152627,159.407099999997 2.30664392973955,41.5798710279347,159.011599999998 2.30657000108658,41.5799020412637,159.049599999998 2.30648802622365,41.5799209840282,157.992800000007 2.30641392958577,41.579953003268,157.448300000004 2.30633195472284,41.5799840158856,157.137400000007 2.30624997985987,41.5800089942295,156.631500000003 2.30616800499694,41.5800410134256,156.157999999996 2.30608603013401,41.5800659910755,155.127699999997 2.30601193349612,41.5800970043109,154.906799999997 2.30592995863319,41.5801290227915,154.447 2.30585603087856,41.5801600359966,154.100999999995 2.30578193424067,41.5801920551179,154.226899999994 2.30569995937774,41.5802359760533,154.067599999995 2.30562603072478,41.5802669892071,154.0 2.30556098730834,41.5803110780824,153.708199999994 2.30536401281765,41.5803739422405,153.0 2.30522604686137,41.5804629584233,153.872199999998 2.30511708211574,41.5805050353126,153.526599999997 2.30501297905241,41.580550967886,153.004700000005 2.30491792741387,41.5806170175739,152.719500000007 2.30482706821277,41.5806859169742,151.557799999995 2.30479706088903,41.5807819735082,151.646800000002 2.30476403612424,41.5808740068898,151.0 2.30474492536489,41.5809630223833,151.529299999995 2.30470703891777,41.5810599171056,151.330400000006 2.30468692294363,41.5811539619232,151.300499999998 2.30464300161445,41.5812459954466,151.441800000001 2.30461299429067,41.5812679562316,150.911300000007 2.30459203929004,41.5812999748035,150.829700000002 2.30453705430981,41.581363006659,150.5144 2.30445105589274,41.5814399525566,150.0 2.30437293659899,41.5815070079176,150.6008 2.30427905905855,41.581570039571,150.324800000002 2.3041880318725,41.5816290482004,150.870599999995 2.30411393523458,41.5816910744989,150.851599999995 2.3040269316027,41.5817809288012,151.858699999997 2.30399407482286,41.5818000390015,152.121499999994 2.30392400173911,41.5818650828507,152.309299999994 2.30386096965057,41.5818999515251,152.112599999993 2.30380095500308,41.5819539310073,151.6345 2.30378301834181,41.5819939964632,152.017099999997 2.30376105722806,41.5820290330543,151.659 2.30375099969013,41.5820560224112,151.769899999999 2.30373306213052,41.5820799947239,152.011299999998 2.30371194004327,41.582104972929,151.735799999995 2.30369802603782,41.582131962926,151.466799999995 2.30368092660637,41.5821559352106,151.148799999995 2.30366701260097,41.5821829245144,151.273799999995 2.30365192539575,41.5822100817929,151.531300000002 2.30363801139034,41.582237071746,151.321899999995 2.30362392939994,41.5822640616878,151.050099999993 2.30360699795344,41.5822910509464,151.0 2.30358906129217,41.5823200526614,151.0 2.30357799674282,41.5823470425686,151.0 2.30357095574763,41.5823740317925,151.007299999997 2.30356492086553,41.582401021677,150.878299999997 2.30356106529636,41.5824280115504,150.777100000007 2.30355704174219,41.5824550014124,150.672999999995 2.30355402430114,41.5824819912631,150.585800000001 2.30355402430114,41.5825119981153,150.544699999999 2.30355402430114,41.5825409997311,150.354999999996 2.30355000164531,41.5825710065559,149.584400000007 2.30354698330596,41.5825979963582,149.309500000003 2.30354698330596,41.5826249861491,149.270300000004 2.30354698330596,41.5826539877142,149.080900000001 2.30354698330596,41.5826839951584,148.741800000003 2.30355704174219,41.5827109842415,148.370500000005 2.30356793830658,41.5827379739853,148.214999999997 2.30358202029698,41.5827599349348,148.0 2.30357598541488,41.5828539799643,146.930099999998 2.30355704174219,41.5829639504082,144.986999999994 2.30352904664468,41.5830700651039,143.364199999996 2.30351697688051,41.5831820476207,141.006200000003 2.30348495733054,41.5832620110162,140.0 2.30344304822758,41.5833480089321,139.019799999995 2.30338202746695,41.5834410485686,138.404200000004 2.30336895248799,41.5835449840841,138.043900000004 2.30331597883569,41.5836329940499,138.0 2.30327691918883,41.5837230156478,138.0 2.30323702141381,41.5837790067003,137.523000000001 2.30318404776151,41.5838019731706,136.914900000003 2.30312503832881,41.583811025371,136.564499999993 2.30306100102545,41.583811025371,136.0 2.30300802737315,41.5837880589039,136.0 2.30296796161317,41.5837580519728,135.611600000004 2.30292906995123,41.583734079611,135.005600000004 2.30289101641749,41.583679932291,135.0 2.30285497421168,41.5836360116821,135.0 2.30281407032351,41.583599969413,134.713399999993 2.30278506911288,41.5835590657136,134.3024 2.30274399723979,41.5835230234016,134.562999999995 2.30271499602916,41.5834829575506,134.221000000005 2.30267392505436,41.583446915868,134.0 2.30264391773062,41.5834060120716,134.080000000002 2.30261508360662,41.583365946148,134.349000000002 2.3025919492931,41.5833210194433,134.390299999999 2.30255607507225,41.5832720691754,133.948399999994 2.30252707386159,41.5832269744221,134.0 2.30249706653785,41.5831810417363,133.999200000006 2.30247594445059,41.583140976345,133.8894 2.30244694234163,41.5831029220283,134.136199999994 2.30241592980307,41.5830610127996,133.810100000002 2.302381060797,41.5830199414469,133.284700000004 2.30235105347326,41.5829800439396,133.0 2.30232205226263,41.5829389725354,133.112999999998 2.30228701616991,41.5828990743061,133.0 2.30225801495928,41.5828590087399,133.0 2.30222197275347,41.5828179379307,133.0 2.30219297154281,41.5827780396266,133.0 2.30215206765467,41.5827369687659,133.0 2.30211703066365,41.5827009259949,133.0 2.30208199457095,41.5826610282905,132.722899999993 2.30204092359616,41.5826249861491,132.151800000007 2.30199398482592,41.5825929675622,132.0 2.30193497629155,41.5825800589289,130.695999999996 2.30187596775714,41.5825800589289,129.326300000001 2.30181192955549,41.5825800589289,129.0 2.30175292102112,41.5825929675622,128.391799999998 2.30171201713295,41.5826020199322,128.0 2.30169793604088,41.5826320267286,128.111600000004 2.30171805291335,41.5826829892662,128.687000000005 2.30175292102112,41.5827240601613,129.0 2.30178795711382,41.5827639584987,129.0 2.30181796443756,41.5828090529034,129.0 2.30185300142858,41.582849956406,129.0 2.30188803752131,41.5828900219779,129.239000000001 2.30191703873194,41.5829299195408,129.6682 2.30195308093778,41.5829750145015,130.238100000002 2.30198208214841,41.583015917899,131.301900000006 2.30201108425734,41.5830559833678,131.995200000005 2.30204092359615,41.5830970546976,131.531400000007 2.30207595968885,41.5831369528045,132.0 2.30211099578158,41.5831820476207,132.0 2.3021460327726,41.5832179221398,132.0 2.30217503398323,41.5832579874833,132.0 2.30219800031179,41.5833079436444,132.0 2.30223605384554,41.5833480089321,132.0 2.30225399140511,41.583389080748,132.0 2.30229305105201,41.5834289786746,132.0 2.30231702349365,41.5834750791666,132.0 2.30235608314054,41.5835240292807,132.1783 2.30237703814117,41.5835530304419,132.488100000002 2.30240503323868,41.5835939341452,132.574800000002 2.30244006933138,41.5836390286422,132.421799999996 2.30247192089643,41.5836829499209,132.892900000006 2.30249807265096,41.5837119516827,133.0 2.30252707386159,41.5837520167197,133.0 2.30255607507225,41.5837929202969,133.146099999998 2.30257401263182,41.5838380153269,133.383600000001 2.30260301384245,41.5838780809575,133.976899999994 2.30263302116623,41.5839179785819,134.0 2.30266202237686,41.5839590500353,134.0 2.30268498870542,41.5840039769681,134.007500000007 2.30272103091123,41.5840490718506,134.546900000001 2.30274399723979,41.5840939987206,134.9761 2.30277903333248,41.5841340641925,135.0 2.30280904065626,41.5841749675277,135.576199999996 2.30283804276518,41.5842150329493,136.0 2.30286704397581,41.5842549310374,136.0 2.30290208006854,41.5842960022765,136.107099999994 2.30296092151628,41.5843769715022,136.933199999999 2.30301791782442,41.5844619640844,137.2742 2.30307407690273,41.5845560093227,138.0 2.30314498811461,41.5846440192542,139.0 2.30316594221694,41.5847370583671,139.537700000001 2.30321506030003,41.58482892418,140.0 2.30322495075131,41.5849340326414,140.0 2.30319494342757,41.5850240544412,139.277600000001 2.3031359348932,41.5850699871598,139.063200000004 2.30304507569211,41.5851140761154,138.707500000004 2.30293108127917,41.5851579970628,138.352299999999 2.30278305688665,41.5852089596225,136.996299999999 2.30268398259227,41.5852399724037,136.214900000006 2.30256596552353,41.5852419841084,135.138300000006 2.30243906411659,41.5852480192222,134.142000000007 2.30230696505742,41.5852590829241,134.252099999998 2.30218391832139,41.5852659565822,133.0 2.30204896980616,41.5852689734662,132.068599999999 2.30191804484506,41.5852770202811,131.856400000004 2.30178594578591,41.585269979318,130.970300000001 2.30166893483026,41.5852959634845,130.415900000007 2.30154303863814,41.5853070278501,130.094400000002 2.30142602678415,41.5852850670949,129.0 2.3012939286233,41.5852760144293,129.587499999994 2.30116501409184,41.5852780261329,129.4997 2.30103693858683,41.5852480192222,129.0 2.30093803227744,41.5851910222467,128.497099999993 2.30084499376346,41.5851189374086,128.264899999995 2.3007549717922,41.5850419918635,128.0 2.30067299692926,41.5849690689812,128.0 2.30057895140384,41.5849070431437,128.233300000007 2.30048205732068,41.5848339528019,128.0 2.30039907634463,41.5847650537957,128.051200000002 2.30030704304543,41.584704033623,128.0 2.30019992254108,41.584650053752,128.325899999996 2.30008492201503,41.5845989241153,129.052899999995 2.29999992971105,41.5845310307218,129.0 2.29988291875542,41.5844770513781,129.146500000003 2.29977998889183,41.5844200543939,128.049400000004 2.29967303547411,41.5843679193811,126.953999999998 2.29959491618038,41.5842960022765,128.7981 2.29950103863991,41.5842259295195,129.0 2.29938603901219,41.5841779851345,129.059899999993 2.2993099319447,41.5841060684903,129.0 2.29920197241386,41.5840569508365,129.0 2.29908596757132,41.584009006326,129.005000000005 2.29897096794359,41.5839560324183,128.984700000001 2.29886401452587,41.5838940062796,129.0 2.29876091667732,41.5838370094526,129.007700000002 2.2986459170496,41.5838029790453,129.243600000002 2.29853393486292,41.5837540284708,129.835999999996 2.29841792912208,41.5837320678593,130.334400000007 2.29831198271577,41.5837199980197,129.0 2.29828197539203,41.5837780008251,132.569900000002 2.29826504394557,41.5838100194963,137.344299999997 2.29825900906347,41.5838460616482,141.072799999994 2.29826504394557,41.583877075084,142.664399999994 2.298246938401,41.5839089263965,143.808900000004 2.298246938401,41.5839179785819,143.6394 2.29822397207244,41.5839630735246,143.0 2.29820603541117,41.5840120232687,143.0 2.29819999963077,41.5840569508365,143.0 2.29818306818431,41.5841020450101,143.0 2.29817703330224,41.5841469725152,143.0 2.29817099842014,41.5842009514629,143.0 2.29815306175886,41.5842460462079,142.121499999994 2.29814803209158,41.5842899677457,138.570600000006 2.29814803209158,41.5843350624285,133.883799999996 2.29814803209158,41.5843799890995,130.899300000005 2.29814199720951,41.5844299450645,130.194000000003 2.29814199720951,41.5844750396496,130.739000000001 2.2981059550037,41.5844980065442,131.0 2.29800101381221,41.5844609582199,131.0 2.29789204906655,41.584396082278,131.711899999995 2.29777101455673,41.5843590345671,132.664999999994 2.29769406846275,41.5842839325423,133.148799999995 2.29760002383568,41.5842140277529,134.094200000007 2.29749692598714,41.5841499894514,135.326799999995 2.29740908332876,41.5840839400176,136.089399999997 2.29729793927025,41.5840239257444,137.0 2.29718293964252,41.5839840281855,137.335999999996 2.29708604555933,41.5839310542573,137.891399999993 2.29698596515184,41.5838780809575,138.891799999998 2.2969039902889,41.5837999614209,139.7114 2.29678295577911,41.5837379351323,141.0 2.29670299224408,41.5836869734273,141.143599999996 2.29658598039013,41.5836199183142,142.037599999996 2.29649797064513,41.5835790146274,143.0 2.2963749248074,41.5835379429323,144.0 2.29625506349735,41.5835179940058,144.641499999998 2.29613604031546,41.5835079358849,145.534499999994 2.29601500580564,41.5835040803499,146.450500000006 2.29588793551545,41.5834759170639,147.030199999994 2.29576304543645,41.5834640144871,148.0 2.29564402225455,41.5834390368077,149.0 2.29552801741204,41.5833979650236,150.0 2.29540497067599,41.5833749990815,150.559699999998 2.29529399460243,41.5833349331386,151.108800000002 2.29517798886159,41.5832970469193,152.0 2.29505008044321,41.5832799482559,152.891799999998 2.2949220049382,41.5832469234385,153.426600000006 2.29479191810529,41.5832459175551,154.608800000002 2.29465294603589,41.5832299920732,155.904999999999 2.29452906207,41.5832289861895,156.8079 2.294409032775,41.5832120548195,157.948900000003 2.29428900437832,41.5832070253995,158.535399999993 2.29416595764226,41.5832080312835,159.997799999997 2.29402698557286,41.5832090371676,161.0 2.29391097983202,41.5831979731144,162.0 2.29377401998885,41.5831870763707,162.772299999997 2.29369992424926,41.5831820476207,163.534199999995 2.29355893995363,41.5831709835629,164.180300000007 2.29342700887945,41.5831530462928,166.0 2.29331703891901,41.5831329292639,166.054900000003 2.29318493985983,41.5831149919832,167.0 2.29307496900106,41.5830789500953,167.0 2.29295091705022,41.583066042231,165.929699999993 2.29284195230456,41.5830140741087,164.183199999999 2.29273298755893,41.582957077177,162.126000000004 2.29266207634702,41.5828839873156,159.948300000004 2.29255294451474,41.5828249784891,157.910799999998 2.29243308320469,41.5827869246581,155.870200000005 2.29233199758241,41.5827530616818,154.033800000005 2.29222303283675,41.5827079672381,152.441900000005 2.29210099221381,41.5826709192305,151.081699999995 2.29199202746818,41.5826219684698,149.621899999998 2.29187199817318,41.5825830766103,149.0 2.29179304075126,41.582660022398,148.171199999997 2.29174995755024,41.5827460211156,148.196800000005 2.29170503100626,41.582837048496,148.259999999995 2.2916319404815,41.5829299195408,148.063699999999 2.29155801272686,41.5830009982476,147.742100000003 2.29143798343186,41.5830299996438,146.743700000006 2.2913100759118,41.5830610127996,146.0 2.2911880352889,41.583062018686,145.016600000003 2.29105895367077,41.5830499487211,143.3943 2.29093607491967,41.5830590010269,142.0 2.29080297064571,41.5830360349644,141.0 2.29068193613592,41.5830229591078,140.0 2.29060499004194,41.5830239649947,139.857799999998 2.2905050776194,41.5830150799957,139.0 2.29044606908503,41.5830009982476,139.0 2.29036392623714,41.5830009982476,138.146900000007 2.29032302234897,41.5830330173042,138.071200000006 2.29033006334419,41.5830849854112,138.188800000004 2.2902970385794,41.5831770181983,137.856899999999 2.2902910036973,41.5832839717875,137.531300000002 2.29024406492709,41.5833780167257,136.354300000006 2.29019092418813,41.5834730674068,135.338199999998 2.29010593188415,41.5835409605689,134.438200000004 2.29000803078954,41.5836070098862,133.265799999994 2.2898839788387,41.5836319881725,133.0 2.28978205508826,41.5836789264143,132.070000000007 2.28966001446532,41.5837099399303,131.278200000001 2.28956395761199,41.5837759890748,130.878700000001 2.28946605741571,41.5838499178347,129.794699999999 2.28936798833615,41.5839340718755,128.990699999995 2.28926103581673,41.5840059887113,128.127200000003 2.28914804751694,41.5840649971305,127.578899999993 2.2890439444536,41.5841169650789,127.446400000001 2.28892005958939,41.584159042275,126.358999999997 2.28880405384855,41.584204974937,126.202399999995 2.28869693334416,41.5842629779787,125.498500000002 2.28859802703477,41.5843290272293,125.0 2.28849006840223,41.5843699311129,124.239499999996 2.28836199289722,41.5843920588158,124.0 2.28824095838743,41.5843969208352,123.334000000003 2.28811992297931,41.5844269274695,123.102799999993 2.28798497446404,41.5844329626594,123.0 2.28785404950297,41.5844450323658,122.0337 2.28772999755213,41.5844639758133,121.406600000002 2.28759806647791,41.5844970006803,123.994500000001 2.28749899218357,41.5845119199859,123.921000000002 2.28743596009503,41.5845249962129,122.2647 2.28735499044688,41.584534048312,121.195500000002 2.28728106269225,41.5845439389651,121.017600000006 2.28722104804477,41.5845419272387,121.0 2.28717494740269,41.5845169493043,121.0 2.2871229798635,41.5845360600387,121.0 2.28708006464743,41.584534048312,121.0 2.28704502765641,41.5845360600387,120.689299999998 2.28700697412266,41.5845360600387,120.507299999997 2.28697093191682,41.5845360600387,120.544200000004 2.28693606291075,41.5845469565547,120.337899999999 2.28690806781324,41.5845630496916,120.009000000005 2.28687303172054,41.5845709286147,120.0 2.28683799472952,41.5845819931045,120.0 2.28680295863679,41.5845900393331,120.0 2.28676691643098,41.5845950686454,120.0 2.28673204742491,41.5846059651515,120.0 2.28669298777805,41.5846170296353,120.0 2.28665795168532,41.5846250758595,120.0 2.28662308267925,41.5846309430514,120.0 2.28657396549445,41.5846440192542,120.0 2.28651797440113,41.5846629619715,119.4516 2.28642292276259,41.5846849229383,119.0 2.28635905344419,41.5847010160408,119.0 2.28628193936529,41.5847139242501,119.0 2.28621907526167,41.5847110739758,119.0 2.28613408295773,41.5846979984584,119.0 2.2860849648746,41.5846949808758,119.0 2.28604305577164,41.5847010160408,119.0 2.28600801878062,41.5846929691541,119.0 2.28597197657481,41.5846869346603,119.0 2.28593694048208,41.5846849229383,119.0 2.285899054035,41.5846849229383,119.0 2.28586301182915,41.5846849229383,119.0 2.28582495829541,41.5846849229383,119.0 2.28574398864726,41.5846790557514,118.700400000002 2.2856519553481,41.5846740264456,118.169699999999 2.28557501015245,41.5846820726627,118.188099999999 2.28553293306454,41.5846820726627,118.0 2.28549705794535,41.5846820726627,118.0 2.28545900441157,41.5846820726627,118.0 2.28541994476471,41.5846820726627,118.0 2.28538507575864,41.5846820726627,118.0 2.28534601611178,41.5846820726627,118.0 2.28531098001905,41.5846820726627,118.0 2.28527192037219,41.5846839170773,118.0 2.28523403392511,41.5846839170773,118.0 2.28519799171926,41.5846899515713,118.0 2.28516295562657,41.5846919632932,118.0 2.28512791953384,41.5846949808758,118.0 2.28509305052777,41.5846949808758,118.0 2.28505801443508,41.5846979984584,118.0 2.28501895478818,41.5846979984584,118.0 2.28498391779716,41.5846979984584,118.0 2.28494502613526,41.5846979984584,118.0 2.28490999004256,41.5846979984584,118.0 2.28487495305153,41.5847010160408,117.999899999995 2.28483991695881,41.5847030277622,117.989499999996 2.28480404273795,41.5847030277622,117.945600000006 2.28476598830588,41.5847030277622,117.906600000002 2.28473095221315,41.5847060453444,117.9378 2.2846950779923,41.5847090629264,117.952699999994 2.28465702356022,41.5847110739758,117.337599999999 2.28462198746753,41.5847139242501,117.0 2.28458594526168,41.5847139242501,117.0 2.28454805881456,41.5847189535527,117.0 2.2845089991677,41.5847189535527,117.0 2.28447396307501,41.5847249880435,117.0 2.28443507141307,41.5847249880435,117.0 2.28440003442205,41.5847249880435,117.0 2.28436097477518,41.5847249880435,117.0 2.28432292124144,41.5847249880435,117.0 2.28428704702055,41.5847280056246,117.0 2.28425201002953,41.5847280056246,117.0 2.2841819378441,41.5847249880435,117.596399999995 2.28408705419055,41.5847300173453,118.0 2.28410398563701,41.584768071375,117.969899999996 2.28411505018639,41.5848329469431,118.0 2.28413198163285,41.5848919559504,118.0 2.28414606272492,41.5849509642318,118.0 2.28415293663348,41.5850000825495,118.0 2.28416400028453,41.5850460152852,118.0 2.28417808227493,41.5850780339995,118.0 2.28418495528515,41.5851449216359,118.0 2.28419601893621,41.5852099654754,118.0 2.28420792161371,41.5853249651938,118.0 2.28423591671123,41.58546896568,118.0 2.28424094637851,41.5855380325841,118.0 2.28425703969681,41.5855990533125,118.0 2.28426592403497,41.5856890748569,118.0 2.2842820173533,41.5857710495236,118.137600000002 2.28429794268665,41.5858590598148,119.0 2.2843069959081,41.5859529370577,119.0 2.2843150421181,41.586029044997,119.0 2.28432208311328,41.5861100140651,119.0 2.28433599711872,41.5861869596813,119.0 2.28433096745144,41.5862270251982,119.0 2.28427095370225,41.5862270251982,119.0 2.28419400760827,41.5862290368722,119.0 2.28410197430911,41.5862369162639,119.0 2.28401396456408,41.5862360777306,118.104999999996 2.28393198880285,41.5862300427092,118.0 2.28381799528824,41.5862369162639,118.0 2.28370903054258,41.5862449622863,118.0 2.2836099562482,41.5862540148161,118.0 2.28349596273359,41.5862540148161,118.0 2.28336906042836,41.5862640731811,118.0 2.2832440023644,41.5862610556718,117.960500000001 2.28311592685939,41.5862620615083,117.0 2.28298500189829,41.5862659175505,117.0 2.2828639673885,41.5862640731811,117.0 2.28273203631428,41.5862669233869,117.0 2.28260999569137,41.5862870394394,117.0 2.28247605239092,41.5862850277673,117.0 2.28237295544071,41.5862799992585,117.0 2.28228092214154,41.586283016095,117.0 2.28218302104694,41.5862910627835,117.0 2.28208092931154,41.5862930744555,117.0 2.28196106889979,41.5862989421677,117.0 2.28185897716439,41.5863120180328,117.0 2.28178504851146,41.5863100063614,117.0 2.28173593042833,41.5863120180328,117.0 2.28166904277062,41.5863100063614,117.0 2.28161305167727,41.5863100063614,117.0 2.28155303702975,41.5863100063614,117.0 2.28147592384914,41.5863180530465,117.0 2.28140199519621,41.5863150355398,117.0 2.28130007144577,41.5863200647177,117.0 2.28120803814657,41.5863180530465,117.0 2.28108499230885,41.5863230822243,117.0 2.28098005021906,41.5863259317555,117.0 2.28085298082717,41.5863359901093,117.0 2.28074803963567,41.5863339784387,117.0 2.28066992034192,41.5863380017799,117.0 2.2805520703598,41.5863539271671,117.0 2.28042298964001,41.5863649913514,117.0 2.28028703501166,41.5863760555338,117.0 2.2801559420656,41.5863780672031,117.0 2.28003105108827,41.5863809167319,117.0 2.27993197769222,41.5863899692427,117.0 2.27978294718659,41.5863980159179,117.0 2.27964699255824,41.5864129361281,117.0 2.27952495193529,41.586411930294,117.0 2.27939100953318,41.5864209828004,117.0 2.27926896891027,41.5864080742605,117.0 2.27913804394917,41.5864020392551,116.890799999994 2.27903494610065,41.5864350644746,116.627699999997 2.27896403488874,41.5864749618628,117.0 2.27888792782125,41.5865510698586,117.0 2.27879606160871,41.5866010254876,117.0 2.27867200965787,41.5866360622666,116.387000000002 2.27853303758847,41.5866709310522,116.0 2.27844804528449,41.5866979204846,116.0 2.27831594622535,41.586722060392,116.0 2.27820497015175,41.5867430155014,115.982099999994 2.27805392831822,41.586777045703,115.044899999994 2.27792702601299,41.586777045703,115.0 2.27782594039067,41.5867869366844,115.0 2.27778000773358,41.5867700049035,115.0 2.27771697564505,41.5867679932465,115.0 2.2776950154296,41.5867140137572,115.0 2.27762494234585,41.5866999321439,115.0 2.27755101369292,41.5866759602025,115.0 2.27746903882999,41.586653999241,114.958499999993 2.27737298197666,41.5865899620157,114.0 2.2773419694381,41.5864969228851,113.904899999994 2.27735403920226,41.5864040509237,114.0 2.27737298197666,41.5862999480035,114.0 2.27736493576666,41.5862340660568,114.0 2.27737197676184,41.5861210782912,113.917300000001 2.27734699820705,41.5860449704604,113.604399999997 2.27736392965354,41.5859239356305,114.0 2.27736007408433,41.5858250291293,113.253800000006 2.2773580627564,41.5857269610166,113.0 2.27736392965354,41.5856310717526,113.0 2.27736108019745,41.5855599932532,113.0 2.27734297555121,41.5854470056518,113.0 2.27735705664328,41.5853549720687,113.0 2.27733895199705,41.5852550595156,112.741200000004 2.27735303308915,41.5851610146237,112.954899999997 2.27733693977081,41.5850709930149,112.763200000001 2.27734498687915,41.5849680631246,112.969899999996 2.27734498687915,41.5848760302026,112.837 2.27733492844291,41.5847989163888,112.0 2.27732805543265,41.584744937269,112.0 2.27732503799164,41.5846889463823,112.0 2.27732503799164,41.5846269202757,112.0 2.27733207898682,41.5845570151857,112.0 2.27732503799164,41.5845060527833,112.0 2.27732101443747,41.5844619640844,112.0 2.27732101443747,41.5844349743893,112.0 2.27731397344226,41.5844089905483,112.0 2.27730995078642,41.5843820008311,112.0 2.27730995078642,41.584351993504,112.0 2.27730995078642,41.584325003763,112.0 2.27730995078642,41.5842949964094,112.0 2.27730995078642,41.5842680066445,111.770199999999 2.27730995078642,41.5842390058044,111.446200000006 2.27730995078642,41.5842089984109,111.487099999998 2.2773069333454,41.5841820086101,111.331099999996 2.27729301933996,41.584155018798,111.023700000005 2.2772539596931,41.5841149533391,111.0 2.27718707203535,41.5840960104611,110.727799999993 2.27711197018265,41.5840960104611,110.1391 2.27698205043637,41.5841050626203,109.104900000006 2.27684794004929,41.5841209885582,109.900899999993 2.27672405518507,41.584148983582,109.0 2.27659396835216,41.5841689329856,109.400500000003 2.27647293384234,41.5841930724946,110.0 2.27636698653773,41.584206986674,111.0 2.27624092236066,41.5842150329493,112.0 2.27613899861022,41.5842150329493,112.0 2.27600203786872,41.5842249236513,112.0 2.27589307312309,41.5842390058044,112.0 2.27575393396703,41.5842740418494,112.0 2.27561697322557,41.5842909736128,112.0 2.27548403693656,41.5843050550796,112.0 2.27535897887261,41.5843209802963,112.0 2.27523006523944,41.5843159516346,112.349600000001 2.27510701850338,41.5843179633681,113.0 2.27500794420903,41.5843260096296,113.0 2.27489596202233,41.584334056562,113.0 2.27476201962021,41.5843389179139,113.0 2.27462103622287,41.5843449524401,113.0 2.27451207147725,41.5843449524401,113.0 2.27444400972143,41.5843499817716,113.0 2.27435901741745,41.5843489759053,113.558600000004 2.27428894523203,41.5843590345671,113.510999999999 2.27422105146116,41.5843650690914,114.0 2.27415299060368,41.5843759656363,114.0 2.27407302706865,41.5843739539046,114.0 2.27400094265699,41.5843850184282,114.0 2.27394394545052,41.5843860242939,114.0 2.27388795435717,41.5843880360252,114.0 2.2738510740232,41.5843930646814,114.0 2.27383196326385,41.5844120081442,114.0 2.27383900425903,41.5844530792833,114.0 2.27383397549008,41.5845030351918,114.0 2.27383598681798,41.5845409213754,114.0 2.27384805658215,41.5845729403403,114.0 2.27384805658215,41.5846130061868,114.0 2.27385492959241,41.5846609502488,114.0 2.27385995925966,41.5847100687871,114.0 2.27386700025487,41.5847690772347,114.0 2.27387404035176,41.5848260739108,114.0 2.2738819194751,41.5848889383769,114.0 2.27389700668029,41.5849499583749,114.0 2.27391092068573,41.5849990766934,114.0 2.27391796168095,41.5850669695947,114.229699999996 2.27393003144508,41.5851390544907,115.0 2.27393506111236,41.585203930358,115.0 2.2739370724403,41.585258077072,115.0 2.27394394545052,41.585304010296,115.0 2.27393992279469,41.585344075689,115.0 2.2739370724403,41.5854049279512,115.0 2.27393992279469,41.5854520342254,115.0 2.2739489751178,41.5855040024014,115.0 2.27395802744092,41.58556502249,115.0 2.27394394545052,41.5856079379558,115.0 2.27388594302927,41.5856109554957,115.0 2.27383598681798,41.5856089438025,115.0 2.27379005416089,41.5856139730354,115.0 2.27374395351882,41.5855759188323,115.0 2.27370204441586,41.5855680400319,115.0 2.27363498877316,41.5855630107953,115.0 2.27351194203713,41.5855740751152,115.0 2.27341001828669,41.5855789363737,115.0 2.27330792655126,41.5855819539149,115.0 2.27325193545794,41.5855819539149,115.0 2.27315302914852,41.5855900006908,115.0 2.27304104696181,41.5856059262625,115.0 2.27295605465786,41.5856220198073,115.0 2.27284407247115,41.5856200081144,115.0 2.27271297952513,41.5856359336787,115.0 2.2726330159901,41.5856490090062,115.0 2.27252706868549,41.5856550440819,115.0 2.27243905894049,41.5856629235437,115.0 2.27230494855339,41.5856729813289,115.0 2.27220000736189,41.5856870631661,115.0 2.27206991963065,41.5856949419521,115.0 2.27199498576294,41.5856939361068,115.183399999994 2.27196598455231,41.5856020708528,115.0 2.27191904578208,41.5854790241673,115.157600000006 2.27187797390895,41.58539000818,115.0 2.2718709338121,41.5852979751875,115.0 2.27185199013937,41.5851970573652,115.0 2.27182500025665,41.5851080409892,115.0 2.27180505136914,41.5849980708372,115.0 2.27176900916333,41.5849600169431,115.0 2.27167094098206,41.584941073641,117.127600000007 2.27156901723162,41.5849459349472,118.241200000004 2.27147497260452,41.5849610227998,116.0 2.27139702039743,41.5849539818024,116.612800000003 2.27138092707909,41.5849340326414,117.570200000002 2.2713700305147,41.5848889383769,118.363299999997 2.2713700305147,41.5848389820951,119.104900000006 2.27136399563263,41.5847950609309,119.843399999998 2.27135192586846,41.5847499665693,119.768800000005 2.27135192586846,41.58470001018,118.677599999995 2.27135192586846,41.5846550830596,117.618400000007 2.27134605897135,41.5846099886003,117.532200000001 2.27134605897135,41.5845650614174,117.471000000005 2.27133398830889,41.5845209727588,117.951499999996 2.27131102198033,41.5844760455139,118.0 2.27126894489242,41.5844440271729,118.206999999995 2.27123105934363,41.5844420154433,118.428700000004 2.27121697735323,41.5844710168642,118.947499999995 2.2711879761426,41.5845159434407,119.8698 2.2711879761426,41.5845650614174,120.102899999998 2.27118194126053,41.5846099886003,120.269499999995 2.27117003858299,41.5846550830596,121.466400000005 2.27116400370093,41.58470001018,121.978000000003 2.27115796881886,41.584744937269,122.920800000007 2.27115796881886,41.5847950609309,123.955400000006 2.27114707225447,41.5848389820951,125.161500000002 2.2711350024903,41.5848840770665,125.845600000001 2.2711350024903,41.5849340326414,126.591400000005 2.27110398905344,41.5849680631246,127.8894 2.2710409578632,41.584955993516,129.228300000002 2.27101296186736,41.5849300098846,130.046600000001 2.27097792577466,41.5848820653506,130.868100000007 2.27093601577341,41.5848359645192,131.164900000003 2.27091506167108,41.5847930492122,130.962100000004 2.27087901946524,41.5847549951972,131.592300000004 2.27083392403798,41.5847120798364,133.213000000003 2.27077692772984,41.5846899515713,134.133600000001 2.27072495929232,41.5847139242501,135.058999999994 2.27069495286691,41.5847539893373,136.175900000002 2.27069495286691,41.5848039456848,136.572899999999 2.27068405630252,41.5848480348221,137.699200000003 2.27063694954732,41.5848750243445,138.557199999996 2.27057794101295,41.5848800536346,139.136499999993 2.27049697226311,41.5849100607163,140.9228 2.27037895429603,41.5849320209271,141.634999999995 2.27025406421703,41.5849600169431,143.221900000004 2.27012498259891,41.5849739309572,144.9715 2.2700029428743,41.5849870064187,145.565900000001 2.2698720170149,41.5850099731312,146.829400000002 2.26975098250511,41.5850309274524,147.952699999994 2.26962307498506,41.5850709930149,149.132100000003 2.26949902213588,41.5850740105798,150.058300000004 2.26938402250816,41.5851060292802,150.190199999997 2.26939491907255,41.5852010801053,151.253700000001 2.269420064714,41.5852889225236,152.0 2.26944504326879,41.5853819620511,152.093599999993 2.26945694504797,41.5854739949238,152.513900000005 2.26946599737109,41.585573069268,153.199800000002 2.26947907324837,41.5856629235437,154.0 2.2694980169211,41.5857529449991,154.0 2.26951897102339,41.5858429663291,154.683399999994 2.26953204690068,41.5859349998885,155.412100000001 2.26954294346507,41.5860300508371,155.538 2.26954998446028,41.5861239278314,156.048899999994 2.26956205422442,41.586220990176,156.000499999995 2.26955803067029,41.5863120180328,156.669800000003 2.26957596822986,41.5864020392551,156.493000000002 2.26956792201986,41.5864959170523,156.7549 2.26954294346507,41.5865919736783,157.5144 2.26949701080798,41.5866850126719,158.194799999997 2.26945107815086,41.5867710107321,158.250899999999 2.26941905949918,41.5867980007945,158.913700000005 2.26936994141609,41.5868390717597,159.200700000001 2.2693449628613,41.5868759520896,159.406700000007 2.26929198920899,41.5869329489215,160.0 2.26919794458189,41.5869869288996,161.430699999997 2.26910004348729,41.5869969871504,162.0 2.26899007352685,41.5870080512245,162.087599999999 2.2689379380027,41.5870110686989,162.959600000002 2.2688789294683,41.587016935674,163.0 2.26884204913433,41.5870179414987,163.0 2.26878605804098,41.5870290055692,163.0 2.26872503728037,41.587033028867,163.0 2.26868899507453,41.5870350405159,163.0 2.26864993542767,41.5870449314579,163.0 2.26863602142223,41.5870799679959,162.979800000001 2.26862596388429,41.5871119863735,162.7209 2.26861707864783,41.5871500403431,162.496799999994 2.26861892288911,41.5871999968524,162.459600000002 2.26862898132534,41.5872340274851,162.581099999996 2.26864507464367,41.587282977437,162.782900000006 2.26865898775079,41.5873379629422,162.940199999997 2.26866602874597,41.587389930272,162.0 2.26868698374659,41.5874809578246,162.353799999997 2.2686950299566,41.5875760085129,163.0 2.26871598495725,41.587673071362,163.0 2.26874096351201,41.5877840474738,163.0 2.2687480036089,41.5878779252772,163.690600000002 2.26875102104995,41.587954032963,163.637400000007 2.26874096351201,41.5879860515789,163.426200000002 2.2687270495066,41.5880160585609,163.153300000005 2.2686950299566,41.588048077818,162.575700000001 2.26868094886453,41.5880640034553,162.319199999998 2.26865295286868,41.5880909929771,161.815600000002 2.26861707864783,41.5880779174723,161.235000000001 2.26856091956952,41.5880509272731,161.096300000005 2.26852303402073,41.5880289667793,161.0 2.26847693337865,41.5880080120873,160.992700000003 2.26838892363366,41.5880049946595,160.0 2.26827895277488,41.5880120353242,159.384300000005 2.26813595715132,41.5880209203074,158.612200000003 2.26801693396946,41.5880130411334,157.315600000002 2.26789606744459,41.5880329900149,156.635399999999 2.2677750329348,41.5880100237058,155.284700000004 2.26765198619874,41.5880350016326,155.085000000006 2.26751703768351,41.5880289667793,154.152000000002 2.2673869508506,41.588031984206,154.0 2.26726608342743,41.5880339958238,154.0 2.26713901403554,41.588048077818,154.0 2.26701395597158,41.5880430487747,153.0 2.26688504233841,41.5880499214646,153.0 2.26676400782859,41.5880579679328,153.0 2.26663207675441,41.5880710441136,153.0 2.26650701869045,41.588082946513,153.0 2.26638698939544,41.5880720499218,153.0 2.26625908187539,41.5880579679328,153.0 2.26613603513933,41.5880619918385,153.0 2.26600192475226,41.5880499214646,153.0 2.26585507355951,41.5880289667793,153.0 2.26574292428618,41.5880150527518,153.0 2.26560596354471,41.5880049946595,153.0 2.26551007467634,41.588011029515,153.0 2.26537797561717,41.5880090178966,153.0 2.26524403321505,41.5879900748172,153.0 2.26511092894109,41.5879759934822,154.0 2.26497799175375,41.5879669405219,154.3079 2.26485092236186,41.5879780051017,155.306700000001 2.26475402738037,41.587954032963,156.0 2.264703065056,41.5879089381202,155.929699999993 2.26467708128639,41.5878529466177,156.111499999999 2.26467004029121,41.5878170726582,155.787200000006 2.2646420451937,41.5877969557387,155.751300000004 2.26459108286933,41.5877919266757,156.523100000006 2.26455805810454,41.587783041661,157.0 2.2645339185762,41.5877399589975,157.0 2.26450106089807,41.5876340118856,157.0 2.26447792748288,41.5875750026969,158.0 2.26444305847681,41.5875059359561,158.0 2.26442193638953,41.587406024044,158.0 2.26438706738346,41.5873000763841,159.0 2.26436108361385,41.5872030143179,159.0 2.2643310762901,41.5871109805503,159.453200000004 2.26431095941764,41.5870120745237,160.0 2.26430207507948,41.5869889405499,160.0 2.26429302275636,41.5869560829154,160.0 2.26428296432012,41.5869200411558,160.0 2.26428296432012,41.5869009304551,160.090500000006 2.26426905031468,41.5868660617937,160.629300000001 2.26426905031468,41.586849968559,160.748000000007 2.26425698055051,41.5868199610351,161.0 2.26423401422199,41.5868110765585,161.0 2.26420601822614,41.5868249901737,161.0 2.26415706812801,41.5868390717597,161.467199999999 2.26413292770137,41.5868519802135,161.887400000007 2.26409604736737,41.5868809812238,162.541899999997 2.26407006359779,41.5869150120246,163.019199999995 2.26405598250569,41.5869450188324,163.134399999995 2.26398205385276,41.5869979929754,163.602100000004 2.26393293576967,41.5870630362919,164.509699999995 2.2638759385632,41.5871089689038,165.516699999993 2.26375305981213,41.5871440054071,166.0 2.26357402288105,41.5871679778466,167.0 2.26340101993374,41.5871709953136,168.053 2.26328903774707,41.5871649603795,169.387400000007 2.26314101335455,41.5871790418914,170.163499999995 2.26300405351138,41.5871589254449,171.102400000003 2.26287899544742,41.5871560752785,172.206600000005 2.26278193337927,41.5871250620739,173.0 2.26267699128949,41.5870630362919,174.0 2.26263005251925,41.5869710029966,174.0 2.26261295398613,41.5868759520896,174.0 2.26252594945592,41.5868070532468,174.0 2.26241698471026,41.5867500563037,174.0 2.26229796152837,41.5867289338944,174.0 2.2621690478952,41.5867029496327,174.0 2.26204097239023,41.5866759602025,174.0 2.26191692043938,41.5866650633739,173.0 2.26176906403182,41.586657016732,172.991099999999 2.26164098852681,41.5866610400531,172.0 2.26151492434974,41.5866330447746,171.751799999998 2.2614069657172,41.5865740360148,171.0 2.26131007073571,41.5865069805404,170.499800000005 2.26122591655989,41.5864340586408,170.0 2.26113908001463,41.5863510776371,169.325299999997 2.26105693716674,41.5862789934223,169.0 2.26100496962756,41.5861919888692,168.838799999998 2.26094998374902,41.5860969381591,168.027400000006 2.26085795044982,41.5860240157963,168.0 2.26077899302794,41.5859400290961,167.0 2.26067991963189,41.5858810203747,166.914600000004 2.2605830246504,41.585808936307,166.0 2.26050306111537,41.5857350077744,165.088000000003 2.26041605658516,41.5856669462548,164.323300000004 2.26035302539495,41.585585977303,163.910999999993 2.26028194619808,41.5854999790081,163.0 2.26019796000722,41.5854230332452,163.0 2.26010307635366,41.5853479311142,162.942200000005 2.26001607272175,41.5852709851699,162.0 2.25993694731491,41.585194039806,162.0 2.25982094157407,41.5851320135127,162.047000000006 2.25973008237294,41.5850659637396,162.647700000001 2.25963201329338,41.5850039379952,162.590200000006 2.25954601577462,41.5849279981702,163.0 2.25949706477815,41.5848359645192,163.0 2.25944794759335,41.584744937269,162.0 2.25941006114627,41.5846319489132,161.425199999998 2.2593550752677,41.5845429331019,159.5095 2.25932406272917,41.5844400037137,159.121199999994 2.25930294064188,41.5843620521653,158.169099999999 2.25927494464604,41.5842619721111,157.207500000004 2.25926807163581,41.5841739616587,157.566999999995 2.25926103064063,41.5840680147424,157.380300000004 2.25926404808165,41.5839759812095,156.810200000007 2.25925700708647,41.5838829423438,156.819000000003 2.25912993769457,41.5838899827861,155.690000000002 2.25900303538934,41.5839109381427,154.544899999994 2.25888602443368,41.5839449684931,153.547099999996 2.25876297769766,41.5839709525208,152.037500000006 2.25863305884967,41.5839910686168,151.556299999997 2.25851101822676,41.5840029710964,150.650599999994 2.25839400637277,41.5840370013983,149.0 2.2582820241861,41.5840750551645,148.296199999997 2.25815394868109,41.5840859517583,147.160999999993 2.25803392028442,41.5841169650789,146.4764 2.2579100354202,41.5841439549069,146.0 2.25778296602834,41.5841729557897,145.0 2.25765505760996,41.5841840203478,144.0 2.25754005798223,41.5842180505543,143.726699999999 2.25743696103202,41.5842680066445,141.670199999993 2.25733101372741,41.5843350624285,140.288499999995 2.25722892199201,41.5843830066968,140.0 2.25712498691364,41.5844309509295,139.0 2.25702607970592,41.5844619640844,138.641900000002 2.25689901031402,41.5844980065442,137.071200000006 2.25678199935836,41.5845260020764,136.665099999998 2.25667403982753,41.5845479624179,135.834600000002 2.25662693397066,41.5845680790059,135.021599999993 2.25660597897004,41.5845860165549,135.0 2.25658703619564,41.5846130061868,135.037899999996 2.25657597164626,41.5846540771981,135.054900000003 2.25657597164626,41.5846919632932,135.003500000006 2.25659893797482,41.5847509724293,135.243600000002 2.25661100863732,41.5847920433528,135.0 2.25664604473001,41.5848430055295,135.0 2.25669097127402,41.5849199513118,135.612299999993 2.25678300457318,41.5850230485854,136.0 2.25682591978925,41.5850810515641,136.0 2.25686196199506,41.585169061452,136.126300000004 2.25693203507882,41.5852619331742,137.0 2.25703295361447,41.5853309996279,137.354300000006 2.25708693248156,41.5854169981478,137.542199999996 2.25714493580115,41.5854959556148,137.402600000001 2.25721601409969,41.5855720634208,137.484800000006 2.25727401652094,41.5856649345633,137.326199999996 2.25735096261492,41.585736013619,137.584000000003 2.25741600603139,41.5858220115995,138.0 2.2574869172433,41.585912033505,138.0 2.25754592577767,41.5859980319229,137.483900000007 2.25761197530726,41.5860769893513,137.585600000006 2.25768003616475,41.5861589641973,137.427800000005 2.25773803858601,41.5862379221007,137.0 2.25780593235687,41.586326937591,136.688099999999 2.25781900823415,41.5864240003023,136.0 2.2578749993275,41.5865099980383,135.084799999997 2.25795194542148,41.5865990144971,134.727299999999 2.25799905127835,41.5866880301614,134.040900000007 2.25807499125921,41.5867830806733,133.627099999998 2.25813198846568,41.5868690792747,132.360000000001 2.25822703920586,41.5869560829154,131.6005 2.2582557053449,41.5870286702943,127.167400000006 2.25828386842737,41.5870880145851,125.322 2.25834019459231,41.5871688156959,130.405499999993 2.25837171108575,41.5872254776674,131.0 2.25842451675309,41.5872875039653,131.0 2.25846676182596,41.5873547266015,131.0 2.25851604699572,41.5874113884098,130.328299999994 2.25857237316065,41.587465367988,130.0 2.25866021581902,41.5875354405888,130.0 2.25874118546717,41.5875812055645,129.948499999999 2.25882567471458,41.587656642385,130.0 2.25889943538255,41.5877050901174,130.117199999993 2.25897671654814,41.5877133046003,130.436900000001 2.25911401236123,41.5877159867705,131.720499999996 2.25920202210623,41.587691679263,132.0 2.25928148258468,41.5876564750852,132.105299999996 2.25931065178027,41.5875890847912,132.012000000002 2.25926404808165,41.587521693755,131.0 2.25924057869655,41.5874588298366,131.0 2.25919984279337,41.587404850253,130.827900000004 2.25917654139319,41.5873555644484,130.0 2.25912390281251,41.5873151636866,130.0 2.2590715993034,41.5872791214555,130.0 2.25901912870764,41.5872521322662,130.0 2.25889591488496,41.5872415708085,130.0 2.25878326255508,41.5872092165494,130.024699999994 2.25873414447195,41.5871527225367,129.472399999999 2.25870950188711,41.5870987433691,127.511899999998 2.25867429780942,41.5870637068412,126.782999999996 2.25857924706921,41.587031352493,126.0285 2.25848084291803,41.587031352493,126.0 2.25838243966518,41.5870449314579,125.016799999998 2.25831555200747,41.587055660249,125.284799999994 2.25820993977444,41.5871109805503,125.267600000006 2.25815193735319,41.5871740127804,126.750599999999 2.25808102614128,41.5872140783567,127.578800000003 2.25802302372002,41.5872459293669,127.566699999996 2.25795194542148,41.5872910240009,126.846799999999 2.25785505043999,41.587362941129,123.489400000006 2.2577469238225,41.5873989833132,123.798899999994 2.25766394284645,41.5874849810943,123.0 2.25753000044433,41.5875649445361,123.0 2.2574359549189,41.5876009866075,122.0 2.25737191761558,41.5876460816655,122.0 2.2572889366395,41.5876829622062,121.0 2.25719606521218,41.5877359357437,120.901700000002 2.25710805546714,41.5877850532865,120.278000000006 2.25703395882926,41.5878740693312,119.324999999997 2.25693706384777,41.58794699162,119.0 2.25681200668214,41.5879139671739,119.0 2.25669600094127,41.5879300601434,118.568799999994 2.25659005363666,41.5879759934822,118.0 2.25646700690064,41.5880019772315,117.0 2.2563510011598,41.5880339958238,117.0 2.25622493788102,41.5880509272731,117.0 2.25610893214018,41.5880539446988,116.681899999996 2.25602796339036,41.588038019059,116.0 2.25594397630117,41.5880219261164,116.0 2.25587004764824,41.588011029515,116.0 2.25580299290386,41.5880029830409,116.0 2.25571196481949,41.5879919191373,116.0 2.25559897741799,41.5879729760529,115.432400000005 2.25550694411883,41.587965934712,115.355500000005 2.25544408001525,41.5879520206708,115.0 2.25529907306375,41.5879330775748,115.426999999996 2.25517602632772,41.5879220136592,114.7981 2.25503303070416,41.5878899950114,114.0 2.25489808218892,41.5878859717669,114.0 2.25478107123326,41.587840039036,112.978600000002 2.25465802449724,41.5878390332241,112.619900000005 2.2545420196547,41.5877979615512,112.0 2.25441595547762,41.5877850532865,111.0 2.25429106539862,41.5877610810761,110.805099999998 2.25415594889843,41.5877669486549,110.0 2.25402100038316,41.5877419706244,109.071899999995 2.2538840396417,41.5877169925843,109.0 2.25377608100916,41.5876849738348,109.098800000007 2.25369092072022,41.5876589899579,108.438399999999 2.25362805661664,41.5876460816655,108.8361 2.25357793242043,41.5876400467758,108.002299999993 2.25355396087708,41.5876269705078,108.0 2.25351892388606,41.5876239530622,108.0 2.25348707321934,41.5876080279882,108.0 2.25347299122894,41.5875810382645,108.0 2.25345505366933,41.5875540485294,108.0 2.2534240411308,41.5875399664274,108.0 2.25338799892495,41.5875349373445,108.0 2.25334994539121,41.5875379547943,108.0 2.25331407027203,41.5875490187757,108.0 2.2532790341793,41.5875590776108,108.0 2.2532439980866,41.5875699736166,108.0 2.2531769424439,41.5875619270875,108.0 2.25310804345825,41.5875439896935,108.301399999997 2.25298600283531,41.5875349373445,108.626699999993 2.25285993865824,41.5875119708582,108.265199999994 2.2527410834613,41.5874730792566,108.453099999999 2.25261200184318,41.5874579913191,108.960800000001 2.25248208299523,41.5874310022045,109.0 2.25235702493127,41.5873989833132,109.0 2.25223498430833,41.5873889244531,109.0 2.25211093235749,41.5873570735135,109.0 2.25199492661665,41.5873309222039,109.0 2.25187607141971,41.5873170080259,109.0 2.25174900112952,41.5872819716165,108.496899999998 2.2516340015018,41.5872569933983,107.840400000001 2.25150894343784,41.5872199453133,107.0 2.25138807691297,41.5872080434267,107.485100000005 2.25126704240318,41.587195973565,107.093800000002 2.25113192590299,41.5871840710021,107.0 2.25103301959356,41.5871470228752,107.0 2.25093998018128,41.5871200329587,107.0 2.25080503166602,41.5871019281406,107.0 2.25068097971517,41.5870759447009,107.0 2.25055893909226,41.5870549896996,106.8655 2.25044293335143,41.5870290055692,106.246499999994 2.25032206592826,41.587019953148,106.0 2.2501970078643,41.587004027925,106.0 2.25007496813969,41.5869879347248,106.0 2.24993599607029,41.5869669796949,105.459799999997 2.24982602521152,41.5869260761127,105.0 2.24970297847546,41.5868729346088,105.0 2.24959803728397,41.5868129202404,105.0 2.24948002021523,41.586768999075,105.0 2.24938798691603,41.5866979204846,105.0 2.24924264489294,41.5866278476467,104.039600000004 2.24911959815692,41.5865964995832,104.0 2.24897995594432,41.5865901293183,103.737200000003 2.24882405242843,41.5865713537972,103.0 2.24874190958054,41.586615275097,102.899799999999 2.2487010065907,41.5866467911257,103.0 2.24861886374281,41.5866719368823,102.0 2.24852045959166,41.5866907123742,102.0 2.24841367415887,41.5867096551629,101.467499999999 2.24838081737906,41.5866278476467,101.0 2.24834796059923,41.5865398377316,101.0 2.24834796059923,41.5864644009499,101.0 2.2482659857363,41.5863951663899,101.748999999996 2.24813472480528,41.5864077389824,102.0 2.24798686839772,41.5864330528071,101.0 2.24776541840881,41.5864392551125,100.494000000006 2.2474889825414,41.5864719443633,100.0 2.24741706611467,41.5865460406986,100.0 2.24728697928176,41.5865430232025,100.540200000003 2.24716996742781,41.586578059341,101.0 2.2470499390311,41.5865980086659,101.0 2.24692203061275,41.5865959970035,101.594100000002 2.24679797866191,41.5865680010249,101.849300000002 2.24666705370084,41.5865589485391,102.0 2.24654702440583,41.5865319590487,102.0 2.24642196634187,41.586517038866,102.069099999993 2.24629707626284,41.5864860260263,102.267600000006 2.24618593220432,41.5864499840043,102.354000000007 2.24606707700739,41.5864729501965,101.289099999995 2.24593799538927,41.5864650715055,97.2455000000045 2.24581494955154,41.5864689268637,97.0 2.24568905335942,41.5864479723373,96.0420000000013 2.24557003017753,41.5864300353056,96.9189000000042 2.24545402443669,41.5864080742605,97.8804999999993 2.24532896637273,41.5863960042492,98.9698000000062 2.24520105885268,41.5863869517393,104.013800000001 2.24506493623938,41.5863609680119,104.0 2.24493702871932,41.5863380017799,103.193799999994 2.24481901165055,41.5863049771827,102.743300000002 2.24468607446325,41.5862920686195,102.321400000001 2.24456202251241,41.5862860336034,102.061300000001 2.24443294089428,41.5862799992585,101.796100000007 2.24435096603135,41.5862020472439,101.0 2.24424501872671,41.5861549408449,101.0 2.24414795665859,41.586101967354,101.0 2.24403597447192,41.5860580463769,101.0 2.2439149390638,41.5860560346976,101.0 2.24378099666165,41.5860679367966,101.0 2.24365593859769,41.5860920769395,101.0 2.24353004240557,41.5861039790318,101.486000000004 2.24339894945955,41.5861160490977,102.0 2.24326601227221,41.5861190666138,102.0 2.243134081198,41.5861410270854,103.0 2.24301405280132,41.586134992055,103.0 2.24289402350631,41.5861110199039,104.0 2.24276896544235,41.5860840302262,104.041899999997 2.24265094837358,41.5860649192781,105.0 2.24253594874586,41.5860379295811,106.017699999997 2.24241591945085,41.5860270333168,105.997499999998 2.24229102937185,41.5860340741972,106.0 2.24216999486206,41.5860179807551,106.323699999994 2.24204795423911,41.5860010494445,106.838300000003 2.24192306416011,41.5859740597209,107.0 2.24179096510097,41.5859640013107,107.2889 2.24167596547325,41.5859380174131,108.0 2.24155493096342,41.5859150510307,108.0 2.2414399313357,41.5858860495865,108.0 2.24132291948174,41.5858540306009,108.826300000001 2.24121998961815,41.5857970334884,109.075700000001 2.24111303709876,41.5857650151306,109.010899999994 2.24098596680857,41.5857120413198,109.322799999994 2.24091203905394,41.5856860573208,109.388399999996 2.24078496876375,41.58563291614,109.099900000001 2.24070701745495,41.5855489296029,109.356199999995 2.24063593915641,41.5854709773776,109.084199999998 2.24054591718515,41.58539101403,109.0 2.24047198853222,41.5853610071718,109.0 2.2404019163468,41.585339046435,109.0 2.24031507980154,41.5853269762239,109.040500000003 2.24023092562572,41.585339046435,109.375599999999 2.24017007285007,41.5853680481249,109.640499999994 2.24012095476698,41.5853859854516,110.0 2.240044008673,41.58539201988,110.0 2.23993504392734,41.5853499428155,110.0 2.23982205652585,41.5852959634845,109.746199999994 2.23970806211291,41.5852540536635,109.0 2.23960898781856,41.585203930358,109.0 2.23954092696104,41.5851279900964,108.235199999996 2.23941905432309,41.5851289959504,108.0 2.23931796870081,41.5850760222897,107.543300000005 2.23919207250866,41.5850210368739,107.0 2.2390670144447,41.5849789602396,106.767099999997 2.23901202946449,41.584893967666,105.499400000001 2.23891697782595,41.5848359645192,105.0 2.23880097298344,41.5848019339665,105.148300000001 2.23868899079673,41.5847650537957,105.133600000001 2.23857801382484,41.5847259939039,105.0 2.23845496798711,41.5847020219015,105.0 2.23833108312293,41.5847169418318,105.751099999994 2.23821306605416,41.5846990043192,105.357300000003 2.23809203154433,41.5846609502488,104.931100000002 2.23799496857789,41.584594062783,104.431400000001 2.23788198117639,41.5845459506916,104.591199999995 2.23778307396867,41.5844760455139,105.1535 2.23770394946013,41.5843950764125,106.363800000006 2.23761694492992,41.5843290272293,107.594899999996 2.23749004262469,41.5843060609465,108.105800000005 2.23737102034113,41.5842790711863,108.627900000007 2.23727999225675,41.584206986674,109.0 2.23719499995277,41.584115959209,109.0 2.23709994921255,41.5841240054957,109.0 2.23697992081587,41.5841040567503,110.0 2.23686894384399,41.5840609736476,110.0 2.23674807731915,41.5840400190116,111.0 2.23662301925516,41.5840039769681,111.864300000001 2.23652092751976,41.5839530148011,112.464500000002 2.23641598632827,41.5838950121529,113.0 2.23631104423848,41.5838499178347,113.920800000007 2.23624700693513,41.5837580519728,114.0 2.23616402595908,41.5836930080145,115.0 2.23607802754198,41.5836150569082,115.428799999994 2.23603595045407,41.5835240292807,116.0 2.23596302791426,41.5834509387172,117.0 2.23590200805195,41.5833669520296,117.579599999997 2.2358379698503,41.5832740809414,118.019700000004 2.2357870075259,41.5831899267123,119.0 2.23570503266297,41.5831149919832,119.376799999998 2.23563294825131,41.5830320114174,120.0 2.23558500426629,41.5829389725354,121.0 2.23551794862359,41.5828630322976,121.409299999999 2.23543899120167,41.5827899423298,122.0 2.23534092302044,41.5827250660529,122.4084 2.23525106903413,41.5826610282905,123.0 2.23519507794078,41.5826290097215,123.0 2.23516507061704,41.582606042834,123.0 2.23511293509289,41.5825750301316,123.117599999998 2.23507102598994,41.5825389879423,123.957899999994 2.23499106245494,41.5824999280477,124.0 2.23493708268949,41.5824640538016,124.0 2.23489701782784,41.5824370639434,124.655100000004 2.2348529285137,41.5824139296743,125.0 2.23481101941075,41.5823899574854,125.0 2.23476106319946,41.5824100740739,125.0 2.23470708343404,41.5824400816315,125.0 2.23466299501823,41.5824550014124,125.044299999994 2.23460197425759,41.5824350521513,125.782099999997 2.23454598316427,41.5824119185534,126.0 2.23448697462987,41.5823849286733,126.051600000006 2.23442394254133,41.5823510654863,126.420199999993 2.23436292267903,41.5823200526614,127.172500000001 2.23429905246233,41.5822789815094,127.185200000007 2.23424105004107,41.5822389155584,127.209600000002 2.23415605683876,41.582204047067,128.0 2.23404105721104,41.5821669987704,128.392600000006 2.23392404625541,41.58214302649,129.224400000006 2.23380703440142,41.5821710223712,130.5527 2.23369102955891,41.582204047067,131.564700000003 2.23356395926869,41.5822270134256,132.0 2.23345197708202,41.5822640616878,133.434500000003 2.23333898968052,41.5823019478412,134.502500000002 2.23322499526762,41.5823379901629,136.447100000005 2.23310094331674,41.5823629682682,136.275800000003 2.23297303579672,41.5823899574854,137.0 2.2328439541786,41.5824119185534,137.772500000006 2.23273700076088,41.5824539955166,138.0 2.2326189836921,41.5824860141724,139.0 2.23250297795126,41.582523062286,139.583899999998 2.2323779198873,41.5825530697911,140.0 2.23225504203453,41.582579053707,140.0 2.23213400662641,41.5826050376125,140.6731 2.23200492590658,41.5826199573554,141.0 2.23188506459653,41.5826489582507,141.0 2.23176403008674,41.5826690747585,141.0 2.23164400079174,41.5826789656972,141.0 2.23151894272778,41.5826630400756,142.0 2.23140193177212,41.5826149278892,142.0 2.2312949783544,41.5825730183438,142.800300000003 2.23118199005461,41.5825240681807,143.0 2.23108207763207,41.5824650596973,142.702900000004 2.2309759632408,41.5824139296743,143.160399999993 2.23087403949036,41.5823589446793,142.494600000005 2.23081905361182,41.5822749579152,141.341199999995 2.23071897410266,41.5822100817929,140.464800000002 2.23060397447493,41.5821770571001,140.1011 2.23047506084176,41.5821649876418,140.157399999996 2.23035503154676,41.58214000946,139.539300000004 2.23025092848343,41.5820940766729,138.160099999994 2.23012503229131,41.5820719481826,137.719800000006 2.23001891790004,41.5820219924091,136.432799999995 2.22990391737399,41.5819950023661,135.0524 2.22978405696227,41.5819549369109,133.556200000006 2.22967593034477,41.5819140335133,131.084000000003 2.22955506292164,41.5819059862793,130.059699999998 2.22941793509351,41.5818979397162,129.580000000002 2.22932992534848,41.5818310520761,128.366500000004 2.22932891923536,41.5817390193865,128.659100000004 2.22932992534848,41.5816449740771,128.648499999996 2.22924694437243,41.581574063209,131.838000000003 2.22922096060282,41.5814850472139,132.703899999993 2.22919397072013,41.5813950258557,132.302299999996 2.2291750270474,41.5813029925447,132.446500000005 2.22908902952864,41.5812210175812,133.540599999993 2.22903303843528,41.5811410543461,134.596300000005 2.22899900755738,41.5810429858388,133.056800000006 2.22894603390507,41.5809589993791,133.0 2.22885601193384,41.5808889263606,133.388800000001 2.22877604929711,41.5808109745571,134.181400000001 2.22867596888965,41.5807380522721,134.701799999995 2.22862098390941,41.5806500423924,135.0 2.22853599160543,41.5805779578606,135.126699999993 2.22844295219315,41.5805179436887,135.771999999997 2.22832493512437,41.5804800571606,136.918999999994 2.2282230104756,41.5804160191878,137.129400000005 2.22812008151034,41.5803610345075,137.0 2.22802201243078,41.5802990082753,137.324200000003 2.2279180773524,41.5802500577324,137.992499999993 2.22781095684805,41.5801969167816,138.0 2.2277019921024,41.5801419312428,138.208899999998 2.22759906223884,41.5800800727917,138.082599999994 2.22748791818029,41.5800210640908,138.0 2.22738096476257,41.5799699348205,137.3177 2.22727401224318,41.5799280249024,137.278300000005 2.22720595048736,41.5798539290361,136.189299999998 2.22710201540898,41.579788047232,135.024600000004 2.22699707331916,41.5797399349195,134.879700000005 2.22690101736416,41.579707916246,134.010800000004 2.22680998927978,41.5796809265798,134.0 2.22670203064724,41.5796539369022,133.610199999996 2.22661502701536,41.5796410290253,133.2353 2.22653003381304,41.5796180624191,132.744600000005 2.22643498307286,41.5795649209482,132.876399999994 2.22637396321056,41.5795330695089,132.910900000003 2.2263179721172,41.5795119474265,133.0 2.22625594614178,41.5794730550379,133.0 2.2261790000478,41.5794410362321,132.940900000001 2.22611395663133,41.5794029824229,132.967900000003 2.22602192333217,41.579358055649,133.620299999995 2.22595905922859,41.5793149727396,133.327699999994 2.22587205469838,41.5792720571231,133.801099999997 2.22575202540337,41.5792170721408,133.984599999996 2.22564205544293,41.5791760010312,134.879799999995 2.22553594015336,41.5791290622042,134.588099999994 2.22541691697147,41.5790910082112,134.952300000004 2.22529102077935,41.5790690473578,136.041200000007 2.22516797494163,41.5790680420813,137.011100000003 2.22504006742158,41.5790610011132,137.297900000005 2.22491098580345,41.5790489310725,137.698399999994 2.22478894518051,41.5790559720419,138.0 2.22467293943967,41.5789959571276,138.0 2.22457302701713,41.5789429838112,138.0 2.22447898239006,41.5788680495296,138.0 2.22438292553673,41.5788009941162,138.0 2.22429407766354,41.578740979637,138.0 2.22418092227709,41.57868498892,138.116399999999 2.22407698630042,41.5786219571386,138.867299999998 2.22398495300122,41.5785589252957,139.0 2.22388302925078,41.5784980726296,139.0 2.22377506971994,41.5784360466241,139.266799999998 2.22369007741596,41.5783689907623,139.980599999995 2.2235730664603,41.5783059593444,140.847099999999 2.22347902093491,41.5782469503664,141.336299999995 2.22337793531263,41.5781679927712,141.935800000007 2.22327500544904,41.5781460322759,142.0 2.2231849843761,41.5780989260477,143.0 2.2230629437532,41.5780459526676,144.0 2.22299002121335,41.5780080660331,144.171300000002 2.22290905156524,41.5779839262278,145.0 2.22283495582565,41.57796196567,145.695699999997 2.22275700451688,41.5779410110708,146.0 2.22269397242835,41.5779190504984,146.989600000001 2.22260294524226,41.577895077985,148.0 2.22253203403038,41.5778759673012,148.632800000007 2.2224579382908,41.5778759673012,149.709099999993 2.22236305463724,41.577895077985,150.552899999995 2.22229700510765,41.5778920607566,151.574999999997 2.22217395926993,41.5779059749496,153.646200000003 2.22208192597073,41.5779110041106,154.361999999994 2.22198402487612,41.5779190504984,155.0 2.22195401755238,41.5778769732682,155.0 2.22193105122382,41.5778389192094,155.0 2.22184304147882,41.5777599617873,154.616899999994 2.22177799806235,41.5777150352143,153.555800000002 2.22166802720358,41.5776379215846,152.275599999994 2.22155503890379,41.5775929942547,151.789499999999 2.22145898294875,41.5775480675656,151.0 2.22136191998231,41.5774870472929,151.0 2.2212479264677,41.5774409465579,151.0 2.22115907859454,41.5773680244995,151.0 2.22103804318642,41.5773420405028,151.4326 2.22093192879515,41.5772979516166,150.976800000004 2.22083805125471,41.5772280466563,150.797000000006 2.2207240577401,41.5771799344526,150.511899999998 2.22062800088677,41.5771239430543,150.357000000004 2.2205019367097,41.5770850512436,151.166100000002 2.22040604784133,41.5770129667645,149.706099999996 2.2202930595415,41.5769720629247,148.832999999999 2.22017101981689,41.5769420561863,150.269899999999 2.220060042845,41.5769009843018,149.8802 2.2199380022221,41.5768530398543,149.7595 2.21982803226165,41.5768109626016,149.0 2.21970096197143,41.5767610067904,148.258300000001 2.21959199722581,41.576713062239,147.092000000004 2.21951102847596,41.5766780261237,147.091799999995 2.21940893674056,41.5766099651377,146.0 2.2192999719949,41.5765620204742,145.558999999994 2.21922000845991,41.5765239663125,145.029999999999 2.21912093416553,41.5764689810065,144.479600000006 2.21900895197885,41.5764190249308,144.0 2.21889998723319,41.5763650455261,143.0 2.21878297627753,41.5763199513256,142.531900000002 2.2186929543063,41.5762589305646,142.0 2.21858499567376,41.5762160156054,141.0 2.21849095104666,41.5761519774364,140.279999999999 2.21838399762894,41.5761060450942,140.0 2.21828693556079,41.5760520654279,139.089600000007 2.21819406413347,41.5759979183865,139.0 2.21809498983909,41.5759409213102,138.9761 2.21798300765241,41.5758679989023,138.0 2.21787806556259,41.5758180423617,138.0 2.21778603226343,41.5757590337986,137.003200000006 2.21766399253882,41.575708071845,136.0965 2.21755603300798,41.5756609658546,134.613200000007 2.2174549473857,41.5756089978212,134.061600000001 2.21735000619421,41.5755479777325,132.810700000002 2.21723701789438,41.575495004276,132.521900000007 2.21712805314876,41.5754529268106,132.915999999997 2.2170110421931,41.5754019652874,132.953899999993 2.2169089504577,41.5753459736917,132.025500000003 2.21681004414828,41.5752839480191,131.591199999995 2.21669001485327,41.5752470671165,131.163700000005 2.21658792311787,41.57519493209,129.937699999995 2.21647292349015,41.5751530224333,130.273199999996 2.21636597097072,41.5750970312938,129.648799999995 2.21624795390195,41.5750619949739,129.676800000001 2.21613999437111,41.5750100271306,128.856 2.2160260008565,41.574964932656,128.488200000007 2.21591502388461,41.5749290582563,128.0 2.21581796181649,41.5748640141414,127.424499999994 2.21571000318395,41.5748180815553,127.0 2.21559902621206,41.5747699695724,126.0 2.21550196414395,41.5747119667403,125.675000000003 2.21539601683931,41.5746489351135,125.0 2.21528705209368,41.5745939495553,124.0 2.21517791936307,41.5745460047393,123.570900000006 2.21508504793575,41.5744799555627,123.0 2.21497004830802,41.5744469309491,122.057700000005 2.21485203123925,41.5744249705327,121.947199999995 2.21474004905254,41.5743899338482,121.0 2.21462907297898,41.5743500363853,120.0 2.21451994024837,41.5743039354272,119.295499999993 2.21439203272835,41.5742950505727,119.0 2.21427703310059,41.5742690666836,118.0 2.21416303868768,41.5742189429158,118.0 2.21405306872724,41.5741750219205,117.092600000004 2.2139310281043,41.5741659697134,117.0 2.21379607958907,41.5741510500335,116.0 2.21367906773511,41.574129927535,115.0 2.21355199834322,41.5741180252518,114.750599999999 2.21343800393028,41.5740829884008,113.872300000003 2.21333105141089,41.5740410793667,113.0 2.21322594223444,41.5739979962706,113.0 2.21310893038048,41.5739579305583,111.777700000006 2.21302796163063,41.5738809851545,111.575400000002 2.21294196321357,41.5738129239092,108.862099999998 2.21285194124231,41.5737520714757,106.884300000005 2.21279092138,41.5736709343605,106.144899999999 2.21270106739369,41.5736109198184,104.844800000006 2.21259796954518,41.573559958186,103.990999999995 2.21247693503536,41.5735400088653,102.878700000001 2.21235606851052,41.5735200602104,101.728499999997 2.21223402788761,41.5735339740013,101.0 2.21210796371051,41.5735289451716,101.215500000006 2.21196999775422,41.5735460437287,100.975000000006 2.21187394090089,41.5735299505344,100.429499999998 2.21176799359628,41.5734890471769,100.841100000005 2.21171501994398,41.5734729539684,100.856100000005 2.21169104840063,41.5734519992569,101.0 2.21165198875377,41.5734439523125,100.929799999998 2.21161695176275,41.5734350673396,100.850999999995 2.21158895666524,41.5734540106568,100.312900000004 2.21156096066939,41.5734759714033,100.0 2.21153900045395,41.5734999435408,100.0 2.21151804545332,41.5735239156695,100.0 2.21149407301165,41.5735460437286,100.0 2.21146892737023,41.5735680044438,100.0 2.21144093227272,41.5735859416882,100.0 2.21141595371793,41.5736080703981,100.0 2.21138494117936,41.5736239955647,100.0 2.21135996262457,41.5736459562535,100.0 2.21133196752706,41.5736670789102,100.0 2.21130397153122,41.5736860214873,99.7079999999987 2.21127597643371,41.5737049647309,99.2155000000057 2.21124697432478,41.5737269253921,99.2200000000012 2.2112230027814,41.5737480480224,99.207699999999 2.21120506522183,41.5737720200589,99.0 2.21117707012432,41.5738100738258,99.0381000000052 2.2111700291291,41.5738529890395,99.2491000000009 2.2111559471387,41.5738910434308,99.0 2.21112795204119,41.5739530690969,99.0 2.21111403803575,41.5739849206001,99.0 2.21108604203994,41.5739959848877,99.0 2.2110900655941,41.5738970782613,99.0 2.21100691663307,41.5738239882263,99.0 2.21091605743197,41.5737490533817,98.0 2.21078395837283,41.5737430185373,98.0 2.21066493519094,41.5737589443426,98.0 2.21054205643984,41.5737669912477,98.0 2.21044197693068,41.5737800669624,98.0 2.21032194763567,41.5738010215675,98.0 2.21019806366978,41.5738020275981,97.9919999999984 2.21013503158125,41.5737140170026,98.0 2.2100460157231,41.5736469622864,97.5237999999954 2.20997191998354,41.5735690104781,97.0 2.2098989974437,41.5734850237071,96.7722000000067 2.20984401156516,41.5733919845114,97.0 2.2097680715843,41.5733269408648,97.0 2.20971208049098,41.5732439604903,97.0 2.20965106062867,41.5731650028273,96.9637999999977 2.20958903465325,41.5730749812962,96.1567000000068 2.20954192789806,41.5729899885118,96.0 2.20952197901055,41.5728959439025,96.0 2.20951996768261,41.5728000544024,96.1353999999992 2.20952197901055,41.5727070155641,96.9398999999976 2.20949096647199,41.5726139765919,96.0 2.20947604635343,41.5725130584364,96.0 2.20949901268199,41.5724149902683,96.0 2.20948996035887,41.5723700626656,96.0 2.20936406416675,41.5723660397982,96.0 2.20924302965693,41.5723299972876,93.4076999999961 2.20915703123987,41.5722540573434,95.4220999999961 2.20904605426798,41.5722089629609,95.646900000007 2.20891294999402,41.5721870024557,97.0414000000019 2.20879107735603,41.5721400632536,98.0 2.2086789271844,41.5720969809058,98.4882000000071 2.20861706919394,41.5720200346294,99.2277000000031 2.208495028571,41.5719900276065,100.0 2.20837801671704,41.5719499619927,100.044599999994 2.2082680467566,41.5719000057821,100.278600000005 2.20815304623054,41.571847032022,101.219599999997 2.20804894316721,41.5717940588905,102.0 2.20792908185716,41.5718079723811,103.0 2.20781492035759,41.571844014511,102.980100000001 2.20768801895066,41.5718669811935,103.0 2.20757301932293,41.5718389855498,104.0 2.20746204235108,41.571802943417,104.0 2.20733296163125,41.5717920467668,104.6204 2.20728803418895,41.5717050428562,105.0 2.20720807065392,41.5716220617425,105.926699999996 2.20715392380187,41.5715399192462,107.0 2.20709592138062,41.5714510708756,108.434399999998 2.20701696395871,41.5713789868294,109.741699999999 2.20693096554161,41.571313943172,111.091100000005 2.20680993013349,41.5713270187111,114.232000000004 2.2067110238241,41.5712670046796,115.7497 2.20663793419762,41.5711880472883,117.143100000001 2.20654204443092,41.5711280324556,118.244000000006 2.20642905702942,41.5710809264854,119.0 2.20631808005757,41.57103298175,119.0 2.20622101798942,41.5709790025486,120.0 2.20612898469026,41.5709139584884,121.341700000004 2.20603896271899,41.5708440540115,121.985499999995 2.20594692941983,41.5707810219707,123.840200000006 2.20586193711585,41.5707050815496,125.197700000004 2.20574492616019,41.5706470790997,126.657800000001 2.20565892774309,41.5705709711771,128.435299999997 2.20557192321288,41.5705059280502,129.947400000005 2.20547201079037,41.5704390400365,130.554699999993 2.20539305336846,41.570366955533,131.235700000005 2.2052820772949,41.5703270576015,132.0 2.20516104278507,41.5703310812679,132.0 2.20503698993593,41.570295038966,132.421100000007 2.20491293798509,41.5702730784822,133.260299999994 2.20479106534711,41.5702390476479,134.0 2.20467304827833,41.5702169198,134.249899999995 2.20454597888647,41.5702130641436,135.185400000002 2.2044219260373,41.5701959647043,136.0 2.20430206472725,41.570199988379,136.0 2.20417197789434,41.5701919417015,136.726200000005 2.20404407037429,41.5701909356148,137.0 2.20391901231033,41.5702030059667,136.484599999996 2.20377903412782,41.5702160817308,136.179699999993 2.20365498217697,41.5702080350554,136.0 2.20352891799987,41.570196970791,136.0 2.20341391837214,41.5702249664744,135.0 2.20329003440626,41.5702320070615,135.0 2.20316598155712,41.5702469269745,134.0 2.20304192960627,41.5702720723967,134.0 2.20290396364999,41.5702859868872,133.0 2.20279499890433,41.5702450828197,132.652000000002 2.20266105650221,41.5702390476479,132.0 2.20254505076137,41.5702630203147,132.0 2.20240993426115,41.5702920213825,131.894400000005 2.20229107906425,41.5703049297837,131.0 2.20215395123612,41.5703139818598,131.0 2.20202000793567,41.5703260521889,131.0 2.2018939446569,41.5703149879447,130.234400000001 2.20175799002855,41.5703000680474,129.616599999994 2.20163695551875,41.5703010741325,130.0 2.20150804188559,41.5703159940296,130.0 2.2013809715954,41.5703079473666,130.0 2.20126396063974,41.5702859868872,129.845600000001 2.20114393134473,41.5702519560597,130.0 2.20105994515387,41.5701830569534,130.0 2.2009310315207,41.570186074542,130.0 2.20080798478468,41.5701510382466,130.876000000004 2.20069499648485,41.5701190188518,131.0 2.20060095185775,41.5700559874477,131.0 2.20053305808692,41.5699780353383,132.0 2.20051294211276,41.5698880140705,132.0 2.2005099246717,41.5697859222495,132.0 2.20048293478901,41.5696980795772,132.0 2.20044001957294,41.5696020233601,133.0 2.20039894769982,41.5695160252855,133.0 2.20031194406793,41.5694449465226,133.839800000002 2.20020700287644,41.5693839259874,134.0 2.20010692246894,41.5693220679858,134.0 2.20004405836537,41.5692389191517,134.575299999997 2.19994196662997,41.5691889628608,134.717900000003 2.19986803797704,41.5691009533731,134.006099999999 2.19977701079096,41.5690419447224,134.0 2.19972504325177,41.5689599696541,133.889999999999 2.19967693128179,41.5688669306617,133.747700000007 2.19966402249117,41.5687700357928,133.065199999997 2.19965094661388,41.5686669381109,133.0 2.1996189279622,41.568571049054,133.0 2.19958305374135,41.5684800217284,133.0 2.19955908129968,41.5683889942746,133.0 2.19955706997174,41.5682939435715,133.0 2.19952102776593,41.5682079450998,133.0 2.19946704800051,41.5681239587517,133.0 2.19941206302027,41.5680379600537,133.0 2.19940099847092,41.5679410652857,133.0 2.1993530544859,41.5678460145957,133.0 2.19931298872589,41.5677610223245,133.0 2.19921994931361,41.5677030192476,132.458199999994 2.19912104300419,41.5676309350517,132.0 2.19904392982358,41.5675610297107,131.012700000007 2.19893697640586,41.5675030271263,130.889299999995 2.19881292445502,41.567484922185,130.0 2.19871502336041,41.5674269195323,129.026700000002 2.19865098605706,41.567344944431,129.0 2.19862600750226,41.5672349736031,128.0 2.19868401082185,41.5671509873343,127.559899999993 2.19879800433646,41.5670810821461,127.1149 2.19886992166145,41.5670019569899,126.686300000001 2.19888500886667,41.5669080797541,125.763900000005 2.19886304775293,41.5668059879288,125.0 2.19888702019457,41.5667159662736,124.008199999997 2.19886204253811,41.5666229274101,123.0052 2.19883404654227,41.5665280441518,122.872300000003 2.19879297556751,41.5664269585435,121.0 2.19871100070454,41.5663490067601,119.8796 2.1986030411737,41.5662839634151,118.812399999995 2.1984950825412,41.5662390362533,117.127800000002 2.19836901836409,41.5662140579609,116.407099999997 2.19823004719302,41.5661899184526,115.499299999996 2.19811605278008,41.5661580671386,114.748099999997 2.1980040705934,41.566200982059,113.878500000006 2.19788404219673,41.5662239487314,112.0 2.19773903524523,41.5662330013794,111.0 2.19760207450376,41.5662269658328,110.0 2.19748003388082,41.5662150641096,108.509000000005 2.19738095958647,41.5662730665061,107.385999999999 2.19725992507665,41.5663020680208,106.087499999994 2.1971499551162,41.5663490067601,105.284700000004 2.19701500570264,41.5662970386282,103.225699999995 2.19689397119285,41.5662680377833,102.038199999995 2.19676002879073,41.566269043259,101.001000000004 2.19663597683989,41.566250938644,98.9866000000038 2.19652399465318,41.5662070169359,97.0733999999939 2.19640396535817,41.5662090285614,96.0 2.19628091862215,41.5661810331541,96.3435999999929 2.19617798965689,41.5661310771872,97.0 2.19605494292083,41.5661159896401,97.0798000000068 2.19593692585209,41.5660920174509,98.0 2.19582896721955,41.5660459173204,98.8914999999979 2.19570206491432,41.5660169156907,99.7382000000071 2.19556795452724,41.5659870759238,101.0 2.19546703599159,41.5659270616364,102.879400000005 2.19547893866909,41.5658289935521,103.0 2.19551799831595,41.5657399773638,102.999500000005 2.19555705796282,41.5656479445967,103.0 2.19558002429138,41.5655530612508,102.714699999997 2.19559896706577,41.5654580104082,103.0 2.19561606649722,41.565359942284,102.887499999997 2.19563400405679,41.5652620413689,103.0 2.19565596427224,41.5651629674543,102.905499999993 2.19567105147742,41.5650699283709,102.0 2.19570307102743,41.564979068176,102.0 2.19567993671392,41.5648840178332,102.0 2.19566199915431,41.5647809199993,101.198099999994 2.19563702149784,41.5646419479373,99.3944000000047 2.19557700685036,41.564554943807,99.168399999995 2.19560600806099,41.5644570436885,98.3055000000022 2.19562495083538,41.5643670221211,99.4866000000038 2.19564992939017,41.5642729770569,99.8133999999991 2.19572704257078,41.5641809435445,99.6402999999991 2.1957620795618,41.5640619204295,100.0 2.19577398134101,41.5639370300404,100.0 2.19572804868389,41.5638800330762,100.0 2.19567507503159,41.5637869941619,100.0 2.19564607382096,41.5636919434098,100.0 2.19565194071807,41.563592030949,100.0 2.1956420502668,41.5635010033298,99.4652999999962 2.19562696306161,41.5634009238832,99.0 2.19560399673305,41.5633090578359,99.0 2.19558505306036,41.5632130015296,99.0 2.19556191964514,41.5631119154399,99.0 2.19552302708491,41.5630259174642,99.0 2.19549804942844,41.5629360632834,98.7173999999941 2.19550793987972,41.5629020326173,98.0 2.1954680421047,41.5628390008935,98.0 2.19534499536864,41.5628220695553,98.9579999999987 2.19522597308508,41.5627930678229,99.0 2.19509806466674,41.5627669166481,99.0 2.19496898394691,41.562735064991,99.0 2.19484493109777,41.5627119310584,99.0123000000021 2.19473294891106,41.5626790738425,99.2329000000027 2.19461292051438,41.5626629806297,99.957899999994 2.19449507053227,41.562636996767,100.0 2.19437906479143,41.5625989431399,100.0 2.19425702506682,41.5625769827286,100.383700000006 2.19413900709971,41.5625600513218,101.0 2.19400808213865,41.5625350729516,101.0 2.19388905895676,41.5625060717625,101.450400000002 2.19375595468279,41.5624859550238,102.018899999995 2.19362301749546,41.5624700298002,103.0 2.19350198298567,41.5624690235932,103.489199999996 2.19333702714666,41.5624500804155,104.717199999999 2.19323493541126,41.5624309698671,105.0 2.19310199822393,41.5624229228943,105.845499999996 2.19303091992539,41.5624039803752,106.4182 2.19289395918392,41.5624200736526,107.634300000005 2.19274794701764,41.5624299643316,108.0 2.19262892383574,41.5624500804155,108.782699999996 2.19250101631573,41.562452930328,109.884600000005 2.19237294081072,41.5624440458599,110.024399999995 2.19223799139715,41.5624380106315,110.549400000004 2.19209600278503,41.5624279525885,111.006699999998 2.19199005548043,41.5624170557013,112.0 2.19185996774919,41.5624090093989,112.0 2.1917300489012,41.5623900662036,112.551600000006 2.19161404316036,41.5623880544592,113.0 2.19148496154224,41.5623779964084,113.282300000006 2.1913560479091,41.5623640822312,114.0 2.19123601951239,41.5623489951488,114.341100000005 2.19110794400738,41.5623409481657,115.005999999994 2.19101892814927,41.5624130328863,116.239799999996 2.19099394959448,41.5625109334131,117.0 2.19096092482968,41.5626110128938,117.764599999995 2.19092102705467,41.5627010348912,118.606799999994 2.19088498484882,41.5627969239221,119.0 2.19084994875613,41.5628939863752,119.051099999997 2.19076294422591,41.5629519890644,119.5141 2.19062296694169,41.562956012518,119.487899999993 2.19049908207751,41.5629409249017,120.0 2.1903710065725,41.5629229873902,120.461899999995 2.19024393718061,41.5629090733303,121.167799999996 2.19012407587056,41.5629010270891,121.467099999994 2.1899909715966,41.562906056074,121.489199999996 2.18985401085513,41.5628949919034,122.4568 2.18973800511426,41.5629109176946,122.635500000004 2.18960791828135,41.5629409249017,122.853000000003 2.18950398230468,41.5629999337475,122.962599999999 2.18941798388758,41.5630679942865,123.561400000006 2.18932997414255,41.5631390733438,123.7166 2.18925403416169,41.5632190366856,123.277199999997 2.18918295586315,41.56329296478,122.706399999995 2.18907499723064,41.5633449326395,123.0 2.18894608359747,41.5633239780034,123.547300000006 2.18883292731269,41.56329296478,124.013900000005 2.18871004856163,41.5632710039325,125.085600000006 2.18860493938518,41.5632510554672,125.218399999998 2.18853000551743,41.5632349617247,126.0 2.18846898565512,41.563246025837,126.115600000005 2.1884150058897,41.5632510554672,126.500899999999 2.1883559973553,41.5632869296309,127.0 2.18832096126261,41.5633179428573,127.0 2.18831392026742,41.5633479498754,127.0 2.18830704725716,41.5633920388733,127.144899999999 2.18830704725716,41.5634929571623,128.0 2.18830704725716,41.563592030949,128.445999999996 2.18831492548221,41.5636860763321,129.153999999995 2.18831207602611,41.56378297076,130.126300000004 2.18831492548221,41.5638729924689,131.104999999996 2.18831207602611,41.5639640202362,132.0 2.188311069913,41.564064938304,132.978400000007 2.188303023703,41.5641569713096,132.303400000004 2.1882869303847,41.5642469931695,132.0 2.18827703993342,41.5643380204099,131.911600000007 2.18826698149719,41.5644580491924,130.805999999997 2.18828106258926,41.5645500823101,129.7264 2.18829900014886,41.5646169703718,128.933399999994 2.18830201758988,41.5647279464507,127.730500000005 2.18830402981611,41.5648250086916,126.718800000002 2.18831794292326,41.5649220714589,126.010800000004 2.18832800135949,41.5650189660497,125.0 2.18834493280595,41.5651170346914,124.821400000001 2.18836102612429,41.565213929662,124.0 2.18836102612429,41.565314008989,124.0 2.18833906590884,41.5654050367426,124.193499999994 2.18830201758988,41.5654880177767,125.0 2.18819992585448,41.5655180244592,126.554799999998 2.18811593966362,41.5654880177767,133.290599999993 2.18798099114838,41.5654340379749,134.760800000004 2.18785308273003,41.5653909551875,131.857799999998 2.18774596222565,41.5653490458913,127.0 2.18769701212751,41.5652580180588,127.179999999993 2.18769902345542,41.5651619612892,127.0 2.18773405954814,41.5650729455262,127.637799999997 2.18776205554395,41.564979068176,128.0 2.18779508030875,41.5648860294999,128.802100000001 2.18781804663731,41.5647950016873,129.128700000001 2.18785006528898,41.5647029682463,130.0 2.18787403773066,41.5646109353464,131.0 2.18787906649961,41.564517057997,131.963199999998 2.187889963064,41.5644199952935,132.464600000007 2.18790002150024,41.5643209214321,133.0 2.18791192417778,41.5642290560206,132.857399999994 2.18792198261401,41.5641299818664,132.557000000001 2.18794193150152,41.5640349309468,132.0 2.18795299515254,41.5639440713128,131.521599999993 2.18797093271215,41.5638500263052,131.0 2.18797897892215,41.5637589983773,130.0 2.18798501380422,41.5636679709933,129.372799999997 2.18799306091255,41.5635670529777,128.186400000006 2.18800194525071,41.5634659674419,128.0 2.18801300980006,41.5633700780595,127.0 2.18800596880484,41.5632730156494,126.997000000003 2.18796607102982,41.5631769592895,126.0 2.18785895052548,41.563119962327,124.7736 2.18773506566126,41.5631139271618,124.0 2.18760095527418,41.5631050427846,123.0 2.18747003031308,41.563100013143,122.080100000006 2.18734899580329,41.5631119154399,121.568499999994 2.18722494295412,41.5630929724508,120.906300000002 2.18710508164407,41.5630770467045,120.090800000005 2.18697398869804,41.5630710122075,119.142800000001 2.18685396030137,41.5630649770377,118.155199999994 2.1867250466682,41.5630599480651,117.9663 2.18660401215837,41.5630420105867,117.126699999993 2.18648398286337,41.5630369816124,116.9908 2.18636294835358,41.5630230675771,116.4231 2.18623604604834,41.5630120034266,116.0 2.1861119940975,41.5630049627247,115.606700000004 2.18599095958768,41.5629950721337,115.0 2.18586707472349,41.5629759610743,114.0 2.18575492545016,41.5629390805383,113.868799999997 2.18563506414011,41.5629219818624,113.0 2.18550598252199,41.5629320398285,112.427299999996 2.18537405144777,41.5629159466787,112.0 2.18525804570693,41.562890968446,112.0 2.18513198152985,41.5628659908759,112.0 2.1850659328986,41.5628569384283,111.732199999999 2.18499099813252,41.5628569384283,111.394899999999 2.18493299571126,41.5628589494859,111.830600000001 2.18488806826896,41.5629270108457,112.0 2.18487197495066,41.5629689203686,112.0 2.18485806094522,41.5630190441276,112.0 2.18483693885793,41.5630919669256,112.0 2.18481799608354,41.5631680742488,112.0 2.18479905241081,41.5632309389606,112.0 2.1847900000877,41.5632899475416,112.0 2.18476602764605,41.5633529794976,112.0 2.18474993522605,41.5634049473089,112.0 2.18473602122061,41.5634480300761,112.269799999995 2.1846939441327,41.5634570824409,112.208100000003 2.18464700536246,41.5634629495394,112.0 2.18458095583287,41.5634709963828,111.842799999999 2.18450501585204,41.563459932309,111.099600000001 2.1843910214391,41.5634210403369,110.648000000001 2.18427602181138,41.5633749396451,110.0 2.1841829832974,41.56331492562,110.0 2.18404501644281,41.5633040288824,110.0 2.18391593572299,41.5632639632588,110.0 2.18380395353631,41.5632240656458,110.0 2.1836780573442,41.5631839999726,110.0 2.18356205160336,41.5631620397602,109.0 2.18346901219104,41.5631110772785,109.0 2.18347202963209,41.5630059682513,109.0 2.18349298463272,41.5629360632834,109.0 2.1835250032844,41.5628309539714,109.0 2.18356004027542,41.5627419383579,109.0 2.1835779769367,41.5626559398898,109.0 2.18360194937837,41.5625640741277,108.539900000003 2.18362005402461,41.5624859550238,108.0 2.18365492303068,41.562394927863,108.0 2.1836800686721,41.5622950154131,108.0 2.18370404111377,41.5622170633498,108.0 2.18370404111377,41.5621250302699,108.0 2.18366196402586,41.5620789299978,108.0 2.18359893193732,41.5620279680061,108.0 2.18352902683856,41.5619959492906,108.0 2.18340296266149,41.5619760004317,108.0 2.18326902025934,41.5619760004317,108.029399999999 2.18313993864121,41.5619699651597,108.0 2.18301504856221,41.5619580626524,108.0 2.18289099661137,41.5619550453517,108.0 2.18276007075197,41.5619439810183,107.873099999997 2.18263803012906,41.5619399581738,107.661200000002 2.1825049258551,41.5619240321434,107.9899 2.18237098345298,41.5619119622612,107.771200000003 2.18225095415798,41.5619020715028,107.430999999997 2.18212505796583,41.5618980486557,107.215200000006 2.1820020121281,41.5619039158958,107.221999999994 2.18188298894624,41.561896036896,107.927500000005 2.18176195353812,41.5618799434882,107.448499999999 2.18163303990495,41.5618889960726,107.266199999998 2.18150395918513,41.5618910078325,107.0 2.18138191856222,41.5618809490322,107.0 2.18126205725217,41.5618670354201,106.0 2.18112291809614,41.5618599945935,106.0 2.18100506811399,41.5618430629987,106.0 2.18088503971732,41.5618440692155,106.771299999993 2.18075998165336,41.561839040148,106.534100000004 2.18063592880419,41.5618350166248,106.320200000002 2.18051405616624,41.561839040148,106.287299999996 2.18039101032851,41.5618410512373,106.208499999993 2.18026394003829,41.5618360221695,106.969200000007 2.18013502640515,41.5618360221695,106.839800000002 2.18000996834116,41.5618269695777,106.513200000001 2.17987803726698,41.5618330048631,106.514899999995 2.17975700275715,41.5618330048631,106.393500000006 2.17962306035503,41.561839040148,106.376499999998 2.17949397873691,41.5618440692155,106.3753 2.17935802410856,41.561839040148,106.127200000003 2.17922693116253,41.5618330048631,105.861600000004 2.17909097653415,41.5618259640328,104.750899999999 2.17896306901413,41.5618209349639,103.365399999995 2.178825941186,41.5618209349639,103.0 2.17869199788556,41.5618160732613,102.538400000005 2.17856995726265,41.5618239522709,102.0 2.17843500874738,41.5618189232018,102.0 2.1783030776732,41.5618179176567,101.599600000001 2.17818304927649,41.5618150677163,101.0 2.17805698509941,41.5618219405088,100.964000000007 2.17793494447651,41.5618259640328,100.0 2.17780804217124,41.5618460803047,99.2033999999985 2.17768600244663,41.5618499364605,99.420100000003 2.1775629557106,41.5618569772882,99.0 2.17743705951849,41.5618539593106,99.0 2.17730194301826,41.5618579828326,99.0 2.17718107649343,41.5618779317279,99.0 2.17705400620324,41.5619020715028,99.2161999999953 2.17693598913446,41.5619469989917,99.0 2.17682803050192,41.5620050011866,99.2761000000028 2.17670096111006,41.5620160655095,99.0 2.17658696669712,41.5619860585451,98.1892999999982 2.17645604173606,41.5619659416446,98.0 2.176332995,41.5619770059743,98.0 2.17620408136683,41.5620009783459,98.0 2.17608204074392,41.5620140537535,98.0 2.1759610062341,41.5619909202349,98.0 2.17582605771886,41.561963929887,98.0 2.17570401709596,41.5619629243443,98.0 2.17557393026301,41.5619699651597,98.0 2.17545105151195,41.5619459927765,97.2902999999933 2.17532800477589,41.5619320791784,97.0 2.17519992927088,41.56189503068,97.0 2.17507403307876,41.5618990541995,97.0 2.17494897501481,41.561916991323,96.0 2.17481905616682,41.5619349291137,96.2396000000008 2.17468997454873,41.5619109567176,96.0 2.17457195747995,41.5619580626524,96.0 2.17446198662118,41.5620090246992,96.0 2.17432804421906,41.5620390323251,96.0 2.17419493904677,41.5620509341453,96.0 2.1740660254136,41.5620380261114,96.0 2.17393392725276,41.5620160655095,96.0 2.17380702494753,41.562036014356,96.0 2.17367207643229,41.5620229389529,97.0 2.17355104192247,41.561988070302,97.6725000000006 2.17342598385851,41.5619900820589,97.7630999999965 2.1733309331183,41.5619339228984,98.0 2.17322397970057,41.5618779317279,97.2228999999934 2.17311501495492,41.5618380339311,95.0 2.17299096300407,41.5618370283864,95.0 2.17287093370907,41.5618539593106,95.6355999999942 2.17275006718423,41.5618769261838,96.0 2.17262601523339,41.5618910078325,95.2284999999974 2.17253498714901,41.5619510218357,95.0 2.17241194131129,41.5619439810183,95.4138999999996 2.17236701386898,41.5618559710716,96.1383999999962 2.17231001666251,41.5617709789867,96.8837000000058 2.17234404754042,41.5616819632572,96.670100000003 2.1724290398444,41.5616090402123,95.0 2.17247497250152,41.5615139896173,94.7885999999999 2.1724540183992,41.5614080424974,94.9968999999983 2.17246508205025,41.5613069569449,94.8723999999929 2.17246592017841,41.5612080503838,95.5314999999973 2.1724379250809,41.5611079700746,96.7301000000007 2.17247497250152,41.5610199603336,96.1036000000022 2.17252895226694,41.5609289331242,95.1073999999935 2.17249408326088,41.56083304401,95.5613000000012 2.17240992908505,41.5607690060511,96.8800000000047 2.17234103009941,41.5606950777578,97.2994999999937 2.17222603047168,41.560655011861,98.0 2.17210398984874,41.5606429424139,98.585699999996 2.17197105266141,41.5606360688238,99.0 2.17187499670641,41.5605690139764,99.8104000000021 2.17174792641622,41.5605720313418,100.881800000003 2.17162907121928,41.5605450417457,102.224499999997 2.17150200182739,41.5605039701904,103.407800000001 2.17137007075321,41.560497935453,104.868499999997 2.17125406501233,41.560473963196,105.772100000002 2.17112900694837,41.5604459673204,106.821400000001 2.17100998376652,41.5604089193144,107.757899999997 2.17089196669774,41.5603799178432,108.688399999999 2.17076707661874,41.5603639927726,109.560500000007 2.17065006476475,41.5603239273427,110.649900000004 2.17053305380913,41.5602939195925,111.5818 2.17042308295035,41.5602580451115,112.397500000006 2.17030003711263,41.5602260261912,114.0 2.1701790017045,41.5602050718881,115.0 2.17005796719471,41.5601839495349,115.379000000001 2.16993995012594,41.5601579653476,117.0 2.16982696182611,41.56012192342,117.621499999994 2.16970592731632,41.5601029802265,119.012400000007 2.16958992157548,41.5600709612293,120.000100000005 2.16947207249166,41.5600479950586,120.972899999993 2.16934802054082,41.560014969789,121.978799999997 2.16922799124581,41.5599720547931,122.501900000003 2.16910896806392,41.5599489205435,123.134999999995 2.16899095099515,41.5599269599039,124.207999999999 2.16888098013641,41.5598890740692,124.873300000007 2.16876799273492,41.559857054966,125.724900000001 2.16864695732679,41.5598149780695,126.741200000004 2.16853799258114,41.5597710566917,127.0 2.16841897029758,41.5597450730106,128.421799999996 2.16828402088401,41.5597509404461,129.640899999999 2.1681539340511,41.5597259623344,129.955700000006 2.16803591698233,41.5597110420083,129.506099999999 2.16791907311333,41.5596719824242,128.702900000004 2.16779401504937,41.5596500216905,128.313800000004 2.16766996309849,41.5596230323814,128.184699999998 2.16754607823431,41.5595859845758,126.823600000003 2.16743007339177,41.559560000148,126.446400000001 2.16730501532781,41.5595289871346,126.0245 2.1671990680232,41.5594770195671,124.986999999994 2.16708406839548,41.5594510357677,124.766300000003 2.16697392955175,41.5594049349324,123.642900000006 2.16684903947275,41.5593739218446,123.495999999999 2.16672800496296,41.5593259778321,122.131399999998 2.16661401055002,41.5592719982599,121.249400000001 2.16651292492773,41.5592220423288,119.237099999998 2.16638300607975,41.5591759413301,117.988700000002 2.16627202910786,41.5591249797378,117.044599999994 2.16616993737246,41.5590550746047,116.047000000006 2.16609500350471,41.5589769552921,114.361900000004 2.1660140338566,41.5589060444085,113.599400000006 2.16594597299908,41.5588250748433,111.911900000006 2.16588595924989,41.5587419266163,111.026500000007 2.16582007680696,41.5586659868326,110.102700000003 2.16573106094882,41.5585999368805,110.220600000001 2.16565797132238,41.5585219857374,109.0 2.16552503413504,41.5584839317037,108.788 2.16539695863003,41.5584720292266,108.340299999996 2.16527106243792,41.5584410163633,108.0 2.16514600437396,41.5584420219608,107.422600000005 2.16501994019688,41.5584309576981,108.020699999994 2.16491198156434,41.558391060462,109.0 2.16493193045185,41.55830204411,109.901199999993 2.16495808220642,41.5582130283076,110.781700000007 2.16497199621186,41.5581129487377,111.478700000007 2.16502496986417,41.5580239326748,110.447799999994 2.16494500632914,41.5579890638827,109.931599999996 2.16487107767621,41.5579729708463,110.957599999994 2.1648040229318,41.5579240201889,111.0 2.1647430021712,41.5579290495611,110.979699999996 2.16472003584264,41.5579699533595,110.775299999994 2.16469204074513,41.5580319795232,111.851599999995 2.16468097619578,41.5580859587867,112.0 2.16466706219034,41.5581479848391,112.0 2.16464594010305,41.5581880502737,112.0 2.16460704844115,41.558215040182,112.0 2.16451903779782,41.5581779922414,111.853499999997 2.16444192461721,41.5581159662178,111.8609 2.16437906051363,41.5580650037897,112.1973 2.16438895096491,41.5579999608444,113.003500000006 2.16439297451904,41.5579320670498,113.0 2.16437805440052,41.5578750701666,113.942800000004 2.16433295987155,41.5578889839659,113.938200000004 2.16426607221381,41.5579270376778,114.0 2.16419599913009,41.5579540276951,114.180699999997 2.16409005182548,41.5579699533595,115.0 2.16399198364422,41.5579050776955,115.0 2.16392107333063,41.5578060032561,115.0 2.16387597880167,41.5577330805429,115.0 2.16383691915481,41.5576740722652,115.0 2.16374907649644,41.557614057651,115.368100000007 2.16358697011352,41.5575550492647,116.0 2.16339401917703,41.5575409673433,116.0 2.16326694978514,41.5575220247378,116.107399999994 2.16315697892637,41.5574839707875,116.907900000006 2.16303996707241,41.5574459168147,117.1486 2.16291893256262,41.5574120539966,117.0 2.16279102504257,41.5574120539966,118.460500000001 2.16266194342444,41.5574140652237,119.209400000007 2.16253604723233,41.5573929433027,119.277400000006 2.16241803016355,41.5573699768526,119.8266 2.16228794333064,41.5573560629414,121.761499999993 2.16216305235331,41.5573319228127,123.155400000003 2.1620490588387,41.5572990655502,124.934699999998 2.16193104176993,41.5572759316882,125.955700000006 2.16181302470115,41.5572600058527,129.831099999996 2.16169299540614,41.5572340225064,128.6296 2.16161705542531,41.557203009049,126.5003 2.1614710423607,41.5571669668179,125.540699999998 2.1613300589634,41.557122040039,124.993900000001 2.16121807677669,41.5570950503465,126.009399999995 2.16113107314481,41.5570640374947,125.726899999994 2.16103099273731,41.5570320183363,125.751699999993 2.16089805554998,41.5569810563979,126.5717 2.16079898215393,41.5569180242765,126.915399999998 2.16070108105932,41.5568610278434,127.967699999994 2.1605979841091,41.5567949780633,128.824699999997 2.16050997346577,41.556723061178,128.655299999999 2.16040503227428,41.5566699203657,129.183499999999 2.16028802131866,41.5566259988671,130.463300000003 2.16020705167051,41.556551064913,130.348100000003 2.16013798469987,41.5564719396343,130.919500000004 2.16008702327384,41.5563869471905,131.756299999994 2.16003404962153,41.5563029602658,132.0 2.15995995298361,41.5562250090411,132.567999999999 2.15990496800341,41.5561259347151,133.617700000003 2.15985300046422,41.5560369186043,135.0 2.15983003413566,41.5559629902756,135.0 2.1598179634732,41.5559090112556,135.0 2.1598070678071,41.5558679394429,135.0 2.15982399925359,41.5558230124333,135.0 2.15983606901773,41.5557779180101,135.0 2.15978292738047,41.5557559572976,135.0 2.15958997644398,41.555759980527,133.916899999997 2.15950800068272,41.5557740621642,133.256500000003 2.15935494752125,41.5557779180101,132.0 2.15923894178041,41.5557799299603,131.0 2.15914405902515,41.5557919996434,130.400399999999 2.15901095385286,41.5558119483945,129.152799999996 2.15889293678408,41.5558399442609,128.457699999999 2.15876301793613,41.555858049104,127.0 2.15864902352319,41.5558310595558,127.0 2.15853201256757,41.5558550315185,127.0 2.15846596303798,41.5559299656073,126.0 2.15833906073275,41.5559370064078,125.774999999994 2.15814895925232,41.5560000381415,125.092300000004 2.15802691862937,41.5560099291309,125.0 2.15791108087349,41.5560640761205,124.1685 2.1578289380256,41.5560870423624,124.0 2.15774796927579,41.5560860367282,124.0 2.15762307829846,41.5561059853887,124.0 2.15743197160324,41.5561490689888,124.0 2.15734396095991,41.5561760584042,123.241899999994 2.15724203720944,41.5562090829467,123.0 2.15714698646922,41.5562250090411,123.0 2.15705897672423,41.5562459632903,122.553899999999 2.15696794953818,41.5562709414026,122.016000000003 2.15690793489066,41.5562650743233,122.0 2.15685093768419,41.5562519984247,122.0 2.15679192914982,41.5562379168917,121.117800000007 2.15673493194335,41.5562219914726,119.529800000004 2.15670391940482,41.5562139443988,119.234100000001 2.15664004918809,41.5562519984247,117.728099999993 2.15653091645751,41.5562459632903,117.995299999995 2.1564189342708,41.5562169619676,118.731599999999 2.15630192331518,41.5561960070368,118.313999999998 2.15617401489679,41.5561589592832,119.093500000003 2.15605197517218,41.5561120205361,119.162899999996 2.15593395720511,41.5560709495246,119.673200000005 2.15584695357323,41.5560079171878,120.990300000005 2.15573698271445,41.5559660078561,120.979200000002 2.15561091943568,41.5559299656073,120.216799999995 2.15554000822377,41.5558999585058,121.610400000005 2.15549105812563,41.5558679394429,122.0 2.15538192539501,41.5558379323126,123.0 2.15532593430169,41.5558139603436,123.0 2.15520305555059,41.5557839531882,123.717300000004 2.15511102225143,41.5557680276574,124.864400000006 2.15504799016289,41.5557789236491,125.156600000002 2.15500004617787,41.5557980348202,126.301000000007 2.15489996577038,41.5558570434662,127.504499999995 2.15482301967639,41.5559170576952,128.868199999997 2.15473702215763,41.5559849509178,131.827999999994 2.15463995919115,41.5560379249115,134.083499999993 2.15452697089136,41.5561110149023,135.0 2.1544959583528,41.5561970133414,135.0 2.1544079486078,41.5562860292317,135.226200000005 2.15436905604756,41.5563420198695,136.0 2.15428791931279,41.5564650662728,136.0 2.15422103165505,41.5565659846242,136.961200000005 2.15411893991965,41.5566199637676,137.0 2.15403495372878,41.5566999271097,138.0 2.15396907218415,41.5567770408625,139.0 2.15389397033145,41.556872929945,139.0 2.15381300068333,41.5569379733523,139.708100000003 2.15373001970725,41.556985079551,140.185700000002 2.15364200996226,41.5570459323172,141.006699999998 2.15354193045309,41.5570920328187,141.806500000006 2.15344905812744,41.5571619380586,142.0 2.1533449550641,41.557224969942,143.0 2.1532470548678,41.5572960480319,143.998000000007 2.15316591813302,41.5573309171979,144.0 2.15307002926465,41.5573889195027,144.115999999995 2.15295704096486,41.557447928713,145.0 2.1528750661019,41.5575139778257,145.0 2.15277398047961,41.5575739925329,146.0 2.15267406805707,41.557628977789,146.000100000005 2.15256996409544,41.5576849686078,146.993100000007 2.15244993569877,41.5577339187741,147.0 2.15236494339479,41.557801980154,148.0 2.15226100741808,41.5578579708229,148.0 2.15218003866827,41.5578700407902,148.564799999993 2.15208498792805,41.5578380220311,150.216499999995 2.15203603693158,41.5578080151432,151.770399999994 2.15193796875035,41.5577610762493,154.459199999998 2.15181995168158,41.557722016831,156.334600000002 2.15174401170071,41.5576839629984,157.0 2.1517019346128,41.5576680372636,157.0 2.15166002550985,41.5576569728684,157.0 2.15158995242613,41.5577010617159,157.661399999997 2.15155793377445,41.5577439775477,157.777600000001 2.15150496012215,41.5577570531444,158.0 2.15144896902879,41.5577439775477,158.0 2.15140303637171,41.5577200049413,158.0</coordinates>
</LineString>
</Placemark>
</Folder>
</Document></kml>
