<?xml version="1.0" encoding="UTF-8"?>

<kml xmlns:xsd="http://www.w3.org/2001/XMLSchema" xmlns:gx="http://www.google.com/kml/ext/2.2" xmlns:atom="http://www.w3.org/2005/Atom" xmlns="http://www.opengis.net/kml/2.2">
<Document>
<name>ES14a_09a_escatron-velilla_de_ebro</name>
<visibility>1</visibility>
<Schema name="ES14a_09a_escatron-velilla_de_ebro" id="kml_schema_ft_ES14a_09a_escatron-velilla_de_ebro">
<SimpleField type="xsd:string" name="id">
<displayName>id</displayName>
</SimpleField>
<SimpleField type="xsd:string" name="nombre">
<displayName>nombre</displayName>
</SimpleField>
<SimpleField type="xsd:double" name="longitud">
<displayName>longitud</displayName>
</SimpleField>
<SimpleField type="xsd:string" name="_formato">
<displayName>_formato</displayName>
</SimpleField>
</Schema>
<Folder id="kml_ft_ES14a_09a_escatron-velilla_de_ebro">
<name>ES14a_09a_escatron-velilla_de_ebro</name>
<Placemark id="kml_1">
<name>&lt;img height='20' src='https://nco.ign.es/iconos/icono_todos_caminos_azul.png' /&gt;&lt;img height='20' src='https://nco.ign.es/iconos/Camino Santiago_20.png' /&gt;&lt;img height='20' src='https://nco.ign.es/iconos/icono_todos_caminos_azul.png' /&gt;  Camino de Santiago </name>
<visibility>1</visibility>
<description><![CDATA[<!DOCTYPE html>
<html>
<head>
<style>
#nco {
  border-collapse: collapse;
  overflow:hidden;
}
#nco th, #nco td {
  padding: 4px;
  text-align: left;
}
#nco th {
  color: #364B5F;
  padding-right: 5px;
}
#nco td {
  color: rgb(51, 51, 51);
  font-size: 12px;
  padding-right: 5px;
}
</style>
</head>
<body>
<table id="nco">
<tr>
<td>Caminos del Nordeste</td>
</tr>
<tr>
<th><b>Camino: </b></th>
<td>ES14a Camino Santiago del Ebro</td>
</tr>
<tr>
<th><b>Etapa: </b></th>
<td>09a Escatrón-Velilla de Ebro</td>
</tr>
<tr>
<th><b>Longitud: </b></th>
<td>24.29 km</td>
</tr>
</table>
</body>
</html>]]></description>
<Style>
<IconStyle>
<scale>0.8</scale>
</IconStyle>
<LabelStyle>
<color>ffffffff</color>
<scale>0.75</scale>
</LabelStyle>
<LineStyle>
<color>ffff0000</color>
<width>3.0</width>
<gx:labelVisibility>1</gx:labelVisibility>
</LineStyle>
<PolyStyle>
<color>66ff0000</color>
</PolyStyle>
</Style>
<ExtendedData>
<SchemaData schemaUrl="#kml_schema_ft_ES14a_09a_escatron-velilla_de_ebro">
<SimpleData name="id">ES14a_09a</SimpleData>
<SimpleData name="_formato">kml</SimpleData>
</SchemaData>
</ExtendedData>
<LineString>
<extrude>0</extrude>
<tessellate>1</tessellate>
<coordinates>-0.324602442415987,41.2926217798942,142.0 -0.324583714338933,41.292665576606,141.832399999999 -0.324521626379745,41.2927449038646,141.263699999996 -0.32466290801775,41.2928352002531,140.0 -0.324702943235025,41.2929222540795,139.487599999993 -0.324684057952812,41.293041973065,139.0 -0.324829390992727,41.2931089929498,138.1584 -0.324859613013843,41.2933292664166,137.655700000003 -0.324903708616199,41.2935442658426,135.897700000001 -0.324806228831433,41.2937722901607,133.0 -0.324682635919707,41.2940783900155,130.655799999993 -0.324637342863087,41.2942557393047,130.0 -0.324499764979015,41.2945521233219,129.0147 -0.324394811211098,41.2947641098964,129.0 -0.324321708109901,41.2948870658165,129.858900000007 -0.32425490040223,41.2949800103413,127.679699999993 -0.324238581606791,41.2950282275688,127.532099999997 -0.324244953357104,41.2950775037148,128.0 -0.324268985087555,41.2951075782762,128.0 -0.324305775590048,41.2951290016683,128.0 -0.324343883921016,41.2951520711887,128.0 -0.32437675058232,41.295172665087,128.0 -0.324432608725004,41.2951937644953,128.0 -0.324493640265405,41.2952152668249,128.0 -0.324634379320962,41.2952674443152,128.0 -0.324679877193488,41.2952891970161,127.366999999998 -0.325341207024164,41.2955334281233,127.0 -0.325992778455938,41.2957727476289,126.842999999993 -0.32640220271468,41.2959307283523,127.0 -0.326707701776482,41.2960373748261,127.3943 -0.326862401549898,41.2960945946049,128.0 -0.327037501165067,41.29615666425,127.868799999997 -0.327666708139536,41.2963894328232,128.009099999996 -0.327783754129482,41.2964204131827,128.610700000005 -0.327943528485901,41.2964588748908,130.0 -0.328138254493422,41.2964927202033,131.0 -0.328214252864764,41.2964979574918,131.0 -0.328269637595277,41.2964982733489,131.0 -0.328679612521273,41.296518009014,130.0 -0.328720478680197,41.2965867294687,130.842300000004 -0.328584019198645,41.296769923369,130.043999999994 -0.328273801286624,41.2971971526595,121.0 -0.327963568103252,41.2976129281794,121.0 -0.326239241135626,41.2998132960939,130.791800000006 -0.326035276853721,41.2997710590919,131.0 -0.324177148519455,41.2995809919067,131.572 -0.322965413727658,41.2994003245475,132.0 -0.322098299628291,41.2993099684092,131.705100000006 -0.321276512721534,41.2992715468505,132.0 -0.321003930626674,41.2992578515176,132.0 -0.320730083703868,41.2992256995643,131.541299999997 -0.320520801395514,41.2991984964929,132.017000000007 -0.320302427238136,41.2991858694804,131.877999999997 -0.320061297856316,41.299183765203,132.0 -0.319815920341522,41.2991739247697,132.864499999996 -0.319347663618207,41.2991162082802,132.825100000002 -0.318856763061522,41.299055994677,133.0 -0.318581745633931,41.2990022808106,133.0 -0.31829252763829,41.2989331863162,133.0 -0.31797050945673,41.2988358201849,133.0 -0.317674198363608,41.2987495253975,132.707699999999 -0.31745920905826,41.2986882147666,132.996199999994 -0.317272717906965,41.2986498623548,133.0 -0.317062832829025,41.2986451104822,133.0 -0.3168961171904,41.2986089143073,132.910999999993 -0.316725445371258,41.2985421214363,132.650999999998 -0.316491774701238,41.2984668735015,132.8845 -0.316308245295407,41.2984012446678,133.0 -0.316171677117705,41.2983784050839,133.085800000001 -0.316052391627762,41.2983927012525,133.464999999997 -0.315919167877888,41.2984108463072,134.914099999995 -0.31570488015674,41.2984136956863,136.5622 -0.315458306085979,41.298392813284,138.547300000006 -0.315213082183089,41.2983610104968,139.196200000006 -0.314989962226079,41.2983209578462,139.0 -0.314818671467703,41.2982828981207,139.328399999999 -0.314635589422926,41.2982455159628,140.0 -0.314532318199539,41.298229877405,140.0 -0.31442494796353,41.2982087972009,140.0 -0.31429845529004,41.2982035060584,140.1728 -0.314208294978224,41.2981992528975,140.125100000005 -0.314133785115306,41.2981922866754,140.009000000005 -0.314079456803547,41.2982001397038,140.211599999995 -0.313998832108487,41.2982365378977,141.0 -0.313940588040412,41.2982581175115,141.215100000001 -0.313885447651643,41.2982652686464,142.133600000001 -0.313827792878398,41.298250750411,143.109100000001 -0.313795692480018,41.2982199841863,143.467199999999 -0.313765149760371,41.2981809417608,143.165099999998 -0.313736434213987,41.2981190306169,143.158899999995 -0.313707863296403,41.2980624368892,143.247000000003 -0.313672873916057,41.2980283845244,143.464699999997 -0.313620637780604,41.2979949591172,142.973700000002 -0.313564224479081,41.2979821273791,143.451199999996 -0.313474963380892,41.297964021349,143.436199999996 -0.313383605614812,41.2979504809668,144.021399999998 -0.313309623961254,41.2979261740066,145.009900000005 -0.313252296174786,41.297894344671,145.841799999995 -0.313191349974343,41.2978587311881,146.040399999998 -0.313129032046431,41.2978327491056,147.053799999994 -0.313061365549335,41.2978178508083,147.492299999998 -0.312979163412639,41.2978101779308,148.046100000007 -0.312913345648403,41.2978224488653,148.0 -0.312844552663946,41.2978626543481,148.357699999993 -0.31278300279562,41.2979080625618,148.556400000001 -0.312700435942902,41.2979518165806,148.412400000001 -0.312640239835735,41.297979713287,149.063099999999 -0.312577873398814,41.2980137616279,149.851599999995 -0.312494493570756,41.2980401850179,150.481599999999 -0.312399671002637,41.2980708062256,151.179300000003 -0.312317433831654,41.2980910955012,151.360700000005 -0.312255125785211,41.2981145830816,151.599499999997 -0.312172401727334,41.2981540858226,152.0 -0.312117291881299,41.2981749291577,152.0 -0.31204854111764,41.2981896343547,152.0 -0.311973247025489,41.2982065855844,153.0 -0.311863223166121,41.2982189792744,153.810500000007 -0.311748544236926,41.2982381380626,155.0 -0.311661686132107,41.2982670942238,155.0 -0.311575031046532,41.2983168093008,155.311600000001 -0.311510101716125,41.2983680381157,156.043099999995 -0.311447703838172,41.2984158668025,156.0 -0.311402582359764,41.2984483491753,156.046199999997 -0.311321014433652,41.2984792333976,157.081000000006 -0.311193679140452,41.2985042265124,157.0 -0.311098563721546,41.2985293087026,157.067599999995 -0.311021366997609,41.2985546486901,157.068299999999 -0.310970141466824,41.2985875372756,157.427299999996 -0.310948380677402,41.2986366183902,158.0 -0.310934229516726,41.2986891481334,158.0 -0.310914091084695,41.2987487870733,158.037200000006 -0.310939926632251,41.2987967477582,159.0 -0.31094976587956,41.2988592049148,159.112399999998 -0.310956783518552,41.2989060303647,159.636100000003 -0.311026781143816,41.298951547858,160.0 -0.311108719175832,41.2989657737131,160.847599999994 -0.311110441246235,41.2989676944294,160.877800000002 -0.31121206136609,41.2989677052275,161.0 -0.311317897279624,41.2989752078984,161.0 -0.311398129410919,41.2989924936657,161.0 -0.311501654857518,41.2990251910387,161.060899999997 -0.311590817141025,41.2990954185616,162.006399999998 -0.311665910010593,41.2991849415197,162.0 -0.311736127723079,41.2992865602202,162.809899999993 -0.311799584714743,41.2993866596111,163.0 -0.311895071137883,41.2995226643389,164.0 -0.311988590250514,41.2996209850693,165.0383 -0.312059011880608,41.2997172985732,166.593699999998 -0.312136507743511,41.2997858746084,167.623699999996 -0.312232171134746,41.2998688759922,168.501799999998 -0.312295539193231,41.2999277438235,169.5766 -0.312359026727596,41.2999750658872,170.231299999999 -0.312435532647098,41.3000254099924,170.917700000005 -0.312509913152634,41.3000564378905,171.937000000005 -0.312545817017891,41.3001194418358,171.736399999994 -0.312565448800126,41.3002110197169,171.965299999996 -0.31259693924241,41.3002754967523,172.0 -0.312632014860977,41.3003501102487,172.309800000003 -0.312660813950691,41.3004300186712,173.0 -0.312686483309918,41.3005008966028,173.0 -0.312718856796115,41.3005613194303,173.350099999996 -0.312736184399662,41.3006051033878,174.0 -0.31277326415962,41.3006403111266,174.0095 -0.312844264304745,41.3006646744389,173.966199999995 -0.312913664550339,41.3007118927136,174.429600000003 -0.313001157764073,41.3007497438383,174.387900000002 -0.313089481021091,41.3007951723125,174.820399999997 -0.31312698568421,41.3008545859469,175.035399999993 -0.313159663699324,41.3009086910577,175.0 -0.313195803821518,41.3009667271952,174.668099999995 -0.313218313805886,41.3010036934284,174.373099999997 -0.31324543035107,41.3010398714026,174.687099999996 -0.313315894201961,41.301065169923,175.0 -0.31337341153295,41.3010883136031,175.0 -0.313430391671441,41.3011112406447,175.0 -0.31347600812155,41.3011275985877,175.0 -0.313526784494687,41.301155666025,175.019700000004 -0.31358089182086,41.3012038537175,175.171300000002 -0.313658123579117,41.3012673289556,175.876099999994 -0.313720045349941,41.3013250853826,175.833100000003 -0.313745577266978,41.3013930672022,176.0 -0.313774243405988,41.3014477684399,176.0 -0.313787236638273,41.3015312414578,176.0 -0.313807766735771,41.3016301314372,176.120699999999 -0.313829119690078,41.301707342923,176.158500000005 -0.313866017092059,41.3017904680589,177.001699999993 -0.313900812436264,41.3018655724646,177.419299999994 -0.313918101412235,41.3019275995009,178.0 -0.31394656722696,41.3020087038515,177.468500000003 -0.313933152684803,41.3020878220164,178.0 -0.313901548156487,41.3022007439693,178.0 -0.313868466797843,41.3022832476159,177.658100000001 -0.313808111688823,41.3023592253817,177.725699999995 -0.313787251909623,41.3024268909697,177.832699999999 -0.313796183858497,41.3024865399886,177.6005 -0.313830072802598,41.3025673332151,178.319799999997 -0.313859773800831,41.3026365858222,178.557700000005 -0.313846583837516,41.3027023392892,178.917600000001 -0.313815000868764,41.3027714858024,179.0 -0.31383191075566,41.302843370079,179.0 -0.313880698258756,41.3029130326968,179.953500000003 -0.313956151352726,41.3029971780053,180.0 -0.314043981434671,41.3031180992846,180.0 -0.314092423086385,41.3031952030588,180.035099999994 -0.31414535272123,41.3033085097763,181.0 -0.314189584867512,41.3034285046026,181.0 -0.31423255128755,41.3035081528154,181.0 -0.314293643913387,41.3036242609023,181.549899999998 -0.314361258308184,41.3037238313143,183.0 -0.31444210219217,41.3038220782277,183.0 -0.314540025744669,41.303947493703,183.734700000001 -0.31463780736336,41.3040809468356,184.0 -0.314745399483252,41.3041928092305,185.0 -0.314837988839587,41.3043205541716,185.9948 -0.314925158659799,41.304442373215,186.204199999993 -0.314990983610545,41.3045487689077,187.0 -0.315046964822431,41.3046694295272,188.0 -0.315095536729857,41.3047909570703,189.0 -0.315114293552985,41.3049232066203,189.948199999999 -0.315132944374922,41.3051200030529,192.0 -0.315150568422477,41.3052572455865,193.457500000004 -0.315152328222124,41.3053080566363,194.495500000005 -0.315145208175163,41.3053642209666,195.117700000003 -0.315114217196198,41.3054125033975,196.478000000003 -0.315082766279786,41.305457630355,197.138999999996 -0.315040652360927,41.3054880058215,197.823300000004 -0.314976926772997,41.3055193982199,198.589300000007 -0.314893868541834,41.305546568288,199.350699999995 -0.314794030679453,41.3055637902306,200.540699999998 -0.314698617019878,41.3055746412464,201.840500000006 -0.314648246685263,41.3056020535498,202.1204 -0.314605323384352,41.3056341105848,203.0 -0.314524934047898,41.3056811714039,203.397700000001 -0.314503049290943,41.3057352812829,204.319099999993 -0.314487309908865,41.3057977128997,205.0 -0.314483598070092,41.3058399513971,205.653600000005 -0.314509990573149,41.305898604647,206.0 -0.314573871569643,41.3059756734175,206.0 -0.31461718473936,41.3060712102784,206.0 -0.314655388291787,41.3061675803876,206.8073 -0.314703026849596,41.3062690512219,207.0 -0.314751019343661,41.3063530491409,207.0 -0.314795271252878,41.3064640222935,207.0 -0.314862461642846,41.3065513487708,207.0 -0.31494823907439,41.306665676707,207.328599999993 -0.315117211281024,41.3068980035684,208.0 -0.315298225404049,41.3071441967049,208.0 -0.315540298915219,41.3075042140045,208.928899999999 -0.315687400737951,41.3077008420467,209.0 -0.315796554129799,41.3078951738594,209.189599999998 -0.315846440272478,41.3079641218764,209.370999999999 -0.315923136634798,41.3081033456749,209.750899999999 -0.315960387973002,41.3081787694069,210.0 -0.316023769506176,41.3082358456005,210.0 -0.316106525005119,41.3083145587611,210.0 -0.31626336366719,41.3084684158626,210.728600000002 -0.316322540186552,41.3085522908367,211.0 -0.316390631586741,41.3086281384878,211.0 -0.31645751834619,41.3087206896015,212.0 -0.3165151838992,41.3088167109816,212.0 -0.31658281536201,41.3089103313537,212.3511 -0.316632987168933,41.3089891975497,213.0 -0.316686404589002,41.3090718181161,214.0 -0.316702779978325,41.3091273374908,214.504100000006 -0.316743215844206,41.3092052978738,216.0 -0.316755284710044,41.3092662511075,216.561600000001 -0.316765376383937,41.3093498544704,217.0 -0.316762718269025,41.3094504728359,217.0 -0.316761910683568,41.3096023400512,217.0 -0.316741594385112,41.3097546185232,217.0 -0.316726064310491,41.3098917109496,217.268400000001 -0.316708998116701,41.3100096558605,218.0 -0.316707841984936,41.3101021564298,218.0 -0.316690960844114,41.3101973977696,218.0 -0.31667390093857,41.3103393799621,218.0 -0.316674031194282,41.3104415474081,218.0 -0.316673255948187,41.3105187309167,218.0 -0.316694235203334,41.3106015364539,218.152199999997 -0.316785140218511,41.3107362161786,218.001300000004 -0.316835721657211,41.3108396940611,218.040900000007 -0.316911943709063,41.3109517884487,218.0 -0.316963579769922,41.3110709689471,218.418099999995 -0.316961776851147,41.3110827616825,218.642999999996 -0.317046425100373,41.3112048589121,219.0 -0.317116906019242,41.3112973591352,218.066399999996 -0.317180684607767,41.3113964387546,218.0 -0.317258935953863,41.3114977293893,218.0 -0.317316940171745,41.3115623956666,218.344200000007 -0.317406929803646,41.3116486694505,218.8753 -0.317470287980663,41.3117193037488,219.0 -0.317519316232214,41.3117619999393,218.994300000006 -0.317589653420648,41.3118009539388,219.0 -0.317660715549539,41.3118482066589,219.0 -0.317723297582097,41.3118828246695,219.0 -0.317801546233234,41.3119317965896,219.0 -0.317852852612391,41.3119580281097,219.0 -0.317889553283308,41.3119818494193,219.0 -0.317926066206364,41.3120055499403,219.0 -0.317947165835756,41.3120256614704,219.0 -0.317967267436872,41.3120480414949,219.0 -0.317980687368878,41.3120731333204,219.0 -0.317992505604759,41.3121066864611,219.0 -0.318010727031983,41.3121474964819,219.0 -0.318021410695663,41.3121938798782,219.636499999993 -0.318013583674586,41.3122410979014,219.987899999993 -0.31799678248384,41.3122972407404,220.0 -0.31798192973893,41.3123535508676,220.0 -0.317970580423634,41.3123965806408,220.0 -0.317970446574667,41.3124454118284,220.0 -0.317975071101725,41.3124925493751,220.0 -0.317979627356869,41.3125556991947,220.0 -0.317993378767237,41.3126419851589,220.0 -0.318002624228131,41.3127165723601,220.0 -0.318002720347854,41.3127697735985,220.0 -0.318012595527779,41.3128346525063,220.013999999996 -0.318014462226948,41.3129126685077,220.891099999993 -0.317998834235943,41.3129858694881,220.556100000002 -0.317988717409199,41.3130495889826,220.016900000002 -0.317966893737713,41.3131245819087,220.0 -0.317944175344152,41.3131965249442,220.019799999995 -0.317912171963858,41.3132895918172,220.0 -0.317892411722539,41.3133409485399,220.0 -0.317874782285101,41.3133860079346,220.0 -0.317860943738148,41.3134261633381,219.906799999997 -0.317819172975747,41.3134722394959,219.923999999999 -0.317767415642347,41.3135199950295,219.502800000002 -0.317711296988239,41.313571122162,219.187099999996 -0.317665962609085,41.3136149223492,219.0 -0.317629284396063,41.3136647721422,219.0 -0.317595237348472,41.3137253703469,219.0 -0.317557235018695,41.3137958613767,218.284299999999 -0.317523395481934,41.3138801410814,218.0 -0.317510943035469,41.3139853318294,218.0 -0.317491078589586,41.3140724545862,218.009600000005 -0.317453359229128,41.3142298154398,218.0 -0.317413743525097,41.3145895176519,218.0 -0.317373139674259,41.3148570278104,218.0 -0.317349011824018,41.31498198147,218.0 -0.317346695068904,41.3150283102216,218.0 -0.317335205616428,41.3152159256752,218.0 -0.317319017076701,41.3154240295842,219.0 -0.317317047969597,41.3156209832407,219.0 -0.317289566708425,41.3160669086038,219.0 -0.317280292501424,41.316217784109,219.674199999994 -0.317271764794445,41.3163329418466,220.0 -0.317263853331741,41.3164665882322,220.0 -0.317266013779993,41.3166009205139,220.073300000004 -0.317255461270356,41.3167323870727,221.0 -0.317254951027272,41.3168244658626,221.005900000004 -0.317252255183082,41.3168763082813,221.317899999995 -0.317273210183741,41.3169312832762,222.212499999994 -0.317313098077293,41.3170315593394,223.157399999996 -0.317318484375722,41.3171265173042,224.3128 -0.317327393866735,41.3172186812234,225.859100000001 -0.31734675615434,41.3172986242988,227.588399999993 -0.317360916298187,41.3173819164482,228.665299999993 -0.317352706594814,41.3174325514002,229.096000000005 -0.317370906462441,41.3174873214945,229.789900000003 -0.317391811157429,41.3175540463827,229.879400000005 -0.317442977399373,41.3175936965746,229.408899999995 -0.317545968348399,41.3176138090793,229.218800000002 -0.317688221065199,41.3176542837052,228.046499999997 -0.317785936208538,41.3176804623209,227.123900000006 -0.317924787903695,41.317689561177,226.0 -0.318050462211962,41.3177035717667,225.0 -0.31815988779333,41.3177025550106,223.204899999997 -0.318282951597365,41.3176828068654,222.158200000005 -0.318407098769633,41.3176762900436,222.0 -0.318511366224668,41.3176796560675,221.0 -0.318606084588223,41.3176749980139,220.918699999995 -0.318743523233445,41.3176609799965,220.0 -0.318863316271515,41.3176585828255,220.090700000001 -0.31899185081564,41.3176513359874,220.395000000004 -0.319126262138344,41.3176317423305,219.067299999995 -0.319236006621648,41.3175852575519,219.0 -0.3193309944798,41.3175562701621,219.0 -0.319449159770596,41.317535888438,218.0 -0.319565453870638,41.3175033865615,217.810100000002 -0.319657948903877,41.3174802756954,217.0 -0.319758872829415,41.3174607811666,216.023499999996 -0.319850428224857,41.3174491009091,216.025200000004 -0.319970390146215,41.3174227238411,215.086200000005 -0.320049259533213,41.317408971598,215.0 -0.320147117508691,41.3173978857349,214.675799999997 -0.320249082581631,41.3173788405266,214.043600000005 -0.320327584557683,41.3173738619727,213.352899999998 -0.320414174964534,41.3173763488883,213.237399999998 -0.3205156163197,41.3173902839798,212.0 -0.320611116217531,41.3174039916971,211.827699999994 -0.32067732924049,41.3174233114976,211.330700000006 -0.320745919205702,41.3174496730475,210.799199999994 -0.32082822914025,41.3174642018516,209.695999999996 -0.320875277504932,41.3174821088311,208.909299999999 -0.320944950838377,41.3175086268855,208.165800000002 -0.321005131674194,41.3175220296177,208.096900000004 -0.321047835786179,41.3175365125268,207.017200000002 -0.321274524749824,41.3176426689272,205.0 -0.321504791703209,41.3177243791668,203.191399999996 -0.321602524812856,41.3177738844249,203.035900000003 -0.321714309370202,41.3178179246756,202.143800000005 -0.321844692647154,41.3178413336339,201.797999999995 -0.32193720744333,41.3178602208303,201.0 -0.322032355201598,41.3178903496552,201.0 -0.322128060813663,41.3179088482178,200.629700000005 -0.322195891702428,41.3179443056931,200.213000000003 -0.322296677287413,41.3179643060917,200.0 -0.322424715961507,41.3180037077497,200.0 -0.322477575527779,41.3180244772716,199.698999999993 -0.322570896112751,41.3180590461237,199.0 -0.322666843371603,41.3180783825971,199.0 -0.322769359111831,41.3181118442631,198.092499999999 -0.322876944045213,41.3181232194445,198.0 -0.322953388879245,41.3181360526168,198.0 -0.323066448145973,41.3181442959097,197.758199999997 -0.323176249223127,41.3181478211349,197.0 -0.323262280877884,41.3181502958765,197.0 -0.323366471077802,41.3181623706986,197.0 -0.323439070224126,41.3181670840414,196.624299999996 -0.323509716433028,41.3181917160759,196.0818 -0.323585170425295,41.3182062413413,196.0 -0.32366522828342,41.3182391233888,196.0 -0.323737666631298,41.3182840653761,196.0 -0.32384541775301,41.3183336450988,195.0 -0.323947251671941,41.3183779838554,195.0 -0.3240382860445,41.3184228063285,195.0 -0.324129639319028,41.3184725546158,194.135299999994 -0.324212335529128,41.3185061658586,194.0 -0.324289806239213,41.318542057503,194.0 -0.324369968301934,41.3185676157313,193.171199999997 -0.324455965820701,41.3185939559033,193.133400000006 -0.324547366705909,41.3186209754667,192.734299999996 -0.324635092583291,41.3186488208261,192.126499999998 -0.324737497830743,41.3186687670342,192.096300000005 -0.324810274843493,41.3186864564362,192.0 -0.324909352731129,41.31870402709,191.962599999999 -0.325006483969521,41.3187250068884,191.337599999999 -0.325086072907061,41.3187461607469,191.409400000004 -0.325137747595462,41.3187604699917,191.037800000006 -0.325281376531316,41.3188148915114,191.0 -0.325467673646505,41.3188500712015,190.876600000003 -0.325574423146653,41.3188636942772,190.367700000003 -0.325658689611879,41.3188786673781,190.354000000007 -0.325739924263035,41.318909402941,190.025500000003 -0.325857387969565,41.3189520917233,189.452000000005 -0.325967467524487,41.3189939884087,189.495800000004 -0.326072138323085,41.3190369355362,189.590599999996 -0.326195150923152,41.3190630387077,189.172600000005 -0.326311877112865,41.3190902813939,188.949800000002 -0.32645321444639,41.3191161780937,188.561300000001 -0.326565189446554,41.3191284881981,188.0 -0.326702744872765,41.3191429471366,187.1973 -0.326828400316393,41.3191440522525,187.0 -0.326978624683036,41.3191410020516,186.0 -0.327438244104893,41.3191356323215,184.710699999996 -0.327705834261716,41.3191254703809,183.416299999997 -0.327937403772291,41.3191069640675,182.689499999993 -0.328098516618486,41.3190993807279,182.047399999996 -0.32825796668312,41.3190971887108,181.985400000005 -0.328381624273537,41.3190845486846,182.0 -0.328465175679807,41.3190721899954,182.0 -0.328595806891791,41.3190493239179,182.0 -0.328728744079124,41.3190269968977,182.0 -0.328853605412051,41.3189955017058,182.0 -0.328970734046997,41.3189615527028,181.705100000006 -0.32905488822282,41.3189314567576,181.832899999994 -0.329189045322278,41.3188819544028,181.0 -0.329270178463795,41.3188302593096,181.0 -0.3293328799723,41.3187939677402,180.853000000003 -0.329410474649917,41.3187412666322,180.426099999997 -0.329468333340737,41.3186907939451,180.218399999998 -0.329537102969002,41.3186222398158,179.971000000005 -0.329609485621326,41.318553654579,180.219599999997 -0.329679205667154,41.3184875925759,180.184299999994 -0.329742898915754,41.3184242622909,180.422500000001 -0.329803658266635,41.3183663961937,180.917600000001 -0.329874473358791,41.3183000357912,181.126399999994 -0.329929679324582,41.3182447745357,181.056400000001 -0.32998144653945,41.3182229080487,181.063200000004 -0.330033814727243,41.3181924919623,181.837700000004 -0.33008947973215,41.3181786393538,181.933799999999 -0.330146494006598,41.3181504895109,181.983900000007 -0.330186990957915,41.3181267325265,182.438599999994 -0.330241882513355,41.3180970828371,182.796300000002 -0.330286672513434,41.3180521515158,183.056400000001 -0.330314189707223,41.3180063558911,183.670599999998 -0.330326014231317,41.3179540953911,184.0 -0.330328785533963,41.3179082187351,183.816000000006 -0.330334566192818,41.3178515133166,183.721099999995 -0.330352243240968,41.3178034566722,183.984200000006 -0.330368071556259,41.3177576379334,183.525500000003 -0.330393018670019,41.317709292453,183.604500000001 -0.330418769775948,41.3176609826952,183.001099999994 -0.330443787856612,41.3176030187651,183.614199999996 -0.330485260378343,41.3175418702443,183.302599999995 -0.330521883794176,41.3174742986062,183.430600000007 -0.330552291766525,41.3174149696085,183.093900000007 -0.330588103105348,41.3173562707196,183.627200000003 -0.330608308012697,41.3173056755152,183.0 -0.330619697752196,41.3172542490492,183.285799999998 -0.330627307380975,41.3172034668754,184.062699999995 -0.330618229905005,41.317153216996,183.996100000004 -0.330605639117987,41.317110302362,184.306700000001 -0.33060507497601,41.3170561594177,185.136599999998 -0.330599834204644,41.3170046342492,185.604399999997 -0.330602751034352,41.3169559380427,185.796300000002 -0.33059865202173,41.3169138005298,185.504000000001 -0.330596902103551,41.3168713526288,185.329100000003 -0.330598663699826,41.3168233944423,185.753500000006 -0.330586777191965,41.3167805794465,185.422900000005 -0.330594039172735,41.3167464120368,185.619399999996 -0.330595533969371,41.3167191515034,185.604200000002 -0.330614867510903,41.3166836096989,185.684699999998 -0.330656682290762,41.3166495272506,186.0 -0.33069641657241,41.3166331354183,185.949600000007 -0.33073233391239,41.3166284239887,185.376600000003 -0.330791610144729,41.3166329201891,184.943700000003 -0.330837761990775,41.3166439872908,184.717600000004 -0.330875764320552,41.3166691758533,184.666599999997 -0.330919655107037,41.3166981892763,184.271900000007 -0.330920805848919,41.3167022954957,184.249800000005 -0.330957985321888,41.3167408484708,183.683399999994 -0.33098921255779,41.3167784271586,184.001300000004 -0.331047611136098,41.3168490781636,183.575400000002 -0.331087623895479,41.3169021181501,183.320399999997 -0.331134820482182,41.3169603303172,182.485000000001 -0.331177229946753,41.3170046848514,182.702600000004 -0.331237002947454,41.3170655255404,183.0 -0.331281784862692,41.3171267379294,182.967300000004 -0.331341927969264,41.3171822983476,182.847200000004 -0.331407377424223,41.3172466364823,183.0 -0.33147198695443,41.3173128859583,183.0 -0.331531706056172,41.3173765236336,183.0 -0.331589902513567,41.3174356516082,182.687300000005 -0.331632222146594,41.3174883881811,182.695200000002 -0.331694402632249,41.3175575891817,182.677899999995 -0.331752414934973,41.3176334634636,182.882199999993 -0.331783121148024,41.317693246328,183.126499999998 -0.331827100867688,41.3177593900988,183.597800000003 -0.331862543897235,41.3178568858513,184.0 -0.331887306856356,41.3179346839906,184.465200000006 -0.331891482225799,41.3179873823772,185.478300000002 -0.331903296868425,41.3180493508974,185.973299999998 -0.331914385672262,41.3180957091789,186.800300000003 -0.331931366526095,41.3181395845893,187.765899999999 -0.331946653157269,41.318194442473,188.0 -0.331974104774037,41.3182409018539,188.4329 -0.331998618899829,41.3182905895587,189.0 -0.332030118325285,41.3183385250758,189.0 -0.332056219774182,41.3183839959451,189.129100000006 -0.332080229046772,41.3184204489917,189.926200000002 -0.33210061810876,41.3184626921302,190.853700000007 -0.332111853338024,41.3185047463308,191.0 -0.332120039685207,41.3185370318104,191.454400000002 -0.332124532159958,41.3185420332145,191.506899999993 -0.332134843921106,41.3185835536922,191.826799999995 -0.332128951871144,41.3186208884331,192.250799999994 -0.33211600085969,41.3186544139151,192.915999999997 -0.332108384942731,41.3187016002715,193.156600000002 -0.332097271884338,41.318742281348,194.159799999994 -0.332081015072632,41.318785348734,194.402600000001 -0.33206977086023,41.3188203685416,194.566900000005 -0.332055528969714,41.3188639526785,194.952300000004 -0.33204632393299,41.3189027749202,195.590899999996 -0.332044569523258,41.3189428965648,195.905100000004 -0.332054208446247,41.318984554421,196.181500000006 -0.332053705389706,41.3190269719347,196.819399999993 -0.332068249114147,41.3190787275926,197.550199999998 -0.332067827804275,41.3191222177769,198.202999999994 -0.332070831770569,41.3191782292001,198.8321 -0.332083812426427,41.3192131496196,199.527199999997 -0.332107146165934,41.3192514690221,200.012799999997 -0.332126325197264,41.319301778679,200.7647 -0.332147352961421,41.3193376746079,201.174400000004 -0.332158067167836,41.3193746972185,201.786300000007 -0.332166226565539,41.3194132776237,202.475900000005 -0.332167700700942,41.3194617587984,203.002299999993 -0.332163957421137,41.3195093837805,203.5193 -0.332148294395846,41.3195533020927,203.799100000004 -0.332153702253873,41.3196037876052,204.688500000004 -0.332161902075778,41.3196533939854,205.263200000001 -0.33217555736639,41.3197049514681,206.401100000003 -0.332205458688942,41.3197611533213,207.413499999995 -0.332209345699183,41.3197700791721,207.482499999998 -0.332210593459118,41.3197760702187,207.535399999993 -0.33223963239899,41.3198130217402,207.778399999996 -0.332271393234168,41.3198483972196,208.274399999995 -0.332332275654251,41.3198795020422,208.557000000001 -0.332380863731324,41.3199108564764,208.867700000003 -0.332438390943815,41.3199568167306,209.0 -0.332492550372287,41.3199767031679,209.272400000002 -0.332566910216556,41.3199799456092,209.686400000006 -0.33260574618294,41.3199927069014,210.206900000005 -0.332667280779882,41.3199754941677,211.225300000006 -0.332721350376844,41.3199560853932,211.813899999994 -0.332785166694614,41.319945200339,212.600300000006 -0.332826573639324,41.3199270828658,212.858699999997 -0.332875468041942,41.3198989729088,214.316500000001 -0.332938179431915,41.3198805767856,215.0 -0.332996028241266,41.3198737768237,215.0 -0.333024264087266,41.319879348893,215.0 -0.333074282282286,41.3199057161961,215.0 -0.333113586270924,41.3199531256355,215.292400000006 -0.333125055960464,41.3199732084016,215.771200000003 -0.333123125480935,41.3200152791688,215.977299999999 -0.333115956026634,41.3200483438123,216.0 -0.333098368809993,41.3200855441306,216.0 -0.333072783892394,41.3201109101491,216.0 -0.333026223312903,41.3201533707829,216.0 -0.332972143834506,41.3201900522253,216.0 -0.332933434530579,41.3202213903182,216.0 -0.332902099496826,41.320236993242,216.0 -0.332871947544317,41.3202076555322,215.810200000007 -0.332841681505776,41.3201952248669,215.294999999998 -0.332794245967212,41.320198297957,215.018800000005 -0.332750455792035,41.3202151044849,215.433600000004 -0.332710876918952,41.3202332933922,215.857900000003 -0.33270176081544,41.3202501478121,215.990099999995 -0.332689279622868,41.3202771275585,215.799599999998 -0.332681536145122,41.320300608497,215.433699999994 -0.332651135359283,41.3202991282887,215.114300000001 -0.332614667352015,41.3203146664264,214.697199999995 -0.332600084999998,41.3203410895503,213.933300000004 -0.33260884537066,41.3203699630331,213.082899999994 -0.332658910278061,41.3203970911554,211.434099999999 -0.332698341827454,41.3204220380884,209.883300000001 -0.332723343738437,41.3204404340587,209.127600000007 -0.332760611246322,41.3204537262184,208.818199999994 -0.332806165712698,41.3204857685296,206.754000000001 -0.332850927865,41.3204892787856,206.589300000007 -0.332895832849407,41.3205026195109,205.769899999999 -0.332925050554035,41.3205215005387,204.557199999996 -0.332966687467469,41.3205316838508,204.160699999993 -0.333005322211203,41.3205388689746,204.152900000001 -0.333053959695617,41.3205575347756,203.452000000005 -0.333089294927312,41.3205748687943,202.955199999997 -0.333129446925577,41.3205846270629,203.046000000002 -0.333170209778235,41.3206040194584,202.5867 -0.333202000257816,41.3206264909899,202.233900000007 -0.333238045158585,41.3206580346437,201.191500000001 -0.333277789321701,41.320685701023,200.094100000002 -0.333329521502282,41.3207035686619,199.890400000004 -0.333385401204529,41.3207397100687,199.444399999993 -0.333441770488628,41.3207648747848,198.949299999993 -0.333488007674598,41.3207810253999,198.652700000006 -0.333547874100097,41.3208066239043,197.609400000001 -0.333608372939519,41.3208324929359,196.5965 -0.333658633679654,41.3208467187399,196.016399999993 -0.333682006046736,41.3208586372169,195.710600000006 -0.333716682813325,41.3208610268489,195.720400000006 -0.333758347574536,41.3208682112618,195.582299999995 -0.333808661315267,41.3208898940295,195.126699999993 -0.333857802754586,41.3209020209672,194.069399999993 -0.333893079595769,41.3209020196178,193.863299999997 -0.333919263689666,41.320889889307,194.035099999994 -0.333941231989951,41.3208658054382,193.839600000007 -0.333960323884696,41.3208443284327,193.549700000003 -0.333990533329387,41.3208395802014,192.7163 -0.334048161153152,41.3208324740455,191.060200000007 -0.334095698201388,41.3208253888032,189.1489 -0.334137966630448,41.3208230308786,188.438099999999 -0.334180605165412,41.3208065962434,187.704899999997 -0.334217931063775,41.3207949240067,186.809599999993 -0.334255079994043,41.3207833077644,185.9185 -0.334279782766026,41.320771746842,185.243400000007 -0.33430928433827,41.3207533637836,184.338699999993 -0.334319077771493,41.3207373932951,183.826000000001 -0.334306979261251,41.3207125099007,183.556700000001 -0.334290134951344,41.3206945734492,183.486000000004 -0.334268630181761,41.3206745549979,183.907399999996 -0.334249801493432,41.3206481232387,184.050700000007 -0.334247898861646,41.3206176536367,183.875199999995 -0.334243949867672,41.3205705570479,183.973400000003 -0.334246790340594,41.3205410744364,183.847800000003 -0.334245229966936,41.3204954917291,183.003200000006 -0.334248083914581,41.320462900924,182.977700000003 -0.334239562495815,41.3204267863501,183.0533 -0.334224347729842,41.3203932017349,182.786200000002 -0.334193859807418,41.3203523989004,182.700200000007 -0.334167495152138,41.3203370510263,182.654699999999 -0.334141938082316,41.3203066696596,182.611900000004 -0.334125121620185,41.3202860236535,182.457699999999 -0.334117606314534,41.3202581796683,182.082699999999 -0.334106283050354,41.3202216021623,181.970600000001 -0.334097023216407,41.3201909920309,181.834099999993 -0.334085452915559,41.3201661084279,181.869699999996 -0.334081123035882,41.3201293210498,182.001000000004 -0.334078579007002,41.3201000035314,182.126199999999 -0.334090486176095,41.3200761635993,181.880099999995 -0.334102347531104,41.3200509203562,181.698699999994 -0.334123339362677,41.3200062460799,181.721999999994 -0.334143026840431,41.3199818414186,181.592999999993 -0.334166379444543,41.3199625250751,181.278399999996 -0.334191650850122,41.3199402206318,181.383499999996 -0.334220489465708,41.3199260108218,181.341799999995 -0.334261145418812,41.3199181583859,181.061000000002 -0.334293532379766,41.3199150245627,181.058900000004 -0.334333951177669,41.319913458663,181.324699999997 -0.334382555424424,41.3199212874863,181.772700000001 -0.33441106795153,41.3199291486925,181.542499999996 -0.334449803306606,41.3199354588413,181.327699999994 -0.334480399925178,41.3199386203248,181.523499999996 -0.334519723676719,41.3199529164892,180.898199999996 -0.334548554207465,41.3199577032411,180.623800000001 -0.334584002626894,41.3199689188792,180.2788 -0.334617242987358,41.3199753551866,180.5916 -0.334644807791827,41.3199866699975,180.436499999996 -0.334674449501251,41.3199964182342,180.173599999995 -0.334708986130693,41.32001277009,180.035799999998 -0.334729247631926,41.320029254176,180.049899999998 -0.334762373906325,41.3200475402868,179.994500000001 -0.334800183996624,41.3200676756476,179.890100000004 -0.334825304485257,41.3200846049981,179.7598 -0.334863322984682,41.3201016726502,179.421199999997 -0.334905663278976,41.3201171534886,179.645699999994 -0.334933651189978,41.3201344896484,179.612500000003 -0.334960814447544,41.3201449597529,179.454800000007 -0.334993707159964,41.3201502133578,179.324099999998 -0.335023557278549,41.3201625252908,178.903999999995 -0.335061883900145,41.3201607596968,178.962899999999 -0.335090645260614,41.3201537189092,179.145300000004 -0.335128356536232,41.3201445920613,178.621599999999 -0.335148563240242,41.3201281228471,178.227499999994 -0.335168641485134,41.3201043672582,178.0815 -0.33518507975652,41.3200870985568,178.210000000006 -0.335210635928046,41.3200567460842,178.539300000004 -0.33524350258935,41.320035266788,178.448399999994 -0.335264286910094,41.3200152643262,178.649699999994 -0.335288583643555,41.3199989927562,178.506200000003 -0.335317643244694,41.3199737838911,178.752699999997 -0.335353769892165,41.3199501220245,178.569699999993 -0.335377047037788,41.3199345608612,178.651400000002 -0.335405991654565,41.3199147998989,178.555999999997 -0.335432663533685,41.3198985390985,178.497499999998 -0.335452598048142,41.3198845964473,178.565700000006 -0.335482186756971,41.3198691762737,178.6541 -0.335516660504316,41.319859217522,178.892999999996 -0.335539625934546,41.3198592161727,178.904899999994 -0.335566928430995,41.319860455535,178.891399999993 -0.335587877143408,41.3198629389824,178.882899999997 -0.335608142237896,41.3198691681776,178.996599999999 -0.335633959819177,41.3198791883224,178.930500000002 -0.335654872598972,41.3198829617309,179.051200000002 -0.335681384577976,41.3198905389073,179.191000000006 -0.335712716916771,41.3198880062104,179.709199999998 -0.335733977344577,41.319890535534,179.618700000006 -0.335770252214069,41.319885476212,179.831900000005 -0.335808264425314,41.3198779199497,179.789600000004 -0.335838406496356,41.3198704014678,179.810200000007 -0.335874271734071,41.3198654089363,179.939499999993 -0.335910019292501,41.3198604325964,180.609100000001 -0.335943715997123,41.3198604298977,181.169399999999 -0.335969481476106,41.31986415743,181.471099999995 -0.335996366255938,41.319875398047,181.474600000001 -0.33602057225956,41.3198829374429,181.550700000007 -0.336049405485263,41.3198961953084,181.483300000007 -0.336074143291533,41.3199077644822,181.608699999997 -0.336090424357761,41.3199179047115,181.757400000002 -0.336110784673674,41.3199297396997,181.697700000004 -0.336129429207399,41.3199377102008,181.480800000005 -0.336147258070825,41.319948979141,181.033599999995 -0.336180492143076,41.3199702574154,180.805200000003 -0.336207050834462,41.3199835820549,180.976699999999 -0.336225760945208,41.3199953886953,181.045400000003 -0.336249800760499,41.3200073356638,181.0 -0.336270928237668,41.3200176897464,181.0 -0.336293510087303,41.3200307829663,181.0 -0.336316149429087,41.3200413785751,181.092300000004 -0.336353168103642,41.3200574801191,181.0 -0.336382113618717,41.320072006318,181.294999999998 -0.336407920420199,41.3200839600191,181.332399999999 -0.336429497055016,41.3200941811807,181.144799999995 -0.336446446467784,41.3201007382406,181.008000000002 -0.336477282936548,41.3201196989952,181.0 -0.336498982640534,41.3201331754035,181.0 -0.336522226548531,41.3201478048091,181.0 -0.336552053310891,41.320166623196,181.0 -0.336590819208668,41.3201888270371,181.006899999993 -0.336616430177416,41.3201990690968,180.955100000006 -0.336658991457263,41.3202135689523,181.130300000004 -0.336709504624017,41.3202261487145,181.334199999998 -0.336752297669215,41.3202335524626,181.045599999998 -0.336786990605485,41.3202356749512,181.0 -0.336817843243897,41.3202399354456,181.0 -0.336852356517114,41.3202410014124,181.0 -0.336888891898032,41.3202377981145,180.936700000006 -0.336919664586402,41.3202314212033,180.616599999994 -0.336935070693523,41.3202303545617,180.475999999995 -0.336954846206193,41.3202261277999,180.400299999994 -0.336984935276639,41.3202198163299,180.208899999998 -0.337026468883806,41.3202093772719,180.0 -0.337056432190092,41.3201990360383,180.019899999999 -0.337089694110119,41.320184719688,180.0 -0.337120410204639,41.3201685830929,180.0 -0.337147297679396,41.3201556450734,180.097099999999 -0.337178246437565,41.3201418826124,180.067299999995 -0.337210990029667,41.3201215630913,180.0 -0.337237803842595,41.3201044488925,180.057000000001 -0.33726429605863,41.3200922577134,180.0 -0.337290291506336,41.3200746908072,180.026599999997 -0.337309899932346,41.3200646531512,180.251099999994 -0.337330414758493,41.3200556112985,180.304000000004 -0.337366308742316,41.3200457551244,180.042199999996 -0.337391128295289,41.320031586492,180.019100000005 -0.337424406384997,41.3200132828353,180.049700000003 -0.337447328696099,41.3199987039995,180.0 -0.337465291408527,41.3199876961633,180.060599999997 -0.337482052175104,41.319976807741,180.342000000004 -0.337499810071627,41.3199602865352,180.590599999996 -0.337519378971764,41.3199448434408,180.578599999993 -0.337536158602981,41.3199264695946,180.428599999999 -0.337554996274481,41.3199053350098,180.0 -0.337569472625273,41.3198892118389,180.2163 -0.33758269402962,41.31986813189,180.423200000005 -0.337593038130131,41.3198533587178,180.450500000006 -0.337602955530853,41.3198330613708,180.657000000007 -0.337612205483332,41.3198110975899,181.004100000006 -0.337617286354582,41.319792389071,181.014299999995 -0.337620919141611,41.3197801283428,180.994300000006 -0.337629879836558,41.3197640368503,181.0 -0.337632721207811,41.319747847527,181.0 -0.337625065764946,41.3197108372724,181.0 -0.337605151911723,41.3196743437928,180.950500000006 -0.337571486648133,41.3196615844623,180.961800000005 -0.337533063906814,41.3196488885481,180.676300000006 -0.337490110063202,41.3196341544569,180.362699999998 -0.337459433494554,41.3196215914472,180.621599999999 -0.337431562364542,41.3196070125237,180.521800000002 -0.337401414903618,41.3195925165813,180.215400000001 -0.337385677318134,41.3195830921256,180.064799999993 -0.337378898631004,41.3195541515019,179.559599999993 -0.337367608604516,41.3195139580438,178.889299999995 -0.337358105327122,41.3194777808744,178.145799999998 -0.337347819617123,41.3194342275083,176.971099999995 -0.337330082381834,41.3194056963438,176.402400000006 -0.337306378536457,41.3193806667119,175.4859 -0.337287608238572,41.3193636366525,174.577999999994 -0.33725873638536,41.3193513407607,174.535300000003 -0.337222403125356,41.3193391190804,175.263099999996 -0.337202272778166,41.3193224357917,174.940100000007 -0.337179638826266,41.3193103895207,174.815499999997 -0.33716118653202,41.319296923737,174.783299999996 -0.337142315622827,41.3192865135421,175.062600000005 -0.337147708209503,41.3192673245057,174.406300000002 -0.337157856477247,41.3192526895052,173.903600000005 -0.337171135373774,41.3192410601692,173.463799999998 -0.337191872982136,41.3192396109718,173.257800000007 -0.337216974606097,41.3192454131587,173.063800000004 -0.337246115055608,41.3192497755933,172.615099999995 -0.337268292663349,41.319251232212,172.242800000007 -0.337292994537035,41.319248320324,171.894100000005 -0.337326782869795,41.3192468657294,171.576000000001 -0.337355334922807,41.3192430450569,171.312600000005 -0.337380275748354,41.3192367159502,171.052800000005 -0.337413259190648,41.3192410594946,170.595300000001 -0.337450509630521,41.3192410588199,170.614400000006 -0.337487619034917,41.319242508692,170.1783 -0.33752089981955,41.3192454118094,169.571800000005 -0.337552363312389,41.3192483189747,169.505600000004 -0.337585742013405,41.3192512308626,169.386400000003 -0.3376175801037,41.319249774244,168.903099999996 -0.337642349351035,41.3192410581452,168.700700000001 -0.337674369799307,41.3192338243019,168.346600000004 -0.337706451333048,41.319222305609,168.089699999997 -0.337730800168841,41.3192151405802,167.858500000002 -0.337758633569609,41.3192122819899,167.472299999994 -0.337795716024525,41.3192065776276,167.001099999994 -0.337840808756859,41.3192052586414,166.299599999998 -0.337859649123317,41.3192081233041,165.9283 -0.337889129135964,41.3192081233041,165.449900000007 -0.337921439740132,41.3192033526893,165.034799999994 -0.337952392989852,41.3191995502305,164.655499999993 -0.337998154967057,41.3191929242632,164.061499999996 -0.338024208805242,41.3191910378764,163.701700000005 -0.338055671399749,41.3191919803951,163.149000000005 -0.33808162103337,41.3191910378764,163.1158 -0.338103168023783,41.3191872738732,163.233500000002 -0.338120156962423,41.3191835226886,163.249400000001 -0.338143860807834,41.3191779175009,162.642399999997 -0.338168568969733,41.319172338625,161.959300000002 -0.338202074333207,41.3191695589696,161.057700000005 -0.338226566899402,41.3191649415029,160.441200000001 -0.338252035036045,41.3191585071395,159.837 -0.338280685005408,41.3191521078585,159.363100000002 -0.33830688796391,41.3191439321605,158.747399999993 -0.338327703725686,41.3191412192966,158.535699999993 -0.338349691788873,41.3191366321883,158.440799999997 -0.338368882498299,41.3191325423145,158.344299999997 -0.338386198423717,41.3191271186097,157.995299999995 -0.338406043106663,41.319123072589,157.488100000002 -0.33842489335459,41.3191183761822,156.995299999995 -0.338438845089243,41.3191157031231,156.9755 -0.338458073527914,41.3191157031231,156.951000000001 -0.338484254028556,41.3191177062307,156.864700000006 -0.338505397675405,41.3191250925634,156.452300000004 -0.338525771466042,41.3191318615684,156.161300000007 -0.338540373580995,41.3191386825226,156.010500000004 -0.338558371327709,41.3191448665839,155.909700000004 -0.338573067765756,41.3191462469667,155.842999999993 -0.338588897877674,41.3191490131296,155.806200000006 -0.338610472715864,41.3191503995844,155.618100000007 -0.338628668091939,41.3191517880631,155.334000000003 -0.338651006498129,41.3191524829772,154.963499999998 -0.33866637128275,41.3191524829772,154.718099999998 -0.338686405510217,41.319153184638,154.454400000002 -0.338707560835129,41.3191545778394,154.175000000003 -0.338724297347218,41.3191573696396,154.0 -0.338749814891169,41.3191587689129,154.0 -0.338767514397213,41.3191615742064,154.0 -0.338793799102418,41.3191650933045,153.762700000007 -0.338816741176456,41.3191686258959,153.376199999999 -0.3388336878943,41.3191728837612,153.089600000007 -0.338854137143426,41.3191778763458,152.743799999997 -0.338872095364268,41.3191828965916,152.439799999993 -0.338891022867311,41.3191879451733,152.119500000001 -0.3389091832091,41.3191930214163,151.892999999996 -0.338934426766902,41.3192003220568,151.557799999995 -0.338951952898074,41.319206205208,151.232999999993 -0.338972229670657,41.3192113833251,150.813599999994 -0.33898820081812,41.3192165911275,150.5772 -0.339010538325978,41.3192240813486,150.507800000007 -0.339034772177376,41.3192301169737,150.553199999995 -0.339058313427712,41.3192369547845,150.601899999994 -0.339078284773116,41.319241541211,150.530700000003 -0.339095601596864,41.3192453800998,150.417000000001 -0.339116721887488,41.3192507808558,150.222200000004 -0.339135329590299,41.3192569912187,149.982399999994 -0.339158422581283,41.3192616761462,149.592600000004 -0.339177182997699,41.319267171355,149.353000000003 -0.339196053008562,41.3192726982731,149.146299999993 -0.339212988048276,41.3192766653478,148.939499999993 -0.339232621627138,41.3192798511514,148.669299999994 -0.339251404501415,41.3192830477497,148.414000000004 -0.339268679104333,41.3192878622123,148.357600000003 -0.339282498786647,41.319293509895,148.300700000007 -0.339294551482837,41.3192991906361,148.210000000006 -0.339310100422063,41.3192983769813,148.019899999999 -0.33932840359599,41.3192975640011,147.632400000002 -0.339343924687473,41.3192967523703,147.274999999994 -0.33936421493478,41.3192967523703,146.807100000005 -0.339380813106283,41.3192975633264,146.547999999995 -0.339394231241694,41.3192975633264,146.398100000006 -0.339403454244727,41.3192946487419,146.267800000001 -0.339412652094908,41.3192924688755,146.163799999995 -0.339427705164137,41.3192924688755,146.032500000001 -0.339452894823013,41.3192961046848,145.639299999995 -0.339468004486092,41.3192968333309,145.385899999994 -0.339482383818831,41.3192997546621,145.143200000006 -0.339493372909724,41.3193012193756,144.986300000004 -0.339506019392296,41.3193019520698,144.919099999999 -0.339519517477749,41.3193026854385,144.851500000004 -0.339536553128805,41.3193056263349,144.806200000006 -0.339563703809945,41.3193078372358,144.607600000003 -0.339581559622851,41.3193093147679,144.384099999996 -0.339594375887007,41.3193107943241,144.217099999994 -0.339607211914099,41.3193122765789,144.038499999995 -0.339627385380417,41.3193182285365,143.994300000006 -0.339636810504396,41.3193189753985,143.996599999999 -0.339648590112702,41.3193182285365,143.980299999996 -0.339663008971347,41.3193182285365,143.966400000005 -0.339692931853463,41.3193197229352,143.980200000005 -0.339717549285488,41.3193197229352,143.967600000004 -0.339737923076125,41.3193197229352,143.808600000004 -0.33976001624224,41.3193242196246,143.5242 -0.339783071504012,41.3193287385778,143.223700000002 -0.339802981763947,41.3193340388009,143.181800000006 -0.339825243813316,41.3193416639428,143.149699999994 -0.339845518789306,41.3193547707919,143.017900000006 -0.339862979343455,41.3193696398805,143.001000000004 -0.33987201909018,41.3193815458088,143.147400000002 -0.33987804409078,41.3193952220725,143.2552 -0.339881077701511,41.3194074531876,143.328699999998 -0.339882360495733,41.3194198414988,143.365300000005 -0.339884281992125,41.3194349190459,143.322799999994 -0.339884486807996,41.3194468094449,143.311300000001 -0.339881536740595,41.3194571163896,143.353700000007 -0.339884196652167,41.3194719038198,143.299100000004 -0.339883554356742,41.3194807062455,143.303799999994 -0.339914910950059,41.3195324014974,143.0 -0.33992745861795,41.3195333325418,143.0 -0.339940289255126,41.3195389350003,143.0 -0.339951284634199,41.3195445678185,143.0 -0.339962921410399,41.3195559272324,142.424599999998 -0.339971535355667,41.3195664500541,141.053499999995 -0.340020654337092,41.31965289608,133.977100000004 -0.340344109823108,41.3201787232817,130.0 -0.34052696639078,41.3204687691186,130.0 -0.34067614961002,41.3207049004363,132.234899999996 -0.341104310928955,41.3213867410816,142.0 -0.341522605152771,41.3220593778504,140.891399999993 -0.3418254649643,41.3225544120028,139.497900000002 -0.34183350578442,41.3225723081388,139.445200000002 -0.341987623449483,41.3227687645761,140.0 -0.342261321251938,41.3230917290825,141.983300000007 -0.34254547364768,41.3234204830094,145.0 -0.343087458699605,41.3240693432939,151.386100000003 -0.343406102809,41.3244378793123,152.0 -0.343620280935669,41.3246911915502,153.0 -0.343894059586496,41.3249350912648,155.0 -0.343924918513121,41.3249476950763,155.0 -0.343976039839309,41.3249492763711,155.0 -0.34432167203477,41.3247213394796,155.0 -0.344573764456334,41.3245935987573,154.126399999994 -0.344665055747063,41.3245974346323,153.289600000004 -0.34481278459387,41.3245682203167,152.323399999994 -0.345069484474513,41.3244980951117,148.860199999996 -0.345702403287722,41.3243053509275,143.238299999997 -0.346211379744534,41.3241510097211,141.337 -0.346903431957977,41.3239591334261,140.694199999998 -0.347193316503531,41.323874870127,140.984200000006 -0.347310079524158,41.3238384538625,140.597200000004 -0.347423417268619,41.3237898039142,140.871299999999 -0.348238994121808,41.323430165968,142.958899999998 -0.348631235405771,41.3232402385848,142.873800000001 -0.348775240735708,41.3231723895092,142.179399999994 -0.349354720569284,41.3228528201686,140.737099999998 -0.34956837946973,41.3227637297645,139.9764 -0.350247221058592,41.3224927007559,137.962599999999 -0.350596597432155,41.3223557542414,138.190400000007 -0.351093337936469,41.3222103993742,140.200100000002 -0.351231734185797,41.3221732070153,140.281700000007 -0.35132899837486,41.3221508507064,140.100900000005 -0.351690509191282,41.3220712414594,140.066999999995 -0.351937874677819,41.3220137010803,142.253599999996 -0.352259980894295,41.3219768992283,143.133400000006 -0.352362949385427,41.321966564347,143.125899999999 -0.352656151409295,41.3219450721874,140.362299999993 -0.352926074490946,41.3219369474381,140.0 -0.353205832328287,41.3219288672144,140.010500000004 -0.353511415831749,41.3219198330414,140.722999999998 -0.354130788050496,41.3218941040931,140.285600000003 -0.35457891352829,41.321902861665,140.0 -0.355066706812381,41.321916629826,140.0 -0.355974868530352,41.3219405561141,140.275800000003 -0.356043448614063,41.3219425679054,140.429099999994 -0.356324480262522,41.3219557443945,140.611199999999 -0.356425936889005,41.3219598212729,140.960200000001 -0.356530249259795,41.3219639096201,140.922600000005 -0.356610741004218,41.3219690450155,141.200500000006 -0.356677887376761,41.3219814679213,141.429900000003 -0.356724860282953,41.321988763527,141.470000000001 -0.35684893469169,41.3220279785741,141.0 -0.35693292357748,41.3220649807664,141.0 -0.356991835093831,41.3220860714736,141.0 -0.357032258383286,41.3220984201464,141.106799999994 -0.357077082519321,41.3221108713625,141.0 -0.357136999250458,41.3221199878154,141.248999999996 -0.357182515987588,41.3221268617537,141.636899999998 -0.357211319568854,41.3221188314772,141.829899999997 -0.357362309300125,41.322058310564,143.017399999997 -0.357430585753317,41.3220397578583,145.747300000003 -0.357477987155891,41.3220419187428,146.691000000006 -0.357504514406246,41.3220462621002,146.739199999996 -0.357548707026655,41.3220571812104,146.575700000001 -0.357613418066467,41.3221017097072,144.693700000003 -0.357722845444463,41.3222082499642,142.507700000002 -0.357807447879604,41.3222840506932,141.1247 -0.357833993994564,41.3222994021567,141.1535 -0.357888877465163,41.3223279388007,140.559999999998 -0.357955423763112,41.3223516679427,140.078200000004 -0.358013534880516,41.3223583165266,140.0 -0.358117033377669,41.3223892811754,140.523000000001 -0.358371070651815,41.3224544385796,139.968900000007 -0.35853076595649,41.3224945101384,140.231700000004 -0.359066763737061,41.3226486663696,140.008900000001 -0.359520003323798,41.3227997162118,139.887499999997 -0.359936731784107,41.3229405402679,139.972699999998 -0.360297254453688,41.3230676925772,140.289499999999 -0.360561802016675,41.3231607008304,140.145300000004 -0.360924646831287,41.3232833185149,140.0 -0.361020982162351,41.3233197438598,140.016300000003 -0.361259434564621,41.3234139789047,140.161600000007 -0.361354858105664,41.3234618607309,140.099799999996 -0.361579080295547,41.3235767992331,140.0 -0.361876089379614,41.3237355349667,140.230599999995 -0.36200694157715,41.3238069758376,140.0 -0.362514671172391,41.3240845863971,140.0 -0.362797776132484,41.3242576053199,140.097599999994 -0.362916849620012,41.324331163926,140.351299999995 -0.363025076848819,41.324393023872,140.125199999995 -0.363120221013832,41.3244494382351,139.147299999997 -0.3632997053059,41.3245417125555,139.129700000005 -0.363437596702026,41.324613347507,140.0 -0.363923892494555,41.3249051127625,139.377699999997 -0.364120948731914,41.3250349833017,140.0 -0.364331323391672,41.3251731371373,141.0 -0.36448666635881,41.3252770272254,141.0 -0.364588668262698,41.3253401174364,141.714800000002 -0.364643901177935,41.3253689421564,141.659599999999 -0.364694135866922,41.3253938372649,143.003700000001 -0.36475114385319,41.3254041877933,143.288 -0.364819340356273,41.3254056597904,144.148199999996 -0.364865997953818,41.3254026807166,144.927299999996 -0.364896992526071,41.3254026618275,145.0 -0.364914135076649,41.3254553865568,144.921799999996 -0.3649023069593,41.3254987625247,144.599900000001 -0.364899556317887,41.3255352142902,144.628200000006 -0.364874145673458,41.325572437786,144.965100000001 -0.3648427091301,41.3256154716503,144.680999999997 -0.364814414893588,41.3256458775263,144.227899999998 -0.364779228782211,41.3256801016596,143.784799999994 -0.364743119202751,41.3257061603447,144.9761 -0.363732938512914,41.3263900669027,136.880900000004 -0.362609435349999,41.3271298710318,144.792499999996 -0.362642055872932,41.3272151521261,144.032699999996 -0.362660863900028,41.327232406796,144.0 -0.362689936077559,41.3273717405503,142.995800000004 -0.362743399311715,41.3276632910789,142.0 -0.362767555009698,41.3277369018309,142.0 -0.36276865634424,41.3278714766687,141.471699999995 -0.362762090557821,41.3279198975843,141.0 -0.362699583085423,41.3283402707581,140.0 -0.362396133080733,41.3288502833206,140.087700000004 -0.362287533949428,41.3291044890756,140.0 -0.362175910190529,41.3293633760162,140.208299999998 -0.36206781860735,41.3295613270547,141.003700000001 -0.362000840219764,41.3296579342877,141.0 -0.361941534343021,41.3296536265151,141.0 -0.361874794907296,41.3296478981079,141.015199999994 -0.361806769084094,41.3296436179917,141.461500000005 -0.361742334725388,41.3296223307338,142.0 -0.361634695893114,41.3295888311311,141.863899999997 -0.361520045710026,41.3295438537675,141.855100000001 -0.361334248956421,41.3295132493642,142.0 -0.361232433902129,41.3294909920366,142.0 -0.361186694382818,41.3294819177634,142.0 -0.36104884610582,41.3294639331332,142.0 -0.36095595401723,41.3294588428498,142.0 -0.360905344730754,41.3294563044536,142.0 -0.360426879552556,41.3293769759826,142.0 -0.360249988696709,41.329342324091,142.0 -0.360019833134398,41.3293096135897,142.0 -0.359837241569736,41.3292923905001,143.0 -0.359744521059392,41.3293189523177,143.353799999997 -0.359725457012423,41.3294237761428,143.362500000003 -0.359662511162141,41.3296540616096,143.302100000001 -0.35962418094729,41.3297762582895,143.015499999994 -0.359593955332918,41.3299093732091,143.277000000002 -0.359590473462869,41.329939897828,143.314599999998 -0.35956719092733,41.3300090754886,143.538499999995 -0.359544161716707,41.3300776581131,143.0 -0.359529007137873,41.3301552150113,143.197799999994 -0.35947928179364,41.3302991315362,143.0 -0.359380708759206,41.3304891395279,143.488899999997 -0.359233280848027,41.3307531077762,143.775899999993 -0.359112717953745,41.3309337469429,144.0 -0.358895914051493,41.3312473419735,144.0 -0.358747479128902,41.3314655054686,144.0 -0.358604929069729,41.3316291117587,144.0 -0.358538820251333,41.3317391811646,143.962700000004 -0.35843655064951,41.3318785383334,144.231599999999 -0.358373007419557,41.331988131092,144.080700000006 -0.358350544147572,41.3320717336423,144.626600000003 -0.358338247109638,41.3321908606831,144.751799999998 -0.358313237113815,41.3326249317259,144.876699999993 -0.358288122015097,41.332955166041,146.0 -0.35827062552833,41.3331356601488,146.0 -0.358263678856242,41.333256385224,146.278900000005 -0.358251076391095,41.3334025424197,147.081399999995 -0.358251671075807,41.3334550832751,147.720199999996 -0.358309504613808,41.3336775738645,148.804600000003 -0.358361295184901,41.3338041993298,149.326199999996 -0.358365903542311,41.3338553591156,150.0 -0.358353460078984,41.3339721976196,150.0 -0.358333678278101,41.3339968074916,150.362500000003 -0.358313174231751,41.3340286347166,151.0 -0.358294947414644,41.3340651633267,151.0 -0.358284904249761,41.3340890635693,151.0 -0.35817319964249,41.3340956104522,151.719899999996 -0.358038309517733,41.3340999799869,152.0 -0.357900721752193,41.3341175552535,152.0 -0.357789894798953,41.3341352445089,152.175600000002 -0.357691986517838,41.3341575198109,152.434999999998 -0.35755647565722,41.334175466047,153.0 -0.357443581680526,41.3341912639379,153.0 -0.357328509289269,41.3342003287864,153.0 -0.357203409004481,41.334211701834,153.0 -0.357106236443555,41.3342208334568,153.998800000001 -0.35691650596736,41.3342345841757,154.0 -0.356833034511165,41.3342299826159,154.0 -0.356717203941792,41.3342345693363,154.0 -0.356726275129515,41.334299710174,154.0 -0.35672910751763,41.334384511071,154.0 -0.356735643659611,41.3344511997716,155.0 -0.356748164378056,41.3345051454702,155.0 -0.356755299696367,41.3345589036092,155.231499999994 -0.356779868619383,41.3346466983338,156.4853 -0.356791538633242,41.3346974864758,156.983500000002 -0.356803494311346,41.3347576125265,157.037800000006 -0.356827535923298,41.3347857585682,157.650599999994 -0.356866554247659,41.3348533169776,158.130900000004 -0.356906563413786,41.3349175304189,159.536399999997 -0.35686190456775,41.3349476048163,160.0 -0.35675419387024,41.3350125230273,160.8217 -0.356667579208868,41.3350511832093,161.0 -0.356604548018628,41.3351055661672,161.866099999999 -0.356515654331386,41.3351766748547,162.865099999995 -0.356405861339038,41.3352618455889,164.0 -0.356365491050178,41.3353003794902,164.314199999993 -0.356331912923173,41.3353312017384,164.808699999994 -0.356285978469425,41.3353707621967,164.968599999993 -0.35623236880991,41.3354130442606,165.0 -0.356208404453074,41.3354473536471,165.128700000001 -0.356175567436174,41.3354974430525,165.938500000004 -0.356118239649672,41.3356325589995,166.420800000007 -0.356059823105089,41.3357696233019,165.535900000003 -0.355982900367301,41.335949371034,165.0 -0.355965384117564,41.3360178475789,165.0 -0.355882172274497,41.3361712082842,165.0 -0.355810781362235,41.3363206396889,165.0 -0.355737371037197,41.3364739329063,164.0 -0.355711680118407,41.3365297506738,164.0 -0.35570052933077,41.3365887917971,164.0 -0.355693438928246,41.3366228510019,163.957800000004 -0.355575316756578,41.3368412696632,163.142800000001 -0.355481117619278,41.3369872326563,162.151400000002 -0.35538510747833,41.3371440046608,162.0 -0.355304834922865,41.3372542880033,161.928700000004 -0.355206358906451,41.3373666067556,161.070300000007 -0.355199431099002,41.3374317417631,161.261700000003 -0.355215481298176,41.3374667367112,161.549599999998 -0.355219016168821,41.3375616203825,161.0 -0.355406517026487,41.337932100824,162.050300000003 -0.355581485487646,41.3382746983562,163.0 -0.355677897175497,41.3384508462521,163.0 -0.355819302781001,41.3386752002048,164.0 -0.35594449469396,41.3388354403182,164.0 -0.35611229100586,41.3390050801024,164.885899999994 -0.35631343188282,41.3391656842906,165.066399999996 -0.356509634720669,41.3392909198056,166.658299999996 -0.356618644382081,41.3393535931161,166.510599999994 -0.356785665447919,41.3394419162279,166.386400000003 -0.35696459997103,41.3395159001384,167.0 -0.357123659268494,41.3395813877637,167.0 -0.357344079788093,41.3396569065903,168.0 -0.357627630312579,41.3397408351797,169.336200000005 -0.357820701623313,41.3398187420837,169.840800000005 -0.357950161432182,41.3398763018109,169.994500000001 -0.358122405303078,41.339976655875,170.0 -0.358235264245486,41.3400490778091,170.0 -0.358311832148721,41.3401074095858,170.152199999997 -0.358426669181371,41.3402079339312,170.116200000004 -0.358527330798856,41.3403179200468,169.944499999998 -0.358656249821906,41.340495960327,169.480200000005 -0.358765025023043,41.3407171825054,167.623099999997 -0.35887412900755,41.3409636694336,164.846900000004 -0.358925681525079,41.341069635244,163.660499999998 -0.359008711908466,41.3412304494891,161.735100000005 -0.359074049972352,41.3413716086996,160.8076 -0.359119462504919,41.3414731582699,159.990099999995 -0.359171826201127,41.3416066053927,158.429799999998 -0.359219395588692,41.3417262862466,156.799400000004 -0.359301501605666,41.3419354844141,155.037100000001 -0.35935941239875,41.3420977748852,153.564199999993 -0.359384630803734,41.342190733716,151.934899999993 -0.359476971326739,41.3423951331485,150.701499999996 -0.359564086349728,41.3425700788543,150.188800000004 -0.35960672668132,41.3426529138098,149.406499999997 -0.359681083830631,41.3428000285174,148.099900000001 -0.359773589643669,41.3429792793527,146.430500000002 -0.359848131845949,41.3431235034092,145.085500000001 -0.359954216592778,41.3433294288321,143.208700000003 -0.360055450437081,41.3435278769681,142.342499999999 -0.360112489864381,41.3436477991056,141.839099999997 -0.360185065654481,41.3437975647286,141.9905 -0.360227382592585,41.3438873378814,141.244399999996 -0.360277158242488,41.3439970979232,141.176099999997 -0.360334690844861,41.3441367498886,140.638099999996 -0.360389455737843,41.344285589766,141.7595 -0.36044155443104,41.3444299323235,140.976999999999 -0.360481173728326,41.3445431127374,141.0 -0.360584269780246,41.344845163829,140.555500000002 -0.360669890904896,41.3450835152932,141.0 -0.360700457879097,41.3451810025333,140.945500000002 -0.360731363518105,41.3452547452316,140.863400000002 -0.36077380262708,41.3453441892901,141.009399999995 -0.360821601085038,41.3454449281045,140.468200000003 -0.360856092798692,41.3455078281609,140.362699999998 -0.360910642096004,41.3456061065112,140.568700000003 -0.360978653546152,41.3457184014184,140.184399999998 -0.36105561670811,41.3458568782642,141.362500000003 -0.361121915969357,41.3459612600483,140.514899999995 -0.361187275592807,41.3460685638192,140.992499999993 -0.361237445603103,41.3461437547858,141.094400000002 -0.361307809740982,41.3462466679558,140.941000000006 -0.361483702568555,41.3464745861839,140.912700000001 -0.361572529780478,41.3465939195476,140.327900000004 -0.361574386598179,41.3465964141149,140.349600000001 -0.361673189601337,41.3467191448241,140.2883 -0.361800767439686,41.3468680307265,140.417000000001 -0.361934774520496,41.3470325492122,140.049599999998 -0.362199099301269,41.3473462137519,140.367199999993 -0.362273467230379,41.3474358309509,140.736000000004 -0.362346610755778,41.3475092426723,140.687300000005 -0.362461359753513,41.3475973463398,141.091 -0.36256953847331,41.3476784444451,142.0 -0.362733114500012,41.3477721438682,141.334499999997 -0.362873409787838,41.3478481778614,140.166100000002 -0.363027141177349,41.3479151414093,140.355200000005 -0.363158074223258,41.3479869192534,139.979900000006 -0.363279157242093,41.3480524226376,140.313699999999 -0.363379278073759,41.3481023040828,139.671799999996 -0.363619712159559,41.3482433182433,141.030799999993 -0.363840964519104,41.3483667471943,140.288700000005 -0.363997524703442,41.3484534888219,140.551000000007 -0.364147234335449,41.348549367366,141.243799999997 -0.364316233491529,41.3486537765291,140.488500000007 -0.364458307443607,41.3487467698346,140.920499999993 -0.364620238655024,41.3488415912147,140.976999999999 -0.36479763885566,41.3489501539993,141.407699999996 -0.364992605611669,41.3490593120665,141.429099999994 -0.365154681451852,41.3491416626666,141.198600000003 -0.365396164769896,41.3492533249937,141.1106 -0.365584153412785,41.3493350717949,141.202600000004 -0.365660803062723,41.3493681977618,141.526899999997 -0.365879037981183,41.349464575334,141.000799999994 -0.366074727881023,41.3495477589292,141.296000000002 -0.366334741646726,41.3496466023631,140.916599999997 -0.366634416930578,41.3497576171159,141.123999999996 -0.36683506732739,41.349844562569,140.934999999998 -0.367013083772301,41.3499116016145,141.091400000005 -0.367278358072306,41.3500254832692,140.829400000002 -0.36754889829653,41.3501431653781,141.220700000005 -0.36769844802842,41.350213336482,141.355500000005 -0.367890816856623,41.3503026604379,141.444399999993 -0.36806211569984,41.3503717402708,141.745599999995 -0.368265552670648,41.3504594637776,141.880300000004 -0.368494681458576,41.3505608090092,142.0 -0.368787336408478,41.3506830406463,141.580000000002 -0.368997906002674,41.3507692046447,141.386400000003 -0.369189603789345,41.3508518572118,142.0 -0.369329903568723,41.3509016535677,142.0 -0.369440135837251,41.350941523533,141.980100000001 -0.369589827502915,41.3509728326732,141.607600000003 -0.369751128995334,41.3509992049258,141.156300000002 -0.369886289512984,41.3510170635769,141.874899999995 -0.370025796978288,41.3510305248278,141.667300000001 -0.370214278796284,41.3510395327107,141.9375 -0.370382777590747,41.3510440474412,142.0 -0.370521434351467,41.3510496465158,141.8606 -0.370659061642913,41.3510545833845,141.759999999995 -0.370857407861002,41.3510595350885,141.7785 -0.371063782322786,41.3510657444425,141.806800000006 -0.371218164092596,41.3510757260722,142.0 -0.371378986782962,41.3510832503939,142.0 -0.371512795336113,41.3510933338467,142.0 -0.371662591206341,41.3511047491254,142.0 -0.371802204672869,41.3511136794486,141.612099999998 -0.371941041096674,41.3511226563002,141.323699999994 -0.372042768116051,41.3511265175868,141.860799999995 -0.372201560613876,41.3511342563435,141.994200000001 -0.372326543219378,41.3511433356924,142.0 -0.372452445699708,41.3511498505155,142.2304 -0.372531931330982,41.35115638894,142.334900000002 -0.372640437935853,41.3511642679564,141.718999999997 -0.372749456580402,41.3511708603268,141.542499999996 -0.372836073936733,41.3511801311838,141.697899999999 -0.372954074835827,41.3511881093256,141.680500000002 -0.373055513496035,41.3511921149175,141.895199999999 -0.373172499298842,41.3511867748025,141.540099999998 -0.373311477656456,41.3511734943077,141.704599999997 -0.373448268616337,41.3511563774762,141.450400000002 -0.373542864809021,41.3511433222056,141.689700000003 -0.373671576321241,41.3511200634522,141.733900000007 -0.373843052132552,41.3510895231339,142.0 -0.373986559795831,41.3510595108122,141.903200000001 -0.374186067535601,41.351019077842,142.0 -0.374378726519634,41.3509831346307,141.627299999993 -0.374524287731644,41.3509525908765,141.308499999999 -0.374699412499665,41.3509214516614,141.622000000003 -0.374889987392232,41.3508841718439,140.899099999995 -0.375077136110302,41.3508481051529,141.023400000005 -0.375307896238826,41.3507979068457,141.6443 -0.375522922375122,41.3507555963322,141.4035 -0.375720969454245,41.3507181060235,141.335300000006 -0.375864729544109,41.3506851628173,142.0 -0.37599966458462,41.3506491432204,141.393400000001 -0.376296008017038,41.3505722385426,142.0 -0.376601628351448,41.3504875032297,141.444399999993 -0.376888923054036,41.3504016416417,141.4277 -0.376955117212356,41.3503850546467,141.720499999996 -0.377091242520621,41.35034633276,142.041899999997 -0.377238847399929,41.3502974247744,142.230100000001 -0.37741459110715,41.3502418157176,142.406199999998 -0.377619745656808,41.3501722441438,142.771800000002 -0.377788181569208,41.3501130076341,143.0 -0.378008965008168,41.3500248561199,142.6247 -0.378213457499432,41.3499460132829,143.364700000006 -0.378423040743414,41.3498679148392,143.592799999999 -0.378704306852148,41.3497453047062,143.670100000003 -0.378955443466234,41.3496412924675,144.0 -0.379197387620021,41.3495318851887,144.0 -0.379419368513245,41.3494284687436,144.222299999994 -0.379639647997334,41.3493064181774,144.644799999995 -0.37981385378879,41.3492107120363,144.385399999999 -0.379974400696381,41.3491168299079,145.0 -0.380136009412606,41.3490127310208,145.0 -0.38027662090741,41.348909898426,145.0 -0.380419347036381,41.3488015453023,145.0 -0.380520226944461,41.3487137285219,145.554300000003 -0.3806321992497,41.3486150374279,145.799700000003 -0.380747310268532,41.3484997485933,146.0 -0.380822182152513,41.348427559274,145.682199999996 -0.380913117710391,41.3483081544158,145.917100000006 -0.38101156228574,41.3481839862407,146.0 -0.381079539599932,41.3480717023296,145.708499999993 -0.381157061514018,41.3479536219667,145.928499999995 -0.381205923577273,41.3478379914007,146.054099999994 -0.381246624446164,41.3477730913686,146.138900000005 -0.381282174375199,41.3476762270887,145.8269 -0.381319407747094,41.3475793215276,146.226899999994 -0.381342942709217,41.3474986562511,146.566600000006 -0.381365252369299,41.3474339507768,146.896500000003 -0.381380134758612,41.3473675511914,146.484700000001 -0.381399272467443,41.3472975044785,146.379199999996 -0.381416049403668,41.3471824601354,146.577799999999 -0.381413866497555,41.3471100987363,146.574399999998 -0.38141715882305,41.3470126231514,146.482399999994 -0.381415380158797,41.3469056749892,146.380900000004 -0.38140740581403,41.346614986129,147.0 -0.381394410785118,41.3464191161585,147.0 -0.38139020846623,41.3462505726928,147.0 -0.381391114866334,41.3461424120666,147.0 -0.381398923022806,41.3460348750765,147.0 -0.38141509449452,41.3458712597854,147.0 -0.381437937753912,41.3457584519247,146.9908 -0.381465400150444,41.3456534277872,147.0 -0.381493773438701,41.345565895404,147.0 -0.381519650308757,41.3454942673056,147.0 -0.381553141299177,41.345406534411,147.0 -0.381620606573657,41.3452531394767,147.0 -0.381668458930541,41.3451599348135,147.0 -0.381711393909547,41.3450739886429,147.0 -0.381765350318775,41.3449877307831,146.976899999994 -0.381864907906761,41.3448254030032,147.0 -0.381991902738461,41.3446426064816,146.510500000004 -0.382081709114055,41.3445225290384,146.932799999995 -0.382200445733371,41.3443635667675,146.813200000004 -0.382312328207068,41.3441942201487,146.572 -0.382413794715019,41.3440637983629,147.0 -0.382516429032864,41.3439326007362,146.812099999996 -0.382628853190677,41.343764673323,146.580900000001 -0.382768085771503,41.3435760603155,146.930399999997 -0.382983295164106,41.3432765243341,147.0 -0.383118709905001,41.3430961129556,147.0 -0.383261496221077,41.3428960792724,147.0 -0.383372871146647,41.3427387491974,147.0 -0.383469729297222,41.3426020381252,147.0 -0.38356304269565,41.342478900392,147.0 -0.383678998130853,41.3423053323101,147.0 -0.3837861401948,41.3421262401354,147.0 -0.3838840529675,41.34191557298,147.0 -0.38393579592788,41.3417932668814,147.131099999999 -0.384003564832912,41.3416174308496,148.0 -0.384023997014027,41.3415760875895,147.801099999997 -0.384155130384255,41.3415845315984,147.835800000001 -0.384333480104156,41.3415896276787,148.0 -0.384323296802093,41.3415423823593,148.0 -0.384321839734701,41.3414793719104,147.587100000004 -0.384343688559038,41.3412742992054,147.0 -0.384422499555525,41.3409837544918,147.468599999993 -0.384520483295163,41.3407318113361,148.0 -0.384569412732034,41.3405405032005,148.104500000001 -0.384648724988468,41.3402821051445,148.971099999995 -0.384694585780354,41.3401582150525,149.317200000005 -0.384746588353862,41.3400499316723,149.467999999993 -0.384819377044707,41.3398886241803,150.0 -0.384855925900348,41.3397831373385,150.676600000006 -0.384912738053848,41.3396318665268,151.0 -0.384964456759707,41.3394789031352,152.0 -0.385009460558828,41.3392858080327,153.304300000003 -0.385065625925319,41.3390782086098,154.0 -0.38511226914981,41.3389023672708,155.0 -0.385152444504266,41.3387783571963,155.0 -0.385173269249179,41.3387232266185,155.0 -0.38518120137315,41.3386662890842,155.0 -0.385175000302753,41.3385834949219,155.404699999999 -0.385234585555527,41.3382493110806,157.0 -0.385261772169284,41.3380926085098,157.0 -0.385296863059235,41.3379114165613,158.0 -0.385317659058075,41.337821513764,158.0 -0.38532612298466,41.3377409679232,158.0 -0.385335029780715,41.3376787287763,158.0 -0.385343037363141,41.3376033412036,158.0 -0.385355755710947,41.3375136511179,159.0 -0.385377728502784,41.3374109642626,159.0 -0.385404550400553,41.3372456761603,159.665299999993 -0.38542073983861,41.337135457554,159.9565 -0.385432553582906,41.3370460703439,160.0003 -0.385441659804949,41.336973995805,161.0 -0.385460204625662,41.3368857725434,161.0 -0.385484912787561,41.3367667923591,161.0 -0.385502901551104,41.3367163012581,161.032099999997 -0.385536243421207,41.3366371833009,162.0 -0.385557067267789,41.3365818971262,162.0 -0.385573061771443,41.3365338360833,162.128500000006 -0.385594178468813,41.3364622789895,163.0 -0.385619448077764,41.3363921267908,163.0 -0.385628221024818,41.3363541965346,163.111799999999 -0.385639883852167,41.3362992891866,163.970100000006 -0.385646850287191,41.3362185067384,164.0 -0.385652158432207,41.3361377491465,164.0 -0.385662224953281,41.3360325347976,164.0 -0.385682758644034,41.3358532891238,164.0 -0.385696865787253,41.3357135033805,164.0 -0.385716991642891,41.3354975914436,164.0 -0.38573709144738,41.3352319055635,163.882299999997 -0.385749360637537,41.3351041200206,164.0 -0.385760040707928,41.3349732786966,164.0 -0.385786647010027,41.3347068338747,164.360100000005 -0.385800163061789,41.3344658536178,165.0 -0.385816023716441,41.3342718667807,165.0 -0.385815101146656,41.3339688486257,165.0 -0.385821551050382,41.3337158051677,165.0 -0.385813491365657,41.3335198424365,165.0 -0.385810806301266,41.3332475934279,165.0 -0.3858175014451,41.332988054137,165.0 -0.385805960788623,41.3329034618759,165.0 -0.38580461331571,41.3327746505226,165.0 -0.385804915149634,41.3326066282338,165.0 -0.385807221124984,41.332493269234,165.0 -0.385813980947475,41.3323963808763,165.0 -0.385810941048564,41.332277158427,165.0 -0.38581590873208,41.3320829181903,165.0 -0.385809814561204,41.3319393185932,165.0 -0.385808932415588,41.3317565236761,165.0 -0.38580389107021,41.3316563249081,165.273799999995 -0.385803475150254,41.3316338254766,165.0 -0.385824241504656,41.3316127493269,165.0 -0.385850877451159,41.3315950202629,165.351500000004 -0.385875951227376,41.3315833175804,165.812000000005 -0.385916641316469,41.3315804858399,166.0 -0.385952234364665,41.331583662273,166.0 -0.385994524353288,41.3315902087331,166.0 -0.386034896438775,41.3316059505892,166.0 -0.386079772677109,41.3316241626244,166.0 -0.386118208893184,41.3316414700902,166.0 -0.386156988265684,41.3315869844076,166.0 -0.386220282662273,41.3316175372459,166.380399999995 -0.386324903155234,41.3316651519952,166.589500000002 -0.386446599723387,41.3317241806641,167.0 -0.386532725701272,41.3317627132855,167.0 -0.386682524266458,41.3318389467489,167.027700000006 -0.386847180966469,41.3319162054265,167.696299999996 -0.386979311466642,41.3319770348926,167.980500000005 -0.387139248418169,41.3320599035575,167.940900000001 -0.387273746877458,41.3321279889111,168.484800000006 -0.387582225651065,41.3322778464557,169.0 -0.388041534255826,41.3325001043039,170.0 -0.388359414797222,41.3326413417954,171.0 -0.388780654596887,41.3328480861921,172.133499999996 -0.388981541250602,41.3329430055963,173.0 -0.389208851848405,41.3330537925057,173.532699999996 -0.389498980735737,41.3331922510885,174.0 -0.389816486679643,41.3333467132035,175.0 -0.390141463911775,41.3334997355154,176.0 -0.390396063531272,41.3336163797198,176.925499999998 -0.39054723741718,41.3336919810093,177.0 -0.390746197184621,41.3337843474659,177.409400000004 -0.391027105763844,41.3339134475412,178.0 -0.391336035491761,41.3340634345333,179.0 -0.391543764613001,41.3341660834969,179.746799999994 -0.39177501611997,41.3342731874855,180.0 -0.391970971022787,41.3343666249244,181.0 -0.392170155369036,41.3344630031161,181.546000000002 -0.392322274282624,41.3345346224381,182.0 -0.392455197995201,41.3346033392483,182.0 -0.392600460966542,41.3346890199895,183.0 -0.392743644338002,41.3347825350754,183.0 -0.392858519099896,41.3348725378479,183.263399999996 -0.392997148911169,41.3349955779944,184.0 -0.393127796292835,41.3351101022378,184.271900000007 -0.393234938356781,41.3352079915755,185.0 -0.393428766049004,41.3353819313391,185.0 -0.393612390676228,41.3355525932234,186.0 -0.393759286784725,41.3356843554288,186.537299999996 -0.393940564114133,41.3358537477845,187.0 -0.394050649058938,41.335957632983,187.493100000007 -0.394150840857508,41.3360411117271,188.0 -0.394300434606856,41.3361882791423,188.0 -0.394424093095603,41.3363057555823,189.0 -0.394522434364685,41.336411491549,189.0 -0.394676827812558,41.3365516326017,189.878700000001 -0.394801981097942,41.3366622966865,190.045400000003 -0.394960320844897,41.3368050535503,191.0 -0.395108171862542,41.3369387631718,192.0 -0.395246260888029,41.3370610723168,192.529299999995 -0.395395237494737,41.3372085078968,193.0 -0.395531990725374,41.3373269395918,193.885500000004 -0.395593902614763,41.3373901199815,194.0 -0.395664240701527,41.3374557554329,195.0 -0.395743553856259,41.3375234662043,195.0 -0.395829580121132,41.3375980026721,195.751099999994 -0.395879583943098,41.3376632838108,195.939799999993 -0.39596543862976,41.3377635003184,196.725200000001 -0.396045738134704,41.3378595679446,196.8361 -0.396141792293077,41.3379928619459,197.828399999999 -0.396204524344317,41.3380896515994,198.0 -0.396278973121798,41.3382022697277,198.859200000006 -0.396352680789175,41.3383315842983,199.3704 -0.396406568926423,41.3384224893348,200.0 -0.39644554233503,41.3384984984984,200.720100000006 -0.396475256808019,41.3385806526941,201.0 -0.396514593135986,41.3386655829122,201.705799999996 -0.396545631725698,41.3387463103911,201.933300000004 -0.396574346373751,41.3388204003092,202.697799999994 -0.396605389455014,41.3388956279728,202.947100000005 -0.396638273184297,41.3389884625509,203.684200000003 -0.396662013860622,41.3390606974073,203.829800000007 -0.396682888911206,41.3391332235533,204.319699999993 -0.39670695387935,41.339224900409,204.881399999998 -0.396729471948591,41.3393099235376,205.945399999997 -0.396758560295804,41.3394107688099,206.746299999999 -0.396780316593674,41.339508930912,206.604200000002 -0.396792322577448,41.3395582368409,207.078099999999 -0.396813575818743,41.339662411545,207.930800000002 -0.396827460179782,41.3397464136436,209.0 -0.396839275720704,41.3398354686859,209.521299999993 -0.396858772755641,41.3399432229727,210.168000000005 -0.396873572499921,41.3400603088739,211.0 -0.396889466392267,41.3401649393818,211.967999999993 -0.39690181104088,41.3402603182193,212.0 -0.396916076287587,41.3403341642858,212.341 -0.396943435377887,41.3404358179907,213.0 -0.396977302762425,41.3405300647003,213.943499999994 -0.396991690180004,41.3405621193956,214.0 -0.397027364076572,41.3406420506945,214.455499999996 -0.397053724240266,41.3406950955952,214.966199999995 -0.397096731982804,41.3407705112883,215.0 -0.397135402659155,41.3408356691953,215.392699999997 -0.397191739603891,41.3409112068008,216.0 -0.397235523490855,41.3409723704866,216.0 -0.397288267174434,41.3410414251475,216.0 -0.397355216815913,41.3411249735883,216.0 -0.397417258062719,41.3412039990906,216.0 -0.397508434369119,41.3413058483756,216.042600000001 -0.397596250078011,41.3414056458444,216.518899999995 -0.39773825665644,41.3415528132784,217.0 -0.39790549152132,41.3417271522277,217.0 -0.398052021117202,41.3418760515677,217.0 -0.398192584102962,41.3420287112279,217.065100000007 -0.398340575257821,41.3421837823111,217.493199999997 -0.398469778148487,41.3423200457627,217.250700000004 -0.398603963994052,41.3424625143827,217.918799999999 -0.398724133426239,41.3425942174225,217.707800000004 -0.398785800075555,41.3426636945805,217.849100000007 -0.398851586398759,41.3427370948215,217.978799999997 -0.398962770881478,41.342854977595,218.0 -0.399038121567512,41.3429310989359,218.0 -0.399142071018941,41.3430449799863,218.0 -0.399276991686399,41.3431788143802,218.110799999995 -0.399369147156435,41.3432761925175,218.392300000007 -0.39950714814704,41.3434219380881,218.157800000001 -0.399674453978791,41.3436020801445,218.011100000003 -0.399767916497604,41.3437049602387,217.639299999995 -0.400051299935431,41.3440101263013,218.0 -0.400142570564926,41.3441013950146,218.0 -0.40028112491771,41.3442492651655,218.0 -0.400450528315683,41.3444180916693,218.0 -0.400563695380229,41.3445380546553,217.982000000004 -0.400738006274613,41.3447172332655,217.0 -0.400787024644697,41.3447650063668,217.0 -0.400836811074398,41.3448165540952,217.0 -0.400885706375313,41.3448679507156,217.0 -0.400930658072102,41.3449168627798,216.809099999999 -0.400968201362796,41.3449595102446,216.0 -0.40100566021183,41.3450058055443,216.0 -0.401038333735325,41.3450511869915,216.0 -0.401072679921916,41.3451042606721,216.127500000002 -0.401100223166821,41.3451540634473,216.318700000003 -0.401134018686124,41.3452122119344,216.2258 -0.401168274142874,41.3452781888436,215.967099999994 -0.40120599440163,41.3453616839663,215.529800000004 -0.401239259914946,41.3454387337256,215.225200000001 -0.401264601389098,41.3455113815793,215.0 -0.40128748147937,41.3455637420437,214.467199999999 -0.401306510492052,41.3456436557388,214.0 -0.401331122534195,41.345723588219,214.0 -0.40134965837177,41.3458071711166,213.769499999995 -0.401359790469866,41.3458644645591,213.561799999996 -0.401384594751487,41.3459764649841,213.0 -0.401406713968718,41.3460774820198,212.634699999995 -0.401418100114962,41.3461461711407,212.398400000005 -0.401437343824983,41.3462357205288,212.016799999998 -0.401462939522348,41.3463524012715,211.510800000004 -0.401513883880441,41.3465672339423,211.515299999999 -0.401537983882872,41.3466676761566,211.005499999999 -0.401579564202421,41.3468057753496,210.257299999997 -0.401605153611606,41.3468984415197,209.767399999997 -0.401639330016612,41.3470074452205,209.450299999997 -0.401668111139984,41.3470945744071,209.583299999998 -0.401701836590714,41.3472041665163,208.945999999996 -0.401729150765226,41.347301105006,208.424400000004 -0.401755448046856,41.3474060361188,208.914499999999 -0.401784272289389,41.347496732244,208.371799999994 -0.401817333885097,41.3476116742006,208.520600000003 -0.401853481193801,41.3477180567488,208.063299999994 -0.401895153141522,41.3478281798919,208.0 -0.401923658482118,41.3479177445006,207.759099999996 -0.401958180738507,41.3480028324843,208.0 -0.401990693463588,41.3480711769919,207.535199999998 -0.402022155159766,41.3481332234517,207.967399999994 -0.402055907559941,41.3482183529649,207.3459 -0.402095996676109,41.3483003141673,207.0 -0.40214254198425,41.3484034586099,207.0 -0.402198039004201,41.3485205778544,207.0 -0.402225902947669,41.348578115054,207.250700000004 -0.402269817090345,41.3486609835032,207.0 -0.402307578671633,41.3487368296586,207.0 -0.402358644302269,41.3488253693288,207.0 -0.402414340748208,41.3489349268296,207.0 -0.402490914939656,41.3490743658956,207.0 -0.402567099262263,41.3492121875416,207.0 -0.402590362933162,41.34924585913,207.0 -0.402640431433853,41.3493271824417,207.0 -0.402695500855718,41.3494209988538,207.0 -0.402748560746276,41.3494992731672,207.0 -0.402803527760205,41.3495703856958,207.0 -0.402870483689897,41.3496746482345,207.0 -0.402911579817512,41.349729548352,207.0 -0.402977756009556,41.3498277805431,207.0 -0.403034216921792,41.3499094490722,207.0 -0.403100038279283,41.3499971839917,207.0 -0.403161790268557,41.3500797242475,207.0 -0.403213749722904,41.3501557879148,207.0 -0.403290255642405,41.3502473541695,207.0 -0.403359334291105,41.3503413196359,207.0 -0.403428729146817,41.3504227218269,207.0 -0.403487996395985,41.3504979367621,207.0 -0.40354457498754,41.3505640425107,207.0 -0.403575995361218,41.3505835581551,207.0 -0.40364975602919,41.3506066829049,207.0 -0.403715768727863,41.3506320141127,207.0 -0.40379332837116,41.3506917464697,207.0 -0.403875038231114,41.3507436118438,207.0 -0.403987138995405,41.3508028693588,207.0 -0.404100159634557,41.3508636690479,207.621400000004 -0.404211908259286,41.3509047778083,207.697700000004 -0.404307531226319,41.3509485306479,208.0 -0.404374065846172,41.3509693415926,208.0 -0.404458613484057,41.3509946625441,208.0 -0.404565311780271,41.351023212244,208.0 -0.404701256527153,41.35106416041,208.077799999999 -0.404825788178345,41.3510923654901,208.0 -0.405003291685247,41.3511349057355,208.0 -0.405342387738693,41.3512169543024,208.0 -0.40552964694954,41.3512594627724,208.0 -0.405738012078024,41.3513116965586,208.0 -0.405937516224506,41.3513566312433,208.0 -0.406140152796434,41.3514120100724,208.0 -0.406367806550662,41.3514718111707,207.0 -0.406560332584057,41.3515186042223,207.0 -0.406684655826123,41.3515501781,207.278699999995 -0.40681767026854,41.3515852659377,207.324399999998 -0.406932580963052,41.3516212769247,207.0 -0.407058456493935,41.351653511603,207.171199999997 -0.407262712728296,41.3517203046759,207.0 -0.407351751942602,41.3517516215337,207.0 -0.407363898961887,41.3517563783014,207.0 -0.407491768752693,41.3517980482199,207.0 -0.407623660301005,41.3518339970503,207.0 -0.40782466553237,41.351896376417,207.0 -0.407955969582514,41.3519380873803,206.898199999996 -0.408076473187988,41.3519827282974,206.9372 -0.408212319120189,41.3520265518919,207.0 -0.408308982336327,41.3520659390202,206.944399999993 -0.408442075830522,41.3521297275194,206.966700000004 -0.40853223254905,41.3521755423169,206.792799999996 -0.408726351295433,41.3522710128041,207.0 -0.408868147668074,41.3523303903082,207.0 -0.408986824100252,41.352382404078,207.0 -0.409083294178614,41.3524261687368,207.0 -0.409212695597005,41.3524814569703,207.0 -0.409341718824618,41.3525371706579,207.0 -0.40948365533444,41.3525915659874,207.0 -0.409640367334088,41.3526427541722,207.0 -0.409770771272307,41.352697431282,207.251499999998 -0.409921840055322,41.3527573235821,208.0 -0.410067503675268,41.3528304063015,208.0 -0.410204691690499,41.3528894663629,208.0 -0.410353460786412,41.3529484906315,209.0 -0.410541742280055,41.3530173795207,209.0 -0.410735074102247,41.3530850397215,209.804199999999 -0.410848155826835,41.3531206452856,210.0 -0.410987849243405,41.3531696057703,210.529699999999 -0.411120744209908,41.3532124663095,211.0 -0.411268248477874,41.3532592014671,211.0 -0.411404668433554,41.3533033539448,211.291400000002 -0.411504511685817,41.3533292383943,211.816300000006 -0.411626991584905,41.3533582961817,212.0 -0.411774152696446,41.3533863060638,212.0 -0.41193774579116,41.3534192013752,212.0 -0.412055867962796,41.353447018376,212.0 -0.412193752172411,41.3534798468992,212.0 -0.412273333025111,41.3534980170791,213.0 -0.412365720260498,41.3535226546373,213.0 -0.412477729396652,41.3535621130124,213.0 -0.412587794578521,41.3535942469309,213.0 -0.412683299866267,41.3536287935391,213.0 -0.412871154660156,41.3536971833887,213.304099999994 -0.413038553018408,41.353756356623,214.0 -0.413178252723191,41.3538074548824,214.0 -0.413331599633778,41.3538641108009,214.780899999998 -0.413440501497339,41.3539065319045,215.0 -0.413536067870521,41.3539397398344,215.358200000002 -0.413678764355087,41.3539882681427,216.0 -0.413813111897397,41.3540314673222,217.0 -0.413821141937751,41.354034210426,217.0 -0.413977590730983,41.3540829294941,218.317500000005 -0.414135697814256,41.3541436620602,219.884099999996 -0.414328416087097,41.3542237931414,220.997799999997 -0.414577179352218,41.3543461406251,221.207500000004 -0.414787801946975,41.3544456874946,221.973800000007 -0.414991892891337,41.3545493717614,222.0 -0.415139403447515,41.3546296432731,222.0 -0.415244171264133,41.3546804219003,222.0 -0.41544757050573,41.3547860511626,223.0 -0.415912733431208,41.3549984271669,223.0 -0.416049070741889,41.3550643044772,223.050000000003 -0.416220649859466,41.3551326395489,223.508000000002 -0.416356443689369,41.3551596446334,223.039900000003 -0.416374961560636,41.355164799664,223.145199999999 -0.416384094732126,41.3551665036224,223.192500000005 -0.416509350425479,41.3551995018765,224.0 -0.41664532122351,41.3552148873901,223.631599999993 -0.416771712387361,41.3552304778874,223.405700000003 -0.416869026882061,41.3552482403014,224.0 -0.41688028456922,41.3552555665709,224.0 -0.41688209916609,41.3552555557822,224.0 -0.416954497089798,41.3552774792931,224.0 -0.416964821427339,41.3552811710841,224.0 -0.416969679516409,41.3552849033328,224.0 -0.417048283002067,41.3553167134114,224.0 -0.417058816647098,41.3553204854417,224.0 -0.41717285058591,41.3553842471513,224.0 -0.417301172229289,41.3554549014719,224.0 -0.417532913318077,41.3555739048275,224.0 -0.417801037972506,41.3557310906074,224.0 -0.417804041040503,41.3557335767332,224.0 -0.418066526969884,41.355894470741,224.0 -0.418411496208654,41.3561245830521,224.0 -0.418872645461434,41.3564671630898,224.0 -0.419183563161061,41.3566715662545,223.825700000001 -0.419409246909888,41.3568191334237,223.458499999993 -0.419676903542062,41.3569899967053,223.0 -0.419905653240949,41.3571337453764,223.0 -0.420085040514997,41.3572524692081,223.0 -0.420087205454836,41.3572541562548,223.0 -0.420239704355763,41.3573547471796,223.0 -0.420401305885479,41.3574442245116,223.0 -0.420665480647604,41.3575678329068,222.151400000002 -0.420731608330638,41.3575991037977,222.0 -0.420794476027473,41.3576280187555,222.0 -0.420824711523313,41.3576477311934,222.0 -0.420844117828375,41.3576790478966,222.0 -0.42085996141505,41.357718501055,222.0 -0.420868356171392,41.3577613430908,222.0 -0.420846258513692,41.3577923070942,222.0 -0.420806411044343,41.3578229278777,222.0 -0.420734146071305,41.3578649007069,221.068700000003 -0.420700019073673,41.3578910860909,221.0 -0.420649551721005,41.3579349178447,221.0 -0.420589475988049,41.3579902654551,220.407500000001 -0.420547351289425,41.3580515385123,220.0 -0.420523049166047,41.3581028430979,219.747099999993 -0.420505509560119,41.3581771894656,219.0 -0.420495698160588,41.3582626160086,218.016699999993 -0.420505291269525,41.3583477983545,216.231400000004 -0.420491982728593,41.3584527784148,215.0 -0.420492149815219,41.3584561598629,215.0 -0.420479562621457,41.3585235366128,214.836500000005 -0.420481490406061,41.3585270454936,214.844400000002 -0.420486441919896,41.3586359811774,213.773000000001 -0.420506362959662,41.3587437400885,212.865900000004 -0.420527432046319,41.3588386635549,212.540399999998 -0.420557775339977,41.358977867667,211.468299999993 -0.420578486897189,41.3590886271445,210.789600000004 -0.420590874664963,41.3591839472466,209.885999999999 -0.420612985797353,41.3592381050768,209.945000000007 -0.420641836989332,41.3592880993177,208.830000000002 -0.420644039658415,41.3592940907758,208.618300000002 -0.420715407214486,41.3593455905909,208.607999999993 -0.420782284092433,41.3593733443759,208.422699999996 -0.420882126446366,41.3594207399273,207.646099999998 -0.420985942048794,41.3594661585246,207.544800000003 -0.421169400487721,41.3595644892982,207.621899999998 -0.421273215191819,41.3596157495389,207.263200000001 -0.421369340317129,41.3596499861655,206.490099999995 -0.421374024133028,41.3596536622006,206.3315 -0.421385238701026,41.3596610264067,206.015599999999 -0.421486887566988,41.3596828810084,205.4712 -0.421559689732557,41.3597032839341,205.866699999999 -0.421621624978138,41.3597492248807,206.345700000005 -0.421622296917967,41.35975117617,206.315199999997 -0.421662912446934,41.3598085267895,206.187999999995 -0.421746533921778,41.359921092522,205.599700000006 -0.421806000596969,41.3599887152054,204.768299999996 -0.421861135595822,41.3600408927668,204.459799999997 -0.421973640602007,41.3601337794567,203.373800000001 -0.422071716868113,41.3602117988336,202.637199999997 -0.422187468385708,41.3602996783162,202.094500000007 -0.422292091573593,41.3603741698345,201.554999999993 -0.422393134975078,41.3604346039076,200.896800000002 -0.422483938480616,41.3604874823272,200.833599999998 -0.422609552601744,41.3605249568957,199.9326 -0.422665973988108,41.3605381127701,199.668600000005 -0.422673057204121,41.3605397639967,199.635399999999 -0.422760442620037,41.3605769438901,199.237800000003 -0.422762384777662,41.3605786659114,199.254799999995 -0.422855154695379,41.3606291250254,199.6394 -0.422971066113125,41.3607068451187,199.065300000002 -0.423063975269693,41.3607765578125,199.339800000002 -0.423166602400994,41.3608509685501,199.217600000004 -0.423337569765881,41.3609778257093,197.8747 -0.42340985719678,41.36104315825,197.646900000007 -0.423497394427972,41.3611090274196,197.364000000001 -0.423570556817977,41.3611703366464,197.303400000004 -0.423627800162817,41.3612249910856,197.111999999994 -0.423674515252543,41.3612803500571,196.759999999995 -0.423720079600387,41.3613420508542,197.018599999996 -0.423761611410927,41.3614137471446,196.931500000006 -0.423816957513898,41.3615235565249,196.309899999993 -0.423863542347877,41.3616222658064,195.613700000002 -0.42392596717531,41.3617595241974,194.731700000004 -0.424003255527383,41.3619239160521,193.521200000003 -0.424048067985357,41.3620265190778,192.778200000001 -0.424081433211617,41.3621130334933,192.393500000006 -0.424114687046804,41.36218836235,192.742899999997 -0.424125804596782,41.3622515132237,191.573999999993 -0.424122750324817,41.3623250107203,191.224700000006 -0.424121058797116,41.3624023020032,191.246400000004 -0.424117523926471,41.3624673593784,191.0 -0.424116520508313,41.362470079203,191.0 -0.42411098778449,41.3625695765652,190.052299999996 -0.424117443078099,41.3626449709673,189.210200000001 -0.42413504646442,41.3627191483102,189.0 -0.424158606579362,41.3627967027457,188.357600000003 -0.424220928100528,41.362889856539,188.052599999995 -0.424278079817198,41.3629408903194,187.317800000004 -0.424354014408179,41.3630119180452,187.0 -0.424435637131515,41.3630741646663,186.232900000003 -0.424539178747795,41.3631324596342,185.992700000003 -0.424623508095085,41.3631621077055,185.0 -0.42483981163572,41.3632517098742,183.167199999996 -0.424956315941549,41.3632913282087,181.732900000003 -0.425055922038579,41.363336202709,181.0 -0.425128988308827,41.3633631416878,181.0 -0.425193967046608,41.3633920203739,180.551600000006 -0.425299572093087,41.3634457553405,180.0 -0.425393702060144,41.3634984384879,179.549799999993 -0.425462214770239,41.36353912665,179.853400000007 -0.425551263866012,41.3636110328972,180.683600000004 -0.425621002776479,41.3636645499121,179.661900000006 -0.425694767936037,41.3636874987648,178.478300000002 -0.425771947591995,41.3636988417167,178.051200000002 -0.425881377664948,41.3637049534527,176.968999999997 -0.425988121775214,41.3636890454085,176.350600000005 -0.426060648158007,41.3636718105098,176.235100000005 -0.426142775734545,41.3636596470361,176.160600000003 -0.42623366368171,41.3636541124222,175.744999999995 -0.426321800089199,41.3636547974226,175.830799999996 -0.426414278952757,41.3636670391058,175.153200000001 -0.426508705363823,41.363691352564,175.558099999995 -0.426585150197888,41.3637162276319,175.043699999995 -0.426629399412148,41.3637463028876,174.456999999995 -0.426688804103572,41.363793283311,174.459900000002 -0.426735109561521,41.3638443662745,174.254000000001 -0.426776732101901,41.3638897838072,174.187399999995 -0.426826748500293,41.3639288394619,173.962799999994 -0.426886047190493,41.363966241931,173.641300000003 -0.426944475413206,41.363996506524,172.998300000007 -0.427062153817108,41.3640215372175,172.241500000004 -0.427129103458621,41.364023856497,171.655799999993 -0.427135303630687,41.3640251880599,171.572100000005 -0.427136864902676,41.364025178621,171.561400000006 -0.427218029485225,41.364027416321,170.388999999996 -0.427228965575489,41.364028722264,170.290500000003 -0.427247729585128,41.3640299796639,170.150099999999 -0.427333873529321,41.3640335752207,170.0 -0.427431833912735,41.3640468166845,170.0 -0.427524210368324,41.3640588122079,169.752399999998 -0.427617880397966,41.3640624407993,169.131299999994 -0.427660568340271,41.3640621751611,169.046100000007 -0.42776823771528,41.3640530888495,167.849000000002 -0.427829469579967,41.3640429467254,167.373399999997 -0.42793608343452,41.3640339628909,165.949399999998 -0.428013110376872,41.3640279604077,165.4709 -0.428100094245852,41.3640136975131,165.0 -0.428192343140686,41.3640090292882,164.0 -0.428267010208796,41.3639990550355,163.338399999993 -0.428370055955045,41.3639916555871,163.0 -0.428466991360703,41.3639776232642,162.006899999993 -0.428508745953423,41.3639667044388,162.0 -0.428555945235084,41.3639518738461,162.0 -0.428600824168376,41.3639384961725,161.977499999994 -0.428640253022811,41.3639330424875,161.784599999999 -0.428676408416389,41.3639341165042,161.402300000002 -0.428697064278015,41.3639365915292,161.148100000006 -0.42874193063488,41.3639599448119,161.124500000005 -0.428788902642776,41.3639769483804,161.0 -0.428846227734319,41.3639995027105,161.0 -0.428908000384826,41.3640196163957,161.0 -0.42895905793062,41.3640331133875,161.0 -0.42902755177611,41.3640494251987,161.0 -0.429105756409789,41.3640559636758,161.0 -0.429159559207114,41.3640556272456,160.504400000005 -0.429243955029722,41.3640466703812,160.0 -0.429319276969683,41.3640170442876,160.154500000004 -0.429384034721877,41.3639826205056,160.163 -0.429448948780933,41.3639528797672,159.789300000004 -0.429521561401981,41.3639158784455,159.0 -0.429588411330483,41.3638886127035,159.0 -0.429650517255945,41.3638531532656,159.0 -0.42972991305571,41.3638147643604,158.596799999999 -0.42978762891439,41.363782174327,158.795700000002 -0.429873849215371,41.3637477928961,158.033299999996 -0.429948147974204,41.363730129214,157.595100000006 -0.430025085983343,41.3637160354813,157.243900000001 -0.430095274051458,41.3637065931372,157.0 -0.430103747859512,41.3637065398744,157.0 -0.430205577286857,41.3636803318844,157.0 -0.430283727123314,41.3636558094162,156.778200000001 -0.430353394168546,41.3636435097485,156.470499999996 -0.430456661798678,41.3636342979747,156.214699999997 -0.430545187176643,41.3636299843588,156.074999999997 -0.430626382301927,41.3636353881774,156.016499999998 -0.430714749576437,41.3636467250705,155.362599999993 -0.430817638117494,41.3636535555223,155.463300000003 -0.430934296933557,41.3636588285416,155.490999999995 -0.431036511738158,41.3636506853976,154.457699999999 -0.431122369119744,41.3636382131304,154.971399999995 -0.43128775165851,41.3636033441671,154.222899999993 -0.431397183528091,41.3635824044415,154.0 -0.431496982762896,41.3635504581662,153.836899999995 -0.431558178694999,41.3635388353895,153.548500000004 -0.431634159100032,41.363520263484,153.098400000003 -0.431718775908227,41.3635032105784,152.6777 -0.43180095648536,41.3634985922089,152.292000000001 -0.431892899054717,41.3634980150812,152.0 -0.431956194349604,41.3635030919167,150.976200000005 -0.432023920135508,41.36351367169,150.611699999994 -0.432084560908772,41.3635257643985,150.0 -0.432130233952764,41.3635464863712,150.002600000007 -0.432200246849379,41.363599077744,150.368000000002 -0.432264771937925,41.3636610473763,149.971799999999 -0.432326911101081,41.3637381118855,150.349300000002 -0.432368689948289,41.363790988295,150.601800000004 -0.432403139441146,41.3638456068227,150.243600000002 -0.432431924157773,41.3639090244239,150.534499999994 -0.432465504081406,41.3639875267283,150.162500000006 -0.432492504743931,41.3640734614142,150.197199999995 -0.432517876760785,41.3641535607185,149.878299999997 -0.432543291896833,41.36424265317,150.326700000005 -0.432566241157381,41.3643128441336,150.207500000004 -0.432574890136935,41.3643632093344,150.029699999999 -0.432585394137563,41.3644243718898,149.813699999999 -0.432590624129131,41.3644894939896,150.366699999999 -0.432600325035886,41.3645466631179,149.966899999999 -0.43260034749378,41.3645478793813,149.964500000002 -0.43260141738729,41.3646061851647,150.272700000001 -0.43260418419835,41.3646734159877,150.335500000001 -0.432610241538312,41.3647450695042,150.187000000005 -0.432611797420384,41.3648216068529,150.167199999996 -0.432616239589465,41.364879208526,150.785499999998 -0.432629399908376,41.3649482236731,150.732799999998 -0.432648727161727,41.3650365916215,150.702699999994 -0.432663358921051,41.3651158901417,151.075200000007 -0.432696167191877,41.365187981399,150.916200000007 -0.432713827172049,41.3652613130977,151.313699999999 -0.432746094657056,41.3653532902629,151.150399999999 -0.432768903780425,41.365408225025,151.512100000007 -0.43278135712522,41.3654465239965,151.767399999997 -0.432803603903205,41.365499650492,151.455700000006 -0.4328184198172,41.3655560595911,151.170700000002 -0.432831313336473,41.3656182997334,150.922200000001 -0.432847673454412,41.365697925876,151.175900000002 -0.43284926796406,41.3656991394212,151.120999999999 -0.432872012408737,41.3657768581787,150.775999999998 -0.432890915657259,41.3658696975784,151.6639 -0.432921453885353,41.3659610428427,151.721799999999 -0.43295036346781,41.3660425832604,151.612500000003 -0.432975314174825,41.3661251793534,151.769199999995 -0.43301844139331,41.3662220242714,151.022899999996 -0.433044309280228,41.3663103918383,151.215400000001 -0.43307699627848,41.3664033154239,151.575800000006 -0.433095783644309,41.3664836026543,151.840800000005 -0.433111444872973,41.366553243764,151.502900000007 -0.433116435912713,41.3666089764191,151.492400000003 -0.43312021692173,41.3666643159784,151.5717 -0.433117308176862,41.3667103059453,152.411099999998 -0.433118446342317,41.3667699911871,152.352799999993 -0.433121103558932,41.3668207616909,152.748099999997 -0.433122411505972,41.3668698271548,153.0 -0.433128206537881,41.3669083167328,153.058499999999 -0.433144651097481,41.3669578189985,153.0 -0.43317706321122,41.3670206895048,153.207299999995 -0.433208918369526,41.3670712481212,153.0 -0.433246630543475,41.3671248742037,152.958599999998 -0.433292607218019,41.3671905470995,152.162700000001 -0.433347818573693,41.3672696690574,151.695699999997 -0.433418198881253,41.3673591442186,151.924199999994 -0.433481707076919,41.3674332359609,150.851599999995 -0.433532863437394,41.3675019059192,150.912500000006 -0.433586079634814,41.3675733399116,151.000199999995 -0.433652067180635,41.36767066201,150.710699999996 -0.43365314875224,41.3676783913839,150.702900000004 -0.433702741145835,41.3677612881028,150.870800000004 -0.433748812143475,41.3678401956548,150.103600000002 -0.43378694113571,41.3678970335188,150.428400000004 -0.433863368901764,41.3680239753708,150.066300000006 -0.433866880416218,41.3680295689397,150.003899999996 -0.433950041055351,41.3681658538031,150.0 -0.434015707902608,41.3682637406399,150.090899999996 -0.434078063559731,41.3683655172565,150.870299999995 -0.434130676089301,41.3684519234681,151.0 -0.434159715029173,41.3685339400937,151.0 -0.434188889614641,41.3685941178233,151.0 -0.4342242976099,41.3686615043019,151.0 -0.434266254323568,41.3687124290608,151.0 -0.434268025801277,41.3687141501926,151.0 -0.434329474159998,41.3687808691287,151.0 -0.434400929750951,41.368857612742,150.0 -0.434531654387733,41.3689870160921,150.0 -0.434577424449779,41.3690396704834,150.0 -0.434636326982959,41.3691055666148,149.424700000003 -0.434699776788079,41.3691758804222,149.432199999996 -0.434701720742365,41.3691792195154,149.455799999996 -0.434772158542107,41.3692569125432,149.935700000002 -0.434850559906851,41.3693439735227,149.510800000004 -0.434901058700551,41.369398494356,149.805999999997 -0.434966139846233,41.3694835104414,149.659 -0.435045850954679,41.3695849932424,150.0 -0.435115498236975,41.3696918057182,150.0 -0.435178600394085,41.3697959949037,149.8995 -0.435246430384553,41.3698840481825,150.0 -0.435303775239033,41.3699658149164,149.819699999993 -0.435355518199413,41.3700367925028,149.781700000007 -0.435412629491914,41.3701245852354,150.0 -0.435479381504031,41.3702193545756,150.410300000003 -0.435552357044473,41.3703219782284,151.0 -0.43555243340126,41.3703232489896,151.0 -0.435657708766038,41.3704552994786,151.0 -0.435780556076106,41.3706238126339,150.847399999999 -0.435892478973972,41.370774179551,150.362699999998 -0.436014888804487,41.3709277995085,150.166100000002 -0.436034662520496,41.370957508071,149.689299999998 -0.436062180612615,41.3710265363208,149.337400000004 -0.436116489161439,41.3711163184402,149.533500000005 -0.436145701476151,41.3711682383234,149.570000000007 -0.436191560471409,41.3712581921515,149.665800000002 -0.436243107599022,41.3713660312815,150.060500000007 -0.436302359576873,41.3714902779275,149.7595 -0.436360306302575,41.3716035097176,150.703599999993 -0.436425720723247,41.3716901125194,149.7929 -0.43650319412829,41.3718033331756,149.422500000001 -0.436551630390121,41.3718700320905,149.602299999999 -0.436606079974422,41.3719421563119,150.263300000006 -0.436568039017103,41.3720324872546,151.0 -0.436572686002054,41.3721274634685,150.252399999998 -0.436576210092901,41.3722769640319,151.669800000003 -0.436571994299289,41.3724326108963,152.937699999995 -0.436570970219865,41.3725076507424,153.0 -0.43659190994914,41.3725497684739,153.068499999994 -0.436659393189895,41.3726581157715,153.130300000004 -0.436748673152722,41.3727772204711,152.434299999994 -0.436815294909161,41.3728775231475,153.0 -0.436914069166211,41.3729871466754,152.0 -0.437019115460596,41.3731020254196,151.939199999993 -0.437144235508321,41.3732264885111,151.0 -0.437266807933877,41.3733347254753,151.0 -0.437331811824476,41.3733731283129,151.0 -0.43743301332945,41.3734532741424,151.0 -0.437479719436005,41.3734941731431,151.0 -0.437523483559998,41.3735750010229,151.0 -0.43756138348184,41.3736525499345,151.0</coordinates>
</LineString>
</Placemark>
</Folder>
</Document></kml>
