<?xml version="1.0" encoding="UTF-8"?>

<kml xmlns:xsd="http://www.w3.org/2001/XMLSchema" xmlns:gx="http://www.google.com/kml/ext/2.2" xmlns:atom="http://www.w3.org/2005/Atom" xmlns="http://www.opengis.net/kml/2.2">
<Document>
<name>ES11a_03a_nava_de_ordunte-espinosa_de_los_monteros</name>
<visibility>1</visibility>
<Schema name="ES11a_03a_nava_de_ordunte-espinosa_de_los_monteros" id="kml_schema_ft_ES11a_03a_nava_de_ordunte-espinosa_de_los_monteros">
<SimpleField type="xsd:string" name="id">
<displayName>id</displayName>
</SimpleField>
<SimpleField type="xsd:string" name="nombre">
<displayName>nombre</displayName>
</SimpleField>
<SimpleField type="xsd:double" name="longitud">
<displayName>longitud</displayName>
</SimpleField>
<SimpleField type="xsd:string" name="_formato">
<displayName>_formato</displayName>
</SimpleField>
</Schema>
<Folder id="kml_ft_ES11a_03a_nava_de_ordunte-espinosa_de_los_monteros">
<name>ES11a_03a_nava_de_ordunte-espinosa_de_los_monteros</name>
<Placemark id="kml_1">
<name>&lt;img height='20' src='https://nco.ign.es/iconos/icono_todos_caminos_azul.png' /&gt;&lt;img height='20' src='https://nco.ign.es/iconos/Camino Santiago_20.png' /&gt;&lt;img height='20' src='https://nco.ign.es/iconos/icono_todos_caminos_azul.png' /&gt;  Camino de Santiago </name>
<visibility>1</visibility>
<description><![CDATA[<!DOCTYPE html>
<html>
<head>
<style>
#nco {
  border-collapse: collapse;
  overflow:hidden;
}
#nco th, #nco td {
  padding: 4px;
  text-align: left;
}
#nco th {
  color: #364B5F;
  padding-right: 5px;
}
#nco td {
  color: rgb(51, 51, 51);
  font-size: 12px;
  padding-right: 5px;
}
</style>
</head>
<body>
<table id="nco">
<tr>
<td>Caminos del Norte</td>
</tr>
<tr>
<th><b>Camino: </b></th>
<td>ES11a Camino Olvidado</td>
</tr>
<tr>
<th><b>Etapa: </b></th>
<td>03a Nava de Ordunte-Espinosa de los Monteros</td>
</tr>
<tr>
<th><b>Longitud: </b></th>
<td>34.38 km</td>
</tr>
</table>
</body>
</html>]]></description>
<Style>
<IconStyle>
<scale>0.8</scale>
</IconStyle>
<LabelStyle>
<color>ffffffff</color>
<scale>0.75</scale>
</LabelStyle>
<LineStyle>
<color>ffff0000</color>
<width>3.0</width>
<gx:labelVisibility>1</gx:labelVisibility>
</LineStyle>
<PolyStyle>
<color>66ff0000</color>
</PolyStyle>
</Style>
<ExtendedData>
<SchemaData schemaUrl="#kml_schema_ft_ES11a_03a_nava_de_ordunte-espinosa_de_los_monteros">
<SimpleData name="id">ES11a_03a</SimpleData>
<SimpleData name="_formato">kml</SimpleData>
</SchemaData>
</ExtendedData>
<LineString>
<extrude>0</extrude>
<tessellate>1</tessellate>
<coordinates>-3.27169661399501,43.1538644529045,232.697700000004 -3.27172980674476,43.1538446715055,232.769899999999 -3.27190021086593,43.1537728384646,233.538100000005 -3.27200498407247,43.1537119855661,233.994999999995 -3.27209936466948,43.1536578387099,234.444099999993 -3.27221662715339,43.153573348836,234.583899999998 -3.27236272376131,43.1534979117477,235.253899999996 -3.2725353071954,43.1534296833427,235.604200000002 -3.27269003751149,43.1533760388852,235.608399999997 -3.27276757020537,43.1533560902153,235.614400000006 -3.27283621766273,43.1533309446586,235.566399999996 -3.27304299906137,43.1532690021367,236.2405 -3.27318582669998,43.1532213093863,236.403699999995 -3.27359519885639,43.153091976159,237.486799999999 -3.27370583985836,43.1530560179199,237.804999999993 -3.27389619286708,43.1529986022627,238.579899999997 -3.27402451990038,43.152959039553,238.938399999999 -3.27416617433921,43.152917716551,239.846999999994 -3.27431880888576,43.1528674250665,240.580600000001 -3.27449357163269,43.1528099253474,241.282900000006 -3.27458208443426,43.1527829354105,241.606299999999 -3.27464846903547,43.1527613940455,241.976500000004 -3.27469934691821,43.1527469769896,242.193599999999 -3.27476137289363,43.1527254356119,242.599799999996 -3.2748277574948,43.1527020500687,242.824800000002 -3.27490202121935,43.1526800060207,243.238599999997 -3.27510201404935,43.1526149623688,244.243499999997 -3.27527912319583,43.1525583844932,244.968299999993 -3.27536897718213,43.1525289637413,245.347500000003 -3.27561196877153,43.1524550352989,246.357399999994 -3.27580357942165,43.152389489406,247.108399999997 -3.27590541873047,43.152355374922,247.390799999994 -3.27608018147739,43.1522853023817,247.660799999998 -3.2761908233777,43.1522403751214,247.884099999996 -3.27644194472043,43.1521449892886,248.363299999997 -3.27666540603724,43.15205521907,248.824600000007 -3.2768158612709,43.15199947888,249.334000000003 -3.27692801144257,43.1519569827918,249.739499999996 -3.27719195713427,43.1518522930242,250.527900000001 -3.27728273369036,43.1518164185972,251.027600000001 -3.27743796616472,43.1517650376517,251.364400000006 -3.27751952241274,43.151730168498,251.789300000004 -3.27757928553197,43.1517103870635,251.869999999995 -3.27782898214664,43.1516160070407,252.718200000003 -3.27794440128761,43.1515648775862,253.210999999996 -3.27810592017233,43.1515091376043,253.762600000002 -3.27834270889471,43.1514193677624,254.323999999993 -3.27853498968803,43.1513440145236,254.965299999996 -3.2787631456005,43.1512630453566,255.861799999999 -3.27903086331811,43.1511570141736,256.904399999999 -3.27921677415775,43.1510581912073,257.226899999994 -3.279362786324,43.1509845146138,257.399300000005 -3.27944694049982,43.1509378273842,257.782500000001 -3.27958633208247,43.1508587857802,257.935899999997 -3.27966595964758,43.1508300359655,258.225200000001 -3.27978766519891,43.1507853606089,258.607600000003 -3.27992705588322,43.1507494023234,259.289199999999 -3.28013509492323,43.1506937461409,260.419399999999 -3.28021698624286,43.1506667565802,260.707399999999 -3.28033869179418,43.1506326424453,261.3073 -3.28055100501831,43.1505720413604,262.334900000002 -3.28062191623022,43.1505553607814,262.8704 -3.28075200306313,43.1505189835763,263.317899999995 -3.28090103356877,43.1504800077881,264.116099999999 -3.28102022383728,43.1504511739072,264.866800000003 -3.28119951319495,43.1504098511756,265.989400000006 -3.28126589779615,43.1503272056287,266.149399999995 -3.28131233350982,43.1502786743214,266.162400000001 -3.28146060943059,43.1502122059441,266.177200000006 -3.28151375016955,43.1501924246737,266.205300000001 -3.28158231408361,43.1501565499277,266.194300000003 -3.28166194254703,43.1501259562025,266.066300000006 -3.28171508418429,43.1501008106276,266.048800000004 -3.2818323466682,43.1500541233784,266.061300000001 -3.28186336010509,43.150032581707,266.076100000006 -3.28197844327615,43.1499391238354,266.224100000007 -3.28202705830267,43.1498995611113,266.358999999997 -3.28211783396046,43.1498151551736,266.790200000003 -3.28220416834747,43.1497433219843,267.637199999997 -3.28229486046191,43.1496696451165,268.149999999994 -3.28232780078507,43.1496319264686,268.201700000005 -3.2823875639043,43.1496085410525,268.450400000002 -3.28249158342431,43.1495762712346,269.342699999994 -3.28261546828852,43.1495384686398,270.108900000007 -3.2827416151106,43.1494917816164,271.0677 -3.28287438521127,43.1494523024922,272.083400000003 -3.28293414743217,43.1494325216312,272.606599999999 -3.28298284690035,43.1494199487024,273.084499999997 -3.28305803229639,43.1493929585793,273.522400000002 -3.28312802093848,43.1493709978826,274.223299999998 -3.28317537922196,43.1493498760735,274.505000000005 -3.28323069927378,43.1493264905495,275.013000000006 -3.28332139138821,43.1492851677129,275.702099999995 -3.28342985397563,43.1492348758608,276.564100000003 -3.28346748799616,43.1492240632645,276.879000000001 -3.28355373794151,43.1491863449971,277.925700000007 -3.28360905889166,43.1491648030197,278.093399999998 -3.28366219963059,43.1490983347419,279.306899999996 -3.28368877089841,43.1490678250323,279.600399999996 -3.28373302729918,43.1490156893877,280.307499999995 -3.28378164232573,43.1489581893217,280.856 -3.28384366830115,43.14878569011,282.503800000006 -3.28390116766586,43.1487317944928,282.859700000001 -3.28392555962079,43.1486994403216,283.0861 -3.28398305898547,43.148656357327,283.475200000001 -3.2839985657039,43.1486384198336,283.579800000007 -3.28408263633642,43.1485683469641,283.609500000006 -3.2841622639015,43.1485000344083,284.002099999998 -3.28421540553876,43.1484551076425,284.091700000004 -3.28424641897562,43.1484282016395,284.170700000002 -3.28435923929049,43.1483276191054,284.309599999993 -3.28442101373762,43.148277998249,284.553799999994 -3.28445630135861,43.1482468170015,284.736399999994 -3.28457582759707,43.1481408697203,284.963499999998 -3.28462452616692,43.1480959433459,285.511100000003 -3.28468898298352,43.1480469927766,286.041800000006 -3.28484136600179,43.1479198389542,287.944900000002 -3.2849055712901,43.1478713077017,288.419099999999 -3.28506491176022,43.14778153776,289.858399999997 -3.28517328990601,43.1477221941911,291.354600000006 -3.28530832196457,43.1476952878654,291.905299999999 -3.28537244370956,43.1476808709253,291.984500000006 -3.2854300275159,43.1476682982915,292.382199999993 -3.28548534756772,43.1476593297282,292.375899999999 -3.28556053296376,43.1476449966715,292.103300000002 -3.28561367460102,43.1476324240303,292.458599999998 -3.28577963655311,43.1475677158177,294.161099999998 -3.28589916189324,43.1475210286,295.411699999997 -3.28611155955903,43.1474149974793,298.295599999998 -3.28625321399787,43.1472999975588,299.3217 -3.28634357104071,43.147222548484,299.887900000002 -3.28644750611909,43.1471363830041,300.655199999994 -3.28651171140737,43.1470914558915,300.736000000004 -3.28656041087558,43.1470482891816,300.9133 -3.28675730182291,43.1469494661263,302.154999999999 -3.28683039144938,43.146911747766,302.374500000005 -3.28695427631356,43.1468219777259,303.069000000003 -3.28705611652071,43.1467446964871,303.411699999997 -3.28710699440345,43.1467051336616,303.414000000004 -3.28717337900462,43.1466620505722,303.570699999997 -3.28722425778569,43.1466171237664,303.722399999999 -3.28728175715041,43.146579405201,304.008199999997 -3.28730388535081,43.1465596240657,304.045800000007 -3.28732701966429,43.146542022186,304.172099999996 -3.28743447524029,43.1464500723377,304.521099999998 -3.28749423835949,43.1463835204912,304.864799999996 -3.28755836010447,43.1463044788963,305.508799999996 -3.28761812322371,43.1462703642929,305.771500000003 -3.28767562258842,43.1462416142863,306.083199999994 -3.28778844290325,43.1462110205678,306.080400000006 -3.28792339231682,43.1462218330416,305.607000000004 -3.28804953913889,43.1462541872134,304.883000000002 -3.28817795061382,43.146299114286,304.088300000003 -3.28824433521499,43.1463188116119,303.770600000003 -3.28835715552985,43.1463547705378,303.1734 -3.28841909796194,43.1464050614824,303.183000000005 -3.28850761076352,43.1464644056746,302.419099999999 -3.28857625822091,43.1465183013248,301.895300000004 -3.28862931541654,43.146539842924,302.110799999995 -3.28869570001771,43.1465667484473,302.229399999997 -3.28888605392473,43.1465721969274,301.880099999995 -3.28909627137933,43.1465937385076,300.785399999993 -3.28920464952508,43.1466080711555,300.683099999995 -3.28923566296194,43.1466171237664,300.624599999996 -3.28927774004985,43.1466242487967,300.535900000003 -3.28933306010167,43.1466368216452,300.488800000006 -3.28939273967758,43.146726675195,300.353900000002 -3.28940606708315,43.1467877795183,300.338000000003 -3.28941931004706,43.1468757891679,300.703099999999 -3.28938569868239,43.146959524745,301.162599999996 -3.28934580090737,43.147103190373,301.566600000006 -3.28951620502855,43.1470259933825,302.509999999995 -3.28961184236863,43.1469764560176,303.0046 -3.28980831470108,43.1468714306676,304.209300000002 -3.290016772356,43.1467503120822,305.421900000001 -3.29010528515757,43.1466909681675,305.8658 -3.29028457361694,43.1465706042646,307.060200000007 -3.29041507996309,43.1464861983178,307.575299999997 -3.29047400495417,43.1464390082236,307.953099999999 -3.29056117657101,43.1463891361194,308.4133 -3.29061197091045,43.1463540161504,308.649900000004 -3.29066293323482,43.1463226674449,308.871100000004 -3.29086502093609,43.1461960173313,310.083799999993 -3.2909594850764,43.1461501680051,310.509999999995 -3.2911320685105,43.1460657621332,311.193700000003 -3.2912589699174,43.1460049933201,311.800600000002 -3.29144630548506,43.1459400336683,313.072899999999 -3.29155250431796,43.1459022314463,313.746599999999 -3.29169399077184,43.145845988833,314.637600000002 -3.29172601032184,43.1458370200023,314.896200000003 -3.29189297748876,43.1457739884335,315.441399999996 -3.2920109945575,43.1457259601552,316.103900000002 -3.29218500271963,43.1456672025083,317.031900000002 -3.29229396746528,43.1456200124372,317.617400000003 -3.29238859959055,43.1455899217758,318.134399999995 -3.29243503530421,43.145570224215,318.445399999997 -3.29259102236344,43.1455129758695,319.278699999995 -3.29278799685409,43.1454449987558,320.369600000005 -3.29297298602224,43.1453679687721,321.405199999994 -3.29298497134475,43.1453660411532,321.450100000002 -3.29309703797308,43.1453239638608,322.198099999994 -3.29327297391978,43.1452600102272,323.356400000004 -3.2933577991371,43.1452305892392,323.744600000005 -3.29344597686709,43.1451969780634,324.350000000006 -3.29364328642936,43.1451138293056,325.599799999996 -3.29384461954577,43.1450186112843,326.628599999996 -3.29387999160841,43.1450052836988,326.716700000004 -3.29395081837866,43.1449675654498,326.786800000002 -3.29404159493476,43.1449161839903,326.941500000001 -3.29414561355646,43.1448946424744,327.004199999996 -3.29429824810302,43.1448632943314,326.289099999995 -3.29439338328486,43.1448363887136,325.6296 -3.29445314550576,43.1448345443184,325.263800000001 -3.29457703036998,43.1448219717547,325.008600000001 -3.29474525517829,43.1448040344469,325.4035 -3.29493778749987,43.1448435971919,324.814499999993 -3.29499310844999,43.144893888069,324.409299999999 -3.29506829384602,43.1449531485218,323.914300000004 -3.29511917172876,43.1449980752397,323.754199999996 -3.29518782008445,43.1450555750983,323.656099999993 -3.29529619733191,43.1451220438398,323.775599999994 -3.29545327494588,43.1451363768327,323.2693 -3.29558160197914,43.1451453457662,323.089800000002 -3.29565242874942,43.1451579182634,322.9231 -3.29579626250112,43.1451759393626,322.856 -3.29583389652165,43.1452334390539,322.857699999993 -3.29584722392719,43.145274762008,323.0962 -3.29583171720876,43.1453035118139,323.251600000003 -3.29581595986037,43.1453691419912,323.314299999998 -3.29574538372008,43.1454633546944,323.694799999997 -3.29569894800642,43.1455280631684,324.391699999993 -3.29555930579381,43.1456296518015,324.746799999994 -3.29541564002704,43.1457832083013,324.938800000004 -3.29536266637474,43.1459250303653,325.059699999998 -3.295386973888,43.1460094357762,325.371100000004 -3.29540248060643,43.146079508302,325.356400000004 -3.29542460880683,43.146145977241,325.029399999999 -3.29544229393982,43.1462034766753,324.608600000007 -3.29546224282737,43.1462592169079,324.804099999994 -3.29550205705906,43.1463687683225,325.075700000001 -3.29556500560426,43.1465319634985,325.816399999996 -3.29559258208686,43.1465897149052,326.655299999999 -3.29562099669762,43.1466629727423,327.478700000007 -3.29565896668807,43.146767578985,328.364799999996 -3.29572099266349,43.1469049583408,329.252600000007 -3.29576499753597,43.1470300163008,329.906700000007 -3.29578922150593,43.1470953955683,330.187999999995 -3.29587362721004,43.1471718380938,329.840599999996 -3.29594445398029,43.1471735985261,329.927500000005 -3.29605727429513,43.1471484523919,330.220799999996 -3.29618560132842,43.1470783797806,330.028300000005 -3.29626305047894,43.1470191200771,330.041599999997 -3.29632725576726,43.1469867656548,329.341499999995 -3.29642096532274,43.1469069698039,329.450599999996 -3.29647502863149,43.1468679943341,329.240999999995 -3.29653303105278,43.1468079800449,329.127200000003 -3.29659279417197,43.1467657353034,328.843299999993 -3.29669455083579,43.1466759650488,328.449699999997 -3.29674802754467,43.1466460413829,327.991899999994 -3.29690250543417,43.1464944126675,327.317999999999 -3.29700208278509,43.146401038523,326.289699999994 -3.29711272378706,43.1462860386611,325.964099999997 -3.29716804473722,43.1462447157352,325.293600000005 -3.29727432711341,43.1461494975091,325.688099999999 -3.29740927562867,43.1460003837307,327.411999999997 -3.29747566022985,43.1459375194634,326.190900000001 -3.2975396975332,43.1458747383703,324.008700000006 -3.29762603192021,43.1458029057935,322.846000000005 -3.2976437170532,43.14578136459,323.303400000004 -3.29769099089502,43.1457319946609,323.382500000007 -3.29774555726031,43.1456843019279,322.187699999995 -3.29779861535428,43.1456214373355,322.018200000006 -3.29786282064256,43.1455621775306,321.107900000003 -3.29790263397595,43.1455243750749,320.051800000001 -3.29794689037675,43.1454795319832,318.838799999998 -3.29796901947545,43.1454579067709,318.076499999996 -3.29799558984493,43.1454310007595,318.096099999995 -3.29801989735819,43.1454022510135,318.321200000006 -3.29809072412848,43.1453268136712,319.000199999995 -3.29817261544808,43.1453142405532,314.346300000005 -3.29829398502949,43.1451930382643,313.498800000001 -3.2983280159074,43.145155990638,313.597299999994 -3.29834100824135,43.1451300066869,313.395000000004 -3.29846246136609,43.1450141687561,313.506999999998 -3.29857310236807,43.1448865963564,313.964200000002 -3.29862180183625,43.1448596900935,313.693599999999 -3.29864610934951,43.1448399090572,313.582299999995 -3.29870142940133,43.1448057942918,313.514500000005 -3.29874794955665,43.1447770449073,313.341100000005 -3.29888289807189,43.1446871904581,313.489000000001 -3.29893603881082,43.144656596617,313.405400000003 -3.29907760970635,43.144563222287,313.975300000006 -3.29923694927818,43.1444590350306,314.579100000003 -3.29930777694676,43.1444410143755,313.970100000006 -3.29937416154793,43.1444213164445,313.527900000001 -3.29950911006316,43.1443889626135,313.606899999999 -3.29971002456469,43.1443300378549,313.770999999993 -3.29991496172202,43.1442850267495,313.727599999998 -3.29993197671181,43.1442830152001,313.797600000005 -3.30014621861887,43.1442239225462,314.079899999997 -3.30026792327186,43.1441862044705,314.069499999998 -3.30035425765887,43.1441610584183,314.220100000006 -3.30044939194242,43.1441466419556,314.116200000004 -3.30052910394916,43.1441376728755,313.880399999995 -3.30066187315154,43.1441161317407,313.669599999994 -3.30139210466282,43.1440011321684,314.695900000006 -3.30147827016658,43.1439919959287,316.274399999995 -3.3015778475175,43.1439758182463,315.361600000004 -3.30176375835714,43.143950672763,316.301500000001 -3.30194078396028,43.1439219229763,316.370299999995 -3.30204916210603,43.1439039854045,316.752600000007 -3.30213993776383,43.1438914126494,316.714600000007 -3.30225493739155,43.1438769961229,315.566399999996 -3.30239214966131,43.1438554542408,317.585999999996 -3.30250723283236,43.1438392771778,317.055300000007 -3.30260018780301,43.1438177359378,318.624599999996 -3.30275508610409,43.1438015588647,319.361900000004 -3.30292766953816,43.1438015588647,317.259999999995 -3.30307376614607,43.143805163165,315.313200000004 -3.30337693946962,43.1438105273386,314.774999999994 -3.30350970867196,43.1438356728795,314.601599999995 -3.30355396507276,43.1438500900712,314.237699999998 -3.30363141332499,43.1438680270033,313.315799999997 -3.30378404787154,43.1439003811101,313.340800000005 -3.30385931770921,43.1439237667437,313.147100000002 -3.30399200336825,43.1439040693015,313.851200000005 -3.30431286272309,43.143859142435,314.413400000005 -3.30448100308978,43.1438376012021,315.015599999999 -3.30475098456191,43.1438016427619,315.402499999997 -3.30509841428623,43.143760320123,314.643400000001 -3.30529538877692,43.1437315695913,314.583499999993 -3.30545028707799,43.1436812784135,313.441099999996 -3.30558070898248,43.1434853935932,312.895399999994 -3.30560945866486,43.1433326748876,314.208899999998 -3.30561390173223,43.1432536339361,313.914099999995 -3.30561826035802,43.1432033423651,313.274799999999 -3.30560283718289,43.1431350297127,312.894 -3.30559797550056,43.143102005327,312.144 -3.30558070898248,43.1430272382982,311.742100000003 -3.30564265141461,43.1428943014313,311.724499999997 -3.30574440807842,43.1427954788706,311.550199999998 -3.30611136717704,43.1426896152161,312.998999999996 -3.30614900209584,43.142732782382,312.947 -3.30627514981624,43.1428800524666,312.976899999994 -3.30640573970573,43.1430974787614,312.737200000003 -3.30644329108126,43.1431585827797,312.750100000005 -3.30648737949707,43.1432232910715,314.099600000001 -3.30657815605317,43.1433023327176,312.835399999996 -3.30673749562499,43.1433041765037,312.365900000004 -3.30679281657514,43.143273582626,312.394700000004 -3.30685257879604,43.1432484368539,312.739799999996 -3.306923322023,43.1432124787227,312.939400000003 -3.30699641254777,43.1431783643601,312.7356 -3.30705609212367,43.1431478543175,314.031099999993 -3.30712691889392,43.1431046874447,315.961299999995 -3.30718450270026,43.1430777817085,314.932199999996 -3.30726404672205,43.143042074516,315.385699999999 -3.30752522650102,43.1429055333283,314.034199999995 -3.30775095157234,43.1428156794056,316.548299999995 -3.30806510500362,43.1426970756434,315.392699999997 -3.30831295827534,43.1426018571351,316.121499999994 -3.30865158720483,43.1424778886681,315.685700000002 -3.30872677260087,43.1424527432242,315.040299999993 -3.30892131625038,43.1423916391559,314.621299999999 -3.30905852852013,43.1423449519176,314.0527 -3.3091270924342,43.1423234101511,314.273400000005 -3.30918459179891,43.1423053888665,313.732099999994 -3.30930193872445,43.1422695147353,313.675499999998 -3.30938156718786,43.1422461291244,314.597399999999 -3.30950771490827,43.1422030461697,314.375700000004 -3.30960947067378,43.1421706918202,313.901299999998 -3.30965154776169,43.1421634836822,312.7307 -3.30978876003145,43.142118556192,312.500799999994 -3.30987065135105,43.142088046276,312.871100000004 -3.31000115679891,43.1420539319415,312.120800000004 -3.31004801202581,43.1420370006164,311.895699999994 -3.310099979565,43.1420199853871,312.240000000005 -3.31027541335345,43.1419624013955,313.8505 -3.31036174684217,43.1419354119123,313.176500000001 -3.31045025964374,43.1419157144849,314.001399999994 -3.31059300373899,43.1418820188977,313.669299999994 -3.31068403092507,43.1418560355214,312.393299999996 -3.31095040745795,43.1417935065247,312.854500000001 -3.31128451067506,43.1418096834737,310.448399999994 -3.31150797199187,43.1418654231243,309.968800000002 -3.31159430548055,43.1418905688097,309.972099999999 -3.31232227413567,43.1420665883186,310.436400000006 -3.31290205041329,43.1419498288965,310.703299999994 -3.31344201245922,43.1418456417745,311.134300000005 -3.31382238340504,43.1417650913233,311.672900000005 -3.3139949668391,43.141587143864,312.170400000003 -3.31405254974711,43.1415261234863,312.2788 -3.31415656926715,43.1414488421071,312.421400000007 -3.31427601196225,43.1414147280714,312.576000000001 -3.31440660185174,43.1413787695171,309.868300000002 -3.31456594142359,43.1413356866067,311.752800000002 -3.3146699609436,43.1413033324536,312.634900000005 -3.31475621088895,43.1412745827329,312.534700000004 -3.31488453792224,43.1412386240962,312.469500000007 -3.31504614124859,43.1412278952971,312.676200000002 -3.31520539727711,43.141265613887,313.014500000005 -3.31531151166835,43.1413823739602,313.970499999996 -3.31539398958785,43.1415550408892,315.3459 -3.31540890970641,43.141576415126,315.537200000006 -3.31544503545555,43.141667023349,316.101299999995 -3.31548702900013,43.1418329846962,316.8989 -3.31552173002124,43.1419339030283,317.697199999995 -3.31565014059787,43.1418638303388,318.672600000005 -3.3157031986918,43.1418422890583,319.175099999993 -3.31590235249535,43.1418084262863,320.202300000004 -3.3161368783615,43.14177791556,320.409799999994 -3.31628959645139,43.1417527704836,321.301300000006 -3.3164754228494,43.1417257802525,321.959300000002 -3.31661045580626,43.1417060827575,322.304799999998 -3.31678303924033,43.1416863013562,322.495899999994 -3.31699325669493,43.1416539473887,322.489000000001 -3.31709065473296,43.141609020835,322.712 -3.31715259716508,43.14159108324,322.869600000005 -3.31722342393533,43.1415587292221,323.145099999994 -3.31728092419834,43.1415335834001,323.488100000002 -3.31735393028149,43.1415084375678,323.305300000007 -3.31743364228823,43.1414761674066,323.445200000002 -3.31755090477214,43.1414258756844,323.758499999996 -3.31769700138006,43.1413666157452,323.968299999993 -3.31777445053061,43.141332417763,324.054900000003 -3.31802892528428,43.1412318346962,324.562600000005 -3.31809975205456,43.1412030849419,324.613299999997 -3.31821039305654,43.1411366165278,324.847699999998 -3.31829446368903,43.1411006578099,324.880099999995 -3.31834316225888,43.1410773563082,324.791899999997 -3.3183829764906,43.1410575753589,324.693400000004 -3.31847811077411,43.1409659607312,324.767200000002 -3.31853569458045,43.1409191898141,324.838399999993 -3.31861088087479,43.1408060339888,325.116500000004 -3.31868397050126,43.1406828202707,324.954700000002 -3.31879687525775,43.1405156851109,325.3079 -3.31889418885416,43.1403612068799,325.518800000005 -3.31898052234287,43.1402192172139,325.917799999996 -3.31901589440548,43.1401473845465,326.310200000007 -3.31907364529848,43.1400212368522,326.400399999999 -3.31916442185457,43.139841612165,326.791200000007 -3.31922854270123,43.1397122794677,327.0579 -3.3192949273024,43.1395864671429,327.574699999997 -3.31933038290837,43.1395146343876,327.438299999994 -3.31938570385849,43.1393996346811,327.727899999998 -3.31942333877732,43.1393097808497,327.702499999999 -3.31946097279785,43.1392343438554,327.933499999999 -3.31949190269138,43.1391750837586,328.132500000007 -3.31953381179434,43.1390945337219,328.362999999998 -3.31967102406409,43.1389004925454,328.659799999994 -3.3196312098324,43.1388537213592,328.436300000001 -3.31956256147668,43.138787253013,328.347899999993 -3.31947186936225,43.1386686486466,328.186400000006 -3.31938553587353,43.1385663057616,328.358800000002 -3.31929802918507,43.1384639627054,328.169899999994 -3.31910893291946,43.1382491347459,327.176399999997 -3.31898949112266,43.1381125933422,325.558900000004 -3.31893861323992,43.1380514895248,325.099199999997 -3.31888320874643,43.1379939896336,324.665699999998 -3.3188323299654,43.137918552327,324.795199999993 -3.31853527596554,43.1375397741216,324.860400000005 -3.31814032087111,43.1370492650646,322.134399999995 -3.31784603188569,43.1366279072101,322.4041 -3.31733481952214,43.1360746173807,318.291200000007 -3.31711018500555,43.135973950934,321.431899999996 -3.31702502471661,43.1358167899351,323.512499999997 -3.31617308765397,43.1351438910453,335.151500000007 -3.31597167099424,43.1348483450166,341.843699999998 -3.3152069899901,43.1342490392356,353.473700000002 -3.31517798788118,43.1342160139835,354.304600000003 -3.31504102803801,43.1341050379138,356.337899999999 -3.31493499719007,43.1340089813408,357.993300000002 -3.31478705634088,43.133860454171,361.255999999994 -3.31475168427824,43.1337831729362,363.494099999996 -3.31470298570839,43.1336861102364,365.520499999999 -3.31464548634368,43.1335639861275,364.837100000004 -3.3146189150759,43.1333375906659,365.621100000004 -3.31464556988701,43.1332461440944,366.215700000001 -3.31475839020184,43.1331023947688,367.148300000001 -3.31479376226448,43.1330484990916,367.6486 -3.31486240972184,43.1329443118797,369.134399999995 -3.31483097767007,43.1328989659215,369.196100000001 -3.31478713988418,43.1328311563739,370.456000000006 -3.31473408268858,43.1328005625002,370.900399999999 -3.31467649888224,43.1327790206489,371.461599999995 -3.31461011428103,43.1327502708534,372.306899999996 -3.31454817184894,43.1327232812372,373.520499999999 -3.3144463316418,43.1326819583221,375.264800000004 -3.31437776772777,43.1326119694309,376.283800000005 -3.31437558841488,43.1325598341746,377.309699999998 -3.31448882824295,43.1323965545008,380.126999999993 -3.31463266199468,43.1322564094704,383.237599999993 -3.31476316744254,43.1321558265517,385.616500000004 -3.31488931516294,43.132065972565,386.676200000002 -3.31493801463112,43.1320336180959,387.084000000003 -3.31507078383346,43.1319438478431,388.2065 -3.31527312306302,43.1318096537416,389.143700000001 -3.31531293729471,43.1317845078438,389.290399999998 -3.3153748788285,43.1317378210286,389.723199999993 -3.31546565538459,43.1316785608781,390.4954 -3.31563823881866,43.1315671652231,391.567599999995 -3.31576212278454,43.1314826756268,392.574699999997 -3.31588609119209,43.1313982698279,392.907399999996 -3.31599891150692,43.1312994470428,393.777499999997 -3.31609848885784,43.1312150416466,394.589399999997 -3.31627333514813,43.1310640833452,396.190600000002 -3.31643267561829,43.1309311466912,396.792199999996 -3.31659561923103,43.1307676994282,397.574699999997 -3.31676158118313,43.1307371051779,398.592999999993 -3.31688546604734,43.1307029910662,399.590200000006 -3.31698068387418,43.1307012308152,400.011700000003 -3.31702711958788,43.1306796895357,400.053700000004 -3.31707003570225,43.1306530346665,400.158299999996 -3.3170850384658,43.1306510233241,400.211299999995 -3.31717983857606,43.130602408215,400.656799999997 -3.31715502800623,43.1305679583669,400.470300000001 -3.31715100445206,43.1305610019183,400.427599999995 -3.3171280381235,43.1304989753527,399.977299999999 -3.31711697357415,43.1304790264283,399.815799999997 -3.31702929890074,43.130377857111,398.709000000003 -3.31684120964654,43.1301747633874,396.565000000002 -3.31676702946532,43.1301279927387,396.0383 -3.31662696773951,43.1300310140541,395.136599999998 -3.31655999653843,43.1299929600811,394.936300000001 -3.31651599166592,43.1299740166741,394.833599999998 -3.31641700091487,43.1299190319186,394.371199999994 -3.31618800777253,43.1298000084709,393.591400000005 -3.31579824943202,43.1295985911613,393.331099999996 -3.31564335113094,43.1295051335194,393.895999999993 -3.31559029393531,43.1294710187206,394.2114 -3.31547487569267,43.1293546777775,395.298999999999 -3.31541075394769,43.1292935737318,395.957800000004 -3.3153399262791,43.1292145329885,396.649000000005 -3.31526021517069,43.1291372517834,397.4516 -3.31524303219594,43.1291240079315,397.577300000004 -3.31523096153348,43.1291100101321,397.706099999996 -3.31522903374887,43.1291100101321,397.714999999997 -3.31520799520492,43.1290879660992,397.938599999994 -3.31510975993703,43.128986377516,398.922000000006 -3.3149216697845,43.1289073357201,400.301200000002 -3.31467381651277,43.1289018876325,401.729200000002 -3.31457398853189,43.1289360860108,402.382199999993 -3.31450986678691,43.1289540233846,402.752600000007 -3.31435932800991,43.1290025545752,403.939899999998 -3.31424650769508,43.1290366689798,404.4807 -3.31412924431284,43.1290779917355,405.252099999998 -3.31383487178412,43.1291678455228,406.589699999997 -3.31379061538332,43.1291103458013,406.392300000007 -3.31376412855716,43.129061897958,406.437000000005 -3.31373755818768,43.1290240957899,406.456000000006 -3.31371098781823,43.1289810126974,406.392200000002 -3.31367117358651,43.1289181486317,406.400599999994 -3.31363353866768,43.1288588044539,406.379700000005 -3.31360034681626,43.1288139615953,406.366200000004 -3.31356271189743,43.1287510134401,406.452799999999 -3.31349859015245,43.128646826119,406.508700000006 -3.31340555074017,43.128497964022,406.460399999996 -3.31335023068831,43.1284081099062,406.534899999999 -3.31332592317505,43.1283775997052,406.621100000004 -3.31331041645662,43.1283470055705,406.591199999995 -3.3132618849734,43.1282796151576,406.721600000004 -3.31316498999191,43.1281819661274,406.992199999993 -3.31301830678409,43.1280685585772,407.4136 -3.31295896317813,43.1280269846944,407.689100000003 -3.31283700609852,43.1279782855476,408.227799999993 -3.31272192292747,43.1279279945248,408.599199999997 -3.31266886573184,43.12791005685,408.855200000005 -3.31243802834823,43.1278419959146,409.442899999995 -3.31232998527406,43.1278150060992,409.804399999994 -3.3122572307192,43.1278022661313,409.961299999995 -3.31199387072905,43.1277447657816,410.894400000005 -3.31179555505366,43.1276496315102,411.626099999994 -3.31166940733325,43.1275669860078,412.324200000003 -3.31154108029996,43.1274555900763,413.057700000005 -3.31141929120534,43.127369340354,413.880699999994 -3.31133748432736,43.1273352263308,414.430800000002 -3.31120245137047,43.1272992680199,414.9522 -3.31100329756692,43.1273082362918,415.577900000004 -3.31088603508301,43.1273585278242,415.804099999994 -3.31081504032777,43.127399012517,415.949600000007 -3.3102819512921,43.1276801414188,418.086800000005 -3.30995237468573,43.1278326081256,419.502200000003 -3.30979303421557,43.1278860009515,420.013699999996 -3.30962933601796,43.1279440040261,420.561100000006 -3.30931065597598,43.1280123166046,422.252399999998 -3.30903849608929,43.1280536393968,422.809599999993 -3.30871981604731,43.1281056906419,423.9761 -3.30850741838152,43.1281434094589,425.289399999994 -3.30817122029318,43.1281773558499,426.224700000006 -3.30794323236567,43.1281971370322,427.095799999996 -3.30747409708999,43.1282276473233,428.943700000003 -3.30725952011134,43.1282528766352,429.693100000004 -3.30707361017004,43.1283138971465,430.373500000002 -3.30687202552531,43.1284019910836,430.871299999999 -3.30632560908407,43.1286912501663,432.210500000001 -3.30621723093832,43.1287145524544,432.263200000001 -3.30608890390502,43.1287163960248,432.729900000006 -3.3059516925336,43.1286804378702,433.499200000006 -3.30582696954122,43.1285492609375,434.154999999999 -3.30579821985888,43.1284881567428,434.673200000005 -3.30576402099602,43.1284029967917,434.774000000005 -3.30574700600619,43.1283630149622,435.054600000003 -3.3057200161235,43.1283100414891,435.209600000002 -3.30564298648619,43.1280930339976,436.075100000002 -3.30561457187544,43.1279977317745,436.576700000005 -3.30559018081885,43.1278000862013,437.200599999996 -3.30558573864977,43.1277102323716,437.546799999996 -3.30558138002402,43.1275934724163,438.065900000001 -3.30558138002402,43.1275287646297,438.339999999997 -3.30558355933691,43.1274569314783,438.582800000004 -3.30558573864977,43.12733296312,439.183300000004 -3.3055791162695,43.1272447856904,439.767399999997 -3.30559244367507,43.1271711085886,440.121299999999 -3.30561457187544,43.1271028796464,440.456900000005 -3.30566318690199,43.1270417759737,440.767399999997 -3.30573845673965,43.1269950888164,440.954199999993 -3.3061699570965,43.1268081719901,443.038 -3.30638243830558,43.1267291306576,444.089200000002 -3.3066479767103,43.126621339169,445.349799999996 -3.30674059660937,43.1265889011772,445.867299999998 -3.30691762311081,43.1265170688889,446.876900000003 -3.30737125166806,43.1263302358344,449.094800000006 -3.30746420663871,43.1262744964463,449.460800000001 -3.30757040547161,43.1261954550798,449.635599999994 -3.30765891827318,43.1261038404767,449.752399999998 -3.30772756573057,43.1259942055453,449.885500000004 -3.30778950816266,43.1258774455925,449.967699999994 -3.30785002586673,43.1256910321613,450.092300000004 -3.30787366233849,43.1256007589011,450.122499999998 -3.3078714830256,43.1254965721149,449.936300000001 -3.30784273334325,43.1253726037176,449.806899999996 -3.30780803232214,43.1253079788156,449.921000000002 -3.3077276501722,43.1252091566807,450.003100000002 -3.30769663673534,43.1251623855133,449.781600000002 -3.30748423906955,43.1249845215234,449.905799999993 -3.30730721346641,43.1248426154811,450.042100000006 -3.30716790632539,43.1247311365658,450.183199999999 -3.30703957929213,43.1246359182736,450.211299999995 -3.30698652209649,43.1245873868967,450.043999999994 -3.30684704697052,43.1244723873116,450.110400000005 -3.30668401891614,43.1243469940674,450.186100000006 -3.30657597674027,43.1242589841153,450.392699999997 -3.30652400830279,43.1241920960212,450.630699999994 -3.30640230364976,43.1240178366438,451.583599999998 -3.30630498915506,43.123757997286,453.074999999997 -3.30623868809719,43.1236027646718,454.005900000004 -3.30621211772771,43.1235380565978,454.416599999997 -3.30617448280887,43.1234428377599,454.922000000006 -3.30615897698878,43.1234032755923,455.180500000002 -3.30613911164456,43.1233584320125,455.486699999994 -3.30608001866856,43.123206971094,456.3845 -3.3060409590217,43.1231349709175,456.881099999999 -3.30598639355471,43.1229703501541,457.8217 -3.30596870752339,43.1229164547281,458.520499999999 -3.30590240646551,43.1227385907649,459.429799999998 -3.30587365678317,43.1226559451841,459.585600000006 -3.30585370789566,43.1226002889971,459.722299999994 -3.30583300442329,43.1225370059547,459.959499999997 -3.30577097844787,43.1223609859617,460.302200000006 -3.30572982303145,43.122242716917,460.097999999998 -3.30570325266197,43.1221547072161,460.183499999999 -3.30563502381952,43.1219520327077,460.066099999996 -3.30557282985914,43.1217559799247,460.003500000006 -3.30550870901249,43.1215636993244,459.787400000001 -3.30543125986194,43.1212978250847,458.945500000002 -3.30538038197919,43.1210624615874,457.011499999993 -3.30534718922944,43.1209457014015,456.077099999995 -3.30534048420417,43.1208146082031,454.979099999997 -3.30534718922944,43.1207211502545,454.159 -3.30540024642508,43.1206331403318,453.196299999996 -3.305499823776,43.1205361616749,452.266199999998 -3.30556176620809,43.1204876303242,451.796300000002 -3.30561708625995,43.1204193178667,451.104000000007 -3.3056480996968,43.1203438805194,450.512799999997 -3.30563041366548,43.1201947667549,449.069900000002 -3.30581850381798,43.1204660887262,451.498600000006 -3.30588488841918,43.1205577032482,452.718699999998 -3.30593132413284,43.1206223272671,453.478099999993 -3.30595789450233,43.120652921331,453.738500000007 -3.30598002270269,43.1206834314507,453.979300000006 -3.30602654285802,43.1207535041505,454.629199999996 -3.30607960005365,43.1207930667202,455.446599999996 -3.30632301025797,43.1208089928488,457.909400000004 -3.30634597658653,43.1208079870158,458.116099999999 -3.30652199697485,43.1208219847479,460.032399999996 -3.30659097950383,43.1208229905807,460.696400000001 -3.3066459653824,43.1208290255771,461.311199999996 -3.30676121653841,43.120839754021,462.536099999998 -3.30691829325401,43.120839754021,464.681100000002 -3.30702675494313,43.1208128483233,466.291200000007 -3.30708643451903,43.1206727029794,468.074299999993 -3.3071018567958,43.1203494965722,472.096999999994 -3.3071085627194,43.1201392781553,473.843800000002 -3.3071018567958,43.119918247794,476.270999999993 -3.3071018567958,43.1197781862982,477.581099999996 -3.30708878091855,43.1194601768928,483.338799999998 -3.30705332531258,43.1191673129956,486.577900000004 -3.30690504939181,43.118940918014,489.839099999997 -3.30691393462826,43.1188134289164,491.419599999994 -3.30694494806516,43.1187181266622,492.288100000005 -3.30707604101118,43.118617962778,491.077300000004 -3.30716497242767,43.1185540094079,490.9274 -3.30727687107105,43.1184126903994,490.900800000003 -3.30728567186588,43.1183245965027,491.875199999995 -3.30710646694987,43.1180192435195,497.832599999994 -3.30707981213873,43.1179724727569,498.278399999996 -3.30701787060497,43.117862920956,499.380399999995 -3.30698685716808,43.1176275573598,504.137900000002 -3.3069669918239,43.1174765989679,504.887499999997 -3.30705768393836,43.1172699850693,505.784499999994 -3.30713203210454,43.1171930395906,506.260399999999 -3.30722196963414,43.1170780398766,506.258499999996 -3.30723999073704,43.11706102426,506.217600000004 -3.30735398425165,43.116970248432,507.225600000005 -3.30741374737089,43.1169270814406,508.003899999996 -3.3074959737621,43.1168369762314,508.102100000004 -3.30755976043547,43.1167726032958,507.797699999996 -3.30763502937483,43.1166971660427,507.133300000001 -3.30779210698877,43.1165354794375,508.600300000006 -3.30797801693007,43.1163521667353,506.754300000001 -3.30805990824971,43.1163036360004,506.326400000005 -3.30826568443352,43.1161904798743,504.609899999996 -3.30853985654645,43.1160308050649,504.151700000002 -3.30865711903036,43.1159517635785,503.2304 -3.30886951669615,43.1158008889224,500.585500000001 -3.30894922870289,43.1157433890958,499.567500000005 -3.30898904203628,43.1157128791357,498.910999999993 -3.30902449764222,43.1156912538882,498.766000000003 -3.30909088224339,43.1156409626006,498.305099999998 -3.30922365144577,43.1155331712475,498.012100000007 -3.30928115170878,43.1154882445209,498.059999999998 -3.30940201913195,43.1153920196921,497.428400000004 -3.30942096190634,43.1153709812285,497.1728 -3.30950897165137,43.1152999869347,495.716100000005 -3.30959497006847,43.1152320096769,495.256999999998 -3.3096971453472,43.1151632775713,494.179999999993 -3.30990292153101,43.1150231324023,492.156199999998 -3.31012864570401,43.1148218828379,489.652199999997 -3.3101529532173,43.1147788002352,489.214200000002 -3.31036535088306,43.1147428417572,488.796499999997 -3.31047825474125,43.1146997584431,489.534899999999 -3.3107216658439,43.1146260819711,489.2592 -3.31094956932979,43.1145415919269,487.228400000007 -3.31111083758455,43.1145366468395,486.921199999997 -3.31125458689461,43.1144934800986,485.673999999999 -3.31130999138806,43.1144683342957,484.9859 -3.31158433148594,43.1143497306384,482.631399999998 -3.31194290930297,43.1142131889949,479.310400000002 -3.31215756982495,43.1141323877119,476.302200000006 -3.31229905627883,43.1140730436174,474.670700000002 -3.31259334436592,43.1139562838649,472.834600000002 -3.31272175494251,43.113900544351,472.246299999999 -3.31295410149581,43.1137424616748,466.330499999996 -3.31306675472402,43.1136472433305,464.686799999996 -3.31316188900753,43.1135843785903,463.304399999994 -3.3132792359331,43.113519670413,460.463300000003 -3.31338317101148,43.1134748274585,458.354999999996 -3.31350713941899,43.1134316606243,456.652499999997 -3.31362222348837,43.1134226916297,454.520999999993 -3.31375055052164,43.1134370248393,452.399000000005 -3.31386119152361,43.1134855558803,451.358399999997 -3.31396521104361,43.1135125461155,453.2644 -3.3140514600907,43.1135035771328,454.383000000002 -3.31414223664679,43.1134586502276,454.438200000004 -3.31420761513485,43.1134029102605,452.775800000003 -3.31429612793642,43.1133004837825,449.989799999996 -3.3143656979636,43.1132465883636,448.731299999999 -3.31447759660694,43.1131945362796,445.974400000006 -3.31471438532932,43.1131298283459,447.153099999996 -3.3149733022521,43.1130669637299,447.156099999993 -3.31512400901405,43.1130220371601,446.428700000004 -3.31516097289135,43.1130070329938,446.232300000003 -3.31520774367663,43.1129895991711,446.085200000001 -3.3153183855769,43.1129284945177,444.742899999997 -3.31539801314202,43.1128530577719,444.722299999994 -3.31544671171187,43.1127632036293,445.912299999996 -3.3154843466307,43.1126608606764,445.4041 -3.31553078234436,43.1125584336123,445.427500000005 -3.31559490408934,43.1124218925626,443.825200000007 -3.3156502250395,43.1123499760947,443.564100000003 -3.31570344932176,43.1122783107077,444.107999999993 -3.31578081492898,43.1121739556498,443.765199999994 -3.31586488556147,43.1120841018218,442.849000000002 -3.31592909084979,43.112028445855,443.667400000006 -3.31603084661527,43.1119349876022,442.366599999994 -3.3161127379349,43.1118451340791,441.979999999996 -3.31616001177672,43.1117980274237,441.867400000003 -3.3162411485115,43.1117033956099,441.615900000004 -3.31633703827817,43.1116139607976,441.040200000003 -3.31638054009414,43.1115865519856,441.526599999997 -3.31653300665574,43.111512958986,442.070500000002 -3.31660626426714,43.1114913335659,442.113599999997 -3.31680323965612,43.1114122921184,441.8609 -3.31690943759069,43.1113512717992,442.582399999999 -3.31696475854084,43.1112686265762,442.1155 -3.31700239345967,43.1111589912919,441.097200000004 -3.31705695982496,43.1110800340129,441.695000000007 -3.3170670173629,43.1110610067093,441.784100000004 -3.31711102313371,43.1109800373149,441.139500000005 -3.31716835541176,43.1109020858009,440.953299999994 -3.31729668154673,43.1108104719056,441.542499999996 -3.31738963741571,43.1107565762613,440.728799999997 -3.31745501590377,43.1107170137603,441.063999999998 -3.31748477169926,43.1106541492892,441.302800000005 -3.31751503055129,43.1106000023349,441.186700000006 -3.31755559846951,43.1104491276007,440.860199999996 -3.31756666301886,43.1103881915759,440.798699999999 -3.31757546381369,43.110344940589,440.845700000005 -3.31759541270123,43.1102101600324,441.6495 -3.3176759628361,43.1100870296067,442.551600000006 -3.31769700138006,43.1100469643238,442.165699999998 -3.31776581682241,43.1099047232748,440.964099999997 -3.31779900957216,43.1098364947509,440.218599999993 -3.31781887491634,43.1097969316552,439.7019 -3.31788970168662,43.1097717865458,439.346600000004 -3.31793840025647,43.1097574531336,439.009699999995 -3.31801802871988,43.1097250993257,438.210200000001 -3.31808215046487,43.1096981093876,437.7209 -3.31812431109611,43.1096855361581,437.253400000001 -3.31826814484783,43.1096244321407,436.136400000003 -3.31840300892144,43.1095840314345,434.924700000003 -3.31848498468267,43.1095634120065,433.760999999999 -3.3186199331979,43.1095723809109,432.240600000005 -3.31877918922643,43.1095867137106,429.386400000003 -3.31886334340225,43.1095956826116,428.931200000006 -3.31895629837291,43.1096064950017,428.283500000005 -3.31901396662088,43.10961202744,427.781900000002 -3.31923508063987,43.1096244321407,424.561499999996 -3.31951612576302,43.1096460575646,420.917199999996 -3.3196245874521,43.1096262762864,419.839600000007 -3.31966213882763,43.1096226719391,419.830300000001 -3.31970865808459,43.1096173080457,419.787700000001 -3.3197971708862,43.1096047347995,419.5573 -3.31981100134831,43.109588976922,419.037599999996 -3.31989800587852,43.1095570420899,418.220400000006 -3.32001845378844,43.1095004643737,416.768899999995 -3.32012020955393,43.1094537769467,415.694699999993 -3.32041013991357,43.1094429638738,413.0864 -3.3206712361492,43.1094789228426,410.223800000007 -3.3207774349821,43.1094950998138,408.6394 -3.32087701143472,43.1095436307015,408.631699999998 -3.32098103095473,43.1095956826116,407.262000000002 -3.32108287116184,43.1096478177656,407.271099999998 -3.32120013454408,43.1096801722701,408.329599999997 -3.32142141654803,43.1096586308023,409.058699999994 -3.32171352622053,43.1094987041685,410.187399999995 -3.32189273113656,43.1094627452114,411.724600000001 -3.32222197177305,43.109456040163,413.905799999993 -3.32235306471908,43.1094500047007,414.654800000004 -3.32257661047755,43.1093817763258,413.808300000004 -3.32277794359395,43.1092901621222,414.445300000007 -3.32282219999476,43.1092452354031,414.914999999994 -3.32288196311396,43.1091913396922,415.009000000005 -3.32290182845817,43.1091751626407,415.076799999995 -3.32292839882762,43.1091374439338,414.982099999994 -3.3229709789721,43.1090950315108,415.274300000005 -3.32312319400541,43.1089236213031,416.147400000002 -3.32324263670055,43.1087888402399,415.356100000005 -3.32330239892145,43.1087511219507,415.468699999998 -3.32335554055871,43.1087116434104,415.587400000004 -3.32347003712986,43.1086399776981,416.7255 -3.32355243150604,43.1085858309294,417.371700000003 -3.32377580927955,43.108492456612,418.030100000004 -3.32392852736943,43.1084278315874,418.299499999994 -3.32459011142336,43.1082661447763,421.353799999997 -3.32479370739598,43.1081924677732,422.085000000006 -3.32498406040467,43.1081313642328,423.396900000007 -3.32516552907522,43.1080684997293,423.495899999994 -3.32530022606217,43.1080307809961,423.630300000004 -3.3254883162147,43.107996666683,423.9326 -3.3255702075343,43.1079768855275,424.037800000006 -3.32570800550563,43.1079570204193,424.030700000003 -3.32595082911007,43.1079284379997,424.610199999996 -3.32607471397429,43.1079212297608,424.884600000005 -3.32619206089983,43.107933802697,425.297300000006 -3.32626297121341,43.1079379934565,425.620800000004 -3.32641770152953,43.1079481358803,425.502999999997 -3.32665231093905,43.1079697605849,425.113299999997 -3.32674082374062,43.108003874913,425.5625 -3.3270595037826,43.1079014485809,423.803 -3.32761053037788,43.1078798231965,422.237500000003 -3.3278760687826,43.1078115943829,421.085099999997 -3.32827437638969,43.107601376178,418.956099999996 -3.32853111399958,43.1074181475508,417.665900000007 -3.3287301842598,43.1072724703598,416.678 -3.32900016573193,43.1070802734473,414.4326 -3.32924801900366,43.1068628469907,412.190900000001 -3.32936083931849,43.1067263056958,411.764999999999 -3.3293962104828,43.1066796181203,411.519700000004 -3.32943166608874,43.10663829532,411.364400000006 -3.32945153143295,43.1066131495689,411.111600000004 -3.32947365963332,43.1066238785376,411.106599999999 -3.32949201580784,43.1066330151132,411.084099999993 -3.3294989723614,43.1066350265894,411.096600000004 -3.32949201580784,43.1066340205233,411.088699999993 -3.3295910056606,43.1066620165665,411.181200000006 -3.32973500739725,43.1067119722263,411.270000000004 -3.32988495957437,43.1067620124491,411.478600000002 -3.32997598676042,43.1068470051153,412.191099999996 -3.33006600873168,43.1068989727474,412.853300000002 -3.33011797627087,43.1069510242832,413.381099999999 -3.33019500590818,43.1069829591632,413.912200000006 -3.33027304165857,43.1070680354702,414.588099999994 -3.33043799749758,43.1072199993608,415.789799999999 -3.33046699870821,43.10724698908,416.123300000007 -3.33049097114988,43.1072660162575,416.375100000005 -3.33059800811094,43.1073390227984,417.547000000006 -3.33071200162555,43.1074240153193,418.440600000002 -3.33079900615576,43.1074800060143,419.254300000001 -3.33087796357764,43.107491992724,420.669699999999 -3.33106496407372,43.107389984615,420.844400000002 -3.33107502161163,43.1073820221004,420.792199999996 -3.33111399771519,43.1073690299712,421.268299999996 -3.33126302822082,43.1073090156109,421.781300000002 -3.33142102660795,43.1073009691385,424.606799999994 -3.33159402955526,43.1072960234661,426.628700000001 -3.33172897807049,43.1072930059564,428.140100000004 -3.33188798257073,43.1071980392577,427.747399999993 -3.33209903905179,43.1071289721771,430.398100000006 -3.332161987597,43.1071279661192,430.869300000006 -3.33229701965556,43.1071139685338,431.862099999998 -3.33248200792538,43.1071409582997,432.785699999993 -3.33264998120541,43.1071780060019,433.582399999999 -3.3327179585196,43.1071989613671,433.875199999995 -3.33287796913295,43.1072240229303,434.020300000004 -3.33298902964817,43.1072019788814,434.061199999996 -3.3331336170864,43.1071573870752,433.843500000003 -3.3333637843268,43.1071393659215,433.605500000005 -3.33348993204721,43.1071340011546,433.733999999997 -3.33369126516365,43.107094522883,433.144799999995 -3.33417590715772,43.1069920956852,432.505000000005 -3.33437506096127,43.1069381999578,433.619099999996 -3.33450774662031,43.1068573149597,434.125899999999 -3.33502331760965,43.1066507006234,435.199500000002 -3.335208976921,43.1065519618153,435.077600000004 -3.33523202679286,43.106536036567,434.739600000001 -3.335370747334,43.106479961716,433.399600000004 -3.33547476685401,43.106478201424,433.138399999996 -3.3357247985403,43.1064727533066,431.788700000005 -3.33595706155026,43.1064925342924,432.1973 -3.33619376672931,43.1065087113969,432.738899999997 -3.33643281830788,43.1065464297563,430.605899999995 -3.3365766520596,43.106629075453,428.476299999995 -3.33684219046432,43.106842897573,426.261199999994 -3.33694620998432,43.1070045848645,425.753400000001 -3.33705903029919,43.1071662717289,423.954199999993 -3.33715198526984,43.1072740627345,423.4764 -3.33731350505286,43.1073926669874,421.826799999995 -3.33753906213923,43.1075076665386,419.716899999999 -3.33775816483028,43.1076100935295,418.657600000006 -3.33802588254789,43.1077106761458,418.9326 -3.33823610090079,43.107751998878,416.498699999996 -3.33847506893606,43.1077483950762,415.040500000003 -3.33918099293408,43.107800530492,414.294200000004 -3.33927839097215,43.1077789890184,414.686600000001 -3.33935357636815,43.1076963429068,414.951100000006 -3.3393425118188,43.1076495721245,415.505000000005 -3.33933496866537,43.1076130270767,415.686600000001 -3.33931820430554,43.1075436246768,415.975900000005 -3.33930269848541,43.107493333252,416.126000000004 -3.33936028139345,43.1074520110011,416.823900000003 -3.3394244031384,43.1073945112002,416.976800000004 -3.33962137852739,43.1072400326028,416.262100000007 -3.33974752534949,43.107205917849,416.4859 -3.33986923090082,43.1071232722753,415.955499999996 -3.34015471819305,43.1070819497745,415.095000000001 -3.34052645632899,43.1069274710441,412.288 -3.34066810986949,43.1068537943973,411.132700000002 -3.34072703486057,43.1068269724004,410.913100000005 -3.34093809134162,43.1067208576005,411.056899999996 -3.3410619762058,43.1066507845715,411.437699999995 -3.34111067477569,43.1065807121183,411.859299999996 -3.34114830969452,43.1062326952769,409.671000000002 -3.34119918757726,43.1060853415337,409.320999999996 -3.34123682249609,43.1059865185205,408.829400000002 -3.34125668784027,43.1059272590027,408.508499999996 -3.34129415477414,43.1058177912312,407.279599999994 -3.34139155191388,43.1057171241786,407.040099999998 -3.34154427090209,43.1056003642255,407.360400000005 -3.34160998446173,43.1055540129015,408.207200000004 -3.34183411682007,43.1053613967466,408.2212 -3.34189798703677,43.1052629929707,406.941000000006 -3.3421484382363,43.1049232744899,406.634099999996 -3.34234097055788,43.104725629143,403.693100000004 -3.34239696165123,43.1046760083214,404.007100000003 -3.34250248944259,43.1045908480183,403.916599999997 -3.34259544531158,43.1045118068417,402.658299999996 -3.34283441334681,43.104278286706,401.393700000001 -3.34292510546128,43.1041219644595,400.728199999998 -3.34296701456423,43.1040349603834,399.7212 -3.34306659191515,43.1038560905177,398.036300000007 -3.34295813022607,43.1037177054071,393.713699999993 -3.3430355784783,43.1034788210903,391.890299999999 -3.34313515582922,43.103128457576,387.725999999995 -3.34327882159599,43.1029236874633,386.144400000005 -3.34340714862925,43.1027475835036,384.021099999998 -3.34366162338295,43.1025230324786,382.129199999996 -3.34378114872308,43.1024906781263,382.471699999995 -3.34392498247477,43.1024565640051,382.2742 -3.34426797003005,43.1023756789884,381.925700000007 -3.34445103051529,43.1023259742757,382.438099999999 -3.34458656652873,43.102314658187,383.153000000006 -3.34483223958924,43.1023038458206,382.482399999994 -3.34500440440839,43.1023290753283,382.390799999994 -3.34505754514735,43.1023344398604,381.587799999994 -3.34524697648458,43.1023740025323,382.712499999994 -3.34528989170065,43.1023740025323,381.892900000006 -3.34537169857862,43.102386575296,381.480100000001 -3.34547798185314,43.1024117208156,381.031600000002 -3.34555543010537,43.1024261379342,382.066800000001 -3.34563732142497,43.1024404710954,381.738800000006 -3.34581208417193,43.1024800336988,383.688200000004 -3.34598910977507,43.1025141478069,384.117599999998 -3.34616395606536,43.1025536264089,384.624100000001 -3.3463852389676,43.1026003978054,385.451499999996 -3.34692293815731,43.102636272249,386.985000000001 -3.34719534957229,43.1026435644079,387.118799999997 -3.34730154840518,43.1027333343678,388.666200000007 -3.3473789975557,43.1027926783074,388.760200000004 -3.34753389495845,43.1029094383685,389.542300000001 -3.34766004267885,43.1028950213638,389.723700000002 -3.34779054902504,43.1028824487045,390.539199999999 -3.3478746187592,43.1028770842204,391.116699999999 -3.34797201679727,43.1028627511614,391.279200000004 -3.34802960060361,43.1028483341457,391.499599999996 -3.34811585054899,43.1028321573856,391.523799999995 -3.34826412646976,43.102805250985,392.457800000004 -3.34837258815885,43.1028375218737,393.189400000003 -3.34844115207291,43.1028591470718,393.757899999997 -3.34847501496586,43.1028640084935,393.975600000005 -3.34855841455686,43.1028197519643,394.324399999998 -3.34866687624594,43.1027657725453,394.572 -3.34877198542239,43.1027009801267,394.314100000003 -3.34881288931052,43.1026849712347,394.641900000002 -3.34886603094778,43.1026615855733,394.461899999995 -3.34894792136909,43.1026166585804,394.280799999993 -3.3492598963858,43.1024675442522,392.811300000001 -3.34936835807488,43.1024190969552,392.868900000001 -3.34946349235842,43.1023633574285,392.709799999997 -3.34965820399289,43.1022321804769,392.504199999996 -3.34994151287056,43.1020346189229,393.269700000004 -3.3501052946115,43.1019233076838,393.564899999998 -3.35024694905033,43.1018226407859,392.927200000006 -3.35058105136911,43.1017363910035,393.568899999998 -3.3507558985577,43.1017041208463,393.840599999996 -3.35092185961149,43.101677130651,394.0196 -3.35123609748439,43.1016285994295,394.655299999999 -3.35140205943652,43.1016249952672,394.422600000005 -3.35159501037301,43.1016189603445,394.882899999997 -3.35172962381666,43.101618038807,395.170700000002 -3.35211250914695,43.1016414242112,396.959700000007 -3.35241124030142,43.1017636323814,397.887100000007 -3.35252498318607,43.1019959782195,401.228199999998 -3.35278515685189,43.1023708175279,399.289000000004 -3.35292018980879,43.1025578175367,400.844700000001 -3.35323216392717,43.102784212786,401.967300000004 -3.35328304180991,43.1028255355643,402.6198 -3.35337826053508,43.1028956083808,403.846999999994 -3.35344238228006,43.102936931084,404.131299999994 -3.35367917100244,43.103105826349,406.493900000001 -3.35391595972482,43.10336809621,409.066600000006 -3.35406641495849,43.1036340535998,409.814899999998 -3.35420588918613,43.1038981674838,408.617599999998 -3.35431208801902,43.1039826571362,409.937399999995 -3.3544140126678,43.1040789654909,410.855100000001 -3.35455994129075,43.1042018436865,412.033200000005 -3.35473470403771,43.104173094234,412.862099999998 -3.35504014021745,43.104135375724,414.234599999996 -3.35576165447723,43.1042197810976,420.569799999997 -3.35606927086819,43.1042700725884,422.572100000005 -3.35647864302463,43.1043383014141,425.141699999993 -3.35682146259495,43.1043975611584,426.474199999997 -3.35705825131729,43.1044370398576,427.546000000002 -3.35735924532799,43.104487415121,429.127399999998 -3.35766904013351,43.1045413110385,430.744399999996 -3.3580452204385,43.1046005712421,432.603799999997 -3.35851879788325,43.1046814565987,437.590400000001 -3.35894585607099,43.1047552171874,437.707500000004 -3.35970047863889,43.1048845496914,435.668999999994 -3.36009660693309,43.1049474141856,436.587499999994 -3.36025368454706,43.1049366016284,436.866800000003 -3.36039307523138,43.1049205080588,437.2258 -3.3606807418365,43.1048971225955,438.474000000002 -3.36100612780207,43.1048683728135,440.474300000002 -3.36133587149511,43.1049402055957,441.513900000005 -3.3616965450817,43.105019246875,443.505099999995 -3.36217012252642,43.1051163098068,446.511599999998 -3.362362654848,43.1051575483726,448.066000000006 -3.36253305896921,43.1051917469064,449.647100000002 -3.36332967508169,43.1053641625018,457.575500000006 -3.36403769484928,43.1053895599598,460.392699999997 -3.36424573299098,43.1053895599598,461.106 -3.36445595134388,43.1053500805631,461.516699999993 -3.36482768858149,43.1054470596764,464.127699999997 -3.36485870201835,43.1053752268332,464.178400000004 -3.36487856736257,43.105271039711,464.019199999995 -3.36494495196374,43.1048380305801,463.630399999995 -3.36507109968414,43.1047302392201,463.895600000003 -3.36520001331731,43.1046240401138,464.236600000004 -3.36525675809716,43.1045685524799,463.593299999993 -3.36535298293545,43.1044829729278,463.250899999999 -3.36541391925446,43.1044301670123,463.891600000003 -3.36542054073639,43.1043906883086,463.333499999993 -3.36534753465325,43.1043098025679,461.808600000004 -3.36551131639419,43.1041804701613,460.103400000007 -3.36563997939737,43.1040649672082,458.425199999998 -3.36585430394943,43.1038929709925,455.165200000003 -3.36612428542156,43.1036594511197,453.358999999997 -3.36631664975818,43.1034402639392,456.419999999998 -3.3663852981139,43.103386368364,456.835000000006 -3.36660875943071,43.1032336505312,455.934099999999 -3.36671722111979,43.1031546089142,454.141699999993 -3.36739875406122,43.102949838889,453.358699999997 -3.36773277283671,43.1029122042345,452.347599999994 -3.36813108044377,43.1028691211188,450.760800000004 -3.36855369646245,43.1028691211188,449.698199999999 -3.36891436915072,43.1026589029937,447.395799999998 -3.36928392797377,43.1023840606123,446.952799999999 -3.36953831828581,43.1022616011623,446.602400000003 -3.36976404335713,43.102153809857,445.794200000004 -3.37032605006013,43.1018932165105,442.888300000006 -3.37087489644422,43.1016381552137,441.667199999996 -3.37126876188224,43.1014513222741,443.503200000006 -3.37178877593895,43.1012069897106,444.460800000001 -3.37222689777774,43.1009752305372,444.671000000002 -3.37270692961781,43.1007127930074,445.782500000001 -3.37288177590809,43.1006355958317,445.957699999999 -3.37312518611241,43.1005242000602,445.861300000004 -3.37334864742922,43.1003678774106,446.764500000005 -3.37372264842135,43.1001109725422,446.350999999995 -3.37405457142727,43.0999833996152,444.084900000002 -3.37418734062961,43.0999222957516,444.403200000001 -3.37464742358217,43.0997426713701,448.377600000007 -3.37492402653624,43.0995558385496,450.382500000007 -3.37518294345902,43.0993330481223,453.162400000001 -3.375397603981,43.0991515795188,451.515599999999 -3.37582675704,43.0989360808769,452.029800000004 -3.37633126437828,43.0986810197236,452.412599999996 -3.37673627790898,43.0984635929523,452.703200000004 -3.37710801514659,43.0982659477409,456.111600000004 -3.3773292971505,43.0981474274757,457.779800000004 -3.37749081693355,43.0980827193769,458.801800000001 -3.3779378231105,43.0980504492618,462.611900000004 -3.37846890081826,43.0980647821355,461.984800000006 -3.37879193948603,43.0980738347168,464.1296 -3.37906862598342,43.0980828033368,463.208499999993 -3.37944036322104,43.0979803761474,465.740099999995 -3.37956500267008,43.0978890138151,466.100200000001 -3.37973021003735,43.0977523049183,467.759399999995 -3.37983649241354,43.0975672324762,468.864000000001 -3.38001787664247,43.0972348900358,475.471099999995 -3.3803078070021,43.0970587861119,477.918000000005 -3.3806618582084,43.0969222445963,478.010399999999 -3.38093829317751,43.0968364142782,477.940900000001 -3.38132553713355,43.096710601661,484.736699999994 -3.38158445405633,43.0965614880356,489.495299999995 -3.38177254420882,43.0963476654267,489.420599999998 -3.38195619129394,43.0961195100574,492.394400000005 -3.38207127536329,43.0960781873446,492.859400000001 -3.38213103848253,43.0960943645773,492.242199999993 -3.38222843562226,43.0963800197454,491.674299999999 -3.38228593588527,43.0964698736678,492.717600000004 -3.38243865397516,43.0965345821591,493.0239 -3.38276395549911,43.0965936743175,490.636299999998 -3.38301843025278,43.0966386011385,492.019 -3.38319989892333,43.0966386011385,493.475399999996 -3.3834322445783,43.0965936743175,494.674899999998 -3.38354070626738,43.0965218415816,494.383700000006 -3.38360491245403,43.0964805184843,494.461800000005 -3.38370666821951,43.0963816957097,495.441099999996 -3.38386374493514,43.0961733215074,496.372600000002 -3.38394790000926,43.0960600822467,497.495200000005 -3.38404965577478,43.0959163327876,499.802500000005 -3.3841492331257,43.0958624371488,500.457500000004 -3.38426431629676,43.0958427393151,500.118400000007 -3.38443689973082,43.0958606765514,500.545499999993 -3.38473789374148,43.0959810412079,501.274999999994 -3.3848617786057,43.0960295723141,501.301699999996 -3.385273330075,43.0962559674326,502.516699999993 -3.38557432408569,43.0964104455412,503.078099999999 -3.38581346010589,43.096457301001,503.007899999997 -3.38628703755064,43.0964842902176,503.115999999995 -3.38645962098471,43.0964609048116,503.486300000004 -3.38668090298866,43.096385468105,502.709099999993 -3.38685574927891,43.0962812807709,504.130300000004 -3.38701064668169,43.0961411350045,505.328200000004 -3.38713008937679,43.0960495213198,506.366699999999 -3.38724961471693,43.0960315001761,507.637000000002 -3.38741557666902,43.0961573122206,511.356199999995 -3.38752177550191,43.0962058438431,512.146099999998 -3.38773643602389,43.0961590728094,515.696800000005 -3.38786702591337,43.0962291453842,516.386700000003 -3.38799535294667,43.0962129681871,517.928899999999 -3.3881081732615,43.0961985515735,518.720300000001 -3.38827639806982,43.0960584056176,517.955799999996 -3.38841578965246,43.0960351040116,516.910600000003 -3.3885507381677,43.0960278956843,517.9522 -3.38877646234073,43.0960871556009,520.290200000003 -3.38886053297322,43.0961608327422,521.572700000004 -3.38900880889403,43.0961644372262,522.342300000004 -3.38910838624495,43.0961537083922,521.494500000001 -3.38914828401997,43.0961501039076,521.350900000005 -3.38919254042077,43.0960620101076,521.086200000005 -3.38916152698388,43.0959955418354,520.1348 -3.38911509127022,43.0958823862089,519.356700000004 -3.38906857201322,43.095790771481,518.386599999998 -3.38904200164378,43.0957386363327,518.009699999995 -3.38898701576521,43.0955959763297,516.756099999999 -3.38897502954437,43.0955689867216,516.421300000002 -3.38894912931812,43.0954925439791,516.145900000003 -3.38893135974347,43.0954206266439,515.723700000002 -3.38889372572297,43.0952735243506,514.7601 -3.38886053297322,43.0950848477411,513.764500000005 -3.38885609080414,43.0950094106513,513.646099999998 -3.38884142221387,43.0949362365658,513.310700000002 -3.38882507736728,43.0948961712062,513.2497 -3.38881049321864,43.094851830857,513.119000000006 -3.38879297517227,43.0948199795169,512.9617 -3.38883614191663,43.0947525056033,512.831999999995 -3.38884502625479,43.0946680156767,513.178400000004 -3.38885382704962,43.0945907347869,513.636400000003 -3.38890696868688,43.0944739746052,514.796700000006 -3.38894535819054,43.0943867193552,514.493400000007 -3.38913344744474,43.0943256151544,515.508799999996 -3.3894189356353,43.0942214282516,517.488700000002 -3.38954281960118,43.0941280536716,518.809099999999 -3.38965790367053,43.0940489281416,519.640799999994 -3.38971096086617,43.0940128026739,520.4323 -3.38980500549327,43.0939429814275,521.471300000005 -3.38996325630698,43.0938349386678,522.679900000003 -3.39014690339209,43.0937002411491,524.267500000002 -3.39045669909591,43.0936337729373,526.586599999995 -3.39095869115139,43.0935210360572,527.491500000004 -3.39157182726542,43.0935456787974,531.3315 -3.39226224454501,43.0935798772576,535.672099999996 -3.39276834369799,43.0936012512035,537.987999999998 -3.39302985944687,43.0936243851477,539.260200000004 -3.39360108555965,43.0936391369193,542.115000000005 -3.3948314657835,43.0937235429875,548.7696 -3.39562347174195,43.0937811264749,553.529500000004 -3.39620986950154,43.0938152408379,557.134399999995 -3.39643559457287,43.0938548037667,558.518400000001 -3.39648429314272,43.0939194277757,558.8995 -3.39651597672281,43.0939569787446,559.552299999996 -3.39658495925179,43.0940060132798,560.708899999998 -3.39661697880176,43.0940299854134,560.978900000002 -3.39663097635053,43.094065021945,561.268100000001 -3.39665201489449,43.0940820367391,561.474600000001 -3.39670599465991,43.0941110382343,561.703399999999 -3.39672896098847,43.0941350103268,561.778900000005 -3.39676701452221,43.0941630061819,562.574099999998 -3.39679501051802,43.094211034282,563.363599999997 -3.39684396061619,43.0942260378077,563.151400000002 -3.39687396793994,43.0942439755176,563.404299999995 -3.39688603770411,43.0942920035542,564.505699999994 -3.39695502113138,43.0943599811091,565.907800000001 -3.39702702110141,43.0943739789868,566.685599999997 -3.39708502442099,43.0943970286742,567.270300000004 -3.39714000940123,43.0944120328103,568.270099999994 -3.39719700660767,43.0944560376186,569.319399999993 -3.3971499833958,43.0945510044041,570.367800000007 -3.39714503817018,43.0946560297359,571.960500000001 -3.3971560191762,43.0947739631043,574.071899999995 -3.39717001672497,43.0948850229848,576.432700000005 -3.39715098950892,43.094923999441,577.058600000004 -3.39713699196018,43.0950140208041,578.566200000001 -3.3971479720679,43.0950369869425,579.046000000002 -3.39717303416599,43.0950750410099,579.893700000001 -3.39722097815105,43.0951089880363,580.692599999995 -3.39726297169563,43.0951499755475,581.400999999998 -3.39730496524021,43.0951830002419,582.018599999996 -3.39735802243584,43.0952199640012,582.919200000004 -3.39739297498524,43.0952420084289,583.660199999998 -3.39743396241671,43.0952539949109,583.905499999993 -3.39754301160399,43.0952990053665,584.682000000001 -3.3975710067015,43.0953099855852,584.820000000007 -3.39762599168171,43.0953089799891,585.265400000004 -3.3977020161042,43.0953170267258,585.376499999998 -3.39772900598692,43.0953280069413,585.467699999994 -3.39785004049672,43.0953389871548,586.061799999996 -3.39787099549737,43.0953529848088,586.077300000004 -3.39795799912926,43.0953720117473,586.963300000003 -3.39805196021303,43.0953770410347,587.469299999997 -3.39822202926262,43.095356002251,590.661600000007 -3.39823401548345,43.0953519792133,591.187399999995 -3.39828698913576,43.0953529848088,591.967900000003 -3.39837701020869,43.0953740235935,592.311100000006 -3.39850399605725,43.0954020188822,592.780199999994 -3.39863802290103,43.0953990014423,593.691000000006 -3.39864699168082,43.0954010132876,593.813599999994 -3.39867196933728,43.095405036322,594.171000000002 -3.39879803351439,43.0954269973755,595.193100000004 -3.39886802215648,43.0954280029697,595.095600000001 -3.39894597436358,43.0954399894153,595.525099999999 -3.39909198652986,43.0954379775713,595.962199999994 -3.39911302507382,43.09545499264,596.358800000002 -3.39916599872612,43.0954730139533,596.728300000002 -3.39919097728091,43.0954929624843,597.342099999994 -3.39929700812882,43.0955239758085,598.333899999998 -3.3993469643401,43.0955219639672,598.209300000002 -3.39939197532574,43.0955300106759,598.431100000002 -3.39951502116346,43.0955190304966,598.538400000005 -3.3995880281449,43.0955109837865,598.682100000005 -3.39975298398391,43.0955169346918,598.470300000001 -3.39981718927219,43.0955690706849,598.913199999995 -3.39992556741798,43.0956103930852,599.312600000005 -3.4005939400405,43.0956121536898,601.804799999998 -3.40081740135731,43.0955887679506,602.664499999999 -3.40124228023218,43.0955887679506,604.593099999998 -3.40173136439537,43.0956175181544,606.820399999997 -3.40183982608445,43.0956176014617,607.357600000003 -3.40204342295541,43.0956284143528,608.169399999999 -3.40276929584094,43.0957200286676,612.268299999996 -3.40353053989082,43.0958134867511,616.791400000002 -3.40377612940803,43.0958422368494,618.300300000003 -3.40414367600485,43.0958853196621,620.603199999998 -3.40460618979852,43.0959464236186,623.241599999994 -3.40530104924722,43.0960434858476,628.008000000002 -3.40578787055419,43.0961063502365,630.517399999997 -3.40600035176331,43.0961063502365,631.398400000005 -3.40604234530789,43.096126131948,631.5095 -3.40646060180249,43.0961423085121,632.232999999993 -3.40715755702073,43.0961674546284,635.209400000007 -3.40748285854468,43.0961171630414,636.104099999997 -3.40789223070109,43.0960560592553,636.768500000006 -3.40826178862584,43.0959949547523,637.225300000006 -3.40867786670589,43.0959734137163,638.540900000007 -3.40877526474392,43.0959518720167,638.471900000004 -3.40880845659537,43.0959716531221,638.813200000004 -3.40886595685838,43.0961171630414,640.563699999999 -3.40901850696331,43.0961712263809,642.222899999993 -3.40950977043935,43.096253871653,645.621899999998 -3.41026665676178,43.0964460691017,650.427500000005 -3.41068700902594,43.0965520160769,653.459499999997 -3.4109283234607,43.0966006313485,655.048800000004 -3.41135655574654,43.0967030582221,657.900899999993 -3.41161211925835,43.0967030582221,659.358900000007 -3.41189098506861,43.0967488232679,661.840599999996 -3.41261794761062,43.0967839435175,667.772899999996 -3.41267100570455,43.0968109332461,668.556800000006 -3.41286026905682,43.0968351568223,670.277300000002 -3.41310258960473,43.0968271102851,671.549599999998 -3.41332169229578,43.0967920740219,671.993799999997 -3.41353400641824,43.0968339833281,673.712 -3.41362402749117,43.0968550222599,675.008600000001 -3.41379996433621,43.0968939981182,677.579500000007 -3.41381303931516,43.0968980210545,677.771599999993 -3.41384497442351,43.0969090016425,678.200100000002 -3.4140009614827,43.0969250107328,680.507899999997 -3.41411202199792,43.0969349850906,681.813200000004 -3.41418896809186,43.0969369968854,682.286399999997 -3.41428100139106,43.0969322196105,682.454299999998 -3.41439717421853,43.0969295374358,682.770399999994 -3.41455651468868,43.096864828706,681.768500000006 -3.41479548272395,43.096762402103,680.564799999993 -3.4150643736413,43.0967220014354,681.027600000001 -3.41531993805142,43.096762402103,683.331099999996 -3.41548598354687,43.0967677664669,684.995999999999 -3.41561213126728,43.0968136154259,686.698799999998 -3.41573157306408,43.0968297924643,688.504799999995 -3.41584774678988,43.0968783235539,690.306299999997 -3.41592745879662,43.0968783235539,691.243100000007 -3.41626935669545,43.0967246836191,689.505499999999 -3.41641872227267,43.0967273658028,689.639500000005 -3.41667428578448,43.0966572931422,689.819900000002 -3.41683899009521,43.0966680218879,691.293999999994 -3.4169249885123,43.0966769907138,692.010599999994 -3.41699497805269,43.0966800080908,692.544800000003 -3.41703998814003,43.0966919942913,693.289300000004 -3.41709396790545,43.0966950116676,693.668900000004 -3.41713503977854,43.0966950116676,693.966100000005 -3.41722195986713,43.0967100152406,694.885599999994 -3.41727702839066,43.0967100152406,695.095100000006 -3.41733796560797,43.0967009624578,695.429900000003 -3.41740200291132,43.096686965112,695.871799999994 -3.41740200291132,43.0966899824884,695.941900000005 -3.41742496923985,43.0966950116676,696.323600000003 -3.41745799400464,43.0966859588825,696.2834 -3.41754801597591,43.0966850372707,696.796000000002 -3.41766603304468,43.0966769907138,697.608900000007 -3.41769402814219,43.0966830254676,698.0147 -3.41771900669698,43.096688976259,698.362500000003 -3.41776401768262,43.0966940054382,698.839900000006 -3.41783400632471,43.0966980290436,699.463600000003 -3.41788396253596,43.0967009624578,699.805800000002 -3.418075991801,43.096713032616,701.531499999997 -3.41813600644848,43.0967299640246,702.311199999996 -3.41817598776683,43.0967390161472,702.967000000004 -3.41825603484519,43.0967639947511,704.864100000006 -3.41829299962082,43.0967739691351,705.071100000001 -3.41846298422875,43.0967889726888,706.024000000005 -3.41858200741064,43.096787966461,707.074200000003 -3.4187089932592,43.0967960136593,708.5916 -3.41875500945962,43.0968059880381,709.280899999998 -3.41891401485819,43.0967520085646,708.900399999999 -3.41907603679945,43.0967029742603,710.573300000004 -3.41921098531472,43.0966410320963,711.9565 -3.41926898773597,43.0966110249126,712.866899999994 -3.41931098128055,43.0965850406711,713.464699999997 -3.41947702677598,43.096531983273,715.051699999996 -3.41950099921765,43.096531983273,715.045899999997 -3.41953402398245,43.0965289658888,715.188299999994 -3.41956696430561,43.0965449757344,715.636199999994 -3.41965598016373,43.0965709593369,716.385299999994 -3.41966503338518,43.0965700370674,716.416800000006 -3.41979998190041,43.0965990386962,716.912700000001 -3.41985798432167,43.0966070013015,717.181400000001 -3.41988598031751,43.0966339911081,717.609899999996 -3.4199129693019,43.0966530183045,717.882500000007 -3.41998002494461,43.0966759844842,718.735400000005 -3.42000802004212,43.0966790018612,719.0144 -3.42003500992481,43.0966680218879,719.0959 -3.42006099369442,43.0966680218879,719.482600000003 -3.42023701408278,43.096696017241,721.032300000006 -3.42044496868116,43.0967179778315,721.801500000001 -3.42052702798572,43.0967280361847,721.903399999996 -3.42060003406886,43.0967199896335,722.021900000007 -3.42066398782889,43.0967179778315,722.334099999993 -3.42072802603054,43.0967110208138,722.210200000001 -3.42086498587371,43.0966639982805,723.330400000006 -3.42088401308973,43.0966530183045,723.454899999997 -3.42091703785452,43.096640026522,723.779999999999 -3.42096196529683,43.0965930039342,723.718999999997 -3.42101896160496,43.096562996727,724.204400000002 -3.42106799614476,43.09655503346,724.722200000004 -3.42121903797833,43.0964960252263,725.0429 -3.42123303552707,43.0964909960308,725.092799999999 -3.4212600254098,43.0964930078403,725.332500000004 -3.42129103794836,43.0964830334105,725.281900000002 -3.42137301370959,43.0964690353589,725.476999999999 -3.42140503236126,43.0964719687841,725.944699999993 -3.42145800601357,43.0964530261494,725.771699999998 -3.42152799465566,43.0964660179716,726.513699999996 -3.42155003931273,43.0964650117384,726.648100000006 -3.42159396064192,43.0964589769632,726.887799999997 -3.42165598661734,43.0964690353589,727.294200000004 -3.42173301625465,43.0964520199161,727.798999999999 -3.42179697001467,43.0964589769632,728.484100000001 -3.42188003453405,43.0964640061613,729.398499999996 -3.42194398829408,43.0964759924041,729.790200000003 -3.4220060151678,43.0964849612582,729.728799999997 -3.42203199893741,43.0964810216008,729.480100000001 -3.42212897746222,43.0964810216008,730.963199999998 -3.42216401355492,43.096470963207,731.119300000006 -3.42225101808513,43.0964599831964,731.995999999999 -3.42240901647226,43.0964200014839,733.214699999997 -3.42249501488935,43.0963989624027,734.189599999998 -3.42264002184082,43.0963719731485,735.130099999995 -3.42277597646921,43.0963409595978,735.745800000004 -3.42281604222918,43.0963520242479,736.613100000002 -3.42286700365525,43.0963429714121,737.075200000007 -3.42294797330337,43.0963360143519,737.535600000003 -3.42316598633801,43.0962950269785,737.922900000005 -3.42323496976529,43.0963100306496,738.713900000002 -3.42329096085864,43.0963210106871,739.453500000003 -3.42347100390284,43.0963319913786,740.039099999995 -3.42348701277951,43.0963289739844,739.926999999996 -3.4235979897514,43.0963090250699,739.304600000003 -3.42375095936954,43.096238030312,739.995899999994 -3.42382103245329,43.096195031054,741.232199999999 -3.42385296666331,43.0961889962521,742.020900000003 -3.42388800365433,43.0961589888469,742.255999999994 -3.42391599875185,43.096096962826,742.657699999996 -3.42392899108583,43.0960330088805,743.367199999993 -3.42402596961062,43.0959940331301,744.563699999999 -3.42415496678712,43.0959829690713,745.9761 -3.42425999242023,43.0959600026317,746.732900000003 -3.42432503583671,43.0959460044605,747.434699999998 -3.42447699934173,43.0959340187699,749.185899999997 -3.42448596812155,43.0959299951143,749.204199999993 -3.42459199986778,43.0959190150067,750.334700000007 -3.42461303841174,43.0959269777003,750.625799999994 -3.42465301973009,43.0959279832864,751.074699999997 -3.4246569588426,43.0959370361835,751.330400000006 -3.4247240144853,43.0959350243558,751.809699999998 -3.42478402913282,43.0959269777003,752.305699999997 -3.42484999422075,43.0959289895283,752.964999999997 -3.42494303363306,43.0959129801776,753.664000000004 -3.42500103605431,43.0959239602863,754.478300000002 -3.42507898826141,43.0959279832864,755.308600000004 -3.4251140243541,43.0959279832864,755.590299999996 -3.42523003009494,43.0959200205928,755.848199999993 -3.42535902727144,43.0958800391838,755.007599999997 -3.42553001799252,43.0958610124031,754.399999999994 -3.42556698276815,43.0958650354074,754.623000000007 -3.42560302497396,43.0958689751043,754.811100000006 -3.42569899738566,43.0958310048372,754.973599999998 -3.42572900470941,43.0958269818308,755.213699999993 -3.4258150031265,43.0957819704513,756.042100000006 -3.42583403034256,43.0957760195718,756.276400000002 -3.42586001411214,43.0957659610622,756.584799999997 -3.42601197761716,43.0957249739633,757.696800000005 -3.42605397116178,43.095713993819,757.883100000006 -3.4261689707895,43.095588013593,757.520499999999 -3.42620702432324,43.0955669748818,757.457399999999 -3.42621096433408,43.0955679804737,757.497399999993 -3.42625102919576,43.0955600177333,757.695099999997 -3.42629696275118,43.0955350399503,757.510699999999 -3.42651195834474,43.0954839941409,757.580400000006 -3.42654196566852,43.0954750257962,757.558499999999 -3.42656903909454,43.0954620337638,757.493300000002 -3.42658203053016,43.0954580100772,757.476999999999 -3.42661203785391,43.0954559982337,757.549700000003 -3.42667699772705,43.0954290085639,757.303899999999 -3.4267820233602,43.0953900330851,757.051300000006 -3.42682099856543,43.0953600259444,756.793099999995 -3.42688696455169,43.0953160204738,756.357300000003 -3.42712702224337,43.0952109956179,755.4274 -3.42718795856235,43.0951949860794,755.202399999995 -3.42725400809194,43.0951850114383,755.126099999994 -3.42731997407819,43.0951830002419,755.194399999993 -3.42751895989678,43.0951669906961,755.625199999995 -3.42758802686739,43.0951560104517,755.815499999997 -3.4276239855299,43.0951539985984,755.949999999997 -3.42765499806846,43.095147041403,756.011199999994 -3.42774200259868,43.0951570160504,756.4611 -3.4278669771193,43.095147041403,756.954299999998 -3.42798298196185,43.0951280143946,757.173299999995 -3.42802497550643,43.0951069761813,757.022500000006 -3.42818196867873,43.095037993199,757.101500000004 -3.42836704139021,43.0949769729562,757.568799999994 -3.42840098782649,43.094945960011,757.509900000005 -3.42853702599817,43.0948410184848,757.077900000004 -3.42871597938593,43.0948489813186,757.365600000005 -3.42894799086761,43.0949120128943,758.8027 -3.42913599657847,43.0950250010739,759.929099999994 -3.42914898891243,43.0950339694845,759.967300000004 -3.42924001609848,43.0950629711849,760.3799 -3.42937697683994,43.0950519909218,760.699900000007 -3.42961703453166,43.0950320415912,761.001999999993 -3.42972398705105,43.0950020349311,760.994999999995 -3.42974997082066,43.0950079858858,760.988700000002 -3.42993495998881,43.0950809919576,761.418699999995 -3.43006798071944,43.0950980077815,761.7647 -3.43008097305339,43.0950959959262,761.805699999997 -3.43016596535737,43.0951039587268,762.104099999997 -3.43045497314719,43.0951690018931,762.962199999994 -3.43050903645594,43.0952059663169,763.455600000001 -3.43061598987367,43.0952379853838,764.285099999994 -3.43064800852534,43.0952460321298,764.556800000006 -3.43076401426618,43.0952180361138,764.678700000004 -3.43078203536912,43.0952280107496,764.812399999995 -3.43081698791849,43.0952850077002,765.262199999997 -3.43089602888373,43.0953249894977,765.597899999993 -3.43098496119852,43.0953730179984,766.517500000002 -3.43101697985019,43.0953939721567,767.059500000003 -3.43107498227148,43.0954140053329,767.504000000001 -3.43110700182146,43.0954369713213,767.899600000004 -3.43117699046355,43.0954399894153,768.297099999996 -3.43120699778729,43.0954600219205,768.914499999999 -3.43132903841023,43.0954959799196,770.464699999997 -3.43135896129235,43.0955150074696,770.9712 -3.4314560242588,43.0955519710286,772.385399999999 -3.4315440340038,43.0955740159928,773.655100000004 -3.43160396420969,43.0955780390158,774.235400000005 -3.43168401128802,43.0956259833548,775.2981 -3.43177403325928,43.095633024459,776.196299999996 -3.43186397078888,43.0956419927805,777.215100000001 -3.431873023112,43.0956450102085,777.336899999995 -3.43190898177451,43.0956630314659,778.042000000001 -3.43193898909826,43.0956770290458,778.218800000002 -3.43197201386305,43.0956770290458,777.849300000002 -3.43211903214245,43.0956770290458,778.810400000002 -3.43227703142787,43.0956939607409,779.771299999993 -3.43233109473662,43.0956694854796,779.577600000004 -3.43256344128992,43.0956856628203,780.508600000001 -3.43265857557343,43.0956946311341,780.914199999999 -3.43274264620596,43.0956999955915,781.357600000003 -3.43281347297621,43.0957036001026,782.057400000005 -3.43288874281387,43.0957090485224,782.108699999997 -3.43302151201622,43.0957216213428,781.907099999997 -3.43310113958133,43.0957323495965,782.078899999993 -3.4332494155021,43.0957359541057,782.103799999997 -3.43333792830371,43.0957449230681,782.320500000002 -3.43345074951687,43.0957538913733,782.477899999998 -3.43367429437701,43.0957755164496,782.959300000002 -3.43374730046012,43.0957790369932,782.960399999996 -3.43381569728756,43.0957863293129,783.1492 -3.43392197966375,43.0957952982679,782.846999999994 -3.43411224912913,43.0958097149765,782.656000000003 -3.43425834573705,43.0958186832722,781.808099999995 -3.4344519677151,43.0958170072925,780.8747 -3.43455481313703,43.0958169233296,780.218699999998 -3.43466989720638,43.0957450063752,779.884600000005 -3.43470971143811,43.09572170465,779.715500000006 -3.43474290328953,43.0957000795547,779.682799999995 -3.43478053820836,43.0956749339024,779.606 -3.43485999868681,43.0956239721729,779.447400000005 -3.43496418529348,43.0955564138698,779.061400000006 -3.43500182021227,43.0955311841952,778.952300000004 -3.4350394551311,43.095509642996,779.073699999994 -3.43509033301388,43.0954917056569,778.809800000003 -3.43515797525645,43.0954669790803,778.647100000002 -3.43524523041662,43.0954378096443,778.752099999998 -3.43533156480364,43.0954090600121,778.514299999995 -3.43540457088678,43.095387518114,778.377900000007 -3.43550196892481,43.0953533200073,778.392900000006 -3.43561923140876,43.0953138413543,778.0236 -3.43581394304322,43.095243769044,778.4087 -3.43587588547531,43.095225831627,778.454700000002 -3.43595559748206,43.09520068578,778.837299999999 -3.43599700352844,43.0951880288888,778.863400000002 -3.43615818734157,43.0951346363924,778.920400000003 -3.43621350829169,43.0951130110899,779.001000000004 -3.43631979066791,43.0950788967938,779.459900000002 -3.43642154733173,43.0950429385498,779.431599999996 -3.43652556685173,43.0950106681446,779.672000000006 -3.43646806658872,43.09486691819,781.3603 -3.43649455341487,43.0947429500562,782.094100000002 -3.43652112378432,43.0946333146925,782.084799999997 -3.43663696243853,43.0944810158418,782.380900000004 -3.43674684885568,43.0943243576471,781.909 -3.43702127249685,43.0942057536593,781.482999999993 -3.43730231762004,43.0941538697132,782.235199999996 -3.43758780491226,43.0940712242309,782.523199999996 -3.43798829273055,43.0939507764471,783.108999999997 -3.4382914660541,43.0937855687885,782.471000000005 -3.43873629381648,43.0935411525002,780.959499999997 -3.43900392799076,43.0933202058172,778.211299999995 -3.43942880596734,43.0931028630012,777.212199999994 -3.43972309495273,43.0929573531354,776.4277 -3.44003959568181,43.0927974268215,776.183600000004 -3.44047989683349,43.09257463542,775.620599999995 -3.44066362836023,43.0924829376801,775.467699999994 -3.44096018020185,43.092310521889,773.779299999995 -3.44130978923906,43.0921003035921,772.281199999998 -3.44144037912854,43.0919870640158,771.428199999995 -3.44187196302872,43.0916045140785,768.838399999993 -3.4424362334862,43.091148119258,763.452399999995 -3.44265969480304,43.0909576823203,761.325200000007 -3.44282004048798,43.0907519904757,759.2736 -3.44285658575037,43.0906937363164,758.872799999997 -3.4429782904034,43.0905625599485,758.054000000004 -3.44319286738204,43.0903397689454,756.581699999995 -3.44344298350996,43.0900792591471,754.352100000004 -3.44354256086088,43.0899283010362,751.861000000004 -3.44360441885134,43.089720094467,749.875199999995 -3.44363979091399,43.0895403863638,748.864799999996 -3.4436597398015,43.0893823037551,748.528900000005 -3.44378362376738,43.0891307630957,748.505300000004 -3.4439518485757,43.0889942216162,749.109700000001 -3.44410699750673,43.0888529865557,750.168300000005 -3.44428829819233,43.0886959938185,751.186100000006 -3.44448745289417,43.0885522441307,751.647599999997 -3.44459147151588,43.0884768068666,751.800900000002 -3.44460035675234,43.0883905573106,751.686400000006 -3.44447202971907,43.088227109903,751.039099999995 -3.44452290760181,43.0881929957075,750.606299999999 -3.44457596569575,43.0881570373567,750.4951 -3.44471803874953,43.0880700329001,750.280599999998 -3.44477796895539,43.0880360025908,750.089500000002 -3.4447789750685,43.0880360025908,750.0913 -3.4448669848135,43.087976994021,749.948799999998 -3.44486799092662,43.087976994021,749.954700000002 -3.44510243235118,43.0878394468749,749.529500000004 -3.44538783610008,43.0876598224765,748.8609 -3.44557701590902,43.0875490138815,748.616699999999 -3.44569503297779,43.0874760073596,748.200899999996 -3.44595797345471,43.0873070283065,747.777799999996 -3.44604497798492,43.087251037532,747.634300000005 -3.44611102751451,43.0872050206808,747.266799999998 -3.44625301702496,43.0871190225708,746.783599999995 -3.44642501296082,43.0870239714388,746.332800000004 -3.44659298624085,43.0869219639978,745.882500000007 -3.44684897016421,43.0867409985507,745.108699999997 -3.44695097745798,43.086678972176,744.864799999996 -3.44709699052259,43.0865850113883,744.587100000004 -3.44739396097909,43.0863980111473,743.996700000003 -3.44742799185699,43.0863809955305,743.965299999996 -3.44789796526083,43.0860720388428,742.777100000007 -3.44800600743667,43.0860110188517,742.603499999997 -3.44831798245338,43.0858070030504,742.057199999996 -3.44854798170886,43.0856810227831,741.6774 -3.44859500402239,43.0856419636845,741.550399999993 -3.44872802475302,43.0855329989349,741.156799999997 -3.44892902279785,43.0853940265602,740.788199999995 -3.44941601119147,43.0850819682174,739.843099999998 -3.44953696215797,43.0850129850966,739.826300000001 -3.44973402109025,43.0849060320744,739.633400000006 -3.44983996839486,43.0848590096619,739.361099999995 -3.45002898021887,43.0847699942312,738.923699999999 -3.45004700132178,43.0847630371685,738.8845 -3.45019100216013,43.0847129973359,738.6486 -3.45024598803867,43.0846939703663,738.595600000001 -3.45031295923974,43.0846669805463,738.544800000003 -3.45048579420209,43.0846131688273,738.259000000005 -3.4507978518638,43.0845035330442,737.779399999999 -3.45097303412397,43.0844430160181,737.391600000003 -3.45124402081092,43.0843389966632,736.942200000005 -3.45138425052169,43.0842610446871,736.827399999995 -3.451494975067,43.0842059755525,736.6155 -3.451607040797,43.0841720290436,736.590200000006 -3.45165800312137,43.0841430274347,736.480500000005 -3.45181130781113,43.0840759721509,736.412899999996 -3.45197601212185,43.0840049776459,736.332500000004 -3.45199696712248,43.0839870402176,736.304900000003 -3.45218002760772,43.0839100109099,736.118900000001 -3.45226895992254,43.0838749744738,736.123399999997 -3.45235403666815,43.0838420335661,735.960099999997 -3.4525879750361,43.0837410318612,735.816800000001 -3.4526719621253,43.0837039837551,736.063399999999 -3.45290103970926,43.08361396217,737.014500000005 -3.45309901941473,43.0835442242023,737.7307 -3.45323187305874,43.0834579749181,733.873900000006 -3.45332474448606,43.0833933503681,732.384399999995 -3.45341325728763,43.0833340066545,731.976899999994 -3.45350177008921,43.0832604131526,737.261899999998 -3.45356815469038,43.08321003814,738.287700000001 -3.45365893124647,43.0832208505973,738.293699999995 -3.45373855881158,43.0832406318782,738.367499999993 -3.45382497674193,43.0832748301875,738.429000000004 -3.45389102627148,43.0833080226846,738.569900000002 -3.4540926944595,43.0834024024938,738.714999999997 -3.45434054773123,43.0833898297687,738.888600000006 -3.45453752222192,43.083352111578,739.309500000003 -3.45462377216727,43.0833359342599,739.250199999995 -3.45469015676848,43.0833233615212,739.288199999995 -3.4548937527411,43.0832802784008,739.056800000006 -3.45527999058403,43.0832040033708,739.413400000005 -3.45561199803155,43.0831380374916,739.733399999997 -3.45573688900888,43.0831185914431,739.827499999999 -3.45590947154465,43.0830843930465,740.0429 -3.45607987566582,43.0830538832108,739.923800000004 -3.45657994083503,43.0829118937179,739.313399999999 -3.4573344789613,43.0826549884444,738.695300000007 -3.45771065926629,43.0825129986832,738.215500000006 -3.45776380000526,43.0823836661645,737.855100000001 -3.45790981306984,43.0823998430779,737.759999999995 -3.4579872622204,43.0823746978698,737.500799999994 -3.45808600054483,43.0823379848632,737.437300000005 -3.45809790322237,43.0823369790541,737.355299999996 -3.45821080708053,43.0822992602152,737.554399999994 -3.4583833905146,43.0822345524296,737.555200000003 -3.45905201466541,43.0820250048673,738.412400000001 -3.45922853811031,43.0819721986111,738.960200000001 -3.45932149308096,43.0819398445542,739.647400000002 -3.45966892280531,43.0818625633505,741.791500000007 -3.45981275655704,43.0818230845309,742.8073 -3.45996103247781,43.081792574067,743.596000000005 -3.46008491734203,43.0817727929747,744.758799999996 -3.46045891743583,43.0817063242851,747.454400000002 -3.4607797767907,43.0816200750378,749.760200000004 -3.4609039967265,43.0816029754237,750.684699999998 -3.46116467344893,43.0815894811465,752.856700000004 -3.46131739243711,43.0815876368124,753.863899999997 -3.46159173163666,43.0815750637149,755.983399999997 -3.46186615527787,43.0815769080494,757.555699999997 -3.46199892448024,43.0816020535849,757.939599999998 -3.4622180271713,43.0817008765879,758.178 -3.4623374698664,43.0817170536816,758.332999999999 -3.46257652144497,43.0817044806106,758.705100000006 -3.46273804122802,43.0816955122165,758.889299999995 -3.46300140031984,43.0816344078202,758.593399999998 -3.46324698983705,43.0815696993325,757.619600000005 -3.46331781750563,43.0815463141365,757.332500000004 -3.46338202279395,43.0815140438372,756.722899999993 -3.46383565135116,43.0813397003384,755.622499999998 -3.46403673293931,43.0812013988448,754.138399999996 -3.46431107303719,43.0809408888924,751.150200000004 -3.46454568244668,43.0807162539637,748.726899999994 -3.46461650921696,43.0806390571689,747.977700000003 -3.46481566302048,43.0804665575164,746.188899999994 -3.4648554772522,43.0804486197082,745.925399999993 -3.46501037465495,43.0804198702574,744.973899999997 -3.46529359909099,43.0803012662452,743.085300000006 -3.46543743284271,43.0802545788602,742.346099999995 -3.46560783696392,43.0802437665355,741.786800000002 -3.4662119207548,43.0800928917908,739.851500000004 -3.46634913212625,43.0800339674278,739.465100000001 -3.4665261577294,43.0799315402338,738.854699999996 -3.4665482859298,43.0799099987971,738.512300000002 -3.46664350465497,43.079843530711,737.763900000005 -3.4666965618506,43.0797986033802,737.332299999995 -3.46674081825137,43.0797519162682,736.929300000003 -3.46684265845852,43.0796512496661,736.061499999996 -3.46701742120544,43.079507583735,735.150200000004 -3.4671767616756,43.0793530216557,733.436900000001 -3.46735378727874,43.079205751512,731.981199999995 -3.46755520483681,43.079009866253,729.741599999994 -3.46760826203244,43.0789595750122,729.0484 -3.46771228155245,43.0788895023631,728.610799999995 -3.46804638387123,43.0787224509967,726.893599999996 -3.46816808942255,43.0786811283566,726.338300000003 -3.46827655111163,43.0786649511175,725.811499999996 -3.4683960773501,43.0786811283566,724.633300000001 -3.46865273051833,43.0787512005879,722.844700000001 -3.46894484019086,43.0788087003861,722.4234 -3.46894928235994,43.0787152426001,722.145900000003 -3.46893000451393,43.0782509685046,721.459600000002 -3.46892497484668,43.0780010205468,721.162299999996 -3.46890938458492,43.0776986015176,720.746400000004 -3.46887619273347,43.0772153009253,720.511299999998 -3.46885624384596,43.0769978740603,720.337599999999 -3.46884744215279,43.0767661984635,719.888099999996 -3.4688230510962,43.0764805430237,719.539000000004 -3.4688076288194,43.0762865020764,719.465599999996 -3.4688297570198,43.0760547424247,719.562699999995 -3.46884082067086,43.0758894517193,718.942899999995 -3.46890301463123,43.0757229866692,718.763000000006 -3.46895808315477,43.0755229944128,718.718900000007 -3.46904877616753,43.0752390996173,718.462499999994 -3.46921255790847,43.0749246942161,717.501199999999 -3.46945152594371,43.0746857264491,717.1973 -3.46969032689232,43.0744574871057,716.856299999999 -3.46990942958337,43.0742598418539,716.340299999996 -3.47010196190495,43.0740783737628,715.9948 -3.47035417290413,43.0737944788368,715.470799999996 -3.47048258437905,43.0736508129539,715.3125 -3.47081006521586,43.0732734591484,714.618199999997 -3.47101927745564,43.0730406099572,714.141799999998 -3.47150383500812,43.0724908411878,713.153099999996 -3.47191882343172,43.0719195304593,710.960999999996 -3.47220095821131,43.0714317876016,710.435299999997 -3.47224404141234,43.0713322944381,710.0916 -3.47250287389346,43.071138253595,709.910499999998 -3.47272197748285,43.0709657541014,709.806500000006 -3.47290453491152,43.0708094314707,709.868600000002 -3.47296429803072,43.0707178173018,710.127900000007 -3.47304065752483,43.070645062402,710.213499999998 -3.47306722789431,43.0705479999549,710.031099999993 -3.47316680434693,43.0704752448535,709.959600000002 -3.47316345183427,43.0703647713548,709.708299999998 -3.47310368871507,43.0702165792549,709.422399999996 -3.4732367094457,43.0700740028683,709.540900000007 -3.47348565237387,43.0698207023003,709.737200000003 -3.47364499194569,43.0696670620865,709.392500000002 -3.47381095389782,43.0695269164557,709.275099999999 -3.47401010770137,43.0693894532289,708.753800000006 -3.47415612076595,43.0693248289341,708.473899999997 -3.47442165917067,43.0692493076195,708.609299999996 -3.47450799265935,43.0691765529453,708.531700000007 -3.47461000085145,43.0690860283306,708.356700000004 -3.47471603169939,43.0690110100639,708.264299999995 -3.47489397987232,43.0688950043718,707.841400000005 -3.4750730168034,43.068800037841,707.320000000007 -3.47523302741676,43.0687009636874,706.886400000003 -3.47545405879072,43.0685729722701,706.637300000002 -3.47561666733188,43.068440957093,706.843500000003 -3.47595856523071,43.06808514503,705.723899999997 -3.47614900178272,43.0678600075282,706.010599999994 -3.47630373209884,43.0677051935975,706.111499999999 -3.47658100519614,43.0675359631348,705.882400000002 -3.47676180282516,43.0674518924278,705.407399999996 -3.47683816231924,43.067295570023,705.029999999999 -3.47695768765937,43.0670826696854,704.922500000001 -3.47702407315888,43.0669695138043,704.928799999994 -3.47711032220593,43.0668455456506,704.6247 -3.47725641881384,43.0667349881697,704.577799999999 -3.47738918891452,43.0665679371395,704.368600000002 -3.47745892602836,43.066597608591,704.307700000005 -3.47755850248098,43.0666245144924,704.3753 -3.47777090014674,43.0665624047496,704.088499999998 -3.47814599079531,43.0663252806711,703.824500000002 -3.47828538147963,43.0662121253607,703.591499999995 -3.47845695880058,43.0661400410795,703.526500000007 -3.47861202418831,43.0660630109924,703.103300000002 -3.47870690784187,43.0660261307055,703.171499999997 -3.47886959992636,43.0659560577054,703.438800000004 -3.47896582476465,43.0659183392834,703.462700000004 -3.47907210714084,43.0658752563944,703.234800000006 -3.47925198220008,43.0658050158699,703.013900000005 -3.47946370972266,43.0657027571832,702.660699999993 -3.47958658847373,43.0656380482786,702.494200000001 -3.47976696658951,43.0655269885306,702.300099999993 -3.47991599709515,43.0654340328927,702.421400000007 -3.4799900092914,43.0653600208383,702.051999999996 -3.48009444742635,43.0652634612703,701.876399999994 -3.4802579785373,43.0651000145107,701.508199999997 -3.48038999405315,43.0649909659758,701.3747 -3.48050583180903,43.06490505088,701.175199999998 -3.48060993487236,43.0648431087185,701.0818 -3.48070506915591,43.0647864470286,701.103000000003 -3.48085334507668,43.0647011196855,701.007199999993 -3.48122508231429,43.0644137042616,700.833899999998 -3.48131359511587,43.0643400269997,700.772299999997 -3.48151937129968,43.064171131804,700.368799999997 -3.48177384605338,43.0638998097171,699.705900000001 -3.48188599532672,43.0637529585675,699.236099999995 -3.4820836408589,43.0635512897661,698.783599999995 -3.48233501462822,43.0633989910827,698.289999999994 -3.48237700727447,43.0633790419446,698.298200000005 -3.48249049863084,43.0633124056333,698.202499999999 -3.48257456926336,43.0632657184311,698.026500000007 -3.48297731993784,43.063078885915,697.266300000003 -3.48324285834255,43.0629962405122,696.437000000005 -3.48346196103361,43.0629225635158,695.9326 -3.48353941018413,43.0629010220068,695.890799999994 -3.48388239773941,43.0628165321216,695.418000000005 -3.48409035233778,43.0627716054338,695.242599999998 -3.4842363654024,43.0627430229258,695.268700000001 -3.4844444044424,43.0627035442581,695.173699999999 -3.4846922568158,43.0626532527618,695.294699999999 -3.4848427120495,43.0626280233179,695.187300000005 -3.48513037865462,43.0625687631914,695.213399999993 -3.485367167377,43.0625328048969,695.5573 -3.48556187901143,43.0625040549165,695.403900000005 -3.48582523900162,43.0624914818413,695.394199999995 -3.48604434169268,43.0624861177573,695.532399999996 -3.48624567480909,43.0624825132605,695.593299999993 -3.48639001161735,43.0624769811583,695.937000000005 -3.4865952838463,43.0624520036679,696.028900000005 -3.48679879717392,43.0624035562204,696.6348 -3.48722811821788,43.0620981192441,697.212700000004 -3.48748041276036,43.0619417969694,697.707399999999 -3.48762642582497,43.0618412139984,698.1924 -3.48772826603208,43.0617747453476,698.462499999994 -3.4878300226959,43.0617118811669,699.052100000001 -3.48798525517026,43.0616258827165,699.255300000004 -3.48830200742763,43.0614800381784,700.678599999999 -3.48831198142224,43.0614729970865,700.703699999998 -3.48875597105647,43.061199998602,700.670400000003 -3.48889913376669,43.0611155930084,700.429199999999 -3.48940808327406,43.0608802291539,700.546100000007 -3.48952760951249,43.0608245732451,700.169200000004 -3.48971125659761,43.0607239904103,699.547900000005 -3.48989951383676,43.0605801567158,698.561100000006 -3.48998358446926,43.0605064800975,698.536399999997 -3.49006547578886,43.0604346470488,698.906799999997 -3.49020042430409,43.0603520013632,698.408200000005 -3.49035314239398,43.0603088344887,698.373099999997 -3.49051022000794,43.0602927410058,698.603000000003 -3.49064525206651,43.0603124384568,697.962700000004 -3.49073594418094,43.060319647049,697.752099999998 -3.49083200103427,43.0603509951931,697.708799999993 -3.49114196382475,43.060430036919,697.856199999995 -3.49123198579601,43.0604260135567,698.158800000005 -3.49134447014093,43.0604220742056,697.733099999998 -3.49153256029343,43.0603771470759,696.824299999993 -3.49173900662044,43.0602800007664,694.866299999994 -3.49193086879885,43.0601489916241,693.373300000007 -3.49206808017027,43.0601040649507,692.4614 -3.49226061249185,43.0600466486797,691.574200000003 -3.49262128607844,43.0600286274458,691.201400000005 -3.49296427363368,43.0600124505336,690.318599999999 -3.4930506071224,43.0600034815902,689.982099999994 -3.49315236288788,43.0599837006841,689.846699999995 -3.49332721007647,43.0598939304179,689.096900000004 -3.49351747864356,43.0598184092985,688.384999999995 -3.49361487668159,43.0597806910383,688.583400000003 -3.49376533191528,43.0596980451276,688.422500000001 -3.49385828688594,43.0597501807576,688.789799999999 -3.494089963296,43.0598859676348,688.546600000001 -3.49431501732583,43.0599759892926,688.692999999999 -3.49443898573334,43.0600039850062,688.883499999996 -3.49458298657173,43.0600510074586,688.648499999996 -3.4946089703413,43.0600609819136,688.695999999996 -3.49482103293547,43.060114039397,688.479399999997 -3.49507399851948,43.0601510033144,687.579800000007 -3.49527801400535,43.0602069945691,687.311799999996 -3.49530600910287,43.0602219978905,687.303899999999 -3.49545001083955,43.0602810069376,686.7503 -3.49551647898405,43.0603001176235,686.751900000003 -3.49562100156059,43.0603359919033,686.674700000003 -3.49571001741874,43.0603759735395,686.634399999995 -3.49574899262398,43.0603889657935,686.4133 -3.49585602958503,43.0604219901941,686.221999999994 -3.49593699923317,43.0604550152332,686.215599999996 -3.49601444748536,43.0604600441055,686.586299999995 -3.49613003461129,43.0604440346738,686.428 -3.49616398104757,43.0604400113123,685.620500000005 -3.49635743504064,43.060355773352,682.683399999994 -3.49647687773577,43.0602911487222,685.415500000003 -3.4966804737084,43.0602192320657,687.874200000006 -3.49694383369856,43.0603198984275,690.857399999994 -3.49712530147078,43.0603378362206,691.8851 -3.49745043590807,43.0603514986063,693.528900000005 -3.49753676939679,43.0604017900217,694.435700000002 -3.4976231864288,43.0604509918724,695.339600000007 -3.49776249356978,43.0605276023911,695.990300000005 -3.49791294880348,43.0605347269466,697.347699999998 -3.49816080207521,43.0605167898675,698.671499999997 -3.49827588524623,43.0605293626913,699.350699999995 -3.49837546259719,43.0605634765377,699.615300000005 -3.49853924433809,43.0605670811473,700.099799999996 -3.49879145623557,43.0605276023911,700.8128 -3.49888659051911,43.0605311223351,700.929199999999 -3.49925841219835,43.0606641436471,701.878800000006 -3.49944599929431,43.0607430169471,702.820999999996 -3.49967599854976,43.060844019149,703.934299999994 -3.49991798402604,43.0609939712234,705.336200000005 -3.50003097232587,43.0611249805292,706.781700000007 -3.50004698120254,43.0612079612144,707.4902 -3.50017002793857,43.0614239627636,708.246299999999 -3.50042299352257,43.0614999866217,708.735199999996 -3.50060496435138,43.0615210252194,709.001099999994 -3.50066129141464,43.0617220233712,709.177299999996 -3.50067235506566,43.0617831272772,709.222099999999 -3.5008361377049,43.0620328243764,709.553700000004 -3.50094233653779,43.0621891470754,709.729699999996 -3.50095784325622,43.0622161362954,709.695999999996 -3.50101090045185,43.0622879692258,709.575200000007 -3.50115699705977,43.0624317188431,708.964300000007 -3.5013760162075,43.0625700206944,708.725999999995 -3.50156854852907,43.0626886242396,708.493000000002 -3.50166376635595,43.0627442804251,708.612299999993 -3.50196467682331,43.0630892792603,709.700599999996 -3.50215938845777,43.0633228829465,710.279899999994 -3.50224354263356,43.0634198616702,710.136599999998 -3.50247144701778,43.0636426527807,710.233699999997 -3.50260421622016,43.0637684650627,710.519700000004 -3.50275467145382,43.0639193393085,710.657000000007 -3.50293169705697,43.064104411691,710.950200000007 -3.50315524281544,43.0643308066709,712.331200000001 -3.50326144164833,43.0644458063663,711.5052 -3.50338314630132,43.064569774779,711.295800000007 -3.50351147333462,43.0647027118546,710.391300000003 -3.50360660851646,43.0648068990853,708.891399999993 -3.50378807628869,43.0649668256246,707.686700000006 -3.5039717242721,43.0651285125711,707.0334 -3.50404037172949,43.0651949808674,706.100699999995 -3.5042638330463,43.0653063765797,705.673800000004 -3.50450724325065,43.06535842803,706.050199999998 -3.50463121165817,43.06535842803,706.202499999999 -3.50495852540835,43.0653249842957,707.103300000002 -3.5054873393616,43.0652585161405,708.453200000004 -3.50577500686501,43.065224401625,708.855200000005 -3.50625520579174,43.0651399123167,710.005900000004 -3.50649643668317,43.0650913810193,710.720000000001 -3.50715584142423,43.0650033711843,712.084900000002 -3.50777107330782,43.0649081525148,713.527700000006 -3.50809662636003,43.0648527483411,714.446100000001 -3.50851924148038,43.064791644213,715.089800000002 -3.50903045384397,43.0647072383137,716.365600000005 -3.50937126208635,43.0646569464922,717.104300000006 -3.50984475598778,43.0645922384525,717.739499999996 -3.5102364421129,43.0645257701591,718.324999999997 -3.5107166410396,43.0644126141522,718.776700000002 -3.51106407076395,43.064342541933,718.831099999996 -3.51139138451413,43.0642814372963,719.057199999996 -3.51155072408596,43.064249167093,719.146900000007 -3.5120264817419,43.0641880630196,719.953099999999 -3.51235178326585,43.064139531625,720.215700000001 -3.51284522605479,43.0641143861428,721.107699999993 -3.51326566186225,43.0640873964459,721.745299999995 -3.51346707942032,43.0640766679003,721.023000000001 -3.5135090720666,43.0640460737819,721.477199999994 -3.51363748354149,43.0639706365332,720.676500000001 -3.51370152084485,43.0639401263686,720.553599999999 -3.51396923856246,43.0638772624394,720.579599999997 -3.51442068780681,43.0637748351484,720.313500000004 -3.51464859219103,43.0637424813279,720.451000000001 -3.51478136139338,43.0637227836662,720.359899999996 -3.51516860534942,43.0636814607564,720.466199999995 -3.51531025978825,43.0636310853989,720.134300000005 -3.5154053940718,43.0635790337946,719.461899999995 -3.51580152326433,43.0634299202408,718.453200000004 -3.51616437526545,43.0633508784445,717.812900000004 -3.51636788769475,43.0632935465964,717.409499999994 -3.51657148456571,43.0632198693009,716.584199999998 -3.51697867740926,43.0631174428805,715.9617 -3.51736810067819,43.0630581825708,715.561499999996 -3.51739022887859,43.0630564223432,715.586299999995 -3.51744554893042,43.0630564223432,715.782099999997 -3.5178527426723,43.0629665686301,715.311000000002 -3.51837719799977,43.0628677456045,714.979999999996 -3.51853201185921,43.0627421848116,713.614000000001 -3.51867358185642,43.0627296117853,713.767000000007 -3.51875773603224,43.0627277681963,714.078099999999 -3.51893912026114,43.0627260079592,714.426000000007 -3.51931094194038,43.0627134349295,715.105599999995 -3.51961629457682,43.062704131004,715.363599999997 -3.51997034668144,43.0626951624543,716.143400000001 -3.52043503888971,43.0626825894183,716.612800000003 -3.52057669332854,43.0626843496566,716.850300000006 -3.52086880210274,43.062652079269,716.681400000001 -3.52097726469015,43.0626430267032,716.720300000001 -3.52110559082512,43.0626359023927,716.453399999999 -3.521587969963,43.0625765582654,716.440400000007 -3.5218203165163,43.0625496525563,716.238700000002 -3.52193506461574,43.0625370794904,716.158100000001 -3.5227007508347,43.0625136942505,716.545700000002 -3.52371420678202,43.062533475653,717.7163 -3.52427411861379,43.0625388397329,718.257800000007 -3.52450998476638,43.062545964711,718.418999999994 -3.52463202538929,43.0625599619827,718.611600000004 -3.52478801244848,43.0625599619827,718.656799999997 -3.52487904053286,43.06255803438,718.685100000002 -3.52532529302327,43.0625814202592,719.528099999996 -3.52549787645737,43.0625922324188,719.591100000005 -3.52589836337732,43.0625903888256,719.675000000003 -3.5259249337468,43.0625903888256,719.665900000007 -3.52630999838996,43.0625958369091,719.660499999998 -3.52654452425615,43.0625903888256,720.1106 -3.52706680116905,43.0626209823578,721.303899999999 -3.52733233957377,43.0626335554064,721.536399999997 -3.52746217487842,43.0626423566046,721.805600000007 -3.52770558598107,43.0626531687534,722.246599999999 -3.52802426512475,43.0626621379655,722.646599999993 -3.52832517559211,43.0626728667587,723.286800000002 -3.52865274087055,43.0626621379655,723.788100000005 -3.52914174059211,43.062647720675,724.434999999998 -3.5293763500016,43.0626764705879,725.278000000006 -3.52953560692842,43.0626908878718,725.584199999998 -3.52991186987845,43.0626800750733,726.3027 -3.53019953738186,43.062669262273,726.653300000005 -3.53032560066064,43.0626605450871,726.844100000002 -3.53059113996369,43.0626407637256,727.129799999995 -3.53075265884841,43.0627180448875,727.485400000005 -3.53092080011339,43.0628024509003,724.998200000002 -3.53109346709079,43.0627809093491,725.392699999997 -3.53141876861474,43.0628042944871,723.312399999995 -3.5315692238484,43.0628024509003,722.589500000002 -3.53189452537235,43.0628114194343,720.8989 -3.53221538472722,43.0628275962642,719.185500000007 -3.532317141391,43.0628617108009,718.175499999998 -3.53240565419261,43.0629120861342,717.118400000007 -3.53246985948089,43.0629839189056,713.379400000005 -3.53255393011338,43.0631168561386,712.5147 -3.53261369323262,43.0631905329015,715.083299999998 -3.53272869286034,43.0633447596808,716.876900000003 -3.53291460280165,43.0635315926993,718.253500000006 -3.53312482115454,43.0637490187738,720.704500000007 -3.53334166098941,43.0639501848538,722.550399999993 -3.5336138217744,43.0641531944762,723.767399999997 -3.53377098203337,43.0642520167423,724.112200000003 -3.53392998653361,43.0643540245181,724.487399999998 -3.5340490097155,43.0644469798248,724.738899999997 -3.5341899931128,43.0645479818313,725.279699999999 -3.53435000372615,43.0646629817755,725.720000000001 -3.53527645604159,43.0652876848532,727.255699999994 -3.5363331622766,43.0660019067581,729.551800000001 -3.53724603565822,43.0666531811625,730.944000000003 -3.53781030521744,43.0670753772298,730.307100000005 -3.53790434984454,43.0671966634108,730.326000000001 -3.53808506393023,43.0675737652194,730.534400000004 -3.53833400685841,43.0685978665476,733.684500000003 -3.53934645669261,43.0696488730579,735.622199999998 -3.54035890652685,43.0704977923293,738.589099999997 -3.54110573441304,43.0717643816111,741.067599999995 -3.54186924131911,43.0730984451847,743.038400000005 -3.54245010725317,43.0738529839851,749.731 -3.54288160761002,43.0741359573452,752.413400000005 -3.54463988011559,43.074860069852,758.808600000004 -3.54504925227204,43.0750307256646,758.131800000003 -3.54546977162286,43.0752957614878,757.141000000003 -3.54596765747918,43.0755966713568,754.147200000007 -3.54610595850708,43.0756819992811,753.2166 -3.54630754315177,43.075803285492,752.505399999995 -3.54676561387807,43.0759299363395,752.444699999993 -3.54699796043137,43.076037727216,752.6777 -3.54725025587217,43.0762209559164,753.348400000003 -3.54748922390741,43.0763745961048,754.016799999998 -3.54764856437757,43.076466210348,754.471300000005 -3.5478277692936,43.0765848139096,754.704500000007 -3.54792072426426,43.0766494384233,754.914499999999 -3.54803689799005,43.0767707246879,755.275999999998</coordinates>
</LineString>
</Placemark>
</Folder>
</Document></kml>
