<?xml version="1.0" encoding="UTF-8"?>

<kml xmlns:xsd="http://www.w3.org/2001/XMLSchema" xmlns:gx="http://www.google.com/kml/ext/2.2" xmlns:atom="http://www.w3.org/2005/Atom" xmlns="http://www.opengis.net/kml/2.2">
<Document>
<name>ES11a_02a_guenes-nava_de_ordunte</name>
<visibility>1</visibility>
<Schema name="ES11a_02a_guenes-nava_de_ordunte" id="kml_schema_ft_ES11a_02a_guenes-nava_de_ordunte">
<SimpleField type="xsd:string" name="id">
<displayName>id</displayName>
</SimpleField>
<SimpleField type="xsd:string" name="nombre">
<displayName>nombre</displayName>
</SimpleField>
<SimpleField type="xsd:double" name="longitud">
<displayName>longitud</displayName>
</SimpleField>
<SimpleField type="xsd:string" name="_formato">
<displayName>_formato</displayName>
</SimpleField>
</Schema>
<Folder id="kml_ft_ES11a_02a_guenes-nava_de_ordunte">
<name>ES11a_02a_guenes-nava_de_ordunte</name>
<Placemark id="kml_1">
<name>&lt;img height='20' src='https://nco.ign.es/iconos/icono_todos_caminos_azul.png' /&gt;&lt;img height='20' src='https://nco.ign.es/iconos/Camino Santiago_20.png' /&gt;&lt;img height='20' src='https://nco.ign.es/iconos/icono_todos_caminos_azul.png' /&gt;  Camino de Santiago </name>
<visibility>1</visibility>
<description><![CDATA[<!DOCTYPE html>
<html>
<head>
<style>
#nco {
  border-collapse: collapse;
  overflow:hidden;
}
#nco th, #nco td {
  padding: 4px;
  text-align: left;
}
#nco th {
  color: #364B5F;
  padding-right: 5px;
}
#nco td {
  color: rgb(51, 51, 51);
  font-size: 12px;
  padding-right: 5px;
}
</style>
</head>
<body>
<table id="nco">
<tr>
<td>Caminos del Norte</td>
</tr>
<tr>
<th><b>Camino: </b></th>
<td>ES11a Camino Olvidado</td>
</tr>
<tr>
<th><b>Etapa: </b></th>
<td>02a Güeñes-Nava de Ordunte</td>
</tr>
<tr>
<th><b>Longitud: </b></th>
<td>22.87 km</td>
</tr>
</table>
</body>
</html>]]></description>
<Style>
<IconStyle>
<scale>0.8</scale>
</IconStyle>
<LabelStyle>
<color>ffffffff</color>
<scale>0.75</scale>
</LabelStyle>
<LineStyle>
<color>ffff0000</color>
<width>3.0</width>
<gx:labelVisibility>1</gx:labelVisibility>
</LineStyle>
<PolyStyle>
<color>66ff0000</color>
</PolyStyle>
</Style>
<ExtendedData>
<SchemaData schemaUrl="#kml_schema_ft_ES11a_02a_guenes-nava_de_ordunte">
<SimpleData name="id">ES11a_02a</SimpleData>
<SimpleData name="_formato">kml</SimpleData>
</SchemaData>
</ExtendedData>
<LineString>
<extrude>0</extrude>
<tessellate>1</tessellate>
<coordinates>-3.09543298522544,43.2115730179409,73.7421000000031 -3.09543198001066,43.2115880214897,73.3402999999962 -3.09542803999982,43.211607970128,72.8151000000071 -3.09542896256961,43.2116330321138,72.3317999999999 -3.09542896256961,43.21164703,72.1745999999985 -3.09543097389754,43.2116580102854,72.0478000000003 -3.09544396623149,43.2117209581654,72.4002000000037 -3.09541697634877,43.2118389755263,74.0828000000038 -3.09542200511772,43.2118490339364,74.3748999999953 -3.09542896256961,43.2119109759757,76.8689000000013 -3.09544002622066,43.2119930347263,77.1561999999976 -3.09544296011838,43.212063023712,77.0158999999985 -3.09544203844689,43.212157990584,77.0344000000041 -3.0954889763188,43.2122889998554,76.8166000000056 -3.09553197597649,43.2123790213451,76.8217000000004 -3.09554697963838,43.2124370241101,76.9744999999966 -3.09552501852464,43.2125169877379,77.117499999993 -3.0955049860938,43.212540038084,77.1499999999942 -3.09549501209919,43.2125670278041,77.2133999999933 -3.09551998975565,43.2126019800762,77.3059000000067 -3.0955990307209,43.2127059994019,77.5402999999933 -3.09570699025174,43.2128100192048,78.3515000000043 -3.0957990235509,43.212914960655,80.6554999999935 -3.09581402721279,43.2129619828616,79.1315999999933 -3.09587898708593,43.2130280320372,78.278999999995 -3.09604503258135,43.2130270264121,78.1205000000045 -3.09616397132159,43.2130120232174,78.0436999999947 -3.09622297985599,43.2130110169373,78.0626000000047 -3.09639397057707,43.2129909843011,78.148199999996 -3.09652003475414,43.2130110169373,78.2597999999998 -3.09658097107312,43.2130039762501,78.2902999999933 -3.09676302634354,43.2130219976318,78.6830999999947 -3.09677702389228,43.2130189801016,78.7116999999998 -3.09693502227941,43.2130240088821,78.7633999999962 -3.09697600971087,43.2130150400933,78.7909999999974 -3.09709101023693,43.213020991352,78.9440000000031 -3.09719603497175,43.2130370008241,79.2305999999953 -3.0973319896001,43.2130339832946,79.4717999999993 -3.09740097302741,43.2130309657649,79.6266999999934 -3.09756098274243,43.2130009587189,79.7501000000047 -3.09768998081723,43.2129869611435,79.7853000000032 -3.09787999875433,43.2129899786754,80.113400000002 -3.09793003850891,43.212988972395,80.1517000000022 -3.09800002715104,43.2129850330395,80.2505999999994 -3.09823497163211,43.2129530140637,80.2188000000024 -3.09827503739212,43.2129540203446,80.2437999999966 -3.09852297420714,43.2129359989428,80.2407999999996 -3.09861199006529,43.2129359989428,80.2165999999997 -3.09881801687906,43.2129359989428,80.2112999999954 -3.09900300604721,43.2129130325487,80.476999999999 -3.09909101579224,43.212910015013,80.6842000000033 -3.0993040000579,43.2128769903703,80.8062000000064 -3.09936996514583,43.2128690278422,80.8800999999949 -3.09959602528877,43.2128209992808,80.9063000000024 -3.09971001970168,43.2128270343608,81.4342000000033 -3.09979199456461,43.2128289618151,82.0213999999978 -3.09983197588296,43.2128209992808,81.9269000000058 -3.10001595893799,43.2127889802188,81.837400000004 -3.1001010347853,43.2127970272144,82.3209000000061 -3.10029197439389,43.2127889802188,82.4763999999996 -3.10035400126761,43.2127930040441,82.6236999999965 -3.10059296930288,43.2127680256827,81.9627999999939 -3.10068399648893,43.2127899865025,82.126099999994 -3.10082104077372,43.2128449713377,82.6459999999934 -3.10086898475875,43.2128540239539,82.5902999999962 -3.10108901001962,43.212853018326,82.6855999999971 -3.10118900598546,43.2128579633179,82.8819999999978 -3.10129797073112,43.2128810135351,83.7697999999946 -3.10133300682381,43.2128850373543,84.0216999999975 -3.1013660315886,43.2128889767162,84.4057999999932 -3.10158396107992,43.2128619871386,85.2302999999956 -3.10165596194824,43.2128599752283,85.6214999999938 -3.1016950215951,43.2128570414923,85.8013000000064 -3.10188797342992,43.2128619871386,86.4465999999957 -3.10196198562618,43.2128700334699,85.6683000000048 -3.10212803112164,43.2128830254447,84.8997999999992 -3.10221101119936,43.2128749784604,84.8215000000055 -3.10242801901918,43.2128859591794,84.8242000000027 -3.1025619614213,43.2129009624052,84.9131999999954 -3.10263203450506,43.212909009386,84.9119000000064 -3.1026620418288,43.2129169719088,84.9303999999975 -3.10277796312801,43.2129209957257,84.9297999999981 -3.10282800378089,43.2129159662819,84.9158000000025 -3.10286303987362,43.2129069974772,84.8907999999938 -3.10298499695323,43.2129009624052,84.8420000000042 -3.10310603146302,43.2128899823436,84.8248000000021 -3.10322396498847,43.212901968687,84.7961000000068 -3.10324097997826,43.212901968687,84.7900999999983 -3.10329898239955,43.2129039799413,84.7839999999997 -3.10348698900871,43.2129280364225,84.9878000000026 -3.10373098581293,43.212914960655,84.5684000000037 -3.10391002364231,43.2129009624052,84.2967000000062 -3.10393902485294,43.2129120269217,84.4073000000062 -3.1039780009565,43.212914960655,84.4183000000048 -3.10419400266318,43.2129270301411,84.8698000000004 -3.10443699335428,43.2129049862231,84.8104000000021 -3.1046120076295,43.21291102064,86.5378999999957 -3.10484795822372,43.2128660103044,84.645199999999 -3.10500998016501,43.2128540239539,84.5068000000028 -3.10502699605309,43.2128550295818,84.5801000000065 -3.10509103335645,43.2128570414923,84.6637000000046 -3.10532002739711,43.2128459776205,84.204700000002 -3.10548297100986,43.2128660103044,84.6524000000063 -3.10556603552924,43.2128560358644,83.7213000000047 -3.1056579852851,43.2128650040219,83.9554999999964 -3.10570701982487,43.2128579633179,83.6272000000026 -3.10595998540888,43.2127909921315,82.645199999999 -3.10612502479118,43.2127579674243,82.6633000000002 -3.10616299478163,43.2127479929667,82.6496999999945 -3.10644797991562,43.2126530257039,82.4060000000027 -3.1066209819646,43.2125709671866,82.3960999999981 -3.10678996135777,43.2124999724955,82.6909000000014 -3.10683296101547,43.2124989668616,82.7909999999974 -3.10705298537802,43.2124159856501,83.2402000000002 -3.10714099512302,43.2123689630226,83.7700999999943 -3.10732598429116,43.2122679613444,83.5495999999985 -3.10733897572679,43.2122579868066,83.4900999999954 -3.10754399732578,43.212157990584,83.4342999999935 -3.10768699294934,43.2119829763401,82.8110000000015 -3.10772798038081,43.2119399772603,82.7590000000055 -3.10778799502829,43.2118610198296,82.1747000000032 -3.1079429759744,43.2118200326086,82.8809999999939 -3.10795898574937,43.2118160093738,82.902700000006 -3.10804498416647,43.211774015822,82.8488999999972 -3.10806501659731,43.2117529771333,82.8218000000052 -3.10815202112752,43.2117060384532,82.6984999999986 -3.10820499477983,43.2116630391781,82.551999999996 -3.10842501914237,43.2115819862871,82.4869999999937 -3.10846600657384,43.2115710059881,82.531799999997 -3.10855896244282,43.2115119974042,82.3218000000052 -3.10871000427636,43.2114410027897,82.0963000000047 -3.10885400511471,43.2113840060392,82.3377999999939 -3.10889197510516,43.2113499755721,81.8601000000053 -3.10894302097286,43.2113369832707,81.9409000000014 -3.10902801327684,43.211318040197,81.7485000000015 -3.10908299915537,43.2113030365818,81.5338000000047 -3.10925499509124,43.2113130112758,82.2737000000052 -3.1093020174048,43.2113199683538,82.5097999999998 -3.10944702435627,43.2113219796602,82.4933000000019 -3.10955397777399,43.2113489692647,83.1196000000054 -3.10978498314256,43.2114109956162,83.6037999999971 -3.10993099620717,43.21145500072,83.8074999999953 -3.10998698730053,43.2114730219047,83.7455999999947 -3.11025101653556,43.2115130030543,83.4943000000058 -3.11035595862538,43.2115359699756,83.7462999999989 -3.1104019748258,43.2115359699756,83.6998000000021 -3.11054899400349,43.2115270009679,83.1628000000055 -3.11073800582748,43.2116200405274,83.9486000000034 -3.11087395955753,43.2116870116902,83.9637999999977 -3.11106498360775,43.2117549890802,83.3693999999959 -3.1111049649261,43.2117750214677,83.383799999996 -3.11120999055925,43.2118330241523,83.0298000000039 -3.11129800030425,43.2118959725064,83.4003999999986 -3.11131803363342,43.2119099703323,83.6664000000019 -3.11154199800677,43.2119460124274,83.354800000001 -3.11165599152137,43.2119579983017,84.0733999999939 -3.11175095871829,43.2119549813735,84.2872999999963 -3.11181801346267,43.2119500356536,84.400999999998 -3.11193896442916,43.211936037837,84.527700000006 -3.11206796250395,43.211933020253,84.9278999999951 -3.11218597957273,43.2118620254739,82.4364999999962 -3.1122979617594,43.2118500395809,82.0455999999976 -3.1126189882009,43.2118020115264,84.7676999999967 -3.11274999760363,43.211666978619,84.459600000002 -3.11288000089324,43.2115910390907,85.203800000003 -3.11292098832471,43.2115620376403,85.1445999999996 -3.11295703053052,43.2115249896683,83.854600000006 -3.11300799285492,43.2114720155992,82.2917000000016 -3.1130929851589,43.2114330400742,81.7473000000027 -3.11314201880037,43.2113550044903,81.4088999999949 -3.11315702246223,43.2111069842467,81.1333000000013 -3.1131710209093,43.2110359891608,81.1811000000016 -3.11314503624139,43.2108860372636,81.1408999999985 -3.11316498512893,43.2107759828251,81.1572000000015 -3.11321100222764,43.2106719634813,81.8375999999989 -3.11326095843893,43.2105049955448,81.9881000000023 -3.11328995964956,43.2104469929067,82.063599999994 -3.11326598720788,43.2103510203202,82.7958000000071 -3.11320102733474,43.2102739903318,81.1698000000033 -3.113162973801,43.2102510242446,81.3059000000067 -3.11313699003139,43.2101900036947,81.4906999999948 -3.11314101358555,43.2101210208516,81.3794999999955 -3.11313103869265,43.2100470082502,81.116200000004 -3.1131710209093,43.2100239582714,82.7151000000013 -3.11321703710975,43.2099559809163,84.0782000000036 -3.11325601321328,43.2099080364861,84.3178999999946 -3.11334201163037,43.2098109742217,84.1946000000025 -3.11346396781165,43.2096740139353,83.2513000000035 -3.11353001734124,43.209658004235,83.2626000000018 -3.11350897879729,43.2094440145328,83.4876999999979 -3.1135099849104,43.2094330338488,83.4997000000003 -3.11354996622875,43.2092560082679,83.414300000004 -3.11363001330711,43.2091120069083,82.5666000000056 -3.11372397439088,43.2089700179022,82.7927000000054 -3.1137430016069,43.2089580314408,82.7473000000027 -3.11384098624484,43.2088850250857,82.7479000000021 -3.11401499440693,43.2088179703121,82.7914000000019 -3.11422496123157,43.2087840235307,82.9716000000044 -3.11450902379577,43.2087280319574,83.1132000000071 -3.11452603878556,43.2087250148694,83.1119000000035 -3.11457398366891,43.2087280319574,83.113400000002 -3.1146179885414,43.2087179736874,83.0878999999986 -3.11471303928161,43.2086800040634,83.1425000000017 -3.11486299145873,43.2086100151242,83.0858000000007 -3.11497296231751,43.2085830249624,83.1658000000025 -3.11517597169026,43.2084879746083,83.3037999999942 -3.11534796852442,43.2084100229932,83.5121000000072 -3.11554200911739,43.2083650119548,83.9130000000005 -3.11563597020116,43.2083260364086,84.4462000000058 -3.11575097072722,43.2083039914823,84.9210000000021 -3.11588197923162,43.2083400337442,84.8171000000002 -3.11613704058519,43.2084230146086,85.1296000000002 -3.11631800619917,43.208474982352,85.349000000002 -3.1163900061692,43.2084800115072,85.2955999999976 -3.11659301644025,43.208532985556,85.2888999999996 -3.11670198118587,43.2085370083526,85.1009000000049 -3.11686098568611,43.2085919937483,85.2915000000066 -3.11698797153468,43.2086550259818,85.2786999999953 -3.11721797079013,43.208729960196,85.9223000000056 -3.1172749679966,43.2087629844654,85.9489000000031 -3.11744797004561,43.2087769823555,85.9459999999963 -3.11754402689894,43.2088169639629,85.9035000000003 -3.1175609583454,43.2088359909665,85.8977000000014 -3.11758903788454,43.2088329738838,85.8945999999996 -3.11765098031666,43.2088300399542,85.9066000000021 -3.11779104204251,43.2088509945338,85.7866000000067 -3.11790696334169,43.2088479774519,85.2826000000059 -3.11793303155293,43.2088430321349,85.0930999999982 -3.11797401898439,43.2088459654091,85.0123000000021 -3.11798902264628,43.2088459654091,84.9599000000017 -3.11822899589634,43.2088789902704,84.8212000000058 -3.11849696604053,43.2088520002277,84.2253999999957 -3.11859796722119,43.208842025786,84.1426999999967 -3.11871003384952,43.2088339795781,84.4082999999955 -3.11880600626119,43.2088140306872,84.3993000000046 -3.11895797066454,43.2087319715878,83.5350000000035 -3.11908596172793,43.2086940019726,84.0889000000025 -3.11923197479251,43.208658965617,84.8738000000012 -3.11926399344419,43.2086430394584,84.8249999999971 -3.11944403648838,43.2085690276826,84.957899999994 -3.11953196269009,43.2085159698568,85.0142000000051 -3.11965702075404,43.2084429636274,85.1894999999931 -3.11971804151465,43.2083589770881,84.8285999999935 -3.11984301513698,43.2082690393661,85.1030000000028 -3.11992096734407,43.2082110365659,85.2465999999986 -3.11996497221659,43.2081810291127,85.3993999999948 -3.120010988417,43.2081299836707,85.3920000000071 -3.12001802941222,43.2081090288433,85.3769999999931 -3.12003001563306,43.2080820391147,85.3764999999985 -3.12017996781015,43.2078890033768,85.4039000000048 -3.12023897634455,43.207826977372,85.4676999999938 -3.12023998245767,43.2078249659503,85.4689999999973 -3.12030603198726,43.2077669633826,85.5241999999998 -3.12038197196809,43.2077060267759,85.6416999999929 -3.12039798084479,43.2076979804181,85.7063999999955 -3.12048900892914,43.2075750174816,85.8601999999955 -3.12060199633063,43.207483990387,86.0804000000062 -3.12072001429774,43.2074060381437,86.1785999999993 -3.12080400048857,43.2073630391109,86.2333000000071 -3.12089402245983,43.2073190343286,86.2485000000015 -3.12101799086735,43.207264971005,86.0734999999986 -3.12112603304322,43.2072440165353,85.9397000000026 -3.12122703512217,43.2072290125727,85.8643000000011 -3.12141898084387,43.2071639687317,86.5175000000017 -3.12149802180912,43.2071170304484,86.4622999999992 -3.12153096303058,43.2071120011808,86.4646999999968 -3.12164998621247,43.2071069719128,86.4495000000024 -3.12171997485456,43.2071010207318,86.4885000000068 -3.12184997814414,43.2070870231118,86.459600000002 -3.12190203012499,43.2071089840129,86.5342999999993 -3.12191401634583,43.2071130069034,86.5139000000054 -3.12192801389457,43.207118036171,86.4939000000013 -3.12194000011541,43.2071239873503,86.4784000000072 -3.12199498509565,43.2071460320482,86.4591999999975 -3.1222490403361,43.2071570118344,86.7978000000003 -3.12230402621464,43.2071550003906,86.7381000000023 -3.12245498450487,43.2071860134151,86.7945000000036 -3.1224920319255,43.2072059621837,86.8441000000021 -3.12252899670113,43.2072190378656,86.8322999999946 -3.12257300157362,43.2072359694618,86.8110000000015 -3.12275103328991,43.2073559984264,87.5497000000032 -3.12282496104451,43.2074160128202,87.713499999998 -3.12285102925575,43.207447025712,87.7492999999959 -3.12294901389368,43.2075310128522,87.5923000000039 -3.12310097739871,43.2076010017201,87.0752000000066 -3.12313299605038,43.2076300030898,86.8439999999973 -3.12322896936038,43.207736033808,86.5761999999959 -3.12324103912455,43.2077620179779,86.7265999999945 -3.12330096933041,43.2078389634009,86.6630000000005 -3.12339702618374,43.2080220247214,87.017200000002 -3.12341496374335,43.2080879902,87.5786999999982 -3.12344698239503,43.2081220205228,87.4198000000033 -3.12344497106709,43.2081699650474,87.7690000000002 -3.12345704083126,43.2081830405226,87.8053000000073 -3.12350003959063,43.2082540356556,87.9018999999971 -3.12355997069482,43.2083159780723,88.0675000000047 -3.12358796579233,43.2083439733997,88.1981999999989 -3.12372903363129,43.208499038616,88.6106 -3.12374797640569,43.2085349969543,88.6831999999995 -3.12385995859236,43.2086449676998,88.846000000005 -3.12390496957799,43.2087029700874,89.0350999999937 -3.12409498751509,43.2088019603872,89.4112000000023 -3.12422599601952,43.2088349852723,89.5878999999986 -3.12425198068743,43.2088329738838,89.5960999999952 -3.12434300787348,43.2088469711031,91.9998000000051 -3.12436396287411,43.2088499888398,92.6310999999987 -3.1244499612912,43.2088860307791,91.4134000000049 -3.12446395883998,43.2088919824407,90.9272999999957 -3.12449002615288,43.2089029625673,90.2229999999981 -3.12450100626061,43.2089079916872,89.9640000000072 -3.12451500470767,43.2089120151138,89.6058000000048 -3.12456496091893,43.2089509909404,90.1968000000052 -3.12457401324205,43.2089639824406,90.3622000000032 -3.12466403431498,43.2090890410384,90.650999999998 -3.12466998565375,43.2091020325091,90.6946000000025 -3.12477601650169,43.2092249949863,90.3334999999934 -3.12479102016354,43.2092539968933,90.3035999999993 -3.12481197516417,43.2093219737214,90.3171000000002 -3.12481298127728,43.2093679903938,90.4762000000046 -3.12481801004627,43.2094359677495,90.5142999999953 -3.12481801004627,43.2094689922913,90.5007999999943 -3.12485296259567,43.2095170208735,89.8494999999966 -3.12487400113959,43.2095699946763,89.4204999999929 -3.12485204092418,43.209669990559,89.4992999999959 -3.12483401982124,43.2096859996013,89.517200000002 -3.12481901615938,43.209703014974,89.642399999997 -3.12480300638438,43.2097259812676,89.8317999999999 -3.12480904126645,43.2097829782581,89.4899000000005 -3.12478297395354,43.2098829744463,89.1970000000001 -3.12475003273208,43.2099760138947,89.036500000002 -3.12476696417857,43.210021024399,88.9330999999947 -3.12481298127728,43.2100709807428,88.8597000000009 -3.12486603847292,43.2101169975048,88.8058000000019 -3.12487500725274,43.2101409693151,88.7651000000042 -3.12488900480148,43.2101829626818,88.7045999999973 -3.12498103810064,43.2102950288758,88.7474999999977 -3.12509100895941,43.2103680355074,88.8173999999999 -3.12518295871528,43.2104360124033,88.8469000000041 -3.12520701470025,43.2105009722233,88.8190999999933 -3.12530298711196,43.210646984906,88.789300000004 -3.12532796566675,43.2107090113167,88.7737999999954 -3.12534699198447,43.210742035824,88.7667999999976 -3.125385968088,43.2108000388363,88.754700000005 -3.12545696284325,43.2108860372636,88.7523999999976 -3.12552502370074,43.2109169658955,88.7838999999949 -3.12560498723576,43.2109860329527,88.7786000000051 -3.12566600709807,43.211077982566,88.6453000000038 -3.12566902453909,43.2110830115066,88.6371000000072 -3.12567899943202,43.2111359852588,88.5625 -3.12569299698076,43.2111659925677,88.5166999999929 -3.12572401041762,43.2111949942065,88.4694000000018 -3.12581403149055,43.2112750413031,88.4177000000054 -3.12585895893289,43.211318040197,88.3530000000028 -3.12590396991849,43.2113710137451,88.286500000002 -3.12591000480059,43.2114180364873,88.2915000000066 -3.12591000480059,43.2114199639862,88.2929000000004 -3.12590799257436,43.21143697953,88.3074999999953 -3.12591897358038,43.2114850078719,88.3451000000059 -3.12594504089328,43.2115369756253,88.4081000000006 -3.12601603564853,43.2116809764974,88.5402999999933 -3.12607001541395,43.2117430025113,88.6125000000029 -3.12613598050187,43.2117809728474,88.6609000000026 -3.12630102078251,43.2118809690334,88.9698000000062 -3.12633496721879,43.2118989900922,89.0964999999997 -3.12651903381712,43.2119760199925,89.4170000000013 -3.12664903710673,43.212006026888,89.5577000000048 -3.12667703220425,43.2120200246885,89.5712000000058 -3.12676001318029,43.2120849841309,89.5608999999968 -3.12680804160697,43.2121380421256,89.4645000000019 -3.12684802382362,43.2121650313689,89.4152000000031 -3.12693402134242,43.212237032088,89.3608999999997 -3.12697199133284,43.212304003228,89.3065000000061 -3.12705698453511,43.2123760037831,89.2183999999979 -3.12706100719098,43.2123999760149,89.2259000000049 -3.1271930227068,43.2124510218117,89.2829999999958 -3.1272360214662,43.2124480049079,89.3016000000061 -3.12727198012871,43.21245403937,89.303899999999 -3.12733400610413,43.212462002607,89.3120000000054 -3.12749099927644,43.2125070132408,89.3598999999958 -3.12755302525186,43.2124920099182,89.4431999999942 -3.12769400864919,43.2125210109264,89.5040000000008 -3.12771898720398,43.2125390317961,89.489499999996 -3.12778403062042,43.2125709671866,89.5114000000031 -3.12789802413503,43.2125709671866,89.6312000000034 -3.12792803145881,43.2125609926984,89.6404999999941 -3.12798301733734,43.2125849648575,89.6894999999931 -3.12802098732776,43.2126250303902,89.7163 -3.12806700352821,43.2126329929501,89.7507999999943 -3.12810296219069,43.2126540319899,89.7851999999984 -3.128179991828,43.2126920017588,89.799199999994 -3.12826800157303,43.2127449754228,89.8885000000009 -3.12844603328929,43.2128059960354,89.8791000000056 -3.12861400656932,43.2128779959978,89.0893999999971 -3.12866002276974,43.212897023044,89.0844999999972 -3.12880000095225,43.2129430396379,88.920299999998 -3.12884199449687,43.2129739691909,89.7691999999952 -3.12888398804145,43.2129970193642,89.9973999999929 -3.12892103546208,43.2130090056866,89.8313000000053 -3.12900703387918,43.2130570334453,90.2002999999968 -3.12905900141836,43.2130759766335,90.6316999999981 -3.12916402705148,43.213093997994,89.9903999999951 -3.12934801010651,43.2131659982711,91.1848000000027 -3.12943099108256,43.2131599632247,91.2057999999961 -3.12956803446906,43.2131690157941,91.5182000000059 -3.12959301302382,43.2131749670378,91.5310999999929 -3.1297270398676,43.2131690157941,91.5314000000071 -3.12980297984846,43.2131530063566,91.3803999999946 -3.12985402571616,43.2131769789377,91.4557999999961 -3.12992300824514,43.2132479734955,91.5270000000019 -3.12992803791242,43.2133179623503,91.5142999999953 -3.12993499446598,43.2133229917609,91.4939000000013 -3.13001696932891,43.2133669967945,91.293399999995 -3.13004496532475,43.2133880349264,91.2206000000006 -3.13008897019726,43.2134069780118,91.1416000000027 -3.1301010399614,43.2134300286762,91.1227999999974 -3.13013196895663,43.2134450317682,91.0734999999986 -3.13016599983454,43.21344402615,91.0157000000036 -3.13028896212897,43.2134679986167,90.8414000000048 -3.13035199421751,43.2134870254788,90.7908000000025 -3.13043497519355,43.2134909648018,90.6836000000039 -3.13052097361065,43.2135519853227,90.7290999999968 -3.13057000725212,43.2135550028265,90.6778999999951 -3.13069297044485,43.2136170288986,90.7630999999965 -3.13070302798275,43.2136239857138,90.8126999999949 -3.1307349630911,43.2136229800985,90.7832000000053 -3.13079900129275,43.2136109938968,90.6267999999982 -3.13083202605754,43.2135990076927,90.5825000000041 -3.13089396848967,43.2135870214863,90.5457000000024 -3.13094400824425,43.2136109938968,90.5353999999934 -3.13101399688634,43.2136349656432,90.5806000000011 -3.13113897140697,43.2136470356414,90.5727000000043 -3.1311920286026,43.2136620393347,90.5769 -3.13128699579949,43.2136560043374,90.5578999999998 -3.13134600433389,43.2136809823351,90.5500000000029 -3.13142898530994,43.2137089784735,90.5739999999932 -3.13157902103039,43.2137770393749,90.5353000000032 -3.13162797112853,43.2137870136642,90.5476999999955 -3.13167599955518,43.2138050348146,90.5813999999955 -3.13172101054081,43.2138119916082,90.5999000000011 -3.13179996796272,43.2138280008728,90.6153999999951 -3.13187004104645,43.2138499619656,90.6324000000022 -3.13189703003084,43.2138529794547,90.6563000000024 -3.13197799967899,43.2139050309554,90.7474999999977 -3.13203499688546,43.2139079646409,90.8298000000068 -3.13204295955213,43.2139320207261,90.8755999999994 -3.13212099440422,43.2139770315844,91.0935999999929 -3.13215401916902,43.2139720022277,91.1251999999949 -3.13222501392422,43.2140170130565,91.3484999999928 -3.13231796979321,43.2139419949901,91.2305999999953 -3.13238100188175,43.2139900233234,91.4118000000017 -3.13242400064115,43.2140429971693,91.591499999995 -3.13244596085656,43.2140760218354,91.8806000000041 -3.13246498807261,43.2141040171378,92.3824000000022 -3.13252097916593,43.2141659595056,92.8126999999949 -3.13254201770989,43.2141569908847,92.6160999999993 -3.13255903269971,43.2141529678041,92.4550000000017 -3.13257697025929,43.2141480222625,92.2682000000059 -3.13259599747534,43.2141379642317,92.0347000000038 -3.13261502379303,43.2141269837381,91.9137999999948 -3.13263002745492,43.2141220381944,91.857799999998 -3.13271401454408,43.2140930366381,91.682799999995 -3.13271803809825,43.2140989877916,91.6800999999978 -3.13276003074453,43.2141399754451,91.9303999999975 -3.13277997963204,43.2141439991813,91.9425000000047 -3.13293403980496,43.2141149976354,91.5866999999998 -3.13315297451106,43.2140719980948,91.5638000000035 -3.13322396926627,43.2140650413307,91.618100000007 -3.13331499735065,43.2141060290071,91.5224000000017 -3.13341197587543,43.2142310030815,91.7504999999946 -3.13343502574732,43.2142379598266,91.7758000000031 -3.13345799207588,43.2142389660864,91.7737000000052 -3.13348297063067,43.2142399716914,91.8003999999928 -3.13350803183047,43.2142389660864,91.8169999999955 -3.13353099815903,43.2142370380219,91.8160000000062 -3.13357600914466,43.2142159995282,91.710500000001 -3.13363099502319,43.214204013443,91.6658000000025 -3.13374096498363,43.2141800412656,91.6543999999994 -3.13384800194469,43.2141750119257,91.6910000000062 -3.13385303161197,43.2141669651119,91.6765000000014 -3.13398697401409,43.2141330186888,91.6750000000029 -3.13399996634804,43.2141259781312,91.6735000000044 -3.13422895949038,43.2140760218354,91.7271000000037 -3.13432996156933,43.2140289991784,91.7489999999962 -3.13433398512349,43.2139880114502,91.7351000000053 -3.13434597134433,43.2139760253202,91.7513999999937 -3.13436198022101,43.2139350382112,91.8206000000064 -3.13462701646748,43.2138780411727,92.0157000000036 -3.13487503682587,43.2138750236848,92.2958000000071 -3.13502498900299,43.2140249760893,92.5758999999962 -3.13503798133694,43.2140229642174,92.5954000000056 -3.13507603487069,43.2140070388048,92.633600000001 -3.13511501097422,43.213987005841,92.6791999999987 -3.1351470296259,43.2139809708758,92.7143999999971 -3.13523403325781,43.2139580042205,92.8236000000034 -3.13541298754386,43.2139219620049,93.0982999999978 -3.13546897863722,43.2139239738802,93.2232999999978 -3.13549102239596,43.21391902832,93.2476000000024 -3.13562002047078,43.2139069583756,93.5528999999951 -3.13563996935829,43.2139119877376,93.6664000000019 -3.13573602621162,43.2138870098346,93.8185999999987 -3.13583996129,43.2138300127512,93.6431000000011 -3.13584901361312,43.2138209602799,93.6051000000007 -3.13585999461914,43.2138109859961,93.5739000000031 -3.1359090282606,43.2138000054437,93.6472000000067 -3.13593098937435,43.213797994219,93.6875 -3.1359459921379,43.21379397046,93.6785999999993 -3.13615302596312,43.2136969922887,93.4364999999962 -3.13621303971231,43.2137020210133,93.5280000000057 -3.13627799958545,43.213692968523,93.6110999999946 -3.136401967993,43.2136320325992,93.5320000000065 -3.13644102763986,43.2136160226286,93.4909000000043 -3.13645795908632,43.21360596451,93.4345999999932 -3.13647204107672,43.2135919670734,93.4026000000013 -3.13648603862549,43.2135769633629,93.3717000000033 -3.13650297007195,43.2135649771522,93.3497999999963 -3.13652199728797,43.2135570140592,93.3426999999938 -3.1365410236057,43.2135550028265,93.3570000000036 -3.13655896116531,43.2135529909391,93.3745999999956 -3.13657597615509,43.2135509790515,93.3907000000036 -3.13660698959195,43.213544022228,93.4205999999976 -3.13663599080258,43.213537987219,93.4581999999937 -3.13665501801864,43.2135339640975,93.4747000000061 -3.13667303912154,43.2135270072721,93.4630999999936 -3.13668896445488,43.2135180385573,93.4369000000006 -3.13670296200366,43.2135089860397,93.4306999999972 -3.13671302043989,43.2134990117049,93.4180000000051 -3.13674202165052,43.2134789785742,93.4609999999957 -3.13675702531241,43.2134720217425,93.4918000000034 -3.13676901153324,43.2134639748359,93.5014999999985 -3.1367820038672,43.2134529948757,93.4998000000051 -3.13679399008804,43.2134420142588,93.5066999999981 -3.13680698152366,43.2134320399131,93.5084000000061 -3.13694100836744,43.2133359836392,94.0491000000038 -3.13695500591618,43.2133270148963,94.1095999999961 -3.13696900346495,43.2133160342566,94.1273999999976 -3.13697998447097,43.2133049704681,94.1333000000013 -3.13700102301493,43.2132909729625,94.2464999999938 -3.13700999089642,43.2132820042129,94.2621000000072 -3.1370150205637,43.2132690123231,94.1402999999991 -3.13702097190244,43.2132550141545,93.9861999999994 -3.13702499455827,43.2132400103611,93.8269 -3.13704301566121,43.2132229953204,93.9088000000047 -3.13705299055411,43.2132120153168,93.8877000000066 -3.13709699542663,43.2131909764695,94.122000000003 -3.13714301252538,43.2131840196049,94.7912000000069 -3.13716497274079,43.2131789901829,95.0626000000047 -3.13719498006456,43.2131739614151,95.4910999999993 -3.1372089776133,43.2131680101714,95.6456000000035 -3.13724703114705,43.2131270225192,95.5727999999945 -3.137260023481,43.2130970155205,95.4067000000068 -3.13726304092205,43.213078994161,95.1775000000052 -3.13726597481977,43.2130619790753,94.9550000000017 -3.13733403567726,43.2130250151619,95.4516000000003 -3.13735197323687,43.213020991352,95.6107999999949 -3.13740301910457,43.21299903127,95.9370000000054 -3.13751097773711,43.2129420340114,96.1420999999973 -3.13751902394711,43.2129280364225,96.0604000000021 -3.13752497528585,43.2129130325487,95.9358999999968 -3.13750796029606,43.2128080072928,94.2963000000018 -3.13751298906501,43.2127919977604,94.1342000000004 -3.13752497528585,43.2127820233084,94.1515000000072 -3.13753402760897,43.2127700375961,94.1187999999966 -3.13754299638879,43.2127550336834,94.0314999999973 -3.13755397649648,43.2127420416813,93.9925999999978 -3.13756001137858,43.2127299721587,93.9581000000035 -3.13756998627148,43.2127189914117,93.9349999999977 -3.13770099567421,43.2126090208098,93.876099999994 -3.13780702652215,43.2125179933714,93.8273000000045 -3.13781599530193,43.2125060076072,93.8261000000057 -3.13782596929654,43.2124940211859,93.8301000000065 -3.13790299893382,43.2124279720867,93.8139999999985 -3.13791699738089,43.2124190032102,93.8074999999953 -3.13792797748861,43.2124070174266,93.8024000000005 -3.13793702981173,43.2123940253504,93.7969000000012 -3.13794800991945,43.2123790213451,93.7967999999964 -3.13802101690092,43.2122900054926,93.7966000000015 -3.13809603431197,43.2122539636007,93.8271999999997 -3.13813400430242,43.2122169991976,93.8932000000059 -3.13822603760158,43.2121200204827,93.9311000000016 -3.13827297637182,43.2120699807044,93.9425999999949 -3.13839300566679,43.2119450067845,93.8916999999929 -3.13851999151535,43.2118600141853,93.9703000000009 -3.13860498381933,43.2117419968651,93.8962999999931 -3.13862903980434,43.2117160130813,93.8629999999976 -3.13868603701081,43.2116570046377,93.8377999999939 -3.13882098552604,43.2115170269638,93.8459000000003 -3.13883297174688,43.2115170269638,93.8512999999948 -3.13894595914837,43.2114249935534,93.8638000000064 -3.13909197221296,43.2112870273092,93.9103000000032 -3.13914704163482,43.2112479678614,93.9437999999936 -3.13930596259173,43.2111669982234,93.8059999999969 -3.13931300268862,43.2111580298162,93.8000000000029 -3.13945298087114,43.2109899724374,94.0206000000035 -3.13946798453302,43.2109739630826,94.0446999999986 -3.13955901171907,43.210856029817,94.2583000000013 -3.13961399759761,43.210828034333,94.2627000000066 -3.13968499235282,43.2107499986298,94.4410000000062 -3.13976000976389,43.2106589710355,94.5087000000058 -3.13988297205829,43.2105380201625,94.6251000000047 -3.13995597903976,43.2104869747288,94.6353999999992 -3.14007801966267,43.2103350107976,94.7906999999977 -3.14026099660459,43.2101879923509,94.8690999999963 -3.14027197671231,43.210178017473,94.8418999999994 -3.14034297146752,43.2100999822475,94.8904999999941 -3.14048303319337,43.2099790309208,94.9704000000056 -3.1404950194142,43.2099729962137,94.9682999999932 -3.14055603927651,43.2099360323923,95.0136000000057 -3.14058403527232,43.2098979784107,95.1337000000058 -3.1406080068157,43.2098829744463,95.2758999999933 -3.14067296668884,43.2098040169716,95.3834999999963 -3.14068797035069,43.2097870016269,95.3711999999941 -3.1407120263357,43.2097760216595,95.3926999999967 -3.14072702999756,43.2097539772573,95.4052999999985 -3.14074999632611,43.2097210360217,95.4051999999938 -3.14075703732133,43.2096959745597,95.3668000000034 -3.14077002965529,43.2096669728628,95.3522999999986 -3.14093196805321,43.2095499615646,95.4406000000017 -3.14098896436139,43.2095079684167,95.4875999999931 -3.14110798754328,43.2094209643261,95.5737999999983 -3.14110999887118,43.209402021312,95.5742999999929 -3.1411290260872,43.2093700024193,95.5613000000012 -3.1411799884116,43.2093389891957,95.534799999994 -3.14118996240621,43.2093209680352,95.5237000000052 -3.14122701072513,43.2092639712677,95.4931999999972 -3.14123899694597,43.2092489671472,95.4805000000051 -3.1412840079316,43.2092000171279,95.4795000000013 -3.14136598279453,43.2091359791136,95.5984000000026 -3.14140303021516,43.2090830055885,95.7666999999929 -3.14151601851499,43.2089590371329,95.7958999999973 -3.1415440145108,43.2089229952368,95.8479999999981 -3.14156698083936,43.2088990229478,95.8705999999947 -3.14163696948148,43.2088270222165,95.9434999999939 -3.1416559966975,43.2087970150664,95.9134999999951 -3.14180896631564,43.2087000368062,96.1079999999929 -3.14182396997753,43.2086779920151,96.0844999999972 -3.14188398462502,43.2086130322178,96.0941000000021 -3.14200099558068,43.2085009662071,96.1107000000047 -3.14205296311986,43.2084700370047,96.1499999999942 -3.14207500777694,43.2084520162422,96.1631999999954 -3.14209504020778,43.208436006876,96.1751999999979 -3.14217500374281,43.2083490025658,96.1494999999995 -3.14224398717008,43.2082930112479,96.168399999995 -3.14227902326281,43.2081630082648,95.993100000007 -3.14231296969906,43.2081139742199,95.9977000000072 -3.142330990802,43.2080800270467,95.9679999999935 -3.14234800669008,43.2080240361367,95.899900000004 -3.14232302813532,43.207981958784,95.6579000000056 -3.14231799936634,43.2079180052642,95.3693999999959 -3.14229897215032,43.2078669589473,95.0004999999946 -3.14224298105696,43.207761012266,94.5031000000017 -3.14231498192532,43.2076010017201,94.3886000000057 -3.14234599446385,43.2075030171517,94.4915999999939 -3.14235102413113,43.2074760271549,94.4499000000069 -3.14235303545907,43.2074069607064,94.3000999999931 -3.14245001398389,43.2072330361101,94.6404999999941 -3.1424449852149,43.2071779669887,94.4809999999998 -3.14246501764574,43.2070779709492,94.2611999999936 -3.14250902251826,43.2069959959438,94.4799999999959 -3.14253500628783,43.2069440275952,94.4504000000015 -3.1425820294997,43.2068420203728,94.786500000002 -3.14268403679347,43.2066639887446,94.7207000000053 -3.14268697069119,43.2066359933009,94.6404000000039 -3.1427210006708,43.2065580412834,94.670100000003 -3.14274899666661,43.2065169699614,94.7508999999991 -3.14285603362766,43.2063660116956,95.0126000000018 -3.14291403604895,43.2062299734568,95.100099999996 -3.14291202472102,43.2061999663387,94.817200000005 -3.14291797605979,43.2061540337069,94.5023999999976 -3.1429110186079,43.206113967852,94.0427000000054 -3.14294898859832,43.2059899999099,94.3267000000051 -3.14297497236793,43.2059309911648,94.4072000000015 -3.14302702434874,43.2058729881057,94.892200000002 -3.14311302276584,43.2057559767318,95.5250999999989 -3.14315803375147,43.2056379600413,95.4392999999982 -3.14317898785377,43.2055539729137,95.2595000000001 -3.14322500495251,43.2054610177351,95.5840000000026 -3.14326004104524,43.2054099719812,95.6417999999976 -3.14329599970775,43.2053480298875,95.8407000000007 -3.1433260070315,43.2052730116345,95.8513999999996 -3.14339297823254,43.2050979972781,95.9628999999986 -3.14340203055569,43.2050689960142,95.9263000000064 -3.14353597385611,43.2049339639154,96.5473000000056 -3.14354795917865,43.2049180380938,96.6193000000058 -3.14357201606195,43.2048619630873,96.608699999997 -3.14359003716486,43.2048069776031,96.4867999999988 -3.14362800715527,43.2047250028198,96.054999999993 -3.14365499613967,43.2046619711087,95.8747000000003 -3.1437000071253,43.2046270182152,96.7587000000058 -3.14376102788594,43.204509001305,95.8175000000047 -3.14379698565012,43.204455021924,95.9245999999985 -3.14383998530782,43.2043599710305,95.7032000000036 -3.14389698251429,43.2042420374178,95.5730999999942 -3.14396202593076,43.2041690313115,95.803899999999 -3.14399597236701,43.2041169793593,95.6635999999999 -3.14412999921079,43.2039749898575,96.588499999998 -3.14423502394561,43.2038480041682,97.5181000000011 -3.14427902881809,43.2038240318491,98.2431999999972 -3.14441900700061,43.203676007645,98.444399999993 -3.14444599688333,43.2036109639442,98.5301000000036 -3.1445299830742,43.2035070286379,98.7592000000004 -3.14454599284917,43.2034800388375,98.6184000000067 -3.14459796038836,43.2034109717934,98.6196000000054 -3.14463500870732,43.203336037593,98.540599999993 -3.14464297137399,43.2033099696868,98.1585999999952 -3.14468001969295,43.2032310122161,97.6226000000024 -3.14472100712441,43.2031809723481,97.7072000000044 -3.14476199455588,43.20313596138,98.3822999999975 -3.14480599942839,43.2030929626113,98.5553999999975 -3.14482997187007,43.2030630390755,98.7511999999988 -3.14485201652714,43.2030359652628,98.6665000000066 -3.14488797429132,43.2029990011664,98.7918999999965 -3.14496902748277,43.2028949816563,98.892200000002 -3.14499299992444,43.20287201541,98.9562000000005 -3.14501102102738,43.2027730253091,98.3439000000071 -3.14504002223801,43.2027349714425,98.303899999999 -3.1450570372278,43.2026840091883,97.7880000000005 -3.14514999309678,43.2025580292288,98.0241999999998 -3.14517203685552,43.2025300338651,98.0414000000019 -3.14521998173888,43.202473958628,98.0103999999992 -3.14524596550845,43.2024339774468,98.2710999999981 -3.14527999638636,43.2023889665824,98.2234999999928 -3.1454209797837,43.2021660078425,97.7425999999978 -3.14544696355327,43.2021059935223,96.9401999999973 -3.145481999646,43.2020629940276,96.9876999999979 -3.14551301308286,43.2020390223168,97.2062000000005 -3.14561502037663,43.201941037327,98.9336999999941 -3.14573002090269,43.2018279656906,99.0516000000061 -3.14584703185831,43.2016879877239,99.0016999999934 -3.14593504160335,43.2015920151072,98.8411000000051 -3.14596203148604,43.2015480100908,98.5357999999978 -3.14605196901567,43.201411971585,98.9149999999936 -3.14607602500065,43.2013640276424,98.883600000001 -3.14620200563442,43.2012109736087,99.424199999994 -3.14624802183484,43.2011429962547,99.501099999994 -3.14628196916945,43.2010839880597,99.4777999999933 -3.14638498257634,43.2009379754044,99.4502000000066 -3.14640702723341,43.2009099799523,99.4113999999972 -3.14643996755655,43.2008539883546,99.3877999999968 -3.14653996352241,43.2006499730172,98.7203000000009 -3.14657600572823,43.2006199657736,98.6150999999954 -3.14659302161635,43.2005720212086,98.4474999999948 -3.14662797416574,43.2005219811241,98.5859999999957 -3.14668103136138,43.2004349773133,98.9444999999978 -3.14674397900825,43.2003639822479,99.1257999999943 -3.14676200011119,43.2003700172508,99.2584000000061 -3.14677700377305,43.20032098349,99.0338000000047 -3.14679502487599,43.2002560233062,98.881899999993 -3.1468149737635,43.2002090011267,98.9360000000015 -3.14683500709263,43.2001769819924,99.0236000000004 -3.14686903707225,43.200143035641,99.2624999999971 -3.14690901928889,43.2001169676801,99.480899999995 -3.14699702903392,43.20002401273,99.9070000000065 -3.14715703964728,43.1998410354574,100.894199999995 -3.14720900718647,43.1997769980955,101.308399999994 -3.14728201326958,43.1997139658561,101.755699999994 -3.14733699914815,43.199680019247,102.002099999998 -3.14737304135396,43.1996459887986,101.983699999997 -3.14745702754482,43.1996139700237,102.587400000004 -3.14761796072796,43.1995309889634,103.406499999997 -3.14769901302111,43.1994620058533,104.003599999996 -3.14792901317489,43.1994319986803,104.952000000005 -3.14800201925803,43.1994019914926,105.0334 -3.1481470262095,43.199354968655,105.107399999994 -3.14817200386596,43.1993569803559,105.121199999994 -3.14833402670555,43.1993490180274,105.092000000004 -3.14842899300414,43.1993259672803,105.078800000003 -3.14847299787665,43.1993180049478,105.061199999996 -3.1485719886277,43.1992910152587,105.017200000002 -3.14870702068627,43.1992660372616,105.012900000002 -3.14873803412313,43.1992689703416,105.036200000002 -3.14885403986397,43.1993139815432,105.267600000006 -3.14896099238339,43.1993090361081,105.332999999999 -3.14906802934445,43.1993009892976,105.453099999999 -3.14924002617864,43.1993439887742,105.657300000006 -3.14937598080699,43.1993810369414,105.746199999994 -3.14951201897867,43.1994019914926,105.8367 -3.14958502506181,43.1994680409454,105.894799999995 -3.14982902276433,43.1995169909161,105.9283 -3.14986699275475,43.1995409636179,105.967999999993 -3.1499479615046,43.1995999719955,105.974199999997 -3.15001803458832,43.1996390316988,105.922200000001 -3.15015298310355,43.1997250301454,105.959400000007 -3.15022900662774,43.1998479925342,106.250599999999 -3.15034903592275,43.1999100187938,106.310700000002 -3.15053201286463,43.1999889759785,105.5959 -3.15063997149718,43.2000349924883,105.251699999993 -3.15070501491365,43.2000899783444,105.302899999995 -3.1508220267676,43.200146975171,104.955900000001 -3.15091699396449,43.2001939973983,104.511299999998 -3.150944989062,43.2002130244722,104.448300000004 -3.15098597649347,43.2002479766205,104.452699999994 -3.15106300613078,43.2002939935898,104.137799999997 -3.15112997733185,43.2003359871872,103.948099999994 -3.15115403421515,43.2003880384363,104.362399999998 -3.15121899318997,43.2004440298068,104.445900000006 -3.15134799126476,43.2005830015231,105.585699999996 -3.15140197013188,43.2006290182397,105.873300000007 -3.15148604076437,43.2006860152176,105.759399999995 -3.1515929941821,43.2007270027174,105.031799999997 -3.15172400358483,43.2008219695588,105.528200000001 -3.15182098210965,43.2009060404715,106.593099999998 -3.1518949943059,43.2009340359254,106.7736 -3.1519460401736,43.2009499614774,106.706900000005 -3.15200102515381,43.2009610255426,106.531000000003 -3.15209800367863,43.2010020128575,106.629799999995 -3.15217696110054,43.2010079639787,106.270300000004 -3.15238198269953,43.2010930404569,107.016799999998 -3.15241299613639,43.2011150008966,107.323900000003 -3.1526210342781,43.201116006718,106.715500000006 -3.15295698083815,43.2010939624603,106.089800000002 -3.15299998049585,43.2010829822377,105.957999999999 -3.15304499148148,43.2010730078353,105.933499999999 -3.15315102232942,43.2010610217866,105.989000000001 -3.15318798620672,43.2010490357355,105.724700000006 -3.15323903207442,43.2010389768542,105.510899999994 -3.15325596352091,43.2010399826769,105.574800000002 -3.15331396684049,43.2010229675069,105.312099999996 -3.15339996435926,43.2009910326184,104.768599999996 -3.15353600342927,43.2009409928775,104.098800000007 -3.15355603586008,43.200933030101,103.958299999998 -3.1536449681749,43.2009259893292,104.429900000003 -3.15372803269427,43.2008850013083,104.3606 -3.15381403111137,43.200860023309,105.186100000006 -3.15398300960622,43.200762039045,105.882899999997 -3.15414997767143,43.2006479613589,106.599600000001 -3.15432398583355,43.2005410080957,108.959799999997 -3.15442498791251,43.2003410163586,108.517699999997 -3.15449900010877,43.2002110127995,109.174400000004 -3.15450696277547,43.2000420333629,108.3897 -3.15449698788253,43.1999919934986,107.998000000007 -3.15449799399565,43.1999520120006,108.357300000003 -3.15447502766712,43.1998859624169,109.205000000002 -3.15436698459296,43.199683958807,107.788 -3.15433102682874,43.199566025323,108.141799999998 -3.15433597205439,43.1994360220771,109.316099999996 -3.15434401826439,43.1993989739434,109.832800000004 -3.15428199228897,43.1992890035555,108.289399999994 -3.15426103728835,43.1992330124348,108.036500000002 -3.15433999560856,43.1991429905337,108.980299999996 -3.15448097900586,43.1990679725088,110.305200000003 -3.15466496206089,43.1989669704157,109.399099999995 -3.15473101069215,43.1988849956434,109.532000000007 -3.15473997947194,43.1988559940454,109.568100000004 -3.15482698400215,43.1987969856032,109.609800000006 -3.15486302620799,43.1987779587425,109.619000000006 -3.15495799340488,43.1987079695748,109.662899999996 -3.15513200156701,43.1986560020239,109.785799999998 -3.15520299632222,43.1986249892469,109.825899999996 -3.15539401947414,43.1985420081513,109.843800000002 -3.15560096885769,43.1985649747178,110.137199999997 -3.15581898189231,43.1985479595124,110.192800000004 -3.15598796128548,43.1985750326973,110.324099999998 -3.15604101848108,43.1985880250975,110.284299999999 -3.15623103641822,43.1986059623326,110.030700000003 -3.15634201249177,43.1985919640732,109.744099999996 -3.15641602468803,43.1985979992513,109.563899999994 -3.15651400932597,43.1986130027173,109.473800000007 -3.15672196482264,43.1988180241766,110.123800000001 -3.15686403787642,43.1989279947585,111.003400000001 -3.15696596162686,43.1989730055567,111.090599999996 -3.15715698567708,43.1990180163219,110.519100000005 -3.15731900761837,43.1990949622966,110.745699999999 -3.15734096783378,43.1991160007672,110.743000000002 -3.15743199591816,43.1991610114269,110.800099999993 -3.15746501978466,43.1991660406951,110.823099999994 -3.15755596342738,43.1992090402669,110.894400000005 -3.15758203163861,43.19922303773,110.933799999999 -3.15760499796717,43.1992480157447,110.962700000004 -3.15760700929508,43.1992810405633,110.958199999994 -3.15758496553633,43.1993930226653,110.983699999997 -3.15759200563322,43.1994439850491,111.003299999997 -3.15758999430529,43.1994660292481,111.013999999996 -3.15759200563322,43.1994910071633,111.036900000006 -3.15758999430529,43.1995899973506,111.204800000007 -3.15760600408029,43.199710026298,111.507500000007 -3.15766501261466,43.1998960208335,111.712700000004 -3.15767096395343,43.1999299673223,111.782200000001 -3.15775000491864,43.2000560312897,112.078699999998 -3.15775603980071,43.2001049814436,112.156000000003 -3.15777196513409,43.2001479810085,112.241800000003 -3.15777598868822,43.2001779878293,112.275299999994 -3.15778403579655,43.2002110127995,112.305500000002 -3.15775101103176,43.200369011417,112.378800000006 -3.15775000491864,43.2004110049628,112.430200000003 -3.15776500858053,43.2005850131836,113.077499999999 -3.15776903213466,43.2006180379335,113.256699999998 -3.15778797490906,43.2006840035605,113.690300000002 -3.15775997981155,43.2007969915336,114.123699999996 -3.15777196513409,43.2008389847848,114.099000000002 -3.1578260284428,43.2009730116109,114.088799999998 -3.15787397332615,43.2010539810296,113.982300000003 -3.15788998310116,43.2010910288132,114.059599999993 -3.15794899163553,43.2011959701268,113.846099999995 -3.15794999685035,43.2012470161326,114.222299999994 -3.15797598061993,43.2012920265298,114.308399999994 -3.15805301025723,43.201420018772,114.448799999998 -3.15815996367496,43.2015869860389,114.574399999998 -3.15823095843017,43.2016960342196,114.646599999993 -3.15834998161206,43.2018400354061,114.433499999999 -3.15849901211769,43.2019869705117,114.308699999994 -3.15852600110209,43.202002979606,114.297699999996 -3.1585619597646,43.202045979143,114.340700000001 -3.15859003930374,43.2020739747287,114.381899999993 -3.15875097158858,43.2021749762622,114.401400000002 -3.1588559972217,43.2022189814812,114.409299999999 -3.15890201342215,43.2022530118042,114.438599999994 -3.15898197695715,43.202328029842,114.496700000003 -3.15907199892841,43.2024219910107,114.5533 -3.15915296767823,43.2025270164706,114.576300000001 -3.15917199489428,43.2025530002401,114.574500000002 -3.15929403551719,43.202574038828,114.665099999998 -3.1593729929391,43.2026069799945,114.665200000003 -3.15949201612096,43.202637992712,114.6351 -3.15954297754703,43.2026469617171,114.604200000002 -3.15972696060207,43.2027629667121,114.600699999995 -3.15990700364626,43.2028359731914,114.723700000002 -3.15993801708312,43.2028470375694,114.746899999998 -3.16000599439731,43.2028819901731,114.780599999998 -3.16014898912255,43.2029829916787,114.909799999994 -3.16017103377962,43.2029880212867,114.882199999993 -3.16022501354504,43.2030170222302,114.946100000001 -3.16025996609444,43.203034037499,114.991399999999 -3.16044596047737,43.2031740156514,115.194399999993 -3.16061301118761,43.2033239675187,115.140299999999 -3.16071501937971,43.203379958814,115.240300000005 -3.1608629602289,43.2034869954993,115.440900000001 -3.16098298862558,43.2036389594667,115.741999999998 -3.16111701546936,43.2037660294059,115.896699999998 -3.16116495945438,43.2038009821379,115.949299999993 -3.16118499278352,43.2038149798571,115.981100000005 -3.16123796643582,43.2038680371883,116.024300000005 -3.16130502118023,43.2039050014129,116.013900000005 -3.16136503582771,43.2039589806258,116.103199999998 -3.16150501401023,43.2040350043036,117.946899999995 -3.16161900752484,43.2040769979453,117.319199999998 -3.16172101571694,43.2041250261895,116.598800000007 -3.16175898570735,43.204156961402,116.807700000005 -3.16184498412445,43.2042390201079,117.262499999997 -3.16185898167322,43.2042479888777,117.310100000002 -3.16185495811906,43.2042909881419,117.448000000004 -3.16185403644757,43.2043599710305,117.902100000007 -3.16187700277613,43.2044319717963,118.827499999999 -3.16194296786406,43.2044720367916,119.463099999994 -3.16202402105553,43.20455300615,120.195699999997 -3.16210800814469,43.2046079912082,120.471699999995 -3.1622039805564,43.2046680056865,121.458400000003 -3.16228201630679,43.2046830096242,121.201300000001 -3.16232903862036,43.2047359830417,121.935100000002 -3.16237497127748,43.2048160301028,123.217699999994 -3.16240196116017,43.2048389969267,123.329599999997 -3.16252098434206,43.2049389927078,123.322499999995 -3.16271795883272,43.2050339595408,123.152900000001 -3.16274402704395,43.2050300203263,122.979600000006 -3.16280303557832,43.2050140107167,122.513200000001 -3.16298601252024,43.2049310297982,121.249200000006 -3.16301400761775,43.2049089856094,120.925700000007 -3.16312598980443,43.2048769669773,120.827600000004 -3.16326999064281,43.2048379911666,120.658100000001 -3.16332003129569,43.2048110013003,120.572199999995 -3.16347300091387,43.2046889603863,119.593900000007 -3.16361901308015,43.2045919821427,118.902600000001 -3.16368900262054,43.2045789903662,118.978099999993 -3.16378899858641,43.2045219930964,119.013900000005 -3.16388002577246,43.204455021924,118.981499999994 -3.16389997465997,43.2044199850979,118.883100000006 -3.16402503272393,43.2043950072362,119.390799999994 -3.16405797394543,43.2043929957013,119.590800000005 -3.16419803567124,43.2042749783384,119.750599999999 -3.16421798455875,43.2042609807247,119.820300000007 -3.16424698576941,43.2042449715681,119.944300000003 -3.16427900442105,43.2042049895832,120.060700000002 -3.16431496308357,43.2041879746411,120.236099999995 -3.16447396758381,43.2040930071459,120.783599999995 -3.16452300212361,43.2040299754367,120.563699999999 -3.16454303455445,43.2040039916415,120.272200000007 -3.16464898185905,43.2040120384866,121.516099999993 -3.16470203905465,43.2040139662195,121.843299999993 -3.16489599610429,43.2039100302901,121.861199999999 -3.16494201320304,43.2038889921629,121.790699999998 -3.16496397341848,43.2038960325927,121.832699999999 -3.16498199452139,43.2039070129638,121.891499999998 -3.16504603272304,43.2038839626291,121.798599999995 -3.16509699414911,43.2038739880299,121.823900000003 -3.16517704122744,43.2038650198599,122.219899999996 -3.16521903477202,43.2038390359944,122.030299999999 -3.16542699026873,43.203718000879,122.315700000006 -3.16566897574502,43.2036109639442,124.393899999995 -3.16573301304837,43.2034800388375,121.673800000004 -3.16588103744089,43.2032880093825,121.704800000007 -3.16591297254924,43.2032379695612,121.742700000003 -3.16597600463778,43.2031959759968,121.775299999994 -3.1660050058484,43.2031890193017,121.928 -3.16606895960843,43.2031740156514,122.406400000007 -3.1660889929376,43.2031549888461,122.457200000004 -3.16622100755511,43.2031040269427,123.1149 -3.16630801208533,43.2030239795997,123.505999999994 -3.16635696218346,43.202997995376,123.710600000006 -3.16638202428159,43.2029900328678,123.899699999994 -3.1664260291541,43.2029700002143,124.206600000005 -3.1665670125514,43.2028919642798,125.190400000007 -3.16661504097808,43.2028689980324,125.513699999996 -3.1666710320714,43.202823987489,125.038400000005 -3.16669802195413,43.2027929742112,124.399099999995 -3.16683598791042,43.2028379847776,126.345199999996 -3.16691603498874,43.2028479595462,126.965400000001 -3.16711502170563,43.2028750327875,130.629499999995 -3.1672519815488,43.2028750327875,132.287500000006 -3.16732498853027,43.2028769605564,133.576100000006 -3.16752104045114,43.2028979996874,135.312099999996 -3.16770099995201,43.2029259948822,136.168900000004 -3.16772899594782,43.2029420043849,136.853000000003 -3.16775799715844,43.2029839974693,137.963399999993 -3.16796997531099,43.2030190338104,138.397899999996 -3.1680139801835,43.2030430064459,138.7359 -3.16825998921396,43.2030710022289,138.444499999998 -3.16841396494525,43.2030809763046,137.782900000006 -3.16846903436708,43.2031210421871,138.2016 -3.16851999579315,43.2031350394075,138.487399999998 -3.1686009654413,43.2031440083396,138.153200000001 -3.16865997397567,43.2031440083396,137.669299999994 -3.16882995858363,43.2031789607733,136.270000000004 -3.16887496956926,43.2031849954977,135.476999999999 -3.16891000566196,43.2032109796417,135.480200000005 -3.1689380016578,43.2032580021267,136.352400000003 -3.16897002030948,43.2032819746683,136.228000000003 -3.16903900373678,43.2032939602806,133.999500000005 -3.1691460406978,43.2032930383105,130.688200000004 -3.1692059709037,43.2033079581162,129.540500000003 -3.16933698030639,43.2033549805265,127.732600000003 -3.16940001239493,43.2033620216728,127.140599999999 -3.16943102493349,43.2034439963232,127.293900000004 -3.16941199861577,43.2035040112917,128.162100000001 -3.16941803349787,43.2035569844234,128.651299999998 -3.16948299337101,43.2037289812821,130.454500000007 -3.16948601081203,43.2037950306344,131.615600000005 -3.16949497869352,43.2038480041682,132.004199999996 -3.16949196125247,43.2039220164339,131.955400000006 -3.16949196125247,43.2039640101533,132.098100000003 -3.16955700556727,43.2041120343135,130.310800000007 -3.16955499334104,43.204153021476,130.5236 -3.16958198322373,43.2042029780421,130.527700000006 -3.16958298933684,43.2042240167158,130.573300000004 -3.16959497555768,43.2042599749551,129.433300000004 -3.16966597031289,43.2043729628537,126.828599999993 -3.16959799299873,43.2045100070705,129.475399999996 -3.16965599541999,43.2046450394529,128.880499999999 -3.16964602142538,43.2046740409184,129.282000000007 -3.1696290055373,43.2047049700812,130.068499999994 -3.16960503309562,43.2047339715181,131.086899999995 -3.1695880181058,43.2047700139251,131.740999999995 -3.16970201251874,43.2049300240396,126.6446 -3.16970402384667,43.2050460299316,126.897800000006 -3.16971198651334,43.2051199582405,127.418000000005 -3.1697799638275,43.2051900310684,127.254700000005 -3.16992295945107,43.2053789587085,125.748000000007 -3.16989303567065,43.2055220377778,127.332299999995 -3.16993201177418,43.2056170050127,126.812699999995 -3.16993402310212,43.2056600039667,126.819699999993 -3.17005698539652,43.2057859840683,126.018400000001 -3.17019402968131,43.2058989724144,125.527600000001 -3.17027701065736,43.2060110379674,127.058600000004 -3.17023904066694,43.206050014338,127.820099999997 -3.17026703576445,43.206094019381,128.556400000001 -3.17030601186802,43.2061279656952,128.586899999995 -3.17041900016781,43.2061599849802,127.368000000002 -3.17048597136889,43.2061559613721,126.313500000004 -3.17071002018389,43.2061589785871,124.409100000004 -3.17084597391391,43.2062080128941,125.102299999999 -3.17100497931249,43.2061709649439,125.391699999993 -3.1711550150329,43.2061169857239,125.399900000004 -3.17122198623398,43.206109022968,125.743900000001 -3.17129298098919,43.2060999700055,126.265799999994 -3.17140999284315,43.2060790157904,126.145399999994 -3.17144603504899,43.2060699628234,126.113400000002 -3.17157100867132,43.2060240300937,125.545199999993 -3.17176303793635,43.2059899999099,125.649399999995 -3.17177896416803,43.2059849705494,125.681500000006 -3.17189396379575,43.2059810307415,126.133799999996 -3.17199697720264,43.2059960343563,127.067299999995 -3.17206797195785,43.2059960343563,127.222399999999 -3.17219998657536,43.2060070150042,127.554600000003 -3.1722630186639,43.2060039977816,127.757299999997 -3.17240299684645,43.2059879877729,128.539499999999 -3.17255102123893,43.2059770077763,129.143400000001 -3.17260500010606,43.2059960343563,129.303 -3.17278495960692,43.2059749962937,130.359700000001 -3.1729029766757,43.2059680392608,130.4565 -3.17303398607843,43.2059390377557,129.158200000005 -3.17307698573612,43.2059390377557,129.157300000006 -3.17313901171154,43.2059309911648,129.151599999997 -3.17318100525613,43.2058989724144,128.986699999994 -3.17327898899573,43.2058409693248,129.126399999994 -3.17330396755052,43.2058060171068,129.4614 -3.17332902964864,43.205762011856,129.606299999999 -3.17335803085927,43.2057360281437,129.858999999997 -3.17338996596762,43.2057009913987,129.954500000007 -3.17341896717825,43.2056460066708,129.922000000006 -3.17346297205076,43.2055859918452,130.026599999997 -3.17347898182577,43.205560008058,129.986699999994 -3.17364301509496,43.2054050263854,130.162800000006 -3.17365801875685,43.2053969797241,130.280199999994 -3.17380503793455,43.2052819802523,131.030799999993 -3.17383898437083,43.2052730116345,131.624599999996 -3.17391500789499,43.2052290066541,132.452300000004 -3.17406898362628,43.2051369735774,133.900999999998 -3.1740720010673,43.2051290106937,133.817599999995 -3.1741229633917,43.2051050382232,134.361799999999 -3.1741920303623,43.2050610331216,134.399900000004 -3.17424802145566,43.2050119992023,134.074099999998 -3.17430996298945,43.2049890330982,134.746499999994 -3.1743559800882,43.2049590253696,135.079299999998 -3.1743740011911,43.2049310297982,134.842300000004 -3.17444298372008,43.2048639746066,134.297600000005 -3.17447097971592,43.204844025727,134.429900000003 -3.17448698949089,43.204826004548,134.537800000006 -3.17464800531907,43.2047029585566,134.080199999997 -3.17484296848182,43.2046089976269,133.485199999996 -3.17492796078577,43.2045960051992,133.288 -3.17507003473785,43.2045789903662,134.638600000006 -3.17523800801788,43.2045700216451,135.257199999993 -3.17527899544938,43.2045580356286,135.272100000002 -3.17531595932667,43.2045590413933,135.371499999994 -3.17543799994958,43.2044960095108,135.371499999994 -3.17551100603273,43.204482011293,135.765400000004 -3.17567998542587,43.2044009586812,137.355899999995 -3.17576497772985,43.2043459734363,137.317200000005 -3.17588098347069,43.2042510061871,136.758400000006 -3.17589296969153,43.2042449715681,136.762000000002 -3.17591601956342,43.2042260282562,136.609500000006 -3.1760010127657,43.2041690313115,136.599799999996 -3.17602003908342,43.2041459810758,136.515700000004 -3.17604200019716,43.2040920013735,136.4228 -3.17606898918156,43.2040540314892,136.322499999995 -3.17610201394635,43.204011032058,136.204899999997 -3.17623897468785,43.2038839626291,136.267900000006 -3.17630502421744,43.2038009821379,136.187300000005 -3.17631801565306,43.2037670351836,136.063899999994 -3.17640502018328,43.2036719845278,136.300799999997 -3.17648196627725,43.2034999875084,135.643500000006 -3.17657701701747,43.2033450064955,135.857099999994 -3.17664398821851,43.2032590079129,135.943499999994 -3.17674096674333,43.2031160125901,135.853900000002 -3.17681497893959,43.2029440159676,135.594800000006 -3.17683501137043,43.2029249890905,135.677599999995 -3.17688899113585,43.2028659806547,135.857999999993 -3.17691497490546,43.2028410028115,136.017800000001 -3.17695696845004,43.2027959915926,136.245200000005 -3.177066016739,43.2026769686186,137.031199999998 -3.1772209985834,43.2025349790392,137.584300000002 -3.17728604199987,43.2023850271971,137.967499999999 -3.17734002176529,43.2022660040761,137.907999999996 -3.17733901565218,43.2022560292123,137.8649 -3.17740699296633,43.2021370064944,137.942999999999 -3.17750103759343,43.2020400281231,137.959300000002 -3.17757102623553,43.2019540296653,137.827900000004 -3.17768803808952,43.2018200030297,138.336500000005 -3.17772299063888,43.2017390339729,137.669599999994 -3.17775903284472,43.2016510234656,136.402600000001 -3.17802197332164,43.2014109657684,135.415200000003 -3.17823101757646,43.2012239654477,135.7745 -3.17833503709646,43.2011490318353,136.373800000001 -3.17835004075835,43.201116006718,136.25 -3.17836102086607,43.2010829822377,136.003700000001 -3.17837401320003,43.2010519693846,135.890499999994 -3.17861096900903,43.2008799721818,136.707699999999 -3.17864399377383,43.2008209637325,136.380900000004 -3.17868397599051,43.2007669843623,136.245500000005 -3.17876796218134,43.2006430160319,135.733200000002 -3.17888296180906,43.2005379906028,136.045599999998 -3.17896896022616,43.2004130166289,135.9902 -3.17903702108368,43.2002199815066,135.284299999999 -3.17906803452054,43.200168013279,135.395799999998 -3.17910701062411,43.2000759804254,135.277799999996 -3.17921698058455,43.1998940091503,136.229500000001 -3.17922502769285,43.1998840345535,136.228700000007 -3.17929300500704,43.1998220089224,136.366399999999 -3.17944304072749,43.1997049970746,136.380900000004 -3.17956499780707,43.1996100304592,136.277499999997 -3.17961101400752,43.1995609960877,136.267399999997 -3.17974696863587,43.1994250415562,136.431899999996 -3.17992399423902,43.1993460004756,136.875 -3.18010697118093,43.1992869918524,137.052899999995 -3.18012599839695,43.1992800347116,137.043399999995 -3.18038600497615,43.1992200201719,137.015700000004 -3.18044501351055,43.1991900128799,136.949500000002 -3.18059597180079,43.1990699842193,137.013099999996 -3.18076897384977,43.1989549846081,136.880300000004 -3.18088598570372,43.1988929586873,137.020199999999 -3.1809510291202,43.1988730098197,137.100200000001 -3.18122101059233,43.1987829880424,137.303599999999 -3.18125504057191,43.1987779587425,137.324099999998 -3.18138496031819,43.1987549922562,137.3652 -3.18141396152882,43.1987420005464,137.369500000001 -3.18152703337197,43.1987109871583,137.441200000001 -3.18170196410385,43.1986740230609,137.574999999997 -3.18181897505951,43.1986369751194,137.520799999998 -3.18191402579972,43.1986180320307,137.622000000003 -3.18195501323119,43.1986160203054,137.722599999994 -3.18210597152143,43.1985570116311,137.237299999993 -3.18225399591395,43.1985330398525,137.033899999995 -3.18237100686961,43.1985310281243,136.999599999996 -3.18240897686002,43.1985349671036,137.006200000003 -3.18249497527712,43.1985460316068,137.050700000007 -3.18257804069479,43.1985489653762,137.085200000001 -3.18263503700296,43.1985549999038,137.152799999996 -3.18285296649425,43.1985870192344,137.347200000004 -3.18295597990113,43.1986040344288,137.251300000004 -3.18299202210698,43.1986119968546,137.255699999994 -3.18317701127512,43.1986170261681,137.303899999999 -3.18323400758326,43.1986270009719,137.327600000004 -3.18328798734868,43.1986280061796,137.280400000003 -3.18336300565806,43.1986059623326,137.092099999994 -3.18352301627141,43.1986560020239,137.2261 -3.18361303734435,43.1987119930194,137.6253 -3.18372703175729,43.1987229736686,137.362299999993 -3.18388402492959,43.1987529805354,137.152499999997 -3.1840079933371,43.1988549881867,137.506099999999 -3.18409197952797,43.1989490332867,139.499899999995 -3.18412500429276,43.198993038213,140.382700000002 -3.18415501161651,43.1990190221779,140.480800000005 -3.18438702219989,43.1991230417479,136.540299999993 -3.1844740267301,43.1991829725619,136.695099999997 -3.1845170263878,43.1991999875901,136.4133 -3.18457896792159,43.1992460040401,136.499599999996 -3.18462397890723,43.1992709820454,136.616800000003 -3.18478398952058,43.1993869875658,137.317999999999 -3.18483101183411,43.1994210181587,137.588099999994 -3.18502396366893,43.1995500155892,139.347099999999 -3.18511901440915,43.1996309849318,140.492700000003 -3.18514499817876,43.1996419654157,140.353600000002 -3.1852019953852,43.1996709666401,140.497300000003 -3.18525798647855,43.1997200009233,141.4611 -3.18531699501292,43.1997319872354,141.024600000004 -3.18542302586086,43.1997999641971,143.083199999994 -3.18556099181714,43.1998869682586,142.876999999993 -3.18565000767529,43.19993801405,142.1057 -3.18574698620008,43.1999390198908,141.732900000003 -3.1858599744999,43.1999570412037,141.830400000006 -3.18592602402949,43.1999579632242,141.708299999998 -3.18610698874514,43.1999589690647,141.303799999994 -3.18624202170203,43.1999700333096,141.261700000003 -3.18632802011913,43.1999879701385,140.869300000006 -3.1864059714279,43.2000260244089,142.649399999995 -3.18661996180667,43.2001079989579,144.903000000006 -3.18672398132667,43.2001629847482,147.445399999997 -3.18680000485087,43.2001909798882,148.162500000006 -3.18687896227275,43.2002100069631,148.626999999993 -3.18701600655758,43.2002209873428,148.603199999998 -3.18711298508236,43.2002479766205,150.464900000006 -3.18714802117509,43.200244959768,150.599900000001 -3.18720300705363,43.2002410202442,150.861699999994 -3.18737299166159,43.2001729586445,149.488299999997 -3.18739000665138,43.200168013279,149.516499999998 -3.1874620075197,43.2001390122908,149.867800000007 -3.18750601239222,43.200125014383,149.997300000003 -3.18759402303555,43.200076986264,149.075400000002 -3.18771002787809,43.1999990343781,148.030599999998 -3.18775998408934,43.1999869642984,148.161099999998 -3.18783801983977,43.1999439652749,147.354500000001 -3.18790096748668,43.1999309731633,147.385899999994 -3.18812996152731,43.1998230147651,145.441699999996 -3.18817396639983,43.1997680293233,144.909299999999 -3.18819299361585,43.1997029853851,144.551600000006 -3.18828896602755,43.1995759999717,145.006899999993 -3.18832299690546,43.1995520272837,145.009000000005 -3.1884659916307,43.1994760039132,145.072 -3.18874200798489,43.199312975692,144.846000000005 -3.18887704094179,43.1991699802883,144.105299999996 -3.18893303203511,43.1991320106149,144.356499999994 -3.18897795857911,43.199100997425,144.566399999996 -3.18912103774598,43.1989849920157,145.323699999994 -3.18925296882019,43.1989160089432,146.545599999998 -3.18938900699187,43.1988399847802,145.848499999993 -3.1894159968746,43.1988379730622,146.355800000005 -3.18944097453106,43.1988450140749,146.993600000002 -3.18948900295774,43.1988350393067,147.425099999993 -3.18950702406065,43.1988160124579,147.403600000005 -3.18961196615044,43.1986779626858,146.710399999996 -3.18965798235089,43.1986150144427,145.850000000006 -3.18968497223358,43.1985880250975,145.852799999993 -3.18971598477214,43.1984870228648,143.599100000007 -3.18982101040526,43.1984120046882,144.251300000004 -3.18997096258238,43.1983219835404,146.053199999995 -3.19002100233697,43.1982840133393,146.076000000001 -3.19008696832322,43.1982120125212,145.8413 -3.19019903405323,43.1980950015151,145.794699999999 -3.19024999637763,43.1980309636304,145.493900000001 -3.19046901552536,43.1978980265876,145.693899999998 -3.1905949952608,43.1977879722911,145.703800000003 -3.19060103014287,43.1977719627457,145.675000000003 -3.19067797623685,43.1976749839847,145.628299999997 -3.19078702452584,43.1975070106092,145.491299999994 -3.19079599330563,43.1974879840011,145.447 -3.19096203880105,43.1973640155571,145.522899999996 -3.19100202101773,43.1973340080073,145.640299999999 -3.19103001611524,43.1973050069818,145.599300000002 -3.19108399588066,43.1972409689229,145.522200000007 -3.19123595938568,43.1971109659622,145.646500000003 -3.19138901344548,43.1969719941962,145.561799999996 -3.19151298185303,43.1968709919079,145.562600000005 -3.19155002927366,43.1968429965543,145.666500000007 -3.19168296646096,43.1966949717845,145.680300000007 -3.19177298843222,43.1966209599198,145.955499999996 -3.19185496329515,43.1965649689703,146.267800000001 -3.19185999206411,43.1965590174158,146.270799999998 -3.19186300950516,43.1965109891093,145.844500000007 -3.1919459904812,43.1964850053862,146.312999999995 -3.19208404087915,43.1964600275502,146.593800000002 -3.19212703963851,43.196374029086,145.939499999993 -3.19216702095686,43.196261040781,145.425099999993 -3.19226400038001,43.196106981795,145.058399999994 -3.19237003122792,43.1960450394241,145.101899999994 -3.19243700242899,43.1960329692172,145.377600000007 -3.19253196962588,43.1958629840897,144.885599999994 -3.19251998340504,43.1958179736167,144.8223 -3.19249500485025,43.195794001417,144.801099999997 -3.19248100730151,43.1957759801843,144.804300000003 -3.19253004184127,43.1956879702439,144.700700000001 -3.19257396317046,43.1955599784203,144.6296 -3.19257899193944,43.1955319831202,144.596600000004 -3.19266499035651,43.1954599823292,144.642699999997 -3.19270698390112,43.1953690386658,144.851800000004 -3.1927329676707,43.1953149752303,144.937099999996 -3.19276004109672,43.1950989737992,145.152000000002 -3.19280002241507,43.1950240398684,145.053 -3.19285299606738,43.1949480154406,144.946500000005 -3.19292197949468,43.1948650345838,144.972699999998 -3.19300001524511,43.1947350318004,144.837400000004 -3.19304100267657,43.1946790404303,144.658800000005 -3.19321299861244,43.1945959760352,145.624400000001 -3.19330897192247,43.1945239754497,145.817599999995 -3.19330402669682,43.1944770366099,146.003599999996 -3.19345599020184,43.1944389828082,145.918699999995 -3.19346797642268,43.1944340376329,145.909599999999 -3.19349697763334,43.1944239789708,145.949999999997 -3.19355598616771,43.1944069639205,145.945600000006 -3.1936220356973,43.1943519788373,145.900500000003 -3.19368699557044,43.1943489610383,146.252500000002 -3.19380702486545,43.1942560058148,146.583700000003 -3.19389604072356,43.1941809876758,146.784 -3.19402797179778,43.1940939833371,146.745999999999 -3.1940039993561,43.1939919755856,146.342199999999 -3.19401296813589,43.1939629742816,146.235700000005 -3.19409100298798,43.1939300336875,146.288799999995 -3.19422502983176,43.1939110066191,146.503700000001 -3.19433399457739,43.1939179637171,146.884600000005 -3.19434598079823,43.1939089947386,146.864700000006 -3.19441203032781,43.1938400118218,146.733600000007 -3.19449903485803,43.1938240025504,147.084600000002 -3.19472098700518,43.193757031423,147.522700000001 -3.19478896431933,43.193730041239,147.710099999997 -3.19483498141808,43.1936789954935,147.8505 -3.19482500652518,43.1936639921241,147.665299999993 -3.19486800618288,43.1936000380025,147.822199999995 -3.19491603371123,43.1935579611796,147.8416 -3.19496699603563,43.1935499980945,148.024999999994 -3.19511896043898,43.1934899838132,148.444799999997 -3.19518702129647,43.1934970247881,148.943899999998 -3.19522398517377,43.1934690291964,148.975900000005 -3.19536496857111,43.1933930047962,148.917700000005 -3.19549296053279,43.1933429653734,149.075800000006 -3.19551802263091,43.1933309791159,149.128200000006 -3.19556999017009,43.1933449766176,149.185899999997 -3.19576696466075,43.19329602628,149.488200000007 -3.19584500041118,43.1932759937181,149.624200000006 -3.19606896478452,43.193183960293,149.955799999996 -3.19620802039725,43.1930889933522,149.983600000007 -3.19616200419684,43.1930060125872,149.677500000005 -3.19611900453914,43.1929599960159,149.194799999997 -3.19607198222557,43.192909034111,148.7402 -3.19602596602516,43.1928549704609,148.460399999996 -3.19597902725492,43.192836027542,148.289300000004 -3.19592303616157,43.1928679627692,148.273700000005 -3.19588598784264,43.1928920186383,148.284799999994 -3.19586302151408,43.192909034111,148.287899999996 -3.19582999674929,43.1929249597928,148.231700000004 -3.19577400565593,43.1929299889201,148.347999999998 -3.19572497201447,43.1929739936027,148.462400000004 -3.1957170084495,43.1929640191846,148.571599999996 -3.19571499712156,43.1929630132287,148.589099999997 -3.19570804056801,43.1929650251404,148.605500000005 -3.19563696137114,43.1929480096833,148.969599999997 -3.19552003395881,43.1928910126813,146.259600000005 -3.19546303675237,43.1928490198544,145.537500000006 -3.19533999091465,43.1927600036631,145.508799999996 -3.19532599336587,43.1927569864403,145.540200000003 -3.19524996894338,43.1926859916103,148.001000000004 -3.19517201763458,43.1926669648089,148.819600000003 -3.19516296531147,43.1926640307567,148.665200000003 -3.19516900019357,43.1926320122476,148.603400000007 -3.19524301238983,43.1925819722008,147.774699999994 -3.19529699125691,43.1925539768443,147.787299999996 -3.19540402821797,43.1924600155423,147.638399999996 -3.19556797884216,43.1924109813194,147.139599999995 -3.19573100689657,43.1923190317302,147.337 -3.19580099553866,43.1922890243192,147.334799999997 -3.1958149930874,43.1922659741797,147.528300000005 -3.19585799274513,43.1922399906138,147.531000000003 -3.19600199358348,43.1922020205578,147.347399999999 -3.19603803578929,43.192185004888,147.418300000005 -3.19611900453914,43.1921629606783,147.424100000004 -3.19620600906935,43.192150974844,147.308900000004 -3.19623501027998,43.1921369770685,147.375100000005 -3.19627700382456,43.1921160219872,147.429099999994 -3.19645201809977,43.1920470390085,147.388600000006 -3.19655997673232,43.1919850132702,147.590200000006 -3.19657598650732,43.1919720207739,147.642099999997 -3.19675502343837,43.1918789820283,148.032500000001 -3.19677497232591,43.1918560155652,148.089300000007 -3.19683699830133,43.1918400057733,148.153399999996 -3.19688402151319,43.1918099987817,148.262000000002 -3.19694202393445,43.1917730344336,148.435700000002 -3.19695903892424,43.1917570252748,148.528000000006 -3.19698602880696,43.1917329689583,148.633900000001 -3.19699700891469,43.1917250062899,148.653600000005 -3.19722700906843,43.1916199812293,148.601999999999 -3.19724603538616,43.1916130238694,148.584900000002 -3.19726103904805,43.1916059833321,148.573300000004 -3.19742800711325,43.1914990299383,148.469500000007 -3.1975359657458,43.1913970224339,148.369999999995 -3.1976829840252,43.1912469862393,149.086899999995 -3.19772003234413,43.1912329889114,149.165299999993 -3.19774501000062,43.1912029816213,149.343599999993 -3.19777702955059,43.1911579703311,149.667799999996 -3.1978239674225,43.1911129596626,149.954100000003 -3.19791197806583,43.1910609921929,150.539099999995 -3.19807802356129,43.1909250377163,150.115600000005 -3.1982019919688,43.1908040025253,150.027499999997 -3.19830198793467,43.1907279787349,150.002299999993 -3.19841195789511,43.1906340178964,150.084499999997 -3.1985210070824,43.1905289922682,150.305099999998 -3.19853299330323,43.1905160007719,150.353099999993 -3.19858403917093,43.1904549801297,150.250100000005 -3.19874597756889,43.1903030167279,150.311700000006 -3.19880297387703,43.190263034776,150.316699999996 -3.19881898365204,43.1902200354497,150.543900000004 -3.19891998573099,43.1901109870627,150.536800000002 -3.19893800683389,43.1900750289989,150.498600000006 -3.19896700804455,43.1900509726744,150.531300000002 -3.1990319679177,43.1900000109602,150.593299999993 -3.19908401900018,43.1899489647146,150.750700000004 -3.19922299106958,43.1898750363616,150.656300000002 -3.19931401915396,43.189842011692,150.690499999997 -3.1994219777865,43.189799012724,150.804199999999 -3.19963697338006,43.1897039619215,150.559599999993 -3.19974996167989,43.1896519939071,150.306899999996 -3.19983101487133,43.1895639843044,150.711899999995 -3.1998819762974,43.189479997318,151.3514 -3.20000602824824,43.1893589625362,151.192800000004 -3.20004701657804,43.1893349904191,151.048500000004 -3.20006998290656,43.1893209926526,151.001900000003 -3.20009303277846,43.1892909857324,151.044999999998 -3.20016997887243,43.1892189847828,150.817800000004 -3.20034499314765,43.1890690329636,150.780700000003 -3.20050198542165,43.1888530310393,151.1247 -3.2006240260446,43.1887110413838,151.449600000007 -3.20074900056522,43.1885660346229,151.656400000007 -3.20077397822168,43.1885109656811,151.736600000004 -3.2008339928692,43.188412981236,151.959300000002 -3.2009530160511,43.1882870012848,151.954800000007 -3.20103398480091,43.1882099715999,151.327000000005 -3.20108402545379,43.1881190276121,152.497900000002 -3.20110104044361,43.1880730112859,152.424700000003 -3.20111797189007,43.1880290063445,152.504300000001 -3.20116901775777,43.1879200411544,152.290800000002 -3.20119299019945,43.1878620386567,152.258600000001 -3.20120799386134,43.1878399941955,152.298699999999 -3.20120799386134,43.1876550056348,152.494699999996 -3.20121302263029,43.1876069775256,152.5625 -3.2012329715178,43.1875570211257,152.723599999998 -3.20122601496424,43.1873990220834,153.264200000005 -3.20122098529696,43.1873710269694,153.282800000001 -3.20120003029633,43.1872899738962,153.268100000001 -3.20115996543465,43.1872159617599,153.289399999994 -3.20114001654715,43.1871339862665,153.343999999997 -3.2011430339882,43.1870859584023,153.4807 -3.20113398166508,43.1870540234246,153.714300000007 -3.20110699178235,43.1869830285106,153.926099999997 -3.20116600031676,43.1869270372332,153.806400000001 -3.20127303727778,43.1868640054751,154.183699999994 -3.20151401664098,43.1866979600964,154.324099999998 -3.20152902030283,43.186694020353,154.311700000006 -3.20172197213765,43.1865459958555,154.484299999996 -3.20190696040747,43.1864180045085,154.081399999995 -3.20208197468272,43.1862900128932,154.239600000001 -3.20222698163418,43.1861040181512,154.645099999994 -3.20235396748275,43.1859430017182,155.035999999993 -3.20251900686509,43.1858280022589,154.238299999997 -3.20258103284051,43.1857949773646,153.927500000005 -3.20258899550718,43.1857870145765,153.8891 -3.20263098905176,43.1857359687375,153.867700000003 -3.20264004137488,43.185731023512,153.876699999993 -3.20266300770344,43.1857199593053,153.860000000001 -3.20267700615051,43.1857190377247,153.800600000002 -3.20268698014512,43.1857209653806,153.782399999996 -3.20269997247907,43.1857219708008,153.764200000005 -3.20271195869991,43.1857239829512,153.740000000005 -3.20289895829763,43.1857340410821,151.979099999997 -3.20293801794452,43.1857710051576,151.758499999996 -3.20309601722994,43.1858509683703,153.678599999999 -3.20328896906476,43.1859620286508,154.592499999999 -3.20330397182832,43.1859740150454,154.635899999994 -3.20337002135791,43.1860460152378,154.889500000005 -3.203447973565,43.1860559901315,156.396299999993 -3.20358803529085,43.1860549840618,157.753299999997 -3.20374896757566,43.185950964486,157.576199999996 -3.20395600050258,43.1858939674996,160.047900000005 -3.20404996158635,43.1858590149895,160.498600000006 -3.20410503100822,43.1858519744434,160.881699999998 -3.20430200549887,43.1857629585269,162.216499999995 -3.20434802169929,43.1857180316494,162.267600000006 -3.20440602501888,43.1856320331128,162.5524 -3.20441901645453,43.1854509842346,162.6826 -3.20442798523432,43.1853909698494,162.820300000007 -3.20447903110202,43.185230037341,162.074200000003 -3.20450702709786,43.1852029634757,162.394100000005 -3.2045190133187,43.1851960066943,162.538499999995 -3.20456301819118,43.1851339805437,162.698799999998 -3.20457299218579,43.1851199831239,162.629700000005 -3.20459797074058,43.1850980221679,162.926200000002 -3.20464901660828,43.1849889738001,161.886100000003 -3.20475596912771,43.1848530188986,163.474700000006 -3.2047889938925,43.1847940106711,163.521599999993 -3.20481196022106,43.1847339962951,162.098400000003 -3.20485303209415,43.184599969827,160.334099999993 -3.20487298098166,43.184579014778,160.360499999995 -3.20496803172188,43.1844409648945,160.988500000007 -3.20505897536463,43.1842810379456,160.758499999996 -3.20511899001211,43.1842040084455,161.030799999993 -3.20522401474694,43.1840809621328,161.964300000007 -3.20528402939442,43.1840050223258,162.232600000003 -3.20533297949259,43.183940984066,162.410799999998 -3.20535896326217,43.1838969794209,162.237099999998 -3.20541897790966,43.1837760285461,161.996599999999 -3.20547002377739,43.1837099791395,162.223700000002 -3.20549902498802,43.1836829890975,162.226699999999 -3.20559097474385,43.1835259959646,162.415299999993 -3.20561896984136,43.1834369805865,162.404599999994 -3.20566398082699,43.183367997624,162.612999999998 -3.20571502669469,43.183318963302,162.851899999994 -3.20582298532723,43.1832270137712,163.485799999995 -3.20583296022014,43.1832020357492,163.500899999999 -3.2059130072985,43.183073960098,163.745800000004 -3.20597503327392,43.1829810047328,164.215100000001 -3.20609799556832,43.1828499960589,165.451000000001 -3.20620503252937,43.1827510055731,168.453200000004 -3.20623202241206,43.1827179809792,168.438399999999 -3.20630100583937,43.1826049929379,166.870500000005 -3.20637099448146,43.1825110313856,166.155799999993 -3.20642899690275,43.1824210097081,166.291800000006 -3.20648197055505,43.182383961725,169.639899999995 -3.20658297263401,43.1821920165372,171.491299999994 -3.20662002095297,43.1821399648331,171.902199999997 -3.20669897837485,43.1820569842481,173.731299999999 -3.20673803802174,43.1820009930377,174.4467 -3.20676100435027,43.1819589992687,173.8986 -3.20683401043341,43.1818369591555,173.845300000001 -3.20685496543407,43.181805024052,174.068599999999 -3.20699301583198,43.1816180239132,174.605800000005 -3.20710902067449,43.1814860087897,174.0772 -3.20716400655306,43.1814460269578,174.843699999998 -3.20722997164099,43.1813789715038,175.037700000001 -3.20734002604309,43.1812759579693,177.285600000003 -3.2074720415589,43.1810830070765,174.648499999996 -3.20757295919626,43.1810089946202,174.737200000003 -3.20769198237812,43.1809160393862,174.115900000004 -3.2078440303248,43.18083800407,173.694600000003 -3.20788300553004,43.1807660029756,171.892399999997 -3.20791896419255,43.1807459702315,172.583400000003 -3.20801703237381,43.1806579602339,174.532699999996 -3.20808199224696,43.1805670167858,172.506699999998 -3.20824401418821,43.1804569626781,171.854900000006 -3.20836798259573,43.1803970318158,172.426000000007 -3.20846596723366,43.1803449798915,172.448600000003 -3.2085369619889,43.1803169848178,173.664399999994 -3.20866101393975,43.1802609933218,173.863500000007 -3.20878397713244,43.1801620032235,170.521999999997 -3.2088679633233,43.1801029943921,168.816500000001 -3.20898396906414,43.1800910088099,171.908899999995 -3.20901799904376,43.1800969600052,173.708700000003 -3.20916099466732,43.1800569779188,174.346300000005 -3.20926803162834,43.1799859833831,172.395099999994 -3.20933299150148,43.1799529586036,171.175700000007 -3.20937800248712,43.1799279805522,170.237599999993 -3.20942401868757,43.1798890045265,168.384399999995 -3.20949501344278,43.1798320077759,166.591700000004 -3.20960003907589,43.179807029675,167.187699999995 -3.20979801967966,43.1797729992807,170.308000000005 -3.20980698845949,43.1797719931074,170.513000000006 -3.20986197343969,43.1797640301888,171.492700000003 -3.20993196208182,43.1797269825586,170.223800000007 -3.21010395891598,43.1796129887016,167.452000000005 -3.21014704211701,43.1795920339061,167.186300000001 -3.21022298209787,43.1795730069533,168.254100000006 -3.21031996062269,43.1795369647294,168.792300000001 -3.21040595903979,43.1794679819456,167.429199999999 -3.21053101710374,43.1794040280156,167.526100000003 -3.21059497086377,43.1793559993103,167.323000000004 -3.21068901549087,43.179260026945,166.788400000005 -3.21086302365296,43.1791470383998,167.060400000002 -3.21099897828135,43.1790590287176,167.210399999996 -3.21102404037944,43.1790479646119,167.269799999995 -3.21107600791862,43.179020974474,167.358099999998 -3.21113602256614,43.1789609603185,167.506200000003 -3.21117298644344,43.178943023205,167.747099999993 -3.21132796828785,43.178831040917,168.321599999996 -3.21148102144932,43.1786359939253,168.301300000006 -3.21161395863665,43.1784980275541,168.804099999994 -3.21164497207351,43.1784400252751,168.884000000005 -3.21175301424935,43.1783319823479,169.188899999994 -3.21187497132896,43.1781869751699,169.796900000001 -3.21187396521584,43.178180018244,169.7785 -3.21185703376938,43.178112041438,169.752099999998 -3.21189600987291,43.1780630068252,169.976800000004 -3.21193699730438,43.1780060103352,170.210399999996 -3.21195401229417,43.1779230293722,170.447199999995 -3.2119830135048,43.1778670383012,170.732499999998 -3.21207496326066,43.1777429861115,171.269499999995 -3.21212701524148,43.1776589992381,171.204199999993 -3.21220396043716,43.1776269807189,171.702699999994 -3.21223103476148,43.1776180119668,171.810599999997 -3.21233396462507,43.177585992771,172.075500000006 -3.21237302427193,43.1775450054507,172.273199999996 -3.21242197437007,43.1774500384157,172.603799999997 -3.21244603035508,43.1774129906917,172.753500000006 -3.21260696263992,43.1771629582545,173.476699999999 -3.21276001669969,43.1769690012462,174.262799999997 -3.21280502678702,43.1769120043902,174.978900000002 -3.2128229643466,43.1768899599054,175.083499999993 -3.21293695786121,43.1768199705296,175.539799999999 -3.212969982626,43.1768150252369,175.608600000007 -3.21309403547517,43.1767700144736,175.853000000003 -3.2132090351029,43.1766580327861,176.462599999999 -3.21329796651938,43.1766029635835,176.809800000003 -3.21335303594125,43.1765629818296,176.997499999998 -3.21342302458334,43.1765309627357,177.129199999996 -3.21348203311775,43.1765140311353,177.220400000006 -3.21352503277544,43.1765049790226,177.248800000001 -3.21369996260903,43.1764250153602,177.762000000002 -3.21394496552637,43.1763260255938,178.464699999997 -3.21419700943889,43.1762919945696,178.731599999999 -3.21421402532701,43.1762889771878,178.757199999993 -3.21447696580392,43.1762589697575,179.147899999996 -3.2145700043179,43.1762500014596,179.229500000001 -3.21471400515625,43.176247989652,179.354800000001 -3.21489103165773,43.1762850380829,179.583400000003 -3.21492698942191,43.1762759852812,179.5723 -3.21508197126632,43.1763199901785,180.453599999993 -3.21511801347213,43.1763220019836,180.254799999995 -3.2152549733153,43.1763370056852,179.692999999999 -3.21559603308597,43.1763739695545,179.680800000002 -3.21571002749887,43.1764019651259,179.691000000006 -3.21580901735163,43.1764250153602,179.657099999997 -3.2160069979554,43.1764889697901,179.629499999995 -3.21618704099959,43.1765019616514,179.028999999995 -3.21646096158423,43.176558958235,178.9133 -3.21650102734421,43.1765749681043,179.126300000004 -3.21675399292821,43.1765929891106,178.438399999999 -3.2169490396343,43.1766290311071,178.738400000002 -3.21718599634164,43.1766459626756,178.346999999994 -3.21725103975807,43.1766390055741,177.894400000005 -3.21733997207289,43.1766459626756,178.219299999997 -3.21755203376876,43.1766089983158,176.540699999998 -3.21770198684418,43.1765970120478,176.328299999994 -3.21780500025107,43.1765960064772,176.826000000001 -3.2180339933934,43.1765730401597,176.967099999994 -3.21813801291344,43.1765720339337,177.952600000004 -3.21834102228616,43.176472038178,176.771399999998 -3.21835502073323,43.1764680145775,176.773300000001 -3.2184919805764,43.1764489879614,177.403699999995 -3.2185250053412,43.1764349898606,177.517399999997 -3.21860496887623,43.1763960142256,177.434599999993 -3.21875701682288,43.1762520132671,176.837199999994 -3.21886799289647,43.1761589741442,176.837 -3.2190440132848,43.1760100272689,176.806299999997 -3.21904501849961,43.1759889886941,176.773199999996 -3.21895298520042,43.1758599912496,176.104900000006 -3.218906969,43.1758299842636,174.552800000005 -3.21874201316102,43.1758110413019,174.947899999999 -3.21863799364099,43.1758080238965,174.408800000005 -3.21859901753745,43.1757620068066,173.530899999998 -3.21855702399287,43.1756139826615,176.505300000004 -3.21863598231308,43.1754699818242,176.632700000002 -3.21868702728249,43.1753460132043,176.867499999993 -3.21870102572956,43.1752369644506,177.060800000007 -3.21874695838664,43.1751770337055,177.013300000006 -3.2187679969306,43.1751419977567,176.999299999996 -3.21891300388207,43.1749949790158,176.583199999994 -3.21897201241647,43.1748259998558,176.996499999994 -3.21906999705441,43.1747590281923,177.215400000001 -3.21924098777545,43.1747389954427,175.380399999995 -3.2194160020507,43.1747110004192,174.502999999997 -3.21949797691363,43.1746519915608,174.5098 -3.2195999842074,43.1745690106257,175.150299999994 -3.2196529578597,43.1745219883078,175.213799999998 -3.21969503494761,43.1745010337304,175.233200000002 -3.21973501716429,43.1744629799219,175.255900000004 -3.21979503181178,43.1744059826921,175.450200000007 -3.21987398923369,43.1743090041447,175.126999999993 -3.21996300509181,43.1742100135687,174.704899999997 -3.2199960298566,43.1741579622662,174.420800000007 -3.22013902458184,43.1739990415096,174.562999999995 -3.22028696543106,43.1738800180549,175.036999999997 -3.22046097359315,43.1737149783563,175.216100000005 -3.22054403811253,43.1736650223807,175.049700000003 -3.22064898020235,43.1735149864961,175.7641 -3.22073497772112,43.1734569834144,175.859700000001 -3.2207929810407,43.173370985295,175.893899999995 -3.22083799202634,43.1732859926795,175.825200000007 -3.22096103786406,43.1731480266679,175.811300000001 -3.22097403019802,43.1731229645965,175.786699999997 -3.22100898274738,43.1730900238929,175.813399999999 -3.22108601238469,43.1730689856224,175.945999999996 -3.22126697710038,43.1730089708581,175.930699999997 -3.22143402870891,43.1729209608457,175.933499999999 -3.2215819695581,43.1728929656439,175.939199999993 -3.22178103981832,43.1728099842841,176.019199999995 -3.22178900248503,43.1728059610974,176.031099999993 -3.22193400943649,43.1726809873308,176.456900000005 -3.22205998917194,43.1725550070162,177.049799999993 -3.22210298882964,43.1724949924019,177.241599999994 -3.22213701880922,43.1724769714966,177.213600000003 -3.22236198929571,43.1723850220163,177.260999999999 -3.22236601284988,43.1723749636516,177.316699999996 -3.22244899382593,43.1721970162105,179.346300000005 -3.22248796903116,43.1721769832757,179.414999999994 -3.22256499866847,43.1721150408596,180.454899999997 -3.22262803075701,43.1720049865866,182.414099999995 -3.22267203562952,43.1719729677233,182.031700000007 -3.22274001294368,43.17186802595,183.527799999996 -3.22281695903766,43.1717680303534,184.216 -3.2229329647785,43.1716449838735,184.598199999993 -3.2230189631956,43.1715080237399,185.169299999994 -3.22308400661207,43.171363016736,185.718900000007 -3.22317503379812,43.1712569857071,186.061799999996 -3.22329598476461,43.1710949631101,186.246299999999 -3.22337100307399,43.1710470189358,185.988800000006 -3.22343101682318,43.1710190235301,185.680699999997 -3.22345800670587,43.1709839871613,185.661099999998 -3.22351601002546,43.1709369647036,185.343599999993 -3.22360301365737,43.1708030219456,186.128500000006 -3.2236419897609,43.1707330328001,186.401299999998 -3.22375799550174,43.1706099862005,186.318899999998 -3.22377501049157,43.1705990063897,186.250400000004 -3.22395002476678,43.1704880295397,184.030199999994 -3.22412696682663,43.1703600379414,182.6495 -3.22418496924788,43.1702609636552,183.450100000002 -3.22419997290974,43.1702420209316,183.498000000007 -3.22426602243932,43.170160968048,183.405299999999 -3.22440801194978,43.1700029691909,183.122799999997 -3.22441304071873,43.1699789966798,183.2598 -3.22445696204791,43.1699589636726,181.954199999993 -3.22469199097064,43.1698879691893,180.942299999995 -3.22477597716151,43.1698719595324,180.688500000004 -3.22478603559774,43.1698670143323,180.721799999999 -3.22482098814714,43.1698469819435,180.677200000006 -3.22483004047026,43.1698410304044,180.616500000004 -3.22486901657379,43.1698220036892,180.992299999998 -3.22489600645652,43.1698009649481,181.116699999999 -3.22507495984427,43.1696950176896,181.491999999998 -3.22508602439362,43.16968303203,181.650599999994 -3.22527403010448,43.1695550400551,182.774900000004 -3.22545197827742,43.1694759989457,182.637700000007 -3.22556496567891,43.1694159845817,182.947499999995 -3.22570896741559,43.169282041764,183.945399999997 -3.22582899581227,43.1691610069029,184.3462 -3.22595103643521,43.1690660399331,184.675199999998 -3.22604700884691,43.1689419875544,185.630099999995 -3.22614398827003,43.1687069594239,188.732199999999 -3.22615496837775,43.168684998461,188.979800000001 -3.22613895860275,43.1686010115782,190.0239 -3.22608900239149,43.1685620361848,190.335200000001 -3.22590502023479,43.1684450246815,191.215800000005 -3.22587903556685,43.1684010193511,191.621499999994 -3.22584601080209,43.1682720222581,192.666299999997 -3.22585196214083,43.1680949965029,193.131099999999 -3.22588004168,43.1679720336941,193.379499999995 -3.22594299022521,43.1678230032977,193.857000000004 -3.22598800031251,43.1677120273005,194.158899999995 -3.22610400605335,43.1675950161345,193.153200000001 -3.22620601424545,43.1674780047444,191.795599999998 -3.22622797446089,43.16740801572,191.8606 -3.22631497899111,43.1673039964793,191.391600000003 -3.22652704068695,43.1671500203433,190.771599999993 -3.22668596164386,43.1670099589079,191.266699999993 -3.2268240120418,43.1668900137267,191.833299999998 -3.2269550205462,43.1668030098015,191.412299999996 -3.22709298650249,43.1667249741399,191.057499999995 -3.22717102225288,43.1666770298113,191.095199999996 -3.22724000568019,43.166632018783,191.494399999996 -3.22728702799375,43.1665890198474,191.627999999997 -3.22741602517022,43.1664499641736,192.763999999996 -3.22747696148919,43.1663720125823,193.839000000007 -3.22754099969088,43.1663119977894,193.974600000001 -3.22762297455381,43.1662389915163,194.417100000006 -3.22769396930902,43.1661649794138,194.469899999996 -3.22781198637779,43.1660039628135,193.808900000004 -3.22791097712884,43.1659010334162,193.146099999998 -3.22801197920779,43.1657980193233,192.695300000007 -3.22803201163863,43.1657700241325,192.739600000001 -3.22816696015387,43.1656219993566,192.377399999998 -3.22825295857097,43.1655790003652,192.113200000007 -3.22832596465411,43.1654619890446,192.361000000004 -3.22834800931118,43.1654009689131,192.386400000003 -3.22843702516933,43.1652100291699,192.376399999994 -3.22852101136019,43.1651309876797,191.349499999997 -3.22852796881205,43.1650849710627,191.427200000006 -3.22856099357684,43.1650330030586,191.437099999996 -3.22861799078331,43.1649869863677,191.220499999996 -3.22869300819435,43.1649109625329,191.356 -3.22870298308729,43.1648309994151,191.2598 -3.2287579680675,43.1647890062871,190.861600000004 -3.22876299773478,43.164785988337,190.947799999994 -3.22881798271502,43.1647969691928,191.107600000003 -3.22890900990106,43.1648119724496,191.030400000003 -3.22897296366109,43.1648119724496,190.824200000003 -3.22901696853361,43.1648050153105,190.758600000001 -3.22906600307337,43.164799986487,190.659700000004 -3.22909802172505,43.1647979749575,190.599100000007 -3.22923498246655,43.1648019980165,190.476299999995 -3.22930295978071,43.1648099609205,190.727799999993 -3.22939599829469,43.1648090390242,192.612800000003 -3.22946900527613,43.1647510361925,191.900099999999 -3.22948602026595,43.1646859922845,192.391399999993 -3.22954201135927,43.1645239706031,191.864300000001 -3.22957595779556,43.1644689848113,191.854099999997 -3.22965600487388,43.1643529797574,191.9807 -3.22973102318326,43.16429900024,191.9185 -3.22989899646328,43.1641410012899,192.123099999997 -3.22993696645373,43.1640829984791,192.206699999995 -3.23001500220416,43.1639899591638,192.289399999994 -3.230026988425,43.1639659869137,192.354300000006 -3.23016202048356,43.1638170404418,192.578999999998 -3.23017199537646,43.1638079884128,192.602400000003 -3.23029202377314,43.1637100036354,192.825100000002 -3.23030602222021,43.1637089978527,192.824900000007 -3.23038397352901,43.1636870370585,192.856 -3.23047600682817,43.1635509993424,193.104699999996 -3.2306259590053,43.1634230076231,193.399900000004 -3.23078496350554,43.1633660105741,193.475999999995 -3.23090700412844,43.1633080076827,193.792300000001 -3.23112702938932,43.1632289663525,193.883300000001 -3.23140002830247,43.1631410398781,194.042300000001 -3.23153799425875,43.1631019804064,194.148300000001 -3.23160496545979,43.1630599874004,194.297200000001 -3.23161996912168,43.1628780158451,194.798500000004 -3.23165500521438,43.1628549657397,194.842499999999 -3.23170697275356,43.1627030017822,195.517699999997 -3.2317330409648,43.1626839748092,195.451100000006 -3.23176103606231,43.1626159977908,195.810800000007 -3.23179095984276,43.1625249704667,196.176800000001 -3.23188299314193,43.162306034785,196.508799999996 -3.231949964343,43.1621539869007,196.598400000003 -3.23206001874507,43.1620649711631,196.557700000005 -3.23218398715258,43.1618789766691,196.964600000007 -3.23230502166241,43.1617199721973,197.475399999996 -3.23237702253073,43.1615639847658,198.160499999998 -3.2324770184966,43.1614100092324,198.469700000001 -3.23259302423744,43.1612670141459,198.513500000001 -3.2326859792081,43.1610790081918,199.085699999996 -3.23280902594412,43.1609050000463,199.632899999997 -3.23282101216496,43.1608979592439,199.606499999994 -3.23291748763324,43.1608252040194,199.581699999995 -3.23303475011715,43.1607174130032,199.779399999999 -3.23318302603795,43.1605880799143,199.865300000005 -3.23328796812774,43.1604900119957,200.112800000003 -3.23332459693346,43.1604569032831,200.316600000006 -3.23341755190411,43.1603167576985,200.649000000005 -3.23347513571045,43.1602305078013,201.024399999995 -3.2336010319026,43.1600369701245,201.665299999993 -3.23362559094415,43.1600077167913,201.850000000006 -3.23372961046415,43.1598334572457,202.902900000001 -3.23380923802923,43.1596700099191,202.768100000001 -3.23384502870679,43.1595830061954,203.010599999994 -3.23395986124789,43.1594382506857,203.1109 -3.23404175256749,43.1593933234418,203.410799999998 -3.23413244468195,43.1593447921259,203.425000000003 -3.23425641308947,43.1592801677391,203.390499999994 -3.23449756043759,43.159148990921,204.270199999999 -3.23464365704551,43.1590807622725,204.402700000006 -3.23469897709736,43.1590465643711,204.4856 -3.23493861617413,43.1589334086815,205.045100000003 -3.23511564177728,43.1588479130306,205.453999999998 -3.23515797039344,43.1585139781431,205.305999999997 -3.2352650073545,43.1584190110032,204.875599999999 -3.23548302038911,43.158271992636,205.400399999999 -3.23552803137474,43.1582389679094,205.850399999996 -3.23557798758603,43.1581839823586,206.137600000002 -3.23564998845435,43.1581310091626,206.655700000003 -3.2357329685321,43.1580210384724,206.392600000006 -3.23579298317959,43.1579640416262,206.597200000004 -3.23582600794438,43.1579389798775,206.414499999999 -3.23590429522309,43.157809562927,207.079500000007 -3.23615323725294,43.1578202920925,207.569499999998 -3.23633914809254,43.1578257402247,207.741500000004 -3.23652505893218,43.1578202920925,207.856100000005 -3.23677064844939,43.1577448550044,209.303100000005 -3.2369167450573,43.1577179485038,210.895399999994 -3.23707273211649,43.1576936415569,213.124500000005 -3.2372685334074,43.1576640528998,217.295199999993 -3.23744203851296,43.1575600334501,218.625499999995 -3.23758721344938,43.1574510689286,219.815499999997 -3.23764035508664,43.1574403403537,220.163199999995 -3.23769014331297,43.1574268450987,220.295499999993 -3.2377432005086,43.1574161165195,220.402700000006 -3.23781620749005,43.1574026212591,220.381299999994 -3.23794629432296,43.1576586047532,222.462599999999 -3.2380856850073,43.157712500362,223.030799999993 -3.23830143518569,43.1577259955539,223.327999999994 -3.23843797641395,43.1578140051805,223.688999999998 -3.23854995860062,43.1578180286994,224.189199999993 -3.23871642360929,43.157809562927,225.010299999994 -3.23883259643679,43.1578607762773,225.275200000004 -3.23888565453072,43.1579362132223,224.661099999998 -3.23890560341826,43.1579766141079,224.431200000006 -3.23894877016259,43.1580197809632,224.391099999993 -3.23898858349598,43.1580736769087,224.106400000004 -3.23904499410258,43.1581652907986,223.6149 -3.2391445714535,43.1582649515302,223.074500000002 -3.23928396213782,43.1584190110032,221.654699999999 -3.2392989657997,43.1584289858232,221.550700000007 -3.23931497557468,43.1584380379938,221.655599999998 -3.2393340018924,43.1584449952027,221.746899999998 -3.23936199788824,43.1584640221852,221.198999999993 -3.23938395810369,43.1584760080803,221.377600000007 -3.23945503640222,43.1585019922555,220.811100000006 -3.23957598736869,43.1585070209421,220.430999999997 -3.23973700409516,43.1585589892552,220.288 -3.2399309611448,43.1585849727399,220.312099999996 -3.24000497334106,43.1586090290123,220.148300000001 -3.24021401849418,43.1587169875698,219.847999999998 -3.24031602578795,43.1587350086031,219.379300000001 -3.24045198041633,43.1587670278528,219.606100000005 -3.24049196173468,43.158783959131,219.856899999999 -3.24066697600989,43.1588650120393,220.444000000003 -3.24093502969742,43.1589579674196,220.710500000001 -3.24095003335931,43.1589690318886,220.914199999999 -3.24112303540828,43.1590670164064,222.525800000003 -3.24115497051663,43.1590820197599,222.782999999996 -3.24119797017433,43.1591309700098,222.933699999994 -3.2412530386979,43.1591769865247,223.005399999995 -3.2412979661402,43.1591970191362,223.090299999996 -3.24131196368894,43.1592049821155,223.116899999994 -3.2413409648996,43.1592230030049,223.166299999997 -3.24139603432146,43.1592609732588,223.241899999994 -3.24141195965481,43.1592649966824,223.285999999993 -3.24149100151835,43.1593100072412,223.507400000002 -3.24171102588089,43.1594349814995,224.556500000006 -3.24187397039194,43.1595059763367,225.486000000004 -3.24200799723572,43.1596369852928,225.9859 -3.24213900574012,43.1598030308729,226.865399999995 -3.24221402404949,43.1599059607155,227.441999999995 -3.24235903100096,43.1600369701245,228.023100000006 -3.24242801442827,43.1601119882853,228.414300000004 -3.24254603149704,43.1602099722808,229.176200000002 -3.24257000393872,43.1602350344086,229.380499999999 -3.24259799903623,43.1602580009726,229.561600000001 -3.24265097268853,43.1603129859676,229.909799999994 -3.2427060421104,43.1603600087406,230.178599999999 -3.24276999587042,43.160408958622,230.365999999995 -3.24279103441438,43.1604439951592,230.501799999998 -3.24285901172854,43.1605449967819,230.792000000001 -3.24297300524315,43.1606520338914,231.226800000004 -3.24301298745983,43.1607210169611,231.467300000004 -3.2430450061115,43.1607979627248,231.558900000004 -3.24310300853276,43.1609039942175,232.333199999994 -3.24327399925384,43.161099040835,234.188699999999 -3.24334901756321,43.1611599774586,235.158200000005 -3.24342001231842,43.1612459757345,236.528399999996 -3.24343300465237,43.1612459757345,236.627999999997 -3.24342202364636,43.1612619850312,236.4859 -3.2432190142736,43.1613270286531,235.790200000003 -3.24312798708755,43.1613619814461,235.651100000003 -3.24318297206779,43.1613700280163,236.053700000004 -3.24335396278883,43.1613560297356,237.651899999997 -3.24342202364636,43.1613720396587,238.579700000002 -3.24365696902576,43.1613639930887,240.387600000002 -3.2436790127845,43.161369022195,240.631800000003 -3.2437299751089,43.1613639930887,241.098800000007 -3.2438420408389,43.1613629872674,241.836299999995 -3.24394396548768,43.1614670061404,242.561600000001 -3.24406600521229,43.1615189745569,243.128599999996 -3.24413800608061,43.1615469697299,244.371899999998 -3.24413901219373,43.1615499871848,244.449800000002 -3.2441879622919,43.1615440361478,244.476299999995 -3.2442570292625,43.161576977181,246.121400000004 -3.24428896437085,43.1616209821854,248.289699999994 -3.24444101231753,43.1617519911933,250.879300000001 -3.24444503497337,43.1617580260825,250.926500000001 -3.24445802730732,43.1617779752859,251.391699999993 -3.24454603705232,43.16187503729,249.501499999998 -3.24461200303861,43.1619259995474,250.146999999997 -3.2446659819057,43.1619629636207,250.323399999994 -3.24470596412238,43.1620330362033,251.169099999999 -3.24471803388652,43.1620590201763,251.279699999999 -3.24475097510798,43.162099002252,251.159400000004 -3.24479296775426,43.162134960412,250.823399999994 -3.2449580080349,43.1622369683225,249.4715 -3.24497996825035,43.1622809728514,249.072199999995 -3.24499002668658,43.162324978004,248.674299999999 -3.24505196911867,43.1624379662217,247.602799999993 -3.24506403888284,43.1624460126502,247.513800000001 -3.24520401616703,43.1626289899823,246.058300000004 -3.24534399434954,43.162790006305,244.861499999999 -3.24539504021724,43.1628749984558,244.187099999996 -3.24544901998266,43.1629250386097,243.808099999995 -3.24553200006041,43.1630839593507,242.386400000003 -3.24561498103646,43.1631599834935,241.785000000003 -3.24571103788979,43.1633289621689,240.436400000006 -3.24574599043918,43.1634220018356,239.750799999994 -3.24579603019377,43.1635039764043,238.978099999993 -3.24592997349422,43.163692988542,237.806899999996 -3.24594899981194,43.1638229919126,236.218699999998 -3.24603097557317,43.1640150210516,234.336200000005 -3.24604396700883,43.1640649770575,233.714900000006 -3.24609300154862,43.1642340403751,232.369399999996 -3.24612602631338,43.1644290036314,230.630300000004 -3.24615603273883,43.164542997003,230.999400000001 -3.24617799385257,43.1645829787635,230.513600000006 -3.24621696995614,43.1646409817549,230.386599999998 -3.24622996139176,43.1646600087735,230.343299999993 -3.24627396626428,43.1647350264996,230.161099999998 -3.24627497237739,43.1648999823529,229.053899999999 -3.24628301858739,43.1649439875846,228.999299999996 -3.24628603602844,43.1650480069127,228.275399999999 -3.24628603602844,43.1650839653026,228.015700000004 -3.24630799714218,43.1652780065782,227.209799999997 -3.24632300080407,43.16531999937,226.853600000002 -3.24639600688722,43.1654680242225,225.634999999995 -3.24656398016724,43.1655800061171,223.601800000004 -3.24675802165851,43.1656479837689,222.107699999993 -3.24689196406063,43.1657169664393,220.415399999998 -3.24699900102168,43.1657710298813,219.432499999995 -3.24719698162545,43.1658530052292,217.690499999997 -3.24732497358713,43.1659400091971,216.275099999999 -3.24740996589111,43.1660020351903,215.558000000005 -3.2474230417684,43.1660209779184,215.3897 -3.24742999832195,43.1661020310542,214.573600000003 -3.24749495819509,43.1661890353226,213.775099999999 -3.24758196272531,43.1663730183212,212.765599999999 -3.24758296794009,43.1664399893527,212.575400000002 -3.24762001625905,43.1665099781758,211.997300000003 -3.2476930223422,43.1666709947528,208.9185 -3.24768003090654,43.1666999959192,208.766900000002 -3.24768799357324,43.166767973635,208.143800000005 -3.24777097454929,43.1669030056645,211.869699999996 -3.24777298587719,43.1669399700024,211.572 -3.24772696967677,43.1670330094111,210.9948 -3.24769696235303,43.1671380341843,210.687399999995 -3.24773099233261,43.1672650202583,210.813200000004 -3.24773903944094,43.1673070136498,210.9617 -3.2477559708874,43.1673950238896,210.818199999994 -3.24779201309325,43.1674579715721,210.938500000004 -3.24796400992744,43.1676349972079,211.112500000003 -3.24798203103035,43.1676429603978,211.089399999997 -3.24800399124579,43.1676639992271,211.044800000003 -3.24811597343246,43.1676749789103,211.312699999995 -3.24823902016852,43.1676589699838,211.4663 -3.24832803602664,43.1676579636109,211.720400000006 -3.2485000319625,43.1676309743355,212.018400000001 -3.24853003928628,43.1676309743355,211.9666 -3.24874696356277,43.1675840357818,212.204100000003 -3.24884301951777,43.1675840357818,212.217699999994 -3.24903496523948,43.1675790065319,212.286600000007 -3.24921400306885,43.1675729715624,212.413199999995 -3.24939496778454,43.1676220054258,213.1014 -3.24948297842787,43.1676049901116,212.877200000003 -3.24971901256538,43.1676629928543,214.505600000004 -3.24986603084479,43.1676550303222,214.135999999999 -3.25009603010027,43.1676859592467,214.527499999997 -3.2501269599938,43.1676940062944,214.686499999996 -3.25024598317569,43.167708003778,214.722899999993 -3.25029501681716,43.1677410286279,215.652799999996 -3.25052996129826,43.1677510032364,215.346399999995 -3.25059902826886,43.1677339879581,215.393400000001 -3.2508870308439,43.1677430400605,215.852100000004 -3.25104896924186,43.1677359993909,215.751799999998 -3.25130796970794,43.1677009631044,215.302200000006 -3.25132800303711,43.1677039802553,215.351299999995 -3.25141299534105,43.1676990355348,215.041800000006 -3.25152103751693,43.1677230076303,215.376999999993 -3.25159697749779,43.1677260247801,215.401199999993 -3.2517170067928,43.1677430400605,215.404399999999 -3.25190601861678,43.1677869613455,215.810299999997 -3.25207600412304,43.1677739695958,215.875599999999 -3.25221598140723,43.1677489911488,216.099400000006 -3.25225101749995,43.1677250190635,215.895999999993 -3.25242100300621,43.1676729674755,215.694099999993 -3.25252502252622,43.1676510067959,215.782800000001 -3.25275602789478,43.1676149647423,216.073799999998 -3.25288502507128,43.1676540246044,216.3122 -3.2530860231161,43.1675790065319,216.696200000006 -3.25325600772406,43.1675299719788,216.967799999999 -3.253449965672,43.1674930079979,217.475000000006 -3.25372698724101,43.167438022913,217.574800000002 -3.25387903518766,43.1674129611192,218.030400000003 -3.25389403884955,43.1674110328853,218.038199999995 -3.25415798454128,43.1673319916223,218.001600000003 -3.25420198941377,43.167313970504,217.926900000006 -3.25424297684527,43.1673050022029,217.891600000003 -3.25444699233111,43.1672930160742,218.770499999999 -3.25455897451781,43.1672609967063,218.410900000003 -3.25470901113656,43.1672399583935,219.146200000003 -3.2547230086853,43.1672409641181,219.177299999996 -3.25483700219991,43.1672169918334,219.242800000007 -3.25505702746079,43.1671149843759,218.666700000002 -3.25511100722621,43.1670869884784,218.445900000006 -3.25521896585871,43.1670500242294,218.5092 -3.2553099930448,43.1670460013185,218.505699999994 -3.2555099858748,43.1670409720243,218.776899999997 -3.25559497817878,43.1670389605686,219.037400000001 -3.25594500672924,43.1669660377194,218.3174 -3.25596101560591,43.1669600026894,218.240399999995 -3.25599898559632,43.1669529619296,218.1054 -3.25605598280279,43.1669650319903,218.189899999998 -3.25614399254783,43.1669819636174,218.244500000001 -3.25640802268118,43.1669399700024,217.798299999995 -3.25658798218205,43.1668920258426,217.607300000003 -3.25682803987373,43.1668549776102,217.905400000003 -3.25697204071209,43.1668210310705,218.022599999997 -3.25699903059481,43.1668119781763,217.994000000006 -3.25711000666837,43.166820025339,217.941399999996 -3.25718502497775,43.1667949632917,217.896599999993 -3.25733195971385,43.1667409839664,218.051500000001 -3.25754796142053,43.1666259837201,218.177599999995 -3.25780000533305,43.1665109845676,218.441800000001 -3.25805498314329,43.1664040311058,218.710999999996 -3.25811902044665,43.16637402406,218.745800000004 -3.25824298885416,43.1663829924978,218.850099999996 -3.25837500437,43.1664000081524,218.998300000007 -3.25857298407548,43.1663649717548,219.298500000004 -3.25857901985587,43.1663659774937,219.310599999997 -3.25868102714965,43.1663620377487,219.314199999993 -3.25894899639554,43.1663710068435,219.4568 -3.25925401396037,43.1663819867591,220.023000000001 -3.25933397749536,43.1663799752817,219.988899999997 -3.2593970095839,43.1663900333234,219.892500000002 -3.25948501932893,43.1663990017588,220.055500000002 -3.25961502261855,43.1663829924978,220.310400000002 -3.25965098128103,43.1663900333234,220.5288 -3.25969599226666,43.166386010369,220.745800000004 -3.25973597358501,43.1663850039752,220.441099999996 -3.25980797445337,43.1663470342174,220.039099999995 -3.25989003285963,43.1662850079193,220.810400000002 -3.25997603127672,43.1660799865985,220.468200000003 -3.25997502516357,43.166060960022,220.473199999993 -3.25984099921816,43.1659530006818,220.695000000007 -3.25971501858438,43.1658400130681,221.659799999994 -3.2595440278633,43.1658000314751,222.009900000005 -3.25942802212246,43.1657720356301,222.6921 -3.25933297138225,43.165743034023,222.6636 -3.2591270281118,43.165658041931,223.231799999994 -3.25914102566054,43.1656199878542,223.938099999999 -3.25930195884369,43.1655449699045,224.540699999998 -3.25931696250557,43.1655410307617,224.606799999994 -3.25938804080411,43.1655189861036,225.133499999996 -3.25957202385915,43.1655019708588,226.119099999996 -3.25960303639771,43.1654919965383,226.382100000003 -3.25970596626126,43.1654420403889,227.350399999996 -3.25983496343776,43.1654469852921,228.104399999997 -3.25987603531085,43.1654390224712,228.266799999998 -3.26002003614921,43.1654139605124,229.116099999999 -3.26004702603193,43.1654169784314,229.336299999995 -3.2600979883563,43.165398035516,229.4228 -3.26019303909652,43.1653609870327,229.819900000002 -3.26038297259199,43.1652849630082,229.876499999998 -3.26053895965118,43.1652360131022,229.623699999996 -3.26060903273493,43.1652230208098,229.909899999999 -3.26080198367142,43.1652110349279,230.869000000006 -3.26101102882458,43.1651729812279,231.288499999995 -3.26111898745708,43.1651549601279,231.328699999998 -3.26130095828588,43.1651169902607,231.485799999995 -3.26135996771859,43.1650920120378,231.7212 -3.26158996697403,43.1650159883337,231.306500000006 -3.26168702904218,43.1649950331157,231.423899999994 -3.26184301610137,43.16496997163,231.496700000003 -3.26207402146994,43.1649549677567,232.461599999995 -3.26220402475955,43.1649249606543,232.571500000005 -3.26226496107853,43.1648969650636,231.532500000001 -3.26231500173144,43.1648800335138,231.859400000001 -3.26233302283435,43.1648750046965,231.894 -3.26238700170143,43.1648579892723,231.806700000001 -3.26240703503061,43.1648490206107,231.758100000006 -3.26244601023584,43.1648279821223,231.665900000007 -3.26253402087917,43.1647880005221,230.743199999997 -3.26254701231479,43.164784982572,230.723899999997 -3.26274197547755,43.164708959141,230.110799999995 -3.26290500353195,43.1646460105914,229.669899999994 -3.26300198205674,43.1646050231042,229.177599999995 -3.26313701501363,43.1645920313329,229.231199999995 -3.26337900048992,43.1644959748285,228.816300000006 -3.26345301268618,43.1644630340587,228.476299999995 -3.26361796852516,43.164443001208,228.296700000006 -3.26380002289729,43.1643639600358,227.991899999994 -3.26388996132522,43.1643539855295,227.9899 -3.2639829998392,43.1643239781319,228.006099999999 -3.26429002963026,43.1642000098202,227.797500000001 -3.26439203692403,43.1641629619208,227.673699999999 -3.2645350325476,43.1641160233231,227.573799999998 -3.26461801262531,43.1640799811494,227.423699999999 -3.26482898556307,43.1640020291548,226.589999999997 -3.2650319949358,43.1639519892278,227.088099999994 -3.26523500520685,43.1639049665984,227.669999999998 -3.26540197237376,43.1638450358723,227.736000000004 -3.26551202677586,43.1638209803509,227.833799999993 -3.26570397249757,43.1637789865286,227.880799999999 -3.26588896076739,43.1637319644213,228.127800000002 -3.2659840115076,43.163690976976,228.205900000001 -3.26606104114491,43.1636540126379,228.258199999997 -3.26621099332203,43.1636140309246,228.091 -3.2663109901862,43.1635749711,228.337799999994 -3.26659496830874,43.1634629888061,228.242299999998 -3.26693804030564,43.1633360033465,228.175399999993 -3.26713199735528,43.1632889808982,228.513900000005 -3.26716300989384,43.1632749830571,228.547300000006 -3.26731002907154,43.1632279605619,228.4951 -3.2675329873318,43.1631559596711,229.184399999998 -3.26779400002411,43.1630780084632,229.400099999999 -3.26799298674103,43.1630110370221,229.301600000006 -3.26819700222687,43.1629319953076,229.190100000007 -3.26820999366253,43.1629200096314,229.094899999996 -3.26839397671756,43.1628220247403,229.074500000002 -3.26840898037942,43.1628139783613,229.089399999997 -3.26849598401133,43.1627829650646,229.277700000006 -3.26866202950675,43.1627030017822,229.196500000005 -3.26882103490529,43.1625869966511,229.2258 -3.26899303084119,43.1624549816647,229.943899999998 -3.26915496923912,43.1623519676579,230.195800000001 -3.26920601510685,43.1623180212369,230.183600000004 -3.26927097497999,43.1622750218857,229.979500000001 -3.26937398838688,43.1621610282136,229.0861 -3.26945596414811,43.1620580143664,229.074800000002 -3.26963500107919,43.1618690024124,229.470199999996 -3.26981001535443,43.1617600377121,229.646200000003 -3.2699710320809,43.1616469656784,230.138999999996 -3.27002098739383,43.1616120130485,230.179900000003 -3.27017001789949,43.1615019588533,230.5625 -3.27027495909095,43.1613219995434,230.302299999996 -3.2703189648618,43.1611319814529,230.294800000003 -3.27034201473365,43.1609970329903,230.150599999994 -3.27034997740036,43.1609319896723,230.090700000001 -3.27042801315075,43.1607119644735,230.457699999999 -3.27042901926387,43.1606869864153,230.421199999997 -3.27047302413638,43.160495041174,230.657399999996 -3.27050403667494,43.1604149936438,230.793900000004 -3.27053798400952,43.1602419914129,231.021299999993 -3.27061702497473,43.1600679828494,232.073600000003 -3.27063596774913,43.1599679869377,232.111999999994 -3.2706929649556,43.1597900387357,231.507700000002 -3.27070503471977,43.1597020293342,230.801300000006 -3.27072397839246,43.1595189685343,230.139899999995 -3.2707600205983,43.1593619755266,230.146399999998 -3.27085196945584,43.1591899787923,231.070800000001 -3.27090603276459,43.159024016733,231.649900000004 -3.27098499018647,43.1588469910444,232.085699999996 -3.27101600362336,43.1586999723964,231.985000000001 -3.27107702348567,43.1584979687817,232.455000000002 -3.27108599226545,43.1583320068087,232.257899999997 -3.27108800449169,43.1583109686973,232.3226 -3.27110200204046,43.158267969147,232.660900000003 -3.27111901703025,43.1581869999795,233.209700000007 -3.27114399558504,43.1579740158652,232.184599999993 -3.27115799313378,43.1578900293279,231.561199999996 -3.27118095946234,43.1578490418952,231.786200000002 -3.27123401665797,43.1577740235772,232.348499999993 -3.2712709814336,43.1577130036304,232.435700000002 -3.27130903496735,43.1576330402654,232.561700000006 -3.27132001507507,43.1575750371736,232.232799999998 -3.27130501141318,43.1574720234578,231.899900000004 -3.2713040061984,43.1574720234578,231.890299999999 -3.27130098785901,43.1575160287974,231.781600000002 -3.27132797774174,43.1575329604222,232.227700000003 -3.27132496030069,43.1575039588357,232.093599999993 -3.27132596641381,43.15749197275,232.071599999996 -3.27133300740902,43.157488033088,232.165900000007 -3.27131498630612,43.15749599629,231.933900000004 -3.27131096275195,43.1574970015197,231.881699999998 -3.27127399887462,43.1574609593729,231.715899999996 -3.27139897249695,43.1572939919715,232.210600000006 -3.27142001104091,43.1572359892132,232.128700000001 -3.27159703664405,43.1570710336363,231.909199999995 -3.271610028978,43.1570469774137,231.858099999998 -3.2716350075328,43.1569889744209,231.780199999994 -3.27166903751241,43.156941030315,231.772899999996 -3.27158102776738,43.1568189893521,231.225600000005 -3.27149100579615,43.1567660162834,231.765799999994 -3.27139402727133,43.1566920038446,231.502399999998 -3.27123200533004,43.1565480029559,231.251600000003 -3.27115396957965,43.1564119644158,229.619099999996 -3.27111197603503,43.1562940312061,229.728099999993 -3.27108196871129,43.1562030036375,229.655400000003 -3.27106000849584,43.1561569868489,229.624100000001 -3.27101499751025,43.1560699827102,229.551000000007 -3.27101499751025,43.1559569945117,229.441000000006 -3.27104500483399,43.1558799653243,230.073799999998 -3.27105598494171,43.1557030229268,229.744300000006 -3.27105397361378,43.1556750276974,229.705799999996 -3.27104500483399,43.1554710120757,229.978700000007 -3.27108800449169,43.1553669928247,230.198799999998 -3.27109797848629,43.1553260050103,230.066900000005 -3.2711340206921,43.1550960058874,230.021200000003 -3.27113603202004,43.1550029666483,230.076499999996 -3.27129000775133,43.1548599709843,231.330100000006 -3.27129897653111,43.1548499968924,231.317999999999 -3.27138899850238,43.1547100193184,231.426300000006 -3.2714879883551,43.1545530257509,231.251300000004 -3.27150802168423,43.1545129607529,231.251999999993 -3.2715390342228,43.1543419694128,230.771800000002 -3.27159703664405,43.1542279760126,231.496700000003 -3.27161598031678,43.1541559750011,231.392300000007 -3.27162603875301,43.1540520393608,231.900299999994 -3.27167297752325,43.1539379621918,232.468900000007 -3.27167197141013,43.1539299991815,232.516699999993 -3.27165596163513,43.1539080388044,232.712799999994 -3.27165302863574,43.1538900176582,232.865699999995 -3.27165596163513,43.1538920288915,232.8361 -3.27165302863574,43.1538910229472,232.857699999993 -3.27165101640947,43.1538920288915,232.859100000001 -3.27165001029635,43.1538920288915,232.863800000006 -3.27164699285534,43.1538890117139,232.898400000005 -3.27164699285534,43.1538880057695,232.896200000003 -3.27165202252262,43.1538880057695,232.872399999993</coordinates>
</LineString>
</Placemark>
</Folder>
</Document></kml>
