<?xml version="1.0" encoding="UTF-8"?>

<kml xmlns:xsd="http://www.w3.org/2001/XMLSchema" xmlns:gx="http://www.google.com/kml/ext/2.2" xmlns:atom="http://www.w3.org/2005/Atom" xmlns="http://www.opengis.net/kml/2.2">
<Document>
<name>ES11a_01a_bilbao-guenes</name>
<visibility>1</visibility>
<Schema name="ES11a_01a_bilbao-guenes" id="kml_schema_ft_ES11a_01a_bilbao-guenes">
<SimpleField type="xsd:string" name="id">
<displayName>id</displayName>
</SimpleField>
<SimpleField type="xsd:string" name="nombre">
<displayName>nombre</displayName>
</SimpleField>
<SimpleField type="xsd:double" name="longitud">
<displayName>longitud</displayName>
</SimpleField>
<SimpleField type="xsd:string" name="_formato">
<displayName>_formato</displayName>
</SimpleField>
</Schema>
<Folder id="kml_ft_ES11a_01a_bilbao-guenes">
<name>ES11a_01a_bilbao-guenes</name>
<Placemark id="kml_1">
<name>&lt;img height='20' src='https://nco.ign.es/iconos/icono_todos_caminos_azul.png' /&gt;&lt;img height='20' src='https://nco.ign.es/iconos/Camino Santiago_20.png' /&gt;&lt;img height='20' src='https://nco.ign.es/iconos/icono_todos_caminos_azul.png' /&gt;  Camino de Santiago </name>
<visibility>1</visibility>
<description><![CDATA[<!DOCTYPE html>
<html>
<head>
<style>
#nco {
  border-collapse: collapse;
  overflow:hidden;
}
#nco th, #nco td {
  padding: 4px;
  text-align: left;
}
#nco th {
  color: #364B5F;
  padding-right: 5px;
}
#nco td {
  color: rgb(51, 51, 51);
  font-size: 12px;
  padding-right: 5px;
}
</style>
</head>
<body>
<table id="nco">
<tr>
<td>Caminos del Norte</td>
</tr>
<tr>
<th><b>Camino: </b></th>
<td>ES11a Camino Olvidado</td>
</tr>
<tr>
<th><b>Etapa: </b></th>
<td>01a Bilbao-Güeñes</td>
</tr>
<tr>
<th><b>Longitud: </b></th>
<td>25.33 km</td>
</tr>
</table>
</body>
</html>]]></description>
<Style>
<IconStyle>
<scale>0.8</scale>
</IconStyle>
<LabelStyle>
<color>ffffffff</color>
<scale>0.75</scale>
</LabelStyle>
<LineStyle>
<color>ffff0000</color>
<width>3.0</width>
<gx:labelVisibility>1</gx:labelVisibility>
</LineStyle>
<PolyStyle>
<color>66ff0000</color>
</PolyStyle>
</Style>
<ExtendedData>
<SchemaData schemaUrl="#kml_schema_ft_ES11a_01a_bilbao-guenes">
<SimpleData name="id">ES11a_01a</SimpleData>
<SimpleData name="_formato">kml</SimpleData>
</SchemaData>
</ExtendedData>
<LineString>
<extrude>0</extrude>
<tessellate>1</tessellate>
<coordinates>-2.92429396847071,43.2572999873032,5.53329999999551 -2.92429103547132,43.257296970002,5.53190000000177 -2.92429103547132,43.2572959644529,5.53260000000591 -2.9242900293582,43.2572930308928,5.5338000000047 -2.92429103547132,43.2572910191403,5.53630000000703 -2.92427997092193,43.2573419808979,5.49730000000272 -2.92415499729964,43.2573060225594,5.50079999999434 -2.92408299643128,43.2573579905067,5.56459999999788 -2.92404402032775,43.2574190109502,5.52159999999276 -2.92402197567067,43.2574439886803,5.51260000000184 -2.92393497203876,43.2575190068587,5.59410000000207 -2.92360497681747,43.2575979640344,5.71450000000186 -2.92353498727705,43.2575960366871,5.61410000000615 -2.92351696617414,43.2575960366871,5.62859999999637 -2.92350497995331,43.25758497243,5.64059999999881 -2.92349098240453,43.2575810326852,5.65020000000368 -2.9234769848558,43.2576640139151,5.70679999999993 -2.92350397473849,43.2578299753814,5.89629999999306 -2.92353599339017,43.2579400299252,5.83160000000498 -2.92352400716933,43.2579759878893,5.75950000000012 -2.92351596095933,43.2581560312284,5.4835000000021 -2.92351797228726,43.2583339792315,5.23759999999311 -2.92351202094849,43.2584450397028,5.07330000000366 -2.92352300105621,43.2585730310496,4.87170000000333 -2.92355895971873,43.2587349692458,4.70269999999437 -2.92353498727705,43.2588799760233,4.61019999999553 -2.92352098972828,43.2590770346371,4.49550000000454 -2.92349802339972,43.2592210357369,4.42269999999553 -2.92353398206223,43.2593979777301,4.2957000000024 -2.92357798693475,43.2594679665896,4.2786999999953 -2.92359701325247,43.2595480137591,4.33169999999518 -2.92361000558642,43.2596500217711,4.37699999999313 -2.92375199509684,43.2598009796031,5.00299999999697 -2.92389096716624,43.2597810310342,5.10700000000361 -2.92390999348397,43.2598110379499,5.18660000000091 -2.9239180405923,43.2598400393439,5.25010000000475 -2.92408199031816,43.2598859720912,5.61250000000291 -2.92411903863712,43.2599049995116,5.73559999999998 -2.92429396847071,43.2599380241909,6.2042999999976 -2.92440796288364,43.2599520214526,6.36229999999341 -2.92444199286322,43.2599670255244,6.33909999999742 -2.924655983242,43.2600469889545,4.09470000000147 -2.92469001411991,43.2600690328344,3.85920000000624 -2.92480099019347,43.260140027733,3.00100000000384 -2.92480903640347,43.2601550317585,2.95130000000063 -2.92491297238018,43.260210017048,2.81059999999707 -2.92493099348308,43.2602209970908,2.81119999999646 -2.92496200691994,43.2602380120973,2.81029999999737 -2.9250279720079,43.2602719590129,2.80560000000696 -2.92509796064999,43.2603029718404,2.80469999999332 -2.92515797529748,43.2603319736542,2.80560000000696 -2.92522897005272,43.2603800014178,2.82520000000659 -2.92529703091021,43.2604049798959,3.33620000000519 -2.92540297821482,43.2604369988069,7.83869999999297 -2.92546601030335,43.2604469733118,8.99370000000636 -2.92540398432793,43.2605250088569,8.21090000000549 -2.92539501554814,43.260529032148,8.0222999999969 -2.92537297089107,43.2606209816134,7.88210000000254 -2.92534899934773,43.2607499791117,7.30210000000079 -2.92526802969958,43.2608049645181,6.5911000000051 -2.92521396639083,43.2608499747834,6.17979999999807 -2.92513400285584,43.2609710096639,5.2158000000054 -2.9250810292035,43.260989030603,4.94180000000051 -2.92491498370808,43.2610919605678,3.98759999999311 -2.92488598249745,43.2611099814711,3.87029999999504 -2.92485203606117,43.2612170188671,4.11250000000291 -2.92478598653161,43.2613730061103,4.44079999999667 -2.92476100887512,43.2614020074145,4.47460000000137 -2.92459898603553,43.2615269813415,3.96890000000712 -2.92442799531445,43.2616760118809,3.86220000000321 -2.92439798799071,43.2617399652683,3.88090000000375 -2.92440100543176,43.261809032313,3.96510000000126 -2.92439203665197,43.262026962144,4.88030000000435 -2.92437602777526,43.2621299753969,4.72250000000349 -2.92433998556945,43.2621749859911,4.40989999999874 -2.92433596201529,43.2623550293431,5.80520000000251 -2.92432397579445,43.262415966278,5.4426999999996 -2.92430796691777,43.2625560279081,5.07069999999658 -2.92433001067655,43.2626369966696,4.63529999999446 -2.92425499326547,43.2628069821134,3.99580000000424 -2.9243369681284,43.2629020328206,6.47580000000016 -2.92443797020739,43.2630059682768,8.4887000000017 -2.92451399373155,43.2632379792959,3.97550000000047 -2.92455799860406,43.2632989997341,4.71439999999711 -2.92457601970697,43.2633310184315,4.02379999999539 -2.92461801325158,43.2633699941373,5.00849999999627 -2.92468900800679,43.2634259852419,5.07910000000265 -2.92475103398221,43.2635790388015,4.01300000000629 -2.92483300884515,43.2636729997813,3.9606000000058 -2.92490299748724,43.2637360319773,3.9664000000048 -2.92493903969308,43.2637669612702,3.95200000000477 -2.92496602957578,43.2637910173035,3.94530000000668 -2.92506099677269,43.2639050108749,3.88439999999537 -2.9252080150521,43.263995032676,3.83359999999811 -2.9252609887044,43.2640210164173,3.84500000000116 -2.92542401675877,43.2641240302211,3.85259999999835 -2.92556701238234,43.2641889897429,3.87149999999383 -2.92571302544692,43.2642780056903,3.93540000000212 -2.92590203727091,43.2643810197135,4.09849999999278 -2.92593799503512,43.2643990402974,4.10090000000491 -2.92616598296264,43.2645390182129,4.08740000000398 -2.92633496235578,43.2646420317944,4.09020000000601 -2.92635901834079,43.2646469771641,4.09900000000198 -2.92640201710019,43.2646860370667,4.00849999999627 -2.92646898919956,43.2647199834648,4.06419999999343 -2.92652397417977,43.2647670062661,4.13550000000396 -2.92662397014564,43.2648150344559,4.03840000000491 -2.92664903224372,43.2648169622289,4.07080000000133 -2.92669102578834,43.2648469692792,4.11030000000028 -2.92685799295525,43.264972027715,4.11059999999998 -2.92706603199526,43.2651039583362,4.10589999999502 -2.92722101294133,43.2651980033093,4.11289999999281 -2.92725202637819,43.2652059661975,4.11599999999453 -2.92731698625133,43.2652750332349,4.01660000000265 -2.92739300977552,43.2653549962349,4.0905999999959 -2.92742402321238,43.2654059584386,4.13240000000224 -2.9274520183099,43.2654269969258,4.11199999999371 -2.92752603050615,43.2654860056507,4.11079999999492 -2.92757003537867,43.2655340339274,4.07240000000456 -2.92762803869826,43.2655190305734,4.06650000000081 -2.92764497014471,43.2655229698046,4.05240000000049 -2.92774697743852,43.265610979698,3.99189999999362 -2.92779802330622,43.2656630314821,4.0283999999956 -2.92796700269936,43.2657709904023,4.02909999999974 -2.92805903599853,43.2658800389219,4.05779999999504 -2.92809197721999,43.2659129799015,4.02220000000671 -2.92825500437607,43.2660380381097,4.05009999999311 -2.9283509776861,43.2660869882797,4.02379999999539 -2.92847997486256,43.2661269695866,3.9152000000031 -2.92852900940236,43.2661709750938,3.95669999999518 -2.92861903047529,43.2662719770745,4.09219999999914 -2.9286819790205,43.2663309856344,4.05710000000545 -2.92870997411801,43.2663520238019,4.00260000000708 -2.92882103463323,43.2664980368049,3.98080000000482 -2.92884601318802,43.2665380184959,4.02019999999902 -2.92886998473137,43.2665579674674,4.00250000000233 -2.92893402293302,43.2665950153529,4.04150000000664 -2.92898900791326,43.266637008424,4.08340000000317 -2.92902203267805,43.2666729671389,4.12369999999646 -2.92910803109515,43.2667860388828,4.10400000000664 -2.92925303804662,43.2669300400648,4.07589999999618 -2.92926996949311,43.2669499889077,4.09510000000591 -2.92944699509626,43.2670690120058,3.96259999999893 -2.92947499109207,43.2671310379154,3.86609999999928 -2.92949200608189,43.2671690077646,3.80789999999979 -2.92958001582689,43.2672529943941,3.87330000000657 -2.92974203866648,43.2673939783248,3.87829999999667 -2.92978302609794,43.2674590220092,3.83640000000014 -2.92985100341213,43.2674990037232,3.84510000000591 -2.92992602082318,43.2675699984611,3.79120000000694 -2.92997597703446,43.2676300124493,3.84239999999409 -2.93009399410324,43.267719028598,3.7896000000037 -2.93012098398593,43.2677699907849,3.82000000000698 -2.93025601694283,43.2678529712104,3.91879999999946 -2.93030697836886,43.2678910249901,3.93570000000182 -2.93034201446159,43.2679439990876,3.88969999999972 -2.93050898252684,43.2680450007428,3.9198999999935 -2.9305580161683,43.2680859880969,3.76639999999315 -2.93069598302289,43.2681770156256,3.91980000000331 -2.93083101508145,43.2682630142165,3.90559999999823 -2.93085599273791,43.2682790235701,3.87200000000303 -2.93091097861648,43.2683090308761,3.8801999999996 -2.93097903947397,43.2683569751618,3.80539999999746 -2.93113200909211,43.2684510203421,3.89029999999912 -2.93128103959774,43.2685370185459,4.08629999999539 -2.93133996458882,43.2685609909307,4.01979999999458 -2.93151497796573,43.2686520184032,4.06380000000354 -2.93152000763301,43.2686629982317,4.08049999999639 -2.93156602383343,43.2687510081639,4.13199999999779 -2.93160399382388,43.2687919956966,4.09940000000643 -2.93179099431993,43.2687800098779,4.13099999999395 -2.931813038977,43.2687869669383,4.11059999999998 -2.93207002811517,43.2688329832018,4.04580000000715 -2.93211302687457,43.2688749766912,3.98149999999441 -2.93228896371957,43.2689290403227,4.09440000000177 -2.93230799003729,43.2689339853442,4.0960999999952 -2.93240203556272,43.2689929939399,3.96150000000489 -2.93245199177398,43.2690159601356,3.9146999999939 -2.93257998283736,43.2690339813098,4.0344999999943 -2.93275801455362,43.2690420280752,4.01859999999579 -2.9329209590647,43.2690660002612,4.06389999999374 -2.93296102392634,43.2690860327833,4.09230000000389 -2.93306102079051,43.2691039702116,4.18570000000182 -2.93310703699096,43.2691319657498,4.19920000000275 -2.9331190232118,43.2691479755289,4.22939999999653 -2.93315699320221,43.2691779824066,4.40489999999409 -2.93324500294724,43.269192986167,4.48330000000715 -2.93324701517348,43.2691939921736,4.49270000000251 -2.93325698916808,43.2692049725584,4.58890000000247 -2.93344700710518,43.2692250050348,5.22569999999541 -2.93344901843308,43.2692229936766,5.21809999999823 -2.9334849770956,43.269235985414,5.30560000000696 -2.93356896418476,43.2692889589951,5.64019999999437 -2.933727968685,43.2693110034532,5.82339999999385 -2.93390097073401,43.2692840133484,5.13229999999749 -2.93403902113193,43.2692659922483,5.07480000000214 -2.93407003367049,43.26923699142,4.85390000000189 -2.93421504062196,43.269219975658,5.60169999999925 -2.93437396157887,43.2692379967717,5.75990000000456 -2.9344270187745,43.269235985414,5.50909999999567 -2.93446498966324,43.26925098916,5.29429999999411 -2.9345229920845,43.26925098916,4.94990000000689 -2.93460002172181,43.2692420201412,4.6079999999929 -2.93463899782534,43.2692390027776,4.54320000000007 -2.93480101976663,43.2692720276266,4.13069999999425 -2.93481300598747,43.2692740389831,4.10970000000088 -2.93483697842911,43.2692850193535,4.14419999999518 -2.93490000961935,43.2692919763561,4.25680000000284 -2.93495398938477,43.2692990170826,4.32090000000608 -2.93507804133561,43.2693600373323,4.19569999999658 -2.93514903609086,43.2693939843943,4.13400000000547 -2.93524601461564,43.2694130114595,4.085699999996 -2.93536696558214,43.269389961035,4.1481000000058 -2.93551096731882,43.2694310325161,4.06230000000505 -2.93563996449528,43.2694379895019,3.99739999999292 -2.9357330039076,43.2694479638403,4.04979999999341 -2.93588303962802,43.2694320378647,4.04959999999846 -2.93596300316305,43.2694509811935,4.03639999999723 -2.93602603525158,43.269478976572,3.94520000000193 -2.9361070040014,43.2694909629072,3.99880000000121 -2.93623901861891,43.2694809885759,4.01900000000023 -2.9362700320558,43.2694829999255,4.00260000000708 -2.93633499192895,43.2694900406299,4.02169999999751 -2.93646499521853,43.2694909629072,3.99150000000373 -2.93654495875356,43.2695020269629,4.01529999999912 -2.93677797545005,43.2694600339061,4.05760000000009 -2.93676900667023,43.2694519871958,4.09729999999399 -2.93676397790128,43.2694470415624,4.15140000000247 -2.9367649831161,43.2694450302116,4.17260000000533 -2.93676699534233,43.2694509811935,4.1082000000024 -2.93678199900419,43.2694659848865,4.05019999999786 -2.93688802985212,43.2694929742565,4.0347000000038 -2.93692097107359,43.2694959922615,4.04099999999744 -2.93701300437279,43.2695000156139,4.05890000000363 -2.93721400241761,43.2694890352823,4.06399999999849 -2.93725599506386,43.2694949862599,4.05899999999383 -2.93729396505431,43.2695079779393,4.00689999999304 -2.93739396191847,43.2695189582674,3.8073000000004 -2.93744400167306,43.2695199642687,3.69969999999739 -2.93748901265869,43.2695239876194,3.59309999999823 -2.93768003581057,43.2694679962366,4.06849999999395 -2.93777299078123,43.2694700082409,4.06590000000142 -2.93781196688479,43.2694720195909,4.05049999999756 -2.93789302007623,43.2694829999255,4.06699999999546 -2.93803400347357,43.2695109952894,3.76959999999963 -2.93813098199839,43.2694990096123,3.93009999999776 -2.93828504127297,43.2694610392542,4.02390000000014 -2.93844002311738,43.2694679962366,3.98990000000049 -2.93850003776486,43.2694410068556,4.14190000000235 -2.93857002640696,43.2694150228114,4.20219999999972 -2.9388329668839,43.2694109994534,4.01080000000366 -2.93887998919744,43.2693880327527,4.36280000000261 -2.93903295881558,43.269379986687,3.99709999999322 -2.93913798444873,43.2693740350441,4.00930000000517 -2.9391969929831,43.2693649829728,4.02400000000489 -2.93936597147795,43.2693300305444,4.00920000000042 -2.93946403965918,43.2692970057269,4.2329000000027 -2.93960100040068,43.2693209778124,3.95179999999527 -2.93963997650421,43.2693219838169,3.96439999999711 -2.93974298991109,43.2692939883661,3.96129999999539 -2.93993602528924,43.2692260110409,4.0679999999993 -2.94006896247658,43.2692169582934,3.96289999999863 -2.94022100952493,43.2691100056059,4.21929999999702 -2.94028404161347,43.2691069875818,4.12420000000566 -2.94049099099706,43.2690710296506,4.01959999999963 -2.94071596148356,43.2690440400935,3.95930000000226 -2.9407810049,43.2690140324957,3.95010000000184 -2.94100899282755,43.2689570359414,3.95729999999458 -2.94108996157736,43.268951000532,3.94569999999658 -2.94127503428884,43.2688469810348,4.24109999999928 -2.94129003795069,43.2688410299938,4.22149999999965 -2.94145097023554,43.2688349952269,3.94729999999981 -2.94152095887763,43.2688309718307,3.92600000000675 -2.94167703037848,43.2687609826149,3.93970000000263 -2.94170703770222,43.2687579652275,3.92309999999998 -2.94188498497686,43.2686940113634,3.95579999999609 -2.9419480170654,43.2686940113634,3.9085999999952 -2.94203502159561,43.2686879765819,3.91210000000137 -2.94208598302168,43.2686609868549,3.91559999999299 -2.94218698510063,43.2686060013487,3.943299999999 -2.94225001718917,43.2684979584978,4.07319999999891 -2.94229603338962,43.2684670296462,4.0905999999959 -2.94234598960087,43.2684400398213,4.12979999999516 -2.94240600424836,43.2684100325798,4.11139999999432 -2.94255796775342,43.2682999779923,4.1820000000007 -2.94260901362112,43.2682640195844,4.27079999999842 -2.94284303643073,43.2681790276724,4.28269999999611 -2.94295602473052,43.2681460028846,4.27499999999418 -2.94297798494597,43.2681350223087,4.28810000000522 -2.94306800691723,43.2681239580045,4.25419999999576 -2.94308401669223,43.2681220303363,4.23179999999411 -2.94317496033495,43.2681009921264,4.17489999999816 -2.94322801753059,43.2680839767011,4.18110000000161 -2.94333798838936,43.2680579927317,4.21050000000105 -2.94342499202124,43.2680320087512,4.1929999999993 -2.94353798032103,43.2680070307859,4.10169999999925 -2.94363596495897,43.2679719945052,4.11560000000463 -2.94365096862086,43.2679659596522,4.12739999999758 -2.94371500592421,43.2679399756324,4.11609999999928 -2.94376001690981,43.2679259775908,4.13910000000033 -2.94385003888107,43.2679070344415,4.1533000000054 -2.94403703847882,43.2678340280384,4.18219999999565 -2.94418104021551,43.2677210400059,4.81309999999939 -2.94419897687679,43.2677069588411,5.01810000000114 -2.94437097371098,43.2676630375172,5.44070000000647 -2.94443802935365,43.2676590140434,5.51050000000396 -2.94445797824119,43.267649961717,5.55039999999281 -2.94457096564269,43.2676900270325,5.59359999999288 -2.94472100226144,43.2676929607459,5.77520000000368 -2.94488201808958,43.2676170210233,6.96150000000489 -2.94491898286521,43.2676089740694,7.38920000000508 -2.94505803847794,43.2675720098739,8.04529999999795 -2.94514001334087,43.2675460263401,7.85390000000189 -2.94526699918943,43.2674789706788,6.52449999999953 -2.94531502761608,43.2674580159738,5.52129999999306 -2.94545902845447,43.267416022815,5.04219999999623 -2.94550303332695,43.2674190402689,5.60080000000016 -2.94554997209718,43.2673990071982,5.65200000000186 -2.94556598187219,43.2673639712216,5.59369999999763 -2.94568399894096,43.2672110010938,5.33220000000438 -2.94572398025931,43.2671540041595,5.31290000000445 -2.94576496858908,43.2670889608033,4.99000000000524 -2.9458450156674,43.2670339758394,4.39190000000235 -2.94599999661351,43.2669779847825,3.81639999999607 -2.94603302137827,43.2669739612635,3.7780999999959 -2.94610803968768,43.2669280286308,3.7323999999935 -2.94611901979537,43.2667289578222,4.36389999999665 -2.94613201212932,43.2666680219338,4.70570000000589 -2.94617802832977,43.2666100190959,4.7899999999936 -2.94632202916812,43.2664830330344,4.45679999999993 -2.9463890012675,43.2664149721118,4.61689999999362 -2.94639796914899,43.2664269583962,4.42380000000412 -2.94640802758522,43.2664240246219,4.38700000000244 -2.94641003981145,43.2664260360725,4.35390000000189 -2.9464500211298,43.2663940170406,4.38330000000133 -2.94644901501669,43.2663599865391,4.63499999999476 -2.94645597246857,43.2663569690327,4.60229999999865 -2.94645496635546,43.2663559636334,4.61729999999807 -2.94647198134525,43.2663080190798,4.78019999999378 -2.9465540406498,43.2662559671931,4.69130000000587 -2.94656896076836,43.2662279716403,5.16370000000461 -2.94667297939007,43.266133004622,7.23880000000645 -2.94668999527819,43.2661289817012,7.29799999999523 -2.94688403587112,43.2660979685709,6.1073999999935 -2.94690901442591,43.2660889997415,6.28489999999874 -2.94698998317573,43.2660510298727,6.96829999999318 -2.94706198404405,43.2660460008879,6.07229999999981 -2.94710397758867,43.266042983366,5.59549999999581 -2.9472369983193,43.2659999838257,5.45960000000196 -2.94730799307451,43.2660009898852,4.89519999999902 -2.94744897647184,43.2660050128144,3.44289999999455 -2.94764896840355,43.2659689706297,2.94700000000012 -2.94777402646751,43.2659320067466,2.8469999999943 -2.9478170261252,43.2659399695387,2.57120000000577 -2.94792498475775,43.2659409755991,2.19659999999567 -2.94793797619337,43.2659429870657,2.11770000000251 -2.94806596815505,43.2658869956595,2.50539999999455 -2.94808097181694,43.265884984191,2.49679999999353 -2.94816596412092,43.2658760153303,2.425900000002 -2.9482770246361,43.2658650356532,2.20309999999881 -2.94832597473427,43.2658529655287,2.24020000000019 -2.94837903192987,43.2658330163262,2.48070000000007 -2.94854599999512,43.2657640336514,3.3637000000017 -2.94868698339245,43.2657590039887,3.13550000000396 -2.94884297045164,43.265714999492,3.41220000000612 -2.9489680285156,43.2656839861508,3.4372000000003 -2.94910599447188,43.2656740118497,3.36860000000161 -2.94928000353231,43.265654984924,3.47789999999804 -2.94937698205713,43.2656369640578,3.54120000000694 -2.94951695934132,43.2656070404725,3.52730000000156 -2.94973396716114,43.2654949745689,6.85950000000594 -2.94993798264698,43.2655140015446,4.20560000000114 -2.95004401349492,43.2655389792247,3.55319999999483 -2.95015800700953,43.2655010090128,3.63700000000244 -2.950231013991,43.2654870117186,3.67429999999877 -2.95030100263309,43.2654789651372,3.63860000000568 -2.95043896858938,43.2654669786662,3.39680000000226 -2.95049001445708,43.2654720076989,3.12390000000596 -2.95063602752166,43.2654720076989,2.69220000000496 -2.95068799506085,43.2654600218806,2.9036000000051 -2.95090902553651,43.2654249854421,2.94449999999779 -2.95092604142463,43.2654219678894,3.13379999999597 -2.95095998786091,43.2654079699229,3.75990000000456 -2.95098999518465,43.2654040306843,4.11579999999958 -2.95109895993031,43.2653740232544,5.39100000000326 -2.95124698432283,43.2653850036741,3.98309999999765 -2.95132099651909,43.2653910387831,3.71020000000135 -2.95145602857762,43.265372011769,3.69710000000487 -2.95156197588226,43.2653799746343,2.94280000000435 -2.95171896905457,43.2653659766581,2.67560000000231 -2.9518619646781,43.265380980704,2.31789999999455 -2.95200202640395,43.2653770408095,2.45200000000477 -2.95210302848293,43.2653300184794,2.72990000000573 -2.95225700331589,43.2653280069925,2.62279999999737 -2.952337972964,43.2653280069925,2.71980000000622 -2.95241902615548,43.265306968471,2.89890000000014 -2.95248599735652,43.265290036649,2.90979999999399 -2.95262304164135,43.265250977134,3.44210000000021 -2.95270501650428,43.2652620413062,3.12390000000596 -2.95280702379805,43.2652850076013,2.98690000000352 -2.95286502711764,43.2652679926971,3.04730000000563 -2.95292998699078,43.2652440203236,3.11659999999392 -2.95308697926475,43.2652180364503,3.24850000000151 -2.95314196514329,43.2652219757009,3.25299999999697 -2.95328403819707,43.2652249932635,3.29989999999816 -2.95336903050105,43.2652030323643,3.39650000000256 -2.95345100536398,43.265176964743,3.51029999999446 -2.95365602696297,43.2651470415857,3.66389999999956 -2.95368100551776,43.2651369834663,3.73630000000412 -2.9537810014836,43.2651400010331,3.70070000000123 -2.95381997668883,43.2651379888858,3.70470000000205 -2.95405902916573,43.2651290205691,3.66240000000107 -2.95410797926387,43.2651180401031,3.70600000000559 -2.95424200610761,43.2650560141049,4.1024999999936 -2.95427000120513,43.2650529965339,4.11650000000373 -2.95431501219076,43.2650519904588,4.10659999999916 -2.95440897327453,43.2650440282047,4.14139999999315 -2.95446203047016,43.2650410106331,4.12119999999413 -2.95451701634869,43.2650359815648,4.13199999999779 -2.95463897253001,43.2649970056174,4.44530000000668 -2.95471600216728,43.2650069800293,4.25830000000133 -2.9548379592469,43.2650039624559,4.21110000000044 -2.9548989791092,43.2649840136293,4.38940000000002 -2.95497097997753,43.264962974989,4.57390000000305 -2.95504197473277,43.2649710216385,4.43899999999849 -2.95509402671358,43.264964986488,4.45590000000084 -2.95519704012047,43.2649450376486,4.56810000000405 -2.95528697765007,43.2649410146494,4.52749999999651 -2.95538898584217,43.2649339734187,4.50209999999788 -2.95542703937592,43.2649450376486,4.30779999999504 -2.95550297935678,43.2649110069912,4.66130000000703 -2.95559199521493,43.264888962902,4.88330000000133 -2.9556879676266,43.2648690140378,5.03859999999986 -2.95572501594556,43.2648580335249,5.04529999999795 -2.95580196203954,43.264848980782,5.08900000000722 -2.9558570314614,43.2648420239257,5.17140000000654 -2.95594101765227,43.2647909781732,5.15140000000247 -2.95600798885331,43.2647499905629,4.88270000000193 -2.9561189658252,43.2646929939408,5.13370000000577 -2.95621200433918,43.2646789958066,5.24349999999686 -2.95626799543254,43.2646710335037,5.34369999999763 -2.95630303242356,43.2646390142029,5.45470000000205 -2.9563870186144,43.2646349911834,7.13009999999485 -2.95647402314461,43.2646739667084,7.46219999999448 -2.95669597529176,43.2646960115297,6.87369999999646 -2.95673503583695,43.2647049799101,6.63159999999334 -2.95676797616008,43.2646960115297,6.84149999999499 -2.95692496933242,43.2646970169564,6.44550000000163 -2.95702203140054,43.2647230010523,4.37489999999525 -2.95706897017077,43.2647290362268,3.5170000000071 -2.95715002336222,43.2647430336953,3.40180000000692 -2.95731497920123,43.2647199834648,3.89250000000175 -2.95737499384871,43.2647570318148,3.41199999999662 -2.95746199748063,43.2647690177715,3.92840000000433 -2.95752000080018,43.2647690177715,4.07420000000275 -2.95764698664874,43.2648290319047,4.25900000000547 -2.95776098016335,43.2648400124227,4.33310000000347 -2.9578599709144,43.2648479753577,4.53170000000682 -2.95800598308069,43.2648720309637,4.517399999997 -2.95808502494423,43.2648850229757,4.64710000000196 -2.95812701848881,43.2648899683256,4.71249999999418 -2.95824796855698,43.2648929859047,4.76320000000123 -2.95828702820387,43.2649120130686,4.6877999999997 -2.95839901039055,43.264964986488,4.61100000000442 -2.95844402137618,43.264962974989,4.57219999999506 -2.95860000843537,43.2649479714942,4.94079999999667 -2.95864602553412,43.26497797848,5.05409999999392 -2.95868600685247,43.2649889589712,5.21829999999318 -2.95883101380393,43.2650840095425,5.16449999999895 -2.95885498624561,43.2650880331865,5.24610000000393 -2.95895498221148,43.2651529929878,4.78859999999986 -2.95899102441729,43.2651750369814,4.93989999999758 -2.95903896930064,43.2652049607791,4.70070000000123 -2.95908599161417,43.2652300223162,4.71499999999651 -2.95913402004086,43.2652600298171,4.74809999999707 -2.95923300989358,43.2653190380497,4.83710000000428 -2.95928598354588,43.2653399928368,4.73759999999311 -2.95941498162068,43.2653639651724,5.83599999999569 -2.95945496293902,43.2653770408095,7.09179999999469 -2.95952897513528,43.2654369712673,6.44229999999516 -2.95953702224362,43.2654389834048,6.58740000000398 -2.95959703599281,43.2654750252491,6.66950000000361 -2.95963500598322,43.2655030211481,5.23140000000421 -2.95970298329741,43.2655279988326,4.80389999999898 -2.95977297283784,43.2655509656815,4.78479999999399 -2.95984002758221,43.2655740155975,4.85839999999735 -2.95984497280783,43.2655799669579,4.85839999999735 -2.95993097122493,43.2656659652931,4.78549999999814 -2.95998897364622,43.2657060306062,4.9085999999952 -2.96004597085265,43.2657330203352,5.09940000000643 -2.96011998304891,43.2657600100521,5.92960000000312 -2.9601530078137,43.2657839822224,6.04150000000664 -2.96016700536248,43.2658009976365,5.93180000000575 -2.96018896647622,43.2658370399207,5.50629999999364 -2.96020296402499,43.2658630235298,5.00160000000324 -2.96024202367185,43.2658989820479,5.18309999999474 -2.96033397342769,43.2659539673829,5.54979999999341 -2.9603680034073,43.2659719881553,6.1198000000004 -2.96041301439293,43.2660139816561,5.92979999999807 -2.960515022585,43.2661029975515,5.4826999999932 -2.96051804002605,43.2661060150704,5.49950000000536 -2.96053597668733,43.2661259641834,5.4201999999932 -2.96060403844315,43.2662080225608,4.87619999999879 -2.9606440197615,43.2662699649646,4.8411999999953 -2.96068198975191,43.2662810289517,4.943299999999 -2.96076203683027,43.2663690390573,4.81040000000212 -2.96088399390985,43.2663899941371,6.50359999999637 -2.96098801342988,43.2664670238626,5.87480000000505 -2.96105599074404,43.2665090170219,6.16569999999774 -2.96108499195467,43.2665350009984,6.0228000000061 -2.96113503170929,43.2665889803633,5.59530000000086 -2.96123603378824,43.2667069974655,5.05199999999604 -2.96132303742015,43.2667779924731,4.89029999999912 -2.96134399242078,43.2668000365324,4.88980000000447 -2.96136503096474,43.2668179739803,4.83819999999832 -2.96139000951953,43.2668410240706,4.88920000000508 -2.96146402171579,43.2668950038183,4.88439999999537 -2.96150299692102,43.2669189755416,4.90649999999732 -2.96158497178395,43.2669730389481,4.90480000000389 -2.96161900266186,43.2669980173377,4.86669999999867 -2.96171396985875,43.2670440336454,4.94929999999295 -2.9617699609521,43.2671069818938,4.97019999999611 -2.96192100278564,43.2671479692254,4.98249999999825 -2.96192200889875,43.2671499813062,4.98119999999471 -2.96193500033441,43.2671680023786,5.01290000000154 -2.96198998621294,43.2672219818364,5.20230000000447 -2.96212702959944,43.2672679986289,5.22650000000431 -2.96218201547798,43.2672870250505,5.26529999999912 -2.96221504024277,43.2673020286228,5.2274999999936 -2.96230003254672,43.2673840036498,5.21839999999793 -2.96236499241986,43.2674659785663,5.13529999999446 -2.96250698193031,43.2675349619289,4.97250000000349 -2.96262600421387,43.2676069626578,4.77240000000165 -2.96267000998472,43.2676190324345,4.67419999999402 -2.96277696250411,43.2676949721546,4.79929999999877 -2.96293102177873,43.26781097767,6.86259999999311 -2.96296102910247,43.2678379677738,6.58749999999418 -2.96302003763684,43.2678930370464,5.05760000000009 -2.9630430039654,43.2679279896459,4.99539999999979 -2.96305901374041,43.267980040757,4.67829999999958 -2.96311198739271,43.2680490241911,4.69229999999516 -2.96314400604436,43.2680660396262,4.71970000000147 -2.96320703813293,43.2681370337029,5.26619999999821 -2.96321097724543,43.2681429854667,5.19109999999637 -2.96323897324127,43.2681790276724,5.55839999999444 -2.96335196154106,43.2682960389409,5.27449999999953 -2.96343200861939,43.2683279739003,6.7838999999949 -2.96344399484023,43.2683259618584,7.41389999999956 -2.96353602813943,43.2683640159965,10.7388000000064 -2.96361699688924,43.2683930172408,13.8855999999942 -2.96364398677193,43.2684019857307,14.9109000000026 -2.96370299530634,43.2684719747052,14.056700000001 -2.96374197140987,43.2685329951299,11.6386000000057 -2.96379301727757,43.2685970328889,10.0878999999986 -2.96382503592925,43.2686220112662,10.5712000000058 -2.96385697103759,43.2686410379186,11.098800000007 -2.96392503189512,43.2687299701714,9.03789999999572 -2.96394003555697,43.2687540262057,8.57219999999506 -2.96396601932658,43.268802976154,6.87099999999919 -2.96404799418951,43.268900960966,6.11669999999867 -2.96415997637619,43.2689869591881,7.16820000000007 -2.96419501336721,43.269025012913,6.84870000000228 -2.96420498736182,43.2690570318691,5.56320000000414 -2.9642980267741,43.2691789884135,4.85020000000077 -2.9643329793235,43.26920899593,4.66730000000098 -2.96445501994644,43.2692649868969,4.70230000000447 -2.96457496479978,43.2694280145078,5.93260000000009 -2.96460798956458,43.2694959922615,5.19700000000012 -2.96461201311874,43.2694969976091,5.22079999999551 -2.96469398798167,43.26958903099,4.82589999999618 -2.96481602860462,43.2696710062075,5.96540000000095 -2.96485902736398,43.2697160171129,6.41950000000361 -2.96488400591877,43.2697509693196,6.44169999999576 -2.96490102090856,43.2697799705572,5.58299999999872 -2.96496296334069,43.2698620298955,5.37559999999939 -2.96496698599652,43.2698699928276,5.4606000000058 -2.9649659807817,43.2698799670952,5.29320000000007 -2.96498601321254,43.2699180209158,4.72340000000258 -2.96505097308569,43.2699979843576,4.65790000000561 -2.96516697882653,43.270082976346,4.869200000001 -2.96522598736093,43.270140979145,5.07630000000063 -2.96524702590489,43.2701640299393,4.82249999999476 -2.9652669747924,43.2701900136637,7.0002999999997 -2.96528197845428,43.2702510336742,4.96790000000328 -2.96530301699821,43.2702790293389,4.76270000000659 -2.96532698943988,43.270327980023,4.92710000000079 -2.96532698943988,43.2703530414132,4.85169999999925 -2.9653610194195,43.2703999800645,4.81260000000475 -2.96540401907719,43.2705090287945,4.89840000000549 -2.96546797283722,43.2705490104673,4.80460000000312 -2.96549697404784,43.2705760000111,4.96379999999772 -2.96552899269952,43.270655041637,5.10150000000431 -2.96557500979827,43.2707230186743,5.40899999999965 -2.96560300489578,43.2708090169384,4.72930000000633 -2.96565103332243,43.2708980330165,4.7213000000047 -2.96567399965099,43.2709230111036,4.72060000000056 -2.96572001674974,43.2709589692488,5.78220000000147 -2.96582001271561,43.2710919903276,7.28429999999935 -2.96582403626974,43.271094001624,7.41860000000452 -2.9658839664756,43.27125602425,7.73600000000442 -2.96592202000938,43.271362977091,4.81960000000254 -2.96598999732354,43.2715189645001,4.67570000000705 -2.96601799331938,43.2715379915551,4.64290000000619 -2.96603500830917,43.2715560126365,4.62579999999434 -2.96612100672627,43.2717160227568,4.4606000000058 -2.96612796417815,43.2717339600642,4.49469999999565 -2.96612997550605,43.2718089782949,4.54009999999835 -2.96615202016313,43.2718679867196,4.43940000000293 -2.96619200148147,43.2719399875556,4.43679999999586 -2.96621798525109,43.2719720062864,4.55280000000494 -2.96627598857067,43.2720699905751,4.57809999999881 -2.96632200477109,43.2721119837935,5.08830000000307 -2.96631203077648,43.2721409852142,4.51750000000175 -2.96638403074651,43.2722650377522,4.11109999999462 -2.96643901572675,43.2723470126358,4.30009999999311 -2.96651797404696,43.2724490201322,3.27700000000186 -2.96656901991466,43.2724969650813,3.9545000000071 -2.96666398621324,43.272573994273,4.58650000000489 -2.96671796597866,43.2726190049937,4.47449999999662 -2.96675300207136,43.2726510240214,4.37270000000717 -2.96687596436576,43.2727780102962,4.24430000000575 -2.96691401879783,43.2728080173464,4.30449999999837 -2.96697000989118,43.2728439756861,4.16909999999916 -2.96702298354349,43.2728980390625,3.84709999999905 -2.96708601563203,43.2729909941033,3.74300000000221 -2.9671610330431,43.2731639965822,2.66700000000128 -2.96716799049496,43.2731759828457,2.38529999999446 -2.96728097789645,43.2732520065466,3.38289999999688 -2.96730201733873,43.273261980914,3.3579999999929 -2.9673639588725,43.2732860371193,3.52599999999802 -2.96744400595086,43.27332995831,3.53029999999853 -2.967628995119,43.2734489813595,3.49850000000151 -2.96765397277546,43.273462979439,3.50500000000466 -2.96771499353607,43.273483011822,3.5164999999979 -2.96775598096757,43.2735189704169,3.50669999999809 -2.967812978174,43.2735519949056,3.4664000000048 -2.96785002559463,43.2735889593938,3.4661000000051 -2.96790199313382,43.2736349759511,3.44640000000072 -2.96801297010571,43.2737320379656,3.44139999999607 -2.9681319932876,43.2738089838378,4.25139999999374 -2.96815303183156,43.2738270049009,4.04200000000128 -2.96818597215472,43.2738560068124,3.98500000000058 -2.96822100914575,43.2739030290966,3.49189999999362 -2.96827498801284,43.2739470342144,3.74770000000717 -2.96829896045451,43.2739639655904,3.94389999999839 -2.96836802742515,43.2740030254009,3.98589999999967 -2.96850096461245,43.2740949747905,5.41009999999369 -2.96853499459206,43.2741099779928,5.99129999999423 -2.9685980266806,43.2741480317848,5.98200000000361 -2.96861495812706,43.2741279996208,6.81239999999525 -2.96864597156395,43.2741470265141,6.57799999999406 -2.96870397398521,43.2741730098462,7.91929999999411 -2.96879097851542,43.2742359579163,9.47890000000189 -2.96884898093667,43.2743569929986,8.87970000000496 -2.96897898422629,43.274520020705,11.3221999999951 -2.96898996433401,43.2745299955186,11.3821999999927 -2.96901997165775,43.2745409755948,11.7072000000044 -2.96910203096231,43.2746230344003,12.6423000000068 -2.96912600250569,43.2746520359325,12.335500000001 -2.9691639724961,43.2746920174998,12.7655999999988 -2.96920797826692,43.2747510263994,12.9014000000025 -2.96924301435964,43.2748169916128,14.0887999999977 -2.96929699412506,43.2748989669831,14.6331000000064 -2.96938198642905,43.2750039918582,13.631899999993 -2.96939103875216,43.2750230191317,13.1536999999953 -2.96939296653677,43.2750459856682,12.5690999999933 -2.9694379775224,43.2751400303234,11.6940000000031 -2.96951701848761,43.2752270341393,10.549199999994 -2.96950603837989,43.2752650041704,10.7189999999973 -2.96941199375279,43.2753680179127,9.72100000000501 -2.96940696408551,43.2753860391681,8.83770000000368 -2.96940595887072,43.2754779884301,5.85580000000482 -2.96943202618363,43.2755380031234,4.95660000000498 -2.96946396129198,43.2756039687917,4.96520000000601 -2.96948701116387,43.2756260129247,4.97310000000289 -2.96961902667968,43.2756870333713,5.27929999999469 -2.96966403766531,43.2757020368351,5.9890000000014 -2.96980996628827,43.2756909725984,9.80310000000463 -2.96990702835642,43.2757140232527,9.81130000000121 -2.96996695946061,43.2757189683769,12.9327000000048 -2.97003300899016,43.2757590336131,15.1106 -2.970053041421,43.2757870293603,15.1493000000046 -2.97006402152872,43.2758310344238,14.8816999999981 -2.97006402152872,43.275869004732,14.6334000000061 -2.97008900008351,43.2759260013536,13.5641000000032 -2.97011498385312,43.2759679945273,14.450800000006 -2.9701409676227,43.2759909613611,14.4676999999938 -2.97024398102959,43.2760919627433,14.4936000000016 -2.97028496846105,43.27612599369,14.3552000000054 -2.97033400300085,43.2761560010515,14.2632000000012 -2.97036803298043,43.2761379800241,14.1153000000049 -2.97048202739337,43.2761710043997,13.5779000000039 -2.97052301482483,43.2761829907249,13.5157999999938 -2.97054296371234,43.2762050346481,13.4953999999998 -2.97058101724609,43.2762509674741,13.3919000000024 -2.97059300346693,43.2762699943577,13.3706999999995 -2.97060599580088,43.2762839924424,13.3215000000055 -2.97063298478528,43.2763050310939,13.2234000000026 -2.97069098810486,43.2762750238059,12.9888000000064 -2.97072200064342,43.2762399877065,12.9245999999985 -2.97072602419756,43.2762499622382,12.892399999997 -2.97087798860091,43.2761499657018,13.023199999996 -2.97092903446864,43.2761239819058,13.1704999999929 -2.97099600566969,43.2760679907086,13.3089999999938 -2.97110203651762,43.276052987335,13.3484999999928 -2.97113900039492,43.2760020255433,13.502800000002 -2.97120002115556,43.2759750357895,13.6150999999954 -2.9713610369837,43.2758929768451,13.9726999999984 -2.97145499806747,43.2758349736416,14.2151000000013 -2.97149003505849,43.2758290226299,14.2446999999956 -2.97159598236314,43.2757769710369,14.4309000000067 -2.97165700222544,43.2757499811834,14.6202000000048 -2.97174802941149,43.2757099996571,14.7746999999945 -2.97186001159816,43.275701030936,14.988400000002 -2.97198699744673,43.2756990191378,15.178700000004 -2.97202303965257,43.2756949961953,15.2455000000045 -2.97208003685901,43.2756700181046,15.4168000000063 -2.97210702674173,43.2756580316783,15.4373000000051 -2.97213502183924,43.2756459621877,15.5194999999949 -2.97214097317801,43.2756020407064,15.5880999999936 -2.9721910138309,43.2755110131639,15.8421999999991 -2.97235404098697,43.2754349896688,16.1281000000017 -2.97238497088053,43.2754019648938,16.2067999999999 -2.97243199319407,43.275349997306,16.3098999999929 -2.9724439794149,43.2753140384849,16.3260000000009 -2.97252302038015,43.2752029787013,16.5733999999939 -2.97261999890493,43.2751469873108,16.6022999999986 -2.97278503918557,43.2751130408414,16.7201999999961 -2.97296298646021,43.2750090214111,16.7969000000012 -2.97301403232791,43.2749309854653,16.8279000000039 -2.97310103685812,43.2748070175003,16.9395999999979 -2.97308896709395,43.2747719812097,16.9272000000055 -2.97312702062773,43.2747470027401,16.8479999999981 -2.97316398450503,43.2747180012532,16.9038 -2.97317697683898,43.2746879944907,16.9517000000051 -2.97323196181922,43.2745790297714,17.0188999999955 -2.97325199514836,43.2745790297714,16.9502999999968 -2.97332399511839,43.2745249665802,17.0210999999981 -2.97352901671737,43.2743129881772,17.1922999999952 -2.97355600660007,43.2740740197471,17.498900000006 -2.97357897292863,43.274067984845,17.3738000000012 -2.97359900535947,43.274059016536,17.3393000000069 -2.97363001879633,43.2740389836886,17.3325999999943 -2.97367704110989,43.2740079706642,17.3764999999985 -2.97377603096261,43.2739990016922,16.9606000000058 -2.97383897950782,43.2739219723419,16.7318999999989 -2.97385096572866,43.2739030290966,16.4361999999965 -2.97388399049345,43.2738059667007,17.2176999999938 -2.97391600914513,43.27374603598,16.8879000000015 -2.97395297302243,43.2737089878687,17.3083999999944 -2.97395297302243,43.273702030717,17.4958000000042 -2.97395297302243,43.2736939845675,17.5675000000047 -2.97396303145866,43.2736759634651,17.6812999999966 -2.97396898279743,43.2736639773001,17.8028000000049 -2.9739750176795,43.2736529970657,17.8512000000046 -2.97398398645932,43.2736440280414,17.7403999999951 -2.9739910274545,43.2736349759511,17.601800000004 -2.97399597268016,43.2736260069241,17.4505999999965 -2.97400100144911,43.2736150266828,17.2502999999997 -2.97400502500328,43.2736030405058,17.226999999999 -2.97400703633118,43.2735939884095,17.2593000000052 -2.97400896411578,43.2735840140964,17.2942000000039 -2.97400896411578,43.2735730331936,17.3552999999956 -2.97400896411578,43.2735639810927,17.414300000004 -2.97400502500328,43.273550988971,17.5840999999928 -2.97400502500328,43.2735300343943,17.7715000000026 -2.97400200756223,43.2735140251139,17.899900000004 -2.97400502500328,43.2735079901562,17.8420000000042 -2.97400603111639,43.2734909749344,17.8206999999966 -2.97400301277701,43.2734799946687,17.8766999999934 -2.97400200756223,43.2734499872958,17.9752000000008 -2.97400603111639,43.273442024178,17.920100000003 -2.97402497389079,43.2733550204262,17.780700000003 -2.97398499257244,43.2732069956401,18.7087999999931 -2.9739750176795,43.2731790000141,18.7626000000018 -2.9739829803462,43.2731619847002,18.796199999997 -2.97399496656704,43.2731319778245,18.8543000000063 -2.974007958901,43.2730919958863,18.9437999999936 -2.97404400110681,43.2730100213522,19.0898000000016 -2.97394802779681,43.2728029882658,19.7440000000061 -2.97396001401764,43.2726409658337,19.9079000000056 -2.9739750176795,43.2724839727318,20.2590000000055 -2.97405196377348,43.2722869980659,20.472299999994 -2.97408197109726,43.2721559888982,20.7571000000025 -2.97413100473872,43.2720659673927,20.7976999999955 -2.97413402217974,43.2720720024933,20.7792999999947 -2.97417098695537,43.2720200346781,20.7866999999969 -2.97421800926894,43.2720559928293,20.6935999999987 -2.97422002059684,43.2720559928293,20.6965000000055 -2.97421700315579,43.2720419950801,20.7207999999955 -2.97426402546935,43.2719720062864,20.8203999999969 -2.97439503487208,43.2716769634407,21.1021999999939 -2.97439897398459,43.271563975347,21.170100000003 -2.9743650275483,43.2715769672388,21.1870999999956 -2.97432001656271,43.2715479655493,21.4860999999946 -2.97432202878894,43.2715430200862,21.4863000000041 -2.97430702512705,43.2714769708726,21.7234000000026 -2.97427098292124,43.2713919782145,25.0442999999941 -2.97426201414142,43.2713270185304,25.9477000000043 -2.97419797593977,43.2711810059917,27.0982999999978 -2.97422102670995,43.2710980248707,27.1177000000025 -2.97435899266624,43.2707830334783,21.6680999999953 -2.97435899266624,43.2707749862889,21.6739999999991 -2.97436100399417,43.2707500087951,21.7216000000044 -2.97435597522519,43.2707230186743,21.7611999999936 -2.9743449951175,43.270702986037,21.7832999999955 -2.97430903645498,43.2705950273609,21.9903999999951 -2.97423301293079,43.2704630118358,22.2182999999932 -2.97423301293079,43.2704429791129,22.2280000000028 -2.97422798326351,43.2703729904425,22.2489999999962 -2.9741669634012,43.2703169991867,22.3899999999994 -2.97410803841016,43.2702650318352,22.5962 -2.97408197109726,43.2701790334565,22.4406000000017 -2.97402899744492,43.2700819710081,21.9567999999999 -2.97402396777767,43.2700119819227,19.8536000000022 -2.97392296569868,43.269870998169,22.7030999999988 -2.97390402292429,43.2697689902761,19.9104999999981 -2.97385297705659,43.2696969901424,22.8245000000024 -2.97382498195908,43.2696440162623,22.7823000000062 -2.97375800985971,43.2695089839407,22.9637999999977 -2.97366497134572,43.2694310325161,23.2353000000003 -2.97364803989923,43.269401025109,23.2069999999949 -2.97364996768384,43.2693420162547,22.9002999999939 -2.97363203012426,43.2692590358968,22.7988999999943 -2.97359095914946,43.2692319620442,22.9410000000062 -2.97356396926674,43.26920899593,23.3475999999937 -2.97353304027151,43.26918200578,23.2575999999972 -2.97348501184486,43.2691219913597,23.574099999998 -2.97347998217758,43.2690840214204,23.3938999999955 -2.97344896963901,43.2690319699452,23.4795000000013 -2.97343103207944,43.2690079977459,23.6677999999956 -2.9733600373242,43.268951000532,25.2473999999929 -2.97333698745234,43.2688749766912,24.1321000000025 -2.97332198379045,43.2688410299938,24.1714000000065 -2.97328300768692,43.2687830272642,24.997199999998 -2.97318301172105,43.2686840369014,29.6842000000033 -2.97315996184919,43.2686149704614,28.2382999999973 -2.9731169621915,43.2686110307762,31.7617000000027 -2.97309902463189,43.2685169858431,28.638300000006 -2.97310103685812,43.2684350103797,26.846000000005 -2.97308703841105,43.2683660273831,25.7446000000054 -2.97307496864688,43.2682999779923,24.6108999999997 -2.97305300843147,43.268268965314,26.2160000000003 -2.97302702466186,43.2681819607081,25.4618000000046 -2.97302802987668,43.2681650296858,24.9465999999957 -2.97302501243563,43.2681520377198,24.898000000001 -2.97298603723039,43.2680950410125,26.7682000000059 -2.9729449653573,43.2679709884784,25.5301999999938 -2.97295703512144,43.2679460104881,24.9364999999962 -2.97294597147042,43.2678719981032,24.8638999999966 -2.97291697025979,43.2678119836995,25.4612000000052 -2.97290699536685,43.2677320206564,25.0942000000068 -2.97289601525913,43.2676359636087,25.0623000000051 -2.97288897426395,43.2675910368546,25.027900000001 -2.97287103760267,43.2674979976885,25.1258999999991 -2.97287003148955,43.2674529871052,25.0564000000013 -2.97285201038665,43.267413005361,25.1442999999999 -2.9728570391556,43.2673809861941,25.1159000000043 -2.97282996572958,43.2672799847454,25.2810000000027 -2.97279501318018,43.267249976932,27.225099999996 -2.97278000951829,43.2672170360217,27.6394 -2.97275796575955,43.2671479692254,27.950800000006 -2.97275503186183,43.267082004203,26.2776000000013 -2.9727260306512,43.2670229950629,25.4667000000045 -2.97270599732203,43.2669599636539,24.7978000000003 -2.9727199948708,43.2669169641072,24.7966000000015 -2.97271496610185,43.2668660025144,25.0117000000027 -2.97265604111078,43.2666970233321,25.648199999996 -2.97264799490078,43.266647988616,25.7837 -2.9726159762491,43.2666080069971,27.4958999999944 -2.9726080126841,43.2665240207861,26.5406999999977 -2.97261203623826,43.2664950193054,26.1538 -2.97263500256682,43.2664530261364,25.8184999999939 -2.9726240224591,43.2663790138986,25.8960999999981 -2.97254003626824,43.2662269662388,26.1398000000045 -2.97256199648368,43.2661879903998,26.0060999999987 -2.97258303502764,43.2661040036092,25.9328999999998 -2.9725729765914,43.2660149877153,26.1399999999994 -2.97256702525263,43.2659200203647,26.3196000000025 -2.972538024042,43.2658350284505,26.9710999999952 -2.97257096526347,43.2658089604458,26.7333000000071 -2.97258798025329,43.2657900172917,26.5920000000042 -2.97268697100431,43.2656509613175,26.5743999999977 -2.97269401110119,43.2655839899149,26.7260999999999 -2.97278403307246,43.2654819826871,26.6929999999993 -2.97283298317059,43.2654109874763,26.7265000000043 -2.97286198438122,43.2653900327136,26.7473999999929 -2.97288503515144,43.2653760353939,26.7378000000026 -2.97291101892102,43.2653219718773,26.7639999999956 -2.97297497268105,43.2652440203236,26.7934999999998 -2.97298603723039,43.2652079776884,26.9260000000068 -2.97299701733812,43.265178976889,27.0237999999954 -2.97301897755356,43.2651359773925,27.0240999999951 -2.97303800476958,43.265071017573,27.2709000000032 -2.97315199828419,43.2649410146494,27.2630999999965 -2.97317203161333,43.2649110069912,27.340200000006 -2.97325702391731,43.2648420239257,27.3696999999956 -2.97341602841755,43.2647230010523,27.448000000004 -2.97349599195258,43.264672038931,27.4510000000009 -2.97360403502675,43.2645749768589,27.5019000000029 -2.97360696802614,43.2645629902099,27.5905000000057 -2.97363898757611,43.2645360006163,27.5432000000001 -2.9737300147622,43.2644309753389,27.4266000000061 -2.97376102730072,43.264378002109,27.1830000000045 -2.97379799207635,43.264284962611,27.6368999999977 -2.97378198230138,43.2642459868369,27.9006999999983 -2.9738340342822,43.2641039973744,28.0411000000022 -2.97388197826722,43.264073990612,28.1143000000011 -2.97390704036534,43.2640449886182,27.8859999999986 -2.97395498524866,43.2638979701787,28.2593999999954 -2.97397803512055,43.2637389658812,28.3698000000004 -2.97399899012117,43.2636569905247,28.1141000000061 -2.974007958901,43.2636300011836,27.4205999999976 -2.97402103387995,43.2635119840035,25.8141000000032 -2.97400896411578,43.263484993944,25.7112000000052 -2.97396303145866,43.2634030188996,27.2177999999985 -2.97388801314929,43.2632839958293,28.2908000000025 -2.97388499570827,43.2632699980253,28.3445000000065 -2.97385700061076,43.2631919627277,28.4012999999977 -2.97381701839408,43.2631529869079,28.4759000000049 -2.97375096976282,43.2631180341833,28.2378000000026 -2.97372096243908,43.263110993396,28.2290000000066 -2.9736809802224,43.263047961207,28.209600000002 -2.97359196436425,43.2629280163742,27.9357000000018 -2.97352700538944,43.2628540044299,27.8349000000017 -2.97350797817342,43.2627939896579,27.7642000000051 -2.97347403173714,43.2627359870537,27.4983999999968 -2.97342197975632,43.2626929877942,27.3034999999945 -2.97330102878982,43.2626189755641,27.0890000000072 -2.97315501572524,43.2625769823379,26.8442000000068 -2.97313003806875,43.2625499925181,26.8044999999984 -2.97305895977021,43.2625019645038,26.699099999998 -2.97293800880375,43.2624169717424,25.4695999999967 -2.97287698804311,43.2623960172575,26.2139000000025 -2.97285997305332,43.2623719613273,25.5859999999957 -2.97281697429392,43.2623579633135,26.1135999999969 -2.97265696368056,43.262307001175,25.8159000000014 -2.97250399406242,43.2622319830081,25.4759999999951 -2.97247197451242,43.2622179856164,25.4046999999991 -2.9724159834191,43.2621800152957,25.2755999999936 -2.97228396880155,43.2620830369101,24.7874000000011 -2.97225999635991,43.2620579747316,24.4909999999945 -2.9722439865849,43.2620400378436,24.4526000000042 -2.97221900892841,43.2620250342827,24.471000000005 -2.97215203772736,43.2620029898026,24.804999999993 -2.97207903074589,43.2619419693737,24.6024000000034 -2.97203896588424,43.2619159853992,24.5454000000027 -2.97198900967296,43.2617180050743,23.6601999999984 -2.97194601001526,43.2616529611432,22.8512000000046 -2.9718269877317,43.2615249697289,20.973800000007 -2.97170997587774,43.2614539751368,21.5207999999984 -2.97165800833856,43.2614239677224,21.6493999999948 -2.97153697382873,43.2613529730125,22.6150000000052 -2.97151601882811,43.261342998656,22.5688999999984 -2.97146002773475,43.261378034827,22.5512000000017 -2.97139397820516,43.2613279949233,22.3926000000065 -2.97135600821475,43.2613050284438,22.3568999999989 -2.97130404067556,43.2612559946179,22.2272999999986 -2.97120496638118,43.2611799703253,21.903999999995 -2.97112097929202,43.2611490416806,21.8031000000046 -2.97101402677259,43.2610570079682,21.4526000000042 -2.97101100933158,43.2610549963402,21.4343999999983 -2.97095996346388,43.2610199599832,21.3989000000001 -2.97092802835553,43.2609909584971,21.1796000000031 -2.9707970189528,43.2609040383464,20.866200000004 -2.97075703763445,43.260875036805,20.7666000000027 -2.97069501165903,43.2607909661441,19.9109000000026 -2.97065201200133,43.2607130146764,19.4663 -2.9705479924813,43.2605400121333,18.1757999999973 -2.9705210025986,43.2605079932765,18.5994000000064 -2.97047900995232,43.2604039737439,18.2850999999937 -2.97040399164294,43.2603370024569,18.2501000000047 -2.97033199077462,43.2602090108929,17.5883999999933 -2.97031396967168,43.2601940075349,18.2238999999972 -2.97034003788292,43.2601349989141,14.5724999999948 -2.9703210106669,43.2600919997802,15.2434000000067 -2.97031003055918,43.2600490006158,16.1747000000032 -2.9702879859021,43.2599459871129,17.2930000000051 -2.97029502689729,43.2599410413613,17.1162999999942 -2.97030902444606,43.2599200029407,16.6536999999953 -2.97026501957354,43.2598780098156,17.623900000006 -2.97024599235752,43.25985797688,18.1236999999965 -2.97022897736773,43.2597979624258,17.5090999999957 -2.97018597860833,43.2597109581424,17.8439999999973 -2.97016602972082,43.2596869861975,17.9689999999973 -2.97016200616666,43.2596729882207,17.9627999999939 -2.97015999483872,43.2596470045863,17.9247000000032 -2.97017801594166,43.2595330102383,17.6956999999966 -2.97016703493561,43.2595210245591,17.7326999999932 -2.97012202484831,43.2594510351063,17.6475000000064 -2.97010199151917,43.2594439945492,17.7235999999975 -2.97005698053354,43.2594139874525,17.8668000000034 -2.97005396309249,43.2593880037076,17.7366000000038 -2.97003502031809,43.2593719939783,18.0669999999955 -2.96999596067123,43.2592959699501,17.9948000000004 -2.96998196312246,43.2592709923254,18.7782000000007 -2.96997701789684,43.2592480257241,19.1518000000069 -2.96996897078851,43.2592239698584,19.3374999999942 -2.96989696992018,43.2591450121744,20.688599999994 -2.96986503571013,43.2590229714145,18.7051000000065 -2.96986696349474,43.2589870134145,17.9811999999947 -2.96980200362159,43.2589209636604,18.8396999999968 -2.96980300883641,43.2587430160643,17.0565999999963 -2.96970896420931,43.258662969145,17.3571999999986 -2.9696829804397,43.2586089892941,17.6447000000044 -2.96966202543908,43.2585359828616,17.2494000000006 -2.96973000275327,43.2584150321139,14.3138999999937 -2.96978297640557,43.25832098713,12.4921000000031 -2.96975003518411,43.2582609731234,13.5623999999953 -2.96976001007701,43.2581869607393,16.026199999993 -2.96981097240138,43.2581080030189,15.7179000000033 -2.96980803850366,43.2580840310972,15.843200000003 -2.96983796138578,43.2580510060665,15.849000000002 -2.96985799471495,43.2579189914675,16.0314999999973 -2.96988699592558,43.2578820272762,16.0540999999939 -2.96993896346476,43.2577550413268,15.8564000000042 -2.96994801578788,43.2577439770986,15.8111000000063 -2.96998900321935,43.2577060072588,15.6500999999989 -2.97001599310207,43.2576830407214,15.5662000000011 -2.97008900008351,43.2576340065955,15.3549999999959 -2.97014398506375,43.25758497243,15.0832999999984 -2.97022595992668,43.2574739960936,14.9471999999951 -2.97032604033418,43.2573989778598,14.6704999999929 -2.97043802252085,43.2572460082067,13.8515999999945 -2.97045202006963,43.2572210303953,13.0503000000026 -2.97051999738378,43.2570910270645,13.0629999999946 -2.9705479924813,43.2569630352194,13.5936999999976 -2.97055302214858,43.2569569999292,13.5501999999979 -2.97068897677693,43.2568620328417,10.3589000000065 -2.97070599176675,43.2568559981958,10.3368000000046 -2.97076198286007,43.2567130029494,10.7645000000048 -2.9707720412963,43.2567030284871,10.838699999993 -2.97081998528136,43.2566339615383,10.3151999999973 -2.97085502227239,43.2566270043976,10.1736999999994 -2.97091503602157,43.2565020302264,10.4437999999936 -2.97095099468406,43.2564529964579,10.0635000000038 -2.97096499223283,43.2564000228287,10.1630000000005 -2.97100799189052,43.2562420234883,10.2167999999947 -2.97105995942971,43.2560700268956,11.8438000000024 -2.97114000650804,43.2559789995819,10.9704000000056 -2.97117495905744,43.2559319771896,10.7357999999949 -2.97126799846975,43.2557830307272,11.8803000000044 -2.97129096479828,43.255758974801,11.9609000000055 -2.97132901833202,43.2557370144126,11.9600000000064 -2.97145902162164,43.2555940191556,12.7394000000058 -2.97146296163247,43.2555889899612,12.8521999999939 -2.97162498357376,43.2555110377218,12.0240999999951 -2.97174601808355,43.2554449887769,13.4419000000053 -2.9718190241667,43.2554019896022,14.0311999999976 -2.9718819727119,43.2553709762412,15.1934000000037 -2.97199797845278,43.2553510275295,13.0170000000071 -2.97221699760051,43.2552839721746,10.561400000006 -2.97225697891886,43.2552679626748,11.1229000000021 -2.97231498134011,43.25525798863,11.534799999994 -2.97240097975721,43.2552170011442,16.591499999995 -2.97246803539991,43.2551920225006,17.1972999999998 -2.97252402649326,43.2551750073926,17.5801999999967 -2.97255101637596,43.2551800366211,17.3632000000071 -2.9726060013562,43.2551829702831,17.0660999999964 -2.97273600464578,43.2551819646992,14.3475999999937 -2.97290900759309,43.255238039227,4.10970000000088 -2.97302501243563,43.2552719863133,2.88039999999455 -2.973100030745,43.2553419753357,2.92280000000028 -2.97317303682815,43.2553930205055,7.05819999999949 -2.97320798937754,43.2554370259206,11.4455000000016 -2.9732390028144,43.2554470005903,11.681700000001 -2.97327898413275,43.2554569746042,12.3196999999927 -2.9733600373242,43.2554859761092,16.460500000001 -2.97340596998132,43.2555709687323,18.2207999999955 -2.97346103940318,43.2555970365412,18.6429000000062 -2.97349599195258,43.2556889856036,18.8567000000039 -2.97353798549716,43.2557560411668,19.9483000000037 -2.97358299648279,43.2557729723692,21.6117999999988 -2.97359900535947,43.2557650095557,22.1189000000013 -2.97364200501716,43.2557459828043,23.6217999999935 -2.9736969899974,43.2556840401605,24.391300000003 -2.97370302487947,43.2556769998221,24.3987000000052 -2.97377603096261,43.2556510157909,25.2872000000061 -2.97382598717387,43.2556260379795,25.7309999999998 -2.97385197094348,43.2556019813371,25.9563999999955 -2.9738279994001,43.2556230199411,25.758600000001 -2.97398901522827,43.2555050029419,26.6362999999983 -2.97401499899785,43.2554370259206,26.752800000002 -2.97408398242516,43.2553999777873,26.7780000000057 -2.97412798729767,43.2553810346657,26.5691999999981 -2.97415195973935,43.255353039346,26.7446000000054 -2.97421800926894,43.2552269751957,26.6263999999937 -2.97424600436645,43.2551699781635,26.8646000000008 -2.97428498046998,43.2551409771622,26.6526000000013 -2.97428598658309,43.2551409771622,26.6633000000002 -2.97432697401456,43.2551259732097,27.0875999999989 -2.97435899266624,43.2551099636684,26.8689000000013 -2.97444197364228,43.2549569941533,27.1463999999978 -2.97447399229396,43.2549160064649,27.1339000000007 -2.97451196228441,43.2548239731449,27.3580999999976 -2.97454901060334,43.2547710000613,27.2780000000057 -2.97471497165713,43.2546750272436,27.4045000000042 -2.97474497898088,43.2546590175837,26.9024000000063 -2.97476601752483,43.254624987065,27.1269999999931 -2.97480599974151,43.2545799761236,26.5690999999933 -2.97482402084442,43.2545629608445,26.9888000000064 -2.97483600706526,43.2545430118681,26.7295000000013 -2.97486199083487,43.2545089812846,26.1707000000024 -2.97487498227049,43.2544929722353,26.3984999999957 -2.97499702289343,43.2543059717819,25.8135000000038 -2.97499400545238,43.254214022594,22.3463999999949 -2.97502602410406,43.254189966048,23.5902999999962 -2.97500699778633,43.2540749663496,19.9875999999931 -2.97502099533507,43.2540300394016,19.7176999999938 -2.97502300666301,43.2539189793831,18.8156000000017 -2.97505100265885,43.2538789979101,19.292300000001 -2.97507396898741,43.2538100147757,19.8086999999941 -2.97508100998259,43.2536629958291,18.789499999999 -2.97510799986529,43.2535970305889,18.1303999999946 -2.97522702214888,43.253428973082,18.1686999999947 -2.97524102059595,43.2533569725956,15.9527999999991 -2.9752830132422,43.2533019876603,15.4902000000002 -2.97531696057681,43.2531549687957,13.6456000000035 -2.97531897190471,43.2531399650082,13.2788 -2.97530698568388,43.2529959639213,13.3672999999981 -2.97527999580118,43.2529569881172,12.6376000000018 -2.97528795936619,43.2529210298065,14.4529999999941 -2.97525501814469,43.2528409824308,15.3892999999953 -2.97523297348762,43.2527409866917,16.1546999999991 -2.97528997069409,43.2526709979513,18.1916999999958 -2.97528703679637,43.2526239749675,17.5745000000024 -2.97524403803697,43.2525010129974,16.4478999999992 -2.97524596582157,43.2524529842534,15.9713999999949 -2.97524495970845,43.2523819895519,16.2378000000026 -2.97521796982576,43.2522769642455,16.7042999999976 -2.97522400470783,43.2521959954468,17.5668000000005 -2.97515896129136,43.2520529997264,18.4845000000059 -2.9751520047378,43.2519779820114,18.7357000000047 -2.97513901240385,43.2519450413434,18.3798999999999 -2.97511503996217,43.2518779861638,17.9456999999966 -2.97517999983531,43.2517660036007,17.8635999999969 -2.97527002180658,43.2516329828194,18.3674000000028 -2.97531503279221,43.2515749800514,18.6904000000068 -2.97533296945349,43.2515319807613,18.0598000000027 -2.97537898655223,43.2514060009562,16.0414000000019 -2.97541201131703,43.2513579726572,15.3834000000061 -2.97541896787058,43.2513449803759,15.2372000000032 -2.97549398617996,43.2512090261303,14.1465999999928 -2.97551703605182,43.2511950281674,13.9949000000051 -2.97557897848394,43.2511390375924,13.8720999999932 -2.97557797326912,43.2511279734707,13.8752999999997 -2.97557302714517,43.2511169930968,13.8779000000068 -2.97559197081789,43.2510989718531,13.8742999999959 -2.97561896070059,43.2510539609227,13.6836000000039 -2.97566698822894,43.2510279768819,13.5666999999958 -2.97573303775853,43.2510190084496,14.0489999999991 -2.97577503130311,43.251008028056,14.1184000000067 -2.97580797252457,43.2509950363544,14.4872999999934 -2.97591702081356,43.2509419788074,15.4336999999941 -2.97601198801044,43.2508999853793,16.6587 -2.97604300054901,43.2509080319246,18.5231000000058 -2.97620301116236,43.2507839797004,16.8000000000029 -2.97623502981401,43.2507640307947,16.8132999999943 -2.97634097711861,43.2507429924749,20.2045999999973 -2.97635296333945,43.2507080398234,18.6171000000031 -2.97645597674637,43.2507210315863,21.0979999999981 -2.97651498617904,43.2506760210309,20.1971000000049 -2.97653099505575,43.2506640349169,19.9821999999986 -2.97670399800306,43.2505359595533,17.0856000000058 -2.9767340053268,43.2505109816068,17.1245000000054 -2.97682897162535,43.2504499607841,16.1315999999933 -2.97685202239554,43.2504379746256,15.9410999999964 -2.97686199639015,43.2504229714773,15.6002000000008 -2.97705796566602,43.2503529826904,17.045299999998 -2.97716600784186,43.2503020203184,16.5206000000035 -2.97718000628896,43.2502900341308,15.9775999999983 -2.97728695880835,43.2501379868568,14.2338000000018 -2.97729500591668,43.2501460335027,14.2338000000018 -2.97735895967667,43.2501150200824,14.5016000000032 -2.97740799331818,43.2500929758704,14.7519999999931 -2.97759298248629,43.2499929795452,16.4352000000072 -2.97772097444797,43.249965990036,17.4998000000051 -2.97790998627199,43.2499160336653,18.8830000000016 -2.97804501833052,43.2498020400752,19.8310000000056 -2.97813302807555,43.2497659974587,20.0896999999968 -2.97821902649265,43.249721992526,20.6015999999945 -2.97826303136516,43.249699026249,20.9247000000032 -2.97830301358181,43.2496609722213,20.9882000000071 -2.97833503223349,43.2496189792186,21.1294000000053 -2.97834400101327,43.2496140339369,21.1720999999961 -2.9783610160031,43.2495919895437,21.172900000005 -2.97836897866977,43.2495430391976,21.3173999999999 -2.978379037106,43.2494830243918,21.5571999999956 -2.97836596122872,43.2493779993208,21.6386999999959 -2.97852496572896,43.2493459804834,21.4015000000072 -2.97865798735792,43.2493139616291,19.9468999999954 -2.97878396709337,43.2492840385273,18.6211000000039 -2.97880299430939,43.2492700407764,18.850099999996 -2.97892302270606,43.2492619940147,16.3337000000029 -2.9790309813386,43.2492419608581,16.3640000000014 -2.97913097820277,43.249223017784,15.4318000000058 -2.97922896194238,43.2492110320384,15.4630999999936 -2.97933298146241,43.2491800187963,15.7011000000057 -2.97939601355095,43.2491559628791,15.9155000000028 -2.97952400551263,43.2491360140944,16.0204999999987 -2.97954898316909,43.2491490055383,15.8107000000018 -2.97963003636056,43.2491039951298,16.0838999999978 -2.97984302062622,43.2490309884251,16.1043000000063 -2.97989498816541,43.2490319947649,16.073000000004 -2.97994896793083,43.2490230260388,16.0479999999952 -2.98008198866146,43.2489969580331,15.9674999999988 -2.98023596439275,43.2489390391247,15.8659000000043 -2.98030000169607,43.2489539588858,15.8567999999941 -2.9804679749761,43.2489490135501,15.7378999999928 -2.98049697618673,43.2489680404621,15.7639999999956 -2.98072697634051,43.2488889994676,15.6769000000058 -2.98074499744341,43.2488859817497,15.6612000000023 -2.98085002217823,43.2488640208457,15.6328999999969 -2.98093702670845,43.2488419768354,15.5795999999973 -2.98099402301659,43.2488330080813,15.5412000000069 -2.98119200362039,43.2487869917496,15.507500000007 -2.98120600206746,43.2487819619931,15.4916999999987 -2.98132401913624,43.2487750052639,15.5427000000054 -2.98141999154791,43.2487650308101,15.5951999999961 -2.9815899770542,43.2487330123047,15.5515000000014 -2.98160104070522,43.248729994579,15.5341999999946 -2.98168703912231,43.2487129789742,15.5178000000014 -2.98181201364298,43.2486760150836,15.6551000000036 -2.9819209783886,43.2486210298481,15.4223999999958 -2.98193497593737,43.2486149950398,15.4394999999931 -2.98199901324069,43.2485890106127,15.3316999999952 -2.98221199750635,43.2485109754748,15.4168999999965 -2.98235499312992,43.2484630306092,15.7565000000031 -2.98241802521846,43.248394969826,15.3603000000003 -2.98242699309995,43.2483679802629,15.3380999999936 -2.98242900532618,43.2483050322691,14.8475000000035 -2.9824239756589,43.2483000031271,14.7534000000014 -2.98238500045366,43.2482480353019,13.3784000000014 -2.98236303933992,43.2482399884052,13.1809000000067 -2.98238600566848,43.2482200393205,13.0096000000049 -2.98239204144888,43.2481990007763,12.9569000000047 -2.98242498177201,43.2481280063507,12.9464000000007 -2.98254802850807,43.2479389945763,11.0475000000006 -2.98264400091977,43.247870011257,10.9192999999941 -2.98270703300831,43.2478649820791,11.3273000000045 -2.98274299167083,43.2478420157562,11.5831000000035 -2.98292898605376,43.2477489765086,11.0769 -2.98293803837688,43.2477209809522,10.9847000000009 -2.98304700312253,43.2476540094569,11.0972000000038 -2.98317499418588,43.2475319692234,11.1083000000071 -2.98321003117691,43.2475140319823,11.078800000003 -2.9833149723684,43.2475029678565,11.1062999999995 -2.98339501944676,43.2474080010756,11.4233999999997 -2.98343701299134,43.2473800053625,11.545100000003 -2.98361496026597,43.2472690287503,12.2397999999957 -2.98368603946281,43.2472130378378,12.6557999999932 -2.98374999322284,43.2471739778495,12.9376000000047 -2.98381998186493,43.2470899916576,12.4416000000056 -2.98389701150224,43.2470329942077,12.556700000001 -2.98398803958662,43.2469390330685,12.972299999994 -2.98407403710538,43.2469080199782,13.3185999999987 -2.9842300250629,43.246906008537,16.1584000000003 -2.98426397149919,43.246920006177,17.1616999999969 -2.98443697354817,43.2467940266476,16.7324999999983 -2.9844630417594,43.2467679583423,16.4161000000022 -2.98450503530399,43.2467390410218,16.1978999999992 -2.9845330304015,43.2466910129687,14.9220999999961 -2.98458902149485,43.2466780210005,16.077099999995 -2.98467300858401,43.2466389613235,16.0246000000043 -2.98490300783946,43.2464859914703,15.7155000000057 -2.98497802614884,43.2464419861309,16.2497000000003 -2.98503502245698,43.2464330176777,16.5296999999991 -2.98509101355033,43.2464099677131,16.7501000000047 -2.98512102087407,43.2464080400117,16.8415999999997 -2.98515899086452,43.246397981414,16.9663 -2.98525001894887,43.2463799600827,17.0918999999994 -2.98536300635036,43.2464119791706,17.0363999999972 -2.98539896501287,43.2464470154263,17.1827000000048 -2.98564204014561,43.2464709880029,17.4930000000022 -2.98582099353336,43.2465239611081,18.3252999999968 -2.98592903660753,43.246584981938,19.0568999999959 -2.98593398183318,43.246593028399,19.1447000000044 -2.98605702856921,43.2466090375619,19.2485000000015 -2.98610798999528,43.2466040082799,19.1897000000026 -2.98614797221196,43.2466109652569,19.222299999994 -2.98622399573612,43.2466989756599,19.8534000000072 -2.98638300023636,43.2466999813839,20.2103999999963 -2.98640202745238,43.2467360238516,19.9367999999959 -2.98654602829076,43.2467180026205,19.9352000000072 -2.98666102791849,43.2467139790712,20.3564000000042 -2.98677099877723,43.2467279767552,20.8475000000035 -2.9868340308658,43.2467650249294,21.4811999999947 -2.9869669671548,43.2468459944046,21.3417000000045 -2.98697995948876,43.2468829580971,21.028999999995 -2.9869650393702,43.2469709681071,20.244200000001 -2.98706000656708,43.247017990875,19.4787999999971 -2.98722999207334,43.2471009714488,17.248900000006 -2.98730500948442,43.2471820248871,16.1692000000039 -2.98735102658317,43.2472059971744,15.7314000000042 -2.98737600423963,43.2472280411225,15.5883000000031 -2.98743099011816,43.2472250239765,15.0507999999973 -2.98748002375963,43.2472210004608,14.6147999999957 -2.98751799375008,43.2472289630827,14.3571999999986 -2.98754900718694,43.2472380158281,14.2274000000034 -2.98759602950047,43.2472540254758,14.049199999994 -2.98761396706008,43.2472530191066,13.9937999999966 -2.98763701693197,43.2472469841627,13.616399999999 -2.98767800436344,43.2472660116065,13.3788000000059 -2.98767398080927,43.247281014878,13.783500000005 -2.98767800436344,43.2472960188003,13.8773999999976 -2.98769703157946,43.2473029756984,13.1242999999959 -2.98778696910906,43.2473550274305,13.3395000000019 -2.98785402475176,43.2474260221027,16.0758999999962 -2.98788201984927,43.2474329789859,15.8034999999945 -2.98791001584512,43.2474370018334,15.0267000000022 -2.98796399471221,43.2474489885824,13.9689000000071 -2.987988973267,43.2474469765048,13.135500000004 -2.98802199803179,43.2474489885824,12.9186000000045 -2.98804697568829,43.2474589625974,13.1563000000024 -2.98807899433996,43.2474639918089,13.1199000000051 -2.98810296678161,43.2474759778983,13.1352000000043 -2.98812199399766,43.2474909817725,13.1049000000057 -2.98814403865473,43.2475029678565,13.2859000000026 -2.98816398754224,43.2475120199069,13.6858999999968 -2.98830103092871,43.2475230002763,13.6420000000071 -2.98832299204248,43.2475270237722,13.6205000000045 -2.98844302043916,43.2475339806439,13.0832999999984 -2.98847503998913,43.2475390098491,13.1839000000036 -2.98851300997958,43.247553007998,13.7495999999956 -2.98853103108249,43.2475739623563,14.5519000000058 -2.98854796252898,43.2475860321786,14.8233999999939 -2.98865902214587,43.2475980182439,15.196299999996 -2.98867603803396,43.2475939954071,14.9676000000036 -2.98871099058335,43.247587037888,14.4685000000027 -2.98873596823985,43.2475879604971,14.2985000000044 -2.98875801289692,43.2475899719157,14.1187999999966 -2.98877603399982,43.2475939954071,14.0866999999998 -2.98879103766171,43.2476029636894,14.263300000006 -2.98880402909734,43.2476120163792,14.4593000000023 -2.98881802664611,43.2476169618235,14.4238999999943 -2.98883797643192,43.2476179675323,14.1692999999941 -2.98885901497587,43.2476189732411,13.9945000000007 -2.98888198130443,43.2476300373459,14.1012000000046 -2.98887896386338,43.2476469688444,14.3086999999941 -2.9888780412936,43.2476540094569,14.420100000003 -2.98888399263237,43.2476649898008,14.6100000000006 -2.98890897028883,43.2476860285294,15.0354999999981 -2.98894199505362,43.2476779815585,15.4321000000054 -2.98897099716258,43.2476680075793,15.5785000000033 -2.98899999837321,43.2476599606059,15.2960000000021 -2.98902003080405,43.2476599606059,15.2820000000065 -2.98905095979928,43.2476580329441,15.2299000000057 -2.98908901423132,43.2476599606059,15.3809999999939 -2.9891190215551,43.247688961898,16.002999999997 -2.98912597810865,43.2477039657198,16.0268999999971 -2.98915104020674,43.2477170412236,15.9459000000061 -2.98922102884887,43.2477430253683,16.1877999999997 -2.98923896640844,43.2477570234702,16.3212000000058 -2.98926101106552,43.2477659917284,16.4024000000063 -2.98929596361491,43.2477740386878,16.5195999999996 -2.98932898748138,43.2477860247161,16.7617999999929 -2.98943703055554,43.2477710209146,17.2731000000058 -2.98959201239995,43.247736990473,18.0901000000013 -2.98963802860037,43.2477209809522,18.1676000000007 -2.98966904203726,43.2477280215561,18.196100000001 -2.98974397590497,43.2477130183946,18.2152999999962 -2.98976501444893,43.247688961898,18.1735000000044 -2.9899790048277,43.2476150335059,18.2890999999945 -2.9900899809013,43.2476270195655,18.520399999994 -2.9901449658815,43.2476390062772,18.6334999999963 -2.99029902515612,43.2475980182439,18.9418000000005 -2.9903329724907,43.2475899719157,19.0157000000036 -2.99045702444154,43.2475609705764,19.2315999999992 -2.99051603297591,43.2475509959238,19.266300000003 -2.99055199163843,43.2475420276339,19.3481999999931 -2.99059800783884,43.2475309635131,19.4523000000045 -2.99064503015241,43.2475270237722,19.5506000000023 -2.99070001603094,43.2475059849886,19.6469999999972 -2.99074896612908,43.2474759778983,19.8123000000051 -2.99075701233908,43.2474619803861,19.8643000000011 -2.99078701966283,43.2473729647184,19.6198000000004 -2.99085600309014,43.2473009636159,19.569399999993 -2.99087201286514,43.24721898903,19.3485999999975 -2.99091501162454,43.2470980380519,19.0120000000024 -2.99092498651744,43.2470840404529,18.5494999999937 -2.9909910351487,43.2470240258415,18.1154999999999 -2.99113796988477,43.2469449842874,18.758799999996 -2.99116403809601,43.2469139712001,18.5914000000048 -2.991265040175,43.2468169927111,17.4081000000006 -2.99128599427729,43.246814981267,17.8815999999933 -2.9913360349302,43.2468230276976,18.6251999999949 -2.99148498099421,43.2467490158074,18.6762000000017 -2.99158103784754,43.2465920226732,18.3022000000055 -2.99157299073921,43.246578024958,17.9355999999971 -2.99160400417607,43.2465719899472,18.0688999999984 -2.99166301271047,43.2465650329657,18.4355999999971 -2.99175303468174,43.2464949599157,18.5534000000043 -2.9919680302753,43.2463419903552,19.2109000000055 -2.99215100721721,43.246284993514,19.7679999999964 -2.9922700303991,43.246202012483,19.960500000001 -2.99230196550745,43.2461890204105,20.025999999998 -2.99234303648225,43.2461639588879,20.1095999999961 -2.99238100647266,43.2461320234263,20.1373000000021 -2.99249298865934,43.2460040321049,20.2799999999988 -2.99251696110101,43.2459880227831,20.3340999999928 -2.99258200451748,43.2459339590639,20.5080000000016 -2.99262500327688,43.245905963982,21.2001000000018 -2.99263497816979,43.2458880262622,21.4299000000028 -2.9926199745079,43.2457310335264,22.2526000000071 -2.99261704061018,43.2456919738965,22.653999999995 -2.99249097733144,43.2455430272552,19.5540000000037 -2.99243699756602,43.2455209826973,19.1584000000003 -2.99247697888437,43.2454260160981,19.3626999999979 -2.99243398012497,43.2453720362922,20.4872000000032 -2.9922029747564,43.2453130277041,20.1201000000001 -2.99212401733449,43.2452950067063,19.1965000000055 -2.99207498279472,43.2453029695799,19.1616999999969 -2.99190198074571,43.2452390159424,21.6119000000035 -2.99190801562781,43.2452270294128,21.3687000000064 -2.99181698844173,43.2451850359707,23.2744999999995 -2.9917940221132,43.2451700328372,23.4723999999987 -2.99166502403837,43.2451240157015,23.2998999999982 -2.99162101916589,43.2450970259978,23.150999999998 -2.99153401553398,43.2450260312286,22.8065000000061 -2.99145799111148,43.2449780031337,23.1956999999966 -2.99135598381771,43.2449159769036,23.5169000000024 -2.99126302794873,43.244801983117,23.6079999999929 -2.99124500684582,43.2447879856447,23.7307000000001 -2.99121499952208,43.2447599900362,23.9756000000052 -2.99119396097813,43.2447319944148,24.1085000000021 -2.99118499309664,43.2446950300715,24.1067999999941 -2.99110301733541,43.244653036917,24.1949000000022 -2.99101400147726,43.2446090315622,24.3010000000068 -2.99088601041388,43.2445249613469,25.1661000000022 -2.99086899452579,43.2444999835528,25.190300000002 -2.99086597708474,43.2444569838485,25.3424999999988 -2.99087997553181,43.2444289887422,25.4425999999949 -2.99086295964369,43.2443890069287,25.6600999999937 -2.9908109921045,43.2443370390386,25.7688000000053 -2.99077796733971,43.2441949658499,25.6552999999985 -2.99084099942828,43.2441290001706,25.4455000000016 -2.9909030254037,43.2440659686174,25.4081000000006 -2.99093001528639,43.2440620286524,25.372199999998 -2.99101299626244,43.2439979912613,25.3031000000046 -2.99108399101768,43.2439720074822,25.3565999999992 -2.99118398698352,43.2439190334665,25.3133999999991 -2.99120703685541,43.243903024251,25.3280999999988 -2.99135196026355,43.2437949814043,24.1367000000027 -2.99140803490023,43.2437809837006,24.4989999999962 -2.99148296966628,43.2437489645386,24.6870000000054 -2.99150501342505,43.2436939794361,24.3301999999967 -2.99156603418565,43.2436479624941,24.2174999999988 -2.99160400417607,43.2436170334515,24.196100000001 -2.99163602282775,43.2436040414821,24.2445000000007 -2.99175596768113,43.2435529955926,24.3252000000066 -2.99182897466257,43.2435349747285,24.5764000000054 -2.99197498682885,43.2434209809751,24.5497000000032 -2.99201597426032,43.2433939911713,24.5807999999961 -2.99208898124179,43.2433489804365,24.633600000001 -2.99222401330036,43.2432810029347,24.758799999996 -2.99228696184556,43.2432459668212,24.7750999999989 -2.99231696916931,43.2432120202298,24.7936000000045 -2.99238402391371,43.2432130260114,24.6312999999936 -2.99239098136557,43.2431939986105,24.728099999993 -2.99239601013455,43.2431670093605,24.8554000000004 -2.99241998257619,43.2431439588145,24.9199999999983 -2.99246599877664,43.2431270273731,24.9043999999994 -2.99253498220395,43.2430339881221,24.8871999999974 -2.99258896107104,43.242995012487,24.9759999999951 -2.99278099123437,43.2428879757799,25.175900000002 -2.99283798754254,43.2428510116265,25.2709000000032 -2.99288199241503,43.2428189926301,25.3234999999986 -2.9929549993965,43.2428049947022,25.3628000000026 -2.99297302049941,43.2427999657604,25.3763000000035 -2.99301099048982,43.2427449804558,25.4640999999974 -2.99303303514693,43.242739029481,25.4858999999997 -2.99305801280339,43.2426810267503,25.5326000000059 -2.99315599744132,43.242581030036,25.7305000000051 -2.9931819812109,43.2425680385001,25.7439000000013 -2.99329597472551,43.2424869854665,25.8885000000009 -2.99333000560342,43.2424739932561,25.8801999999996 -2.99336898170698,43.2424390410946,26.1052000000054 -2.99341097435323,43.2423760091016,26.6640999999945 -2.99349999021138,43.2422969674059,27.3439000000071 -2.99357701984869,43.2422529629668,27.8478999999934 -2.99359797484931,43.2422510351338,27.4725000000035 -2.9936480146039,43.2422129810339,27.0764999999956 -2.9937620090168,43.2421500325691,26.7768000000069 -2.99379402766848,43.2421089616611,27.414300000004 -2.99384901264872,43.2420750150906,27.3050999999978 -2.99394498595872,43.2419509625454,29.7744999999995 -2.99396602450268,43.2419180216898,31.1866000000009 -2.99408303545834,43.2418939655222,29.3276999999944 -2.99416802866061,43.2418649640887,27.1444999999949 -2.99419401243022,43.2418359632958,27.3424999999988 -2.99428302828834,43.2417929636743,27.0954999999958 -2.99435201081732,43.2417489588711,27.325800000006 -2.99441303157795,43.2417089772619,27.4085999999952 -2.99444898934213,43.2416720130475,27.5323999999964 -2.99451503887172,43.2416020240214,27.2883000000002 -2.99453800520028,43.2415740282575,27.4054999999935 -2.99471603691654,43.2414539998981,28.054999999993 -2.99477001668196,43.241413012284,28.1975999999995 -2.99480798667241,43.2413890396801,28.2379999999976 -2.99496196240367,43.2413400055229,27.7342000000062 -2.99510898068307,43.2412400098796,27.9198000000033 -2.9951620378787,43.2411479761801,28.3331999999937 -2.99527603229161,43.2410359941763,28.3925000000017 -2.9953279998308,43.2410240081286,28.4386999999988 -2.99534300349268,43.2410000360261,28.495299999995 -2.99546102056146,43.2409520073747,29.4771999999939 -2.99550100187981,43.2409550248314,29.4891000000061 -2.99551500032688,43.240945972461,29.7934999999998 -2.99555799908625,43.2409100142578,31.0529999999999 -2.99564902627233,43.2408680211118,32.3043000000034 -2.99566796994502,43.2408680211118,31.6287000000011 -2.99576000324422,43.2408619855354,29.8481000000029 -2.9958630166511,43.2408479878123,29.4484999999986 -2.99592998785215,43.2408280389244,29.5804000000062 -2.99598396761757,43.2408199923564,29.6931999999942 -2.99625596041763,43.2406840381773,30.5093000000052 -2.99636199126553,43.2406390274035,30.7851999999984 -2.99641395880472,43.2406060027288,30.9392999999982 -2.99643298602078,43.2405950224213,30.9811000000045 -2.99646902822659,43.2405630035479,31.1361000000034 -2.99658696175203,43.2404979599246,31.5671000000002 -2.99659802540308,43.2404930145567,31.5363999999972 -2.99662996051143,43.2404609956298,32.2375999999931 -2.99681997844853,43.2403599933696,32.2453999999998 -2.99687999309605,43.2403169946696,32.6269000000029 -2.99694101295836,43.2402989735027,32.337400000004 -2.99701200771356,43.2402699719643,32.4513000000006 -2.99713798834731,43.2402190103181,32.9150999999983 -2.99716698955797,43.2402119695007,32.8607999999949 -2.99723898952796,43.2401839737525,32.882500000007 -2.99726698552381,43.2401689700418,32.8687999999966 -2.99736396404862,43.2401200199764,33.1235000000015 -2.9974819811174,43.2400709854523,33.3206999999966 -2.99759999818614,43.2400559817138,33.0804000000062 -2.99778800479534,43.2400129827992,33.4030000000057 -2.99783703843681,43.2399969732117,33.5038000000059 -2.99796100684432,43.2399600092675,33.5847000000067 -2.9980989728006,43.2398839852191,34.151199999993 -2.99816703455642,43.2398180201073,34.3956999999937 -2.99822696476228,43.2397620288905,34.6009999999951 -2.99834699405729,43.2396989967456,35.0553999999975 -2.99846400501295,43.2396590150999,35.4336999999941 -2.99848202611585,43.2396460229409,35.4437000000034 -2.99857598719962,43.2395949776616,35.7709000000032 -2.99864002540128,43.2395610303447,36.0170999999973 -2.99874798403382,43.2394700032245,36.5050000000047 -2.99878100879861,43.2394249922082,36.7853999999934 -2.99891696342696,43.2393430174946,37.2143000000069 -2.99902098294696,43.2392379919557,38.3445999999967 -2.99903397438262,43.239231034791,38.3806000000041 -2.99905903648074,43.239227012056,38.0408000000025 -2.99907697404032,43.2392160315,37.8292999999976 -2.99927897729996,43.2391170414921,38.6723999999958 -2.99938299681996,43.2390680068152,38.2678000000014 -2.9993949830408,43.2390499859333,38.3649000000005 -2.99943102524661,43.2390260137086,38.6454999999987 -2.99951601755059,43.239013022069,38.1993999999977 -2.99964996085104,43.2388870418941,38.9728000000032 -2.99982497512625,43.2387739700398,38.8843000000052 -2.9998360387773,43.2387749758946,38.5647999999928 -2.9998790375367,43.2387579607812,38.2909999999974 -2.99995196007652,43.2386990354433,38.659599999999 -2.99996796985152,43.2386439665972,40.6082000000024 -3.00000904172461,43.2385739780192,44.0546000000031 -3.00007802425359,43.2385449763143,42.4012999999977 -3.00009998536733,43.2385439704556,41.2007000000012 -3.00012102391129,43.2385210038908,41.6613999999972 -3.00017600889152,43.2385060004251,40.1293000000005 -3.00019696389215,43.238510023862,39.4927000000025 -3.00029695985802,43.2385039887064,38.2443000000058 -3.00040097937802,43.2384260368507,38.4953999999998 -3.0005189964468,43.2384019812676,37.540599999993 -3.00056803008826,43.2383999695456,36.2831000000006 -3.00074002692243,43.238315983037,37.4465999999957 -3.00080599290868,43.2382749952752,37.351800000004 -3.0008499977812,43.2382139752835,37.6162999999942 -3.0009540173012,43.2381820402353,37.3567999999941 -3.00111897314021,43.2381340113258,36.5437999999995 -3.00121896910605,43.2381109614933,35.8178999999946 -3.00129700485647,43.2380640228166,37.0959000000003 -3.0013609586165,43.2380549700168,37.0106999999989 -3.00153396066548,43.2380589934835,35.8784000000014 -3.00156103409154,43.238030998055,36.5136999999959 -3.00158802397423,43.2380119709989,36.5975000000035 -3.00171702204902,43.2379699778189,36.5065000000031 -3.00180301956782,43.2379330132994,36.4205999999976 -3.00197199896097,43.2379129809981,34.9000999999989 -3.00200602983888,43.2378709877499,35.6677000000054 -3.00206696615785,43.2378689760103,34.6735000000044 -3.00216101078495,43.2378719936196,31.9226000000053 -3.00219998688848,43.2378819678939,30.2381000000023 -3.00230702384953,43.237802004155,33.3849000000046 -3.00232898406498,43.2377920298676,33.5384000000049 -3.00241003725642,43.2377640343165,33.3867000000027 -3.00244498980582,43.2377289983026,33.8031000000046 -3.00247197968855,43.2377180174766,33.7679999999964 -3.0026159805269,43.2376720012564,33.1303999999946 -3.00270097372918,43.2376399821559,32.6015000000043 -3.00275595870941,43.2376379704087,32.2376999999979 -3.00282795957774,43.2376369645351,31.5589999999938 -3.00286701922463,43.2376060357131,31.4928000000073 -3.00294798797445,43.2375620305036,31.3463000000047 -3.00295896808217,43.2375430039556,31.6676000000007 -3.00301102006298,43.237535962829,31.3084999999992 -3.00313297624427,43.2374839949832,31.1621000000014 -3.00322400432864,43.2374549934138,30.1925000000047 -3.00327898930885,43.2374359668324,30.2010000000009 -3.00331603762781,43.2374430073161,29.5155999999988 -3.00347797602577,43.2373750304235,29.3061000000016 -3.00349197357451,43.2373600266755,29.8065000000061 -3.00361895942307,43.2373320309259,28.8123000000051 -3.00365097807475,43.2373280080656,28.8580999999976 -3.00378299359059,43.2372829967759,28.1555999999982 -3.00383797857083,43.2372499722454,28.4903999999951 -3.00402103905605,43.2371209747056,29.4673000000039 -3.00406202648751,43.2370980082589,29.5400999999983 -3.00414199002254,43.237046040694,29.6159000000043 -3.00422698232652,43.2369749619358,29.8031000000046 -3.00417400867422,43.2369580307434,30.1622000000061 -3.00402900172272,43.2369459607787,34.0136000000057 -3.00402699039482,43.236915031606,34.6774000000005 -3.00405398027751,43.236915031606,34.1824999999953 -3.0042180135467,43.2368670030067,32.352899999998 -3.00423603464964,43.23682903324,32.405700000003 -3.00424802087048,43.236799026126,32.8910999999935 -3.00433703672859,43.2366919890048,36.1560000000027 -3.00435396817508,43.2366410269837,36.8727000000072 -3.00437903027317,43.2366059909785,37.002800000002 -3.00440803148383,43.2365899811503,37.8193000000028 -3.00452495889613,43.2365510053195,37.2024999999994 -3.00463199585718,43.236552011211,36.5742999999929 -3.00467801295593,43.2365179803923,36.7642000000051 -3.00471799427428,43.2365149633704,36.732600000003 -3.00485000979012,43.2364879737795,36.0124999999971 -3.00489996600138,43.2364719639203,36.0412000000069 -3.00497900696662,43.2364500037767,35.3715999999986 -3.00504203905516,43.2364420404003,34.3132000000041 -3.00521898111497,43.2364009695713,33.8123000000051 -3.00530497953207,43.2363410386769,36.3037999999942 -3.00541796693356,43.2362609917635,36.7618999999977 -3.0054789876942,43.2362120411763,37.1505999999936 -3.00552802133567,43.2361839617834,37.1070999999938 -3.00559700476294,43.2361390347279,37.671199999997 -3.00563598086651,43.2361119612001,37.8473999999987 -3.00567696829797,43.23608597733,37.837400000004 -3.00574502915546,43.2360429782316,38.0007999999943 -3.00580697158758,43.2360159884317,38.1098000000056 -3.00589498133258,43.235966032401,38.3552000000054 -3.00596597608779,43.2359169984606,38.9784999999974 -3.0060060418478,43.2359129748524,38.7250000000058 -3.00608399315657,43.2358729933403,38.8641000000061 -3.00620201022534,43.2358040101013,39.4187999999995 -3.00622698878013,43.2357859889085,39.5574000000051 -3.00639496206016,43.2357129826041,39.4513000000006 -3.00653703511391,43.2356630263249,39.2617000000027 -3.00667298974229,43.2356109750741,39.0782999999938 -3.00679301813897,43.2355969774536,37.9536999999982 -3.00686703033523,43.2355640364349,38.1670000000013 -3.00701295985651,43.2355259827397,39.006899999993 -3.00703902716942,43.2355310116273,38.8568999999989 -3.00705595861588,43.2355229650142,39.2820999999967 -3.00714204057631,43.2354829832462,41.2165999999997 -3.00741101593532,43.2354239748967,43.5828000000038 -3.00743197093595,43.2354229689865,43.8255999999965 -3.00750598313221,43.2354310156129,43.0332000000053 -3.00765903629368,43.2353630384392,48.7978000000003 -3.00773397105972,43.2353580088832,48.1098000000056 -3.0078600343385,43.2353310194343,48.7353000000003 -3.0079130079908,43.2353129981017,48.8270000000048 -3.00807503083039,43.2353119921897,44.8417000000045 -3.00821601422772,43.235363960579,37.6472999999969 -3.00830997531149,43.2353150099256,38.3902999999991 -3.00840200861066,43.2353649658356,37.6609999999928 -3.00853201190027,43.2353630384392,37.6508000000031 -3.00858599166569,43.2353519740699,37.6775000000052 -3.00861599898943,43.2353470289389,37.6643999999942 -3.00867400141069,43.2353249846184,37.6659000000072 -3.00877902614551,43.2353310194343,37.6591999999946 -3.00880802825447,43.2353030240614,37.6131000000023 -3.00901397152491,43.2352150135567,37.6426000000065 -3.00902402996114,43.2352069669018,37.6852000000072 -3.00909703604429,43.2351489641998,37.6885000000038 -3.00913500603474,43.2350890340374,38.3752999999997 -3.0092700380933,43.2349239942687,40.6153999999951 -3.00940498750683,43.2348260097527,37.4210000000021 -3.00949802602082,43.234740011711,37.6941999999981 -3.00961897698731,43.2346380038612,39.7158999999956 -3.00982098114525,43.2345810065417,42.8613000000041 -3.00982500469941,43.2346110140935,41.5636999999988 -3.00984101357609,43.2346540128934,40.9906999999948 -3.00996799942465,43.234733976182,40.8600000000006 -3.00997001075255,43.2347459628126,40.8788999999961 -3.00998702664067,43.2347659955006,40.9314000000013 -3.01004704128819,43.234873032078,41.4000999999989 -3.01007302505777,43.2349179594124,41.6748999999982 -3.0101180360434,43.2350030357124,41.5090999999957 -3.01019003601343,43.2350649777915,41.7151000000013 -3.01025298455863,43.2351119999324,41.9140999999945 -3.01032498452866,43.2351339605582,42.7636999999959 -3.01038097562202,43.2351209687432,43.2283000000025 -3.01044903737783,43.235119962828,43.4648000000016 -3.01062799076559,43.235119962828,52.9376999999949 -3.01072203539268,43.2351209687432,55.0246000000043 -3.01073896683914,43.2351389901327,54.402900000001 -3.01085002735436,43.2351600286059,54.9866000000038 -3.01091800466852,43.2351610345204,55.9484999999986 -3.01094097099708,43.2351730204125,55.4143999999942 -3.0110459957319,43.2352270000927,53.9116000000067 -3.01116300758586,43.2352819849831,49.9980999999971 -3.01120500113044,43.2352819849831,50.4535000000033 -3.01126602099275,43.2352629583776,51.1275000000023 -3.0113830328467,43.235239991885,53.085699999996 -3.01145000404778,43.2352570073264,53.4838000000018 -3.01146802515068,43.2352570073264,53.6391000000003 -3.01158595867613,43.2352450207963,54.5478000000003 -3.01162300609676,43.2352109905566,55.5812000000005 -3.0116879659699,43.2352119964703,55.6358999999939 -3.0117390118376,43.2351860122164,56.1713000000018 -3.0119209826664,43.2351460308818,58.0118999999977 -3.01198099731392,43.2351249924037,59.5531999999948 -3.01204696330018,43.235119041339,60.9407000000065 -3.01206096084891,43.2351170295087,61.203800000003 -3.01208996205954,43.2351109946715,61.5078999999969 -3.01215299414808,43.2351180354239,61.3185999999987 -3.01225097878601,43.2350189608767,64.1765000000014 -3.0122659824479,43.2350030357124,64.4535000000033 -3.01227000510374,43.2350040416295,64.4909999999945 -3.01227603998581,43.2350069749543,64.5408000000025 -3.01228199132458,43.2350059690373,64.6125999999931 -3.01230998732042,43.2349870261175,64.9683999999979 -3.01231400997625,43.234977973515,65.0997000000061 -3.0123170283156,43.2349679994199,65.2474999999977 -3.01232297875604,43.2349460387343,65.5298000000039 -3.01232800842332,43.234933968371,65.7311000000045 -3.01234703474105,43.2349089905717,66.1301999999996 -3.01236396618751,43.2348949927899,66.1258999999991 -3.01236296097272,43.2348870298649,66.2207000000053 -3.01234301208521,43.2348400075503,67.6021000000037 -3.0123539921929,43.2347219902035,71.434699999998 -3.0123440173,43.2347079923788,72.4872999999934 -3.01232599619709,43.2346629817716,74.2004000000015 -3.01231803353042,43.2346230000939,73.9597000000067 -3.012256007555,43.2345479818558,75.6027000000031 -3.01223496901104,43.2344810102773,73.3831000000064 -3.01222901767227,43.2344650011998,72.3185999999987 -3.01221099656937,43.234353018694,65.9328999999998 -3.01216900392308,43.2342899868439,65.2161999999953 -3.01215902903018,43.234244975928,63.8614999999991 -3.01212198071122,43.2341759928095,63.3307000000059 -3.01206699573098,43.234141040469,64.489499999996 -3.0120310370685,43.2341220135073,68.7116999999998 -3.01200002452994,43.2340960300976,69.8359000000055 -3.01196901109308,43.2340309861155,66.3650999999954 -3.01198703219599,43.2339620034093,59.8261000000057 -3.01197496243182,43.2339220212715,58.5565999999963 -3.01195995876996,43.2338839678599,57.4991000000009 -3.01190899644556,43.233824959271,58.9660000000003 -3.01190296156349,43.2337070256955,54.3790000000008 -3.01188301267598,43.2336630209428,53.3145999999979 -3.01182802769575,43.233537040833,50.917300000001 -3.01183003902368,43.2334730028511,49.6303000000044 -3.01184403747075,43.2333379701569,46.2955999999976 -3.01184202524452,43.2333010060999,45.082699999999 -3.01181796925951,43.2332549898166,44.7728000000061 -3.01177798794116,43.2331600224232,43.7050000000017 -3.01179097937679,43.2331000084938,42.6781999999948 -3.01184797658326,43.2330030296132,39.9815999999992 -3.01183397903452,43.2328619621267,38.4116999999969 -3.01183599036242,43.2328379900855,38.1805000000022 -3.01187303868138,43.232823991828,37.5154000000039 -3.01188100134805,43.2326939887811,35.8623999999982 -3.01187203256826,43.2326509899073,35.7676999999967 -3.0118349842493,43.2326169588735,36.2961000000068 -3.0118169631464,43.2325990218224,36.7057999999961 -3.01177597571493,43.2325079941193,36.8491999999969 -3.01177497050011,43.2324649951142,36.9465000000055 -3.01174898673053,43.2323980238645,37.6208999999944 -3.01176801304826,43.2323840261605,37.2072000000044 -3.01176197816616,43.2323560307427,37.260500000004 -3.01177798794116,43.2322779951005,37.0629999999946 -3.01176700783344,43.2322489936714,37.5411000000022 -3.01180799526491,43.2321690303946,37.4599000000017 -3.01182501025469,43.2321429623765,37.3309000000008 -3.01185200013742,43.2320759914274,37.1361999999936 -3.01192802366162,43.2319729777329,36.7102000000014 -3.0119390037693,43.2319289723825,37.039499999999 -3.01195995876996,43.2318149785133,38.5932999999932 -3.01206196696203,43.2317159882631,37.2682000000059 -3.01206196696203,43.2317190061771,37.2431999999972 -3.01213002781955,43.2316220270624,37.2382000000071 -3.01222197667709,43.2315170019603,37.2032999999938 -3.01224603356039,43.231456987722,37.3885000000009 -3.01226698766269,43.2314009966765,37.6845999999932 -3.0123109925352,43.2312279939888,37.7801000000036 -3.01234099985895,43.2311959747749,37.6548000000039 -3.01236597841374,43.2311480306814,37.7122999999992 -3.01241400684042,43.2310929615565,37.4415000000008 -3.01247301537479,43.2310369701765,37.1726999999955 -3.01244895938982,43.2309580126023,37.7032999999938 -3.01248801903668,43.2308180353823,38.1193999999959 -3.01257703489479,43.2306850140184,37.7111000000004 -3.01259396634129,43.2306560131404,37.7361999999994 -3.01258399144838,43.2305379955452,39.1459000000032 -3.0126219614388,43.2304270190158,39.692200000005 -3.01267401341961,43.2303739618809,38.847099999999 -3.01271801829213,43.2303380033294,38.3491000000067 -3.01270200851712,43.2302179744353,40.9147999999986 -3.01271399473796,43.2301800044529,40.9297999999981 -3.01282103169902,43.2300739734855,38.7032000000036 -3.01286897658237,43.2300250231647,38.2045999999973 -3.01286595914132,43.2299449758092,39.1171000000031 -3.01288800290009,43.2298350055115,40.9425999999949 -3.01290703011611,43.2298179905199,40.4217999999964 -3.01292597289051,43.2297859712197,40.0950000000012 -3.01296201509635,43.2297269625901,40.0650000000023 -3.01304801351345,43.2296220212744,39.3742999999959 -3.0130549709653,43.2295749988247,39.699099999998 -3.01304700740033,43.2295309937065,40.418399999995 -3.01311800215554,43.229457987763,40.0117999999929 -3.01315303914657,43.2293979728063,40.2670000000071 -3.01316603058219,43.2293640263539,40.2862000000023 -3.01316603058219,43.2293139863267,40.6655000000028 -3.0131839681418,43.229263024681,41.078800000003 -3.0132510237845,43.2292259763362,39.7652999999991 -3.01327097267201,43.2292170079669,39.5776999999944 -3.01347398204473,43.2292229589534,37.9156999999977 -3.01361999510935,43.2291740086036,38.1138000000064 -3.01371999107519,43.2291060316504,38.7967000000062 -3.01377899960959,43.2291079592447,38.3034000000043 -3.01390598545815,43.2289910317212,38.6683000000048 -3.01395501909962,43.2289310169592,38.5895000000019 -3.01411301838504,43.228874020193,37.7195999999967 -3.01433497143049,43.2287730183626,37.276199999993 -3.01441602372364,43.2287700009572,37.1628999999957 -3.01454803923948,43.2287679889173,37.0161999999982 -3.01455700801927,43.2287509736277,37.0289000000048 -3.01454602701325,43.2287280072993,37.097099999999 -3.01456899424011,43.2286850082455,37.0776999999944 -3.01457997434783,43.2286629641334,37.127800000002 -3.0146979914166,43.2285379895298,36.9308000000019 -3.01477703238181,43.2284990137854,36.7645000000048 -3.01482296503893,43.2283599584001,36.9940000000061 -3.014933019441,43.2282019589777,37.1399999999994 -3.01501600041705,43.2281390110926,37.0733999999939 -3.01504399641289,43.2280359972893,37.3380999999936 -3.01510401106038,43.2279550283424,37.4707999999955 -3.01522001590292,43.2278840338897,37.1765000000014 -3.0152539632375,43.2278650069381,37.1852999999974 -3.01528497577606,43.2278510088476,37.1426000000065 -3.01528598188918,43.2278309765048,37.2124999999942 -3.01532303020814,43.2278019749233,37.2975000000006 -3.01536100019855,43.2277179882082,37.4532999999938 -3.01539402496335,43.2276899926108,37.5469000000012 -3.0154319949538,43.2276329959932,37.7103999999963 -3.01543903505065,43.2276289724926,37.7075000000041 -3.01546099616442,43.2276189978493,37.6923999999999 -3.01557901323317,43.2275869793576,37.429999999993 -3.01570499296861,43.2275149784355,37.5440999999992 -3.01574103517446,43.2274360208806,37.6523000000016 -3.01570801040966,43.2273520343159,39.1831999999995 -3.01573902384652,43.2273429818884,38.8776999999973 -3.01578898005781,43.2273180035961,38.1548999999941 -3.01584103114029,43.2272869909908,37.9841000000015 -3.01586600969509,43.2272670415906,37.9076999999961 -3.01587900113074,43.2272470090559,38.1886999999988 -3.01589903445988,43.2271729969487,40.372199999998 -3.01592401211637,43.2271170058949,42.9572000000044 -3.01598402676386,43.2270350309879,40.6809000000067 -3.01596801698886,43.2270070350768,41.6254999999946 -3.01596902310197,43.2269379684919,44.2811999999976 -3.01598201543593,43.2268529758439,45.7143000000069 -3.01601101664659,43.2267829868149,46.684699999998 -3.0160309655341,43.2267320250167,47.0872999999992 -3.01599903042575,43.2266880198097,50.161300000007 -3.01611101261242,43.2265529877921,43.9444999999978 -3.01611897527909,43.2264470401898,44.524900000004 -3.01615702881284,43.2264010233135,44.0743999999977 -3.01620799113724,43.2263600360469,42.7464999999938 -3.01627596845143,43.2262749594637,42.216499999995 -3.01637202530476,43.2262049710802,40.7654999999941 -3.01660303067333,43.2260520009783,40.0553999999975 -3.01666899576126,43.2259639908598,40.4006999999983 -3.01666597832024,43.2259520051202,40.524900000004 -3.0166620392077,43.2259240093664,40.9719999999943 -3.01663898843751,43.2258909845714,42.3736000000063 -3.01664200587856,43.2258909845714,42.2988999999943 -3.01671199541895,43.2258499969619,41.7597999999998 -3.01673303396291,43.22584798548,41.1215999999986 -3.01680302260504,43.2257670162451,40.7679999999964 -3.0167910363842,43.2256960218622,41.0274000000063 -3.01679799293775,43.2256110294462,40.9277000000002 -3.01676798651231,43.2255589774649,41.5672999999952 -3.01674703151168,43.2255279646193,42.0176999999967 -3.0167580116194,43.2255049983856,41.790399999998 -3.01680796783066,43.2254329976225,41.1459999999934 -3.01685096659006,43.2254060077058,40.6864999999962 -3.01690301857087,43.2253869806353,39.9701000000059 -3.01699304054214,43.2253569737784,41.9413999999961 -3.01708901295384,43.2253129688879,43.9516000000003 -3.01710703405674,43.2253080235969,44.0702000000019 -3.01713997527821,43.2252979647885,44.0574999999953 -3.01715598415488,43.2252960370737,43.9964000000036 -3.01719403858696,43.2252900025732,43.8178999999946 -3.01734499597887,43.2252660301721,43.347299999994 -3.01738003296989,43.2252480091361,43.3331000000035 -3.01743099439596,43.2252299880947,43.300900000002 -3.01744599805785,43.2252240367184,43.2848999999987 -3.01751196404411,43.2251910121988,43.0494000000035 -3.01770298719599,43.2251309976228,41.2106000000058 -3.01789099380519,43.2251470071885,39.9012999999977 -3.01794899622645,43.2251579870068,39.6037999999971 -3.01803097108938,43.2250930277444,39.7937999999995 -3.01811998694752,43.2250800357526,39.5737999999983 -3.01822803002169,43.225114988053,38.7225000000035 -3.01826197645798,43.2251299915428,38.2284999999974 -3.01844797084091,43.2250600031538,39.1987999999983 -3.01848501915987,43.2250399698938,39.3027000000002 -3.01854201636631,43.2250269778908,39.4088000000047 -3.01864502977323,43.224997976939,39.5215000000026 -3.01871099486115,43.2250099628661,39.2072999999946 -3.01883496326866,43.2250259724636,39.0521000000008 -3.01889698924409,43.2250419820569,38.9633999999933 -3.01898499988745,43.2250289900543,38.7722000000067 -3.01903101608786,43.2250090412243,39.1708000000071 -3.019183985706,43.22499202554,39.2562000000034 -3.01924299424041,43.2250019999586,39.1845999999932 -3.01930300888789,43.2249880025197,39.2577000000019 -3.0194419809573,43.2250210271493,39.1888999999937 -3.019553963144,43.2250279839725,39.2670000000071 -3.01965395910984,43.2250559794834,39.3787000000011 -3.01986803303194,43.2250159980489,39.7296999999962 -3.0199790091055,43.2249910201122,39.9300999999978 -3.01999602499362,43.224995965429,39.9331999999995 -3.02005201608698,43.2249940370501,39.9967000000033 -3.02012200472907,43.2250090412243,40.0337 -3.02019702303844,43.2250230386584,40.0500999999931 -3.02025997068536,43.2249900140299,40.1379000000015 -3.02034496298934,43.2248780317882,40.6771000000008 -3.02035301009764,43.224857999123,40.7817000000068 -3.02036600153329,43.2248409840511,40.8276000000042 -3.02040698896476,43.2247590087016,41.1775000000052 -3.02042702229389,43.224724978498,41.2790999999997 -3.02041796997078,43.2246119903354,41.9484999999986 -3.02040497763682,43.2245600225964,42.3994999999995 -3.02038201130826,43.224520962486,42.9937000000064 -3.02030095811682,43.2244570086359,44.623900000006 -3.02030397555784,43.2244440165086,44.8524999999936 -3.02031998533284,43.2244219721719,45.0332999999955 -3.02034001776368,43.2243919654946,45.0975999999937 -3.02031998533284,43.2243199647261,45.5978999999934 -3.02032602021491,43.2242799828089,46.0252999999939 -3.02036197887742,43.2241079862981,47.2158000000054 -3.02034496298934,43.2240300343559,47.5503999999928 -3.02041201863201,43.2238730415937,48.0350000000035 -3.02055300202934,43.2238410224436,47.1497999999992 -3.02059700690186,43.2238090039313,47.4174999999959 -3.02063900044644,43.2237889709147,47.4789000000019 -3.02081803827582,43.2237800024,47.7057999999961 -3.02090998713335,43.2237990293175,47.9063000000024 -3.02096597822671,43.2237940001163,47.9527999999991 -3.02108600752171,43.2237660046805,47.9660000000003 -3.0211030225115,43.2237660046805,47.9829999999929 -3.02113696894779,43.2237520069578,47.9958000000042 -3.0211910322565,43.2237059900108,48.3751999999949 -3.02124501202195,43.2237159646398,48.0194000000047 -3.02134299665986,43.2237120253227,47.9551999999967 -3.02151298126782,43.2237510008549,48.1270999999979 -3.02157400202845,43.2237550246115,47.2969000000012 -3.02169403042513,43.2236840298492,47.1882999999943 -3.02171900897992,43.2236810121919,47.0905999999959 -3.02172998908764,43.2236790006385,47.0574999999953 -3.02175496674411,43.2236629913419,47.1907000000065 -3.02183199638141,43.2236550282585,46.7694999999949 -3.0219250357937,43.2236469813865,46.4079000000056 -3.02205001031436,43.2235579656174,46.5951999999961 -3.02205503908331,43.2234849597204,47.4853000000003 -3.0220390293083,43.223442966349,48.131899999993 -3.02201497332333,43.2234240231082,48.4109000000026 -3.02194003945558,43.2233520225057,49.0500000000029 -3.02193601590142,43.2233090235872,49.3010000000068 -3.02193903334247,43.2232019863382,50.1999999999971 -3.02191799479851,43.2231660281379,50.4867999999988 -3.02197197456393,43.2231399601968,50.3616000000038 -3.02202997698519,43.2231050080732,50.3194999999978 -3.02214900016708,43.2230810354675,50.5481 -3.02220800870145,43.2230549681446,50.7451000000001 -3.02219401115271,43.2230480110962,50.7302000000054 -3.0222540258002,43.2230389586841,50.9305000000022 -3.02244496540878,43.2229670414152,51.1156999999948 -3.0225049800563,43.2229080333849,51.0271000000066 -3.02257304091379,43.2228910177689,50.9587000000029 -3.02270296066007,43.222855981714,50.8111999999965 -3.02273598542487,43.2228409776646,50.8059999999969 -3.02287898015011,43.222763026066,50.8631000000023 -3.02296397245409,43.2227439994799,50.6886999999988 -3.02304401953241,43.2227080410094,50.9529999999941 -3.02316798793996,43.2226890137514,50.7130999999936 -3.02320000748993,43.2226809674065,50.6619999999966 -3.02324401236245,43.2226119842913,51.1429999999964 -3.02327997012663,43.2225770318651,51.5298000000039 -3.02333797344622,43.2225399833843,51.5717000000004 -3.02341198564248,43.2225099764353,51.2084999999934 -3.02348499172562,43.2224519734323,51.5703000000067 -3.02357400758373,43.2224030235365,51.1619999999966 -3.02365397111876,43.2223580123517,50.4303999999975 -3.02369495855023,43.2223140072602,50.0901000000013 -3.02369596466335,43.2223119956617,50.094299999997 -3.0236989821044,43.2223089785912,50.0532999999996 -3.02371096832523,43.2222959866607,49.8972999999969 -3.02371901453524,43.222285006327,49.9024999999965 -3.02372395976086,43.2222700027915,50.0720000000001 -3.02372999464292,43.2222560047253,50.225099999996 -3.02373996953586,43.2222059647544,50.8242999999929 -3.02374399309003,43.222192972802,50.8989000000001 -3.0237600019667,43.2221320362077,51.9609000000055 -3.02378196308044,43.2220939826355,52.3978000000061 -3.02379101540356,43.2220629693363,52.5590999999986 -3.02381498694691,43.2219359839917,53.8089000000036 -3.02385002393793,43.2218700184352,52.4435999999987 -3.02390601503129,43.2217329739468,51.7639000000054 -3.02392202390796,43.221701038772,51.6635999999999 -3.0239439850217,43.221657033861,51.0761999999959 -3.02396896267819,43.2215560318554,52.1518999999971 -3.02401699110484,43.2215000408794,49.9821999999986 -3.02403702443401,43.2214189879704,49.3959999999934 -3.02405898464946,43.2213569619787,49.270199999999 -3.02408396230592,43.2213199978564,49.1196000000054 -3.02409997208092,43.2212869731858,49.104600000006 -3.02410298952194,43.2211989627342,48.7976000000053 -3.02410902440404,43.2211480008501,48.6494999999995 -3.02412101062488,43.2210960334314,48.627800000002 -3.02412101062488,43.2210579792126,48.6616999999969 -3.02413903172778,43.2210080233587,49.2406000000046 -3.02415302927652,43.2208989750071,50.6796999999933 -3.02418798182592,43.2207829691536,51.8132999999943 -3.02419804026216,43.2206660413719,54.4937000000064 -3.02426199402218,43.2206080385785,52.629700000005 -3.02439702697908,43.2205170112968,50.430600000007 -3.02455795926389,43.2203999998676,49.5307999999932 -3.0245650002591,43.2203829848608,49.5976999999984 -3.0246000363518,43.2203330284539,49.5975999999937 -3.02462099135242,43.2203030210733,49.7939000000042 -3.02464898644997,43.2202300152063,50.0356000000029 -3.02471000721057,43.2201580147593,49.8027000000002 -3.02474202586225,43.2200689984783,50.0040000000008 -3.02481201450434,43.2199659847846,49.5648999999976 -3.02483003560725,43.2199160286906,49.3001999999979 -3.02491704013746,43.2197469657107,49.0246999999945 -3.0249290263583,43.219699021122,49.2706999999937 -3.0249820000106,43.2196089999637,49.3043000000034 -3.02502198132895,43.2195410228181,49.5978999999934 -3.02503002843728,43.219516966327,49.9919999999984 -3.02512097208,43.219412025109,50.2774000000063 -3.02522901425587,43.2193149629136,49.8408999999956 -3.02523898914878,43.2193049882192,49.8464999999997 -3.02527603656941,43.2192270366821,49.7030999999988 -3.02530000901108,43.2192080096471,49.698000000004 -3.02533403988899,43.2191500067758,49.6682000000001 -3.02534099644255,43.2191250283997,49.7198999999964 -3.02533202766276,43.2190370187551,50.1300999999949 -3.02534602610983,43.2189419676726,50.0620000000054 -3.02537502732046,43.2188620046137,49.9570999999996 -3.02545800829651,43.2186770158274,50.6331000000064 -3.02550695839468,43.2185210285626,51.6818000000058 -3.02554802936944,43.2184780295101,50.4652999999962 -3.02558197670405,43.2183010039973,51.619200000001 -3.02558197670405,43.2182920353299,51.7146999999968 -3.02560301524801,43.2182099765445,51.7326999999932 -3.02561399535573,43.218163037597,52.1037999999971 -3.0256220415657,43.2181259897072,52.6211999999941 -3.02566403511031,43.218024987744,52.2026999999944 -3.02566403511031,43.2179969922777,52.570000000007 -3.02568599622405,43.2179450241372,52.6242999999959 -3.02578800351782,43.2177669928393,51.6935999999987 -3.02586000438615,43.2176199739781,50.3757000000041 -3.02589504047888,43.2175420222507,49.8282999999938 -3.02592596947411,43.2174990231625,49.2247999999963 -3.0259859841216,43.2173909806348,49.9116000000067 -3.02602403765534,43.2173629848774,50.0881999999983 -3.0261920109354,43.2172889725539,47.8983000000007 -3.02621397204914,43.2172779926277,47.8205000000016 -3.02629100168645,43.2172739690984,46.8169000000053 -3.02638697409812,43.2172329815872,49.1505000000034 -3.02644698874564,43.2171469835993,51.5611000000063 -3.02661404035418,43.2169879783598,56.7443000000058 -3.0266929977761,43.2170169798487,51.0972000000038 -3.02674102620275,43.2170329895811,50.352899999998 -3.02677597875214,43.2170319833674,50.1906000000017 -3.02680103995193,43.2170279604765,49.9389999999985 -3.02689500193403,43.2170120345393,48.0581999999995 -3.02693003802673,43.2169820274882,47.1123999999982 -3.0269440355755,43.2169589775118,47.2116999999998 -3.02697697679696,43.2169279642192,47.9282999999996 -3.02706297521406,43.2168619984817,49.9762000000046 -3.02710102874781,43.2168340031361,50.1012000000046 -3.02716003728218,43.2168110369005,49.9600999999966 -3.02725198703805,43.2167760006251,49.8003999999928 -3.02733304022949,43.2167449872395,49.5504999999976 -3.02737000410682,43.2167299836502,49.9122999999963 -3.0274040340864,43.2167009820248,50.8285999999935 -3.02751802849931,43.2166169957277,52.1466999999975 -3.02758801714143,43.2165670395085,52.8439000000071 -3.0276819782252,43.216446004771,57.4910999999993 -3.02778398641727,43.216450028355,53.6613999999972 -3.02786998483437,43.2164600028618,50.9156999999977 -3.0279210307021,43.2164149918722,51.8916000000027 -3.02798598967691,43.2163640299175,52.5166999999929 -3.02802697710837,43.2163160014899,52.864499999996 -3.02806897065296,43.216289011465,52.3457999999955 -3.02817097884506,43.2162129880022,53.9183000000048 -3.02822898126631,43.216211981775,54.3433999999979 -3.02827298613883,43.2161969787091,55.4238999999943 -3.02831003445779,43.2161600140773,57.6502000000037 -3.02836300811009,43.216145010344,58.3898999999947 -3.0284159817624,43.2161320184094,58.4158000000025 -3.02851798905617,43.2161419929682,55.2345999999961 -3.02863198346907,43.2161870041593,50.7099000000017 -3.02879199408243,43.2160770332645,52.7177999999985 -3.02881202651327,43.2160499599905,53.9394999999931 -3.02888603870953,43.2160180251125,54.5222000000067 -3.02897899368018,43.2159829883815,55.039499999999 -3.02912400063165,43.2159949747717,51.9416999999958 -3.02923598281836,43.2160330282224,50.965400000001 -3.02926498492728,43.2160310170713,51.069399999993 -3.02929599746584,43.2160170188821,51.2609999999986 -3.02943698086318,43.2160160133063,51.4670999999944 -3.02945701419231,43.2160030213442,51.5736000000034 -3.02948802673088,43.2159860057651,51.7559000000037 -3.0297050345507,43.2160849960284,50.6013999999996 -3.02972598955133,43.2160929587912,50.4152999999933 -3.02982497940405,43.2161099743406,50.3861999999936 -3.02991902492948,43.2161500395214,49.130799999999 -3.03011499330702,43.2161519675254,49.6775999999954 -3.03013603185097,43.2161649594557,49.2998999999982 -3.03016997918555,43.2161630314521,49.5212000000029 -3.03022496416579,43.2161649594557,49.4517000000051 -3.03039201577433,43.2160610239358,55.8046000000031 -3.03053299917163,43.2160259878841,57.9391999999934 -3.03065001012729,43.216040990992,53.944399999993 -3.03067800612313,43.2160399854166,53.8417000000045 -3.03077699597585,43.2160389798412,54.1886999999988 -3.03085897083878,43.2160949705949,51.1524000000063 -3.030970031354,43.2161340302118,50.5258999999933 -3.03105703588422,43.2161379700186,51.2321999999986 -3.03115895963466,43.2161099743406,54.7853999999934 -3.03119198439945,43.2161079625374,55.5434999999998 -3.03130002657532,43.216072004081,60.7535000000062 -3.03133699135092,43.2160350400281,64.3460999999952 -3.03140102865427,43.2160460201781,64.3062999999966 -3.03143698731679,43.2160369680357,65.2422999999981 -3.03167201534119,43.2162460128025,50.0532999999996 -3.03178701586724,43.2162440010038,49.8564999999944 -3.03184401217538,43.2162450065758,49.9716999999946 -3.03188902316102,43.2162350320339,50.4878999999928 -3.03203201878458,43.2161790414088,53.3485999999975 -3.03207501754395,43.2161630314521,54.7597999999998 -3.03219404072584,43.2161539793271,56.1919000000053 -3.03222899327524,43.2161730060059,54.9961000000039 -3.03232496568694,43.2162040190277,52.6229000000021 -3.03240099010943,43.2162289972911,51.1858999999968 -3.0324500237509,43.2162590047127,49.9694000000018 -3.03256502337862,43.2162519637459,49.8708999999944 -3.03265403923677,43.2162239681202,50.361699999994 -3.03270500156114,43.2161939606813,50.6682000000001 -3.03280097397284,43.2162249743472,49.8834999999963 -3.0328159776347,43.2161640376801,51.7776000000013 -3.03294497570949,43.2161989898547,49.6416000000027 -3.03302703411575,43.2161849923587,49.4184999999998 -3.03308503743534,43.2161910271058,49.198000000004 -3.03319701962205,43.2162249743472,49.0194999999949 -3.03325803948435,43.2162310090903,49.0233000000007 -3.0332739648177,43.2161999960822,48.5332000000053 -3.03352198607438,43.2161620258787,48.7198999999964 -3.03376195932444,43.2160989942021,49.0152999999991 -3.03394803814903,43.2160549891758,49.1609000000026 -3.03410301909511,43.2160109841178,49.364499999996 -3.03429597092992,43.2159040309479,48.6398000000045 -3.03439697211058,43.2158600257809,48.3583999999973 -3.034466961651,43.215809985798,48.0758999999962 -3.03454399128828,43.2157969937921,47.2998999999982 -3.03462898359226,43.2157280107442,47.2170000000042 -3.03469100956768,43.2156710140721,47.2400999999954 -3.03485403762209,43.2155389992809,47.0521000000008 -3.03491598005418,43.2154639811227,47.5543000000034 -3.0349699598196,43.2154140246136,47.5697999999975 -3.03503198579502,43.2153820062584,47.4266000000061 -3.03507096100025,43.2153130227411,48.1738999999943 -3.03513298697567,43.2152309638748,49.0708000000013 -3.03517196307924,43.2152120207012,48.8595999999961 -3.03524899271652,43.2151179757935,49.1330000000016 -3.03531898225694,43.2150299662574,49.443299999999 -3.03541503821197,43.2149700352986,49.0129000000015 -3.03542803054593,43.214940028552,49.3365000000049 -3.0354970130749,43.2148599810283,49.7848999999987 -3.03550899929574,43.2148459832248,49.8512000000046 -3.03556197294804,43.2148260343363,49.2111000000004 -3.03559499771284,43.2147749885633,49.3644000000058 -3.0356280224776,43.2147599851439,49.2740999999951 -3.03563799737054,43.2147220146985,49.5138000000006 -3.03564897747826,43.21468999598,49.7798000000039 -3.03570203467386,43.2146409619448,49.6472000000067 -3.03574000466431,43.2146230248414,49.4755000000005 -3.03578199820889,43.214622018588,49.2075999999943 -3.03584503029742,43.2145650221915,49.2406999999948 -3.03591501893952,43.2144859804313,49.353099999993 -3.03600302868455,43.2144739943991,48.6505999999936 -3.03610897598916,43.2144070230234,48.260500000004 -3.03614703042123,43.2143699748156,48.2608000000037 -3.03617100196458,43.214325969851,48.8712999999989 -3.03625599516686,43.2142689731779,48.6046999999962 -3.03628700770542,43.214263022041,47.9799000000057 -3.03631802114228,43.2142500297055,47.6532000000007 -3.03633302480417,43.2141940385672,48.700800000006 -3.03639496633796,43.2141869980166,47.7654999999941 -3.03646503942168,43.2140549832861,49.1959999999963 -3.03665899647132,43.2139549867365,48.3540000000066 -3.03672102244674,43.2139040253448,48.4015999999974 -3.03678296487883,43.2138409932982,48.6849999999977 -3.0368829608447,43.2137789667992,48.4015000000072 -3.03697197670281,43.2137450201602,47.5623000000051 -3.03696602626237,43.21366103372,49.1964000000007 -3.03703199135033,43.2135489678186,50.0911000000051 -3.03705504122219,43.2135219778783,50.3540000000066 -3.03718797840952,43.2134150249259,49.7011999999959 -3.03722502672848,43.2133909686368,49.6223000000027 -3.0372790064939,43.2133489755147,49.438599999994 -3.037357041346,43.2132369934964,49.3304999999964 -3.03734597769495,43.2131649926483,49.7578000000067 -3.03741496022392,43.213010011312,49.9290999999939 -3.03751696841602,43.2128859591794,49.4474000000046 -3.03753800695998,43.212842037601,49.4324999999953 -3.03752400941121,43.2127569617948,49.9961000000039 -3.03752300329809,43.2127329890486,50.1352000000043 -3.03751596230291,43.2127159738664,50.3632000000071 -3.03748603942079,43.212697031221,51.1796999999933 -3.03748696109228,43.2126769984816,51.3530000000028 -3.03751001096414,43.2126609889149,50.8855999999942 -3.03762299926396,43.2125859704899,49.1530000000057 -3.03763900903897,43.2124979605732,49.428700000004 -3.03765703014187,43.2124810291282,49.3414000000048 -3.03766096925438,43.21247901786,49.3046999999933 -3.03767798424417,43.2124680370678,49.1322999999975 -3.03770103501439,43.2124680370678,48.6854000000021 -3.03771603867624,43.2124680370678,48.3944000000047 -3.03774897899941,43.21245403937,47.7510000000038 -3.03777303588271,43.2124380303996,47.202099999995 -3.0377759688821,43.2124220207702,47.3127999999997 -3.03777798110833,43.2124230264052,47.2379999999976 -3.03778703343145,43.2124210151351,46.9873999999982 -3.03779901965229,43.2124080230619,46.8681999999972 -3.03781100587313,43.2124050055012,46.5933999999979 -3.03781896853983,43.2123940253504,46.5595999999932 -3.03783799485752,43.2123549653021,46.674199999994 -3.03785400463253,43.2123289817794,46.6328999999969 -3.0378619672992,43.2123129721214,46.7179999999935 -3.03787202573543,43.2122989743881,46.7238999999972 -3.03788200062837,43.2122869885808,46.6754999999976 -3.03789901561816,43.2122679613444,46.5540000000037 -3.03790303917232,43.2122679613444,46.4449000000022 -3.03791502449483,43.2122449946986,46.4314000000013 -3.03794503181858,43.2122050133742,46.5081999999966 -3.03794997704423,43.212192021255,46.7145000000019 -3.03796296937818,43.2121660376629,47.2121999999945 -3.03797897915315,43.2121330126172,47.6542999999947 -3.03798601925004,43.2121159972677,47.763300000006 -3.03800798036382,43.2120399738403,48.4128999999957 -3.03801200391795,43.2120320105483,48.459400000007 -3.03801996658465,43.2120149958252,48.5773000000045 -3.03803295802028,43.2119949628618,48.6394 -3.03804402256963,43.2119770256349,48.6766000000061 -3.03805299134941,43.2119610158844,48.642200000002 -3.03805902623151,43.2119470180703,48.7050000000017 -3.03807101245235,43.2119320146099,48.7247000000061 -3.03808199256007,43.211906030907,48.957699999999 -3.03809096133986,43.2118880098503,49.1676000000007 -3.03810697021654,43.2118620254739,49.3077000000048 -3.03811702865277,43.2118490339364,49.3362000000052 -3.03812700354567,43.2118389755263,49.3984999999957 -3.03815499864322,43.2117399855725,49.6217000000033 -3.03830402914885,43.2117290053019,48.207699999999 -3.03837100034989,43.2116900292863,47.9520000000048 -3.03843101499741,43.2116150109764,48.295100000003 -3.03854098585615,43.2115249896683,47.8007000000071 -3.03855699473286,43.2114750332061,49.0302999999985 -3.03861700938035,43.2114049603961,49.0853999999963 -3.03869999035639,43.2113329600041,49.4752000000008 -3.03872396279807,43.2112949900438,49.7593000000052 -3.03878196521933,43.2112619651812,49.5356000000029 -3.03879696888121,43.211214021123,50.270199999999 -3.03882203097934,43.2111570241603,51.9421000000002 -3.03889101350831,43.2111280225035,50.8162000000011 -3.03893501838083,43.2110659965188,52.2088999999978 -3.03901095836166,43.2110019584995,51.599000000002 -3.03912302498999,43.2109219955042,50.8090999999986 -3.03914096165127,43.21091897787,50.6353999999992 -3.03916401242146,43.2108720392027,52.0613000000012 -3.03921597996065,43.2108380084499,51.633799999996 -3.03933701447047,43.2108059896564,49.725099999996 -3.03944103399047,43.2107570395772,48.6744000000035 -3.0394520140982,43.210674980473,49.9257000000071 -3.03945997766317,43.2106520145369,50.0102000000043 -3.0394779987661,43.2106299697966,49.9526000000042 -3.03948302753506,43.2106130384878,50.0157999999938 -3.03948998408861,43.2105999628787,50.0353999999934 -3.03950901130467,43.2105589748101,49.9487999999983 -3.03949501375589,43.2105350031641,50.2565999999933 -3.03954102995631,43.2105039898781,49.6656999999977 -3.03953398985942,43.2104840408787,49.9477000000043 -3.03955997362904,43.2104650137345,49.8224000000046 -3.03963800848113,43.2103869782215,49.181700000001 -3.03965602958404,43.2103429736565,49.0774999999994 -3.03968301946676,43.210283965194,48.7670000000071 -3.0397049805805,43.2102599927852,48.4055999999982 -3.03973599311907,43.2101470046602,47.8926999999967 -3.03970296835427,43.2100439912275,50.2019 -3.03972601912446,43.2099500300133,51.5544999999984 -3.03981696276721,43.2098809630924,48.6272000000026 -3.03984797530574,43.2098490276028,48.3012000000017 -3.03986297896763,43.2098160032667,48.6864999999962 -3.03987898874263,43.2097689805988,48.7621999999974 -3.03991796484616,43.2096890172964,48.3919000000024 -3.03994202083117,43.2096450122279,48.2063000000053 -3.03996498715973,43.2095969844014,47.9927000000025 -3.03996800460075,43.2095480340066,48.1230000000069 -3.0399809960364,43.2094919586729,48.4233999999997 -3.04000102936554,43.209446025901,49.3347999999969 -3.04003103668928,43.2094190361093,49.2161999999953 -3.04005601434578,43.2093629613117,48.9878000000026 -3.04008903911057,43.2091349734243,50.3595999999961 -3.04010102533141,43.2090560162908,51.4899000000005 -3.04013203786994,43.2090270149444,51.3123000000051 -3.04022097018476,43.2089179661181,53.180600000007 -3.04036798846416,43.2088079958649,50.835699999996 -3.04044996422542,43.2087800000956,49.6665000000066 -3.04050402753417,43.2087570334459,48.8592000000062 -3.04053403395958,43.2086759806215,49.8479999999981 -3.04056001862749,43.2086069973756,51.2997000000032 -3.04066403724919,43.2084899860081,52.9640000000072 -3.04085003253046,43.208380015638,51.3114999999962 -3.04087802762797,43.2083609884921,51.2013000000006 -3.04103602691339,43.208207013093,52.5568000000058 -3.04110199200135,43.2081689593422,52.0841999999975 -3.04113702809405,43.208133000788,52.5771999999997 -3.04118203907968,43.2080820391147,54.7783000000054 -3.04124297539865,43.2079810368847,60.7538999999961 -3.0412889924974,43.2079169995549,64.7694999999949 -3.04148697310121,43.2078480161054,62.7554999999993 -3.04161697639079,43.2077829729244,61.7517999999982 -3.04180498210165,43.2077490262217,54.3194999999978 -3.04188201173896,43.2077569887634,52.8591000000015 -3.04197102759711,43.2077259753745,52.7970999999961 -3.04199902359292,43.2077200242539,52.5807999999961 -3.04203598747025,43.20769202864,52.6999999999971 -3.04208200456897,43.2076239681503,52.8610000000044 -3.04211704066169,43.2075920327885,52.7067999999999 -3.0421369895492,43.2075320185679,53.2706000000035 -3.04230798027028,43.2074870075364,52.3503000000055 -3.04238802734861,43.2074709979169,52.0687000000034 -3.04247503187882,43.2073910348757,52.5529999999999 -3.04253404041323,43.2073229740501,53.1402999999991 -3.04256698073636,43.207264971005,54.4799000000057 -3.04259900028637,43.2071900369553,57.105899999995 -3.04266396015951,43.2070659847707,60.5847999999969 -3.0427750197764,43.2070030366698,60.527900000001 -3.04280997232576,43.2069880326479,60.444399999993 -3.04287401052745,43.2069460397007,61.2608999999939 -3.04313099966559,43.2070079821361,55.1561999999976 -3.04312697611146,43.2069850154739,54.8736000000063 -3.0433289802694,43.2068720271752,55.2158000000054 -3.04345898355897,43.2067390065964,57.2005000000063 -3.04348102731775,43.2067250088934,57.5375000000058 -3.04350902331356,43.206686032954,57.4437999999936 -3.04357800674087,43.2066250127662,57.1198000000004 -3.0435800180688,43.2066209891887,57.0405000000028 -3.04375603755883,43.2063599766311,56.8190999999933 -3.04375000267673,43.2062820249156,58.1285999999964 -3.04374698523571,43.2062370142713,59.0142999999953 -3.0437719637905,43.2061909978559,58.5681000000041 -3.04380901121113,43.2061400358696,57.3271999999997 -3.04385100475572,43.2060810272696,55.9896000000008 -3.04389702185446,43.2060060092634,55.4274000000005 -3.04398997682512,43.205838035906,52.9979000000021 -3.04400397437385,43.2058009877311,52.7602000000043 -3.04395301294782,43.2057409730579,55.4625999999989 -3.04396399305551,43.2056429887756,55.9076999999961 -3.04399400037928,43.2055920269863,56.0044999999955 -3.04403297558452,43.2054750157282,55.954700000002 -3.04404404013387,43.2054139949838,56.2097000000067 -3.04409198501718,43.2052890211761,56.4955999999947 -3.04409701378617,43.2052180265209,56.9331999999995 -3.04416800854138,43.2050689960142,57.1377000000066 -3.04415702843365,43.2050259972983,57.3062999999966 -3.04414696999742,43.2049089856094,57.8597000000009 -3.04413699510452,43.2047590337093,59.3932999999961 -3.04413699510452,43.2047580272931,59.4052999999985 -3.04417798253598,43.2046980129034,58.6738999999943 -3.04426297573826,43.2045499888556,57.8430999999982 -3.04422701707575,43.2045000325736,59.1233999999968 -3.04424696596329,43.2043940014688,59.1923999999999 -3.04426599317931,43.2043550253496,59.0690999999933 -3.04428602561015,43.2042950112183,58.9980000000069 -3.04434101059036,43.2041599787159,58.3868999999977 -3.04435199159641,43.2041169793593,58.2623000000021 -3.04436598914515,43.2040390280516,58.2103999999963 -3.04440798268976,43.2039530297925,57.7427000000025 -3.04439499035581,43.2037689629243,58.0994999999966 -3.04439599646892,43.2037559709725,58.1129999999976 -3.04438803380222,43.2036879938348,58.2448000000004 -3.04444301878246,43.2036009899551,58.2045999999973 -3.04444603622351,43.2035969661782,58.2066999999952 -3.04447101387997,43.2035689706366,58.1545999999944 -3.04458701962081,43.2033969739815,57.9936000000016 -3.04460596329353,43.2033139934827,58.007500000007 -3.04460898073458,43.2033070361463,58.0152999999991 -3.04458299696497,43.2031720040763,58.2041999999929 -3.04459699451375,43.203106960493,58.4716999999946 -3.04460101716958,43.2030379774972,58.7548999999999 -3.04461702694455,43.2029910386584,58.7467999999935 -3.04462599572437,43.2029679886325,58.7198999999964 -3.0446369758321,43.2029440159676,58.7121000000043 -3.04467896937668,43.2028689980324,58.6998000000021 -3.04469497915165,43.2028440201905,58.6888000000035 -3.04472498557709,43.2027909626236,58.6149000000005 -3.04475499290084,43.2027460358388,58.4254999999976 -3.04478097667045,43.2026560138824,58.607600000003 -3.04477896534251,43.2025980109835,58.7951999999932 -3.04482498244126,43.2025239990759,58.4643000000069 -3.0449409872838,43.2023369988927,58.5437999999995 -3.04496495972548,43.2023019621598,58.4801000000007 -3.04498298082839,43.2021779936742,58.4765999999945 -3.04509697524129,43.20200800864,58.3266000000003 -3.04520501741716,43.2019049952131,58.0402000000031 -3.04523502474091,43.2018739821231,57.8637000000017 -3.04526796596237,43.201832994739,57.596000000005 -3.04537600813824,43.2018029874225,57.758799999996 -3.04542898179055,43.2017480024554,57.9189000000042 -3.04545898911429,43.2016910051599,57.7057000000059 -3.04558698107597,43.2015230323629,57.6477000000014 -3.04560801961992,43.2015040050427,57.8334999999934 -3.04564297216932,43.201451031438,57.1517000000022 -3.04565696971806,43.2014269756687,56.7409999999945 -3.04569401803702,43.2013839763503,54.6181999999972 -3.04573399935537,43.2013370375487,52.3312000000005 -3.04587096009684,43.2011959701268,50.1830999999947 -3.04600196860123,43.2010580043194,57.9360000000015 -3.04604002303331,43.2010310140904,58.0656000000017 -3.04609500801355,43.2010040245042,57.7602999999945 -3.04611898045522,43.2009799685586,57.6940999999933 -3.04614395811168,43.2009639591959,57.5479999999952 -3.04614798166585,43.20093696958,57.8076000000001 -3.04616600276876,43.2008850013083,58.0697999999975 -3.04626298129358,43.2006140146146,55.9907999999996 -3.04640999957298,43.2004110049628,55.9622999999992 -3.04646498545151,43.200343028027,56.5292999999947 -3.04646900810735,43.2003150323019,56.3901000000042 -3.04648300655442,43.2002919819197,56.3856999999989 -3.04649499277526,43.2002789898823,56.4238000000041 -3.04660798017675,43.2001660016048,56.5494999999937 -3.0466539972755,43.2001570335446,57.1165000000037 -3.0466720183784,43.2001639905853,57.5209999999934 -3.04671099448197,43.2002069894539,58.4345999999932 -3.04673303824071,43.2002160419812,58.4628999999986 -3.04675298712822,43.2002189756703,58.4244000000035 -3.04677100823116,43.200221993179,58.3821999999927 -3.04681501310364,43.2002140303086,58.290399999998 -3.04683303420658,43.2002049777809,58.273000000001 -3.04685097176615,43.2002039719444,58.1870000000054 -3.04686103020239,43.2001919857249,58.2063999999955 -3.04686698154116,43.2001850286874,58.2271999999939 -3.04689296531073,43.2001380064532,58.4052999999985 -3.0469239778493,43.200117973518,58.4465000000055 -3.04694401117847,43.2000789979412,58.5920999999944 -3.04697996894265,43.2000540196118,58.6413999999932 -3.04699899615867,43.2000029739176,58.789300000004 -3.04706596735975,43.1999489944786,58.9133000000002 -3.04713696211496,43.1999189875451,58.9225000000006 -3.04713897434119,43.1999599749053,58.6843999999983 -3.04715297188996,43.1999650041077,58.6190000000061 -3.04718599665475,43.2000140381545,57.5123000000021 -3.04719496543454,43.2000319749704,56.8540999999968 -3.04717903920287,43.2000700292133,55.8059999999969 -3.04718599665475,43.2000820154568,55.4422999999952 -3.04719999420349,43.2000909841828,55.3362999999954 -3.04721700919328,43.200111016472,55.2839999999997 -3.04728004128185,43.2001700249532,55.4501000000018 -3.04730703116455,43.200187962378,55.9192999999941 -3.04733100360622,43.2002440377518,55.7116999999998 -3.04733796015978,43.2002570291418,55.7464000000036 -3.04734399504188,43.2002789898823,55.682799999995 -3.04738397725853,43.2003779801009,55.3742000000057 -3.04742102467915,43.2004649846478,55.4758000000002 -3.04742496468999,43.2004939854811,55.2914000000019 -3.04744700934706,43.2005619629035,55.0475000000006 -3.04750903532248,43.2006939780265,54.8573999999935 -3.04756703774377,43.2007860112576,54.9388000000035 -3.04763199761688,43.2008109892872,55.4980000000069 -3.04764800739188,43.2008480372184,55.652900000001 -3.04766996760733,43.2008979932167,55.8049000000028 -3.04772595870068,43.2009409928775,56.1845999999932 -3.04778999690233,43.2009829860297,56.3840000000055 -3.04784397576942,43.2010659670797,56.9232000000047 -3.0478579733182,43.2010839880597,56.9964999999938 -3.04790499653006,43.2011330218621,57.0486999999994 -3.04808000990697,43.2012379637582,57.1766999999963 -3.04811102334383,43.2012419870359,57.1870000000054 -3.04821303153593,43.2012880032554,57.0391999999993 -3.04821898197637,43.2012900148927,57.0311999999976 -3.04822803519779,43.2013009957328,56.9952000000048 -3.04827296174179,43.2013490235432,56.8292999999976 -3.04837899258973,43.2014409732778,56.3974000000017 -3.04846398489371,43.2015109619298,55.9982000000018 -3.04851301943348,43.2015739942773,55.5678000000044 -3.04861703895348,43.201582962784,55.2284000000072 -3.04865702027183,43.2015719826494,55.1750999999931 -3.04868602238079,43.2015500217195,55.1622000000061 -3.04872700981225,43.2015520333481,55.1061000000045 -3.04872700981225,43.2015539611587,55.102899999998 -3.0487239923712,43.2015520333481,55.1100000000006 -3.04872198014497,43.2015510275338,55.1141999999963 -3.04872298625809,43.2015510275338,55.1128999999928 -3.04876103979186,43.2015589902297,55.0534999999945 -3.04878702356144,43.201576005905,54.9823000000033 -3.0488180369983,43.2016009836113,54.8555000000051 -3.04889800053333,43.2016409653384,54.5589000000036 -3.04910997868587,43.2016689611099,54.267200000002 -3.04915800711252,43.2016829586635,54.2508999999991 -3.04916102455357,43.2016889935359,54.2485000000015 -3.04929102784319,43.201799969992,54.3208000000013 -3.04939496292156,43.2018650136591,54.3588000000018 -3.04949596500051,43.2019270398326,54.2957000000024 -3.04959503929489,43.2019849588975,54.0783999999985 -3.04963502061324,43.2019800136788,53.960699999996 -3.0496829654966,43.2019849588975,53.7179000000033 -3.04972898259531,43.2019210049838,53.693299999999 -3.04978296146243,43.2018619962317,53.6150000000052 -3.04982503855034,43.2018070106629,53.6254000000044 -3.04995001307097,43.2017210125315,53.1977000000043 -3.05001002771849,43.2016269677751,53.5130999999965 -3.05001597815893,43.2016019894248,53.6873999999953 -3.050022013041,43.201576005905,53.8654999999999 -3.05007196925229,43.2015249601745,53.8910999999935 -3.05018596366519,43.2014220304049,53.7131999999983 -3.05029098840001,43.2013549746305,53.3484000000026 -3.05033599938564,43.2013230399158,53.2016000000003 -3.05034999693438,43.2012979776227,53.3527000000031 -3.05045804000855,43.2011969759469,53.2492000000057 -3.05047899500918,43.2011770271778,53.289499999999 -3.05056096987214,43.2011089659674,53.244200000001 -3.05058997108277,43.201070996191,53.3606 -3.05061000441191,43.2010300082675,53.7863999999972 -3.0506700181611,43.2009430045263,54.4196999999986 -3.05079700400966,43.2008209637325,54.4854999999952 -3.05081603122568,43.2008079718076,54.5286999999953 -3.05096497728969,43.2007610332177,53.4833999999973 -3.05101300571637,43.2007399946594,53.059699999998 -3.05104502436801,43.2007180340848,52.9818999999989 -3.05111903656427,43.2006809860747,52.4888000000064 -3.05122096121304,43.2005949876658,52.6160999999993 -3.051241999757,43.2005840073534,52.608699999997 -3.05135800459954,43.2004430239743,53.2975000000006 -3.05139798681619,43.2003740405857,53.4671999999991 -3.05145096046849,43.2003300360005,53.4342999999935 -3.05147996167915,43.2002899702496,53.520399999994 -3.05150502377724,43.2002530057992,53.6716000000015 -3.05155598520331,43.2001960090716,53.8665000000037 -3.05159202740916,43.2001609730738,53.9372000000003 -3.05164298973353,43.2001270260586,53.7372999999934 -3.05170400959583,43.2000759804254,53.5492999999988 -3.05190500764065,43.19995100616,54.8782999999967 -3.05208697936775,43.1998500042189,54.8135000000038 -3.0521759952259,43.1997989583539,54.6944999999978 -3.05226903373988,43.1997429670463,54.726800000004 -3.0523230135053,43.199693011412,55.3873000000021 -3.05241496326114,43.1996780075567,54.2823999999964 -3.05245704034905,43.199680019247,53.6665000000066 -3.05250397911928,43.1996810250921,53.1840999999986 -3.05260598641305,43.1996350083154,53.2608999999939 -3.05264496251662,43.1996149758699,53.2932000000001 -3.05271201726099,43.1995910031973,52.959600000002 -3.05280296090371,43.1995380298961,53.0770000000048 -3.05286297555123,43.1995039993686,53.1879000000044 -3.0529219840856,43.1994640175507,53.2451000000001 -3.05298803361519,43.1994119661682,53.5724999999948 -3.05303899593956,43.1993699725897,53.523199999996 -3.05311501946375,43.199322028352,53.5157000000036 -3.05321300410169,43.1992569845933,53.4854999999952 -3.05334300739126,43.1991569886669,54.2102000000014 -3.05344501468507,43.1990760193501,54.3439999999973 -3.0536210350734,43.1989320181885,53.9670999999944 -3.05372103103927,43.1988819780686,53.3555999999953 -3.05375497747551,43.1988389789212,53.6293000000005 -3.05386302054968,43.1987639611773,53.8387999999977 -3.05406795770704,43.1986659768215,53.2485000000015 -3.05419796189495,43.1985949816623,53.6196000000054 -3.05428999519412,43.1985440198791,53.5638999999937 -3.05434498017436,43.1985209694827,53.5432000000001 -3.05438202849328,43.198486017,53.5038999999961 -3.0544260333658,43.1984639724469,53.3156000000017 -3.05447397735082,43.198444023439,53.2513000000035 -3.05452602933167,43.1984290199315,53.0353999999934 -3.05455997576792,43.1984099929561,52.9665999999997 -3.05459300053271,43.1983980070391,52.8747000000003 -3.05463901763146,43.1983769683209,52.7103000000061 -3.05484496090194,43.1982789839984,51.7391999999963 -3.05490296332319,43.1981830112582,52.9600000000064 -3.05490598076424,43.1981550158517,53.6790999999939 -3.05498301040152,43.1981130220629,53.6812999999966 -3.0551209763578,43.1980270239637,53.8549999999959 -3.05513396869176,43.1980219946016,53.8794999999955 -3.05518099100532,43.1979980226127,53.9643999999971 -3.05530403774135,43.1978970207131,54.6975999999995 -3.05546497002619,43.1977950127701,55.6803999999975 -3.05552297244745,43.1977810149794,55.0100999999995 -3.0556219631985,43.1977449730275,54.2624000000069 -3.05573302281538,43.1976999619782,53.5176000000065 -3.05588297589084,43.1976120360166,54.5513999999966 -3.05588196977772,43.1975980381839,55.0007999999943 -3.05592002331147,43.197566019644,55.4207000000024 -3.05599696940545,43.197520002582,55.6484999999957 -3.05603401772437,43.1974879840011,56.0837000000029 -3.05616896623961,43.1974250358401,56.1361999999936 -3.05627399097443,43.1974149776711,55.9572999999946 -3.05644196425446,43.1974279696634,55.8078999999998 -3.05645898014258,43.1974309866553,55.7234999999928 -3.05652201133282,43.1974340043018,55.5644999999931 -3.05672703293177,43.1974309866553,54.809699999998 -3.05680096158473,43.1974289755457,54.3224999999948 -3.05705904037932,43.1974039974412,53.8983000000007 -3.05717596779165,43.1973749957942,55.0366000000067 -3.0573260035121,43.1973340080073,54.8364000000001 -3.05743002303211,43.197312969577,55.3341999999975 -3.05748299668441,43.1972969605618,55.3166000000056 -3.05771903172026,43.1972419748082,55.7856999999931 -3.05781500413196,43.1972190083987,56.1049000000057 -3.05789697899489,43.1972040052448,56.5875999999989 -3.05806201927553,43.1972190083987,55.3963999999978 -3.05811398681468,43.19722102017,55.2629000000015 -3.05834398607017,43.197212973739,54.5470000000059 -3.05847398935975,43.1971790270483,56.1236999999965 -3.05852201778643,43.1971599996831,56.1628999999957 -3.05858396021852,43.1971520370679,56.2544999999955 -3.05867297607667,43.1971279809134,56.4514999999956 -3.05897296397421,43.1970630212593,56.8516999999993 -3.05898696152298,43.197062015371,56.8552999999956 -3.05905804071982,43.1970419827356,56.9419000000053 -3.05921603910694,43.1970139874604,56.5424999999959 -3.05923498277967,43.197009963904,56.3815999999933 -3.05928602774903,43.1969819686141,56.3827000000019 -3.05935400506323,43.1969220376029,56.6928999999946 -3.05940597350071,43.1968719977993,56.9579999999987 -3.05944897226011,43.1968300044374,57.0690999999933 -3.05952399056949,43.1967819763442,57.1328999999969 -3.05968198895661,43.1966430044838,57.324099999998 -3.05975197849703,43.1965880187958,57.1616000000067 -3.05989799066332,43.1965040323069,56.8594000000012 -3.05999899274227,43.1963760408852,57.4878999999928 -3.05998901874767,43.1963489667247,57.4928000000073 -3.06001097896311,43.1963079795583,57.5709000000061 -3.06005397772251,43.1962430196862,57.8524000000034 -3.06011097492895,43.1961600386257,58.247000000003 -3.06022002321793,43.1960519962789,58.2731000000058 -3.06029998675296,43.1960079911962,58.1313999999984 -3.06036897018024,43.1959799954466,57.4275999999954 -3.06042496127359,43.1959329732462,57.3715999999986 -3.0604610034794,43.1958919858005,57.7697999999946 -3.06047198358713,43.1958329771114,58.1013999999996 -3.06049897346985,43.195772040372,58.343200000003 -3.06057801443506,43.1956469826337,58.7948000000033 -3.06070399506884,43.1955469866851,58.8803000000044 -3.06075504093654,43.1955270373785,58.5445000000036 -3.06078102470612,43.1955059989801,58.6238000000012 -3.06084003324052,43.1954270412334,58.9489000000031 -3.0608579699018,43.1954120376389,58.7841000000044 -3.06105000006513,43.1951859780149,58.9864999999991 -3.06107799516264,43.1951640174061,58.9575000000041 -3.06115703612785,43.1950940286774,59.1205000000045 -3.0611869599083,43.1950240398684,59.9287999999942 -3.0611889712362,43.1949819627176,61.1573000000062 -3.06126700698662,43.194850031506,62.6198000000004 -3.06127203665391,43.1948289928743,62.8356000000058 -3.06132903296205,43.1947780305654,61.9701000000059 -3.06139097539414,43.1946969775047,61.0794000000024 -3.06140002771725,43.1946419926828,61.5151000000042 -3.06141603749226,43.1945689862222,61.1024999999936 -3.06141695916375,43.1945079657029,61.3092999999935 -3.0614199766048,43.1944430058793,61.6587 -3.06147403991351,43.1943229770494,60.4006999999983 -3.06150899246291,43.194243013802,59.8362999999954 -3.06151603345813,43.1942000146601,59.8418999999994 -3.06151896735585,43.1941720193909,59.9128000000055 -3.06153698845875,43.1941059694446,59.9738999999972 -3.06155500956166,43.1940750408028,60.116200000004 -3.06159398476689,43.1940379926886,59.7476000000024 -3.06167897796917,43.1939590350072,59.4152000000031 -3.06168300062504,43.1939560171888,59.4119000000064 -3.06174603271358,43.1939140244397,59.2387000000017 -3.06177302259627,43.1938820052766,59.2581999999966 -3.06180504124795,43.1938530039204,59.1490000000049 -3.06186396623902,43.1938010361642,59.1389999999956 -3.06190998333777,43.193775974056,58.9894000000058 -3.06209497160759,43.1936410256778,58.3898000000045 -3.06219203367574,43.1935889739123,58.2872000000061 -3.06229798098034,43.1935230084737,58.5963999999949 -3.06238699683846,43.1934899838132,58.218200000003 -3.06246000381993,43.1934569591349,58.3766000000032 -3.06252898634891,43.1934280414056,58.4986999999965 -3.06259402976538,43.19340599699,58.7890999999945 -3.06271196329083,43.1933820244976,58.8641999999963 -3.06276401527164,43.1933650098117,59.079899999997 -3.06285596412918,43.1933360082098,59.6505000000034 -3.06293601210583,43.1933080125443,60.0923999999941 -3.0630749832769,43.1932790109153,60.429999999993 -3.0632039813517,43.1932920031333,59.8212000000058 -3.06336902073401,43.1933110297398,60.0151000000042 -3.06342300049943,43.1933060006439,60.3024000000005 -3.06355803255799,43.1933319850657,60.1244000000006 -3.06358803988177,43.1933400313536,60.2342000000062 -3.06366599208886,43.1933879757071,59.5896000000066 -3.06381996692182,43.1934489960365,59.1708000000071 -3.0638639717943,43.1934700344891,58.7145000000019 -3.06391602377515,43.1934769916373,59.0534999999945 -3.06397000354057,43.1935130341453,58.3597000000009 -3.06406295851122,43.1935149615551,59.8885000000009 -3.06415298048245,43.1934980300802,61.2219000000041 -3.0643279947577,43.1935260256586,61.0728999999992 -3.06443796471814,43.1935619843088,60.5804000000062 -3.0645959640036,43.1935869620212,61.1303999999946 -3.0647180046265,43.1936130301522,61.8208000000013 -3.06492503755339,43.1937199831158,60.9982000000018 -3.06494004121528,43.1937199831158,61.0166000000027 -3.06495697266174,43.1937209890591,61.0369000000064 -3.06497298153845,43.1937230002909,61.0593999999983 -3.06502796741698,43.1937329752399,61.3322999999946 -3.06504699373471,43.1937339811831,61.4285999999993 -3.06508596983824,43.1937349864713,61.6870999999956 -3.06510197961324,43.1937380043007,61.806700000001 -3.06513198693699,43.1937459667064,62.0623000000051 -3.06516400558866,43.193750996421,62.3141000000032 -3.06527699299016,43.1937449614184,63.4207000000024 -3.06537296630016,43.1937589588251,64.3053999999975 -3.06545997083037,43.1937619766532,65.1073000000033 -3.06553096468728,43.1937690169419,65.6708000000071 -3.06564001387457,43.1937700228844,66.4394000000029 -3.06567002119831,43.1937690169419,66.631899999993 -3.06582902569855,43.193773040712,67.6386000000057 -3.06590597179253,43.193762981941,68.1138999999966 -3.06608601483672,43.1937690169419,69.1168999999936 -3.06616203836088,43.1937909780527,69.3847999999998 -3.06628198321426,43.1937870381123,70.1919000000053 -3.06632196543091,43.1938120163874,70.2912000000069 -3.06638399140633,43.1938720310069,70.2035999999935 -3.06644199382762,43.1938899683185,70.5239000000001 -3.06647200115136,43.1938980145328,70.7014000000054 -3.0666310056516,43.1940809919447,71.1811000000016 -3.06669403774014,43.1941929737663,71.0295000000042 -3.06674902361868,43.1942829957663,70.6931999999942 -3.06676696027995,43.1943180318647,70.6634999999951 -3.0668030024858,43.1943369749785,70.8133999999991 -3.06688397213391,43.1944180278624,70.9416000000056 -3.0669070220058,43.1944419999478,70.9916999999987 -3.06698296198666,43.1945580054803,70.5178000000014 -3.0670360200806,43.1945709974261,71.1021000000037 -3.06712897505125,43.1946659646802,71.2596999999951 -3.06720701080167,43.1947480237085,71.5678999999946 -3.06728303432583,43.1948409788375,71.7060000000056 -3.06730499454128,43.1948600056159,71.7173999999941 -3.06741203150233,43.1950180043367,71.3304999999964 -3.06747397393442,43.1951139774706,71.2799999999988 -3.06756097846464,43.1952240320057,71.2185999999929 -3.06757296468547,43.1952340060545,71.2526999999973 -3.06767203808152,43.1953149752303,71.4523999999947 -3.06769802274943,43.1953370196113,71.537599999996 -3.06771000807197,43.1953459883799,71.5598999999929 -3.06776298172428,43.1953960287799,71.6312999999936 -3.06777597405823,43.1954060028006,71.6589999999997 -3.06778896639218,43.195414971559,71.6731 -3.0678000300432,43.1954240241425,71.6640000000043 -3.06787496391095,43.1954970302351,71.7179000000033 -3.06788896235802,43.1955179854652,71.7073999999993 -3.06798401309823,43.1956309731814,71.6217000000033 -3.06808300295099,43.1957449672533,71.6830000000045 -3.06812600260869,43.1958100108265,71.6092000000062 -3.06816497781392,43.1958649959058,71.5351999999984 -3.06820496003057,43.1958950028683,71.5047999999952 -3.06822700468764,43.1959179697762,71.4807000000001 -3.06830202209872,43.1959469708059,71.553700000004 -3.0684929617073,43.1960450394241,72.0095000000001 -3.06854601980123,43.1960830090539,71.5528999999951 -3.06859002467375,43.1961179616034,71.2624000000069 -3.06862598243793,43.1961489749997,71.1122999999934 -3.06868398575752,43.1961939858833,70.9618999999948 -3.06873000195794,43.1962249985862,70.8187999999936 -3.0687709893894,43.1963049618561,70.8119000000006 -3.06887903246357,43.1964310261093,70.988400000002 -3.06891800856713,43.1964620386917,71.0022999999928 -3.06896896999321,43.1965040323069,71.0117999999929 -3.06902898464069,43.1965460258932,71.1169999999984 -3.06909897328279,43.1965870128997,71.1272999999928 -3.06915102526363,43.1965949755886,71.1518000000069 -3.06930801843594,43.1966630372502,71.3251000000018 -3.06936400952929,43.1966809743963,71.415599999993 -3.06946903426408,43.1967300084628,71.5984999999928 -3.0695739763539,43.1967709960005,71.8781000000017 -3.06970096220247,43.196802009065,72.1092000000062 -3.06984303525621,43.1968350338977,72.0197999999946 -3.06995099388876,43.1968529709933,72.1012999999948 -3.07007303451166,43.1969160029139,72.2856999999931 -3.07012500205085,43.1969429923438,72.3500000000058 -3.07019398547816,43.1969630250117,72.1157999999996 -3.07026900378753,43.1970040130478,72.1140000000014 -3.07041803339487,43.1970709838861,70.6276000000071 -3.07044502327756,43.1970630212593,71.1489000000001 -3.07067803997406,43.1971170006319,71.6646999999939 -3.07069597753367,43.1971240418432,71.7127000000037 -3.07085095937804,43.1971559767911,72.2321999999986 -3.0708900190249,43.1971650291162,72.3555000000051 -3.0710030064264,43.1971800329346,73.142200000002 -3.07102002231452,43.1971900073185,72.9925999999978 -3.07103896508891,43.1971890014323,73.3669999999984 -3.07108397607454,43.1972320004328,72.1049999999959 -3.07122998913913,43.1972920149632,71.8717000000033 -3.07129201511455,43.1973029952132,72.1055999999953 -3.07131003621749,43.1972930208477,72.6160999999993 -3.07143299851188,43.1973240336469,73.0069999999978 -3.07153400059087,43.1973250395309,74.1548000000039 -3.0716240216638,43.1973899995609,72.3892000000051 -3.0716769953161,43.1974390337124,71.6619999999966 -3.07172100018859,43.1974910016449,71.6928000000044 -3.07177497995404,43.1975189967012,71.6346999999951 -3.0718159673855,43.1975179908204,71.3439999999973 -3.07184798603715,43.1975299769103,71.3289999999979 -3.07188000558716,43.197537018074,71.1690999999992 -3.0720390100874,43.1976110301373,70.9611000000004 -3.07209801862177,43.1976279617807,71.1383999999962 -3.07218502315198,43.1977029796115,70.4425000000047 -3.07219700847449,43.1977289634708,69.9069000000018 -3.07223598457805,43.1977429612734,69.8396000000066 -3.07230597322015,43.1977550311422,69.8476999999984 -3.07237101753491,43.1977599767033,70.1505999999936 -3.07243497129494,43.1977629943336,70.649900000004 -3.07248501104952,43.1977629943336,70.9749000000011 -3.07261099078497,43.1978169737418,70.5883000000031 -3.07264996688853,43.1978319773999,70.3613000000041 -3.07270604152519,43.1978660075503,70.0084000000061 -3.072778964065,43.1979000383366,69.6879000000044 -3.07289002458022,43.1978869626218,71.0427999999956 -3.07298800921815,43.1978980265876,71.3864000000031 -3.07303201409067,43.1978990324621,71.7054999999964 -3.07318096015464,43.1979510000028,71.6812999999966 -3.073261007233,43.1980599649657,70.5966999999946 -3.07332102188049,43.1981209852076,69.963699999993 -3.07344197284698,43.1981509923704,71.0844999999972 -3.07348103249384,43.1981469688889,71.3439000000071 -3.07351196148908,43.198156021722,71.2623000000021 -3.07356401346989,43.198162978336,71.2404999999999 -3.07364699444597,43.1981929854782,70.8747000000003 -3.07371002653451,43.1982140242599,71.0709000000061 -3.07383600626996,43.1982880368118,71.6394 -3.07390498969723,43.1983150262897,72.1159000000043 -3.07396098079058,43.1983929777075,70.8849000000046 -3.07396500344642,43.1984059701466,70.4701999999961 -3.07398796977498,43.19840898709,70.3441000000021 -3.07403197554579,43.1984099929561,70.1818000000058 -3.07408000307414,43.1984180398842,69.8080999999947 -3.07413197151166,43.1984320375287,69.420100000003 -3.07416399016334,43.1984329595723,69.4943000000058 -3.07425199990834,43.1984389947661,69.9045999999944 -3.07428795857085,43.1984450293045,69.9992000000057 -3.07433104177188,43.1984519865405,70.0290999999997 -3.07437001697711,43.1984799818108,69.4967999999935 -3.07449096794361,43.1985890309607,68.0467000000062 -3.07452298659525,43.1986180320307,67.8812000000034 -3.07464502721819,43.198708975436,67.6269999999931 -3.07470596353717,43.1987979914629,67.2750999999989 -3.07472800819424,43.1988480316516,66.9959999999992 -3.07477201306676,43.1989139972277,66.7902000000031 -3.07484401393508,43.1989750172703,66.7676999999967 -3.07484602526302,43.1989870037288,66.7214999999997 -3.07494903956823,43.1990569925765,66.8028000000049 -3.07509697951909,43.1991470139496,67.8600000000006 -3.075131010397,43.1991750095558,68.7344000000012 -3.07523704124494,43.1992620138536,71.4991000000009 -3.07543099829458,43.1992999834462,66.2602000000043 -3.07545798817727,43.1993090361081,65.9899000000005 -3.0755539614873,43.1993289848332,66.0029000000068 -3.07564901222748,43.1993539634593,65.9060000000027 -3.0756930171,43.1993640213087,65.780700000003 -3.0757709684088,43.1993399653714,65.9763999999996 -3.0758139680665,43.1993279789822,65.8016999999963 -3.07600398510526,43.1993109639896,65.8877999999968 -3.07607598597362,43.1992999834462,65.8761999999988 -3.07623197303281,43.1992750054528,66.1650999999983 -3.0764390059597,43.1993109639896,67.017200000002 -3.07659700524516,43.1993490180274,67.4845999999961 -3.0766799862212,43.1994319986803,67.7792999999947 -3.07671896142644,43.1994660292481,68.2314999999944 -3.07675902718641,43.1994650233994,68.2272999999986 -3.07690302802477,43.1994960364044,68.8239999999932 -3.07698902644186,43.1995340065061,69.2713999999978 -3.07711198963459,43.1995279714205,69.7639999999956 -3.07720100549274,43.1995640136289,70.1589999999997 -3.07725297303192,43.199565019476,70.3160999999964 -3.07734802377214,43.1995970382766,70.8568999999989 -3.07736897877277,43.1996100304592,71.0293999999994 -3.07755698448363,43.1996250336763,72.0442999999941 -3.07757802302759,43.1996360141613,72.2682000000059 -3.07761699913112,43.1996429712614,72.601999999999 -3.07778497241115,43.1996999678508,73.8050999999978 -3.07780500484199,43.1997009736956,73.8793000000005 -3.07790198336681,43.199707008764,74.2986999999994 -3.07799200533807,43.1997490021106,74.7210999999952 -3.07812401995558,43.1997479962666,75.1496000000043 -3.07815402727933,43.1997650117922,75.3236000000034 -3.07823298470124,43.1998039875696,75.747199999998 -3.07827900179999,43.1997909954283,75.747199999998 -3.07835100176998,43.1998039875696,76.0283999999956 -3.0784359949723,43.1998390237724,76.6016999999993 -3.07857203314398,43.1998479925342,76.8815000000031 -3.07863900434502,43.1998599788212,77.0985999999975 -3.07883103361005,43.199924016096,77.8120999999956 -3.0790099869978,43.1999899818186,78.267399999997 -3.0790590215376,43.2000309691311,78.3141999999934 -3.07912699885176,43.2000860388107,78.2644 -3.07919497616595,43.2001130281481,78.3487000000023 -3.07922196604868,43.200117973518,78.4376000000047 -3.07933797089119,43.20015502187,78.8062000000064 -3.0795539725979,43.2002810015528,80.0549000000028 -3.07961700468643,43.2003459610552,79.6021999999939 -3.07970501443143,43.2004130166289,79.3730000000069 -3.07972596943209,43.2004339714806,79.1913999999961 -3.07982596539793,43.2005310336048,79.3475000000035 -3.07989201492751,43.2005830015231,79.4250000000029 -3.07996803935001,43.200639998544,79.5372000000061 -3.07998798823752,43.2006639708045,79.5859999999957 -3.0800729805415,43.2007150166007,79.757500000007 -3.08011204018836,43.200741000487,79.8273000000045 -3.08014598662464,43.200762039045,79.8757000000041 -3.08025101225776,43.200851976703,79.8545000000013 -3.08029996235593,43.2009140032516,79.6723000000056 -3.08030096846905,43.2009140032516,79.6707000000024 -3.08036299444447,43.2010519693846,79.4082000000053 -3.08038202076216,43.2010870055256,79.3862999999983 -3.080426026533,43.2011630295081,79.0742999999929 -3.08043298308656,43.2011910248442,78.953800000003 -3.08042703174779,43.2012109736087,78.8891000000003 -3.08047497663114,43.2013610095353,78.434699999998 -3.08048302284114,43.2014050146866,78.3617999999988 -3.08050096040075,43.2014490198061,78.2623000000021 -3.08052401027261,43.2015259659892,78.0935000000027 -3.08054203137551,43.2015330066917,78.0678000000044 -3.08059601114093,43.2015999777978,78.0825999999943 -3.08058897014575,43.2016210167144,78.0022999999928 -3.0806100086897,43.2016470002149,77.9321999999956 -3.08068703832701,43.2017360158844,77.9247999999934 -3.08077203152929,43.2018729763141,77.7045999999973 -3.08083598528932,43.2019690329609,77.3816999999981 -3.08085098895121,43.2020100209083,77.1962000000058 -3.08086901005411,43.2020250241901,77.1352999999945 -3.08091796015225,43.2020779979512,77.0868000000046 -3.08093002991642,43.20205997661,77.1263999999937 -3.08093497514204,43.2020589708041,77.1437000000005 -3.08093598125515,43.2020560372034,77.1535000000003 -3.08091301492663,43.2020629940276,77.1006000000052 -3.08090798525935,43.2020769921456,77.0748000000021 -3.08090798525935,43.2020779979512,77.0733999999939 -3.08090102870579,43.202070035323,77.0752999999968 -3.08090002259267,43.2020660114451,77.0795999999973 -3.08090396260351,43.2020680230567,77.0819000000047 -3.0809049678183,43.2020609824159,77.0929999999935 -3.08090102870579,43.2020589708041,77.0908000000054 -3.08091502625453,43.2020619882218,77.1045000000013 -3.08091301492663,43.2020619882218,77.1018999999942 -3.08093396902892,43.20207598634,77.1141999999963 -3.08094696136288,43.202083026979,77.1386999999959 -3.08104000077519,43.2021309716663,77.1977000000043 -3.08108501176079,43.202170031059,77.2130999999936 -3.08118701905459,43.2022290395132,77.3157000000065 -3.08125399025564,43.2023000343728,77.0161999999982 -3.08127201135854,43.2023090027728,76.9455000000016 -3.08129196024608,43.2023240066359,76.8163000000059 -3.08131098746211,43.2023339814886,76.702099999995 -3.0814320219719,43.2023270240405,76.139599999995 -3.08158800903109,43.2023410220979,75.527900000001 -3.08161701114004,43.2023359930913,75.6640000000043 -3.08167400744818,43.2023570310992,74.8761999999988 -3.08172899332675,43.2023759743367,74.7525000000023 -3.08174097954756,43.2023929897842,74.7811999999976 -3.08188498038594,43.2024209852107,74.6959999999963 -3.08195396291492,43.2024140284273,74.5243999999948 -3.08205898854804,43.2024079936266,74.2296999999962 -3.08207700965094,43.2024010361869,74.2017999999953 -3.0821759995037,43.2024150342273,73.8730000000069 -3.08228697647559,43.2024329716471,73.5706999999966 -3.08234799633789,43.2024339774468,73.3113000000012 -3.08245503329894,43.2024089994268,73.2893999999942 -3.08253197939289,43.202403969771,73.3200999999972 -3.08257900170646,43.202398018786,73.5034000000014 -3.08268100989856,43.2024199794107,73.2379999999976 -3.08276197864837,43.2024150342273,73.4205999999976 -3.08278997464418,43.2024079936266,73.633799999996 -3.08281897585481,43.2024029639708,73.8052000000025 -3.08290296204567,43.2024059820263,73.6407999999938 -3.0830239974538,43.2024560218752,72.8377999999939 -3.08322901815445,43.2024430296438,73.477899999998 -3.0833180340126,43.2024349832465,73.7243000000017 -3.08342800487138,43.2024749650819,72.7203000000009 -3.08346002352305,43.2024860288705,72.5387999999948 -3.08349296474452,43.2024899682493,72.2492999999959 -3.08354401061222,43.2024949972432,71.7627999999968 -3.08360695825913,43.2025029604708,71.273000000001 -3.08370502644036,43.2025029604708,71.9965999999986 -3.08379102485745,43.2025029604708,72.170299999998 -3.08401096567667,43.2024939914445,72.7581999999966 -3.08407198643731,43.2024919798469,72.8390999999974 -3.08413300629961,43.202463984453,72.6760000000068 -3.08419897228587,43.2024700192481,72.9704999999958 -3.08425102426668,43.2024799940769,72.9008000000031 -3.08439896421757,43.202473958628,73.1466999999975 -3.08452703972258,43.2024889624505,73.0737999999983 -3.08457397849279,43.2025219874794,72.7722000000067 -3.08463600446821,43.2025310396633,72.9045999999944 -3.08469501300261,43.2025189700845,73.1015000000043 -3.08479299764055,43.2025209816811,73.3981000000058 -3.08488100738554,43.202529028067,73.6818999999959 -3.08508200543037,43.2025199758828,74.7712000000029 -3.08510396654411,43.202516957833,74.9392999999982 -3.08522701238183,43.2025379964333,74.4125000000058 -3.08527696859312,43.2025379964333,74.7462999999989 -3.08539297433396,43.2025700156382,74.6561999999976 -3.08550001129501,43.2025860252343,74.5084999999963 -3.08552901250564,43.2025840136399,74.7010000000009 -3.08558198615794,43.2025759666064,75.1842999999935 -3.08563495981025,43.2025789839985,75.257500000007 -3.08577301020816,43.2025939877952,75.7204000000056 -3.0858219603063,43.2026089915882,75.4146000000037 -3.0859160049334,43.2026179599428,75.3796000000002 -3.08598297613447,43.2026069799945,76.0672999999952 -3.08610199931636,43.2026339695264,74.9275000000052 -3.08615002774301,43.2026580254746,74.6457999999984 -3.08622403993927,43.2026560138824,74.9336000000039 -3.08626502737074,43.2026590312706,74.9217000000062 -3.08643199543598,43.2026629706382,74.9649000000063 -3.08645202786682,43.2026600370666,75.0276000000013 -3.08649796052391,43.2026540022903,75.1714000000065 -3.08666501213248,43.2026389985083,75.6402999999991 -3.08675302187748,43.2026310359534,75.9532999999938 -3.08695603125023,43.2026140205723,76.8929000000062 -3.0871010382017,43.202637992712,75.5715999999957 -3.08711302442254,43.2026460397372,75.2934999999998 -3.08720296285047,43.2026420158973,75.3610000000044 -3.08724596160987,43.2026460397372,75.1840999999986 -3.08731301725258,43.202641010101,75.2263999999996 -3.08737403711485,43.202651990698,74.7902999999933 -3.08742399332613,43.202681997597,74.0198999999993 -3.08762197392991,43.2026970013684,73.4208999999973 -3.08768198857743,43.2026929781866,73.3122000000003 -3.08774401455285,43.2026870272299,73.223800000007 -3.08797501992141,43.2026460397372,73.7502999999997 -3.08812899475437,43.2026219831295,74.2788 -3.08823200905959,43.2026049684007,75.1530000000057 -3.08826897293689,43.2026189657395,74.224000000002 -3.08833301024024,43.202637992712,73.4789000000019 -3.08840199366752,43.2026450332862,73.4159999999974 -3.0884500220942,43.2026160321658,74.567200000005 -3.08861698926111,43.2026069799945,75.276199999993 -3.08864800269797,43.2026079857913,75.2446999999956 -3.08866996291341,43.2025949935923,76.102899999998 -3.08882502830112,43.2026580254746,73.5246000000043 -3.08888202550759,43.202651990698,73.8084999999992 -3.08895302026279,43.2026329637299,74.6318000000028 -3.08907497644411,43.2026440274899,74.5510000000068 -3.08910397855303,43.2026430216936,74.7020000000048 -3.0893079940389,43.202637992712,75.6693999999989 -3.08932601514181,43.2026560138824,74.7449999999953 -3.0894720273081,43.202712005136,73.1815999999963 -3.08959297827459,43.2027219792704,73.1680000000051 -3.08968702290169,43.2027189618854,73.5571000000054 -3.08976396899564,43.2027300262846,73.5760000000009 -3.08993797715777,43.2027969973864,72.7771999999968 -3.09015699630549,43.2028140127165,72.9679999999935 -3.09020301340424,43.2028249932823,73.0648999999976 -3.09029404059029,43.2028359731914,73.4216000000015 -3.09031700691885,43.2028489653391,73.1349999999948 -3.09037501023843,43.2029010170636,72.6837999999989 -3.09051699974889,43.2029740233777,72.4872999999934 -3.09053099729762,43.2029809800973,72.4949000000051 -3.09068899568475,43.203009981699,73.3049000000028 -3.09081698764643,43.2030379774972,73.7790999999997 -3.09089703472475,43.2030590159179,74.0681000000041 -3.0909250307206,43.203066978417,74.1043000000063 -3.09096098848478,43.2030730138073,74.2081000000035 -3.09111597032918,43.2030989973442,74.3561000000045 -3.0912049861873,43.2031259873133,74.5684999999939 -3.09125502594192,43.2031379736111,74.837400000004 -3.09139802156545,43.2031780388014,75.5002999999997 -3.09149500009027,43.203225983283,75.004700000005 -3.09163195993344,43.203301001434,74.7149999999965 -3.09169800946302,43.2033379653473,74.7198000000062 -3.0917669928903,43.2033519631728,74.8714000000036 -3.09184997386638,43.2033790368452,75.1304999999993 -3.09192700350365,43.2033910230934,75.267200000002 -3.09196103348327,43.2034089602261,75.318299999999 -3.09201702457659,43.2034170071496,75.5363999999972 -3.09220301895955,43.2034859897169,75.8660999999993 -3.09223403239641,43.2035040112917,76.1214999999938 -3.09241600322521,43.2036520352584,75.486699999994 -3.09246302553875,43.2036520352584,75.7201999999961 -3.09252102885833,43.2036709787485,75.8361000000004 -3.09276997088818,43.2037719802574,76.3408999999956 -3.09282797420776,43.2038080225779,76.3041999999987 -3.09289796284985,43.2038119618713,76.8089000000036 -3.09302302091381,43.2038739880299,76.978099999993 -3.09306601967321,43.2039039956374,76.9713999999949 -3.09311203677196,43.2039619979495,76.8975999999966 -3.0932220067324,43.2040700406959,76.9544000000024 -3.09325402628241,43.2040920013735,77.0684999999939 -3.09332502103762,43.2041650082269,77.0794000000024 -3.09337003112492,43.204225022486,77.0782999999938 -3.09337497724887,43.2042240167158,77.0871000000043 -3.09337598246369,43.2042230109456,77.090200000006 -3.09338604089992,43.204238014338,77.0834999999934 -3.09338897479765,43.2042500004173,77.0531000000046 -3.09340800201367,43.2042879701797,77.0182999999961 -3.09341403689577,43.2043140383228,76.9260000000068 -3.09352098941516,43.204476982463,76.2372999999934 -3.09356600040079,43.2045629806383,76.2029999999941 -3.09357396306746,43.2045949994351,76.2771000000066 -3.09356298295974,43.2046550139261,75.7964000000065 -3.09354303407223,43.2047499812012,74.6181999999972 -3.0935509967389,43.2047720254475,74.6328999999969 -3.0935309643081,43.2048339674713,74.323000000004 -3.09356700651391,43.204892975968,74.8739999999962 -3.09358100406268,43.2049580196115,74.8687999999966 -3.09370103335769,43.2050720139378,75.3564999999944 -3.09378996477417,43.2051529831547,75.3597000000009 -3.09386397697043,43.205206962573,75.6083999999973 -3.0939209741769,43.2052389810318,75.8920999999973 -3.09399398026001,43.2052890211761,76.3821000000025 -3.09412297833484,43.2054070385417,75.9254999999976 -3.09414200465253,43.2054249757365,75.949099999998 -3.09423898317735,43.2055859918452,75.0956000000006 -3.0942519755113,43.2056099641267,75.0117999999929 -3.09437301002113,43.2056839762191,75.3534000000072 -3.0943969824628,43.2056969684151,75.4712 -3.09445900843823,43.2057389615675,75.6692999999941 -3.09459999183553,43.2058490159276,76.2296999999962 -3.09468196669846,43.2059370262718,76.4128000000055 -3.09468397892469,43.2059419711697,76.3369999999995 -3.09468096148367,43.2059630098984,75.899900000004 -3.09475002845428,43.206032998601,76.0195999999996 -3.0947979724393,43.20608002153,75.885500000004 -3.09485597575888,43.2061220144187,76.011599999998 -3.09490500940035,43.2061820293718,76.0871000000043 -3.09491096073912,43.2062380200083,75.9787999999971 -3.09490098584622,43.2063199953775,75.7056000000011 -3.0948569809737,43.2065290400588,75.1551999999938 -3.09486603329682,43.2065329791765,75.184699999998 -3.09487299074871,43.2065520062378,75.105899999995 -3.09492403661641,43.2067100054579,74.4505999999965 -3.09495999438059,43.2067980152147,74.7844999999943 -3.09496401793476,43.2068690099954,74.7744999999995 -3.09498296160745,43.2069840097492,74.645399999994 -3.09505403990599,43.2071819898746,74.9977999999974 -3.09510299000416,43.2073119936391,75.3809999999939 -3.09509997256311,43.2073050367587,75.3402999999962 -3.09510198389104,43.2073929625018,75.1347999999998 -3.0952210070729,43.2075600142552,76.3705999999947 -3.09521698351876,43.2075770295663,76.2054999999964 -3.09525503795081,43.2077750097313,76.1662000000069 -3.09526802938646,43.2078709824426,76.3352000000014 -3.09526300061751,43.2079439887018,76.2548999999999 -3.09528102172042,43.2080360221268,76.6168999999936 -3.09529895927999,43.2081500159393,76.6022999999986 -3.09528898438709,43.2081579790834,76.4003999999986 -3.09529099571502,43.2081770056379,76.3950000000041 -3.09526300061751,43.208229979295,75.9805999999953 -3.09523299329374,43.208271972668,75.8565999999992 -3.09521497219083,43.2083279640052,75.9860000000044 -3.09518001964143,43.2084199975056,76.1178000000073 -3.09514699487664,43.2084479927853,76.090400000001 -3.0950960334506,43.2084589729918,76.0641999999934 -3.09507700623455,43.2085080074141,76.130799999999 -3.09507499490664,43.2085179819104,76.1410999999935 -3.09508304111665,43.2085790021689,76.3214000000007 -3.09508698022915,43.2086289583842,76.3610999999946 -3.09507901756248,43.2086850332018,76.2578000000067 -3.09510801877311,43.2087560277505,76.2553000000044 -3.09511195878394,43.2087860349207,76.2394000000058 -3.09512201722018,43.2088730392623,76.1823000000004 -3.09515504198497,43.2089140264997,76.1502999999939 -3.09515403587186,43.2089339753578,76.1186000000016 -3.09516903953371,43.2090029588887,76.0743999999977 -3.09517297864625,43.2090199737973,76.0638999999937 -3.09524196207356,43.2091349734243,76.1848000000027 -3.09528999050021,43.209251984864,76.125 -3.09533902414167,43.20931904047,76.1967000000004 -3.09541496412254,43.2093880235653,76.3803999999946 -3.09543801489272,43.2094119956621,76.3187000000034 -3.09547103965752,43.2094330338488,76.3580999999976 -3.09546098122128,43.209456000244,76.3304999999964 -3.09547103965752,43.2095480340066,76.3081999999995 -3.0954889763188,43.209579968999,76.3331000000035 -3.09552099586877,43.2096259854767,76.3938000000053 -3.09552401330982,43.2096649615018,76.3819999999978 -3.09553801085859,43.2097590063071,76.3703999999998 -3.09547103965752,43.209850033935,76.170299999998 -3.09534899903461,43.2098790348901,76.0268000000069 -3.0953149681567,43.2099119760404,75.8831000000064 -3.09529602538227,43.2099640276309,75.8954999999987 -3.09525202050979,43.2100139840214,75.8660999999993 -3.09519703463125,43.2100879960081,75.5103999999992 -3.09534003025479,43.2101689651144,75.6875 -3.09540599624105,43.210223028483,75.7560999999987 -3.09546299254922,43.2102820370045,75.8650999999954 -3.09550096253963,43.2104210092259,75.8423999999941 -3.09550800353482,43.2104670257238,75.8908999999985 -3.09550599220692,43.2105250283429,75.9133000000002 -3.09550800353482,43.2105889824029,76.0923999999941 -3.09550900964793,43.2106270359533,76.1983999999939 -3.09550004086814,43.2106700353041,76.256899999993 -3.0955069974217,43.2107029760271,76.3702000000048 -3.09546902743129,43.2108649982686,76.3693999999959 -3.09544203844689,43.2109290364317,76.3024000000005 -3.09544002622066,43.2109860329527,76.3089000000036 -3.0954520124415,43.2110049761295,76.340200000006 -3.09545301855461,43.2110450413908,76.3356000000058 -3.09542301123087,43.2110990208328,76.258799999996 -3.09540398401481,43.2111450374739,76.2762999999977 -3.09538504124042,43.2112469615523,76.4376999999949 -3.09536299658335,43.2112700117236,76.3840999999957 -3.09536299658335,43.2113379889237,76.6321999999927 -3.09537900635835,43.2113929744132,76.9844000000012 -3.09536199047023,43.2114710099485,76.418399999995 -3.09535604002979,43.2115180326137,74.5188999999955 -3.0953579678144,43.2115470340851,73.5126000000018 -3.09537397669107,43.2116499637942,72.084400000007 -3.09537297147625,43.2118050291168,72.7755000000034 -3.09536802625063,43.2119229625116,76.8898999999947 -3.09536299658335,43.2119399772603,76.949099999998 -3.09535897302918,43.2119559870162,76.8209000000061 -3.09534195803939,43.211989011503,76.4413000000059 -3.09535000514773,43.2120809609136,77.6040000000066 -3.09535201647563,43.2120890080027,77.6024999999936 -3.09537095925002,43.2121090402805,77.5887999999977 -3.0954090136821,43.2121109684122,77.565499999997 -3.09547598488317,43.212152961732,76.5755000000063 -3.0954800084373,43.212197972594,76.5999000000011 -3.09549702342709,43.2122679613444,76.6873999999953 -3.0955130323038,43.2123050095197,76.7597999999998 -3.09554496741215,43.2123539596659,76.7262999999948 -3.09554697963838,43.2124119624546,76.8790000000008 -3.0955720417365,43.212433000916,76.8745999999956 -3.09558997839778,43.2124530337355,76.8846000000049 -3.09561596216736,43.2124670314335,76.8277999999991 -3.09561998572152,43.2124680370678,76.8123000000051 -3.09562099183464,43.2124680370678,76.8074999999953 -3.09562199704943,43.2124670314335,76.7991000000038 -3.09562199704943,43.2124680370678,76.8027000000002</coordinates>
</LineString>
</Placemark>
</Folder>
</Document></kml>
