<?xml version="1.0" encoding="UTF-8"?>

<kml xmlns:xsd="http://www.w3.org/2001/XMLSchema" xmlns:gx="http://www.google.com/kml/ext/2.2" xmlns:atom="http://www.w3.org/2005/Atom" xmlns="http://www.opengis.net/kml/2.2">
<Document>
<name>ES11a_13b_bonar-vegacervera</name>
<visibility>1</visibility>
<Schema name="ES11a_13b_bonar-vegacervera" id="kml_schema_ft_ES11a_13b_bonar-vegacervera">
<SimpleField type="xsd:string" name="id">
<displayName>id</displayName>
</SimpleField>
<SimpleField type="xsd:string" name="nombre">
<displayName>nombre</displayName>
</SimpleField>
<SimpleField type="xsd:double" name="longitud">
<displayName>longitud</displayName>
</SimpleField>
<SimpleField type="xsd:string" name="_formato">
<displayName>_formato</displayName>
</SimpleField>
</Schema>
<Folder id="kml_ft_ES11a_13b_bonar-vegacervera">
<name>ES11a_13b_bonar-vegacervera</name>
<Placemark id="kml_1">
<name>&lt;img height='20' src='https://nco.ign.es/iconos/icono_todos_caminos_azul.png' /&gt;&lt;img height='20' src='https://nco.ign.es/iconos/Camino Santiago_20.png' /&gt;&lt;img height='20' src='https://nco.ign.es/iconos/icono_todos_caminos_azul.png' /&gt;  Camino de Santiago </name>
<visibility>1</visibility>
<description><![CDATA[<!DOCTYPE html>
<html>
<head>
<style>
#nco {
  border-collapse: collapse;
  overflow:hidden;
}
#nco th, #nco td {
  padding: 4px;
  text-align: left;
}
#nco th {
  color: #364B5F;
  padding-right: 5px;
}
#nco td {
  color: rgb(51, 51, 51);
  font-size: 12px;
  padding-right: 5px;
}
</style>
</head>
<body>
<table id="nco">
<tr>
<td>Caminos del Norte</td>
</tr>
<tr>
<th><b>Camino: </b></th>
<td>ES11a Camino Olvidado</td>
</tr>
<tr>
<th><b>Etapa: </b></th>
<td>13b Boñar-Vegacervera</td>
</tr>
<tr>
<th><b>Longitud: </b></th>
<td>27.34 km</td>
</tr>
</table>
</body>
</html>]]></description>
<Style>
<IconStyle>
<scale>0.8</scale>
</IconStyle>
<LabelStyle>
<color>ffffffff</color>
<scale>0.75</scale>
</LabelStyle>
<LineStyle>
<color>ffff0000</color>
<width>3.0</width>
<gx:labelVisibility>1</gx:labelVisibility>
</LineStyle>
<PolyStyle>
<color>66ff0000</color>
</PolyStyle>
</Style>
<ExtendedData>
<SchemaData schemaUrl="#kml_schema_ft_ES11a_13b_bonar-vegacervera">
<SimpleData name="id">ES11a_13b</SimpleData>
<SimpleData name="_formato">kml</SimpleData>
</SchemaData>
</ExtendedData>
<LineString>
<extrude>0</extrude>
<tessellate>1</tessellate>
<coordinates>-5.32348098232416,42.8660709689474,972.062999999995 -5.32373897757542,42.8674150068752,974.053700000004 -5.32344502366165,42.8682279681809,973.8747 -5.32322399318599,42.868272978576,973.827600000004 -5.32355298319249,42.8684380183859,973.956000000006 -5.32371902868791,42.8688059842495,973.981499999994 -5.323701007585,42.8689100034312,973.876000000004 -5.32443098756803,42.8693910408998,973.204700000002 -5.32459401562244,42.8694140072024,972.943100000004 -5.32485502741642,42.8696870061826,973.037299999996 -5.32563798105178,42.8703169896492,971.517600000006 -5.32707698601718,42.8704319892134,971.004799999995 -5.32824802173674,42.8710820063084,971.661399999997 -5.32842303601195,42.8710949977847,971.700899999996 -5.3283589987086,42.8711260112778,971.812000000005 -5.32972499759089,42.8698920273575,971.101599999995 -5.33063502061811,42.8684820232651,970.300399999993 -5.33082696633981,42.867839969761,968.866099999999 -5.3310670240315,42.8666830153897,967.688699999999 -5.3311260325659,42.8666550197921,967.949099999998 -5.33141001158677,42.8660169893069,965.781600000002 -5.33181896422997,42.8656379598294,966.058000000005 -5.33222003864812,42.8650900351601,965.324299999993 -5.33223898142252,42.8650659788686,965.2359 -5.33230402483899,42.8649470398059,964.982300000003 -5.33293602018408,42.8652590142783,968.733900000007 -5.33341697459394,42.865436961976,972.449500000002 -5.33381402455963,42.8658169974354,980.887400000007 -5.33411300724238,42.865734016809,980.695800000001 -5.33423303653739,42.8654959704973,980.338199999998 -5.33422800687011,42.8653409888124,981.938399999999 -5.33422700165532,42.8653079642176,982.346600000004 -5.33437301382161,42.8654620235348,982.001900000003 -5.33460703663119,42.8652910328262,986.513200000001 -5.3351520283444,42.8652839922894,990.505000000005 -5.3363560043871,42.8653350379737,996.565300000002 -5.33670301549651,42.8653200344566,998.079400000002 -5.33691499364905,42.8652730117368,998.716799999995 -5.33739100193495,42.8651679862768,1001.80190000001 -5.33774597571106,42.8656239624536,1006.9868 -5.33868600606203,42.8657879960384,1014.1539 -5.33890795910748,42.8660490081201,1017.76790000001 -5.33897903740602,42.8660849668802,1018.4516 -5.3389170114306,42.8655249720315,1022.3817 -5.33920199566628,42.8655040170796,1026.19680000001 -5.3396279641976,42.8657760101687,1032.4011 -5.33969895895281,42.8657839724368,1033.2363 -5.33971304094321,42.8651529827192,1039.58349999999 -5.33992803653677,42.8650679903636,1041.25509999999 -5.33998603895806,42.865046029838,1041.2801 -5.34013800336141,42.8650300201734,1042.42819999999 -5.34017597335183,42.8650290147544,1042.8747 -5.34302003684641,42.8642009667067,1030.70050000001 -5.34377801192695,42.8636979686101,1035.2598 -5.34412996826201,42.8636080306634,1034.2597 -5.34494795799007,42.863359004479,1032.0711 -5.34594398033269,42.8623169663219,1028.2705 -5.34564600286471,42.8617019859395,1024.0382 -5.34957099746259,42.8607010191264,1017.04700000001 -5.34972296096762,42.8606560078195,1016.1896 -5.35105300118739,42.8606059683667,1022.1116 -5.35295896211561,42.8602250105651,1031.4728 -5.3536499659951,42.8599639982235,1030.7567 -5.3554059747462,42.8583069794391,1023.81630000001 -5.35673601586426,42.8574380275446,1037.0018 -5.35687498703537,42.8573240336823,1036.96709999999 -5.35771401620568,42.8565219695021,1033.37790000001 -5.35797704022592,42.8562809901787,1031.3774 -5.35893601335129,42.8567979855227,1030.1091 -5.35938402653968,42.8572689651199,1028.7702 -5.35943398275093,42.8573119638556,1028.7599 -5.35957597226138,42.8574709687676,1028.76089999999 -5.35967999178138,42.8575459866349,1028.819 -5.36046202284693,42.8578280378809,1030.71739999999 -5.36080802784322,42.857766012004,1030.12300000001 -5.36272102976662,42.8569979776362,1035.69469999999 -5.36410999497746,42.8568170126631,1040.1246 -5.3637400175395,42.8554500082695,1028.8189 -5.36807798743638,42.8549819624006,1034.29090000001 -5.37026197604673,42.854587007559,1038.87549999999 -5.37168203823776,42.8543430098329,1048.4863 -5.37580903609522,42.8549360295851,1069.4317 -5.37618303708735,42.8551620061957,1071.6627 -5.37625201961636,42.855443972844,1072.4191 -5.3771140151152,42.8555790055525,1070.3751 -5.38089500707807,42.8568709917869,1072.1842 -5.38134796549211,42.8571269756367,1072.3336 -5.38348903888635,42.8576589745485,1066.3273 -5.38472603969385,42.8584460352352,1061.05680000001 -5.38566598650148,42.8592879979558,1052.4785 -5.38609203857613,42.8597110321158,1050.72990000001 -5.38885303755133,42.8605769664972,1055.5929 -5.3894720414608,42.8611180186114,1056.8704 -5.39001502094775,42.8615879920475,1058.9615 -5.39049798578721,42.8617449848806,1061.4915 -5.39117398690315,42.8620670176962,1062.4115 -5.39169601138946,42.8622110186015,1059.58349999999 -5.39220797833788,42.8647919744392,1056.04180000001 -5.39260997442753,42.8654379673883,1056.0961 -5.3934640063614,42.8656709849061,1053.6444 -5.39369199428894,42.8657750041035,1053.2304 -5.39386197889687,42.865883968507,1053.1964 -5.39413698913795,42.8661220146393,1051.90979999999 -5.39426498109963,42.8667560218175,1045.4523 -5.39461802709114,42.8670990092483,1041.72560000001 -5.3961550166945,42.867434034036,1041.6379 -5.39733401508071,42.8691759612558,1037.9985 -5.39823297445688,42.8696089705745,1031.3605 -5.3982520007746,42.8696330264123,1031.2292 -5.39859700055611,42.8703419675888,1030.5077 -5.3990900238318,42.8712700121197,1026.6827 -5.39958698711833,42.8713369832004,1026.81479999999 -5.3997419680644,42.8712089918978,1026.951 -5.39986199735941,42.8710229972016,1026.977 -5.39988102367713,42.8709739635733,1026.9008 -5.40009903761008,42.8707149625597,1027.2093 -5.40057303366975,42.8703060093335,1027.8931 -5.40062600732205,42.8701729885589,1028.02619999999 -5.40112003671086,42.8699460069012,1029.3933 -5.40111903059774,42.8698300010909,1029.6375 -5.40111601315669,42.86983100709,1029.6154 -5.40113302904481,42.8698439988297,1029.9231 -5.4011949714769,42.8698360364269,1030.1299 -5.4014790340411,42.8697200304099,1033.0765 -5.40168799475263,42.869631015066,1036.13 -5.40176896350244,42.8696060368387,1036.99679999999 -5.40185999158679,42.8695900270399,1038.19590000001 -5.40195303010077,42.869579968984,1038.72229999999 -5.40204799729766,42.8695780412501,1039.1281 -5.40214799326353,42.8695849983413,1039.4083 -5.40225000145563,42.8696040248331,1040.4988 -5.40235502619042,42.8696290030613,1041.49649999999 -5.4024499933873,42.8696549872813,1042.6802 -5.40253800313233,42.8696849941797,1044.0819 -5.402766997173,42.86976596342,1046.4314 -5.40283899714299,42.8697870018557,1047.75999999999 -5.40291401545236,42.8697959709228,1048.6783 -5.40298903376177,42.8697910251964,1049.321 -5.40306597985572,42.869773004104,1050.45389999999 -5.40314300949303,42.8697460145915,1051.584 -5.40322297212973,42.8697129897199,1052.7311 -5.40330302010639,42.8696760257548,1053.68180000001 -5.40358800434207,42.8695539853908,1056.43339999999 -5.40412503338858,42.869363967606,1060.2277 -5.40546999282861,42.868903968663,1060.4127 -5.4068459666038,42.8683749866104,1062.8153 -5.40696599500048,42.8683540319676,1063.1758 -5.40709398696216,42.8683469911218,1063.4577 -5.40722298413865,42.8683540319676,1063.78909999999 -5.40734100120743,42.8683670240182,1064.1854 -5.40744502072743,42.8683830334758,1064.4311 -5.4075389818112,42.8683970308843,1065.0447 -5.40762699245453,42.8684009706999,1065.67660000001 -5.40771097864539,42.8683950194977,1066.51240000001 -5.40779002050893,42.8683810214304,1067.414 -5.40786000915103,42.8683650119722,1068.7259 -5.40791801157228,42.8683429676869,1070.3376 -5.40796503388585,42.8683019801222,1071.7084 -5.40799302988166,42.8682490064824,1072.7442 -5.4080149900971,42.868185974514,1073.236 -5.40803200598522,42.8681159858835,1073.48540000001 -5.40804197997983,42.8680380338806,1073.6639 -5.40804600353396,42.8679620102221,1073.75750000001 -5.40805698364168,42.8678190149366,1074.1569 -5.40807198730357,42.8677450024162,1074.81510000001 -5.40810199462732,42.8676669669864,1075.2659 -5.40814700561295,42.8675930385589,1075.5226 -5.40820701936214,42.8675249777126,1075.7438 -5.40826200524067,42.8674580064461,1075.54459999999 -5.40864598022741,42.8670239911365,1075.7932 -5.40869501386888,42.8669830040129,1076.5628 -5.40898603388493,42.8666860328825,1074.88559999999 -5.40899600877786,42.8666420280397,1074.50350000001 -5.40899500266475,42.8665980231655,1074.0512 -5.40899802010577,42.8665489886556,1073.65210000001 -5.40901796899328,42.8665039783202,1073.3517 -5.40905702864017,42.8664660083547,1073.414 -5.40911301973349,42.8664370066043,1073.45600000001 -5.4091820031608,42.8664220033551,1073.5206 -5.40925702057188,42.8664120284013,1073.7371 -5.40975498997152,42.8663650065133,1074.3964 -5.40984400582964,42.8663700354742,1074.7785 -5.410161008717,42.8663729687054,1075.443 -5.41022898603119,42.8663629944021,1075.3971 -5.41048002472889,42.8663139603639,1075.6882 -5.41062000201311,42.8663270364624,1076.6636 -5.41066199555769,42.8663289642978,1077.1802 -5.41070197687604,42.8663289642978,1077.38039999999 -5.41074397042062,42.8663339932617,1077.52039999999 -5.41079099273419,42.8663439675697,1077.85490000001 -5.41083801504772,42.8663560376061,1078.33530000001 -5.4111909774959,42.8663980312011,1081.6934 -5.41139499298177,42.8662719673701,1082.8536 -5.41139700430967,42.8662629984493,1082.6845 -5.41139298075554,42.8662510120134,1082.6382 -5.41138300676093,42.8662419601294,1082.5695 -5.41136599177114,42.8662380201759,1082.4783 -5.41139096942761,42.8662429655285,1082.6134 -5.411373031868,42.8662350026613,1082.51179999999 -5.41139197554072,42.8662419601294,1082.6171 -5.411389041643,42.8662370147767,1082.59390000001 -5.41138803552989,42.8662410376904,1082.59480000001 -5.41139096942761,42.8662370147767,1082.6036 -5.41137998931988,42.8662289676315,1082.53939999999 -5.41136397954488,42.8662260343936,1082.4654 -5.41137202665321,42.8662299736893,1082.5036 -5.411373031868,42.8662319851465,1082.5097 -5.41136800309905,42.8662309797471,1082.48540000001 -5.411373031868,42.8662429655285,1082.51730000001 -5.41138200064782,42.866270961313,1082.686 -5.41132299211341,42.8663100210735,1082.4417 -5.41131301811884,42.8663220068395,1082.36229999999 -5.41127496368677,42.8663569593849,1081.94160000001 -5.4112949970159,42.8663520140414,1082.22530000001 -5.41147897917261,42.8662859645989,1084.3428 -5.41153597637907,42.8662820253067,1084.7847 -5.41160101979555,42.866259980936,1085.16250000001 -5.41163203323241,42.8662250283357,1085.1099 -5.41169104176681,42.8661989603699,1085.66590000001 -5.41173496309599,42.8661559612389,1085.46709999999 -5.41184300527183,42.8660549595485,1085.0757 -5.41187401870869,42.8660390337645,1085.1928 -5.41200896722396,42.8659510237835,1086.2608 -5.41201500210603,42.8659319968241,1086.2135 -5.41203302320893,42.8659019900765,1085.9118 -5.41209203174334,42.8658210203765,1085.48390000001 -5.41212296073857,42.8658040055065,1085.49920000001 -5.41218297538606,42.8656979742251,1083.3538 -5.41219001638124,42.8656839768629,1083.39169999999 -5.4122190175919,42.8656370380398,1083.4152 -5.41229696979899,42.8655399754987,1084.67049999999 -5.41232697622441,42.8655330186099,1085.121 -5.41233602944586,42.8655350300898,1085.2445 -5.41245002296046,42.8655109739717,1086.6784 -5.41258396536258,42.8654730040538,1088.7414 -5.41269200843675,42.8654640356754,1091.3646 -5.41273500809445,42.8655480220752,1093.4979 -5.41273098454028,42.8655719945593,1093.73850000001 -5.4127400368634,42.8656460063931,1094.86780000001 -5.41277197197175,42.8657670411759,1096.2689 -5.41278596952052,42.8657989764994,1096.7115 -5.41287699670657,42.8658979664822,1097.9207 -5.41296198990888,42.8659510237835,1098.9262 -5.41304002476098,42.8659970405837,1100.2749 -5.41305201098181,42.8660510202416,1100.8416 -5.41302803943843,42.8661500104786,1101.8052 -5.41302099844325,42.8662149703898,1102.3515 -5.41300901222241,42.8662169818474,1102.3349 -5.41295000368804,42.8662520180709,1102.87119999999 -5.41289703003574,42.8662990407034,1103.4941 -5.41289099515364,42.8663039860511,1103.4589 -5.41285101293699,42.8663199953853,1103.2117 -5.41281203773176,42.8663640004577,1103.33 -5.41271598087843,42.8664110230049,1103.20020000001 -5.41266996377968,42.8664700312536,1103.512 -5.41262998246133,42.866510013323,1104.0275 -5.41251397672049,42.866584025349,1105.4038 -5.41241004164211,42.8666400165959,1105.99619999999 -5.4123699758821,42.8666769804038,1106.9014 -5.41225003102876,42.866750992888,1108.2917 -5.41217400660627,42.8667809998813,1108.3846 -5.41209697696896,42.8667949976531,1108.4155 -5.41203101188103,42.8668489772717,1108.5061 -5.41193596114082,42.8668899644843,1109.4915 -5.41183202516411,42.8669460397298,1109.92329999999 -5.41182397895411,42.8669509850257,1109.7994 -5.41178399673746,42.8669899607382,1109.5137 -5.4117610304089,42.8670189622288,1109.7837 -5.41170302798765,42.8670880290185,1110.2545 -5.41167997721743,42.8671229817885,1110.9415 -5.41168098333058,42.8671219757453,1110.92049999999 -5.4116489646789,42.8671259992597,1110.48789999999 -5.4116489646789,42.8671270053029,1110.52159999999 -5.41158702224677,42.8671689983734,1110.7338 -5.41152097271722,42.8673089763857,1113.4994 -5.41148199661365,42.8673069643053,1112.91190000001 -5.4114669929518,42.8673300150005,1113.6344 -5.41146196418281,42.8673290089606,1113.53750000001 -5.41145199018821,42.8673300150005,1113.4578 -5.41144696052096,42.8673259914993,1113.2562 -5.41144796663408,42.8673280029207,1113.3391 -5.4114260055203,42.8673799706535,1114.94899999999 -5.41135199332404,42.8674979878756,1116.7959 -5.41133196089323,42.8675669711708,1118.9506 -5.41131402333363,42.8675839862132,1119.3184 -5.41126901324633,42.8676429946575,1120.3043 -5.41125903835339,42.8676819705915,1121.71580000001 -5.41122903102965,42.8677269813848,1122.232 -5.41122903102965,42.8677289934515,1122.2559 -5.41120497504467,42.8678470106647,1122.69070000001 -5.41123003714276,42.8679299910843,1123.9436 -5.41124504080465,42.8679670390529,1124.5577 -5.41124998603027,42.8681159858835,1125.82829999999 -5.41130295968257,42.8682520238986,1126.9981 -5.41129298478967,42.8682770020155,1126.9336 -5.41131796334446,42.8683289696077,1127.7586 -5.4113199746724,42.8683680293828,1127.58689999999 -5.41135601687821,42.8684350009787,1126.8922 -5.41144796663408,42.8685209993278,1127.59269999999 -5.41150898649638,42.8686000403554,1127.3129 -5.41155299136886,42.8686550257305,1127.20510000001 -5.41158802835992,42.8686980250959,1127.235 -5.41172498820306,42.8688069896069,1128.1058 -5.41174996675785,42.8688290343848,1128.11199999999 -5.41182599028204,42.8689670005567,1126.8 -5.41182800160994,42.8689670005567,1126.8339 -5.41188298748851,42.8690160344626,1126.86599999999 -5.41206998708626,42.8691690041184,1126.76700000001 -5.41208901430229,42.8691880313968,1126.6596 -5.41217400660627,42.8692519853943,1127.02159999999 -5.41220895915567,42.8693549984761,1125.4915 -5.4122129827098,42.8693809828114,1125.38830000001 -5.41221801147878,42.8694140072024,1125.2335 -5.41220803748418,42.8694959821444,1123.9455 -5.41222597504375,42.8695480336413,1123.6036 -5.41224198392043,42.8695829863351,1123.5576 -5.41228096002399,42.86964501285,1123.35430000001 -5.41229596368585,42.8696689850598,1122.9544 -5.41232001967085,42.8697070386441,1122.2594 -5.41241599208255,42.8697959709228,1124.4201 -5.41244901684735,42.8698070349431,1124.8489 -5.41254599537217,42.8698340244289,1127.2046 -5.41272696098615,42.8698600085626,1130.0707 -5.41273701942238,42.8699249678614,1132.36350000001 -5.41272997842717,42.8699510355705,1133.29210000001 -5.41271698699154,42.8699770196549,1134.29919999999 -5.41269401976465,42.8700399674976,1136.3891 -5.4126009812507,42.8701210205441,1138.6128 -5.41255597026507,42.8702100364979,1140.5085 -5.41252302904361,42.8702989687103,1142.3046 -5.41250903149483,42.8703370225646,1143.40700000001 -5.41245304040148,42.8704220149076,1144.8011 -5.41244499419151,42.8704400358105,1144.95239999999 -5.41242403919085,42.8704940155334,1145.204 -5.41242102174984,42.8705419599426,1145.49920000001 -5.41238799698504,42.8705609867978,1145.1256 -5.41235597833337,42.8706149664149,1145.5806 -5.41238900309816,42.8706700355828,1146.2758 -5.41245496818609,42.8707329833771,1148.3606 -5.41251598894672,42.8708000386531,1149.838 -5.41253099260858,42.8708100135562,1150.08809999999 -5.41264004089756,42.8708749731719,1152.6923 -5.41272897231405,42.8709260188413,1154.6584 -5.41275998575094,42.870949991212,1155.7356 -5.41280600284966,42.8710250091609,1157.8545 -5.41287498537867,42.8710850235861,1160.10430000001 -5.41294396880594,42.8711499835708,1162.5564 -5.41298302845284,42.8711880369004,1163.6084 -5.41302703332532,42.8712379933812,1165.6471 -5.41306600942888,42.8712939843567,1166.06050000001 -5.41308604185972,42.8713120056635,1166.75229999999 -5.41314102683993,42.8714170305455,1168.4088 -5.41314898950663,42.871457012044,1168.8472 -5.41313499195786,42.8714479596067,1168.3928 -5.41313499195786,42.8714470379039,1168.38800000001 -5.41322300170289,42.8714929709456,1171.31759999999 -5.41329600868433,42.8715099862225,1173.5183 -5.41333297256163,42.8715359696506,1174.4915 -5.41338301231622,42.8715710061468,1176.3714 -5.41344302696374,42.8716050366529,1178.9604 -5.41350304161122,42.8716420007794,1181.3894 -5.41359499136709,42.8716880179456,1183.78419999999 -5.41364503112167,42.8717209588077,1185.2378 -5.4136900421073,42.8717860023925,1186.9405 -5.4137089848817,42.871797988412,1187.58809999999 -5.41379196585775,42.8718490339764,1190.0423 -5.41383395940233,42.8719170110524,1192.1857 -5.41388399915691,42.8720050210857,1194.2418 -5.41392297526047,42.872080039069,1196.6217 -5.41394401380443,42.8721579912341,1197.99980000001 -5.41400000489778,42.8722340149914,1200.1657 -5.41400603977985,42.8722859825438,1201.1021 -5.41403101743631,42.8723800277967,1203.7849 -5.41402900610841,42.8724569736265,1204.69190000001 -5.41401500855964,42.8725009782739,1204.17479999999 -5.41400696145134,42.8726200015336,1205.0113 -5.41402397644113,42.8727469872503,1206.2062 -5.41401802600069,42.8728250228411,1206.67849999999 -5.41401701988757,42.8728339914667,1206.74649999999 -5.41402003732859,42.872836003367,1206.92690000001 -5.41402297122631,42.8728420377508,1207.20630000001 -5.41402900610841,42.8728749786553,1208.24219999999 -5.41403202354943,42.8728800077441,1208.3664 -5.41404501498508,42.8729570378769,1210.1244 -5.41402900610841,42.8730660027692,1211.2249 -5.41402196511319,42.8731820077641,1212.06570000001 -5.4139949752305,42.8732240013237,1212.03599999999 -5.41397997156861,42.8733300321858,1216.09390000001 -5.41391098903964,42.8733880351207,1218.4446 -5.41387997560278,42.8734179585703,1219.9519 -5.41378199096484,42.8734799845229,1222.501 -5.41378199096484,42.8735349701591,1225.1142 -5.41382700195047,42.8735679949608,1226.6231 -5.41385097439212,42.8735819925102,1227.6471 -5.41386798938194,42.8735880274793,1227.9852 -5.41393303279838,42.8736450242348,1230.4164 -5.41394996424487,42.873702021596,1233.71400000001 -5.41397796024068,42.8737229763982,1234.8002 -5.4140279999953,42.8737499654882,1237.04120000001 -5.4141259846332,42.8737910369936,1238.63860000001 -5.41426202280488,42.8738320248632,1242.18889999999 -5.41429404145655,42.8738539848964,1242.8956 -5.41439797743326,42.8738849983197,1245.07150000001 -5.41434399766784,42.8739379717308,1246.20080000001 -5.41424500781509,42.8739689851119,1247.9973 -5.4141669720647,42.8740089669323,1248.84 -5.41406596998571,42.8740360401637,1249.9178 -5.4139600226811,42.8740450086134,1250.1139 -5.4139359666961,42.8740500376069,1250.30499999999 -5.41384602916649,42.8740659632991,1252.16099999999 -5.4137600307494,42.8741070345941,1254.77929999999 -5.41372901731254,42.8740859963143,1254.4598 -5.41372197721565,42.874087002244,1254.5817 -5.41370303354293,42.874082978525,1254.728 -5.41369196989191,42.874079039072,1254.76210000001 -5.41368802988107,42.8740780338004,1254.784 -5.41368802988107,42.8740959706863,1255.3021 -5.41367302621918,42.8740979825454,1255.57580000001 -5.4136740323323,42.8741040174641,1255.7461 -5.41362801523355,42.8741070345941,1256.54270000001 -5.41358996169981,42.8741139918332,1257.3465 -5.41351301560583,42.8741330189038,1259.07399999999 -5.41348895962082,42.8741289951878,1259.27069999999 -5.41341402575311,42.8741500341112,1260.8585 -5.41333900744373,42.8741659597776,1262.4181 -5.41327396402726,42.8742009960974,1264.5434 -5.41322903748326,42.8742139882339,1265.4258 -5.41318402649766,42.8742679672893,1267.9218 -5.41314496685076,42.8742950410655,1269.3138 -5.41313096840369,42.8743129785465,1269.9985 -5.41312904061909,42.8743139838142,1270.05070000001 -5.41309299841328,42.8743389621112,1271.1289 -5.41303801343304,42.874378022033,1272.84450000001 -5.41296601256472,42.8744439871089,1275.66740000001 -5.41290801014346,42.8744820410408,1277.0591 -5.41284799549594,42.8745500185083,1278.4146 -5.4128360092751,42.8745569756975,1278.53419999999 -5.41282704139361,42.8745680395226,1278.6603 -5.41281203773176,42.8745849710027,1278.79730000001 -5.41275696830989,42.874670969341,1279.6857 -5.41275001175634,42.8746849672986,1279.7981 -5.41269100232364,42.8747400361267,1279.8165 -5.41268798488259,42.8748129586343,1280.7366 -5.41268102832903,42.8749009684879,1281.73149999999 -5.41264800356424,42.8749820217338,1281.9605 -5.41263702345651,42.8751309680941,1282.9764 -5.41265102100529,42.8751899765648,1283.79270000001 -5.4126540384463,42.8751909824766,1283.8449 -5.41266099589819,42.8752110151266,1284.0548 -5.4126540384463,42.8752319700747,1284.0998 -5.41264196868217,42.8752520027114,1284.1433 -5.41264096256905,42.8752720353416,1284.3559 -5.41261799624049,42.8752990250708,1284.3409 -5.41262403112256,42.8753720318408,1285.2083 -5.41260601001965,42.8754239993841,1285.2597 -5.41258698370193,42.8754690104565,1285.44070000001 -5.4126009812507,42.8755260074497,1286.19130000001 -5.41258698370193,42.8755840102957,1287.0649 -5.41254398404423,42.8756249976327,1287.0101 -5.41250500794067,42.8757430148895,1288.6404 -5.41247600673004,42.8757890316312,1288.6456 -5.41238003431837,42.8759109879105,1289.55190000001 -5.41235396610713,42.875952981588,1289.9313 -5.41231800834295,42.8760470265194,1290.5874 -5.41232102578397,42.8761419935985,1291.606 -5.41231197346085,42.8761989899702,1292.40889999999 -5.41232395878339,42.8762679734155,1293.48789999999 -5.41233401721962,42.876311978637,1294.2794 -5.41235203832253,42.8763470143967,1295.0263 -5.4123600009892,42.8763790337762,1295.70110000001 -5.41234499732735,42.8764320070213,1296.3607 -5.4123070273369,42.8764920214551,1297.2867 -5.41230099245483,42.8765520358305,1298.003 -5.41227601479834,42.87660903314,1298.408 -5.41227500868522,42.8766439857849,1298.85769999999 -5.41224399614669,42.8767250387164,1299.5352 -5.41221600015085,42.8768110367057,1300.4044 -5.41216596039627,42.8769220131431,1301.9537 -5.41215196284749,42.87702100372,1303.034 -5.41214098184147,42.8770299723941,1303.1048 -5.41210200663624,42.8771090137161,1304.1796 -5.41209697696896,42.8771479895972,1304.85980000001 -5.41203000576792,42.8772230072536,1306.0019 -5.41198298345435,42.8773009588472,1307.1597 -5.41195498745851,42.8773390129923,1307.89019999999 -5.4119369663556,42.8773530110029,1307.93949999999 -5.41187896393435,42.8774150369503,1308.951 -5.41185800893372,42.8774420264005,1309.4838 -5.41183403649205,42.8774889654626,1310.4798 -5.41182196672788,42.8775410168014,1311.8719 -5.41180302395348,42.8775700179426,1312.6431 -5.41175901908097,42.8776160346384,1313.2335 -5.41172297687516,42.8776349776843,1313.43120000001 -5.41171400809534,42.8776609618252,1313.9555 -5.41168198944369,42.8776970040065,1314.4376 -5.41166296222764,42.877733968434,1315.10679999999 -5.41164603078118,42.8777529950468,1315.3407 -5.41161803568367,42.8777870254356,1315.6995 -5.41157998125159,42.8778130095124,1315.65089999999 -5.41157998125159,42.8778150212503,1315.698 -5.41154201126117,42.877848968002,1315.8223 -5.41152097271722,42.8778570142905,1315.6591 -5.41149700027554,42.8778659835014,1315.4624 -5.41144696052096,42.8779410009432,1316.2549 -5.41144897274719,42.8779580164173,1316.5952 -5.41143296297219,42.8779769593582,1316.6485 -5.41144997796198,42.8779769593582,1316.9434 -5.41144897274719,42.8779779652246,1316.9417 -5.41144603884947,42.8780340402709,1317.7283 -5.41143799174114,42.8780689927669,1318.102 -5.41143799174114,42.8781099804282,1318.9169 -5.41146498162387,42.8781280017195,1319.7617 -5.41151502137845,42.8781740179992,1321.3147 -5.41160001458073,42.8782480305212,1323.5733 -5.41169296955138,42.878256999017,1324.7099 -5.41175499552683,42.8782669733732,1325.3272 -5.41182900772309,42.8782379719013,1325.8346 -5.41188499881641,42.8782079645534,1325.7071 -5.41201097855186,42.8780979943181,1325.35830000001 -5.41201801954708,42.8781020177753,1325.3897 -5.41202598221375,42.8781010119111,1325.47689999999 -5.41200100455726,42.8781209606721,1325.14939999999 -5.41194098990977,42.8780560007837,1324.9654 -5.41192799847411,42.8780750279555,1325.0401 -5.41192799847411,42.878085002341,1325.16710000001 -5.41193000980205,42.8781000060468,1325.3455 -5.41191299481226,42.8781050353682,1325.2757 -5.41191601225331,42.8781089745641,1325.3061 -5.41189296148309,42.8781249841279,1325.29429999999 -5.41185800893372,42.878196984325,1325.61139999999 -5.41187603003663,42.8781890216833,1325.58070000001 -5.41191701746809,42.8781989960504,1325.482 -5.41192003490914,42.878196984325,1325.4624 -5.41191902969432,42.8781949725995,1325.4618 -5.41196697367935,42.8781600201749,1325.2026 -5.41204601554289,42.8781509680624,1324.7047 -5.41207300542561,42.8781580084482,1324.4515 -5.41218699894022,42.8782079645534,1322.88529999999 -5.41232697622441,42.8783010041368,1320.8189 -5.41235899577442,42.8782999982757,1320.9216 -5.41238699087193,42.8783050275808,1320.8711 -5.4124129746415,42.8783320173001,1320.2469 -5.41251397672049,42.8784310075898,1318.59269999999 -5.41252202382879,42.8784409819178,1318.4636 -5.41264599223633,42.878506025003,1317.8573 -5.41271103565277,42.8785239625766,1318.1707 -5.41283902671615,42.8785510358021,1318.8091 -5.4129380174672,42.8786080332401,1319.05469999999 -5.41295302112906,42.8786539662182,1318.5592 -5.41308503574661,42.8787879923401,1318.89599999999 -5.4132079989393,42.8788859767052,1319.9231 -5.41323599403685,42.8789009808744,1320.07520000001 -5.41338401842933,42.8790240270369,1320.8561 -5.41342198841978,42.8790640088735,1321.02830000001 -5.41346498807748,42.8791070075699,1321.16869999999 -5.41351796083148,42.8791370151389,1321.71769999999 -5.41352801926772,42.8791660161881,1320.95359999999 -5.41355400303729,42.8792029803939,1320.40150000001 -5.41362198035149,42.8792800105336,1319.77439999999 -5.41363203878772,42.8792980314832,1319.5566 -5.41366003478356,42.8793230090793,1319.3262 -5.4136840072252,42.8793390189864,1319.1246 -5.41372298243044,42.8793599738493,1319.42999999999 -5.41378299707796,42.8794029729976,1320.1256 -5.41386103282838,42.8794479838007,1320.88740000001 -5.41393403891149,42.8794990296203,1321.6915 -5.41401500855964,42.8795449619352,1323.2853 -5.41409203819695,42.8795810043326,1324.5946 -5.41416496073676,42.8796209858084,1325.90670000001 -5.41428498913344,42.8796880413014,1327.65979999999 -5.41438397988449,42.8797740397691,1327.7782 -5.41443896486473,42.8798199725375,1328.6263 -5.41451901194305,42.8799189624149,1328.3841 -5.41454600182578,42.8799379896705,1328.6029 -5.41462797668871,42.8800229819569,1328.43610000001 -5.41469201489036,42.8800590240751,1327.9476 -5.41473400753665,42.8800689987982,1328.03630000001 -5.41480902584602,42.8801219721669,1326.9212 -5.41482402950788,42.8801190389309,1327.0059 -5.41496098935105,42.8801259954922,1323.6373 -5.4150329902194,42.8800949825723,1323.2531 -5.41515695862692,42.880051983248,1321.0768 -5.41530003779378,42.8799900415765,1320.94469999999 -5.41537396644674,42.8799509819157,1321.484 -5.41550698717737,42.8798779752969,1322.3297 -5.41560002569136,42.8798420166732,1321.5739 -5.41567001523178,42.8798140211198,1321.4765 -5.41574100998699,42.8797820022062,1321.1112 -5.41580898730118,42.8797329682962,1321.86569999999 -5.41592197470264,42.8796929868929,1320.54549999999 -5.41593203313891,42.8796860296245,1320.6577 -5.41609698897788,42.8795499911388,1322.2445 -5.4161160161939,42.8795309644218,1322.6241 -5.41633000567438,42.8795000354618,1318.3674 -5.41640502398376,42.8794840255965,1317.1725 -5.41661599692148,42.8793940040101,1316.3918 -5.41671498677424,42.8793410306746,1315.8548 -5.41672596688193,42.8793349956098,1315.883 -5.41687902094173,42.8792779988434,1315.3314 -5.41694900958382,42.8792530205707,1314.7675 -5.41701698689801,42.8792400288368,1314.04979999999 -5.41713902752095,42.879184037171,1313.9506 -5.41731496346765,42.8791429659636,1312.3282 -5.41743499186433,42.8791380209863,1310.2252 -5.41750397529163,42.8791189941423,1309.25 -5.41766297979188,42.8790759947961,1308.8126 -5.4177939891946,42.8790559620842,1307.97229999999 -5.4178290252873,42.8790530281392,1307.60830000001 -5.41786900750398,42.8790640088735,1306.97380000001 -5.41789800871461,42.8790559620842,1307.04670000001 -5.41797897746442,42.8790350071181,1307.4515 -5.41806799332254,42.8790299778725,1306.6309 -5.41812499052901,42.8790149743929,1306.89780000001 -5.41822498649488,42.8789449855348,1308.92969999999 -5.41842103931404,42.8788800258557,1309.35619999999 -5.41845297442239,42.8788230286689,1311.5946 -5.41866696480117,42.8788190052587,1310.51669999999 -5.41871298100162,42.8788240345215,1308.86689999999 -5.41873997088431,42.8788109590957,1308.6747 -5.41886100539413,42.8787719829484,1307.7396 -5.41901196368434,42.8787520343978,1305.5586 -5.41903803099728,42.8787380367045,1305.7043 -5.41916501684584,42.8787279781645,1304.10709999999 -5.41922695927793,42.8787279781645,1303.7016 -5.41932100390503,42.8787119687571,1302.02159999999 -5.41937096011629,42.8786950370928,1301.7104 -5.41941597110192,42.8786660358222,1302.5281 -5.41955603282776,42.8786190133953,1301.9451 -5.41962803369609,42.8786040098158,1301.0646 -5.41967296024009,42.8785890062326,1301.03539999999 -5.41979600697612,42.8785279860061,1301.16800000001 -5.41981302196594,42.8785269801487,1300.9289 -5.41995098792219,42.8784949612256,1300.09209999999 -5.42001603133866,42.8784620200295,1300.8916 -5.42012901963849,42.8784030113962,1300.4399 -5.42024896449183,42.8783719989269,1299.2895 -5.42037100511477,42.8783180195115,1298.8956 -5.42047603074789,42.8783119843467,1296.52310000001 -5.42054300194897,42.8782969806925,1295.7387 -5.42066898168441,42.8782880122025,1293.6363 -5.42073695899857,42.8782750202654,1293.0491 -5.42081801219005,42.878261022464,1292.52650000001 -5.42089403571421,42.878256999017,1291.4402 -5.42098196191591,42.8782389777634,1290.5071 -5.42102202767589,42.8782269916783,1290.2314 -5.42103803745089,42.8782229682292,1290.067 -5.42113300374948,42.878191033409,1289.91929999999 -5.4211869835149,42.8781679828203,1290.0401 -5.42122797094636,42.8781649658889,1289.27740000001 -5.42125102171655,42.8781610260382,1289.1554 -5.42134699412825,42.8781419995512,1288.769 -5.42152502584452,42.8781170214769,1287.2506 -5.42154002950637,42.8781089745641,1287.17 -5.42168797035559,42.8780470322587,1286.9258 -5.42176801743392,42.8780170248178,1287.07249999999 -5.42186398984562,42.8779730201539,1287.0165 -5.42189500328248,42.8779610340171,1287.14049999999 -5.42193096104667,42.8779479584084,1287.1642 -5.42201603779227,42.8779140117112,1287.71460000001 -5.42207496278335,42.8778959903574,1289.0217 -5.42212801997898,42.8778669887113,1288.5919 -5.42214897497961,42.8778399994469,1288.11380000001 -5.42227101470422,42.8778479621336,1284.37850000001 -5.42227302693045,42.877848968002,1284.299 -5.42230001681318,42.8778679945793,1282.8924 -5.42237302289632,42.8778840042057,1280.8888 -5.42242398522069,42.8778389935783,1281.6223 -5.42263302947551,42.8777389971269,1281.5698 -5.42274098810805,42.8777290226855,1280.15210000001 -5.42280100275554,42.8776779773764,1280.4378 -5.42299403813369,42.8776219862681,1278.8049 -5.42304399434494,42.8776329659405,1277.238 -5.42314399031081,42.8775899668753,1276.5575 -5.42326603093372,42.8775730355613,1274.3802 -5.42330400092417,42.8775710238155,1273.91130000001 -5.4240090023524,42.8774629812493,1276.2355 -5.42401595980426,42.8774580361374,1276.44379999999 -5.42401302590654,42.8774580361374,1276.3893 -5.42400397358342,42.8774609694999,1276.16869999999 -5.42400598491135,42.8774609694999,1276.2083 -5.42402702345531,42.8775000294204,1276.82580000001 -5.42405099589699,42.8775749637038,1277.34020000001 -5.42408100322073,42.8775909727479,1277.31939999999 -5.42418401662762,42.8776649853109,1277.6756 -5.42420396551513,42.8777270109447,1277.8962 -5.42427303248576,42.8777929770488,1279.0946 -5.42432600613807,42.877848968002,1280.0961 -5.42434201591304,42.8778870218091,1280.3784 -5.4243280183643,42.8779040372981,1280.3585 -5.42435500734869,42.8779700025546,1281.3443 -5.42439599478016,42.8780519773234,1281.6925 -5.42438995989809,42.8780789671534,1281.6758 -5.42430697982034,42.8781590143115,1281.2773 -5.42430002236846,42.8781880158204,1281.36380000001 -5.42430597370723,42.8781979901877,1281.61199999999 -5.42430002236846,42.878274014404,1282.08349999999 -5.42429901625534,42.8783060327835,1282.2947 -5.42430002236846,42.8783959710384,1283.334 -5.42428200126555,42.8783979827574,1283.20570000001 -5.42427202727094,42.8783939593194,1283.0624 -5.4242609627216,42.8783979827574,1283.0193 -5.42425300005492,42.8784030113962,1283.0082 -5.42423397283887,42.878422038461,1282.9224 -5.42421704139241,42.8784630258879,1282.98820000001 -5.42419499673534,42.8784869986224,1282.9901 -5.42417001907888,42.8786839733493,1285.5098 -5.42416096675576,42.8787080289414,1285.7697 -5.42409701299573,42.8787249606022,1284.803 -5.42404303323031,42.8787449934215,1284.3308 -5.42402199468636,42.8787589911132,1284.2445 -5.4239150412686,42.8788040017278,1283.2515 -5.42388402873007,42.878808025139,1282.95269999999 -5.42377699176902,42.8788640164877,1282.1235 -5.42376299422025,42.8789019867256,1282.52129999999 -5.42374296089111,42.8789770042245,1283.2267 -5.42373499822444,42.8790029884585,1283.5987 -5.4236800132442,42.8792039862402,1285.59759999999 -5.4236270395919,42.8793059939817,1287.17539999999 -5.42360901848899,42.8793390189864,1287.90089999999 -5.42357901116525,42.8793579621617,1287.98330000001 -5.4235269591844,42.8794080022128,1287.36199999999 -5.4234999702,42.8794520071699,1287.22809999999 -5.42345495921437,42.8795530086608,1288.19469999999 -5.42342696321856,42.8796069883122,1288.5995 -5.42326603093372,42.879713019398,1286.1339 -5.42319302485058,42.8797929828108,1286.2399 -5.42311700042809,42.879875041391,1286.4345 -5.42307601299662,42.8799180408387,1285.90489999999 -5.42299596591829,42.8800249936228,1287.0088 -5.42293603571243,42.8801069689528,1288.1205 -5.42288901250057,42.8801880219435,1288.5491 -5.42284903118222,42.8802580107081,1288.9976 -5.42271500433844,42.8803839906792,1289.8471 -5.42264702702425,42.8804239722929,1289.3603 -5.42248802252404,42.8805689789863,1290.40979999999 -5.42238299778922,42.8807050178584,1289.9112 -5.42237796812194,42.8807119743536,1289.7497 -5.42236296446005,42.8807379585153,1290.7479 -5.42230303425419,42.8807829690027,1290.704 -5.42227403304357,42.880812976415,1291.23420000001 -5.42226699204838,42.8808269742958,1291.5724 -5.42225198838649,42.8808520361884,1292.01489999999 -5.42223203949898,42.8808620107833,1291.85490000001 -5.42218501718545,42.8809009862686,1292.1171 -5.42213799397359,42.8809539602395,1292.6332 -5.42211896765586,42.880970975541,1292.7665 -5.42209398910107,42.8809790220806,1292.3317 -5.42197102680668,42.8811070135267,1292.8507 -5.42195401181685,42.8811670280214,1294.0025 -5.42188896840041,42.8812129610693,1293.36569999999 -5.42184596874268,42.8812530264024,1293.51330000001 -5.42181202230643,42.8812909964867,1293.53049999999 -5.42176399387975,42.8813820237493,1294.7355 -5.42172200033517,42.8813980331221,1294.1364 -5.42171303155538,42.8814240169948,1294.783 -5.42167003279598,42.8815100156759,1296.1467 -5.42166098047287,42.8815950077715,1297.78200000001 -5.4216280392514,42.8816230038333,1298.0401 -5.42163197926224,42.8816420305634,1298.4473 -5.42158001082472,42.8817570300885,1298.66740000001 -5.42160096582538,42.8817939947168,1298.71219999999 -5.4216980278935,42.8818949963233,1298.9964 -5.42173096911496,42.8819260096549,1299.1079 -5.4218000360856,42.8819730321946,1298.901 -5.42184999229685,42.8819970042236,1298.92049999999 -5.42194797693478,42.8820389977088,1299.5284 -5.42201796557688,42.8820860201623,1300.13340000001 -5.4221720248515,42.8821290193856,1301.7694 -5.42224301960671,42.8821509797574,1301.94560000001 -5.42227302693045,42.8821909615426,1302.1915 -5.42221996973482,42.8822900351625,1303.91869999999 -5.4221639786415,42.8823190367045,1304.7638 -5.42214101141461,42.8823509720211,1305.8293 -5.42209197777314,42.8824099808282,1307.0857 -5.42202902922793,42.8824949730005,1308.4421 -5.42197303813458,42.8825529758782,1309.6459 -5.42196499192457,42.8825709971884,1310.20630000001 -5.42194495949374,42.8826279935458,1311.80190000001 -5.42191696349793,42.8827190214687,1312.5561 -5.42189198584143,42.8827770241357,1312.9253 -5.42188201094853,42.8828360325353,1313.64290000001 -5.42185803850685,42.8829220312229,1314.79919999999 -5.4218369999629,42.8830259667137,1316.2982 -5.42184496262957,42.8830569794767,1316.90919999999 -5.42187496995335,42.8831259624957,1317.61169999999 -5.42188703971748,42.8831520305529,1317.5886 -5.42184596874268,42.8832350114582,1314.18309999999 -5.42189902593832,42.8833050000576,1313.37669999999 -5.42191302438539,42.8833100289547,1313.6387 -5.42196499192457,42.8834009729341,1310.5028 -5.42198401914063,42.8834410381629,1308.8348 -5.42202299434583,42.8834660167148,1308.8432 -5.4221329652046,42.8835700362007,1307.7611 -5.42213397131772,42.883603982419,1306.5313 -5.42219499118002,42.8837080023306,1303.79670000001 -5.42223497249837,42.8837540183982,1303.3293 -5.42230697336673,42.883838005581,1302.3086 -5.42233899201841,42.8839019595364,1302.47779999999 -5.42233002413692,42.8839980157371,1302.97100000001 -5.42230898559296,42.8841570203709,1305.981 -5.42229800458691,42.8842069768848,1306.55 -5.42225500582754,42.8843189589477,1309.3734 -5.4222189636217,42.8844320308207,1310.86990000001 -5.42211502764503,42.8845109882818,1311.54889999999 -5.42208896033212,42.8845359664005,1312.2015 -5.42199902280248,42.8846000038843,1313.64169999999 -5.42193397848772,42.8846490385339,1314.3673 -5.4218879622873,42.8846580067576,1314.65399999999 -5.42182601985517,42.8846799675456,1315.25810000001 -5.4217510015458,42.8847340309127,1316.3778 -5.42171797678101,42.884750040074,1317.8508 -5.42163499670329,42.8847699893182,1318.6816 -5.4215709585016,42.8847819754487,1318.6324 -5.42151002218263,42.8848060312962,1320.3012 -5.42148998975179,42.8848180174197,1321.1663 -5.42129795958846,42.8848650397297,1321.2794 -5.4212050046178,42.8848689791523,1321.2442 -5.42117801473508,42.8848809652636,1321.7962 -5.42109503375903,42.8849109726573,1322.8564 -5.42102898512777,42.884978028325,1325.0414 -5.42094399192549,42.8850320071795,1326.9143 -5.42078699875316,42.884992025919,1324.7948 -5.42073301988607,42.8850129808366,1326.789 -5.42060100437022,42.8850279841741,1328.27159999999 -5.42045398609082,42.8850859866449,1329.70269999999 -5.420373017341,42.8851030021232,1328.42019999999 -5.4202959877037,42.8851360266579,1328.0766 -5.42022499294849,42.8851460012184,1327.1495 -5.42017696452181,42.8851529585293,1326.8435 -5.42001703745178,42.8851360266579,1324.8251 -5.4198479745153,42.8851429839699,1326.54979999999 -5.41978997209405,42.8851299921599,1326.754 -5.41967396635321,42.8851399660631,1328.0583 -5.41956399549444,42.885231999977,1332.0138 -5.4195189845088,42.8852549663085,1331.5132 -5.41951202795525,42.8852510269105,1331.10400000001 -5.41950297563213,42.8852569778037,1330.89569999999 -5.41948797197024,42.8852630129475,1330.5065 -5.41948403195941,42.8852650244426,1330.4412 -5.41947598574944,42.8852699695871,1330.2916 -5.41947003441067,42.8852670359376,1330.0955 -5.41947296830839,42.8852920144084,1330.5962 -5.41948595974401,42.8853220216022,1331.7749 -5.41947497963629,42.8853429757495,1331.1979 -5.41949702429336,42.8853859753356,1332.0949 -5.41950498696006,42.8854989629767,1333.3607 -5.41949601818024,42.8855240249461,1333.0762 -5.41950196951901,42.8855719695263,1333.4307 -5.41948595974401,42.8856609855725,1335.9797 -5.41947699186255,42.8856729715299,1336.00810000001 -5.41944899586671,42.8857540244486,1336.97990000001 -5.41945201330776,42.8857899829177,1337.76119999999 -5.41943600443109,42.8858860394697,1339.319 -5.41943499831794,42.8858919909599,1339.5701 -5.41941597110192,42.885958039825,1339.5975 -5.41940800843525,42.8859690206469,1339.28630000001 -5.41940700232213,42.8859609740998,1339.2175 -5.41940599710731,42.8859589619693,1339.1673 -5.41940700232213,42.885958039825,1339.2078 -5.41941001976315,42.8859779893368,1339.3959 -5.41940800843525,42.885995004569,1339.37579999999 -5.41944497231254,42.8860779849414,1342.62639999999 -5.41936903233168,42.886118972548,1341.7242 -5.41934698857294,42.8861469685315,1342.10980000001 -5.41923500638627,42.8862400073329,1343.8863 -5.41919996939521,42.8863020335612,1343.9149 -5.41919200672854,42.8863179593823,1343.88619999999 -5.41919996939521,42.8863529953843,1344.8654 -5.41920097550836,42.8864049628943,1345.5977 -5.41913601563521,42.8865049591232,1343.9158 -5.41925596048856,42.8866919596135,1343.74950000001 -5.41932603357232,42.8867539853875,1343.694 -5.41937699499839,42.8867969846482,1343.5564 -5.4194210007692,42.8868140003128,1343.7585 -5.41945503074878,42.8868190289238,1344.0928 -5.41945997597443,42.8868600166963,1343.076 -5.4195499979457,42.8868379724353,1344.9362 -5.41962501625507,42.8868419953227,1344.9604 -5.41976801098031,42.8869259822507,1342.7617 -5.41979399474989,42.8869360407706,1342.1673 -5.41984101796175,42.886970992831,1341.262 -5.41987697572593,42.8869770278071,1341.1966 -5.41999901634887,42.88699597127,1342.0955 -5.42000496768764,42.8870070354976,1341.3849 -5.42016103829013,42.8870890101072,1340.2571 -5.42017796973662,42.8870930336364,1340.34110000001 -5.42026799170789,42.8871139884985,1341.3751 -5.42029196414953,42.8871370383778,1341.17939999999 -5.42032599412914,42.8871490247066,1341.20909999999 -5.4204529799777,42.8871589989416,1342.9139 -5.42055398205666,42.8871679681167,1342.8177 -5.42054903683103,42.8871620167496,1342.9466 -5.42055398205666,42.8871959636241,1342.1835 -5.42055398205666,42.8871470132729,1343.211 -5.42058600070833,42.8871679681167,1342.6464 -5.42063897436064,42.8872460032419,1336.8266 -5.42062195937085,42.8871460075561,1343.1444 -5.42060301659645,42.8871409783135,1343.50320000001 -5.42059899304229,42.8871630224662,1342.72229999999 -5.42060301659645,42.8871709852661,1342.45729999999 -5.42056001693876,42.8871360326608,1343.7055 -5.42047603074789,42.8870790358609,1346.5753 -5.42045700353187,42.8870579973965,1347.4966 -5.42044904086517,42.8870139925987,1350.0171 -5.42043797631582,42.8869740106482,1351.1394 -5.42043403720331,42.8869600128457,1351.6084 -5.42043101976226,42.8869509607079,1351.99340000001 -5.4204349588748,42.8869389743407,1352.6197 -5.42053302705603,42.8869249765303,1354.38280000001 -5.42058298326732,42.8869020101623,1357.4981 -5.42069999512127,42.8868900237856,1357.75840000001 -5.42079303453355,42.8868610224178,1360.12940000001 -5.42087802683753,42.8868470245897,1361.0745 -5.42099101513733,42.886815006035,1363.5085 -5.42104700623068,42.8868099767654,1363.5898 -5.42106100377945,42.8868069595984,1363.791 -5.42114800741133,42.886786004632,1365.0456 -5.42119603583802,42.8867630382123,1365.639 -5.42120601073092,42.8867190332041,1368.4382 -5.4211539587501,42.8867480346386,1367.0474 -5.42105999766634,42.8866910374802,1372.03969999999 -5.42099302646526,42.8866570067368,1375.2454 -5.42099202035214,42.8866480381456,1376.1854 -5.4210399652355,42.8866389859621,1375.6082 -5.42105899155322,42.8866269995342,1376.80100000001 -5.42111196520552,42.8865689971959,1381.5031 -5.42111699487277,42.8865190406201,1387.4381 -5.42114700219655,42.8865330385227,1385.0095 -5.42121397339759,42.8865509757372,1382.1783 -5.42129703791697,42.8865760379374,1382.8351 -5.42133903146155,42.8865809829768,1383.1246 -5.42142704120658,42.8865570107544,1384.6162 -5.42143500387325,42.8865590228655,1384.44259999999 -5.42146702252493,42.8865610343182,1384.13830000001 -5.42159803192766,42.8865720143746,1384.4108 -5.42162301048245,42.8865779657986,1384.4963 -5.42174597277685,42.8865840008131,1386.75810000001 -5.42181998497311,42.8865819887029,1388.0148 -5.42189198584143,42.8865489642841,1389.2418 -5.4220000280173,42.8864760418238,1390.85460000001 -5.42204101544877,42.8864430173483,1391.8561 -5.42203900412083,42.8864450288049,1391.8008 -5.42204001023395,42.8864499738548,1391.6691 -5.42203900412083,42.8864460345332,1391.7738 -5.4220700166594,42.8864180386853,1392.3912 -5.42210203620937,42.8863750398186,1393.614 -5.42215199242066,42.8863280173431,1394.93339999999 -5.42219599729314,42.886260040345,1397.0396 -5.42224301960671,42.8862440309174,1397.87059999999 -5.42229599325901,42.8861830103632,1400.9615 -5.42237000545527,42.8861339762747,1403.4568 -5.42238802655817,42.886131964808,1403.8973 -5.42239699533796,42.8861250076075,1404.02 -5.42239699533796,42.8861179668144,1403.9139 -5.42241099288673,42.8861219904069,1404.3146 -5.4224519803182,42.8861049752097,1404.9654 -5.42243303754381,42.8861079924111,1404.5912 -5.42245399164613,42.8861120160042,1405.26360000001 -5.42247503108839,42.8861209840152,1406.0178 -5.42259003071611,42.8860980180061,1406.54459999999 -5.4226600193582,42.8860769792071,1406.2574 -5.42281198286326,42.8860300407545,1405.6394 -5.42285799996201,42.8860270228911,1406.08749999999 -5.42297601703078,42.886026017156,1407.9565 -5.42307098422767,42.8860489838501,1410.602 -5.42311700042809,42.8860479781153,1412.03810000001 -5.42312001786914,42.8860339801027,1411.19809999999 -5.42313200408997,42.8860309628976,1411.36689999999 -5.42313996675665,42.8860300407545,1411.5938 -5.42316704018267,42.886026017156,1412.5145 -5.42324298106186,42.8859909809682,1413.63310000001 -5.42325396116955,42.885983018016,1413.65089999999 -5.42332302814019,42.8859599677055,1414.4216 -5.42341698922396,42.8859219978619,1415.3906 -5.42351203996417,42.8859049826095,1417.118 -5.42355596129336,42.8859000375159,1418.02009999999 -5.42365201724836,42.8858800043869,1419.4515 -5.42368202457214,42.8858810101244,1420.2533 -5.42378696576363,42.8858599719096,1422.3642 -5.42388101128902,42.885802975247,1422.97380000001 -5.42396198003884,42.8857540244486,1423.9102 -5.42403297479405,42.8857380148897,1425.52710000001 -5.42410003043675,42.8856950162072,1426.4057 -5.42415501541699,42.8856609855725,1427.4087 -5.4242260101722,42.8856260327698,1428.875 -5.42433396880474,42.8855759931544,1431.23299999999 -5.42439800700639,42.8855309822144,1432.4301 -5.42447403053059,42.8855149725976,1434.1827 -5.42457503260954,42.8854989629767,1436.68150000001 -5.42467502857541,42.8854770024802,1439.2669 -5.42472096123249,42.8854589813607,1439.7402 -5.42480503186499,42.8854090252024,1440.05439999999 -5.42490301650292,42.8853689599354,1441.76790000001 -5.42494199260649,42.8853230273487,1441.9152 -5.42500996992064,42.8852670359376,1443.3812 -5.42504198857232,42.8852340114731,1444.2886 -5.42506503844421,42.8851960411826,1444.9037 -5.42505799834733,42.8850999848727,1445.5101 -5.42510200321984,42.8850770184835,1446.79029999999 -5.42510502066086,42.8850600029981,1446.6035 -5.42515103686131,42.8850220332588,1447.00079999999 -5.42517299797505,42.8849979768372,1446.1303 -5.42519101907796,42.884978028325,1445.5278 -5.42520803406775,42.8849689752382,1445.50049999999 -5.42531297525924,42.8848989865519,1445.95480000001 -5.42535798624487,42.8848679733984,1446.6232 -5.42543099232801,42.8848269862769,1447.82739999999 -5.4255070167505,42.8847699893182,1448.2956 -5.42561698671098,42.8846900257736,1448.6378 -5.42562101026511,42.8846860027459,1448.6485 -5.42565001147577,42.8846430033301,1448.1951 -5.425740033447,42.8845910356522,1449.24709999999 -5.42577900955057,42.884563961786,1449.3257 -5.42579895843808,42.8845499640948,1449.2969 -5.4258100220891,42.8845389836786,1449.1925 -5.42589702661931,42.8844850043927,1450.02650000001 -5.42600397913873,42.8844290135374,1450.6982 -5.42601102013392,42.8844069690659,1449.8936 -5.42606801734039,42.8843229819993,1449.0722 -5.42608897234101,42.8842069768848,1447.0962 -5.42617103074727,42.8841649835588,1448.4127 -5.42622400439958,42.8841219844381,1448.4783 -5.4262509942823,42.884108992413,1448.6985 -5.42638099757192,42.8840599579924,1450.2601 -5.4263899663517,42.8840609637596,1450.55650000001 -5.42649197364547,42.8840079904816,1451.1161 -5.42650002075377,42.8840049731776,1451.1718 -5.42654100818527,42.8839909753596,1451.512 -5.42659398183758,42.8839779833069,1452.4087 -5.42666397047967,42.8839639854828,1453.0953 -5.42678299366156,42.883957028696,1455.4421 -5.42681098875907,42.883935989825,1455.0389 -5.42693504160821,42.8839089999242,1456.0471 -5.42705699778952,42.8838589602324,1458.019 -5.42712497510368,42.8838069925524,1457.4762 -5.42719596985889,42.8837649989541,1457.56570000001 -5.42724802183974,42.8836990333106,1458.3026 -5.42734902391869,42.8835810161312,1459.7847 -5.42738003645725,42.8835640008913,1460.6969 -5.42742102388872,42.8835560382841,1462.0937 -5.4274610061054,42.8835250251136,1462.72319999999 -5.42750400486477,42.8834599813952,1462.3257 -5.42757298829207,42.8833439759744,1460.0552 -5.42762596194438,42.8833110353924,1461.23789999999 -5.42762596194438,42.883297959601,1460.8581 -5.42763300204126,42.8832770047591,1460.5459 -5.4276979619144,42.8832390345806,1461.8364 -5.42770399679647,42.8832380288,1462.0575 -5.4276979619144,42.8832350114582,1461.6829 -5.42776904111127,42.8831849712198,1462.1972 -5.4277739863369,42.8831749970004,1461.8844 -5.42783802364025,42.8831080256017,1460.98579999999 -5.42788898596462,42.8830249609296,1460.16409999999 -5.42799199937151,42.882948015112,1461.2209 -5.42802301191007,42.8829380401961,1461.83530000001 -5.42812996532779,42.8828740029618,1462.36079999999 -5.42814396287656,42.8828699791575,1462.7013 -5.42819400352944,42.8828470132546,1462.9552 -5.42821898118594,42.8828310035995,1462.9228 -5.42824102584301,42.8828119765778,1463.2503 -5.42828301938759,42.8827740067714,1463.62059999999 -5.42844302910262,42.8827060291482,1465.4868 -5.42845996054911,42.8827060291482,1465.9549 -5.42848099999136,42.8826930374831,1465.82000000001 -5.42853003363283,42.8826719988394,1466.1718 -5.42860002227496,42.8826409858827,1466.97689999999 -5.42874301789849,42.8825539816699,1467.46490000001 -5.42886002885415,42.8825150059124,1468.3625 -5.42895398993792,42.8825060373772,1470.071 -5.42908097578648,42.8823979942369,1467.54949999999 -5.42914501398813,42.8823600241756,1467.56230000001 -5.42923302373317,42.8823219704941,1467.86470000001 -5.42936302702275,42.8822730202248,1467.94650000001 -5.42950099297903,42.8821809871626,1466.4145 -5.42966502714655,42.8821260013314,1467.49249999999 -5.42970601457802,42.8821140153431,1467.8452 -5.42974700200948,42.8820990119552,1467.5095 -5.42988496796577,42.8820730277085,1468.02190000001 -5.43004699080536,42.8820219820436,1467.6709 -5.43019602041269,42.8819649851263,1468.2542 -5.4303100148256,42.8819300328626,1469.4528 -5.43048301687461,42.881886027698,1469.871 -5.43060899750836,42.8818560208077,1470.2613 -5.43068502103255,42.881846967921,1471.0514 -5.43085098298464,42.8818120155904,1473.26210000001 -5.43091602640111,42.8817990237371,1473.421 -5.43108098224009,42.8817589581002,1473.7549 -5.43127100017719,42.8817380033939,1476.01210000001 -5.43128600383908,42.8817390091989,1476.2556 -5.4313829823639,42.8817410208088,1477.264 -5.43156302540809,42.8816670085272,1477.8052 -5.43169101736977,42.8816580398688,1478.9816 -5.43186502553187,42.8816489876112,1479.89260000001 -5.43191498174312,42.8816329783035,1479.6134 -5.43197097283648,42.8816159625264,1478.75719999999 -5.43209301345942,42.8816339841103,1478.7536 -5.43223500207154,42.8816100119402,1478.5542 -5.43224397085133,42.8816069945189,1478.4877 -5.43238696647489,42.881608000326,1478.58930000001 -5.43238897780279,42.8816090061331,1478.60739999999 -5.4324560334455,42.8816150409755,1478.8622 -5.43255896330909,42.8816280328675,1479.23579999999 -5.43260799695055,42.881634989917,1479.4762 -5.43264596694097,42.8816570340624,1479.9323 -5.43263901038741,42.8816670085272,1480.0203 -5.43268301525993,42.88164303637,1480.0531 -5.43270397026055,42.8816309666901,1480.07030000001 -5.43273003757346,42.8816260212539,1480.24950000001 -5.43278896256454,42.8816000374663,1480.5456 -5.43282601088346,42.8816009590174,1480.9924 -5.43295701938789,42.8815560320663,1482.1593 -5.43304000036394,42.8815449681776,1482.5551 -5.43308098779541,42.8815570378743,1482.99559999999 -5.43318601342852,42.8815629891239,1483.7075 -5.43315600610478,42.8815869613122,1483.939 -5.43307897646747,42.8816150409755,1484.13679999999 -5.43307503645664,42.8816209922195,1484.2303 -5.43311300644708,42.8816130293615,1484.2237 -5.43314401988394,42.8816199864125,1484.4706 -5.43328399806646,42.8816140351685,1485.0827 -5.43340696036086,42.8816359957237,1486.0448 -5.43361399328778,42.8816130293615,1486.7344 -5.43364198838529,42.8816169683334,1486.933 -5.43376897423385,42.8816199864125,1487.289 -5.43382102621467,42.8816370015303,1487.5576 -5.43394801206323,42.8816779887963,1488.0857 -5.43400802671072,42.8816850294378,1488.2735 -5.43407499791179,42.881717970888,1488.8005 -5.43409695812724,42.8817309627584,1488.992 -5.43411900278431,42.8817130254588,1488.8406 -5.43419703853473,42.8816950038981,1488.8164 -5.43439300691227,42.8816479818048,1489.02929999999 -5.43445503378599,42.8816439585787,1489.31080000001 -5.43463700461479,42.8816899748693,1490.842 -5.43464899083563,42.8817049783567,1491.0713 -5.43471302813899,42.8816860352437,1491.07490000001 -5.43489701119398,42.8815889729271,1491.65850000001 -5.4349250062915,42.8815889729271,1491.6914 -5.43499600104674,42.8815779926422,1491.4178 -5.43502198571465,42.8815860397608,1491.74920000001 -5.43512600433632,42.8815289588429,1490.8158 -5.43519197032258,42.8814680224889,1490.5338 -5.43526103729321,42.88131999784,1490.0099 -5.43529699595573,42.8812940139235,1490.0407 -5.435374025593,42.8812520205895,1490.1427 -5.43542096346494,42.8812449798986,1490.2827 -5.43551702031827,42.8812169843235,1490.53079999999 -5.43563595995683,42.8811910003636,1490.7463 -5.43579001923142,42.8812139668829,1491.1461 -5.43591599896687,42.8811889887357,1491.7766 -5.43590895797165,42.8812080155997,1491.6703 -5.43590703018708,42.881217990137,1491.63009999999 -5.43594500017749,42.8812260366444,1491.7887 -5.43613099456043,42.881182031636,1492.6584 -5.43631003238984,42.8810920098939,1493.8728 -5.43633903360046,42.8810780120733,1494.06630000001 -5.43634397882609,42.8810920098939,1493.9388 -5.4363449849392,42.881096033156,1493.9081 -5.43634599105232,42.881094021525,1493.9261 -5.43635697116004,42.8810749946258,1494.12300000001 -5.43636501737004,42.8810689597306,1494.1934 -5.43636803481109,42.8810800237048,1494.0941 -5.43636702959627,42.8810800237048,1494.09239999999 -5.43636803481109,42.8810800237048,1494.0941 -5.43636803481109,42.8810820353362,1494.0751 -5.43636401215526,42.8810849691847,1494.0407 -5.43635898248797,42.8810699655465,1494.1738 -5.4363510198213,42.8811039960808,1493.8581 -5.43635697116004,42.8810950273405,1493.93889999999 -5.4363530311492,42.8810899982628,1493.97500000001 -5.43634699626714,42.8810930157094,1493.93610000001 -5.4363510198213,42.8810920098939,1493.95269999999 -5.43639200725277,42.8810859750004,1494.0779 -5.43642796591528,42.8810830411519,1494.163 -5.43664698506301,42.8809820395326,1495.412 -5.43671102236637,42.8809810337153,1495.51149999999 -5.43677799446574,42.8809589893283,1495.9863 -5.43681797578409,42.8809370285322,1496.29889999999 -5.43684303788218,42.8809109608556,1496.53170000001 -5.4369830151664,42.8808399663537,1497.4624 -5.43701603993119,42.880841977993,1497.6018 -5.43709197991205,42.8807539680552,1497.3124 -5.43717596700122,42.8806650357685,1496.2396 -5.43719499331894,42.8806500320283,1495.9651 -5.43730496417771,42.8805470187096,1493.91069999999 -5.43733203760374,42.8805529700566,1493.6695 -5.43733396538834,42.8805549817052,1493.6747 -5.43733103238892,42.8805399779382,1493.5148 -5.43737201982038,42.880531009116,1492.80899999999 -5.43748299589397,42.8805210351258,1491.336 -5.4375730178652,42.8804979847492,1490.2356 -5.43766396150796,42.8804809693173,1489.19040000001 -5.43784299843904,42.8804689830095,1487.9973 -5.43785397854673,42.8804649597066,1487.90700000001 -5.43803402248925,42.8803590128543,1485.4819 -5.4380559827047,42.8803399857285,1485.0248 -5.43822303431324,42.8803269935653,1483.81449999999 -5.43826100430365,42.8803160137139,1483.6458 -5.43838899626533,42.8802829885739,1482.69070000001 -5.43846895890203,42.8802559990497,1481.849 -5.43850298977994,42.8802389835511,1481.22990000001 -5.43854800076557,42.8802330328321,1480.8833 -5.43858798208392,42.8802190348166,1480.6805 -5.43870197649686,42.8801349643733,1479.785 -5.4387769939079,42.8800819910157,1479.31789999999 -5.43885796355605,42.8800590240751,1479.45909999999 -5.43890196842856,42.8800460325109,1479.4244 -5.4389159659773,42.8800290169544,1479.0849 -5.43897497451171,42.8799639734999,1478.0236 -5.43917798478276,42.8798789811323,1477.1009 -5.43935199294486,42.8798130152834,1475.3273 -5.43937898282758,42.8798030411772,1475.11470000001 -5.43943103391007,42.8798039627552,1474.8067 -5.43946296901845,42.8797809963693,1474.29150000001 -5.43958400352824,42.8796420248342,1471.9519 -5.43960101941636,42.8796219916479,1471.4889 -5.43961904051927,42.8796019591133,1470.8144 -5.43964896340138,42.8795810043326,1470.0658 -5.43974602636783,42.8795499911388,1468.17630000001 -5.43977796057788,42.8795199844288,1466.82640000001 -5.43985700244139,42.879489977046,1464.95170000001 -5.43992103974474,42.8793980273829,1462.8708 -5.44001500082851,42.8793599738493,1461.3106 -5.44007199803498,42.8793680199407,1460.7689 -5.44016503744726,42.8793429581036,1460.5206 -5.44020300743771,42.879328038301,1460.3132 -5.44029101718271,42.8792759871531,1459.27650000001 -5.440453039124,42.8791899886495,1456.7041 -5.44051799899714,42.8791289683591,1455.46120000001 -5.44058798853753,42.8790609913277,1454.4759 -5.44066996340049,42.8790739830992,1454.0396 -5.44072000315508,42.8791159765991,1453.6483 -5.44072503192403,42.8790390305143,1454.0352 -5.44072302059609,42.8789999709097,1454.28320000001 -5.44078496302822,42.8789920083716,1454.1995 -5.44090298009696,42.8790039943081,1454.477 -5.44095100852364,42.8790189977904,1454.308 -5.44098000973427,42.879034001269,1453.8667 -5.44111001302388,42.8790619971763,1454.47100000001 -5.44113398546556,42.879059985479,1455.1495 -5.44117103288619,42.879054033988,1456.28140000001 -5.44135903949535,42.8791609869532,1453.6758 -5.44156095921166,42.8792139611015,1452.5809 -5.44178701935461,42.8792579655388,1452.0526 -5.44183102422712,42.8792489971885,1452.8043 -5.44205800604152,42.8792520147251,1452.92969999999 -5.44221499921383,42.8792360054538,1452.11900000001 -5.44221801665488,42.8792500030341,1451.7644 -5.44229202885114,42.879260983075,1450.3449 -5.44233201106778,42.8792579655388,1449.9348 -5.4424009935968,42.8792569596934,1449.0239 -5.44253502044054,42.8792670181471,1447.3417 -5.44261699530347,42.8792579655388,1446.86079999999 -5.44265597140704,42.8792500030341,1446.6838 -5.44268103350513,42.8792520147251,1446.3645 -5.44281103679474,42.8793019706029,1443.0518 -5.44294104008435,42.8792869671895,1443.2573 -5.44313600324707,42.8793240149237,1441.8747 -5.44328101019857,42.87931898636,1441.7289 -5.44335803983585,42.879336001454,1441.114 -5.44335896150734,42.8793420365187,1440.95600000001 -5.4434489834786,42.8793850356795,1439.6548 -5.44345501836067,42.8794039788407,1438.65089999999 -5.44351100945402,42.8794380089772,1435.6571 -5.44355501432654,42.8794469779583,1435.9103 -5.44362802040968,42.8794499954853,1437.0656 -5.44372701116073,42.8794199880685,1436.3673 -5.44376699247908,42.8794230055968,1435.5067 -5.44379599368971,42.8794469779583,1435.0812 -5.44387897466576,42.8794729613362,1432.8965 -5.44399900396076,42.8795140329822,1430.0211 -5.44401400762262,42.8795400169901,1429.6931 -5.44403697395118,42.8795820101727,1428.652 -5.44401803027849,42.8796530048055,1426.57090000001 -5.44395600430307,42.8797669989095,1423.7219 -5.44393898931324,42.8797799905324,1423.4878 -5.44393102664657,42.8798400050013,1421.06359999999 -5.4440109901816,42.8798529972671,1420.84600000001 -5.44407502748492,42.8798909668965,1419.2482 -5.44420402466142,42.879913011665,1417.91409999999 -5.44423696588288,42.8799219799189,1417.2089 -5.44427200197561,42.8799400013392,1416.29059999999 -5.44434098540289,42.8799539987598,1415.41499999999 -5.44438599638852,42.8799610395981,1414.6358 -5.4444279890348,42.8799939806522,1412.8591 -5.44449697246211,42.8800389916824,1410.9526 -5.44451901711918,42.8800789735197,1410.01880000001 -5.44453997122148,42.8801160214366,1409.1523 -5.44457802565355,42.8801929668366,1407.2141 -5.44460199809523,42.8802300153434,1406.3944 -5.44461297820295,42.8802499640744,1405.808 -5.44465002562358,42.8803099787445,1404.13430000001 -5.44472303260502,42.880381979025,1402.91770000001 -5.44477701147214,42.8804129918006,1402.3912 -5.44480199002693,42.8804509624019,1402.0674 -5.44484197134528,42.8804790412657,1401.86840000001 -5.44497901563008,42.8806409796228,1401.8039 -5.44498899052298,42.8806439970915,1402.05499999999 -5.44496501808131,42.8807379585153,1400.93030000001 -5.44501103428176,42.8808269742958,1401.12880000001 -5.44502000306155,42.8808360266739,1401.1952 -5.44511002503281,42.880980027898,1402.3377 -5.44511295893053,42.8809900024722,1402.45540000001 -5.44515696380301,42.8810630084334,1403.7847 -5.44524497354804,42.881139032411,1404.7476 -5.4452070035576,42.8812189959505,1401.4616 -5.44518403722907,42.881237016992,1400.7605 -5.44520096867553,42.8813179862164,1401.04090000001 -5.44524002832239,42.8814220053745,1399.2748 -5.4452680234199,42.881443965998,1399.75509999999 -5.44526299465095,42.8815430401592,1395.7501 -5.445266012092,42.8815449681776,1395.7442 -5.44527296864555,42.8815960135788,1393.8854 -5.44528696709262,42.8816169683334,1393.383 -5.44534304172927,42.8816700259456,1392.591 -5.44539802670951,42.8817629813188,1389.98269999999 -5.4454560300291,42.881886027698,1387.8983 -5.44545200647493,42.8818919789159,1387.68700000001 -5.44544597159286,42.8819110055631,1387.24890000001 -5.44544496547975,42.8819489759006,1386.66869999999 -5.44544697770598,42.8820069786334,1385.75169999999 -5.44546198136787,42.8820519895115,1385.6312 -5.44546902146472,42.8821209723377,1385.0557 -5.44550196268622,42.8821929731379,1385.5426 -5.44553599356413,42.8823180309089,1385.07460000001 -5.44556097122059,42.8823320291065,1385.5613 -5.44559298987227,42.8824119924163,1382.8429 -5.44560397087829,42.8824340362841,1382.6128 -5.44560799353412,42.8824969845859,1380.26420000001 -5.44563397730373,42.8825509642947,1378.2105 -5.44568804061248,42.8825760261453,1377.7417 -5.4457789842552,42.8826320173659,1376.0821 -5.44585702000563,42.8826839847192,1374.4157 -5.44589197255502,42.8827060291482,1373.594 -5.44600102084398,42.8827510401745,1372.57670000001 -5.44602398717254,42.8827689771723,1371.23940000001 -5.44607503304024,42.8828259746634,1368.7481 -5.44613001891877,42.8828579933137,1368.11229999999 -5.44619598400673,42.8828920235199,1368.1205 -5.44623102099776,42.8829380401961,1367.2807 -5.44623202621254,42.8829999828574,1365.0733 -5.44626697876194,42.8830449936693,1363.9013 -5.4463409909582,42.8830800295555,1364.6274 -5.44644903403237,42.8831780143451,1362.9071 -5.44649303890488,42.8832039981264,1361.7147 -5.44655397522386,42.883240962546,1360.8441 -5.44657199632677,42.8832999711601,1359.67479999999 -5.44669697084743,42.8833670259459,1358.701 -5.44682001668515,42.8834550361056,1357.86169999999 -5.44687600777847,42.8835039867536,1357.91899999999 -5.44709896693707,42.8835560382841,1355.4706 -5.4472220127748,42.8835889787352,1355.2331 -5.44727398121228,42.8836250214032,1353.52099999999 -5.44734698729542,42.8836189860992,1354.008 -5.4474220056048,42.8837250175307,1352.14380000001 -5.44745301814336,42.8837570363727,1352.7237 -5.44748797069276,42.883758964322,1352.4829 -5.44757204132525,42.8838230019542,1352.5891 -5.44760196510567,42.8838349876104,1352.0894 -5.44772501094339,42.8838690185941,1352.07249999999 -5.44779097692965,42.8838889674651,1351.9466 -5.44784302801217,42.8839199804525,1352.0108 -5.44799700374346,42.8839459645796,1350.4857 -5.44810596848908,42.8839609681765,1349.2501 -5.44812197826408,42.8839779833069,1349.4241 -5.44826203998993,42.8840390034093,1348.2025 -5.44829397419995,42.8840479717216,1347.7282 -5.4483829900581,42.8840899651273,1346.5214 -5.44848902180433,42.8841020356426,1345.0295 -5.44859002388332,42.8841170392016,1343.27039999999 -5.44870703483894,42.8841039629228,1341.4911 -5.44875296749606,42.8841010292179,1340.681 -5.44889302922191,42.8840530012164,1337.1467 -5.44893401665337,42.8840450386723,1336.2115 -5.44896201264922,42.8840420207117,1335.6354 -5.44908799238463,42.8840400091768,1333.3961 -5.44915202968798,42.8840720278554,1332.91559999999 -5.4492060094534,42.8840550127509,1332.23639999999 -5.44928798431634,42.8839789890754,1333.15330000001 -5.44933198918885,42.8839609681765,1332.833 -5.44936400873886,42.8839540107312,1332.62940000001 -5.44951396091595,42.8838950020844,1331.0879 -5.44964002419472,42.8838870395199,1328.3811 -5.44965201041556,42.8838850279799,1328.20080000001 -5.4497009605137,42.8839079941546,1326.1292 -5.44974203238683,42.8839059826153,1325.82460000001 -5.44986700600916,42.8839309609789,1322.8658 -5.44991997966146,42.8839280272657,1322.0732 -5.45001603651479,42.8839199804525,1320.61079999999 -5.45002500529458,42.8839130236608,1320.3484 -5.45006196917188,42.8839049768456,1319.56600000001 -5.45019498990254,42.8839079941546,1318.4246 -5.45023698344712,42.8839499876555,1317.8533 -5.45027403176605,42.8839820063807,1318.0719 -5.45029599198149,42.8839939926643,1317.82060000001 -5.45044996771278,42.8841010292179,1317.5972 -5.45051802857027,42.8841300305668,1316.77529999999 -5.45056496734051,42.8841359822263,1315.9437 -5.45066203030695,42.8841560146053,1315.0122 -5.45077904126258,42.8842320387209,1315.42690000001 -5.45081399381198,42.8843010217424,1316.92750000001 -5.4509800393074,42.8843470380258,1316.19100000001 -5.45099001420034,42.8843560069516,1316.22410000001 -5.45111197038162,42.8844409997341,1315.9883 -5.45119000613204,42.8844560032107,1315.4529 -5.45126502444142,42.8844770419043,1314.92449999999 -5.45133300085728,42.8844750297254,1313.3438 -5.45137901795603,42.8844959848185,1313.6226 -5.45141698794644,42.8844919617782,1312.4642 -5.45146996159875,42.8844870159131,1310.5622 -5.45151203868666,42.8845000078586,1309.5295 -5.45161102853941,42.8845300154377,1308.0612 -5.45170197308046,42.8845860062013,1308.02039999999 -5.45172099939815,42.8845850004428,1307.3085 -5.45173902050109,42.884573014274,1306.09050000001 -5.45179300026651,42.8845969866092,1304.4699 -5.45189299623235,42.8845559993077,1300.3469 -5.4519059885663,42.8845549935487,1300.0806 -5.45203800318385,42.8845949750924,1299.579 -5.45211696060573,42.8846040275758,1298.78969999999 -5.4522680024393,42.884623976209,1297.7218 -5.4523209760916,42.8846689871526,1296.5966 -5.45234603818969,42.8846770338681,1296.1538 -5.45240798062181,42.8846819790597,1296.2889 -5.45250403657681,42.8846809733027,1295.92140000001 -5.45274702816622,42.8846730108396,1293.4556 -5.45278600426978,42.8846809733027,1292.9978 -5.4528050314858,42.8846780396252,1293.26579999999 -5.45289304123083,42.8846969824777,1291.80100000001 -5.4530239661919,42.8847529737481,1289.6988 -5.45303301851502,42.8847539795039,1289.77710000001 -5.45304902829002,42.8848060312962,1289.0696 -5.4529870023146,42.8848780315956,1289.022 -5.4529890136425,42.8848799595098,1289.0229 -5.45303896985379,42.8848959692914,1288.35980000001 -5.45306101451086,42.8848969750449,1288.1155 -5.45308900960837,42.8849030102239,1287.8279 -5.4531279857119,42.884909966904,1287.71950000001 -5.45318003769275,42.8849139905753,1287.4975 -5.45334901618757,42.884978028325,1285.889 -5.45336997118819,42.8849750104101,1285.777 -5.45349201181113,42.8849800398293,1284.1308 -5.45354004023778,42.8849699816487,1283.5634 -5.45357801022823,42.8849880022528,1282.7978 -5.45362100898763,42.8849819677403,1282.6355 -5.45376098717015,42.8849480209639,1281.4647 -5.45412702459728,42.8848859946905,1278.781 -5.45434503853022,42.8848129886455,1276.85249999999 -5.45476597739425,42.8847369645876,1274.836 -5.45565797931854,42.8848590052052,1268.61289999999 -5.45587599235315,42.8848940413777,1266.4875 -5.4559830293142,42.8848989865519,1265.565 -5.45619500836508,42.8848920298705,1264.30160000001 -5.45650497115552,42.8848630282216,1262.99490000001 -5.45660496712139,42.8848630282216,1259.7806 -5.45670102307639,42.8848679733984,1258.692 -5.45778698294865,42.8848809652636,1258.906 -5.45801597609098,42.8848760200879,1258.5181 -5.45844202816563,42.8848070370512,1256.7212 -5.45864403232357,42.8847350366689,1254.2405 -5.45885701658923,42.8847000004062,1255.4626 -5.45897000488902,42.8846890200167,1255.4454 -5.45909296718341,42.8846829848167,1255.3303 -5.4595579953616,42.8846959767209,1254.53750000001 -5.45987198170624,42.884707041361,1251.2985 -5.45999201010292,42.8846929594505,1249.93090000001 -5.46012201339253,42.8846689871526,1248.3126 -5.46039400619256,42.8845959808507,1244.5533 -5.46078401606136,42.8844339587489,1240.5046 -5.46088401202723,42.8843290172345,1239.2711 -5.46095500678244,42.8842379897124,1237.8449 -5.46099700032703,42.8841499800115,1236.63989999999 -5.46102801376392,42.8840540069837,1235.1534 -5.46105299142038,42.8839590402336,1233.90670000001 -5.46111099384163,42.8838150387221,1233.06939999999 -5.46117603815644,42.8837749737363,1232.6033 -5.46126103046038,42.8837540183982,1232.17329999999 -5.46136203253937,42.8837550248285,1231.41190000001 -5.46147501994086,42.8837710342438,1230.31909999999 -5.46159697702047,42.8837980235468,1229.0733 -5.46172597419694,42.8838369998102,1227.68640000001 -5.46185698359967,42.8838799984714,1226.52039999999 -5.46198497556134,42.8839100056938,1225.4295 -5.46210601007117,42.8839189746831,1224.5708 -5.46221396870368,42.8839100056938,1224.0022 -5.46230801422911,42.8838929905447,1223.7064 -5.46239200041994,42.8838879616951,1223.3705 -5.46245696029308,42.8839049768456,1223.04240000001 -5.46249400861204,42.8839430308671,1222.6284 -5.46249803126788,42.8839889631647,1222.40519999999 -5.4624640012883,42.8840280229022,1222.2107 -5.46239200041994,42.8840499839145,1221.9918 -5.46229602800827,42.8840560185182,1221.57249999999 -5.4621879849341,42.8840560185182,1221.05190000001 -5.46172396286904,42.8840639817191,1218.4835 -5.46164902900129,42.8840889593606,1218.1857 -5.46159395957942,42.8841339700363,1217.7644 -5.46155297214796,42.8841909675826,1217.3694 -5.46151298993128,42.8842529932384,1216.7225 -5.46146496240293,42.884316025253,1216.2151 -5.46138198142688,42.8844259955957,1215.0705 -5.46136999520604,42.8844760361439,1214.5049 -5.46137502397499,42.8845190350179,1214.3178 -5.46140402518565,42.8845539877895,1214.2298 -5.46145498751002,42.8845870119599,1214.0417 -5.46151701348544,42.8846190310128,1214.2536 -5.46158197335858,42.884646020603,1214.8092 -5.46165003421607,42.8846630362026,1215.47259999999 -5.46172203508443,42.8846659698808,1215.95389999999 -5.46180199861943,42.8846630362026,1216.5157 -5.46215202627159,42.8846419975724,1215.5252 -5.46304796820671,42.884624981967,1215.56819999999 -5.46314897028569,42.8846020160592,1215.152 -5.46324703846696,42.8845689912387,1215.1902 -5.46354501503657,42.8844460285386,1215.0723 -5.46361802111971,42.8843949828626,1214.9506 -5.46366998955723,42.8843320345228,1215.06819999999 -5.46381399039558,42.8841160327771,1215.6272 -5.46390200014061,42.8840430264792,1215.8115 -5.46400099089163,42.8839759717699,1216.3103 -5.46446995818235,42.8836800065567,1217.8352 -5.46468595988906,42.8835230135618,1215.53290000001 -5.46477899930134,42.8834830319816,1213.9912 -5.464887964047,42.8834479956661,1213.6995 -5.46520697916056,42.8833680317243,1211.4094 -5.46530102378766,42.8833599854963,1210.1655 -5.46540596497915,42.8833680317243,1208.1194 -5.46599303378027,42.8834329919443,1207.0007 -5.46620702415905,42.8834709620035,1204.2262 -5.46629402779093,42.8835009687666,1202.99099999999 -5.46636401643306,42.8835319819491,1202.4614 -5.46642696497826,42.8835510087488,1202.0963 -5.46648496739952,42.8835560382841,1202.2043 -5.4665350071541,42.8835510087488,1202.3688 -5.46656501447788,42.8835270366653,1202.27800000001 -5.46658496336539,42.8834899888219,1202.3161 -5.46660901935036,42.8834459834535,1202.0347 -5.46665000768016,42.8833930103058,1201.75840000001 -5.46671203365558,42.8833429701955,1201.50930000001 -5.46679300240539,42.8833050000576,1201.03909999999 -5.46689601581228,42.8832820336585,1200.7884 -5.46701596156396,42.8832660241163,1200.2945 -5.46714596485357,42.8832549598759,1199.7699 -5.46740203142196,42.8832200076847,1198.2129 -5.46751895883425,42.8831999750018,1198.33100000001 -5.46763395846201,42.8831889943453,1198.1064 -5.46804903042891,42.883200980783,1197.0122 -5.46811801385621,42.8832269645546,1196.84639999999 -5.46817299883645,42.8832609952156,1196.8031 -5.46822898992977,42.8832849674023,1196.77619999999 -5.46828296969519,42.8832899963011,1196.9124 -5.46832898589564,42.883272980981,1196.9653 -5.46836896811229,42.8832390345806,1196.9455 -5.46840601643125,42.8831839654384,1196.8308 -5.4684459977496,42.8831220229618,1196.1522 -5.46850299495607,42.8830650264025,1195.8581 -5.46857097227022,42.8830190098211,1195.4289 -5.46864498446648,42.8829819616726,1195.19289999999 -5.46872201410379,42.8829429855271,1194.86320000001 -5.46879703151487,42.8828969688546,1194.0292 -5.46887498372197,42.8828510364022,1193.4829 -5.46896098213903,42.8828139881528,1192.6434 -5.46905896587867,42.882790015783,1192.5732 -5.46915804017302,42.8827760183476,1192.7607 -5.46924596637472,42.8827549797322,1191.6845 -5.46931897245786,42.8827220388357,1191.2797 -5.46938301065951,42.8826809673504,1191.3526 -5.46944503663494,42.8826399800924,1191.8238 -5.46951402006224,42.8826060333437,1191.8849 -5.46959297748416,42.8825780377279,1191.3523 -5.46976597953314,42.8825020135489,1191.70879999999 -5.46985298406335,42.8824559972057,1191.875 -5.47009203564192,42.8823399918718,1193.277 -5.47010703930381,42.882325993676,1193.2565 -5.47012296463715,42.8823109903396,1193.0064 -5.47026503858923,42.8822069707056,1192.2205 -5.47044902074593,42.8820379919087,1190.6502 -5.4705159928453,42.881994992622,1190.2984 -5.47059402769743,42.8819590339155,1189.95389999999 -5.4706879887812,42.8819339724726,1188.6189 -5.4707920083012,42.8819170410342,1187.8229 -5.47090298527309,42.8819059765519,1186.8002 -5.4710189901156,42.8818970079282,1185.89019999999 -5.47125502515145,42.8818680068461,1184.38830000001 -5.47137102999399,42.881833976075,1183.9887 -5.47148603052005,42.8817909766462,1183.5101 -5.47159901792154,42.8817499894552,1183.2512 -5.47172298632905,42.8817169650827,1182.84329999999 -5.47184703827989,42.8816879632577,1181.1991 -5.47230100280705,42.8815940019641,1178.4428 -5.47240703365496,42.881590984542,1177.4905 -5.47250803573394,42.8816049822462,1176.27250000001 -5.47267902645502,42.8816439585787,1175.1778 -5.47274298021505,42.8816420305634,1174.9325 -5.47279201475481,42.8816159625264,1175.1615 -5.47281397497026,42.8815729636039,1175.652 -5.47281196364232,42.8815169727386,1175.5156 -5.47280802363149,42.8814569579261,1174.5542 -5.47281498108337,42.8813840353708,1172.76240000001 -5.47283098996005,42.8812989593863,1172.80469999999 -5.47293500948005,42.8809490147491,1172.6921 -5.4729729794705,42.8808849767668,1173.1562 -5.47301899656924,42.8808360266739,1173.2254 -5.47307901121673,42.88079596107,1173.40640000001 -5.47314899985882,42.8807640262649,1173.465 -5.47322703560925,42.8807320071861,1173.3094 -5.47331403924117,42.880698982927,1172.75440000001 -5.47350497884972,42.8806360347656,1173.4048 -5.47361101059599,42.8806190193718,1173.5425 -5.47371997534164,42.880612984432,1173.72659999999 -5.474056005445,42.8805999923262,1175.5482 -5.47416295886275,42.8805870002177,1176.4558 -5.4747630190995,42.8804709946609,1175.98050000001 -5.47487801872722,42.8804160092804,1175.2476 -5.47519401639977,42.8802539873914,1173.6912 -5.47530499247333,42.8802129998377,1172.9077 -5.47541999299938,42.8801779636398,1172.8861 -5.47554303883711,42.880156003224,1172.5374 -5.47567396379818,42.880144016853,1172.6985 -5.47605299355926,42.8801300188172,1170.6565 -5.4761750341822,42.8801499682389,1170.3897 -5.47628601115409,42.8801870161132,1170.25840000001 -5.4763839948937,42.8802369718922,1170.0815 -5.47646798198286,42.8802939690893,1169.7271 -5.47653797062499,42.8803590128543,1169.7099 -5.47659798527247,42.8804259839458,1169.5992 -5.47664701981227,42.8804890159209,1169.1835 -5.47674399833709,42.8805890118652,1169.4982 -5.47680200075834,42.8806160019019,1169.6773 -5.4768579918517,42.8806190193718,1169.7276 -5.47690803160628,42.8805949632082,1169.6274 -5.47694801382293,42.8805500361828,1169.53479999999 -5.47697902636149,42.8804949672734,1169.23540000001 -5.47700299880317,42.8804320189039,1169.2435 -5.47702697124484,42.8803649635611,1168.63589999999 -5.47719301674026,42.8799830007416,1166.54300000001 -5.47725495917236,42.8799160291693,1166.5242 -5.47732997658343,42.8798519914314,1165.4602 -5.47742703954988,42.8797880372273,1164.0981 -5.47754002695137,42.8797329682962,1163.3465 -5.477665001472,42.8796880413014,1162.3204 -5.47779701608952,42.8796540106445,1161.6917 -5.47793598815892,42.8796229974874,1160.84789999999 -5.47834603135689,42.879510009617,1156.0512 -5.47874802744654,42.8794039788407,1152.84639999999 -5.47887803073615,42.8793889747937,1152.74310000001 -5.47900501658471,42.8793909864803,1151.01609999999 -5.47954799607166,42.8794280348104,1148.1773 -5.47965796693043,42.8794639930171,1146.9393 -5.48003196702423,42.8796059824725,1145.3628 -5.48051099275118,42.8797629755608,1146.6495 -5.48063797859975,42.8797769730215,1147.7167 -5.48076496444831,42.8797789846954,1148.0557 -5.4810920266702,42.8797789846954,1147.9495 -5.48119202263607,42.8797960003209,1147.6042 -5.48152503529841,42.8798740355557,1145.823 -5.48189300140847,42.8799180408387,1144.3104 -5.48225702750767,42.879907982491,1142.7308 -5.48245299588521,42.879886021979,1140.7108 -5.48252298452734,42.8798949902368,1140.1992 -5.48259004017001,42.879913011665,1139.895 -5.48265701137108,42.8799359780018,1139.92879999999 -5.48272197124422,42.8799649793338,1139.7815 -5.48278701466069,42.879987024076,1139.4626 -5.48285700420112,42.8800030331525,1139.7858 -5.48292900417111,42.8800079787187,1140.0886 -5.48300100503947,42.8799909631517,1140.3527 -5.48307501723573,42.8799509819157,1140.57279999999 -5.48315699209866,42.879907982491,1141.4501 -5.48323997307471,42.8798720238848,1142.0906 -5.48332999504597,42.8798519914314,1143.1452 -5.48343501978079,42.8798460400167,1142.43979999999 -5.48355597074725,42.8798519914314,1142.5249 -5.4836800226981,42.8798659888719,1142.44040000001 -5.48393500050834,42.8798970019069,1142.3317 -5.48406098024378,42.8798970019069,1141.57460000001 -5.48417597987151,42.879886021979,1142.53999999999 -5.48472600035367,42.8798379933294,1140.6281 -5.48482700243266,42.8798590322813,1140.5493 -5.48491400696287,42.8798830044734,1140.7055 -5.48506597046789,42.8799260032572,1140.9697 -5.48514601754625,42.879933966333,1141.1406 -5.48522698719436,42.8799349721674,1142.1287 -5.48530703427272,42.8799219799189,1142.46550000001 -5.48539202657671,42.8798980077419,1143.1354 -5.48548095889149,42.8798740355557,1142.8799 -5.48567499948446,42.8798349758213,1143.5644 -5.48589401863218,42.8798049685917,1143.7507 -5.48623298263329,42.8797880372273,1142.6872 -5.48635804069725,42.8798049685917,1141.70540000001 -5.48649298921248,42.8798270133911,1141.1713 -5.48662600994315,42.8798379933294,1140.9488 -5.48675601413106,42.8798389991653,1140.569 -5.48687998164027,42.8798260075549,1139.6293 -5.48700403448941,42.8798039627552,1139.50320000001 -5.48712900811174,42.8797769730215,1138.4218 -5.48750300910387,42.8797020387792,1136.34699999999 -5.4876099616233,42.8796580340003,1135.4302 -5.48770601847663,42.8796029649531,1134.1289 -5.48779302300684,42.8795410228309,1133.0298 -5.48787198042872,42.8794769847038,1132.3789 -5.4879530336202,42.8794189822257,1131.24739999999 -5.48804397726292,42.879370031628,1129.7182 -5.48815201943876,42.8793329839214,1128.4915 -5.48827800007253,42.879308005671,1127.60370000001 -5.4884149599157,42.8792909905692,1126.3753 -5.48855803908257,42.8792800105336,1125.8799 -5.48898601894182,42.8792309762246,1121.9699 -5.48911199867727,42.8791980354214,1121.23390000001 -5.48934401015895,42.8791380209863,1119.8795 -5.48945800367356,42.8791230168747,1119.7853 -5.48956797453233,42.87911999999,1118.7622 -5.48966897661128,42.8791309800541,1118.13679999999 -5.48976897257715,42.8791490010472,1117.8238 -5.4898679633282,42.879173979362,1117.7746 -5.48996301406842,42.8792090154716,1117.48579999999 -5.49003995926407,42.8792550322617,1117.22289999999 -5.49010701490677,42.8793009647582,1116.9224 -5.49017499222093,42.8793329839214,1116.49679999999 -5.49024498086305,42.8793489931676,1116.4745 -5.49031103039261,42.8793510048555,1116.6784 -5.49036199271701,42.8793299663887,1116.98480000001 -5.49039401136869,42.8792889788794,1116.9261 -5.49040901503054,42.8792380171454,1117.3386 -5.49041496547098,42.8791790085959,1117.9865 -5.4904159715841,42.8791149707513,1117.95849999999 -5.49042703613348,42.8787829630744,1115.4399 -5.49045100767683,42.8786979710548,1114.29859999999 -5.49049300122141,42.8786190133953,1112.9881 -5.49056198464872,42.8785579931985,1112.24400000001 -5.49065804150205,42.8785170058347,1112.4688 -5.4907670062477,42.8784920272539,1111.5958 -5.49088099976231,42.8784689774359,1110.454 -5.49099801071794,42.8784379643414,1110.323 -5.49111602868504,42.8783969768979,1110.13039999999 -5.49142498536237,42.8782460187974,1108.10679999999 -5.4916010048524,42.8781460223473,1106.9295 -5.49169597204929,42.8781170214769,1105.8841 -5.49179596801516,42.8780990001824,1104.9308 -5.49189403619642,42.8780819847472,1104.68309999999 -5.4919790293987,42.8780590183787,1104.7252 -5.49214297912456,42.8780269992127,1103.4774 -5.49242301813463,42.87802498814,1100.3422 -5.49251798533151,42.8780109902818,1100.4278 -5.49261395864152,42.8779850062883,1101.4238 -5.49339900714808,42.8778639717651,1097.5429 -5.49350797189374,42.8778840042057,1096.0203 -5.49361802629584,42.8779190403895,1094.7072 -5.49372598492835,42.8779600281505,1093.754 -5.49383897322817,42.8779900356191,1093.004 -5.49395497896901,42.8780050386896,1093.1349 -5.4940740021509,42.8780050386896,1092.6453 -5.49510799358564,42.8779910414851,1088.0208 -5.49588801332325,42.8779290148002,1085.78049999999 -5.49695201208173,42.8780150130864,1084.9887 -5.49705997071427,42.8780180306834,1084.981 -5.49739298427494,42.8780000100183,1084.35890000001 -5.49748200013305,42.8779689966882,1084.5496 -5.4975629688829,42.8779270037243,1084.5632 -5.49764502818746,42.8778880276769,1084.6522 -5.49773798315811,42.8778619600287,1084.95359999999 -5.49784602623228,42.8778470398681,1084.7023 -5.49796496497254,42.8778379877097,1084.3086 -5.49808599948233,42.8778339642353,1084.5045 -5.49854599889156,42.8777980057369,1082.79459999999 -5.49865798107824,42.8777669929635,1081.5959 -5.49877096937806,42.8777209763803,1081.1158 -5.49898202496079,42.8776280208421,1080.9013 -5.49908998449162,42.8775980138558,1080.87480000001 -5.49920196667833,42.8775889610026,1080.1924 -5.49932400730124,42.8775970079833,1079.65210000001 -5.49944596348255,42.8776110059354,1079.5037 -5.49956599277753,42.8776219862681,1079.45299999999 -5.499675962738,42.8776189686516,1079.2491 -5.49977595960217,42.8775990197283,1079.1072 -5.50006396127887,42.8775199783758,1078.55680000001 -5.50016898691199,42.877504974529,1078.9822 -5.50027996298558,42.8774950000497,1079.069 -5.50077902114334,42.8774909765529,1077.06110000001 -5.50090097822295,42.877506986277,1076.1482 -5.50101203873817,42.8775379991811,1076.0433 -5.50110700503673,42.8775860276462,1075.1269 -5.5012660104353,42.8776799884605,1075.0748 -5.50135100273928,42.8777020333608,1075.1513 -5.50143197148909,42.8777089901946,1075.1635 -5.5015110133526,42.8777010274899,1075.4549 -5.50159097688763,42.8776830060739,1075.8789 -5.5016769744064,42.8776639794395,1076.79429999999 -5.50226102576647,42.8775789865369,1075.6784 -5.50238600028713,42.8775469677801,1075.3685 -5.5029029960045,42.8773990272022,1075.80959999999 -5.50303601673513,42.8773779887282,1074.6195 -5.50344798681938,42.8773280326093,1070.9745 -5.50373699550753,42.8773000372318,1068.299 -5.50387202756609,42.877290984335,1067.23970000001 -5.50400102474259,42.8772720418417,1066.98669999999 -5.50412801059115,42.8772400229256,1066.7029 -5.50425600255283,42.8772009628405,1067.24430000001 -5.50505798340419,42.8769049980418,1066.19289999999 -5.50519301546275,42.8768729789352,1066.49460000001 -5.50559501155239,42.8768129648719,1068.55349999999 -5.50572400872889,42.8768070138225,1068.1468 -5.50585501813162,42.8768119589867,1067.2216 -5.50598803886225,42.8768279682287,1066.93150000001 -5.50612600481853,42.8768520245444,1066.7784 -5.50627402921105,42.8768839593992,1065.69409999999 -5.50642498750129,42.8769220131431,1065.61040000001 -5.50657301189381,42.8769680296639,1065.89539999999 -5.50672195885611,42.8770250265892,1065.4972 -5.50750298380854,42.8774120193237,1065.0811 -5.5076139607804,42.8774410205255,1064.8014 -5.5077240151825,42.8774550185129,1065.6735 -5.50783297992816,42.8774570302626,1065.8692 -5.50794496211483,42.8774520008883,1066.93120000001 -5.50805904007107,42.8774499891386,1066.6655 -5.50817001614466,42.8774599636251,1065.31 -5.50827101822361,42.8774860314431,1063.0978 -5.50836196186636,42.877518972502,1061.7548 -5.50845298905241,42.8775410168014,1061.63099999999 -5.50853898746951,42.8775489795267,1062.9274 -5.50862297455867,42.8775420226749,1064.88830000001 -5.50871400174472,42.8775280247071,1065.7242 -5.50882598393143,42.8775270188335,1066.3872 -5.50894902976916,42.8775469677801,1066.72990000001 -5.50906897552083,42.8775769754495,1065.9571 -5.50918498036338,42.8776029589566,1064.79180000001 -5.50929696255005,42.8776140228939,1065.5892 -5.50940701695212,42.8776140228939,1067.86749999999 -5.50992895879347,42.8776339718124,1066.2975 -5.51004999330326,42.8776710198808,1064.9103 -5.51014898315599,42.8777160306307,1063.0726 -5.51023095801895,42.8777509833068,1063.49460000001 -5.51030597632832,42.8777700105727,1065.1455 -5.51037403718581,42.8777610420061,1065.6609 -5.51044100928519,42.8777310344261,1065.62850000001 -5.51051896059398,42.8776919746518,1064.73940000001 -5.51061996267294,42.8776779773764,1065.27989999999 -5.51073102318816,42.877684011945,1064.93240000001 -5.51083303048193,42.8777150254184,1062.827 -5.51092900379193,42.8777590302664,1060.3609 -5.51102799364465,42.8777969998676,1058.8273 -5.51113100705157,42.8778209722026,1060.56849999999 -5.51123796046929,42.8778310308905,1062.57000000001 -5.51157399057268,42.8778410053154,1057.1271 -5.51167197521061,42.8778130095124,1057.1342 -5.51176300239666,42.877772022312,1057.626 -5.51185503569582,42.8777349743042,1058.7438 -5.51195302033376,42.8777120078066,1058.2246 -5.5120690260746,42.8777039608409,1057.57030000001 -5.51220296847672,42.8777039608409,1056.74099999999 -5.51235099286924,42.8777120078066,1056.44809999999 -5.51250798604154,42.8777320402965,1056.2738 -5.51266900276801,42.8777580243965,1054.8072 -5.51343502495689,42.8778769637887,1052.1684 -5.51442802896016,42.8781290075834,1049.9091 -5.5146400071127,42.8782069586908,1049.1021 -5.51469398687812,42.8782590107405,1048.925 -5.51470899054001,42.8783200305748,1048.5085 -5.51468904165247,42.8783679754872,1048.12179999999 -5.51464595845144,42.8784149981054,1048.3311 -5.51459298479914,42.8784689774359,1048.5157 -5.51447899038623,42.8785989805351,1049.268 -5.51443196807266,42.8786729925474,1049.7773 -5.51439299286746,42.8787470051291,1050.59080000001 -5.5143049822241,42.8790149743929,1050.764 -5.51430003699848,42.8790770006445,1050.3394 -5.51430900577827,42.8794270289677,1047.2978 -5.51431998588599,42.8794909828877,1046.709 -5.51434203054306,42.8795430345125,1046.0212 -5.51437103175369,42.8795820101727,1045.8441 -5.51440196074892,42.8796069883122,1045.67909999999 -5.51443096285788,42.8796240033269,1045.5938 -5.51446096928332,42.8796339781203,1045.53780000001 -5.51444102039578,42.8796260150058,1045.5782 -5.51445300661662,42.8796290325241,1045.5595 -5.51447002250474,42.8796300383634,1045.5269 -5.51448795916602,42.8796290325241,1045.5349 -5.51451201515102,42.8796250091663,1045.5389 -5.51454001114683,42.8796189741293,1045.53 -5.51456498880333,42.8796110116711,1045.542 -5.51463397223063,42.8795950018346,1045.7138 -5.5147260055298,42.8796290325241,1045.92449999999 -5.51474503274582,42.8796300383634,1046.0365 -5.51487201859438,42.8796580340003,1046.36289999999 -5.51489397880983,42.8796680087882,1046.51609999999 -5.51490697114378,42.8796789887548,1046.6277 -5.51494603079064,42.8797069843695,1046.9999 -5.51496698489297,42.8797229935187,1047.2233 -5.51497301977504,42.8797319624584,1047.3072 -5.51496698489297,42.8797570241376,1047.3526 -5.51497301977504,42.8797659930723,1047.43429999999 -5.51502901086839,42.8797479716011,1047.8272 -5.51503999187441,42.8797410149972,1047.95540000001 -5.51505600075108,42.8797290285456,1048.1672 -5.51507502796714,42.879713019398,1048.4693 -5.51509497685465,42.8796939927313,1048.67110000001 -5.51511702151172,42.8796720321431,1048.69990000001 -5.51544098185094,42.87922502475,1049.3768 -5.51555598147866,42.8791390268337,1049.2023 -5.51556503380178,42.8791390268337,1049.2703 -5.51564399122369,42.8791189941423,1049.5928 -5.51631898622648,42.8789739866744,1048.8616 -5.51641101952565,42.8789599890315,1048.7409 -5.51638201831502,42.8789650182827,1048.77989999999 -5.51644999562921,42.8789500147874,1048.9984 -5.51651202160463,42.8789409621325,1049.0407 -5.51665401111508,42.8788920118139,1048.7914 -5.51670203954173,42.8788839650021,1048.9834 -5.51681896695406,42.8788190052587,1048.16770000001 -5.516820978282,42.8788169942117,1048.13430000001 -5.5168880339247,42.8787979672687,1047.9031 -5.51692097424783,42.8787599969668,1047.4059 -5.51694796413056,42.8787429817139,1047.18889999999 -5.51700596655181,42.8787289840186,1046.8901 -5.51711996096475,42.8787180038829,1046.2862 -5.51727200891141,42.8786380403935,1044.83470000001 -5.51739999997479,42.8785940355141,1043.8376 -5.51764098023625,42.8785750085024,1042.3704 -5.51772102731462,42.878580037785,1042.64569999999 -5.51778397496149,42.8785750085024,1042.34970000001 -5.51794599780111,42.878561010769,1042.23209999999 -5.51797298678551,42.878561010769,1042.23639999999 -5.51810701362925,42.8785969688226,1042.33070000001 -5.51819703560052,42.8786940312382,1043.4856 -5.51830801167408,42.8787549676988,1044.2444 -5.51843902107681,42.8788470012635,1046.3116 -5.51855301459141,42.8788739907457,1046.9118 -5.51866499677809,42.8788530363761,1046.3869 -5.51868997533288,42.8788630106358,1046.67849999999 -5.51875501874935,42.8788960352194,1047.2531 -5.51886197216707,42.8789090270257,1047.2954 -5.51896599078878,42.8789060094722,1047.255 -5.51897403789708,42.8789060094722,1047.2732 -5.51907596164752,42.8788849708536,1046.88219999999 -5.51919498482941,42.8788490129678,1046.8882 -5.51922499215315,42.8788480071157,1046.9506 -5.51928902945651,42.8788569755243,1047.2922 -5.51936597555049,42.8788699673388,1047.7971 -5.51955196993342,42.8788940235167,1049.25380000001 -5.51957099714948,42.8788989691719,1049.4121 -5.51973402520385,42.8789220188292,1049.2163 -5.5198089590716,42.8789149785307,1048.54210000001 -5.5198330150566,42.878927970333,1048.7876 -5.52000802933181,42.8789409621325,1049.0117 -5.52001699811164,42.8789400405417,1049.0264 -5.5200419757681,42.878936017139,1048.9313 -5.52016996772978,42.8789520264882,1048.76850000001 -5.52026501846999,42.8790960275014,1050.3119 -5.52034297067708,42.8791609869532,1049.9216 -5.52037197188771,42.8791999628548,1049.7847 -5.52037297710253,42.8791999628548,1049.7687 -5.5203869755496,42.879221001366,1049.8529 -5.52042502908335,42.8792810163787,1049.48420000001 -5.52044497797086,42.8793599738493,1050.2454 -5.52047096174043,42.8793970215397,1049.7044 -5.52047599140772,42.8794159646972,1049.4927 -5.5205260311623,42.8795739634509,1047.76459999999 -5.52051697883918,42.8796059824725,1048.01119999999 -5.52050599873149,42.8796400131559,1048.3079 -5.52049803516649,42.8797649872351,1048.1165 -5.52054296260879,42.8798260075549,1045.92419999999 -5.52055503237296,42.8798919727316,1045.13529999999 -5.52055603848608,42.8799290207608,1044.6293 -5.52053097638795,42.8799830007416,1045.677 -5.52047599140772,42.8800379858496,1048.1863 -5.52045201896604,42.8801020233945,1048.10980000001 -5.52045595807858,42.8801420051909,1047.4014 -5.52046903395586,42.8803300110492,1044.5251 -5.52044900152502,42.8803580070268,1044.57309999999 -5.52038404165188,42.8805429954117,1048.417 -5.52039996698522,42.8806050214438,1046.7942 -5.52043299175002,42.8807719892326,1043.1857 -5.52043600919107,42.8808960414322,1041.3355 -5.52035897955376,42.8809680416871,1043.0631 -5.52033500711208,42.8810380308834,1042.6106 -5.52034397589187,42.8811240287859,1039.91039999999 -5.52034799944604,42.8811589815063,1039.05710000001 -5.52032603923059,42.8812619951197,1037.6676 -5.52020600993562,42.8813489991797,1039.84080000001 -5.52017197905771,42.8814479892371,1037.64659999999 -5.52019000016062,42.8816150409755,1037.2588 -5.5201950298279,42.8816469759983,1036.8484 -5.52019603594101,42.8817059841623,1036.3967 -5.52018103227912,42.8817570300885,1036.4565 -5.52017902005289,42.8817550184791,1036.495 -5.52018698271956,42.8817029667456,1036.5364 -5.52017801483807,42.8817400150039,1036.59239999999 -5.52017801483807,42.8817540126743,1036.5151 -5.52018203749394,42.8818730358603,1034.5153 -5.52026200102894,42.8819929810203,1031.50750000001 -5.52029502579373,42.8820249994447,1031.4492 -5.52032000345023,42.8820529953114,1031.2249 -5.5203889868775,42.8820750399658,1031.33839999999 -5.52039896177044,42.8820750399658,1031.5488 -5.52046903395586,42.8820799847077,1032.9762 -5.52052401893607,42.8821170327397,1034.5577 -5.52052200760817,42.8821489681609,1035.416 -5.52051697883918,42.8821639715366,1035.8559 -5.52053902259795,42.8821860161513,1036.8594 -5.52055796627065,42.8821900393421,1037.1808 -5.52059601980443,42.8821779697692,1037.6529 -5.52063700723589,42.8821280135869,1037.88989999999 -5.5207240117661,42.8820929771601,1039.3416 -5.52075502430463,42.8820959945577,1039.7607 -5.52078100897254,42.8821010235534,1040.1302 -5.5208469740605,42.8821189607401,1041.57520000001 -5.52088703982048,42.8821130095442,1041.8646 -5.52091696270259,42.8821120037453,1042.1444 -5.52098301223218,42.8820499779117,1041.7297 -5.5210369919976,42.882056012711,1042.4866 -5.52110396319867,42.8820659871112,1043.0999 -5.52127403224826,42.8820809905072,1041.7833 -5.52128903591012,42.882085014363,1041.77559999999 -5.52139800065578,42.8821099921474,1041.08010000001 -5.52140001198371,42.8821189607401,1041.3849 -5.52146698318475,42.8821610377394,1040.54150000001 -5.52148399907287,42.8821730243768,1040.4022 -5.52160402746955,42.8821690005267,1035.93640000001 -5.52170704087644,42.8821799813648,1034.2831 -5.52182002917626,42.8822000137206,1032.1954 -5.52183603895126,42.8822079765029,1031.94439999999 -5.52190502148024,42.882219040931,1030.554 -5.52194500369689,42.8822239863197,1029.58749999999 -5.52195003246587,42.8822290153049,1029.5077 -5.52202496633359,42.8822629622611,1027.71679999999 -5.52226100136943,42.8824030238662,1025.2697 -5.52229402613423,42.8824780417161,1024.83259999999 -5.52231296890862,42.8824770359231,1024.25079999999 -5.52240801964884,42.8824600203788,1021.1265 -5.52252603671761,42.8824519740323,1020.26089999999 -5.52264003113055,42.8824239783467,1021.04120000001 -5.52271898855243,42.8824549914124,1023.6257 -5.52280004174391,42.8824929614152,1024.5686 -5.52288101049372,42.8825359603548,1024.5319 -5.52304898377375,42.8825490363078,1024.8961 -5.52313799963186,42.8825780377279,1025.2513 -5.52322500416208,42.882589017835,1025.2788 -5.52333296279462,42.8826320173659,1025.45450000001 -5.52338099122127,42.8826760219984,1026.0511 -5.52343295876046,42.8828119765778,1026.44469999999 -5.52366203634445,42.8828770203212,1026.8553 -5.52370696288842,42.8828719907306,1026.943 -5.5237020176628,42.8828689733709,1026.9518 -5.52373202498654,42.8828740029618,1026.97040000001 -5.52382196341448,42.8828579933137,1027.1876 -5.52387803805113,42.8828500306153,1027.3 -5.52406403243409,42.8829009926572,1027.36629999999 -5.52414198374286,42.8829289881264,1027.2552 -5.52429101424849,42.8829709809773,1027.3763 -5.52438103621976,42.882986990596,1027.5138 -5.52458002203835,42.8829819616726,1027.7743 -5.52466300301439,42.8829810394838,1027.8042 -5.52471497055358,42.882986990596,1027.9004 -5.5247500075446,42.8829719874204,1027.7061 -5.52487003594128,42.8828829714434,1027.8085 -5.52506399299092,42.8828269804506,1027.9296 -5.52515099752113,42.882790015783,1028.07709999999 -5.52515996630092,42.8827940395926,1028.1156 -5.52519801983467,42.8826930374831,1028.1537 -5.52524596471802,42.8825509642947,1029.60000000001 -5.52524797604595,42.8825060373772,1030.13370000001 -5.52527898948281,42.8824229725528,1031.519 -5.52542701387533,42.8823860083014,1033.1308 -5.52561200214515,42.8823789677399,1035.5349 -5.52568802566934,42.8823789677399,1036.6416 -5.52572499044497,42.8823819851235,1037.2023 -5.52586597384227,42.8823539894061,1040.0698 -5.52591701971,42.8823580125859,1040.7743 -5.52599597713189,42.882380979329,1041.56389999999 -5.52611399420066,42.882421966759,1042.8674 -5.52613000397566,42.8824269957281,1042.7571 -5.52616696785296,42.8824310189031,1042.3078 -5.52626897604503,42.8824330304905,1042.3288 -5.52637098333884,42.8824310189031,1042.6021 -5.52650400406947,42.8823710049796,1041.4874 -5.52657499882467,42.8823340406971,1041.2644 -5.52663995869782,42.882301015979,1041.18060000001 -5.52682796530701,42.8822389896772,1040.50440000001 -5.52681799041408,42.8821819929604,1040.9776 -5.52682301918306,42.8821909615426,1040.6827 -5.52691102982639,42.8821550029505,1040.3891 -5.52693600748285,42.8821379879756,1040.3836 -5.527016977131,42.8820769673094,1040.16770000001 -5.52705402455163,42.8820590301104,1039.97440000001 -5.5271149608706,42.8820580243106,1039.4856 -5.52721302995016,42.8819789827458,1039.1927 -5.52724697638645,42.881960961921,1039.15399999999 -5.52735803690167,42.8819300328626,1038.29459999999 -5.52749902029897,42.8818720300576,1038.34359999999 -5.52749600285792,42.8818749638685,1038.3404 -5.52751402396086,42.8818680068461,1038.3024 -5.52754998172504,42.8818619713702,1038.2102 -5.5276239939213,42.8818499853306,1038.02099999999 -5.52766003612714,42.8818329702716,1037.98239999999 -5.52774796232881,42.8817830144683,1037.8299 -5.52777503575487,42.8817730400223,1037.76149999999 -5.52790596161427,42.8818000295411,1037.4865 -5.52804300589906,42.8817830144683,1037.2977 -5.52805599733469,42.8817789905928,1037.2988 -5.52819899295825,42.8817850260768,1037.20080000001 -5.52823503516406,42.8817769789841,1037.22629999999 -5.52833201368888,42.8817570300885,1037.25900000001 -5.52839898488996,42.88175099526,1037.3645 -5.52843896710661,42.8817639871234,1037.3149 -5.52862001626392,42.8817540126743,1037.30250000001 -5.52864298259248,42.8817449604309,1037.31050000001 -5.52874700121418,42.8817100080425,1037.67200000001 -5.52887801061688,42.881706990626,1037.2607 -5.52897901269586,42.8816850294378,1037.27830000001 -5.52918696819257,42.8816420305634,1036.72870000001 -5.52922896083882,42.8816199864125,1036.6297 -5.52940104121635,42.8815670123552,1035.4933 -5.52944001731988,42.8815499972182,1035.0914 -5.52946499587467,42.8815329820764,1035.1943 -5.52952400440907,42.8814739730888,1035.9917 -5.52962299426179,42.8814459776176,1034.07249999999 -5.52971201011994,42.8813569620719,1034.67080000001 -5.5297880336441,42.8813179862164,1034.0625 -5.52985098218934,42.8812930081113,1034.3428 -5.52995902526351,42.8812719696484,1032.2222 -5.53012800375832,42.8812550380283,1031.7616 -5.53019598107252,42.8812459857116,1031.7784 -5.53040402011252,42.8812350053656,1030.8842 -5.53049404208378,42.8812380228052,1030.6321 -5.53056302461276,42.8812500089636,1030.405 -5.53073602756007,42.8813019768227,1030.0661 -5.53081297275572,42.8813449759342,1029.99709999999 -5.53091699227576,42.8814090134391,1030.0558 -5.53105403656055,42.881520995973,1029.9813 -5.531180016296,42.8816919864809,1029.9737 -5.531275989606,42.8818300364587,1030.27 -5.53131999447852,42.8819209799867,1030.3943 -5.53137296813082,42.8819789827458,1030.6174 -5.53141202777768,42.8820310349047,1030.7836 -5.53143801154726,42.8820600359102,1030.82950000001 -5.53146801887103,42.8820890375602,1031.0215 -5.53153297874418,42.8821570145468,1031.20110000001 -5.53158796372438,42.8822249921167,1031.2899 -5.53162300071541,42.8823180309089,1031.3021 -5.53172601412229,42.8824689889206,1031.3199 -5.53174101778418,42.8825239744462,1031.2754 -5.53182098042088,42.8826210366083,1031.2138 -5.53190496751004,42.882790015783,1031.132 -5.53195500726466,42.8828719907306,1031.1623 -5.5320280142461,42.8830380367789,1031.2188 -5.53205701545673,42.883096039146,1031.2905 -5.5321259979857,42.8831490132069,1031.49000000001 -5.53220001018196,42.883232999897,1031.59149999999 -5.53225398994738,42.8833889865353,1031.8314 -5.53226698228134,42.8834459834535,1031.9442 -5.53231199236867,42.8834780024404,1032.0736 -5.53237200701616,42.8835619893408,1032.2562 -5.53242296934056,42.8836230098547,1032.40979999999 -5.53251097908556,42.883753012626,1032.72990000001 -5.53254299773724,42.8838130271798,1032.8355 -5.5325490326193,42.8838779869312,1033.1023 -5.53253604118368,42.8839039710759,1033.1678 -5.53259597138954,42.8840239998313,1033.6664 -5.53266202091913,42.8841690066205,1034.0058 -5.53273402178745,42.8844389875539,1034.44650000001 -5.53271197713038,42.884563961786,1034.5015 -5.53270502057682,42.8845839946842,1034.4846 -5.53269596735538,42.8846089727733,1034.4878 -5.53270996580244,42.8847160095763,1034.7187 -5.53267199581203,42.8848150001552,1034.8311 -5.53264399981619,42.8848529700219,1034.76059999999 -5.53261399249244,42.8849149963285,1034.795 -5.53262203960078,42.8849600070598,1034.8413 -5.53254400385035,42.8851510306236,1034.9322 -5.53253796896828,42.8852259648302,1034.99460000001 -5.53243202166368,42.8853279724886,1034.9734 -5.53240603789407,42.8854050022216,1035.0704 -5.53239899689888,42.8854319921261,1035.12480000001 -5.53234602324658,42.8854830376024,1035.0659 -5.53227703981927,42.8855660186634,1034.9844 -5.53228198594323,42.8855879791283,1034.9804 -5.5322549960605,42.8856850417355,1035.0111 -5.53213899031966,42.8859130291638,1035.008 -5.53206397201028,42.8860530067888,1034.9857 -5.53203002557403,42.8861639837172,1035.0333 -5.53202298457882,42.8863779734154,1035.226 -5.53200898703008,42.886466989615,1035.3858 -5.53200596958903,42.8865369784969,1035.3995 -5.53202901946088,42.8866020216039,1035.3821 -5.53203295947172,42.8866499660045,1035.40210000001 -5.53205198578944,42.8867050353437,1035.5379 -5.53206698945133,42.8867570032153,1035.60860000001 -5.53209800288819,42.8868060374668,1035.8012 -5.53228500338427,42.8867780417824,1036.24069999999</coordinates>
</LineString>
</Placemark>
</Folder>
</Document></kml>
