<?xml version="1.0" encoding="UTF-8"?>

<kml xmlns:xsd="http://www.w3.org/2001/XMLSchema" xmlns:gx="http://www.google.com/kml/ext/2.2" xmlns:atom="http://www.w3.org/2005/Atom" xmlns="http://www.opengis.net/kml/2.2">
<Document>
<name>ES11a_06a_arija-olea</name>
<visibility>1</visibility>
<Schema name="ES11a_06a_arija-olea" id="kml_schema_ft_ES11a_06a_arija-olea">
<SimpleField type="xsd:string" name="id">
<displayName>id</displayName>
</SimpleField>
<SimpleField type="xsd:string" name="nombre">
<displayName>nombre</displayName>
</SimpleField>
<SimpleField type="xsd:double" name="longitud">
<displayName>longitud</displayName>
</SimpleField>
<SimpleField type="xsd:string" name="_formato">
<displayName>_formato</displayName>
</SimpleField>
</Schema>
<Folder id="kml_ft_ES11a_06a_arija-olea">
<name>ES11a_06a_arija-olea</name>
<Placemark id="kml_1">
<name>&lt;img height='20' src='https://nco.ign.es/iconos/icono_todos_caminos_azul.png' /&gt;&lt;img height='20' src='https://nco.ign.es/iconos/Camino Santiago_20.png' /&gt;&lt;img height='20' src='https://nco.ign.es/iconos/icono_todos_caminos_azul.png' /&gt;  Camino de Santiago </name>
<visibility>1</visibility>
<description><![CDATA[<!DOCTYPE html>
<html>
<head>
<style>
#nco {
  border-collapse: collapse;
  overflow:hidden;
}
#nco th, #nco td {
  padding: 4px;
  text-align: left;
}
#nco th {
  color: #364B5F;
  padding-right: 5px;
}
#nco td {
  color: rgb(51, 51, 51);
  font-size: 12px;
  padding-right: 5px;
}
</style>
</head>
<body>
<table id="nco">
<tr>
<td>Caminos del Norte</td>
</tr>
<tr>
<th><b>Camino: </b></th>
<td>ES11a Camino Olvidado</td>
</tr>
<tr>
<th><b>Etapa: </b></th>
<td>06a Arija-Olea</td>
</tr>
<tr>
<th><b>Longitud: </b></th>
<td>31.13 km</td>
</tr>
</table>
</body>
</html>]]></description>
<Style>
<IconStyle>
<scale>0.8</scale>
</IconStyle>
<LabelStyle>
<color>ffffffff</color>
<scale>0.75</scale>
</LabelStyle>
<LineStyle>
<color>ffff0000</color>
<width>3.0</width>
<gx:labelVisibility>1</gx:labelVisibility>
</LineStyle>
<PolyStyle>
<color>66ff0000</color>
</PolyStyle>
</Style>
<ExtendedData>
<SchemaData schemaUrl="#kml_schema_ft_ES11a_06a_arija-olea">
<SimpleData name="id">ES11a_06a</SimpleData>
<SimpleData name="_formato">kml</SimpleData>
</SchemaData>
</ExtendedData>
<LineString>
<extrude>0</extrude>
<tessellate>1</tessellate>
<coordinates>-3.9512500260788,42.9894700177979,839.997900000002 -3.95125698263236,42.9894670004002,840.025599999994 -3.95127902728943,42.9894619716227,840.084700000007 -3.95131096239778,42.9894649890206,840.1005 -3.95136200826547,42.9894580316577,840.165200000003 -3.95139997825592,42.9894619716227,840.128400000001 -3.95142897946655,42.9894440341349,840.1875 -3.95145596934924,42.9894339759186,840.221300000005 -3.95149502899614,42.9894440341349,840.084700000007 -3.95154297387946,42.9895379952874,839.838499999998 -3.95165202216844,42.9894779811776,840.248300000007 -3.95173902580033,42.9893939940491,840.560500000007 -3.95186198899305,42.9893280284415,841.112500000003 -3.95203599715515,42.9892290381714,841.8413 -3.95210497968416,42.9891729637435,842.067200000005 -3.95225702763081,42.9890710392587,842.059299999994 -3.95232299361707,42.9890670164736,842.053700000004 -3.95233003461228,42.9890420380084,842.0677 -3.95233103982707,42.9890059958781,842.036900000006 -3.95235199482773,42.9888830332442,841.637000000002 -3.95234897738668,42.9888129608341,841.438200000004 -3.95240597459315,42.9886709712741,840.784799999994 -3.95244503424001,42.9886190032615,840.433600000004 -3.95247797456314,42.9884940290992,839.926399999997 -3.9524990131071,42.9884849767618,839.765199999994 -3.95252902043087,42.9884750024986,839.673599999995 -3.95254704153378,42.9884210229067,839.321800000005 -3.95257595920108,42.9883620143998,838.745999999999 -3.95257101397545,42.9882709867672,839.024999999994 -3.9525679965344,42.9882490260933,839.165999999997 -3.95256699042129,42.9882419851395,839.160699999993 -3.9525580216415,42.9881249737656,838.644 -3.95251401676899,42.9880129917226,838.848100000003 -3.95250898800003,42.9880139977647,838.896699999998 -3.95248199811731,42.9879910309565,839.1155 -3.95236699848958,42.9879079663577,839.789699999994 -3.9521779866656,42.9877649712894,840.818599999999 -3.9521680117727,42.9877570083449,840.842000000004 -3.95208503079662,42.9876519831996,841.204299999998 -3.95207799069976,42.987589035184,841.293900000004 -3.95207203936099,42.9875420123946,841.349700000006 -3.95205896348371,42.9874769693675,842.018200000006 -3.95207296103248,42.9874030406834,842.467000000004 -3.95215803777809,42.9873069839912,842.611600000004 -3.95218896677332,42.9872990216444,842.556200000006 -3.95234000860689,42.9871980192815,842.368300000002 -3.95248199811731,42.9869860408671,843.373800000001 -3.95258300019629,42.9868869666559,843.387600000002 -3.95268903104423,42.9867560419657,842.952799999999 -3.95279698967674,42.9865749924748,842.526899999997 -3.9528689905451,42.9864319975913,842.476699999999 -3.952975021393,42.9862370343201,842.335900000005 -3.95305003970237,42.986063025819,841.809599999993 -3.95313201456534,42.9858640396972,841.580499999996 -3.95317702555094,42.9856389855174,841.468999999997 -3.95319202921283,42.9854399993373,840.721300000005 -3.95319404054076,42.9853700104022,841.255799999999 -3.95323301664429,42.985335979605,841.033599999995 -3.95348899966935,42.9853039609618,835.935899999997 -3.9537800196854,42.9853049663912,836.852299999999 -3.95395302173441,42.9853039609618,836.841400000005 -3.95401496416651,42.9853069779068,836.757299999997 -3.95420095854947,42.9853049663912,838.104600000006 -3.9544359874722,42.9853179587703,841.666599999997 -3.95452500333032,42.9853320400327,842.007599999997 -3.95466699284077,42.9853600356336,842.475699999995 -3.95472700748826,42.9853769669136,842.832699999999 -3.95496899296454,42.9854489673518,843.629700000005 -3.9550330302679,42.9854740294198,843.954500000007 -3.95510503113622,42.98550101953,844.384000000005 -3.95519496866586,42.9855549990576,844.878899999996 -3.95526101819541,42.9855779654617,845.043099999995 -3.95530996829359,42.9855979977264,845.168799999999 -3.95542002269565,42.9856320283785,845.505900000004 -3.95553099966754,42.9856770391541,845.815199999997 -3.95559201952985,42.9857020170153,845.759000000005 -3.95571196438323,42.9857649656491,845.931299999997 -3.95580802123656,42.9858300091735,846.546000000002 -3.95595001074698,42.9858920350558,848.883100000006 -3.95602402294324,42.9859330226509,849.166299999997 -3.95622099743392,42.9860419876315,852.035399999993 -3.95630397840997,42.9860829751266,852.695900000006 -3.95640104047809,42.9861279855719,853.418000000005 -3.95643197037165,42.9861439953382,853.646699999998 -3.95647899268518,42.986166039563,854.029500000004 -3.95654898132731,42.9862019979311,854.502399999998 -3.95681703501483,42.9862810392394,855.891000000003 -3.95683597778923,42.9862839726805,855.984700000001 -3.95688400621588,42.9862920192717,856.202399999995 -3.95710998191716,42.9862969648527,857.176200000002 -3.95715801034384,42.9862810392394,857.364499999996 -3.9573870043845,42.9862399677633,858.1152 -3.95765497363037,42.9862149901207,858.958100000003 -3.95767400084642,42.9862149901207,858.962100000004 -3.95785102644957,42.9862439913905,859.156600000002 -3.95808798225858,42.9863439872803,859.361999999994 -3.9582189916613,42.9863889981916,858.875499999995 -3.95850297068217,42.9865119605577,857.914099999995 -3.95864102018179,42.9865589828208,857.422500000001 -3.95888803532532,42.9866179917443,856.528999999995 -3.95896598663412,42.9866100286511,856.474300000002 -3.95919196323373,42.9866550400249,856.120899999994 -3.95925901797811,42.9866770006111,855.887300000002 -3.95946202824916,42.9867230166847,855.304399999994 -3.95951097834733,42.9867410377647,855.096699999995 -3.95957702787689,42.9867800139834,854.802800000005 -3.95969202750461,42.9868739752655,854.134900000005 -3.95985002589173,42.9870080013351,852.955700000006 -3.95993895820655,42.9870680158851,852.478799999997 -3.9600119642897,42.9871090033532,851.988100000002 -3.96004901260866,42.987136999459,851.818400000004 -3.96012503613282,42.9871540143615,851.367800000007 -3.96019401956012,42.9871759747695,850.915800000002 -3.96024799932554,42.9871919842628,850.5196 -3.96030801307473,42.9872079937519,850.092099999994 -3.96033399774264,42.9872359891556,849.840700000001 -3.96038102005617,42.9872509932357,849.428700000004 -3.96043902247746,42.9872739596633,849.039699999994 -3.96060599054267,42.987347971957,847.820800000001 -3.9606940002877,42.9873990171321,847.104900000006 -3.96084898123378,42.9874619653424,845.845499999996 -3.9611539987986,42.9875359774097,843.899799999999 -3.96134502284882,42.9876189584001,842.808399999994 -3.96138601028028,42.9876560067344,842.324800000002 -3.96146102769136,42.9876870194193,842.374200000006 -3.9616219608745,42.9877890276817,842.325700000001 -3.96183100512932,42.9879190308673,842.919999999998 -3.96201800562541,42.9880340305497,843.977299999999 -3.96222101499813,42.9881590043331,844.939899999998 -3.96223803088625,42.9881689793047,845.009000000005 -3.96243902893107,42.9882849845572,846.0573 -3.96265796363717,42.9884320032139,846.687999999995 -3.96283398402553,42.9885490146603,846.7644 -3.96283498924032,42.988548008627,846.764899999995 -3.96290003355509,42.9885820389603,846.780599999998 -3.96296499252993,42.9886390365065,846.775699999998 -3.96303296984409,42.9887240287258,846.791400000002 -3.96305995972682,42.988758981539,846.770000000004 -3.96306297716787,42.988764010374,846.763600000006 -3.9631280205843,42.988777002022,846.799199999994 -3.96318401167766,42.9887950231569,846.823099999994 -3.96326003610015,42.9888250305526,846.772800000006 -3.96347997691936,42.9888390282163,846.118799999997 -3.96363596397855,42.9889159745695,845.704700000002 -3.96367401841063,42.9889299722125,845.555699999997 -3.96374400705272,42.988950004699,845.386199999994 -3.9637760257044,42.9889489986723,845.301099999997 -3.96404198362236,42.9890080072727,844.342999999993 -3.96413502303464,42.9890159700552,844.171000000002 -3.96421196912862,42.9890280403909,843.900200000004 -3.96431003730989,42.9890410319831,843.515499999994 -3.9643729849568,42.9890619870063,843.340100000001 -3.96444196838411,42.9890629930312,843.209199999998 -3.96476902970767,42.9891059918745,842.121299999999 -3.96502601884585,42.9891319756805,841.7353 -3.96507203594459,42.9891380111658,841.728900000002 -3.96515300469441,42.9891260249608,841.562099999996 -3.96542801493549,42.9891280363514,841.622199999998 -3.96544301859738,42.9891270303276,841.626799999998 -3.96558802554885,42.9891449679078,841.993199999997 -3.96572900894615,42.9891560321948,842.405400000003 -3.96581400214846,42.9891660063475,842.631299999994 -3.96590201189346,42.9891739691095,842.983999999997 -3.96596001431475,42.9891759811557,843.233399999997 -3.96598700419744,42.9891749751326,843.346900000004 -3.9660180176343,42.9891789985677,843.450800000006 -3.96609697505621,42.9891729637435,843.734100000001 -3.96611901971328,42.9891729637435,843.819000000003 -3.96635999907646,42.9891720411724,844.818499999994 -3.96643099383166,42.9891570375611,845.202300000004 -3.96645798371439,42.9891520087582,845.348400000003 -3.9666329979896,42.9891420339462,846.162899999996 -3.96671203895485,42.9891319756805,846.451100000006 -3.96679300770466,42.9891299642899,846.660300000003 -3.9668660146861,42.9891299642899,846.708700000003 -3.96709601394155,42.9891100153141,847.249500000005 -3.96737496329517,42.989124012913,846.924899999998 -3.96751200757997,42.9891370051421,846.8986 -3.96757202222745,42.9891380111658,846.846099999995 -3.9676099922179,42.9891410285796,846.914799999999 -3.96766296587021,42.9891449679078,846.993300000002 -3.96776204016455,42.9892150405965,846.738400000002 -3.96794501710647,42.9893159588218,847.044099999999 -3.96804903662647,42.9893810025314,847.200800000006 -3.96813604025839,42.9894160384227,847.421300000002 -3.96829001598964,42.9895029588086,847.212799999994 -3.96830501965153,42.9895110056356,847.161300000007 -3.96847198681844,42.9895830058313,847.026199999993 -3.96856502623072,42.9896099961086,846.8465 -3.96875596583931,42.9896880316197,846.194699999993 -3.96899904097205,42.9898330381814,845.977799999993 -3.96909300205581,42.9899119959693,845.8796 -3.96919098669375,42.9899720103124,845.953699999998 -3.96934404075355,42.9900519739306,846.039900000003 -3.96945300549921,42.9901069587551,846.169699999999 -3.96957496168049,42.9901789595669,846.320699999997 -3.96959097145549,42.9901849942923,846.378899999996 -3.96971401729322,42.9902730043606,846.849400000006 -3.9698969942351,42.9903650376603,847.698499999999 -3.97006002228951,42.9904320088145,848.699999999997 -3.97019295947684,42.9904989805529,849.5864 -3.97041197862457,42.9906259665799,848.527900000001 -3.97053200791957,42.9907070194522,844.856700000004 -3.97058598678666,42.9907279739074,845.441999999995 -3.97061599411041,42.9907330032384,845.488800000006 -3.97085697347358,42.9908179958476,846.839600000007 -3.97089301567942,42.9908380283759,847.514800000004 -3.97092302300317,42.9908500149041,847.819199999998 -3.97102997642089,42.9908940198064,849.034499999994 -3.97124103290194,42.9909690376774,849.073999999993 -3.97134203498093,42.9909999665554,848.689299999998 -3.97153297458952,42.9910419600224,848.597099999999 -3.97159801800599,42.9910490013126,848.430200000003 -3.97182097626622,42.9910520186326,847.672500000001 -3.97215398982689,42.991053024625,846.908800000005 -3.97217796226856,42.9910479953202,846.870599999995 -3.97228701055755,42.9910459833353,846.712299999999 -3.9723350389842,42.9910370148232,846.643500000006 -3.97238197775444,42.9910230170029,846.578800000003 -3.9724640361607,42.9909960273461,846.640299999999 -3.97272496441138,42.990955961729,845.750899999999 -3.97307801040288,42.9908719753058,845.114300000001 -3.973262999571,42.9908129665236,844.710399999996 -3.97331102709935,42.9907970407661,844.587700000004 -3.97339602030166,42.9907510244569,844.4041 -3.97347196028253,42.9907299859027,844.096300000005 -3.97360900456732,42.99069997878,843.766000000003 -3.97380899649903,42.9906500225095,843.285699999993 -3.97382198793465,42.9906449931717,843.253500000006 -3.97397696977906,42.990556982979,842.9617 -3.97420202380885,42.9905129784925,842.3223 -3.97440897319244,42.990465034074,841.779399999999 -3.97458901623664,42.9904379600649,841.456000000006 -3.97475900084457,42.9903679715636,841.121299999999 -3.97488397536523,42.9903389702682,841.002299999993 -3.97513803060569,42.9902519656428,840.653200000001 -3.97520600791984,42.9902379683008,840.611699999994 -3.9754090181909,42.9901870063054,840.597399999999 -3.97552301170551,42.9901640396521,840.643299999996 -3.97577597728951,42.9900890214556,840.851599999995 -3.97601603498123,42.9900200385663,841.188800000004 -3.97622700791896,42.9899679869293,841.533500000005 -3.9763000140021,42.9899389854451,841.689299999998 -3.97630898278189,42.9899320287929,841.742899999997 -3.97644200351255,42.9898870178475,842.024300000005 -3.97645398973336,42.9898789710698,842.113599999997 -3.97658097558195,42.9898470362727,842.234400000001 -3.97661400034671,42.9898389894897,842.3128 -3.97666202877339,42.9898219740163,842.370299999995 -3.97667703243528,42.9898180347314,842.377099999998 -3.97672195897925,42.9898059645509,842.442500000005 -3.97676998740594,42.9897900391896,842.6158 -3.97684198827426,42.9897679949501,842.678799999994 -3.97685699193615,42.9897610376215,842.693400000004 -3.97690602557762,42.9897430167698,842.912800000006 -3.97702303743157,42.9897150211938,842.968999999997 -3.97718497582953,42.9896710161044,843.376000000004 -3.97721699448118,42.9896649813286,843.444199999998 -3.97743500751582,42.9896110014675,844.088399999993 -3.97746996006519,42.9896049666857,844.2399 -3.97750600227103,42.989602032746,844.255099999995 -3.97751798849187,42.9896000213708,844.274399999995 -3.97758403802146,42.9895830058313,844.447100000005 -3.97762301412499,42.9895749596708,844.4997 -3.97766299544334,42.9895619675343,844.721300000005 -3.97770096543378,42.9895529988057,844.922999999995 -3.97776500363544,42.9895300325725,845.334099999993 -3.97784697849837,42.9895179623354,845.332999999999 -3.97814101505717,42.9895400066645,845.144199999995 -3.97815803094526,42.9895430247158,845.198000000004 -3.97822500214634,42.9895700143536,845.591100000005 -3.97830597089615,42.9895990153547,845.974700000006 -3.97833597821989,42.9896079840766,846.149799999999 -3.97847101117679,42.989644026511,846.486999999994 -3.97850001238742,42.9896570186302,846.596600000004 -3.97852901359804,42.9896639753135,846.684299999994 -3.97862004078409,42.9896860195902,847.036900000006 -3.97864200189787,42.9896909648981,847.114000000001 -3.97867997188828,42.9897010230724,847.232600000003 -3.978778961741,42.9897189604852,847.545800000007 -3.97879497151601,42.9897239898988,847.616800000003 -3.9789320158008,42.9897509794571,848.102499999994 -3.97898700078104,42.989758020238,848.325700000001 -3.97905598420835,42.989764977567,848.541599999997 -3.97908900897314,42.9897730237026,848.683399999994 -3.97918699271275,42.9897799810299,849.008799999996 -3.97923703336563,42.9897870218076,849.219400000002 -3.97929000701796,42.9897909610944,849.422099999996 -3.97930702200775,42.9897900391896,849.470000000001 -3.9794429766361,42.9898030312779,850.069099999993 -3.97964196245469,42.9897730237026,850.619200000001 -3.97971698076407,42.9897539968408,850.811900000001 -3.97973198442596,42.9897499734434,850.855599999995 -3.97978303029366,42.9897410047422,850.9905 -3.97982100028407,42.9897280132979,851.034599999999 -3.97985695894659,42.9897170325651,851.107300000003 -3.97987598526431,42.9897130091652,851.178799999994 -3.97992803724512,42.9896990117005,851.337299999999 -3.97996097846659,42.9896870256049,851.353900000002 -3.98007002675558,42.9896369857169,851.520999999993 -3.98027597002602,42.9895690083369,851.796199999997 -3.98043899808043,42.9894870333687,851.834499999997 -3.98045098430126,42.9894789865387,851.832399999999 -3.98046699317794,42.9894730358525,851.777499999997 -3.98056103870333,42.9893840199334,851.8024 -3.98059498513962,42.9893649929512,851.672999999995 -3.98073404075235,42.9892710315342,851.255399999995 -3.9808699953807,42.9891199894743,850.888000000006 -3.98087603026276,42.9891080039229,850.832399999999 -3.98097703234175,42.9889729711489,850.339800000002 -3.98111600441115,42.9888260365814,849.574900000007 -3.98126101136262,42.9887100310358,848.784299999999 -3.98130702756303,42.9886950273118,848.534 -3.98145102929972,42.9886029941399,848.039600000004 -3.98152696928058,42.9885770101104,847.761799999993 -3.98163098880058,42.9885119668642,847.584300000002 -3.98173500742229,42.9884589926824,847.454800000007 -3.9819960201146,42.9883549734589,847.165999999997 -3.98201102377649,42.9883460045542,847.223800000007 -3.98226097191944,42.9882249698811,847.310200000007 -3.98253003172008,42.9881010016154,847.982699999993 -3.98274200987263,42.9880079628261,848.550499999998 -3.98280797496056,42.9879809731596,848.798500000004 -3.98289103947993,42.9879610238109,848.947199999995 -3.98293697303538,42.987960018425,849.059800000003 -3.98297896568163,42.9879379735292,849.254400000005 -3.98303797511434,42.9879060390379,849.469100000002 -3.98309497142247,42.9878730143748,849.688399999999 -3.98322799215314,42.9877919610508,850.350600000005 -3.98337802877189,42.9877280071317,850.934800000003 -3.98344198253191,42.9877010173422,851.143700000001 -3.9835019971794,42.9876779669631,851.144100000005 -3.98360400447317,42.9876320344013,851.374500000005 -3.98380600863111,42.9875679968617,851.698999999993 -3.9838309862876,42.9875519874663,851.707500000004 -3.98400801189075,42.9874639774446,851.862399999998 -3.9841599762941,42.9874059747282,851.870899999994 -3.98426600714204,42.9874059747282,851.897800000006 -3.98430003801995,42.9874120090687,851.844800000006 -3.98442199420123,42.9874209781098,851.693700000003 -3.98451897272605,42.9874179606114,851.508799999996 -3.98468099556564,42.9874349760932,851.253400000001 -3.98468996434543,42.9874349760932,851.247700000007 -3.98474603898208,42.9874450339795,851.171100000007 -3.98483899395273,42.9874639774446,851.082200000004 -3.98492298104192,42.9874460400309,851.236699999994 -3.9850529843315,42.9874890393482,850.969400000002 -3.98517100140028,42.9875659847628,850.538199999995 -3.98520603749301,42.987590041233,850.188599999994 -3.98525699981738,42.9876509771517,849.8459 -3.9853350355678,42.9877160213089,849.517600000006 -3.98536403677843,42.9877420050453,849.373500000002 -3.98542002787178,42.9877509733811,849.273199999996 -3.98545104041031,42.9877509733811,849.337 -3.98548297551869,42.9877939724851,849.226599999995 -3.98553100394534,42.9878450186041,848.861199999999 -3.98573996465683,42.9879200362538,848.572100000005 -3.98576796065268,42.9879330287374,848.5092 -3.985839961521,42.9879829845877,848.444699999993 -3.98585597039768,42.9879900255711,848.439499999993 -3.98593903491705,42.9879969824432,848.376000000004 -3.9859869798004,42.987999999913,848.318100000004 -3.98600701223124,42.9880160091917,848.368000000002 -3.98609301064834,42.9880340305497,848.236199999999 -3.98613701552086,42.9880379699489,848.265899999999 -3.98622502616419,42.9880399813751,848.3033 -3.986394004659,42.9881139940606,848.515499999994 -3.98654001772362,42.9882020038088,848.688399999999 -3.9865489865034,42.9882289933783,848.737899999993 -3.98670497356259,42.9883370363052,849.030899999998 -3.98674202188155,42.9883449991746,849.116899999994 -3.98685601539616,42.9883510340801,849.362200000003 -3.98685903283721,42.9883480166274,849.370599999995 -3.98687202517117,42.9883650318518,849.390499999994 -3.98691996915619,42.9883709826451,849.571599999996 -3.98692499882347,42.988369977266,849.5965 -3.98692399271035,42.9883709826451,849.590100000001 -3.98692801626449,42.9883650318518,849.620200000005 -3.98692701015137,42.9883709826451,849.603900000002 -3.98693203892032,42.9883729947176,849.622700000007 -3.98701099634224,42.9883470105908,850.064400000003 -3.98702901744514,42.9883500280435,850.096900000004 -3.98708601465161,42.9883709826451,850.185400000002 -3.98716899562766,42.9884190114929,850.232900000003 -3.98717503050976,42.9884500244499,850.172999999995 -3.98720403172039,42.9885090328723,850.143599999996 -3.98729003013748,42.9885589889116,850.234400000001 -3.98737602855458,42.9886019881075,850.271500000003 -3.9874239734379,42.9886169918542,850.270999999993 -3.98746102085853,42.9886139744146,850.298999999999 -3.98751198318293,42.9886119623501,850.388600000006 -3.9875529706144,42.988623026733,850.235400000005 -3.98765598402128,42.9886530342126,850.013800000001 -3.98765598402128,42.9887090250052,850.093699999998 -3.98777802464422,42.9887690392086,849.886499999993 -3.98783803929171,42.9887719731881,849.704299999998 -3.98796301291404,42.9888120389147,849.569900000002 -3.98806602721926,42.9887970352155,848.771500000003 -3.98816996229763,42.9888179896647,848.444199999998 -3.98833097902411,42.9888289699011,848.224100000007 -3.98841001998932,42.9888049980253,847.499800000005 -3.98843399243099,42.9888129608341,847.415599999993 -3.98846299364162,42.9888080154556,847.176300000006 -3.98853298318204,42.9888179896647,846.906600000002 -3.98858696204913,42.9888210070943,846.646299999993 -3.98862501648121,42.9888080154556,846.463499999998 -3.98873297511375,42.9887719731881,845.962400000004 -3.98878502619623,42.9887599869117,845.774399999995 -3.98897697191794,42.9887070136008,845.149600000004 -3.98904603888858,42.9886839629418,844.859400000001 -3.98919599106567,42.9886409638032,844.315700000006 -3.98930596192444,42.9886200092937,843.843099999998 -3.98946303864007,42.9885459972174,842.919200000004 -3.9895430021751,42.9885029979824,842.6584 -3.98960997337615,42.988410964523,842.992700000003 -3.98965800180283,42.9883379582318,842.8603 -3.98975699165555,42.9881819710785,842.412200000006 -3.98977702498472,42.988149030017,842.292400000006 -3.98978800509244,42.9880969787668,842.176200000002 -3.98989101849933,42.9879389795725,841.772500000006 -3.98994600437786,42.9878059589498,841.618700000006 -3.98997902914266,42.9877079742469,841.019499999995 -3.98998196214205,42.9876499717608,841.013800000001 -3.98997802302954,42.9875629672717,841.234299999996 -3.98995103314682,42.9874479680222,841.262799999997 -3.9899500270337,42.9873889592383,841.183900000004 -3.98991901449514,42.9872749650604,841.051500000001 -3.9899419808237,42.9871049804397,840.753500000006 -3.98992395972079,42.986938012871,840.325899999996 -3.98991901449514,42.9869220033116,840.229200000002 -3.98990903960223,42.9868980313493,840.157600000006 -3.98990602216118,42.9868700357917,840.039799999999 -3.98990803438742,42.986833993045,840.001000000004 -3.98991700226891,42.9867510123093,840.413199999995 -3.98994097471058,42.9866609909837,840.113700000002 -3.99004499423058,42.9864930174563,839.941800000001 -3.99012898131978,42.9863750006271,839.663799999995 -3.9901380336429,42.9863470048313,839.988700000002 -3.99019997607499,42.9862810392394,840.026800000007 -3.99027197604502,42.986195040856,840.153900000005 -3.99028697970687,42.9861600044431,839.338099999994 -3.9903999680067,42.9860379639911,836.895300000004 -3.99044497899233,42.9860119801916,836.854099999997 -3.99056198994795,42.9858939630959,836.909299999999 -3.99059400859963,42.9858640396972,836.932700000005 -3.99066600946799,42.9858060367854,836.964699999997 -3.99071596567924,42.9857369695755,836.984500000006 -3.99073901555113,42.9856900314546,836.987200000003 -3.99081503997362,42.9856059609506,836.960399999996 -3.9909799958126,42.9853919707905,836.772200000007 -3.99101897101783,42.9853270109169,836.724600000001 -3.99111603398428,42.9852560164231,836.807199999996 -3.99121401862222,42.9851519970366,840.724700000006 -3.9912659861614,42.9850820077737,840.632500000007 -3.99127503848452,42.9850420263591,840.687000000005 -3.99131200236182,42.9849720376281,840.741399999999 -3.99130303448036,42.9849670084828,840.792100000006 -3.99131996592682,42.9848449676339,840.950400000002 -3.99131895981371,42.9848380110623,840.956699999995 -3.99132901824994,42.9847840315622,840.9087 -3.9913420096856,42.9847540241654,840.925300000003 -3.99137402923557,42.9846579672765,841.385200000004 -3.9913600307885,42.9846029821776,841.5962 -3.99135097846538,42.9845769984286,841.725999999995 -3.9913539959064,42.9844999684429,842.1826 -3.99137101179452,42.9843340071295,842.717300000004 -3.9913600307885,42.984313974453,842.835900000005 -3.99136497601412,42.9842549652893,843.129100000006 -3.99137604056347,42.9842259643954,843.268599999996 -3.99139800077892,42.9841790257779,843.357000000004 -3.99142398454853,42.9840859863098,844.135500000004 -3.99143303776994,42.983919019084,844.519799999995 -3.99145298665745,42.9838340261354,844.547999999995 -3.99141702799497,42.983721038049,844.5196 -3.99141199922599,42.983650965669,844.638000000006 -3.99137604056347,42.9835570047177,844.396800000002 -3.99137302312246,42.9834880217265,845.168799999999 -3.99132398858266,42.9833359737954,844.518800000005 -3.99125802349473,42.9831830041416,843.519 -3.99117101896452,42.9830550123867,843.060100000002 -3.99115501008785,42.9828769808888,842.811499999996 -3.99121602995015,42.9827240107501,842.716899999999 -3.99128199593641,42.9825710408879,842.6489 -3.9913010222541,42.9825510082941,842.721300000005 -3.99136497601412,42.9824139646208,842.531700000007 -3.99145902153955,42.9823380241496,843.311300000001 -3.99147201297518,42.9823240263199,843.230899999995 -3.99163504102958,42.9821899998957,843.714600000007 -3.99168197979979,42.9821559693097,843.814899999998 -3.9918279928644,42.9819940308313,844.311400000006 -3.99190803994273,42.9819099605303,844.570900000006 -3.99195397259985,42.9818650337443,844.7399 -3.99198800347776,42.9818269797195,844.983800000002 -3.99201096980632,42.9818180111767,845.103400000007 -3.99209001077153,42.9817269837113,845.298500000004 -3.99221297396426,42.9816200306047,845.895000000004 -3.99228002870863,42.9815229679282,845.788400000005 -3.99242604177321,42.981401011591,846.231400000004 -3.99246099432261,42.9813600236031,846.252600000007 -3.99251396797491,42.9813259932149,846.657200000001 -3.99259602638118,42.9812580158445,847.474799999996 -3.99267699602932,42.9811789746498,847.616099999999 -3.99272703578391,42.9811519852708,848.3128 -3.99276299444642,42.9811229835704,848.373099999997 -3.99279903665223,42.9810779727464,848.353000000003 -3.99293197294123,42.9809469633935,848.638999999996 -3.99294102526435,42.9809489750518,848.876999999993 -3.99298201359415,42.9809329659043,849.395300000004 -3.99306298234396,42.98089097276,850.005900000004 -3.99313900586815,42.9807960053735,850.273700000005 -3.99317697585857,42.9807499888064,850.2068 -3.99323296695192,42.9806690200691,850.239000000001 -3.99332500025109,42.9806159622369,850.737399999998 -3.99337898001651,42.9805970192903,851.233300000007 -3.99343597722298,42.9805629884797,851.522400000002 -3.99349699708528,42.9805260245917,851.796900000001 -3.99358198938926,42.980439020535,852.146699999998 -3.99360897927196,42.9804159700617,852.244099999996 -3.99368399758133,42.9803439696437,852.582899999994 -3.99375700366447,42.9802849606126,852.843900000007 -3.9938269932049,42.9802800158624,853.046300000002 -3.99395003904262,42.9801360146236,853.539199999999 -3.99409303466619,42.9799950309105,854.052100000001 -3.99418397830891,42.9798800313048,854.331999999995 -3.99431297548541,42.9797149914054,854.989100000006 -3.99442504121541,42.9795559868319,855.7071 -3.99447399221188,42.9795239678073,855.503899999996 -3.99452403196646,42.9795079582886,855.741299999994 -3.99464297070669,42.979407962452,856.096399999995 -3.99465998659481,42.9793570006787,856.143299999996 -3.99468496425131,42.9792969858301,856.257599999997 -3.99477096266837,42.9791349635852,856.641499999998 -3.99481496754089,42.9790890312122,856.829199999993 -3.99487598830152,42.9790280105701,857.002699999997 -3.99493801427694,42.9789039586936,857.311799999996 -3.99494295950257,42.9788880331366,857.338399999993 -3.99499299925715,42.9787909707477,857.565799999997 -3.99506500012551,42.9786530045079,857.860700000005 -3.99508696034095,42.9786400126919,857.882299999997 -3.99517899364012,42.9784700271972,858.290699999998 -3.99524998839532,42.9783690254443,858.473700000002 -3.99528502448805,42.9783390182023,858.568899999998 -3.9953089969297,42.9782779981303,858.705400000006 -3.99535903668431,42.9781840368542,858.948499999999 -3.99544402988659,42.9781009721484,859.062000000005 -3.99545500999431,42.9780879802157,859.091199999995 -3.99547403721033,42.9779989642405,859.276100000003 -3.99560404049995,42.9777660313866,859.655700000003 -3.99568903280393,42.9776289875633,859.827300000004 -3.9957130052456,42.9775699785555,860.094800000006 -3.99575600400497,42.9775080362886,860.126499999998 -3.99583102231435,42.9774689766386,860.048899999994 -3.99588198374042,42.9774379633996,860.017699999997 -3.99592095984398,42.9774009996046,860.002299999993 -3.99607300779063,42.9772859997478,860.077000000005 -3.99616101753566,42.9772379714031,860.001399999994 -3.99632899081569,42.9770870134781,860.519199999995 -3.99646896899821,42.977006965957,860.914099999995 -3.99647701520821,42.9770040327304,860.916100000002 -3.99650299897782,42.9770130013183,860.728900000002 -3.99657499984615,42.9769740254796,860.904599999994 -3.99668899336075,42.9769349654905,861.1495 -3.99694003205849,42.9768590254815,862.614600000001 -3.99718101142166,42.976833963845,862.329700000002 -3.99720699519124,42.9768330417459,862.255099999995 -3.99734496114752,42.976799011481,863.410499999998 -3.99744302932879,42.9767860192732,863.308799999999 -3.99750002653522,42.9767750388575,863.128100000002 -3.99762600627067,42.9767410085605,862.867199999993 -3.99763698727672,42.9767359793992,862.946100000001 -3.99770798203193,42.9767110011813,862.930399999997 -3.99780596577154,42.97669197422,862.712299999999 -3.9980000072628,42.9766130165396,862.794200000004 -3.99801501092469,42.976609999168,862.666700000002 -3.99823101263137,42.9764850249095,863.047200000001 -3.99827803494493,42.9764489826466,863.212400000004 -3.9983030126014,42.9764240049695,863.254199999996 -3.99841097213223,42.9763459690514,863.493400000007 -3.99842396356789,42.9763169677129,863.586200000005 -3.99852999441583,42.9762009622224,863.951100000006 -3.99865304115185,42.9760449751627,864.524300000005 -3.9987709746773,42.9759230184758,865.333499999993 -3.99881699087775,42.9758699611489,866.618600000002 -3.99886895931523,42.9758589805696,865.874899999995 -3.99893702017275,42.9758319908271,865.231700000004 -3.99897499016317,42.9758269615915,864.9804 -3.99900700881485,42.9758179934879,864.875799999994 -3.99906903479027,42.9757889919005,864.870800000004 -3.99929299916365,42.9757119620773,864.687699999995 -3.99947002566509,42.9756399614089,864.552200000006 -3.99960103416952,42.9755819587097,864.523300000001 -3.99965903748908,42.9755530411386,864.449699999997 -3.99988400707728,42.9754350243402,865.012700000007 -4.00001199903895,42.9753920251359,864.714999999997 -4.00015197722147,42.9753330166104,864.952999999994 -4.00022196586356,42.9753289929264,863.685299999997 -4.00034702392752,42.9752930347712,863.312600000005 -4.00039698013881,42.9752490298739,863.770799999998 -4.00042003001067,42.9752279912721,863.996599999999 -4.00059001551693,42.9751720000316,863.405199999994 -4.000656986718,42.9751480280883,862.433699999994 -4.00068095915968,42.975139981353,862.277300000002 -4.00079101356175,42.9750780386101,861.686700000006 -4.00080702243845,42.9750720037161,861.654200000004 -4.00087600586573,42.9750659688216,861.567899999995 -4.0009250395072,42.9750300105126,861.471300000005 -4.00101196049411,42.9750010092108,861.388800000001 -4.00106996291537,42.9749819823776,861.317999999999 -4.00112201489618,42.9749470296182,861.2595 -4.00114397511163,42.9749170226781,861.171799999996 -4.00126903317558,42.974888021323,860.878299999997 -4.00135201415163,42.9748750293688,860.7598 -4.00138596058791,42.9748519787813,861.392800000001 -4.00150003854415,42.9748529850388,860.659400000004 -4.00170397048669,42.974818032206,859.712199999994 -4.00177203134421,42.9747990053163,859.587599999999 -4.00194000462424,42.9747379850177,859.132800000007 -4.00208601768882,42.9746679963872,859.120800000004 -4.00215198277675,42.9746140165023,859.842300000004 -4.00219598764927,42.9745909664743,859.915099999998 -4.0022570084099,42.9745529966774,860.382899999997 -4.00239204046847,42.9745059737758,859.881800000003 -4.00243998535179,42.9745000229548,859.049299999999 -4.00255297275328,42.9744600412312,859.106599999999 -4.00259597241101,42.9744469650574,858.436900000001 -4.00271499559287,42.9744150301306,858.075299999997 -4.00288296887293,42.9743850229309,857.047000000006 -4.00306602935814,42.9743530044999,856.919899999994 -4.0031319953444,42.9743479751432,856.867100000003 -4.00319100387877,42.9743499870174,856.787400000001 -4.00326702740296,42.9743410180411,856.723499999993 -4.00336802948195,42.974345963269,856.660300000003 -4.00347196456029,42.9743479751432,856.680699999997 -4.00351496421802,42.9743499870174,856.6976 -4.00357799630656,42.9743659959071,856.589999999997 -4.0036349926147,42.974376976753,856.538100000005 -4.00369299593428,42.974384017323,856.682700000005 -4.00383096189057,42.9743929856357,856.977799999993 -4.00389902274806,42.9743889625474,857.140599999999 -4.00397202972953,42.9743690133888,857.345700000005 -4.00407001346913,42.9743430299155,857.562999999995 -4.00432599739249,42.9743280259713,858.572499999995 -4.00448801933378,42.9743590394643,858.643100000001 -4.00453504164732,42.9743509926258,858.751900000003 -4.00458499785857,42.9743329712002,858.922399999996 -4.00465297517276,42.9743079933208,859.223899999997 -4.00473503357902,42.9742779860689,859.565700000006 -4.00483704177112,42.9742489850697,859.710500000001 -4.00491097042405,42.9742219952779,859.977499999994 -4.00502395782554,42.9741980229644,860.014999999999 -4.00505203736468,42.974190982373,860.079500000007 -4.0050979700218,42.9741629862871,860.150599999994 -4.00522302808576,42.9741009604021,860.378200000006 -4.00528899407202,42.9740729649324,860.522200000007 -4.0053820334843,42.9740370067001,860.703099999999 -4.00542100868953,42.974029965433,860.813200000004 -4.00556299819998,42.9739299698896,860.889899999995 -4.00569702504373,42.9738080129518,860.844899999996 -4.00579299745543,42.97375596139,860.887900000002 -4.00588000198565,42.9737090226664,860.954100000003 -4.00597899183837,42.9736400397995,860.985400000005 -4.00611796390777,42.9735399594917,860.998699999996 -4.00620798587903,42.9734859799311,861.016399999993 -4.00626095953133,42.9734350185081,861.050099999993 -4.00630203050613,42.973393024844,861.166800000006 -4.00635802159948,42.97334600237,861.216499999995 -4.00650998600284,42.9732269796528,861.619300000006 -4.00674702625347,42.9731040170067,862.159199999995 -4.00686998854787,42.9730579999413,862.633400000006 -4.00706796915167,42.9730760210831,861.676999999996 -4.00723803820126,42.9730910246756,861.530499999993 -4.00737399193128,42.9731709885622,861.628200000006 -4.00754900620653,42.9732780253791,861.561000000002 -4.00765202051174,42.973343990463,861.629700000005 -4.007726032708,42.9734009876773,861.653999999995 -4.00775897303113,42.9734119680382,861.711299999995 -4.00783499745363,42.973453961032,861.983900000007 -4.0078570412124,42.9734739939607,861.916800000006 -4.0079000408701,42.973496038785,861.906499999997 -4.00797497473785,42.9735139756681,862.803499999995 -4.00805896182701,42.9735470001575,862.862299999993 -4.00810598414057,42.9735680393344,862.758199999997 -4.00818200766473,42.973576002145,863.048500000004 -4.00825400853309,42.9735660274347,863.687000000005 -4.00834402960603,42.9735749958667,863.741500000004 -4.00857897498543,42.9735630099136,861.765799999994 -4.00875700670169,42.9735109581444,861.226999999999 -4.00887502377046,42.9734530395395,861.098299999998 -4.00894098885839,42.9733819610063,860.9516 -4.00894601852567,42.9733600002719,860.916200000007 -4.00900200961903,42.9732360316078,860.850600000005 -4.00908700192301,42.9730809664128,860.776800000007 -4.00913896946219,42.9728740174383,861.744699999996 -4.00926696142387,42.9727949759825,860.675600000002 -4.00929998618867,42.9727389851558,860.793900000004 -4.00932395863034,42.9726669842931,861.030100000004 -4.00932898739929,42.9725829978592,862.4853 -4.00941297448846,42.9725089855368,860.912899999996 -4.00949302156682,42.9724089894922,860.218999999997 -4.00951900533639,42.9723659901439,860.131699999998 -4.0095719789887,42.9722270183058,861.319399999993 -4.00965101995391,42.9721250105132,861.306200000006 -4.00967096884142,42.972090980272,861.638300000006 -4.00972201470915,42.9720489870048,861.310200000007 -4.00989702898436,42.9719629884321,860.072899999999 -4.00993198153376,42.9719530141175,859.761799999993 -4.01002703227397,42.9719159661793,859.847500000003 -4.01013297957858,42.9718700330149,860.615300000005 -4.01032802628463,42.9718420371869,859.840899999996 -4.01035099261319,42.9718479889223,859.311100000006 -4.01040002715299,42.9718560354311,858.512799999997 -4.01061703407449,42.9718919936241,859.400599999994 -4.01078500825281,42.9719739683925,860.295899999997 -4.01082398345805,42.9720159617109,860.079199999993 -4.010845022002,42.9720449631059,859.885200000004 -4.01085902044907,42.9720629845446,859.949600000007 -4.01092196809598,42.9721560238026,859.9323 -4.01099799162017,42.9723170397334,860.076300000001 -4.01104400871892,42.9723749587509,860.290999999997 -4.01105197138559,42.9724180422249,860.334400000007 -4.01105599493976,42.9724400026384,860.361000000004 -4.01105800626766,42.9724619630441,860.365099999995 -4.01105901238078,42.9725479615764,860.434800000003 -4.01106596893433,42.9725860154284,860.488500000007 -4.01107200381643,42.9726789704208,860.673299999995 -4.0110880135914,42.9727160185566,860.690700000006 -4.01111701480206,42.9727499649777,860.760999999999 -4.01115699701871,42.9727939703486,860.737999999998 -4.01127903764165,42.9730089659503,861.136799999993 -4.01131197796478,42.9730210361426,861.255499999999 -4.01134299140168,42.9730750154539,861.739700000006 -4.01141096871584,42.9731429926691,862.023499999996 -4.01144097603958,42.9731859921314,861.832999999999 -4.0116299878636,42.9732839763183,861.754100000006 -4.01186903944216,42.9732989798599,862.571500000005 -4.0120899863745,42.9732900113877,862.744500000001 -4.01210398392323,42.9732900113877,862.728300000002 -4.01221697222306,42.9732640274585,863.055600000007 -4.01230003674243,42.9732500295348,863.251999999993 -4.01251897234683,42.9732089585551,864.135800000004 -4.01253699344977,42.9732060244901,864.208799999993 -4.01263003196372,42.9731859921314,864.584000000003 -4.01275400037127,42.9731669647367,864.033100000001 -4.01293203208753,42.9731409807555,863.824099999998 -4.01296396719587,42.9731399751273,863.548999999999 -4.0130259931713,42.9731409807555,862.905700000003 -4.01312598913717,42.9731500333804,862.380300000004 -4.01327300831487,42.9731350298025,862.343299999993 -4.0133709929528,42.9730930365908,862.468500000003 -4.01340996815803,42.9730870015021,862.645999999993 -4.01358196499223,42.9730610174871,862.493900000001 -4.01367601051762,42.9730429963408,862.405400000003 -4.01374801048765,42.9730340278312,862.355200000005 -4.01381095903286,42.9730220417727,862.314400000003 -4.01387700766415,42.9730109778683,862.364700000006 -4.0139250360908,42.9729849938212,862.309399999998 -4.01399795863061,42.972940988587,862.275599999994 -4.01416903379332,42.9728129972015,862.017500000002 -4.01428403342104,42.9727030268008,861.894100000005 -4.01430398230855,42.9726979973092,861.873099999997 -4.014357962074,42.972673019423,861.817500000005 -4.01438998072565,42.9726480415267,861.861199999999 -4.01443499171128,42.9725809859273,861.745299999995 -4.01461402864236,42.972429022104,861.703099999999 -4.01469902094634,42.9723540039552,861.616099999999 -4.01473296828092,42.9723570215356,861.321400000001 -4.01478401414862,42.9721659980844,862.275599999994 -4.0148509853497,42.9720769820813,862.748399999997 -4.01490102510428,42.972030965562,862.387400000007 -4.01495299264347,42.9719260239753,863.383700000006 -4.01506698705637,42.9718130363536,862.595799999996 -4.01519103900721,42.9717169796224,862.327399999995 -4.01520797045371,42.9717139620105,862.210699999996 -4.01531601352788,42.9716739804476,861.561199999996 -4.01538499605685,42.9716289692796,861.552599999995 -4.01549899046979,42.9715650156361,861.979300000006 -4.01566796896461,42.9715200050457,861.5913 -4.01591196666713,42.9714930153708,861.017099999997 -4.01610500204527,42.9714780113886,861.179000000004 -4.01625595943722,42.9714989664828,860.704100000003 -4.01631496886992,42.9715009777928,860.685800000007 -4.01638202361429,42.9715230220097,860.544899999994 -4.01659701920785,42.9716009739992,860.259399999995 -4.01662803264474,42.9716139659879,860.249899999995 -4.01669701517372,42.9716370164743,860.265899999999 -4.0168779807877,42.9717090165711,860.258199999997 -4.01688996700854,42.971719997234,860.230299999996 -4.01699398652854,42.9718110243964,859.940600000002 -4.01717101213169,42.9719889722537,859.5533 -4.01728198820528,42.9721079953949,859.535399999993 -4.01733496185758,42.9721739610765,859.469400000002 -4.01736999884861,42.9722069856282,859.416200000007 -4.01747996880905,42.9722670001666,858.688099999999 -4.0174910333584,42.9723010303103,859.005000000005 -4.01750402569235,42.9723229914229,859.073300000004 -4.01756496201133,42.9723659901439,858.840200000006 -4.01759698066301,42.9723870290676,858.900599999994 -4.01773603627574,42.9724939818025,858.629499999995 -4.01775397383531,42.9725160263207,858.781400000007 -4.01782102857972,42.9725669885053,858.679199999999 -4.01787199090409,42.9726229794886,858.570999999996 -4.01797098075684,42.9727310222369,858.9611 -4.0180449929531,42.9729269912469,859.393299999996 -4.01823400477709,42.9730590062281,859.820699999997 -4.0184250288273,42.9731160030493,859.068499999994 -4.01845000648376,42.9731229596326,858.836299999995 -4.01846098748982,42.9731340241741,858.432799999995 -4.01855503211688,42.9731490277524,857.185800000007 -4.01861102321023,42.9731669647367,856.093200000003 -4.01864496964652,42.9731800405255,855.703299999994 -4.01875200660757,42.9731740054452,856.839000000007 -4.01890899977988,42.9731529674481,858.372900000002 -4.01899700952487,42.9731340241741,859.340299999996 -4.01904998317721,42.9731300010035,859.405599999998 -4.0191099978247,42.9731360354307,859.322799999994 -4.01917696902577,42.9731389694991,859.316699999996 -4.0192489698941,42.9731460102108,859.318199999994 -4.01929004086889,42.9731519611628,859.289399999994 -4.01933899186536,42.9731519611628,859.288400000005 -4.01939196551766,42.9731569906172,859.2209 -4.01952096269413,42.9731719941899,859.174299999999 -4.01959899844455,42.9731750117302,858.833499999993 -4.01984903013084,42.9731569906172,859.243700000006 -4.02000401197525,42.9731549787041,859.342900000003 -4.02008498072506,42.9731809626793,859.051999999996 -4.020191011573,42.9732259733687,858.3606 -4.0202340112307,42.9732310028171,858.144499999995 -4.02039603317195,42.9732770190958,856.868499999997 -4.02043098572135,42.9732900113877,856.766000000003 -4.02058797889366,42.9732600042964,857.783899999995 -4.02062200977157,42.9732439944614,858.500599999999 -4.02080004058953,42.9732419832084,858.944799999997 -4.02086902401684,42.9732399712979,859.235100000005 -4.020953011106,42.9732360316078,859.185299999997 -4.02095401632079,42.973253969224,858.941999999995 -4.02107002206166,42.9732350259812,859.179000000004 -4.02114001070376,42.9732510351612,859.158800000005 -4.02130303875813,42.9732950401736,856.673200000005 -4.02140404083711,42.9733200184644,856.043999999994 -4.02159296911777,42.973355977116,854.907800000001 -4.02179203937798,42.9733569827407,854.995899999994 -4.02191902522655,42.9733760094193,855.227400000003 -4.02195196554971,42.9733780213253,855.3802 -4.02203796396681,42.973393024844,855.060899999997 -4.0221470131541,42.9733790269496,855.625799999994 -4.02222798190391,42.9733869897847,855.459099999993 -4.02227902777161,42.9733790269496,855.6829 -4.02242202339518,42.9733470079948,856.556599999996 -4.02245999338559,42.9733389616811,856.624599999996 -4.02256099546458,42.9732969679514,857.620899999994 -4.02264003642979,42.9732650330847,858.283800000005 -4.02268999264107,42.973223962115,858.409100000004 -4.02299098665173,42.9731780292703,858.6345 -4.02316700704009,42.9731320122602,860.154200000004 -4.02334403264324,42.9731480221243,858.148000000001 -4.02339700629554,42.9731399751273,857.752099999998 -4.02343103627512,42.9731429926691,857.607499999998 -4.02351200592327,42.9731149974206,858.115399999995 -4.02359096334515,42.9731050226355,857.675199999998 -4.02363496821766,42.9730799607835,857.787500000006 -4.02374703394767,42.9730239695591,857.505399999995 -4.0238209626006,42.972985999452,857.439899999998 -4.02399597687584,42.9728809747063,857.188299999994 -4.02410301383689,42.9728300121246,857.047099999996 -4.02427400455797,42.9727310222369,856.851500000004 -4.02447399648968,42.9726529868907,856.504199999996 -4.02459402578465,42.9726399944643,856.587799999994 -4.02465202820594,42.9726040360514,856.657600000006 -4.02471103674031,42.9725669885053,856.797999999995 -4.02473802662304,42.9725349691277,856.615000000005 -4.02480801526513,42.9725059679639,856.673200000005 -4.02496199099642,42.9724529944498,857.393899999995 -4.025108004061,42.9724450314938,857.997199999998 -4.02527002600226,42.9724840075739,858.075899999996 -4.02532501188083,42.9724860188517,858.242299999998 -4.02538100297415,42.9724990113107,858.350600000005 -4.02541997817938,42.9724949880985,858.422000000006 -4.02547898671379,42.9724939818025,858.510200000004 -4.02559901600876,42.9725049623253,858.741200000004 -4.02580797672029,42.9725160263207,858.974400000006 -4.02596295766636,42.9725000169494,859.106599999999 -4.02604803441197,42.9724939818025,858.927100000001 -4.02608198084825,42.9724850132128,858.816500000001 -4.02621500157888,42.9724610408794,858.607300000003 -4.02624400368784,42.9724469592983,858.696800000005 -4.02646000539452,42.9723540039552,857.263600000006 -4.02651800781581,42.9723310378695,857.344899999996 -4.0267289798552,42.9722570252439,858.938699999999 -4.0268129669444,42.972224000719,856.277700000006 -4.02690500024356,42.9722110088593,855.757599999997 -4.02702603475335,42.972204973684,854.554399999994 -4.02704196008673,42.9722069856282,854.434099999999 -4.02713902305318,42.972217965545,853.837 -4.02719199670548,42.9722300358925,853.708100000003 -4.02738503208363,42.9722560196012,852.402400000006 -4.02759198056889,42.9723700133646,851.994399999996 -4.02768099642701,42.9724600352401,851.487999999998 -4.0277570208495,42.9725499728521,850.799899999998 -4.02778300461911,42.9725809859273,850.579199999993 -4.02779800828099,42.9726130052809,850.465700000001 -4.02781703549702,42.9726590213648,850.350099999996 -4.02791501923662,42.9728290064913,849.651800000007 -4.02794603267348,42.972845015777,850.361499999999 -4.02801501520249,42.9728509674154,851.853600000002 -4.02806203841435,42.9729119876146,851.449999999997 -4.02807704207621,42.9729350376146,851.224000000002 -4.02815197594396,42.973031010284,849.861999999994 -4.0281819832677,42.9730460138874,849.538199999995 -4.02824996058189,42.9730959700039,849.493700000006 -4.02830896911626,42.9731340241741,848.680699999997 -4.02849999226818,42.9731760173578,847.543300000005 -4.02856796958237,42.9731900152984,847.078500000003 -4.02869403375945,42.9732030069514,846.911600000007 -4.02876896762719,42.9732109698092,846.790299999993 -4.02885898959842,42.973200995697,846.873800000001 -4.02903098643262,42.973219016797,846.889800000004 -4.02920097104058,42.9732439944614,847.702300000004 -4.02937799664373,42.9733090380871,846.661500000002 -4.02954395859582,42.9733640234275,846.5674 -4.02957295980648,42.9733709806401,846.569600000003 -4.02978401628754,42.9734360241315,846.650200000004 -4.02990697858193,42.9734709764352,846.719599999997 -4.03021702581404,42.9735279735318,847.360499999995 -4.03029195968179,42.9735409657706,847.6198 -4.03047996539265,42.9735599923923,848.512000000002 -4.03050301616284,42.9735319966764,848.651800000007 -4.03056898125077,42.9735090303733,848.973599999998 -4.03071499431539,42.9734820409141,849.6446 -4.03085103248707,42.9734739939607,850.684399999998 -4.03086897004664,42.9734749995835,850.809999999998 -4.03102302932126,42.9734360241315,852.369600000005 -4.03121103503213,42.9734119680382,853.261100000003 -4.03121497504296,42.9734100402639,853.305800000002 -4.03125897991545,42.9733859841605,853.528399999996 -4.03131295968087,42.973375003795,854.092900000003 -4.03151999260779,42.9733350219973,854.898799999995 -4.03167002832821,42.9732969679514,855.956999999995 -4.03174496219596,42.9732740015606,856.900599999994 -4.03182802761366,42.9732360316078,857.942500000005 -4.03197999111869,42.9732080364016,858.978900000002 -4.03199097122641,42.9732020013242,859.172200000001 -4.03213296073686,42.9731760173578,859.291200000007 -4.03219699893851,42.9731259771753,860.186400000006 -4.03226296402644,42.973141987041,859.311400000006 -4.03234602854582,42.973126983461,859.733999999997 -4.03242096331189,42.9730650413196,861.286399999997 -4.03242599208085,42.9730630294034,861.372799999997 -4.03250696172896,42.9730470201744,860.873800000001 -4.03256303636564,42.973016006677,860.896999999997 -4.03269999620881,42.9729239736945,860.837299999999 -4.03274198975339,42.9728499611251,861.129499999995 -4.0327699857492,42.9728239776673,861.0193 -4.03280803928298,42.9727549944649,860.534299999999 -4.03285196061216,42.972628008329,860.286099999998 -4.03286797038714,42.972600012846,860.206900000005 -4.03289596548465,42.9724349731253,859.929000000004 -4.03289495937153,42.9723749587509,859.728900000002 -4.03285698938112,42.9722509907304,859.815100000007 -4.03285900160735,42.9722400101622,859.827300000004 -4.03287601659714,42.9721590413927,859.285999999993 -4.03290703003403,42.9720879626786,859.750599999999 -4.03291901535654,42.9719820155421,860.980299999996 -4.03303502109738,42.9718660097615,859.729200000002 -4.03304801343133,42.9718489945717,859.885299999994 -4.03309201830385,42.9718090130965,859.793000000005 -4.0331849732745,42.9717390237618,859.887799999997 -4.0332459940351,42.9717139620105,859.585600000006 -4.03333702122119,42.9716800150177,859.364700000006 -4.0335569620404,42.9716329925485,858.503400000001 -4.03357297181537,42.9716319868956,858.328899999993 -4.03367699133541,42.9716129603347,857.842600000004 -4.03385703437957,42.9716120381573,857.541700000002 -4.03392601780688,42.9716139659879,857.431899999996 -4.03395401290439,42.9716200012212,857.382700000002 -4.03398200890023,42.9716479964929,857.335300000006 -4.03402802510065,42.9716559595521,857.200700000001 -4.03417403816527,42.9717080109194,856.948000000004 -4.03436698910176,42.9718779960454,857.092000000004 -4.03438802764571,42.9719049855512,856.817500000005 -4.03448098351469,42.9719599708324,858.170899999997 -4.03449498106343,42.9719869603023,857.917400000006 -4.03456203670614,42.9722039680405,856.515199999994 -4.03460503546554,42.9722509907304,856.520399999994 -4.03470000266242,42.9723310378695,856.593500000003 -4.03471299409805,42.972335983259,856.621199999994 -4.03474501364805,42.9723430240627,856.639599999995 -4.03486202460368,42.9723720253034,857.175000000003 -4.03494098202559,42.972407983852,857.294699999999 -4.03498096424224,42.9724120070699,857.446599999996 -4.03510401008,42.9724679981942,856.906400000007 -4.03516603605542,42.9724769667863,857.105200000005 -4.03526796070416,42.9725000169494,857.284199999995 -4.03539603620917,42.9725209716953,856.998099999997 -4.03552603949878,42.9725049623253,856.593800000002 -4.03557901315108,42.9725130087481,856.369999999995 -4.03567498556279,42.9724990113107,856.151700000002 -4.03574296287695,42.9724850132128,856.363299999997 -4.03579903751363,42.9725120031097,856.830000000002 -4.03591797715219,42.9725059679639,856.795800000007 -4.03597103434782,42.9724890364256,856.812600000005 -4.03607103031366,42.9724320396807,856.853400000007 -4.03607295809827,42.9724349731253,856.837199999994 -4.03609198531429,42.9723280202878,856.238899999997 -4.03612802752013,42.9723079876432,856.391399999993 -4.0362379983789,42.9722280239489,855.8649 -4.0362400097068,42.9722219894326,855.722999999998 -4.03628099713827,42.9721769786657,856.746400000004 -4.03642801541767,42.9720860348628,856.926099999997 -4.03662297858043,42.9719739683925,856.945999999996 -4.03677796042483,42.9718469826157,857.108999999997 -4.03690896892923,42.9717309772378,857.348400000003 -4.03700301445463,42.9716520197605,857.518400000001 -4.03705196455276,42.9715920052794,857.728400000007 -4.03713796296986,42.9714940210259,858.201700000005 -4.03724097637678,42.9714100343049,858.550900000002 -4.03730995980405,42.9713800269536,858.458899999998 -4.03735203689197,42.9713470026151,858.587599999999 -4.03741498453888,42.9713100384454,858.7212 -4.03758396393202,42.9712360259056,859.512000000002 -4.03766300489723,42.9712099582896,859.385299999994 -4.03772301954475,42.9711940327119,859.520499999999 -4.03780197696663,42.9711770173362,859.732999999993 -4.03783600784454,42.9711750053582,859.684800000003 -4.03797799735499,42.9711709820594,858.709499999997 -4.03813096697313,42.9711669587604,859.559099999999 -4.03821202016461,42.9711750053582,859.807000000001 -4.03838896222442,42.9712470059958,859.857699999993 -4.03849096951819,42.9712650270111,859.948399999994 -4.03856297038655,42.9712660333272,860.060800000007 -4.03863698258281,42.9712660333272,860.183300000004 -4.03873496722075,42.971255974766,860.2886 -4.03896496647619,42.9712549691069,860.395399999994 -4.03905800499014,42.9712539634479,860.386700000003 -4.03920804160893,42.9712080304464,860.407999999996 -4.03934097879623,42.9711679650781,860.453599999993 -4.03942999465438,42.9711660372335,860.171799999996 -4.03952403928147,42.9711539673346,860.102100000004 -4.03968296023838,42.9711200206899,859.911900000006 -4.03977298220961,42.9710969700097,859.813800000004 -4.03983802562609,42.9710630233335,859.758000000002 -4.039916983048,42.9710279868421,859.664600000004 -4.04011596886656,42.9709389711638,859.692200000005 -4.04020196728365,42.9709060300653,859.549299999999 -4.04030196324952,42.9708760231253,859.399799999999 -4.04047798363785,42.9708180205339,859.125400000004 -4.040566999496,42.9707890192178,859.070000000007 -4.04060899304058,42.970775021388,858.988400000002 -4.04070697767851,42.9707490370535,858.928700000004 -4.04083396352708,42.9707010088617,858.846399999995 -4.0409389882619,42.9706730131589,858.636100000003 -4.04101199434504,42.9706519749636,858.591899999999 -4.04119103217442,42.9706079700319,858.404299999995 -4.04129496815109,42.9705990011673,858.267699999997 -4.04144500387154,42.9705779629466,858.070999999996 -4.0414760173084,42.9705629593984,858.057799999995 -4.04154600595053,42.9705379813024,858.0334 -4.04165497069615,42.9704949819607,857.955900000001 -4.04168296579366,42.9704799783923,857.926500000001 -4.04190600849556,42.9704049604953,857.834099999993 -4.04213399642311,42.9703629667342,857.156000000003 -4.04227003459479,42.9703410062363,857.766699999993 -4.04234798590355,42.9703470409372,857.565499999997 -4.04246902131167,42.9703460352634,857.440300000002 -4.04257102860544,42.9703519864863,857.230599999995 -4.04262802581191,42.9703519864863,857.158200000005 -4.04274595933736,42.9703479631336,857.214200000002 -4.04288501495009,42.9703410062363,857.399600000004 -4.04303496712721,42.9703489688075,856.851299999995 -4.04327795871662,42.9703730254416,856.750499999995 -4.04340502810851,42.9703929739244,856.161900000006 -4.04361700626105,42.9704249931026,855.954800000007 -4.0438800302813,42.9703990092776,855.882299999997 -4.04402302590483,42.9704089838443,855.805099999998 -4.04409703810109,42.9704150185385,855.7598 -4.04414196464509,42.9704330397975,855.364400000006 -4.04441102444573,42.9704659804921,855.116500000004 -4.04449299930866,42.9704720151808,855.0386 -4.04455703661202,42.9704730215099,854.963499999998 -4.04478603065265,42.9704610349523,854.859100000001 -4.0448690116287,42.9704570116068,854.8174 -4.04495400393268,42.9704590236082,854.427100000001 -4.04498501647124,42.9704659804921,854.410099999994 -4.04515701330543,42.9704720151808,854.149399999995 -4.04520898084462,42.9704760385253,854.026199999993 -4.04529296793378,42.9704870187511,853.900899999993 -4.0455699895028,42.9705239834155,849.196299999996 -4.04562497538133,42.9705330357684,846.341700000004 -4.04575598388573,42.9705610315349,842.508700000006 -4.04591197184325,42.9706340379031,849.536999999997 -4.04605899012266,42.9706900286742,852.612999999998 -4.04613300231892,42.9707180243692,852.494099999996 -4.04628697805017,42.9707910305511,852.128800000006 -4.04642502754979,42.9709050244005,851.360499999995 -4.04644397122251,42.9709099699046,851.303 -4.04647297243314,42.9709529689563,851.035199999998 -4.0465159711925,42.9709750133696,850.895199999999 -4.04656198829125,42.9710040145981,850.830000000002 -4.04662602559461,42.9710539710587,850.214699999997 -4.04675200622835,42.9711689707385,849.320900000006 -4.04678402488003,42.9711679650781,849.180999999997 -4.0468680110709,42.9712009895127,848.781000000003 -4.04701000058135,42.9712409713832,848.053199999995 -4.04707999012174,42.9712620100343,847.608900000007 -4.04733496703368,42.9713040031816,846.535600000003 -4.04741803155306,42.9713279753087,846.167700000005 -4.0476649631533,42.9712299906347,845.097800000003 -4.04769203657932,42.9712240394967,844.975099999996 -4.04789898506461,42.9712080304464,844.233900000007 -4.04809302655585,42.9711770173362,843.626000000004 -4.04818899896755,42.9711439928887,843.366200000004 -4.04847499021468,42.971067968825,842.722299999994 -4.04867799958741,42.9710399732892,842.442899999995 -4.04868696836719,42.9710429909341,842.418799999999 -4.04877598422534,42.9710249698538,842.0285 -4.04894001749453,42.9710040145981,842.145399999994 -4.04904998835331,42.9709549809415,842.109100000001 -4.04912500666268,42.9709330199977,842.047399999996 -4.04916398186792,42.9709170108716,842.085500000001 -4.04920396408456,42.9709109755693,842.124100000001 -4.0494140144525,42.9708129915456,842.222699999998 -4.04947696209941,42.9707770327217,842.225000000006 -4.04961903605149,42.9706519749636,842.210399999996 -4.04966999747756,42.9705890266314,842.1486 -4.04971601457631,42.9705359693035,842.135599999994 -4.04975398456672,42.9704890307516,842.111600000004 -4.04977502311068,42.970470003837,842.085800000001 -4.04985800408676,42.9703969972742,841.981100000005 -4.04989899151823,42.9703489688075,841.972099999999 -4.04999697615616,42.9702410099533,841.991599999994 -4.050096972122,42.9701690094528,841.982099999994 -4.05023996684723,42.970088040586,841.903099999996 -4.05033904114161,42.9700590389256,841.627399999998 -4.05057499173583,42.9699899724305,841.319600000003 -4.05081798332524,42.9699169659551,841.064599999998 -4.05085201330482,42.9699049799464,841.027199999997 -4.05101303003129,42.9698150417531,840.813500000004 -4.05110103977632,42.9697489926924,840.775399999999 -4.05117597454236,42.9697319769169,840.649099999995 -4.05124898062551,42.9697240142659,839.728000000003 -4.05132299282177,42.969729965549,839.263500000001 -4.05133103993007,42.9697280376594,838.813399999999 -4.05137999002824,42.9697489926924,839.140599999999 -4.05140697991093,42.9697960146301,837.520099999994 -4.05154603552366,42.9698680155673,836.0 -4.05161200061159,42.9698779902201,837.145999999993 -4.05166799170494,42.9699100090091,836.080499999996 -4.05177201122494,42.9699349867028,837.4755 -4.05193897929019,42.9700140285477,838.3698 -4.05201701414228,42.9700700192258,837.295899999997 -4.05216202109375,42.9701229928204,837.661300000007 -4.0522259757521,42.9701530001278,837.738599999997 -4.05226998062462,42.9701710214636,836.374200000006 -4.05236402525172,42.9702219829621,836.0 -4.05244097134567,42.9702649824947,836.0 -4.05256401718339,42.9703280146361,836.0 -4.05278898766989,42.9703959916011,836.005000000005 -4.05280600265971,42.9703980029472,836.0 -4.05291697963157,42.9704270044478,836.0 -4.0529520157243,42.9704320334678,836.0 -4.05298596216058,42.9704300221227,836.0 -4.05305997435684,42.9704209697547,836.147299999997 -4.05316801743101,42.9704499712445,839.898499999996 -4.05326097240166,42.9704519825889,840.659 -4.05328603449975,42.9704399966844,840.582200000004 -4.05332098704915,42.9705290124276,840.802899999995 -4.05331201826936,42.9706440117744,841.217399999994 -4.05327798828975,42.9706710018218,841.392800000001 -4.053247980966,42.9707050321913,841.246299999999 -4.05320095865247,42.9707519712357,841.409199999995 -4.05317598009768,42.9707809725694,841.411699999997 -4.0531459727739,42.9708399808615,841.735199999996 -4.05312996389723,42.970866970823,841.638000000006 -4.05307699024493,42.9710350277955,842.795599999998 -4.05304899424912,42.9710569887029,842.738599999997 -4.05296098450408,42.9711340184412,842.415399999998 -4.0529540270522,42.9711650309157,842.446100000001 -4.05290599952388,42.9712729901199,843.008499999996 -4.05289803595888,42.9712869878363,842.914799999999 -4.05277599623427,42.9714429751335,843.204199999993 -4.05269896569866,42.9715260396309,843.3511 -4.05269796048384,42.9715309850851,843.366899999994 -4.05265202782675,42.9716930069897,843.935700000002 -4.05262403183091,42.9717579668082,844.232399999994 -4.05256602940966,42.9718550297819,844.553199999995 -4.05253400985965,42.9719080031537,844.835999999996 -4.05251397742881,42.9719380102474,844.973100000003 -4.0524859823313,42.9719990306951,845.244000000006 -4.05245597500755,42.9721100066851,845.740600000005 -4.05245002366878,42.9721359911019,845.838699999993 -4.05243401389381,42.9721560238026,845.926500000001 -4.05244398878672,42.9721990226404,846.136899999998 -4.05246402121756,42.972217965545,846.185899999997 -4.05258396607094,42.9723680020829,847.853199999998 -4.05272402779675,42.9725089855368,848.871100000004 -4.05281698366573,42.9725850091339,848.501799999998 -4.05291597351845,42.9726410007579,848.7356 -4.05311202633765,42.9726580157287,850.408100000001 -4.05324001829933,42.9726769591493,850.372499999998 -4.05325896107373,42.9726789704208,850.426900000006 -4.05335996315268,42.9727160185566,850.607600000003 -4.0534809976625,42.9727200417544,851.235100000005 -4.05350497010418,42.9727099834309,851.280700000003 -4.05362499850085,42.9726560044565,851.850000000006 -4.05373103024709,42.9726160221913,852.473899999997 -4.05379699533505,42.9726109933499,852.694699999993 -4.05384896287424,42.9725909607974,852.932700000005 -4.05388500508008,42.9725669885053,853.295700000002 -4.05396396250196,42.9725450274798,853.652799999996 -4.05424299629721,42.9724779724254,854.464999999997 -4.05433603570949,42.9724600352401,855.062300000005 -4.05441197569035,42.9724249988872,855.5818 -4.05454097286685,42.9724400026384,855.589600000007 -4.05457399763161,42.9724389963415,855.478199999998 -4.0546050110685,42.9724329618458,855.6011 -4.05463996361787,42.9724199700302,855.7745 -4.05465798472081,42.9723909681548,856.017699999997 -4.05470500703434,42.9723639788622,856.176600000006 -4.0548749916423,42.9723509863747,856.221399999995 -4.05495101606479,42.9723260083476,856.426200000002 -4.05501798726587,42.9722779800726,856.649099999995 -4.05509401079003,42.9722550139586,856.896599999993 -4.05513902177566,42.9722349812901,857.216799999995 -4.05522803763381,42.972217965545,857.159899999999 -4.05531898127653,42.9721850251315,857.404800000004 -4.05545895945904,42.9721019602095,857.798899999994 -4.05549701299279,42.9720700253796,857.950599999996 -4.05553003775758,42.9720359944507,858.135599999994 -4.05562399884135,42.9719140383581,859.341400000005 -4.05567596638054,42.9718729664863,858.751199999999 -4.05568200126264,42.971857963254,858.863500000007 -4.0557049684895,42.9718250219904,859.575200000007 -4.05577001190597,42.9717970267992,859.654599999994 -4.05586699043075,42.9717759883311,859.191000000006 -4.05597201516557,42.9717309772378,858.811700000006 -4.05608198602435,42.971651014108,858.929699999993 -4.05613403800516,42.9716270414495,858.979200000002 -4.05631098006501,42.9715230220097,859.106799999994 -4.05642799102064,42.9714230263339,859.489300000001 -4.05651097199672,42.9713370275432,860.126499999998 -4.05653603409481,42.9713309929395,859.994000000006 -4.05668003493316,42.9713009855496,859.322799999994 -4.0568309932234,42.9712419770424,859.259099999996 -4.05690802286071,42.9712090361061,859.315600000002 -4.05694196929699,42.9711810406346,859.536300000007 -4.05707499002762,42.9711109677662,860.055300000007 -4.05710298602346,42.9710979756712,860.194600000003 -4.05717498599345,42.9710569887029,860.674400000004 -4.05728998562121,42.9710009976086,861.678 -4.05737699015143,42.9709880054905,861.770300000004 -4.05744899101975,42.9709689787303,862.156600000002 -4.05767102760853,42.9709020067489,863.526500000007 -4.05777999235418,42.970911981234,863.407200000001 -4.05782299111355,42.9709020067489,863.576499999996 -4.05790697820275,42.9708699884763,864.341199999995 -4.0579610415115,42.9708549843421,864.492700000003 -4.05815198112005,42.9708279950327,865.0478 -4.05821995843424,42.9707669747378,866.378400000001 -4.05834803393925,42.9707330278795,867.101999999999 -4.05844098890991,42.9707069600503,867.883700000006 -4.05846303356698,42.9706989975255,867.929199999999 -4.058526987327,42.9706929622019,867.346999999994 -4.05856403564596,42.9706760308218,867.617299999998 -4.05875698658245,42.9706129990371,867.849100000007 -4.05885396510727,42.9705789686166,868.187900000004 -4.05890501097497,42.9704990053037,868.421199999997 -4.05891498586787,42.9704909586174,868.458199999994 -4.05892495986248,42.9704819897356,868.476800000004 -4.05893602441183,42.9704720151808,868.498999999996 -4.05906502158833,42.9703829993552,868.661999999997 -4.05925101597126,42.9702799861156,868.823900000003 -4.05931698195752,42.9702250006471,868.888699999996 -4.05944698524713,42.9701120125297,868.990699999995 -4.05947296901671,42.9700850228943,869.036300000007 -4.05953901854629,42.9700039697816,869.233800000002 -4.05955703964923,42.9699860325322,869.229200000002 -4.05965200594779,42.9698879642141,869.775500000003 -4.05967203927696,42.9698779902201,869.561400000006 -4.05970900315426,42.969851000482,869.6878 -4.05976197680656,42.9698029722463,869.668399999995 -4.0598860287574,42.9696999580353,870.346000000005 -4.05997898462639,42.9696349986723,870.210500000001 -4.06013396557246,42.9695299734628,869.671499999997 -4.06029900495477,42.969412039759,869.285600000003 -4.06034301072558,42.9693849663376,868.939899999998 -4.06041400548082,42.9693390339123,868.810299999997 -4.06046999657414,42.9693070148261,868.888800000001 -4.06055096532396,42.9692729843404,868.984500000006 -4.06068398605462,42.9692240340974,869.334199999998 -4.06080099790858,42.969137029825,869.198300000004 -4.06084097922693,42.9691180024922,869.096099999995 -4.06092798375714,42.9690709800362,869.928700000004 -4.06109101181155,42.9689809584587,870.641699999993 -4.06111297202696,42.9689800368991,870.678599999999 -4.06126602518846,42.9689350257316,871.500400000004 -4.06136602205263,42.968886997438,871.769700000004 -4.06146400579223,42.9688549787738,872.138900000005 -4.06156400175807,42.9687999933461,872.254199999996 -4.06162401640559,42.9687750151915,872.706699999995 -4.06168897627873,42.968759006161,872.877600000007 -4.06172200104352,42.9687369616108,873.092699999994 -4.06178000346478,42.9687050263483,873.2016 -4.06185301044622,42.9686910287015,873.686400000006 -4.06191201898062,42.9686509630083,873.975200000001 -4.06203296994709,42.9685979894605,874.482199999999 -4.06206800603981,42.9685979894605,874.644199999995 -4.06217797689859,42.9685750232869,875.048299999995 -4.06226296920257,42.968553984374,875.515400000004 -4.06243303825216,42.9685490393377,876.144100000005 -4.06245097491344,42.9685559964376,876.153999999995 -4.06250503822215,42.9685649649429,876.278399999996 -4.06259397053697,42.9685679820519,876.674599999998 -4.06266697662011,42.9685699941151,877.029299999995 -4.06275297503721,42.9685959780555,877.130799999999 -4.06278801112994,42.9685929602906,877.298599999995 -4.06285800067033,42.9685890209601,877.637000000002 -4.06302304005267,42.9686150048924,878.228199999998 -4.0632009882256,42.9686689841269,878.807000000001 -4.06327801786291,42.9686549864719,879.133799999996 -4.06338002515668,42.9686559921735,879.609500000006 -4.06349703701064,42.9686859995391,879.806599999996 -4.06370499160902,42.9687030149467,880.680099999998 -4.06386801966342,42.96873503369,881.119600000005 -4.06403599294345,42.9687180182913,881.386599999998 -4.0640840213701,42.9687099720293,881.619500000001 -4.06424403198345,42.9686870052402,882.419399999999 -4.06430597441558,42.9686709961868,882.412599999996 -4.0644659850289,42.9686389767529,882.590200000006 -4.06451895868121,42.9686219619849,882.498500000002 -4.06473102037708,42.968598995163,882.195300000007 -4.06492003220106,42.9685409923962,881.7408 -4.06512899291256,42.9684669804684,881.185599999997 -4.06529998363364,42.9684320279501,880.747300000003 -4.06548296057555,42.9683990033434,880.269799999995 -4.06552000889448,42.9683919620882,880.237099999998 -4.06559200976284,42.9683870170389,880.017800000001 -4.0656230223014,42.9683910405198,879.912400000001 -4.06568203083577,42.9683929684514,879.744999999995 -4.06573198704702,42.9683809821457,879.703099999999 -4.06594002608706,42.9683629609428,879.666299999997 -4.06599299973936,42.968374025026,879.411500000002 -4.06605896572562,42.9683839992638,879.271699999998 -4.0662479775496,42.9684320279501,878.727400000003 -4.06628896498107,42.9684389850634,878.649300000005 -4.06644998080921,42.9685180262014,877.806100000002 -4.06661703241778,42.9685490393377,877.321800000005 -4.06674804182048,42.9685809740239,876.918600000005 -4.06692003865467,42.9686529750688,876.665699999998 -4.0669490398653,42.9686649606641,876.618600000002 -4.06720401677725,42.9687360393902,876.377800000002 -4.06742697593581,42.9688060281982,876.341700000004 -4.06766996752521,42.9688549787738,876.500400000004 -4.06770902717211,42.9688640313723,876.563500000004 -4.06791899309839,42.9688790346776,876.233900000007 -4.067960986643,42.9688859917402,876.157500000001 -4.06805201472735,42.9689109698498,876.600699999995 -4.06817598223656,42.9689399713942,876.809999999998 -4.06845602214492,42.9690050149705,877.640199999994 -4.06851402456618,42.9690299930317,877.731499999994 -4.06855501199764,42.9690490197344,877.836599999995 -4.06858803676244,42.9690620116047,877.962700000004 -4.06866297152852,42.9690790269083,877.963699999993 -4.06883697969061,42.9691380355187,878.195000000007 -4.06891602065582,42.9691630135258,878.411800000002 -4.06897201174918,42.9691849744443,878.463399999993 -4.0690359655092,42.9691879915229,878.617599999998 -4.06913596237337,42.969207018834,878.694000000003 -4.06930703663774,42.9692360202388,878.241599999994 -4.06932296197112,42.9692380316229,878.273000000001 -4.06958196333553,42.9692960343897,879.451700000005 -4.06962697432113,42.969308020517,879.558399999994 -4.06969000551137,42.9693169889126,879.776500000007 -4.069735016497,42.9693299813837,879.914900000003 -4.06991799343891,42.9694129619694,880.155899999998 -4.07001203896431,42.9694309828648,880.236600000004 -4.07022401711685,42.9694820291124,880.937900000004 -4.07039802527895,42.9695909936704,881.064599999998 -4.07053196768107,42.9697140402454,881.208499999993 -4.0706870330688,42.9698230043923,881.214600000007 -4.0708099953632,42.9699649941018,882.019 -4.07083899747216,42.9699970128455,882.246499999994 -4.070859029903,42.970058033247,882.228600000002 -4.07089800600653,42.9701300338775,882.270399999994 -4.07090496256008,42.9701609627232,882.250799999994 -4.07099397841823,42.9702880328295,882.378800000006 -4.07114703247803,42.9704259987752,882.4182 -4.0713350381889,42.9705629593984,882.3897 -4.07149496525893,42.9706030245035,882.145300000004 -4.07151198024872,42.9706059580353,882.112899999993 -4.07155699123435,42.9706170223724,882.056899999996 -4.07162203465082,42.9706219678997,881.905400000003 -4.07182303269564,42.9706409947672,881.335600000006 -4.07185396169087,42.9706389827717,881.220000000001 -4.07194800631794,42.9706399890981,880.974400000006 -4.07221899390318,42.970620040038,880.134399999995 -4.07234103452612,42.9705900329586,879.698399999994 -4.07238897851115,42.9705750287561,879.438099999999 -4.07247900048241,42.9705340414392,879.003400000001 -4.07252904023699,42.9705209657451,878.9617 -4.07257698512031,42.9704949819607,878.728300000002 -4.07260296888992,42.9704659804921,878.623200000002 -4.07264999120345,42.9704359733375,878.480899999995 -4.07268100374202,42.9704199640821,878.391000000003 -4.0727720318264,42.9703610388645,877.897899999996 -4.07283397425849,42.9703260026304,877.6351 -4.07293799377849,42.9702750405607,876.903399999996 -4.0730499759652,42.9702270126562,875.934599999993 -4.07317101047499,42.9701880364604,875.657200000001 -4.07324502267125,42.9701740384938,875.810200000007 -4.0733809772996,42.9701410141651,875.528900000005 -4.07341802472026,42.9701339731093,875.456600000005 -4.07357300656463,42.9701209814654,875.217600000004 -4.07375103828089,42.9701199757877,874.957899999994 -4.07376402971655,42.970123998498,874.931899999996 -4.07379797615283,42.9701359851213,874.890700000004 -4.07403501640346,42.9702290240078,874.8217 -4.0741490108164,42.9702619648117,875.063200000004 -4.07435503763018,42.9703529921601,875.8842 -4.07436199508206,42.9703679957594,875.692299999995 -4.07440499384143,42.97042398743,875.449699999997 -4.07447900603769,42.9704959876321,875.5677 -4.07467103530272,42.9706330315766,875.940199999997 -4.07478402360251,42.9707689860718,876.100300000006 -4.07487999691255,42.9708050283772,876.335000000006 -4.07496700054443,42.9708460161708,876.639800000004 -4.07509499250611,42.9709519632923,876.694099999993 -4.07517998481009,42.9710259755166,876.854399999997 -4.07518995970299,42.9710340221329,876.858800000002 -4.07524502822656,42.9710900131971,876.967799999999 -4.07544300883033,42.9711869917767,877.1875 -4.07556898856578,42.9712490179714,877.527100000007 -4.07562003443348,42.9712699724863,877.614499999996 -4.07576403617016,42.9713250418113,877.609400000001 -4.07580896271417,42.9713279753087,877.905700000003 -4.07587802968477,42.9713530372173,877.264800000004 -4.07591901711624,42.9713510259024,877.581200000001 -4.07605698307252,42.9713579826854,877.748099999997 -4.07621297013171,42.9713559707134,876.703200000004 -4.07641899784381,42.9713070208136,874.719800000006 -4.07655998124115,42.9712539634479,873.804600000003 -4.07661396100657,42.9712320026108,873.506999999998 -4.07665000321238,42.9711920207345,873.6149 -4.0766769930951,42.9711780229965,873.499299999996 -4.07686097525181,42.9710839779118,871.523799999995 -4.07697102965391,42.9710139890667,870.7886 -4.07701796842411,42.970982976516,870.364400000006 -4.0770599619687,42.9709440001419,870.060800000007 -4.07711000172331,42.9709020067489,869.799199999994 -4.07712399927205,42.9708790407782,870.035600000003 -4.0771619692625,42.9708649588349,869.711800000005 -4.07723296401771,42.9708450098477,869.049599999998 -4.07726096001352,42.9708259830433,869.186600000001 -4.07730999365498,42.970811985222,868.768700000001 -4.07740999051915,42.9707880128938,868.590599999996 -4.07746497549939,42.9707760270549,868.517699999997 -4.07767896497987,42.9707839895697,867.638200000001 -4.07783897559319,42.9708229660451,867.143100000001 -4.0779750146632,42.9708890152671,866.835900000005 -4.07803100575655,42.9709109755693,866.798999999999 -4.07819503902575,42.9710330164702,867.160699999993 -4.07828698878158,42.9711810406346,867.688099999999 -4.07829503499158,42.9712230338372,867.795599999998 -4.07828497655535,42.9713599940001,867.597899999993 -4.07828296522745,42.971373992354,867.627900000007 -4.07831003865347,42.9715540356027,868.110799999995 -4.0783390398641,42.9715589803974,868.118100000007 -4.07840299452245,42.9716629997764,868.302100000001 -4.07842596085098,42.9716790093656,868.353900000002 -4.0784960330364,42.9717589731163,868.507199999993 -4.07852302291913,42.9718100187465,868.614300000001 -4.07858697667916,42.9719009623002,868.834900000002 -4.07871304085623,42.9720140338929,869.104800000001 -4.07873097841584,42.9720209912583,869.192299999995 -4.07880901326793,42.9720860348628,869.302899999995 -4.07883399182273,42.9721010380395,869.301099999997 -4.0789970198771,42.9721759723645,869.452099999995 -4.07920799191653,42.9722400101622,869.453299999994 -4.07933103865258,42.9722550139586,869.418600000005 -4.07953002447114,42.9722489787876,869.201100000006 -4.07970897875722,42.9722209831321,869.035399999993 -4.07990000190914,42.9721680100299,868.745299999995 -4.0801149975027,42.9720619788988,868.239700000006 -4.08017802959124,42.9720250145015,868.096799999999 -4.08035103253855,42.9719169718275,867.616500000004 -4.08045697984315,42.971850000221,867.268700000001 -4.08052897981318,42.9717859626744,867.054600000003 -4.08055496358279,42.971769030938,866.990300000005 -4.08067398676465,42.9716490021455,866.782900000006 -4.08075998518175,42.9715820309045,866.821500000005 -4.08080097261321,42.9715749900137,866.595499999996 -4.08081497106032,42.9715729787061,866.577399999995 -4.08089602335343,42.9715469947087,866.377699999997 -4.08098302788364,42.9715159817694,866.214500000002 -4.0810570400799,42.971509024347,866.073900000003 -4.08108503517741,42.9715029897601,866.056100000002 -4.08110900761909,42.9714879857803,866.110400000005 -4.08117103359451,42.9714660250268,866.233999999997 -4.08128100445328,42.9714319950784,866.392399999997 -4.08134797565436,42.9714169910813,866.839000000007 -4.08143003495892,42.9714060110215,867.072799999994 -4.08167302565002,42.9714110399614,867.542499999996 -4.08176103629335,42.9714179967376,867.729300000006 -4.08183999371523,42.9714279717964,868.116099999999 -4.08192297469131,42.9714569728113,867.893899999995 -4.08194602456317,42.9714689591748,867.665599999993 -4.08200897310841,42.9715080186921,867.160600000003 -4.0820809730784,42.9715439770885,866.848499999993 -4.08212598406403,42.9715530292913,867.153999999995 -4.08215297394676,42.9715699610872,866.966799999995 -4.08233201087784,42.971657970857,867.656799999997 -4.08234399709864,42.9716680293526,867.846900000004 -4.08243703651096,42.9718169754776,867.317899999995 -4.08257600858036,42.9719049855512,867.850300000006 -4.08265697733017,42.9719800035904,868.020000000004 -4.08277398918413,42.9720879626786,868.477799999993 -4.08281397050248,42.9721329735106,868.567899999995 -4.08294003467955,42.9722390045193,868.860100000005 -4.08295696612605,42.9722639825818,869.130600000004 -4.08300398843958,42.9723069820013,869.177800000005 -4.08311102540063,42.9724000208902,869.545199999993 -4.08314296050898,42.9724529944498,870.013300000006 -4.08326097757775,42.9725819922219,870.502900000007 -4.08328997878838,42.9726030304143,870.557000000001 -4.08335896221569,42.9726979973092,870.952799999999 -4.08342802918629,42.9727480371827,871.162400000001 -4.0834540129559,42.9728020167336,871.368100000007 -4.08350002915632,42.9728200379505,871.382500000007 -4.08362500367698,42.9729590097632,871.931400000001 -4.08363296634366,42.9729679782837,871.979900000006 -4.08367202599052,42.972985999452,872.078599999993 -4.08379599439803,42.973031010284,872.136599999998 -4.08383103049076,42.9730460138874,872.201799999995 -4.08394502490366,42.9731399751273,872.732399999994 -4.08400797255057,42.9731500333804,872.979800000001 -4.08413001317351,42.9731399751273,873.820999999996 -4.08422104125786,42.9731379638708,874.031700000007 -4.08426697391498,42.973155984332,873.504000000001 -4.08433000600352,42.9731669647367,873.040200000003 -4.08439697720459,42.973141987041,873.773199999996 -4.08452597438106,42.9730959700039,873.677200000006 -4.08460803368565,42.973016006677,874.632100000003 -4.08463703489628,42.9729900232893,874.522299999997 -4.08468196144025,42.972969990203,873.9954 -4.08469503731753,42.9729210396159,873.882400000002 -4.08476100330379,42.972798999175,872.458899999998 -4.08475798586277,42.9727959816163,872.474600000001 -4.08479101062756,42.9727679862098,872.186499999996 -4.08481699439714,42.972743008352,871.993400000007 -4.0848380329411,42.9727109897234,871.979399999997 -4.08484498949465,42.9726369768977,872.444900000002 -4.0848380329411,42.9726040360514,872.766099999993 -4.08484901304882,42.9724819956387,873.015799999994 -4.08484297816672,42.9724590296008,873.303199999995 -4.08485395827444,42.9724020321708,873.213300000003 -4.08486896193633,42.9722690114515,873.6149 -4.08493501146592,42.9721929881212,871.3946 -4.08494498546052,42.9721319678659,871.581000000006 -4.08495596646654,42.9721079953949,871.328800000003 -4.08495001512777,42.9720599669498,872.140400000004 -4.08497599889738,42.9720090050024,871.738700000002 -4.08506702608343,42.9718919936241,872.969800000006 -4.08515503672676,42.9718639978061,870.357099999994 -4.08523499936346,42.971840025888,869.126499999998 -4.08526802412825,42.9718240163407,868.938999999998 -4.08544898974223,42.9717439691989,868.414600000004 -4.08548503194808,42.9717510100704,868.477799999993 -4.08556600069789,42.9717569611574,868.4663 -4.08561604135077,42.9717489981112,868.366999999998 -4.08572802353748,42.9717289659352,868.330199999997 -4.08581301584146,42.9717339948488,868.433799999999 -4.08595098179775,42.9717680252874,868.539199999999 -4.08610001230338,42.9718080067892,868.840299999996 -4.08623496081862,42.9718769897392,869.660600000003 -4.08626102813152,42.9719000401271,869.593099999998 -4.08631299656904,42.9719800035904,869.110199999996 -4.08633101767195,42.9720189793079,869.071899999995 -4.086334035113,42.9720479807014,869.073300000004 -4.08636999287718,42.97221503209,869.443100000004 -4.08637502254446,42.9722379988764,869.526100000003 -4.08639103142114,42.9723819995501,870.100999999995 -4.08641198642176,42.9724789780644,870.456399999995 -4.08650603104886,42.9726460295969,871.026700000002 -4.0865279921626,42.9726959860383,871.244399999996 -4.08654198971137,42.9727190361193,871.354099999997 -4.08659898691781,42.9727699981357,871.510200000004 -4.08670401165263,42.9728910330018,871.799299999999 -4.08684600116308,42.9729750196723,872.190300000002 -4.08690098704162,42.973039978794,872.243000000002 -4.08701196311518,42.9730870015021,872.480599999995 -4.08717297984165,42.9731490277524,872.604300000006 -4.08718697739042,42.9731490277524,872.640700000004 -4.08734799321856,42.9731709885622,872.658800000005 -4.08738504153752,42.9731819683069,872.594299999997 -4.08741999408692,42.9731819683069,872.654800000004 -4.08746098151839,42.9731740054452,872.767099999997 -4.08753700594088,42.9731539730761,872.967099999994 -4.08758201602818,42.9731590018731,872.731199999995 -4.08780497518674,42.973141987041,873.711500000005 -4.08783699383842,42.9731399751273,873.984899999996 -4.08790899470678,42.9731200262208,874.553899999999 -4.08794403079947,42.973108040179,874.6201 -4.0880239943345,42.9730920309618,874.358800000002 -4.0882160235995,42.9730490314339,874.346600000004 -4.08835801310995,42.973039978794,874.919099999999 -4.08854702493394,42.9730360397484,873.028099999996 -4.08856596770833,42.9730409850812,872.791500000007 -4.08867803433667,42.9730490314339,872.604699999996 -4.0887330193169,42.9730549823952,872.635699999999 -4.08886997916004,42.9730829783283,872.457200000004 -4.08904901698945,42.9730910246756,873.575299999997 -4.08935504066739,42.9731109735914,877.056299999997 -4.08950096929035,42.9731859921314,876.589500000002 -4.08952896438786,42.9732089585551,876.114799999996 -4.08964999979598,42.973309960239,874.512600000002 -4.08973298077203,42.9733539652093,873.719500000007 -4.08991101158999,42.9734380353782,874.845600000001 -4.08996197391436,42.9734739939607,875.037700000001 -4.09007999098314,42.9736149775083,875.349000000002 -4.09010597475275,42.9736309872467,875.466400000005 -4.09015199185146,42.9736309872467,875.607300000003 -4.0902310328167,42.9736630060537,875.816699999996 -4.09028702391003,42.9736810270183,875.982799999998 -4.09038903210213,42.9737650139245,876.602499999994 -4.0904929671805,42.9737859682394,876.827600000004 -4.09056102893632,42.9737960270442,876.946599999996 -4.09063403501946,42.973787980132,877.417100000006 -4.09072900221635,42.9737709648166,878.063200000004 -4.09091197915826,42.9737759942204,880.395699999994 -4.09103200755494,42.9737980382791,880.749500000005 -4.09108598732036,42.973779011731,881.912100000001 -4.09117399706539,42.9737840404769,881.799799999993 -4.09130299424186,42.9738029835507,881.261199999994 -4.09145797608626,42.9737749879453,881.371299999999 -4.09154196227713,42.9737380239203,881.882899999997 -4.09156501304731,42.9737090226664,882.465100000001 -4.09173198021423,42.9735749958667,884.807199999996 -4.09174296032195,42.973558986771,885.305399999997 -4.09186097828902,42.973496038785,883.526100000003 -4.09186500094486,42.973462007988,884.585800000001 -4.09191202415672,42.9733790269496,885.442800000004 -4.09192803303339,42.9733689687339,885.048599999995 -4.09197497180363,42.9732269796528,887.016000000003 -4.09197396569051,42.9731949606188,887.979399999997 -4.09204596655884,42.9731109735914,886.912899999996 -4.09206901643073,42.9730259814766,888.343500000003 -4.09209399498552,42.9729969798869,887.817899999995 -4.09209500109864,42.9729640392334,888.745999999999 -4.09217999340262,42.9728409925874,888.679499999998 -4.09219399095136,42.9727890249959,889.568400000004 -4.0922140233822,42.9727770388897,889.003599999996 -4.09226004048094,42.972699003602,890.513200000001 -4.09236003644681,42.9725840034965,890.691699999996 -4.09237596178016,42.9725789746525,890.324399999998 -4.09244796264848,42.9725320356879,890.041100000002 -4.0924570149716,42.9725040401612,890.9329 -4.09249297363411,42.9724899585899,890.325800000006 -4.09253002105474,42.9724629686834,890.285099999994 -4.09262901180579,42.9724030384683,889.454800000007 -4.09268500289915,42.972361966923,890.901500000007 -4.09273998787939,42.9723369889004,891.124800000005 -4.09286596851313,42.972333971319,889.649999999994 -4.09293000581649,42.9723369889004,888.869600000005 -4.09299597180274,42.9723199738408,888.698499999999 -4.09305196289606,42.9723020366095,888.716499999995 -4.09310895920424,42.9722700177513,888.686400000006 -4.09321599616529,42.9722219894326,888.924499999994 -4.09323996860693,42.9721459653869,890.155299999999 -4.09351296752011,42.9720150401968,889.592199999999 -4.09363601335784,42.9719690236312,889.939400000003 -4.09371899433388,42.9719560317175,890.070099999997 -4.09381102763305,42.9719130320526,890.568100000004 -4.09383701140266,42.9719019679486,890.717199999999 -4.09392703337389,42.9718719608374,890.700100000002 -4.09405200699622,42.9718410315375,890.023000000001 -4.09414697419314,42.9718329850267,889.480800000005 -4.09431201447374,42.9717739763727,889.544200000004 -4.09434403312542,42.9717619900686,889.661200000002 -4.09438602667,42.9717500044195,889.556899999996 -4.0944659893067,42.9717309772378,889.451700000005 -4.09457696627859,42.9716999643913,889.281600000002 -4.09470202434255,42.9716569652046,889.351899999994 -4.09478198697925,42.9716390277799,889.250100000005 -4.09492699393075,42.9715739843599,889.245899999994 -4.09496798136221,42.9715540356027,889.517200000002 -4.09511198309886,42.9714889914355,889.593599999993 -4.09528003992222,42.9714330007345,889.223899999997 -4.09540199700183,42.971403999051,889.057499999995 -4.09546997431602,42.9713709747254,889.201199999996 -4.09552697062416,42.9713319985972,889.324999999997 -4.09565596869896,42.9712539634479,889.344599999997 -4.09575202465399,42.9712169992222,887.686300000001 -4.09581799064025,42.9711920207345,887.282000000007 -4.09593902515004,42.9711819628185,887.650999999998 -4.09602804100819,42.971195038372,888.186000000002 -4.0961359996407,42.9711549729953,888.233500000002 -4.09616600696447,42.9711470098712,888.414199999999 -4.09622099284301,42.9711360297632,888.9807 -4.09629500503927,42.9711419809097,888.792000000001 -4.09635300746052,42.9711669587604,887.939799999993 -4.09638200867115,42.9711890037543,887.756399999998 -4.09645400953951,42.9711890037543,887.689799999993 -4.09649499697097,42.9712070247866,887.526500000007 -4.09658803638325,42.9712099582896,887.538 -4.09663497425516,42.9711890037543,888.124400000001 -4.09674997478121,42.9711999838528,888.616599999994 -4.09682499219226,42.9712060184694,887.717399999994 -4.09687503284517,42.9711999838528,888.606599999999 -4.09692700038436,42.9712180048818,888.712400000004 -4.09700302390852,42.9712849765193,888.356700000004 -4.09701501012936,42.9713129719435,887.549899999998 -4.09706597245376,42.9714149797685,887.094200000007 -4.09707703610478,42.9714739881096,886.782099999997 -4.09710000243334,42.9716629997764,885.527300000002 -4.09710796510001,42.9717510100704,885.2598 -4.09710897121313,42.9717950148415,885.106599999999 -4.09710603731544,42.9718380139317,884.973299999998 -4.09704200001208,42.9719769859915,884.287899999996 -4.09702297279606,42.9720359944507,884.070300000007 -4.0969900324729,42.9721199816316,883.544200000004 -4.09697704013894,42.9721739610765,883.413 -4.09694996671292,42.9722260126627,883.326199999996 -4.09693999181998,42.9723049700603,883.146599999993 -4.09691803160457,42.9723740365849,882.732399999994 -4.09687696062978,42.9724059719143,882.396099999998 -4.09677000721205,42.9724880307868,881.8609 -4.0967160274466,42.9725270068396,881.690700000006 -4.0966120079266,42.9726130052809,881.122900000002 -4.09653003306367,42.9726890287494,880.663 -4.09649700829887,42.9727320278717,880.427299999996 -4.09647697586803,42.9728040286584,880.608300000007 -4.09642400221573,42.9729079644294,878.883799999996 -4.0963769799022,42.9730930365908,878.651299999998 -4.09636398756824,42.9731480221243,878.366599999994 -4.096204983068,42.9733449967451,877.106499999994 -4.09618000541154,42.9734299890764,876.455100000006 -4.09610800454318,42.9736319928669,875.060100000002 -4.09611898465091,42.9737940151519,874.065799999997 -4.0961359996407,42.9738680272424,873.769199999995 -4.09611202809735,42.9739609829261,872.697499999995 -4.09612099597884,42.9740670134123,872.033899999995 -4.09618201673944,42.9741290399887,871.492899999997 -4.09630003380822,42.9742830154312,870.135399999999 -4.09632501236301,42.9743540101082,869.626699999993 -4.0964649896472,42.9745030404299,868.281199999998 -4.09648301075014,42.9745199720709,868.232300000003 -4.09671200479077,42.9745400046524,868.494300000006 -4.09679699709475,42.9745469617319,869.195399999997 -4.09684200808038,42.9745489729423,869.797900000005 -4.09687696062978,42.9745619649655,869.654299999995 -4.09693001782541,42.9745860212662,868.824200000003 -4.09697997403666,42.9745909664743,869.138900000005 -4.09705499144771,42.9746020307518,869.221900000004 -4.09711198865418,42.9746219798348,868.305399999997 -4.09716697453271,42.9746410061221,867.451400000005 -4.09722103694316,42.9746519869188,866.903900000005 -4.09727996193421,42.9746519869188,866.910499999998 -4.09731801636628,42.9746519869188,866.751900000003 -4.09737803011547,42.9746470417155,866.751499999998 -4.09747299731236,42.9746379886537,866.367800000007 -4.09751800829799,42.9746189617082,866.887600000002 -4.09759000916631,42.9746160283678,865.8701 -4.09765899169529,42.9745929783405,865.545199999993 -4.09775898766116,42.9745410102577,867.054399999994 -4.09776502254323,42.9745389983898,867.055699999997 -4.09779502986697,42.9745209776766,867.491200000004 -4.09782998241637,42.9744880365248,868.795800000007 -4.09789502583284,42.9744560181473,868.948999999993 -4.09812502598662,42.974386029196,866.797000000006 -4.09814799231514,42.974384017323,866.247700000007 -4.09821798095727,42.9743450411325,866.3992 -4.0983670114629,42.9742850273075,865.627399999998 -4.09844001754605,42.9742710289589,864.513300000006 -4.09853096118877,42.9741879648826,867.475000000006 -4.09862802325692,42.9741420314433,867.3891 -4.09868401435024,42.9741019660146,867.042300000001 -4.09875500910548,42.9740650021861,867.7212 -4.09885802341066,42.9740059937019,869.641399999993 -4.09904896301925,42.9739500026633,867.552100000001 -4.09910797155366,42.973927035859,867.496299999999 -4.09931198703949,42.9738599809968,866.058999999994 -4.09934802924534,42.9738540294561,865.388099999996 -4.09954098018183,42.9737930095343,864.168799999999 -4.09959202604956,42.9737749879453,864.142699999997 -4.09968095836434,42.9737569670082,863.857699999993 -4.09980299898729,42.9737250323803,863.746599999999 -4.09981599042291,42.9737250323803,863.714800000002 -4.09983401152585,42.973722014867,863.6924 -4.09986703629064,42.9737120401804,863.702799999999 -4.09999100469815,42.9736989645047,863.683799999999 -4.10006300556648,42.9736979582284,863.519 -4.1003560369105,42.9736940192248,863.725300000006 -4.10052300407741,42.9736889898143,864.197700000004 -4.10062098871531,42.9737080170475,864.246899999998 -4.10074596323597,42.9737479986027,864.504199999996 -4.10080396565723,42.9737719704344,864.515799999994 -4.1008260103143,42.9738120360781,864.394799999995 -4.10091301394622,42.9738759900142,864.442299999995 -4.10094302126996,42.9739059974622,864.424299999999 -4.10099096615331,42.9740049874305,864.488599999997 -4.10102700835912,42.9740570394388,864.555300000007 -4.10108601689352,42.9740940032721,864.450800000006 -4.10113597310478,42.9741209931201,864.422099999996 -4.10117696053624,42.974160975064,864.423200000005 -4.10126999994852,42.9742540137771,864.422300000006 -4.10127402260439,42.9742670058626,864.414600000004 -4.10144803076649,42.9744049720843,864.407900000006 -4.10147996587484,42.9744410142307,864.4764 -4.10151802030691,42.9744789840967,864.450299999997 -4.10156001295316,42.9745550078876,864.312300000005 -4.10160896394963,42.9745919720788,864.518100000001 -4.10167803092027,42.9746850114544,864.251000000004 -4.10169202846901,42.9747170303699,864.076000000001 -4.10175899967008,42.9747789728192,864.002800000002 -4.1018640253032,42.9748929665069,863.908500000005 -4.10193401394529,42.9749620334114,863.791599999997 -4.10196402126907,42.975000003613,863.777300000002 -4.10199796770532,42.9750290049153,863.616800000003 -4.10219502663764,42.9752099701036,864.161900000006 -4.10226400916661,42.9752709905911,864.826100000006 -4.10238797757412,42.9754080344116,864.191500000001 -4.10248403442746,42.9755119697253,864.155400000003 -4.10251798086374,42.9755520355499,863.944199999998 -4.10255997440832,42.975588999799,864.469500000007 -4.10257598418332,42.9756380337046,863.417300000001 -4.10260699672189,42.9757100343751,862.418600000005 -4.10268603858539,42.9758200046567,861.393599999996 -4.10269500646688,42.9758350082369,861.312900000004 -4.10274496267814,42.9758960287615,860.904599999994 -4.10278100488398,42.9759110323231,860.6342 -4.10286096841901,42.9760159736823,859.984599999996 -4.10290799073254,42.9761680213133,859.893599999996 -4.10294897816401,42.9762489907199,859.659799999994 -4.10297001670796,42.976438002828,858.878599999996 -4.10297697415985,42.9764730388664,858.626300000004 -4.10298602648297,42.9765169600759,858.325899999996 -4.10295501394441,42.9765980131492,858.5671 -4.10286901552731,42.9767460377214,858.034 -4.10274999234542,42.9768010226177,857.418399999995 -4.1027489862323,42.9768180384092,857.389999999999 -4.10275896112524,42.9768590254815,857.391900000002 -4.10278997366377,42.9769190400808,857.394100000005 -4.1027820109971,42.9769720136913,857.262000000002 -4.10277597611503,42.9770399911996,857.038400000005 -4.10272803123168,42.9771190324573,856.779599999994 -4.10262300649686,42.9772249792881,856.201199999996 -4.10257900162434,42.9772600161926,856.040399999998 -4.10251303563808,42.9773480257064,855.662299999996 -4.10251999308997,42.9773900192987,855.482000000004 -4.10250398331497,42.9774470160492,855.222399999999 -4.10243198244664,42.9775709847685,854.695699999997 -4.10243399467287,42.9776490197892,854.432199999996 -4.10242896500559,42.9776839723272,854.292100000006 -4.10244204088287,42.9777210207341,854.196599999996 -4.10245997844248,42.9777820407016,854.015100000004 -4.10241697878475,42.9778060129324,853.809800000003 -4.1024100222312,42.9778370259859,853.727299999999 -4.10239803601036,42.977899974129,853.561799999996 -4.10241899101102,42.9779409617947,853.306599999996 -4.10243097723182,42.9779770038403,853.154699999999 -4.10248998576623,42.9780360124575,852.930099999998 -4.10252896097146,42.978072976528,853.005699999994 -4.10259098784518,42.9781350030071,853.030199999994 -4.10263499271769,42.9781780022651,853.041200000007 -4.10271302756979,42.9783149620554,852.050700000007 -4.10276700733521,42.9783729648056,851.737099999998 -4.10286197453213,42.9784069955139,851.560599999997 -4.10295601915923,42.9784009602894,854.537700000001 -4.10297898548775,42.9783990326715,855.748699999996 -4.10309800866964,42.9784250164027,858.934699999998 -4.10310001999758,42.9784260226017,858.953500000003 -4.10318098964569,42.9784749727502,857.096799999999 -4.10336799014177,42.9785960075609,860.125700000004 -4.10342901000408,42.9786670018591,860.5861 -4.10350603964135,42.97869902133,856.017900000006 -4.10353998697597,42.9787110069393,854.395499999999 -4.10357401695555,42.9787260104713,853.143400000001 -4.10365196916264,42.978788036949,850.285099999994 -4.10367895814704,42.9788270129523,848.862899999993 -4.10373796668141,42.9789000193663,846.893899999995 -4.10385196109435,42.9790069719468,845.738200000007 -4.10388397974603,42.9790330402012,845.709000000003 -4.10410199278064,42.9792920410004,847.990000000005 -4.10412998877648,42.9793219643119,847.803400000004 -4.10421397496731,42.9794699882417,847.918999999994 -4.10421699240836,42.9795229622834,847.926099999997 -4.10422503951669,42.9795819707314,847.871400000004 -4.10422696730126,42.9798289851438,847.743300000002 -4.1041839685419,42.9800009818569,847.697100000005 -4.10419796609064,42.9801080192726,847.766099999993 -4.10422696730126,42.9802279638639,847.876900000003 -4.1042449884042,42.9802999644178,848.019400000005 -4.10424197096315,42.9803350008845,848.113400000002 -4.1042469997321,42.980398032563,848.220199999996 -4.10423995963522,42.9805009624781,848.478700000007 -4.10423903706543,42.9805520080812,848.757299999997 -4.10422001074771,42.9805960131268,848.479099999997 -4.10418002853106,42.9806929918316,847.9326 -4.10413200010438,42.9808769746008,847.908299999996 -4.10414197499732,42.9810740335584,847.995200000005 -4.10412596522231,42.981215016769,848.122700000007 -4.10413200010438,42.9813130013064,848.181800000006 -4.10414700376627,42.9813819841094,848.477199999994 -4.10413501754543,42.9814570024173,848.676500000001 -4.10408397167773,42.9816020093378,848.026899999997 -4.10403703380583,42.9817699824288,848.100099999996 -4.10404600168728,42.981882970815,848.217699999994 -4.10405203656938,42.9818930289525,848.204899999997 -4.10408296646291,42.9819490199878,848.088399999993 -4.10414800987938,42.9820660312885,848.983300000007 -4.10427600184106,42.9822780095821,849.883600000001 -4.10431003182064,42.9823690375459,848.774000000005 -4.1043390330313,42.9824289679064,848.344100000002 -4.1044189965663,42.9825650060722,847.050300000003 -4.10446702499298,42.9826329833118,846.767200000002 -4.10452502741424,42.9827199875497,846.333299999998 -4.10463902182718,42.9828670063728,845.735799999995 -4.10464799060696,42.9828830156739,845.697700000004 -4.10466601170987,42.9829140287953,845.807700000005 -4.10472895935678,42.9830239993365,846.187999999995 -4.10478998011738,42.9831270129158,846.674400000004 -4.10486700975469,42.9832290208592,846.761799999993 -4.10497496838723,42.9833290163959,847.3177 -4.10509902033807,42.9834789686519,848.240300000005 -4.10515400621661,42.9835880174991,847.0723 -4.10518996398079,42.9837050289661,845.915699999998 -4.1053099932758,42.9838539755092,845.941999999995 -4.10536397214292,42.983900997834,846.020600000003 -4.10551996010041,42.9839660413591,846.127500000002 -4.10582195932589,42.9841040075057,847.082399999999 -4.10589898896319,42.9841330091142,847.319600000003 -4.10609303045446,42.9842539598428,846.813299999994 -4.10619403253345,42.9843029940673,846.601999999999 -4.10632403582302,42.9843879863676,847.152400000006 -4.10642202046096,42.984486976548,848.361900000004 -4.10651497543161,42.9845879787654,849.645600000003 -4.10657499007913,42.9846650079837,849.645099999994 -4.10661698362371,42.9847909881399,850.836899999995 -4.10662502983372,42.9848059921598,851.117599999998 -4.10664598483434,42.9849479814477,852.842699999994 -4.10667297471703,42.9850919825874,854.925399999993 -4.1066240237206,42.9852720257593,855.042000000001 -4.10657700140703,42.9853349735191,854.455499999996 -4.10650801887806,42.9854079800912,853.739199999996 -4.10637097459326,42.9855379837126,853.575200000007 -4.10635597093137,42.9855549990576,853.643800000005 -4.10632302970991,42.9855929686323,853.9473 -4.10630098505284,42.9856359679316,854.184899999993 -4.10626896640116,42.9856789672009,854.669599999994 -4.10622303374407,42.9857180268924,854.736799999999 -4.10615203898883,42.9857699947291,854.800799999997 -4.10598699960652,42.9858880120627,855.174599999998 -4.10597098983155,42.9859099722659,855.281400000007 -4.10583503520317,42.9860650373099,855.983399999997 -4.10572104168856,42.9861760142009,856.585099999997 -4.10567301326191,42.9862279816504,856.764200000005 -4.10564996339002,42.9862460028754,856.757700000002 -4.1055959836246,42.986330995118,857.053700000004 -4.10557100506981,42.9863459987619,857.098700000002 -4.10545097667313,42.986497041067,857.416100000002 -4.10535098070726,42.9865960311369,857.635999999999 -4.10532901959352,42.9866049996399,857.617299999998 -4.10513196155954,42.9867179876828,857.604399999997 -4.10493699839678,42.9868439675746,857.368499999997 -4.10477497645553,42.986951004905,856.820600000006 -4.10474396301867,42.9870169704351,857.655400000003 -4.10473901779301,42.987037002888,857.729399999997 -4.10473700646508,42.9870629869114,857.8891 -4.10464799060696,42.9872570282486,858.077799999999 -4.10460297962133,42.9873880372975,858.298800000004 -4.10449602620361,42.9875219801063,858.219200000007 -4.10444900389004,42.9876199644486,858.306500000006 -4.10442000267941,42.9876760396362,858.303799999994 -4.10441497301213,42.9876969938104,858.395499999999 -4.10440701034546,42.9877610318727,858.454100000003 -4.10440801645858,42.9877890276817,858.464000000007 -4.10440701034546,42.987871002286,858.518899999995 -4.10444900389004,42.9879279991773,858.289399999994 -4.10451102986546,42.9879720042002,859.834199999998 -4.10458101850759,42.9880350359344,860.445999999996 -4.10466500559675,42.9880969787668,861.831600000005 -4.10474698045968,42.9881460125544,862.952300000004 -4.10475502756802,42.988149030017,863.049400000004 -4.10485200609283,42.9881539754486,863.686799999996 -4.10497203448951,42.9881790370708,863.926000000007 -4.10504596314244,42.9881750142274,864.255000000005 -4.10514998266244,42.9881630278347,864.561700000006 -4.10526003706455,42.9881419890517,865.058699999994 -4.10539397946666,42.9881519640261,865.7647 -4.10553898641813,42.9881709907267,866.438599999994 -4.10557301729604,42.9881900174213,866.530100000004 -4.10561903349649,42.9882060273076,866.936700000006 -4.10576999178673,42.9882409797582,867.638000000006 -4.10580796177715,42.988255982936,867.786200000002 -4.10584802753712,42.9882429911778,867.789999999994 -4.10594500606194,42.9882190190736,868.104800000001 -4.10604097847365,42.9882170076532,868.521299999993 -4.10623996519053,42.9881590043331,869.785600000003 -4.10631498349991,42.9881419890517,870.118199999997 -4.10635203092054,42.9881470185943,870.316399999996 -4.10639603579305,42.9881440011316,870.988899999997 -4.10642000823473,42.9881369601658,871.206200000001 -4.10649703787204,42.9881379662059,871.488200000007 -4.10655001152434,42.9881470185943,872.142099999997 -4.10666802859308,42.9881409836688,873.213499999998 -4.10679501444165,42.9881190229485,874.235700000005 -4.10695795895272,42.9881050251207,876.005600000004 -4.10697497394251,42.988102007656,876.2693 -4.10700296993835,42.9880999962318,876.811600000001 -4.10703197114898,42.9880910272898,877.1348 -4.10712098700713,42.9880649595904,878.037599999996 -4.10718795820817,42.9880659656316,878.632700000002 -4.10728300894839,42.9880460163105,879.647100000002 -4.10738501714049,42.9880300070397,880.814899999998 -4.107413012238,42.9880310130815,881.177100000001 -4.10742701068507,42.9880290009979,881.381500000003 -4.10751200298905,42.9880050288102,882.963099999994 -4.10753597543073,42.9879939649731,883.402300000002 -4.10770403225408,42.987968986729,885.962299999999 -4.10781802576869,42.9879549888671,887.5726 -4.1078460217645,42.9879460205611,888.000100000005 -4.10792196174537,42.9879269937909,888.985499999995 -4.10797895895183,42.9879190308673,889.645600000003 -4.10802396903914,42.9879030215634,890.1443 -4.10804802592244,42.9878959805699,890.421100000007 -4.10809203079496,42.987877037238,890.919599999994 -4.10823402030541,42.9878480360815,892.520000000004 -4.10829998539333,42.9878290092809,893.277400000006 -4.10831700038312,42.9878259918026,893.488299999997 -4.10837802114376,42.9878069643382,894.284400000004 -4.1084429810169,42.9877939724851,895.071400000001 -4.10849503209942,42.9877770412136,895.569000000003 -4.10854498831067,42.9877700002058,896.171199999997 -4.10871597903175,42.9877199607285,898.203500000003 -4.10874003501672,42.9877130038251,898.491999999998 -4.10891303796403,42.9876389913138,899.9139 -4.10902502015074,42.9875919685626,900.718999999997 -4.10908000513094,42.9875730257941,901.218299999993 -4.10912903967074,42.9875300265355,901.431100000002 -4.10916902098909,42.9875079821427,901.762199999997 -4.10921202064679,42.9875030366591,902.029200000004 -4.10929801906389,42.9874349760932,902.514200000005 -4.1093609667108,42.9874329639901,903.137700000007 -4.10941603613266,42.9874030406834,903.4179 -4.10953698709916,42.9873179644974,903.873999999996 -4.10953899842706,42.9873199759472,903.907800000001 -4.10958099197164,42.9873039664872,904.036699999997 -4.1097160240302,42.9872469696745,904.732900000003 -4.10974301391293,42.9872329716482,904.595199999996 -4.10980503988835,42.9872160402222,904.900800000003 -4.10986203709482,42.9871950017722,904.973199999993 -4.10995499206547,42.9871769808253,904.965800000005 -4.11012698889967,42.987118977838,905.220499999996 -4.11017602343943,42.9871010409808,905.427200000006 -4.11023201453279,42.9871110154669,906.052500000005 -4.11036897437595,42.9870919884383,906.200500000006 -4.11043301257761,42.9870869594664,906.425900000002 -4.11047400000907,42.9870889709238,906.641099999993 -4.11059796841658,42.9870649983695,907.350999999995 -4.11067902070973,42.9870619808537,907.844200000007 -4.11080600655829,42.9869860408671,907.461599999995 -4.11100599938833,42.986905993748,908.751000000004 -4.11101899082395,42.9868999587007,908.805699999997 -4.11117598399626,42.9868520147496,909.735100000005 -4.11118897633021,42.986846985101,909.716199999995 -4.11132903805606,42.9867199991522,908.501399999994 -4.11141796947255,42.9866780060179,908.712400000004 -4.11147798412007,42.9866569673838,908.671600000001 -4.11160698129653,42.9866159802715,909.127999999997 -4.11168300571905,42.9866090232432,909.882500000007 -4.1117229870374,42.9865889899938,910.159899999999 -4.11180496190033,42.986557977412,910.366200000004 -4.11187000531677,42.9864979630212,910.008000000002 -4.11193597130306,42.9864559697353,910.354600000006 -4.11198902849866,42.9864129703524,910.621199999994 -4.11212397701393,42.9863360241516,911.277300000002 -4.11216102533286,42.986322026575,911.438500000004 -4.11219497176914,42.9862729926467,911.615699999995 -4.11226596652435,42.98620996042,912.000400000004 -4.11230301484331,42.9861940347841,912.2166 -4.1123829783783,42.986170984497,912.554799999998 -4.11255002908855,42.9860999903208,912.801699999996 -4.11260199752607,42.9860500342545,912.667799999996 -4.11266997484022,42.9859790392814,912.262300000002 -4.11273803569775,42.9859330226509,911.895799999998 -4.11281003656607,42.9859050273109,911.648799999995 -4.1129449850813,42.9858610221225,911.228099999993 -4.11313600823322,42.9858180229806,910.680300000007 -4.1131780017778,42.9857870100099,910.428599999999 -4.11322603020449,42.9857529794436,910.6348 -4.11325302008718,42.9857399871564,910.7065 -4.11338604081784,42.9856549947538,910.491500000004 -4.11345703557305,42.9855860114882,910.691200000001 -4.11351696577891,42.9855539929753,910.689100000003 -4.11367898772017,42.9854779689831,910.972800000003 -4.11369801493622,42.9854619597005,911.077099999995 -4.11374403203497,42.9854219778759,911.173800000004 -4.11381502679018,42.9853389972055,911.963099999994 -4.11390697564772,42.9852619675174,913.333100000003 -4.11392499675062,42.9852170405524,913.868700000006 -4.1139140166429,42.9851889607719,913.973499999993 -4.11399699761898,42.9851339754908,914.541299999997 -4.11405198259918,42.9850380026532,915.030599999998 -4.11414602812461,42.9849410242306,915.869200000001 -4.11420503665898,42.9848830217621,916.363299999997 -4.11430696040942,42.9848230070503,917.078299999994 -4.11435398272299,42.9847919942348,917.395199999999 -4.11446101968404,42.9847220052191,918.050199999998 -4.11458699941949,42.9846700371536,918.791599999997 -4.11459596819928,42.9846619910073,918.857600000003 -4.11462698163614,42.9846550337578,919.007700000002 -4.11469697027826,42.9845879787654,919.944499999998 -4.11473200637096,42.9845309814058,920.329899999997 -4.11481498734701,42.9844619988502,920.802500000005 -4.11486200966057,42.9844319912962,921.029699999999 -4.11495697685746,42.9843620025278,921.502600000007 -4.11504901015662,42.9842889960278,921.834099999993 -4.1151340024606,42.9842129724426,922.176099999997 -4.11516602111228,42.9841480126375,922.291500000007 -4.11519804066226,42.9841330091142,922.449900000007 -4.11536500782917,42.9839379616643,923.140599999999 -4.11543197903024,42.9838849881408,923.354399999997 -4.1154629924671,42.9838079586022,923.576499999996 -4.11549702244672,42.9837780355025,923.552599999995 -4.11554102821753,42.9837519672884,923.582200000004 -4.11562400829528,42.9836239760609,923.572799999994 -4.11564697552213,42.9835799712111,923.5573 -4.11567698194758,42.9834959839097,923.693299999999 -4.11573599048195,42.9833900367125,923.850999999995 -4.11580598002238,42.9833460316952,924.274399999995 -4.1158680059978,42.9832799827089,924.880699999994 -4.11593103808633,42.9832610392687,925.270000000004 -4.11596498452262,42.9832580222234,925.402100000007 -4.11607797282241,42.9832369837332,926.316500000001 -4.11613203613115,42.9832339660295,926.317500000005 -4.11627997608205,42.9832239915713,926.646699999998 -4.11642196559246,42.9831509850343,927.7454 -4.11654400621541,42.9830820022446,928.031600000002 -4.11655800376414,42.983057023976,928.170599999998 -4.11660502697601,42.9830039662331,928.563500000004 -4.11666001195625,42.9829479755013,928.869300000006 -4.11667803305915,42.9829280264907,928.934999999998 -4.11670099938771,42.9828639886509,929.703599999993 -4.11673704159352,42.9828629831817,929.372199999998 -4.11676000792208,42.9828369986973,929.568499999994 -4.11680099535355,42.9828130264564,929.538199999995 -4.11693602831044,42.9827230052786,929.9951 -4.11699000717753,42.9827240107501,930.415699999998 -4.1170100405067,42.9826719595064,930.301099999997 -4.117063014159,42.9826280380932,930.4467 -4.11711498169819,42.9825650060722,930.771299999993 -4.11721196022301,42.9824599812568,931.671499999997 -4.11730399352218,42.9823469926167,932.580799999996 -4.11736501338448,42.9822490084127,933.336800000005 -4.11741295826783,42.9821429775766,933.981599999999 -4.11741999926302,42.982007023253,934.630399999995 -4.11740901915529,42.981981039064,934.761700000003 -4.11739703293446,42.9819389618595,934.847099999999 -4.1173660194976,42.981835026237,935.164099999995 -4.11732603817925,42.9817320124644,935.410799999998 -4.1173149736299,42.9817040171829,935.546400000007 -4.11731899718406,42.9816790390116,935.680099999998 -4.11722101254613,42.9815259857158,935.949500000002 -4.11714599423675,42.9814419988945,936.069600000003 -4.11710098414942,42.9814060403708,936.122300000003 -4.1169940307317,42.9813050388404,936.404899999994 -4.11692202986337,42.9812789708921,936.268800000005 -4.11688900509858,42.981236977327,936.357399999994 -4.11687199010879,42.9812059646741,936.552500000005 -4.11675900180897,42.9811349700215,936.114700000006 -4.11674098070606,42.9811170327326,936.236600000004 -4.11673402415251,42.9810850138636,936.500100000005 -4.11669001927999,42.9810130129147,936.776100000003 -4.11667602173122,42.9809840118059,936.819499999998 -4.11664802573541,42.9809629731947,936.6783 -4.11661600708373,42.9809400063809,936.477899999998 -4.11651701633268,42.98080103486,936.310500000007 -4.11640000537702,42.9806759764552,936.407200000001 -4.11640201670495,42.9806520046861,936.535799999998 -4.1163460256116,42.9805739688761,936.732600000003 -4.11631803051409,42.9805299638148,936.878800000006 -4.11628601096411,42.9804719611278,937.169500000004 -4.11625499842555,42.9804220050884,937.549199999994 -4.11623798343576,42.980383029439,937.768599999996 -4.11621099355304,42.9803370125628,938.2209 -4.11613103001804,42.9802559598175,938.944000000003 -4.11606296916052,42.9801849647252,939.494699999996 -4.11595702185591,42.9800910037343,940.473100000003 -4.11590203687571,42.9800060114084,941.001999999993 -4.11579902257049,42.9798960407265,941.596699999995 -4.11574697148797,42.9797910152951,942.067500000005 -4.11573004004151,42.9797829685101,942.1299 -4.11567597673276,42.9797510337256,942.375899999999 -4.11567203672193,42.9797330125682,942.466400000005 -4.11569299172255,42.9795880058399,942.885299999994 -4.11567597673276,42.9795679729313,942.982999999993 -4.11568100550171,42.9795350318543,943.060400000002 -4.11566499662504,42.9794839860641,943.166500000007 -4.11569902660465,42.9793509655475,942.919699999999 -4.11567103150711,42.9792529811693,942.652199999997 -4.11564001807025,42.9791900330969,942.472399999999 -4.11562400829528,42.9791160208395,942.028999999995 -4.11557899820794,42.9789649788016,940.956699999995 -4.1155489908842,42.9788909669305,940.726899999994 -4.11555200832525,42.9788000231981,940.066300000006 -4.11556600587399,42.9786919799396,939.418000000005 -4.11561302818756,42.978647975503,938.760399999999 -4.11562501440839,42.9786260146774,938.536300000007 -4.1156530104042,42.978584021272,938.025999999998 -4.11564898685004,42.9785509968587,937.871199999994 -4.11566600183986,42.978439014463,937.1005 -4.11563700062923,42.9783710371869,937.168099999995 -4.11563197186025,42.978269029727,936.918999999994 -4.11565602784525,42.9782130379693,936.5334 -4.11569500305049,42.9781260339258,936.235199999996 -4.11570003271777,42.9780070112589,935.589099999997 -4.11569399783567,42.9779609945762,935.332899999994 -4.11569701527672,42.9779200069239,935.071500000005 -4.11570497794339,42.9779029914373,934.930099999998 -4.11573800270818,42.9778699673154,934.708299999998 -4.11578100146758,42.9778070191416,934.282500000001 -4.11575803513902,42.9776989761099,934.1878 -4.11575602381109,42.9775610100489,933.923599999995 -4.11574596537485,42.9774350301936,933.072400000005 -4.11571998160528,42.9774050231531,933.209400000007 -4.1157059840565,42.9773890130827,933.176500000001 -4.11568502905588,42.9772859997478,932.337 -4.11570900149756,42.977198995707,931.530499999993 -4.11571998160528,42.977151972857,931.129799999995 -4.11571998160528,42.9770399911996,930.367499999993 -4.1157570299242,42.9769099873534,929.394199999995 -4.11577303880091,42.9768860154305,929.192800000004 -4.11576197514986,42.9767710159251,927.946299999996 -4.11576499259091,42.9767519889823,927.755999999994 -4.11575996292363,42.97669197422,927.105899999995 -4.11582802378112,42.9765189718791,926.294599999994 -4.11593698852677,42.9763909800532,926.117499999993 -4.11594201819406,42.9763599669277,925.983200000002 -4.11603698539094,42.9762349928183,926.300600000002 -4.11605902914968,42.9761629921051,926.520300000004 -4.1160619630474,42.9761270337803,926.638300000006 -4.11610999147408,42.9760410356523,927.380000000005 -4.11611803768409,42.9759899902476,927.153600000005 -4.11612197769492,42.9759579713378,926.8995 -4.11611896025387,42.9759429677875,926.715700000001 -4.11618601499824,42.9757970385509,926.310200000007 -4.11619196633701,42.9757370241711,925.9899 -4.11623496599471,42.9755490181262,925.539499999999 -4.11627402564157,42.975492020931,925.787200000006 -4.11623898865055,42.9754170032322,925.171499999997 -4.11622800854286,42.9753529654563,925.052299999996 -4.11621199876785,42.9753050210444,924.948399999994 -4.11623496599471,42.9751939607762,925.296199999997 -4.11626296109222,42.9751529732513,925.425499999998 -4.11626296109222,42.9751320180877,925.410399999993 -4.11626899597432,42.975000003613,925.418399999995 -4.116292968416,42.9749089759125,925.144799999995 -4.11630596074995,42.9748679881977,924.963300000003 -4.11631300084681,42.9747249930317,924.201199999996 -4.11637997294621,42.9745750411149,923.504700000005 -4.11641098548474,42.9745069800389,923.202999999994 -4.11640402893119,42.9744769728841,923.031799999997 -4.11641299681268,42.9744100014363,922.460399999996 -4.11643797536747,42.9742540137771,921.219100000002 -4.11644702769059,42.9742499906798,921.214099999997 -4.11646002002454,42.9742069913042,920.833100000003 -4.11648600379412,42.9741120247677,920.448499999999 -4.11655004109747,42.9740280376782,920.118400000007 -4.11657300742603,42.973916977733,919.923699999999 -4.11656496121603,42.9738339966512,919.213199999998 -4.11657803709331,42.9737630020312,918.885299999994 -4.11662598107834,42.97368496668,918.812399999995 -4.11664299696646,42.9736169894065,918.322499999995 -4.11668498961271,42.9735409657706,918.065199999997 -4.11671399172166,42.9734859799311,917.835800000001 -4.11666101806936,42.9733859841605,917.565199999997 -4.11667803305915,42.9732729959346,917.464500000002 -4.11668096695687,42.9732510351612,917.341100000005 -4.11663503429975,42.9731590018731,917.021900000007 -4.11660896608855,42.9731070345503,916.950400000002 -4.11661801841166,42.9730650413196,916.888300000006 -4.11661902452478,42.9730409850812,916.879499999995 -4.11659899209394,42.9729730077532,916.955199999997 -4.11660100342184,42.9728939664246,917.035300000003 -4.11659304075517,42.9727470315481,917.240000000005 -4.11659597375459,42.9727359675942,917.244999999995 -4.11660402086289,42.9726740250589,917.234899999996 -4.11660402086289,42.9726349656248,917.382100000003 -4.11660703830394,42.972496999376,917.904299999995 -4.116589017201,42.9724229869501,917.997300000003 -4.11657895876477,42.9722700177513,918.417400000006 -4.11657996487788,42.9722339749898,918.475600000005 -4.11659002331415,42.9722059799847,918.465500000006 -4.11657602486705,42.9720980211038,918.664499999999 -4.11657895876477,42.9719710349259,918.945099999997 -4.11655498632313,42.9719339869986,919.185299999997 -4.11656001599038,42.9718810136491,919.425799999997 -4.11652103988684,42.9717220085369,920.609800000006 -4.11652003377373,42.9717110285315,920.709900000002 -4.11650603622496,42.9716690350049,921.074999999997 -4.11645901391142,42.9716250301436,921.705100000006 -4.11647200624538,42.9716009739992,921.838199999998 -4.11641802647996,42.9714709704859,923.046700000006 -4.11639497570977,42.9714510216953,923.457599999994 -4.11640796804372,42.9714149797685,923.528399999996 -4.1164829863531,42.971277013412,922.682199999996 -4.11646597046498,42.9711380417424,921.699999999997 -4.11645398514247,42.9711119734276,921.613599999997 -4.11642498303351,42.9710709864685,921.643100000001 -4.11641400292579,42.9710320101502,921.5533 -4.11637402160744,42.9709020067489,921.405199999994 -4.11636304149972,42.970832018354,921.418300000005 -4.11639397049495,42.9706779586818,921.175099999993 -4.11638801915618,42.9706490414339,921.158899999995 -4.11634703172472,42.9705059621831,921.569499999998 -4.11627796475411,42.9703840056857,921.876099999994 -4.11620303088636,42.9702310360167,922.319000000003 -4.11616296512639,42.9701250048328,922.5579 -4.1160949878122,42.9700019584226,922.949900000007 -4.11609398169908,42.9699520024222,922.941200000001 -4.11607797282241,42.9699359930407,923.057700000005 -4.11599096829219,42.9698540175279,923.737299999993 -4.11590597598821,42.969737006651,924.402199999997 -4.11585501366384,42.9696120322286,924.943100000004 -4.11576298036464,42.969550006355,925.432799999995 -4.11571797027734,42.9694749879812,925.820800000001 -4.11571000671234,42.9694390296897,926.060899999997 -4.11570003271777,42.9693989644838,926.332699999999 -4.11562400829528,42.9693220180233,927.389500000005 -4.11562300308046,42.9692800248374,927.909899999999 -4.11558603830483,42.9692149815519,928.550099999993 -4.11549702244672,42.9690900073835,928.018700000001 -4.11549299979085,42.9690750034724,928.3122 -4.11545201235938,42.9690370335566,930.157699999996 -4.11543499647126,42.9689879996465,930.666500000007 -4.11546701602127,42.9689210281372,930.956200000001 -4.11552501844252,42.9688350297921,931.824900000007 -4.11559299575672,42.9687679746367,932.222099999999 -4.11563700062923,42.9686979857854,932.670800000007 -4.11568201161483,42.9686600156368,932.790900000007 -4.1158860271007,42.9685849974921,934.346300000005 -4.11596003929696,42.9685890209601,934.783299999996 -4.11603497316471,42.968594972353,935.2503 -4.11612097158181,42.9685639592399,936.119000000006 -4.11616296512639,42.9685470272738,936.389500000005 -4.1162069699989,42.9685460215704,936.670199999993 -4.11638701304307,42.9684720096486,938.344500000007 -4.116405034146,42.9684590176536,938.5046 -4.11643898148058,42.9683990033434,939.056700000001 -4.11648902123517,42.9683460295787,939.512499999997 -4.11650402489706,42.9682130086324,940.853199999998 -4.11650402489706,42.9682030343668,940.978799999997 -4.11649002734828,42.9681759604133,941.4277 -4.11642003780786,42.9680649845555,942.818299999999 -4.11626296109222,42.9679730348757,943.876199999999 -4.11611803768409,42.9678970108365,945.634000000005 -4.11599298051842,42.9678530059058,946.610499999995 -4.11594402952196,42.9678000323282,947.554900000003 -4.11589801332154,42.9677779880916,947.942899999995 -4.11583397511989,42.9677209909248,948.972500000003 -4.11580296258132,42.9677009580942,949.333499999993 -4.1157290339284,42.9676049856528,950.616500000004 -4.11571595805111,42.9675070009637,952.010999999999 -4.11576599780569,42.9674059989527,953.943599999999 -4.11576700391881,42.9674049932307,953.964200000002 -4.11581402623238,42.9673469906528,955.323099999994 -4.11585601977696,42.9673139654635,956.253100000002 -4.11590295854719,42.9672889880201,956.751699999993 -4.11594000686612,42.9672559627997,957.673699999999 -4.11598702917969,42.9672009779146,959.221999999994 -4.11605902914968,42.9671360178845,960.941999999995 -4.11611602635615,42.9670800271649,962.245800000004 -4.11611803768409,42.9670800271649,962.247399999993 -4.11615701378762,42.9670480082174,963.195600000006 -4.11618400367034,42.967014983525,963.995500000005 -4.11623001987076,42.9669849760014,964.779500000004 -4.11628500574929,42.9669370316394,965.992599999998 -4.11630503818013,42.9669149870935,966.568899999998 -4.11631995829869,42.9668950381399,967.068100000004 -4.11633102194974,42.9668750056976,967.527100000007 -4.11641199159786,42.9667969701523,969.493199999997 -4.11651399889163,42.9667119772001,971.409199999995 -4.11656001599038,42.9666300026494,972.540599999993 -4.11660703830394,42.9665999955954,972.941600000006 -4.11667702694603,42.9665529725291,973.844899999996 -4.11672698315729,42.9665219597011,975.183600000004 -4.11688799988376,42.9664900246033,975.247099999993 -4.11693996742295,42.966431016082,977.091499999995 -4.11698698973651,42.9664079656165,977.570399999997 -4.11708002914879,42.9663839935439,978.138900000005 -4.11714096546777,42.9663959795814,977.9522 -4.11733802440008,42.9663639609352,979.304900000003 -4.11735101583571,42.966359015723,979.363700000002 -4.11742603414508,42.9663310200159,979.484500000006 -4.11743299069867,42.966293971978,980.225000000006 -4.11749803501344,42.9662470334756,981.328099999999 -4.11750700289493,42.9662430098544,981.547900000005 -4.11751898911574,42.9662359690098,981.912200000006 -4.11758503864532,42.9661860132374,983.792199999996 -4.117593001312,42.9661819896123,983.912700000001 -4.11768000584221,42.9661190419642,985.882199999993 -4.1177319733814,42.966080988055,987.275599999994 -4.11777597825391,42.9660209733968,989.403099999996 -4.11778603669015,42.9660120045206,989.717799999999 -4.11783297546038,42.9659850150582,990.389299999995 -4.11789198399475,42.9659349749412,991.773000000001 -4.11793397753933,42.9659140205808,992.346799999999 -4.11799298607374,42.9658700155462,993.874200000006 -4.11805702337706,42.965845959123,994.850699999995 -4.11816095935377,42.9657769759824,997.1535 -4.11836598095275,42.9656270239414,1000.9553 -4.11840202315857,42.9656130262516,1001.342 -4.11845801425192,42.9655690210017,1002.213 -4.11860997775694,42.9654469804344,1004.2366 -4.11869899361509,42.9653990361883,1005.28969999999 -4.11876303181674,42.9653439668164,1005.9295 -4.11885900422845,42.9652520176707,1007.35370000001 -4.11888901155219,42.9651790114879,1008.0144 -4.118969980302,42.9650810268787,1009.7552 -4.11898699619013,42.9650559650439,1010.20970000001 -4.11905799094533,42.9650070147319,1010.7454 -4.11913602579743,42.9649409651099,1012.3649 -4.11922495811225,42.9648380354442,1015.39260000001 -4.11927499786683,42.9647910130032,1016.628 -4.11932696630435,42.9647289868697,1017.9463 -4.11936602595121,42.9646900111342,1018.3872 -4.11938102871477,42.9646770189978,1018.5025 -4.11948203079375,42.9645969717578,1018.6933 -4.1194950231277,42.964594960222,1018.64230000001 -4.11957800410375,42.9645470159692,1018.8227 -4.11962100286315,42.964522959686,1018.9136 -4.11971496394692,42.9644740096072,1018.5215 -4.11981001468714,42.9643890167323,1019.1292 -4.11982200090797,42.9643799641326,1019.22990000001 -4.11991101676609,42.9642750232968,1020.11199999999 -4.11995099898277,42.9642269946514,1020.4826 -4.11997798796716,42.9642290061993,1020.1532 -4.12000799529091,42.9641910365789,1020.4408 -4.12012802458591,42.9640560036399,1021.08749999999 -4.12015601968343,42.964031025531,1021.07339999999 -4.12022701443863,42.9639529903221,1021.61109999999 -4.12028300553199,42.9639059678619,1022.4761 -4.12035902995448,42.9638440256372,1023.44409999999 -4.12041996627345,42.9637890403318,1024.4706 -4.12053496590121,42.963678986087,1026.8716 -4.12060797198432,42.9636489789083,1027.8551 -4.12069799395559,42.9636280237693,1028.9808 -4.12075800860311,42.9636039677841,1029.8971 -4.12078700981373,42.9636000281341,1030.1067 -4.12088599966645,42.963560968854,1031.4278 -4.12103201273104,42.963498020496,1033.1541 -4.12106998272148,42.9634779876049,1033.5863 -4.12116796735942,42.963440017521,1034.4544 -4.12133300674173,42.9633420334288,1036.1336 -4.12144398281529,42.963245976616,1037.7706 -4.12154096134011,42.9631159731929,1039.1029 -4.1215289760176,42.9630510134507,1040.1526 -4.12153601611448,42.9630019793705,1040.792 -4.12154800233529,42.9629569684303,1041.3772 -4.12156401211029,42.9629080184203,1042.03479999999 -4.12158798455197,42.9628709702931,1042.4724 -4.12160198210074,42.962839035272,1042.7313 -4.12165202185532,42.9627910068204,1043.33229999999 -4.12173097927721,42.9627429789887,1043.62519999999 -4.12174195938493,42.9627050084511,1043.84480000001 -4.12184396757703,42.9626299909327,1044.26210000001 -4.12185301990015,42.9626320025327,1044.30899999999 -4.12190901099347,42.96259596004,1044.6035 -4.12193901831724,42.9625790284033,1044.59149999999 -4.12198503541596,42.9624839781738,1045.2147 -4.12206198061164,42.9624330161809,1045.4569 -4.12214898514185,42.9624160003537,1045.7991 -4.12226096732853,42.9623389708732,1046.2172 -4.12244201648584,42.96229203264,1047.489 -4.12262096987359,42.9622470211804,1048.8083 -4.12272901294776,42.9622269885393,1049.8314 -4.12283001502674,42.96215901175,1050.8345 -4.12289396878674,42.9621000030187,1051.4356 -4.12294400854135,42.9620340370513,1051.7208 -4.12302799563052,42.9619750288575,1052.3599 -4.12316998424264,42.9619119967027,1052.9354 -4.12329202486554,42.9618649746547,1053.2264 -4.12335203951306,42.961829015859,1053.7074 -4.12333804196429,42.961814012149,1053.66009999999 -4.12333100096911,42.9618209693533,1053.6491 -4.12334198107683,42.9618069714548,1053.6513 -4.12335799085183,42.9618120005222,1053.6482 -4.12341599327309,42.9618089830818,1053.8143 -4.12342898560704,42.9618089830818,1053.8392 -4.12348598281351,42.9618229809798,1054.0073 -4.12347902536163,42.9618259984195,1054.00169999999 -4.12352303023414,42.9618399963136,1054.1297 -4.12366803718561,42.9619320294463,1054.95170000001 -4.12382796425564,42.9620079694799,1055.97809999999 -4.12385503768166,42.9620200398587,1056.185 -4.12387901012333,42.9620420000404,1056.47349999999 -4.12403902073669,42.9621079659992,1057.3244 -4.12414002191735,42.9621480313523,1058.11629999999 -4.12417103535424,42.9621799660746,1058.5321 -4.12424999277612,42.9622109791194,1058.9811 -4.12426298511007,42.9622239711193,1059.1467 -4.12441897216926,42.9622949659108,1060.2493 -4.12448300947262,42.9623220398232,1060.6643 -4.12453698923804,42.9623659606205,1060.997 -4.12457998799744,42.9623979793754,1061.28660000001 -4.12467403352283,42.962455982018,1061.5748 -4.12470496251807,42.9624630232953,1061.742 -4.12480697071017,42.9625139852634,1062.3155 -4.12487201412661,42.9625460039412,1062.45299999999 -4.12491501288601,42.9625849797203,1062.61350000001 -4.12495499510269,42.9625950383847,1062.6033 -4.12502699507268,42.9626399654444,1062.7439 -4.12505800850957,42.9626449944437,1062.8316 -4.12517200202418,42.96270601425,1063.0301 -4.1254060248338,42.9627640172596,1062.9322 -4.12545002970628,42.9627930184152,1062.8389 -4.12556997455966,42.9628220202146,1062.5674 -4.12567600630589,42.9628459923604,1062.4921 -4.12575496372781,42.9628400410686,1062.8055 -4.12584800314009,42.9629159812962,1061.82369999999 -4.12594296943867,42.9629849643581,1061.04519999999 -4.12597498898865,42.9629980403394,1060.81 -4.1260579690664,42.963021006623,1060.30530000001 -4.12620297601787,42.9630899895672,1059.1629 -4.1262479870035,42.9631039871737,1058.845 -4.12634303774371,42.9631609840168,1057.11470000001 -4.12641596028353,42.9632039832264,1055.85799999999 -4.12645703215665,42.9632380137828,1054.5175 -4.12657395956898,42.9632370079927,1054.1636 -4.12664302653959,42.9632120302087,1054.1458 -4.12668602529899,42.9632049890171,1054.26059999999 -4.1267339701823,42.9631950145969,1055.11749999999 -4.12676397750608,42.9632039832264,1055.1839 -4.12681703470168,42.9632349964124,1055.0892 -4.12687797102069,42.9632339906222,1056.02650000001 -4.12692298200629,42.9632499997759,1056.4592 -4.12702599541321,42.9632810129386,1057.349 -4.12706203761902,42.9633029739849,1057.37820000001 -4.12713797759988,42.963340021852,1057.5961 -4.12720603845737,42.9633280358765,1058.923 -4.12735096186554,42.9633779919976,1059.66869999999 -4.12752597614075,42.9635100064384,1059.7539 -4.12753603457702,42.9635280277484,1059.6764 -4.127596970896,42.9635980165657,1059.51669999999 -4.12769897818977,42.9636710233099,1059.82580000001 -4.12774700661642,42.9637509862961,1059.39999999999 -4.12782596403833,42.9638039600738,1059.9918 -4.12784297992645,42.9638219812976,1060.09080000001 -4.12793300099938,42.9638619627056,1060.5999 -4.12807700183773,42.9638850128104,1062.2374 -4.12810902138771,42.9638860185899,1062.7139 -4.12818001614295,42.963894987776,1063.6522 -4.12824103600526,42.963922983277,1064.1376 -4.12828797477546,42.9639420102446,1064.58349999999 -4.12835000075088,42.9639529903221,1065.35430000001 -4.12844002272214,42.9640209677586,1065.4639 -4.12850498259529,42.9640359709305,1066.09880000001 -4.12863096233073,42.9641340393755,1065.0904 -4.12871100940906,42.9641470316266,1065.88159999999 -4.12879197815887,42.9641000086574,1068.364 -4.12884403013972,42.9640689959075,1069.83960000001 -4.1288860236843,42.9640560036399,1070.5426 -4.12891502489493,42.9640440178039,1071.0705 -4.12900202942514,42.9640239850905,1072.2104 -4.12913303792954,42.9640209677586,1073.3361 -4.12923596779313,42.9640190396901,1074.14720000001 -4.1292850023329,42.9640239850905,1074.4605 -4.12931702098457,42.9640420062499,1074.45759999999 -4.12941198818146,42.9640470351346,1075.0846 -4.12947703159793,42.9640769586332,1075.2268 -4.12958297890254,42.9640939740009,1075.71090000001 -4.12961499755422,42.9641290104979,1075.3842 -4.12966201986775,42.9641489590338,1075.31020000001 -4.12969697241715,42.964153988567,1075.39350000001 -4.12984801425072,42.9642160146229,1075.1011 -4.12996703743257,42.9642959775581,1074.1005 -4.13006996729616,42.9643770309612,1072.89629999999 -4.13015303181554,42.9644799607408,1071.41 -4.13015596571326,42.9644930364044,1071.2427 -4.13022000301658,42.9646350259276,1069.50260000001 -4.13025101645347,42.9646770189978,1069.18550000001 -4.13044103439057,42.9647500251189,1068.99920000001 -4.13058897523976,42.9647500251189,1069.48390000001 -4.13082299715105,42.9647299926354,1070.61350000001 -4.13085903935689,42.9647149889755,1070.8355 -4.13090103290147,42.964608035861,1071.53909999999 -4.1309219879021,42.9645569901701,1071.98540000001 -4.1309749615544,42.9644949638007,1072.5126 -4.13101200987336,42.9644679743301,1072.8863 -4.1311180407213,42.9643350376862,1073.8045 -4.1310609599715,42.964263036846,1074.5096 -4.13105802607378,42.9642430042041,1074.7047 -4.13105199119171,42.9642259888775,1074.8309 -4.13127402778049,42.9642689880002,1073.8027 -4.1313450225357,42.9643160101828,1073.0074 -4.13153998569845,42.9643809699041,1072.79790000001 -4.13155901201618,42.9643839878756,1072.7205 -4.13167702998325,42.9644170126658,1072.05680000001 -4.13185397204306,42.9644569943445,1070.6113 -4.13200803131768,42.9645370411092,1069.59540000001 -4.13208698873956,42.964686993835,1068.995 -4.13215597126854,42.9647679625805,1067.8668 -4.13227197700941,42.9648689643215,1066.46950000001 -4.13232604031813,42.9649149815976,1065.8471 -4.13233400298484,42.9649279730264,1065.8354 -4.13240600385316,42.9649719780775,1064.9363 -4.1324609888334,42.9650029910296,1064.22199999999 -4.13264396577528,42.9651029872824,1062.7326 -4.13265503032463,42.9651070109782,1062.6615 -4.13271797797154,42.9651329944093,1061.8976 -4.13277204128029,42.9651640079376,1061.4503 -4.13282803237364,42.9651759935553,1060.6554 -4.13299198299784,42.9652250278748,1059.02619999999 -4.13307697530182,42.9652719664997,1058.4084 -4.13319700369849,42.9653400272778,1057.5062 -4.13327897856142,42.9653899837372,1056.7314 -4.13330596844415,42.9654039814778,1056.3505 -4.13334301676308,42.9654469804344,1055.96400000001 -4.13339599041538,42.9654759822973,1055.344 -4.13346597905751,42.9654560328771,1053.764 -4.13360604078332,42.9654810110648,1050.9298 -4.13363696977855,42.9655189812037,1050.8278 -4.13378097151523,42.9655499945373,1047.6884 -4.13378398895628,42.9655830187016,1048.3259 -4.1338219589467,42.9656209887775,1048.7254 -4.1339590032315,42.9656019623291,1045.68949999999 -4.1339770234361,42.9656069910862,1045.47199999999 -4.13399403932422,42.9656219945286,1045.5321 -4.13406603929425,42.9656830153262,1045.9737 -4.13417701626614,42.9657300377428,1045.2922 -4.1342549675749,42.9657319651004,1044.1822 -4.13431598833551,42.9657209853404,1043.11840000001 -4.13454196403682,42.96565895883,1039.0647 -4.13473298808704,42.9656789916682,1037.3251 -4.13482602660102,42.9656560250622,1035.48970000001 -4.1349380087877,42.9656580372206,1033.9066 -4.13498201366021,42.9656659997406,1033.3423 -4.13500498088707,42.9656700233995,1033.0425 -4.13504797964647,42.9656550193115,1031.9535 -4.13518896304381,42.9656199830263,1028.5652 -4.13522601136273,42.9656430331297,1028.63099999999 -4.13523799758357,42.9656449611474,1028.5024 -4.13530496878465,42.965667005491,1027.876 -4.13538300453507,42.9656550193115,1026.31050000001 -4.13550898427048,42.9656840210764,1024.2686 -4.13555500136923,42.965735988755,1024.2081 -4.13560001145657,42.9657459634205,1023.75350000001 -4.13572096242303,42.9657280255867,1022.0913 -4.13580696084013,42.9657250083384,1020.913 -4.13586596937453,42.9657749644852,1020.2261 -4.13590603513451,42.9657749644852,1019.73209999999 -4.13595397911953,42.9657639840755,1018.99770000001 -4.13607400841453,42.965792985789,1017.2496 -4.13612698206684,42.9658749607978,1016.5266 -4.13619001415537,42.9659010280455,1015.73269999999 -4.13628900400813,42.9659069796985,1014.45879999999 -4.13636201098957,42.9658899641748,1013.808 -4.13650802315586,42.9657489806678,1011.8269 -4.13656803780334,42.9657059812649,1011.04270000001 -4.13674296853526,42.9656339807145,1008.0585 -4.13683600704924,42.9655530117942,1006.02370000001 -4.136885041589,42.9655390140875,1005.4059 -4.13699501154948,42.9654899800183,1004.3621 -4.13700800388343,42.9654840289824,1004.32640000001 -4.13704203476134,42.9654520098616,1003.68730000001 -4.13710699373615,42.9654090109084,1002.69560000001 -4.13715602827595,42.9653909894921,1002.3471 -4.13720497837409,42.9653530192743,1001.76330000001 -4.1373619715464,42.9653059972269,1000.9129 -4.13742198619392,42.9653090144957,1000.6946 -4.13751603082101,42.9653130381779,1000.52129999999 -4.1376290191208,42.9653070029831,1000.3333 -4.13766296555709,42.9653139597924,1000.49739999999 -4.1378109899496,42.9653029793005,1000.2136 -4.13784099727335,42.9652739780134,999.612800000003 -4.13789598315188,42.9652500061563,999.202300000004 -4.13798097545587,42.9652560406993,999.171700000006 -4.13807200264191,42.9652780016979,999.610100000005 -4.13816504205419,42.9652700384703,999.274099999995 -4.13823301936839,42.965254029185,998.771399999998 -4.13825799702485,42.9652439709553,998.505499999999 -4.13832999789321,42.9652210048441,997.723100000003 -4.13835103643716,42.9652240221172,997.698000000004 -4.1384610063976,42.9652309789358,997.308799999999 -4.13857399469743,42.9652199984291,996.381999999998 -4.13862696834973,42.9652260336324,996.274600000004 -4.13874096276264,42.9652289674207,995.248399999997 -4.13874900897264,42.9651790114879,994.528399999996 -4.13876099519348,42.9651579727282,994.108099999998 -4.13883701871767,42.9650899952332,991.740099999995 -4.13882696028144,42.9649399593476,988.219800000006 -4.13878496763515,42.9648930204694,986.959199999998 -4.13868899432515,42.9648350181523,985.795499999993 -4.1385900044724,42.9647890014737,985.284299999999 -4.13842999385904,42.9647109659115,984.152199999997 -4.13832597433904,42.9646559807236,983.046199999997 -4.13816302982796,42.9645370411092,981.032600000006 -4.13808197753482,42.964412988925,978.643400000001 -4.13805297542589,42.9643770309612,977.9617 -4.13798801645105,42.9643379708597,977.123099999997 -4.13791500946961,42.9643249793063,976.757599999997 -4.13778400006688,42.9643079640024,975.671600000001 -4.13767604143434,42.9642989955338,974.367100000003 -4.13763999922853,42.9642949717853,973.425799999997 -4.13759901179706,42.9642939660124,972.494200000001 -4.13742701496287,42.9643119870927,972.797399999996 -4.13737202998263,42.9642929602395,971.984899999996 -4.13738099876245,42.9642809737923,971.684899999993 -4.13749800971808,42.9642430042041,970.3465 -4.13754603814476,42.9642109850947,969.387000000002 -4.13757897936622,42.9641649686067,968.368700000006 -4.13760999190478,42.964116018243,967.302200000006 -4.13764100534164,42.9640509747559,965.684699999998 -4.1376479618952,42.9640180339127,964.668000000005 -4.13767302399332,42.9639769626846,963.766900000002 -4.13783496239128,42.9639160263104,961.800099999993 -4.13795197424524,42.9638270102003,958.058000000005 -4.1379910338921,42.9638079831971,957.125899999999 -4.13809999863776,42.9637919741887,955.950700000001 -4.1382340245832,42.9637619664076,953.2592 -4.13833402054904,42.963723996499,951.015700000004 -4.13837903153467,42.9637150279454,950.2696 -4.13847500484467,42.9636830092186,948.515100000004 -4.13850903482428,42.9636450392612,947.365600000005 -4.13853300726593,42.963629029553,947.028300000005 -4.13864197201158,42.9635599630692,947.187900000004 -4.13881204106118,42.9634789933911,948.603300000002 -4.13885202237952,42.9634899742086,948.175799999997 -4.13888001837537,42.9634870403373,948.310400000002 -4.13907003631247,42.9634520041321,948.204299999998 -4.13909903752309,42.9634430355388,948.536600000007 -4.13923800959249,42.9634380059474,948.063200000004 -4.13933297589108,42.9633970184764,947.399399999995 -4.13946297918066,42.9633439608613,945.983500000002 -4.13953003482337,42.9633120260858,945.130499999999 -4.13971200565217,42.9632579626076,943.866099999999 -4.13981895906989,42.9632189872548,944.126300000004 -4.13998299233908,42.9631690310046,944.158299999996 -4.14006203420262,42.9631609840168,943.287100000001 -4.14013998551139,42.9631820228022,941.636799999993 -4.14022196127265,42.96314497484,942.080499999996 -4.1403210346687,42.9631139616086,942.774900000004 -4.14036797343893,42.9630759919575,944.138000000006 -4.14047903395415,42.9630640052731,943.724000000002 -4.14062404090562,42.9630100263792,944.949900000007 -4.14077701052376,42.9630559589289,941.117800000007 -4.14094096024966,42.963053025037,940.608699999997 -4.14097800856858,42.9630419613115,940.4274 -4.14118898060801,42.9629830362571,941.619600000005 -4.14127497902511,42.9630179892419,939.653999999995 -4.14133700500053,42.9630329926584,938.604099999997 -4.14137204199155,42.9630370158321,938.361900000004 -4.14148603550616,42.9630540308301,936.767600000006 -4.1415759730358,42.9630360100387,936.637799999997 -4.14164001123745,42.9630139654096,935.991399999999 -4.1416450400064,42.9630120379668,935.889999999999 -4.14167202988913,42.962997033888,935.381500000003 -4.14170899466473,42.9629640096503,934.806500000006 -4.14171201210578,42.9629709667245,934.698000000004 -4.14171100599266,42.96296996093,934.724600000001 -4.14169399100287,42.9629790130798,935.024300000005 -4.14176498575808,42.9628839621535,934.020900000003 -4.14177998941997,42.9628429749708,933.5098 -4.14180102796392,42.9628009813061,932.832800000004 -4.14183204050245,42.9627539592801,931.923999999999 -4.14184402672329,42.9627319986952,931.380799999999 -4.14191896059104,42.9626230338199,928.652499999997 -4.1419479627,42.9625490213454,927.248300000007 -4.14196497768979,42.9625220316785,926.612599999993 -4.1419049630423,42.9623610150868,924.787200000006 -4.14191703280643,42.9622620247848,923.181200000006 -4.14191099792437,42.9622409863422,923.026199999993 -4.14200797644919,42.9621470255444,919.875799999994 -4.14202096878314,42.9620860051837,918.788 -4.14205499966105,42.96195700775,916.164099999995 -4.14206296232772,42.9619509728834,915.978099999993 -4.14208400087168,42.9619209655192,915.144799999995 -4.14210596108712,42.9618789718825,914.044200000004 -4.14212699963108,42.9618359730616,912.861000000004 -4.14215298340065,42.9618059656413,911.984899999996 -4.14220503538147,42.9617320376453,910.053199999995 -4.14221702160231,42.961706975761,909.487599999993 -4.14224300537192,42.96166699361,908.690600000002 -4.14225901514689,42.9616300295396,908.040800000002 -4.14229799035212,42.9615659918712,907.013300000006 -4.14236596766631,42.9614160394269,903.729000000007 -4.14242799364173,42.9612929933453,900.823399999994 -4.1424340285238,42.9612879642355,900.642500000002 -4.14248197340715,42.9612260220045,898.848199999993 -4.14251097461778,42.9611950091206,898.055900000007 -4.142518015613,42.9610569587023,895.932499999995 -4.14247401074048,42.9609990402031,895.088000000003 -4.1424669697453,42.9609370135335,894.551200000002 -4.14251097461778,42.9608169852978,893.595600000001 -4.14254299326946,42.9607169886524,893.050399999993 -4.14254399938258,42.9606319965038,892.862399999998 -4.14255104037779,42.960584974135,893.395600000003 -4.14263301524072,42.9605689642879,893.443400000004 -4.14269001244719,42.9605470035804,893.670199999993 -4.14274197998638,42.9605500210826,893.729399999997 -4.14286603193722,42.9605299885465,894.544899999994 -4.1429510251395,42.9604900069453,894.8658 -4.14309997120351,42.9604299927494,895.055900000007 -4.14311002963974,42.9604299927494,895.024799999999 -4.14321798827228,42.9604109653531,894.508600000001 -4.14326299925788,42.9603760128593,894.252699999997 -4.14348302451876,42.9603350253206,892.663700000005 -4.14352199972399,42.9603259727817,892.330100000006 -4.14371998032776,42.9603070301592,890.3943 -4.14374495888255,42.9603099635246,890.137400000007 -4.14378401852942,42.9603159985522,889.717900000003 -4.14381603718109,42.9603289902949,889.313399999999 -4.14397403556822,42.9603809585526,888.121299999999 -4.14401301167175,42.9603959619547,887.612899999993 -4.14411401375073,42.9604259694052,886.339699999997 -4.14414402107448,42.9604579878549,885.991099999999 -4.14421803327074,42.9604200178794,884.944900000002 -4.14425298582013,42.9603559802664,884.713199999998 -4.14439204143283,42.9603070301592,882.554099999994 -4.14452003339454,42.9602289941712,881.5913 -4.14468700056146,42.9601770264425,881.539900000003 -4.14478699652729,42.9601750147621,882.694799999997 -4.14501096090067,42.9601719972415,890.999200000006 -4.14507600521544,42.9601699862184,888.811300000001 -4.14513995897547,42.9601969756023,883.323000000004 -4.14524397849547,42.9601529704227,877.528099999996 -4.14528999469592,42.9601300043833,877.032399999996 -4.14535696589696,42.9601079600278,876.551099999997 -4.1454179866576,42.9600699898363,876.420499999993 -4.14556399882385,42.9599079675569,876.087799999994 -4.14559802970176,42.9597850052382,876.124400000001 -4.14565200946722,42.959745023153,875.933199999999 -4.14576902042284,42.9596339630567,875.621899999998 -4.1457739656485,42.9595410080725,875.674599999998 -4.14577597787473,42.959530027865,875.682000000001 -4.14586801117389,42.9593939893614,875.404899999994 -4.14593003714931,42.9593329688999,875.329700000002 -4.14604302455081,42.9591810052173,875.168300000005 -4.14604000710976,42.9591469743891,875.089300000007 -4.14607697188539,42.9590059912074,874.868000000002 -4.14617403395354,42.9588790049556,874.822499999995 -4.146206975175,42.9588420411826,874.867700000003 -4.14624201126773,42.9587660170353,874.805999999997 -4.14628501092542,42.9586340022764,874.708400000003 -4.14628903358126,42.9585050048368,874.503599999996 -4.14629498492003,42.9584859775026,874.534599999999 -4.14629800236105,42.9584689625561,874.5484 -4.14635600478234,42.958342982381,874.488400000002 -4.14637603811147,42.9583159928412,874.557100000005 -4.14639498088587,42.9582689700173,874.591799999995 -4.14641099066087,42.9581030082528,874.388300000006 -4.14640403320898,42.9580969736656,874.387900000002 -4.14637695978296,42.958047017201,874.308999999994 -4.14637100844419,42.9580089635583,874.256999999998 -4.14634996990023,42.9579440036834,874.164799999999 -4.14633496623838,42.9577910339784,873.965800000005 -4.14633102712584,42.9577219675152,873.873800000001 -4.14639397567105,42.9576789677614,873.966 -4.1464480380815,42.9576259946268,874.001499999998 -4.14647796186191,42.9575819895809,873.546400000007 -4.14646899308213,42.9574550036775,873.602499999994 -4.14643496310255,42.9574000185791,873.760399999999 -4.1464030279942,42.957340003999,873.799199999994 -4.14641702554294,42.9572199753208,873.791299999997 -4.14643404053273,42.9571759699844,873.913700000005 -4.14644602675356,42.9571379999559,873.892900000006 -4.14646396431317,42.9571020416848,873.645699999994 -4.14647796186191,42.9570779857777,873.497300000003 -4.14649900040587,42.9570390097973,873.371100000004 -4.14650201784692,42.9570049790994,873.505799999999 -4.14651601539566,42.9569759778452,873.593999999997 -4.14651299795464,42.956932978885,873.702699999994 -4.14656597160694,42.9568980263879,873.547999999995 -4.1465870101509,42.9568779933201,873.616899999994 -4.14672103699465,42.9568199906785,874.074500000002 -4.14675297210299,42.9568140394613,874.223499999993 -4.14683100785342,42.9567769916093,874.325899999996 -4.14693603258824,42.9567179829758,874.294099999999 -4.14705203832908,42.9566919992778,874.6538 -4.14719603916743,42.9566449765277,875.135899999994 -4.14727700881558,42.9566260334293,875.503899999996 -4.14735001489872,42.956589991363,876.620899999994 -4.14742000443911,42.9565810224268,877.171600000001 -4.14747700074728,42.9565619958125,877.581699999995 -4.14760298138103,42.9565390290902,878.755000000005 -4.14767095779689,42.9565260372048,879.400399999999 -4.14782300574357,42.9564709684374,881.057000000001 -4.1479049806065,42.9564419669316,882.390700000004 -4.14793096527441,42.9564309868285,882.932000000001 -4.14801000623962,42.9563859756833,883.937699999995 -4.14811100831861,42.9563139754021,885.347800000003 -4.14813003463633,42.956308024136,885.642600000006 -4.14821502783861,42.9562749995952,886.842399999994 -4.14827202414675,42.9562100398622,887.5481 -4.14829700270154,42.956151030685,888.021099999998 -4.1483180412455,42.9561090377125,888.399600000004 -4.14833597880511,42.9560900109522,888.725000000006 -4.14839498733948,42.9560170044166,889.589000000007 -4.14842499376492,42.9559849856283,890.001600000003 -4.14845097843283,42.9559139907878,890.698199999999 -4.14845902464283,42.9558920303914,891.029800000004 -4.14845902464283,42.9558730029066,891.191300000006 -4.1485099869672,42.9558460135984,891.799400000004 -4.14851903929032,42.955822041355,892.200800000006 -4.14854804050095,42.9557829817392,893.140299999999 -4.14859397315807,42.9557659660453,893.514500000005 -4.14862196915391,42.9557659660453,893.659799999994 -4.1486489590366,42.9557669719576,893.772400000002 -4.14867997157516,42.9557789580912,893.790999999997 -4.14873596266852,42.9557689837821,894.117599999998 -4.14874996021726,42.9557630324632,894.302500000005 -4.14878499720828,42.9557539799092,894.744999999995 -4.14886797818436,42.9557320194556,896.038799999995 -4.14894500782164,42.9557190273999,896.861600000004 -4.14899798147394,42.9557210392259,897.495500000005 -4.14907702243915,42.9557050300856,898.383400000006 -4.14912798476356,42.9556969834364,898.983300000007 -4.1492559758269,42.9556949716096,900.934699999998 -4.14941104121464,42.9556620308947,902.775099999999 -4.14949402219068,42.95564803291,903.699299999993 -4.1495930120434,42.9556069613541,904.442500000005 -4.14965797191655,42.9555910356816,905.176900000006 -4.14968202790155,42.9555880185936,905.650699999998 -4.14973701378009,42.9555720087613,906.338300000003 -4.14978696999137,42.9555489588293,906.184599999993 -4.14981303730428,42.9555409963149,906.682100000005 -4.1499019696191,42.9555109891118,907.561900000001 -4.14993700571179,42.9555030259349,907.832500000004 -4.1499980255741,42.9554799759772,908.297200000001 -4.15005401666745,42.9554789700602,908.769499999995 -4.15011302610015,42.9554620384374,908.696500000005 -4.15025903826644,42.9554420055596,909.631500000003 -4.15038501800189,42.9554330371136,910.407099999997 -4.15043296288521,42.9554140101443,910.281400000007 -4.15048903752189,42.9554259963467,910.870899999994 -4.15060596583252,42.9554270022645,911.529699999999 -4.15067201446377,42.9554099871296,911.5576 -4.15072599422923,42.9554320311959,912.080100000006 -4.15080897520527,42.9554369766291,912.444099999993 -4.15098700692153,42.9554669838682,913.994300000006 -4.15099899314237,42.9554629601995,913.991800000003 -4.15103201790717,42.9554669838682,914.0962 -4.1511750126324,42.9554649720339,914.519 -4.1512790321524,42.9554839989873,915.100900000005 -4.1512959635989,42.9554890285715,915.178 -4.15136000180055,42.9555099831954,915.643100000001 -4.15152001151558,42.9555059595294,916.461299999995 -4.15162000837974,42.9555269983026,917.054499999998 -4.1517210095604,42.9555779600986,917.792400000006 -4.15181103153166,42.9555979929321,918.094500000007 -4.15185403118936,42.9556190316738,918.242899999997 -4.15192200760522,42.9556140021003,918.372199999998 -4.15198503969376,42.9556109850134,918.466100000005 -4.15200096592543,42.9556310178362,918.659 -4.15202703323837,42.955641998082,918.708299999998 -4.15209199311148,42.9556529783259,918.928799999994 -4.15212904143044,42.955695977523,919.301099999997 -4.15218997774941,42.9557119866657,919.5622 -4.15219098296423,42.9557129925789,919.571299999996 -4.1521950065184,42.9557200333129,919.625799999994 -4.15220104140047,42.9557310135428,919.7071 -4.15230003215152,42.9557450115086,919.910099999994 -4.15233800214193,42.9557839876512,920.157600000006 -4.15239298712217,42.955817011798,920.558099999995 -4.15239399323529,42.9558160065441,920.552200000006 -4.15246901064636,42.9558500365846,920.888200000001 -4.15249197787322,42.9558640345234,920.994600000005 -4.15258300505927,42.9558959698775,921.206300000005 -4.15279498321181,42.9559869967882,921.515199999994 -4.15281803308367,42.9560060242378,921.628100000002 -4.15298198370786,42.9560689723715,921.839600000007 -4.15306203078622,42.9560790301289,921.642000000007 -4.15319798541457,42.9561030029297,921.509999999995 -4.1532330215073,42.9561360275628,921.742599999998 -4.15328700127272,42.9561920183811,922.429600000003 -4.15335103857604,42.9561989755636,922.111699999994 -4.15343200822419,42.9562210200047,922.090100000001 -4.15356100540069,42.9563050064257,923.202799999999 -4.15365999525341,42.9563370257049,923.618600000002 -4.15376803832758,42.9563510228755,923.657000000007 -4.15385403674467,42.9564129654121,924.773000000001 -4.1539200018326,42.9564340038752,925.493900000001 -4.15399996536763,42.9564810267865,926.432799999995 -4.1541429609912,42.9565100276164,926.578500000003 -4.15431797526641,42.9565780053873,925.435800000007 -4.1543410251383,42.9565930084018,925.498999999996 -4.15453196474689,42.9566019773362,923.878700000001 -4.15460899438416,42.9565840401235,923.168399999995 -4.15468703013459,42.956544980334,922.7261 -4.15472097657087,42.9565479980325,922.400200000004 -4.15478995999814,42.9565250313049,920.190799999997 -4.15486799574857,42.9564999692721,915.246799999994 -4.15493899050378,42.9564729795814,912.787899999996 -4.15520695974968,42.95635798004,914.444699999993 -4.15530997315656,42.9562640188049,915.677899999995 -4.15546302721636,42.9561610055896,921.839200000002 -4.15558699562387,42.9561640226495,922.184200000003 -4.15566301914807,42.9561770146114,922.624500000005 -4.15571800412827,42.956184977701,922.501499999998 -4.15584800741789,42.9561259691572,922.309299999994 -4.15596602448666,42.9560640269891,922.678899999999 -4.15604598802166,42.9559279887121,923.347800000003 -4.15606501523771,42.9558419899545,923.492299999998 -4.15606903879188,42.9557789580912,923.529399999999 -4.15606199779666,42.955703018259,923.797099999996 -4.15597700549268,42.9555639627522,924.544099999999 -4.15596200183082,42.9555310213097,924.662100000001 -4.15594297461477,42.9554700016196,925.089800000002 -4.1559250370552,42.9553880265533,925.156700000007 -4.15592403184038,42.9552590288835,925.167100000006 -4.1559350119481,42.9552199689104,925.368600000002 -4.15593702327603,42.9550379981558,925.401299999998 -4.15589704195768,42.9549990221982,925.462299999999 -4.15583702731016,42.9549329730088,925.796799999996 -4.15576603255496,42.9548100099528,926.306299999997 -4.15574700533893,42.9547530132632,926.472699999998 -4.15568397414869,42.9546940046613,926.954599999997 -4.15550803730366,42.9546059949466,927.248300000007 -4.15549697365265,42.9545790050827,927.4182 -4.15543100766635,42.9544339982185,927.848299999998 -4.15533696303929,42.9543630035611,928.414900000003 -4.15522296952468,42.9543220159618,928.103199999998 -4.15512599010153,42.9542240311556,928.947 -4.15510998122486,42.9542119612198,928.916599999997 -4.15498802414524,42.9541630114845,928.305500000002 -4.15496396816027,42.9541500190975,928.188200000004 -4.15489397951818,42.9540350198173,927.906199999998 -4.1548700070765,42.9539370352117,927.887300000002 -4.15483103097294,42.9538819660999,927.876000000004 -4.15471997135605,42.9537849871952,927.970600000001 -4.15469298147336,42.9537300021048,928.456699999995 -4.15470203379647,42.9536979834415,928.859700000001 -4.15468099525252,42.9536369632488,928.854699999996 -4.1547069790221,42.9534829874072,929.718699999998 -4.15472399401189,42.9534740186757,929.580000000002 -4.15478300344459,42.9534150101623,929.687900000004 -4.15480999242898,42.9533679875381,929.790699999998 -4.15486900096339,42.9533040339763,929.212199999994 -4.1549580168215,42.9531410056782,929.3361 -4.15499498159713,42.9531130098737,929.165599999993 -4.1550539901315,42.95308602067,929.152799999996 -4.15508500267006,42.9530710168005,929.180800000002 -4.15507997390111,42.9530469606326,929.223400000003 -4.15516002097944,42.9529029594051,930.203599999993 -4.15518499953423,42.9528659953296,930.569600000003 -4.15521701818591,42.9528430292004,930.799499999994 -4.15530201048989,42.9527479783954,931.264500000005 -4.15533696303929,42.9527410214802,931.181500000006 -4.15539697768677,42.9527110142268,931.128800000006 -4.15542698501052,42.9526729599143,931.033800000005 -4.15554198463824,42.9526209923789,931.075700000001 -4.15558800083869,42.9526199864152,930.9709 -4.15573401390328,42.9525430406649,931.417199999996 -4.15587902085474,42.9524739735715,931.283100000001 -4.15594004071705,42.9524349979625,931.015100000004 -4.15599896570812,42.9523889812144,931.027100000007 -4.15600902414436,42.952331984255,931.254000000001 -4.15606996046333,42.9521780090934,931.456900000005 -4.15608597023834,42.9521540367362,931.558799999999 -4.15612603510002,42.952099973316,931.435599999997 -4.15616299987565,42.9520360190941,931.614499999996 -4.15617397998337,42.9519930199696,931.675900000002 -4.15618998886004,42.9519660302748,931.686400000006 -4.15622401973795,42.9518960413758,931.671700000006 -4.15630398327295,42.9518500248823,931.867400000003 -4.15642501778277,42.9517360312275,932.173200000005 -4.15646701132735,42.9516930318934,932.284700000004 -4.15664898215612,42.9516389687259,933.108200000002 -4.15671000291676,42.9515930355431,933.260299999994 -4.15677102277906,42.9515569938164,933.321200000006 -4.15686096030867,42.951517011645,933.790599999993 -4.15691996884307,42.9514799638915,934.125499999995 -4.15699599326556,42.9513839911307,934.7071 -4.15701996570724,42.9513529778888,935.020600000003 -4.15707402901599,42.9512880182202,935.441500000001 -4.15717603630976,42.9512079713134,936.423999999999 -4.1571919616431,42.9511300197823,937.247099999993 -4.15715198032475,42.9510860146936,937.4764 -4.15712499044202,42.9510659817063,937.577000000005 -4.1570590253541,42.9509639736707,938.046499999997 -4.15703002324514,42.9509180412992,938.455199999997 -4.15696699205493,42.95075601925,940.247700000007 -4.1569239923972,42.9506970101032,940.229500000001 -4.15691200617637,42.9506730378266,940.662599999996 -4.15688996241762,42.9506369962187,941.158100000001 -4.15690102606868,42.9505430347962,942.785499999998 -4.15692902206449,42.9504159653284,944.387400000007 -4.15695399972098,42.9503629918593,945.3799 -4.15697101471077,42.9502540267774,946.797200000001 -4.15699498715245,42.9501879770981,947.800799999997 -4.15700102203451,42.9501429666468,948.903000000006 -4.15705299047203,42.9500569683527,950.247499999998 -4.15707201678972,42.9500189985343,950.755399999995 -4.15710504155451,42.9499719759454,951.487699999998 -4.15712901399619,42.9499149787203,952.133100000006 -4.15714502377119,42.9498839660532,952.527900000001 -4.1571489628837,42.9498729854376,952.647400000002 -4.15714200543185,42.9498149827687,952.591199999995 -4.15713999410391,42.949745999407,952.535099999994 -4.15713102532413,42.9497309960382,952.293099999995 -4.15711702777535,42.9496859852527,952.259900000005 -4.15710303022661,42.9496149903783,953.835999999996 -4.15711401033434,42.9496170024038,953.933799999999 -4.15703203547137,42.9494829757134,956.766399999993 -4.15700697337328,42.9493799616676,958.777199999997 -4.15700303426074,42.9492669740591,960.766600000003 -4.15702901803035,42.9492020141615,962.023499999996 -4.15700001681973,42.9491190332731,963.011199999994 -4.15697000949595,42.9490819853912,963.299400000004 -4.15690303739658,42.9490509723045,963.257299999997 -4.15686800130388,42.9490280060667,963.422500000001 -4.15675300167616,42.9489109943726,965.343900000007 -4.15670002802385,42.9488550035052,966.570999999996 -4.1567400093422,42.9487959945084,968.0524 -4.15671603779882,42.9486710202849,970.187699999995 -4.15668603047508,42.9486170412575,970.781499999997 -4.15667203292634,42.9485530031971,971.563399999999 -4.15667798336678,42.9485100042694,972.108500000002 -4.15666599714594,42.948455019069,972.831300000005 -4.15662702194071,42.9484130254478,973.444799999997 -4.15657597607301,42.9483509992421,974.361600000004 -4.15656901862113,42.9483430364538,974.468800000002 -4.15652400853382,42.9482860396928,975.308900000004 -4.15650003609215,42.94825896618,975.789199999999 -4.1564540189934,42.9481840323103,977.135299999994 -4.15640096179777,42.9481650050725,977.470600000001 -4.15635201169963,42.9481139595482,978.321200000006 -4.15634497070441,42.9481090141841,978.3986 -4.15629199705211,42.9480739777703,978.959799999997 -4.15624396862546,42.948030978508,979.655299999999 -4.15620901607606,42.9479999655492,980.165399999998 -4.15615797020836,42.9479200018194,981.276800000007 -4.15612000021792,42.9478849659556,981.756800000003 -4.15607498923232,42.9478200059146,982.828999999998 -4.15601204158541,42.9477749950466,983.741099999999 -4.1559350119481,42.9476839678252,985.380399999995 -4.15576896645267,42.9475930239776,986.968800000002 -4.15565203904035,42.9475480129438,987.726599999995 -4.15559202439283,42.9475220293194,988.235100000005 -4.15545104099552,42.9474669603854,989.430399999997 -4.15529203559699,42.9473940376498,991.027100000007 -4.15524995850908,42.9473809616402,991.406400000007 -4.15507603478857,42.9472999923708,993.941399999996 -4.15501702535591,42.9472699857524,994.913100000005 -4.15500001036608,42.9472340269758,995.766300000003 -4.15498198926318,42.9472099711566,996.357000000004 -4.1549560054936,42.9471640379563,997.366999999998 -4.15490001440025,42.9470989943029,998.8845 -4.15489196819024,42.947000004435,1000.63400000001 -4.15488702206629,42.9469710030689,1001.28780000001 -4.15488400462524,42.9469499646585,1001.77680000001 -4.15486497830752,42.9468910393174,1003.35219999999 -4.15483002575815,42.9468710069375,1004.1896 -4.15481896120877,42.9468779638586,1004.2135 -4.15479398355231,42.9468850049459,1004.4531 -4.15476598755647,42.9468850049459,1004.8777 -4.15463296682584,42.9469290097503,1006.0077 -4.15450899841832,42.9469349606083,1007.2267 -4.15447899109458,42.9469409956325,1007.436 -4.15438000124183,42.9469559996813,1008.1369 -4.15429400282473,42.9469750259777,1008.6676 -4.15425100406536,42.9469679855583,1009.0874 -4.15423600040348,42.9469789660346,1009.0877 -4.1542039808535,42.9469979929814,1009.118 -4.15417003441722,42.9470290057875,1009.0468 -4.15416198820722,42.9470249822246,1009.1525 -4.15414698454533,42.947023976827,1009.2699 -4.15403399624554,42.9470770340487,1009.4993 -4.15399401492719,42.9471060353649,1009.3661 -4.15386803429341,42.9471509625555,1009.383 -4.15382201809299,42.947152974004,1009.56230000001 -4.15370902979317,42.9471359585542,1010.272 -4.15357802039048,42.9471839873896,1010.98970000001 -4.15354801306673,42.9471839873896,1011.3109 -4.1535030029794,42.9471890163369,1011.8653 -4.1534170045623,42.9471740123449,1012.7956 -4.15330803981668,42.9471279962663,1013.7286 -4.15323101017937,42.9471210387159,1014.0242 -4.15315900931104,42.9470880145056,1014.34480000001 -4.15307200478083,42.9470580071263,1015.0352 -4.15297603236913,42.9469219686681,1016.3428 -4.1529470311585,42.9468850049459,1016.7874 -4.15293202749661,42.9468710069375,1016.9598 -4.15292398038831,42.9468409994524,1017.3113 -4.15280596331954,42.9467440212891,1018.93859999999 -4.15277302299637,42.9467059672325,1019.4835 -4.15273899211846,42.9466840068381,1019.9001 -4.15264997626035,42.9465659892283,1021.1113 -4.15254796896658,42.9464990182981,1021.9328 -4.15251201030406,42.9464410150801,1022.367 -4.15240002811735,42.9463599623793,1023.2549 -4.15237597213238,42.9462769816048,1023.9057 -4.15230598259196,42.9462100097026,1024.4966 -4.15222199640109,42.9461660050418,1024.72259999999 -4.15217103407672,42.9460349956266,1025.7677 -4.15213298054298,42.9460039829773,1026.12669999999 -4.1521009618913,42.9459709581677,1026.4053 -4.15208503565963,42.945957966024,1026.55650000001 -4.15203600201816,42.9459110277888,1026.9019 -4.15201404090438,42.9458609877847,1027.4381 -4.15195503237001,42.9457859694577,1028.211 -4.15192603115939,42.9457380250152,1028.5947 -4.15186299907085,42.9456999709943,1028.9957 -4.15182201163938,42.9456050045052,1029.86689999999 -4.15178496421875,42.9455480071816,1030.3774 -4.15173199056645,42.9454040061634,1031.8511 -4.15171103556579,42.9452950415085,1033.0138 -4.15170600679684,42.9452600048082,1033.44469999999 -4.15166895847791,42.9451369586417,1034.7515 -4.15163802948268,42.9450640364337,1035.75509999999 -4.1516269649333,42.9450320172075,1036.1333 -4.15162101359456,42.9449310151249,1037.2249 -4.15162595882018,42.9449060371432,1037.5263 -4.15163199460058,42.9448430052583,1038.3943 -4.15163501204163,42.9447770398606,1039.26979999999 -4.15162897626123,42.9447539898312,1039.564 -4.15163199460058,42.9447219704438,1039.9681 -4.15162897626123,42.9445799809986,1041.8832 -4.15162000837974,42.9445239901372,1042.70299999999 -4.15161397349768,42.9444099960658,1044.4721 -4.15161003348684,42.944389963536,1044.80319999999 -4.15160299249162,42.944339001682,1045.63710000001 -4.15158899494288,42.9442870336859,1046.6385 -4.1515800261631,42.9442730357443,1046.9878 -4.15158396617393,42.9442469685397,1047.35649999999 -4.15158296006082,42.9441960065673,1048.13250000001 -4.15159201238393,42.9440749717959,1050.07610000001 -4.15158899494288,42.9440509995706,1050.548 -4.15160098116372,42.9439260249197,1052.55220000001 -4.15159704205118,42.9439189841516,1052.71550000001 -4.15160299249162,42.9438970240781,1053.0508 -4.15159896983579,42.9438019732669,1054.7181 -4.15160299249162,42.9437139631014,1056.2852 -4.15159896983579,42.9436940138588,1056.65889999999 -4.15158597750183,42.9436350051752,1057.7856 -4.15161296738456,42.9435400387885,1059.7681 -4.15166703069331,42.9434820360704,1060.3654 -4.15178102420792,42.9433859791615,1061.81389999999 -4.15178999298771,42.9433670359276,1062.34699999999 -4.15182000031145,42.943339962224,1062.9662 -4.15185101374831,42.9433319994451,1063.0793 -4.15193600605229,42.9432729910722,1064.88589999999 -4.15197598737064,42.9432539642891,1065.1822 -4.15203901945918,42.9431920216601,1066.4267 -4.15206500322879,42.9431630204727,1066.9743 -4.15208403044481,42.9431279838742,1067.8461 -4.15213700409711,42.943083978983,1068.8003 -4.15221797284693,42.9430279880761,1069.79489999999 -4.15227999882235,42.9429839831134,1070.54210000001 -4.15230799481819,42.9429699855332,1070.8559 -4.15234998836277,42.9429450074134,1071.1952 -4.15243900422092,42.9429129884003,1071.8414 -4.15246197054948,42.9428720010669,1072.36749999999 -4.15250597542196,42.9428389758923,1072.8348 -4.15255098640759,42.9428089690722,1073.27220000001 -4.15256699528427,42.9427979885097,1073.4307 -4.15258702861344,42.9427789615799,1073.69379999999 -4.15260203227529,42.9427689871367,1073.90700000001 -4.15268199491199,42.9427509663229,1074.3235 -4.15278299699098,42.9427040276152,1075.1741 -4.15281803308367,42.9426890238453,1075.47259999999 -4.15290897672642,42.9426480363628,1076.2414 -4.15295700515307,42.9426259923208,1076.579 -4.15302003724164,42.9426059592106,1077.00539999999 -4.15309798944874,42.9425300189067,1077.89509999999 -4.1531229671052,42.9425030296656,1078.2087 -4.15315498575688,42.9424840026447,1078.5132 -4.15328297771855,42.9424059670714,1079.3971 -4.15329999270834,42.9423959925678,1079.5065 -4.15335900124272,42.9423450303783,1079.9699 -4.15336897613565,42.9422840101094,1080.238 -4.15336403091,42.9422769698111,1080.2438 -4.15341499233607,42.942279986894,1080.4277 -4.1534760130967,42.9422600378443,1080.73299999999 -4.15352697452278,42.9422410114058,1080.9613 -4.15357198550837,42.9422389997968,1081.15330000001 -4.15363501759695,42.9421860258666,1081.36689999999 -4.15367198147425,42.9421720281049,1081.4984 -4.15367097625943,42.9421860258666,1081.54919999999 -4.15367198147425,42.9421870320008,1081.5542 -4.1537459936705,42.9421769732883,1081.901 -4.15381598321093,42.9421710219704,1082.1692 -4.15385403674467,42.9421560187282,1082.3204 -4.15390097551488,42.9421390032124,1082.59 -4.15392402538677,42.9421310409358,1082.63 -4.15407003845135,42.9420680088401,1083.15300000001 -4.15410096744658,42.9420580342817,1083.22 -4.15420599307973,42.9419990253453,1083.8118 -4.15428000527599,42.9419749694532,1083.9394 -4.15435804012809,42.941938005391,1084.19929999999 -4.15438100735494,42.9419459683502,1084.3207 -4.15442098867329,42.9419670064978,1084.3928 -4.15446801098686,42.941938005391,1084.4531 -4.1545250081933,42.9419280308115,1084.6611 -4.15459499683542,42.9419179727144,1085.01330000001 -4.15467898392459,42.9419039748917,1085.5766 -4.15478903832669,42.9418459719474,1085.7317 -4.15482298476294,42.9418260234147,1085.8103 -4.15498500670423,42.9416810160967,1086.15850000001 -4.15504301002381,42.9416500032268,1086.05530000001 -4.15522003562696,42.9416429621984,1086.7512 -4.15526001694531,42.9416469854555,1086.9311 -4.15533402914157,42.9416329882288,1087.1056 -4.15537803401405,42.9416339937144,1087.26210000001 -4.15553200974534,42.9415849596658,1087.5833 -4.1555729971768,42.9415650103909,1087.61569999999 -4.1556159968345,42.9415419604741,1087.7116 -4.15566201303495,42.941512959167,1087.5892 -4.15591699084519,42.9414149743547,1088.0575 -4.15597298193855,42.9414029887118,1088.2595 -4.15613701610604,42.9413390345547,1088.6056 -4.15629602060628,42.9413070160216,1089.4623 -4.15632803925795,42.9413370229161,1090.01420000001 -4.15642904133691,42.9413360174257,1090.4819 -4.1565830170682,42.9412859769908,1091.0061 -4.15669298702864,42.9412800262443,1091.3043 -4.15678401511302,42.9412709735329,1091.6888 -4.15686699519077,42.9412640166358,1092.04949999999 -4.15688996241762,42.941247001531,1091.977 -4.15692902206449,42.941229985764,1092.11320000001 -4.15698903581367,42.9412040021033,1091.97749999999 -4.15716597787352,42.9411070236087,1092.38129999999 -4.15725599984475,42.9410419801317,1092.236 -4.15731802582017,42.9410269766143,1092.238 -4.15744501166874,42.940956987114,1091.7231 -4.1575170125371,42.9409510363358,1092.0205 -4.15759697517379,42.940954975463,1092.6039 -4.15762203727188,42.940954975463,1092.66959999999 -4.15765103848254,42.9409589994226,1092.73360000001 -4.15768699714502,42.9409480185301,1092.76730000001 -4.1577090418021,42.9409330149898,1092.76760000001 -4.15772496713547,42.9409230409052,1092.73850000001 -4.15775103534671,42.9409259745371,1092.8135 -4.15775698578715,42.9409149942963,1092.7077 -4.15775598057233,42.9409149942963,1092.7059 -4.15786502886132,42.9408859926939,1092.6897 -4.15798497371467,42.9408450053263,1092.5356 -4.15817398553865,42.9407979829632,1092.3686 -4.15823198885823,42.9407780340909,1092.32980000001 -4.15842502333805,42.9406999983282,1092.03019999999 -4.15853901775099,42.9406920352079,1092.1079 -4.15871302591309,42.9406440072261,1091.9902 -4.15886700164438,42.9406069588469,1091.8075 -4.15891402395791,42.9406000018747,1091.78479999999 -4.15906598836126,42.9406310152735,1091.71369999999 -4.1591560094342,42.9406040251999,1091.5549 -4.15921099441444,42.9406010080349,1091.30710000001 -4.15925701151318,42.9406180233181,1091.36410000001 -4.1593010163857,42.9406640396596,1092.0246 -4.15933999248923,42.9407259822017,1092.5049 -4.15944300589612,42.9407999946194,1093.0698 -4.15947100189196,42.9408930338089,1093.61810000001 -4.15961600884343,42.9410220306808,1094.73850000001 -4.15967803481885,42.9410620124356,1095.0521 -4.15974802346097,42.941110040749,1095.6009 -4.15975799745555,42.9411080291029,1095.5787 -4.15980200322639,42.9411009886701,1095.5217 -4.15987702063744,42.9410879968139,1095.28720000001 -4.15996201294142,42.9411030003164,1095.6137 -4.16002898504079,42.9411200154609,1095.5368 -4.16009696235498,42.9411159921695,1095.1208 -4.1601760033202,42.9411129743719,1095.0295 -4.16021799686478,42.9411190093093,1095.213 -4.16035202370855,42.9411699718559,1095.6541 -4.16044397256609,42.9411599971521,1095.86199999999 -4.16050197588565,42.9411930219121,1096.2632 -4.16058302817879,42.9411999788173,1095.7099 -4.16066299171382,42.9412279741219,1095.9639 -4.16077598001361,42.9412279741219,1095.8306 -4.16087203686694,42.9412630104865,1096.6545 -4.16097303894593,42.9412760029633,1096.7546 -4.1610339752649,42.9412869831397,1096.70510000001 -4.16108803857365,42.9412839653505,1096.2395 -4.16113296511762,42.9413029920848,1096.6458 -4.16125299441263,42.9413110393006,1096.5344 -4.16127596074119,42.9413029920848,1096.1583 -4.16138299770224,42.9413139729139,1096.43429999999 -4.16139297169685,42.9413159845532,1096.4847 -4.16145097501643,42.9412940235512,1095.70570000001 -4.16149900254478,42.9412780146039,1095.2913 -4.16157402085416,42.9412630104865,1095.00410000001 -4.16168499782605,42.9411979671742,1094.3006 -4.16173897669314,42.9411979671742,1094.37820000001 -4.16186101731608,42.9412139768,1094.4751 -4.16204902302695,42.9412399604565,1095.2727 -4.16220199354342,42.9412230288622,1095.3008 -4.16228296229323,42.9412250405044,1095.5174 -4.16233300204782,42.9412429782479,1096.0137 -4.16251002854929,42.9412259624797,1095.5094 -4.16262997340264,42.9412210172198,1095.6314 -4.16272996936851,42.9412370268396,1095.3636 -4.16289199130976,42.9412589872043,1095.4559 -4.16290699497165,42.9412599933537,1095.44070000001 -4.16299399950187,42.9412490131725,1095.1804 -4.16308502668791,42.9412390384814,1095.17630000001 -4.16310799301647,42.9412490131725,1095.28999999999 -4.16316096666878,42.9412520303058,1095.2418 -4.16318401654063,42.9412599933537,1095.33839999999 -4.16336498215462,42.9412530364553,1095.2709 -4.1634310316842,42.9413029920848,1095.90150000001 -4.16359900496423,42.9412829598592,1095.0224 -4.16373001436696,42.941306009873,1094.98480000001 -4.16381701799888,42.9413110393006,1095.1207 -4.1638649628822,42.9413250366004,1095.18309999999 -4.16389497020597,42.9413419681667,1095.51760000001 -4.1640099698337,42.9413690420912,1095.637 -4.16402698482349,42.9413930140456,1096.00870000001 -4.16413796089704,42.9414370188303,1096.62850000001 -4.16420300521181,42.9415029845187,1097.9115 -4.16431196995747,42.9415479953694,1099.1716 -4.16435496871687,42.9415569638659,1099.0065 -4.16442302957436,42.9415589754973,1098.7604 -4.16449695822729,42.9415390268716,1097.5607 -4.16455797808959,42.941550007001,1097.8055 -4.16458002274666,42.9415520186326,1097.8772 -4.16471597737505,42.9415780028041,1098.4673 -4.16475998224753,42.9415889829266,1098.6372 -4.16489400909131,42.9415790082906,1098.1387 -4.16506701114029,42.9415579700104,1097.1446 -4.16511897957781,42.9415700397973,1096.9938 -4.1651870404353,42.9415609871285,1096.462 -4.16535702504326,42.9415670226796,1096.1676 -4.16539700725991,42.9415569638659,1095.86109999999 -4.16559398175059,42.941550007001,1095.19899999999 -4.16579799723643,42.9416329882288,1096.7893 -4.16584703177623,42.9416189903414,1096.13959999999 -4.16600402405024,42.9415899890706,1094.8477 -4.16607895881628,42.9416070040805,1094.79210000001 -4.16625296697838,42.9416260307149,1095.174 -4.16632597306152,42.9415970294474,1094.245 -4.16647600968027,42.9415849596658,1093.8198 -4.16658597964075,42.9416130389695,1094.4161 -4.16665596918114,42.9416329882288,1094.7651 -4.16669796182742,42.9416289643133,1094.5658 -4.16674599025411,42.9416090157102,1093.9789 -4.16679896390641,42.9416080095666,1093.8928 -4.16698403661785,42.9415749850292,1092.81359999999 -4.16698403661785,42.9415769966599,1092.8731 -4.1670220066083,42.9415749850292,1092.83319999999 -4.16708797259456,42.9415719679117,1092.799 -4.16730104040352,42.9415780028041,1093.0384 -4.1673840213796,42.9415990410775,1093.5618 -4.1675250047769,42.9416080095666,1094.2118 -4.16756004086963,42.9415849596658,1093.7957 -4.16765701939441,42.9415469898823,1093.3146 -4.16777302513529,42.9415110310508,1092.78939999999 -4.16783999633633,42.9415110310508,1092.8219 -4.16788802476301,42.9415240234753,1093.0478 -4.16798198584678,42.9415410385035,1093.41439999999 -4.16804501793532,42.9415380207268,1093.5765 -4.16811098302324,42.9415220118428,1093.4102 -4.16821399732846,42.9415019790309,1093.148 -4.16829102696577,42.9414889866017,1092.90949999999 -4.16844198435768,42.9415230173303,1093.9042 -4.16847098646664,42.9415370152396,1094.31230000001 -4.16854902131873,42.9415479953694,1094.572 -4.1687530368046,42.9415589754973,1094.99490000001 -4.16880701657002,42.9415419604741,1094.40640000001 -4.16887700521212,42.9415080139302,1093.1678 -4.16890801864897,42.9414989612523,1092.78 -4.16903701582547,42.941484041363,1092.2457 -4.16911396191945,42.9414739831933,1092.0494 -4.16919996033655,42.9414540345401,1091.74280000001 -4.16932200095946,42.9414869749681,1092.35490000001 -4.16953900788095,42.9414690379533,1091.7576 -4.16958997020535,42.9414640085387,1091.5873 -4.16967697473557,42.9414790126071,1091.9014 -4.16971201082826,42.9414999673977,1092.61079999999 -4.16976397836745,42.9415080139302,1092.89350000001 -4.16985198811248,42.941481024241,1091.9086 -4.16989901132434,42.9414599852697,1091.4452 -4.17012901057979,42.9414370188303,1090.9999 -4.17022096033563,42.9414660201731,1091.35219999999 -4.17031601107584,42.9415039906641,1092.3339 -4.1703720021692,42.9415070077849,1092.2629 -4.17046403546836,42.9414849633344,1091.29859999999 -4.17058498643486,42.9414719715592,1090.6489 -4.17063603140426,42.9414540345401,1090.4497 -4.17082303190031,42.941397037319,1090.1474 -4.1708380355622,42.9413859729878,1090.09480000001 -4.17090701898947,42.941360994883,1089.5674 -4.17096896052326,42.9413780106139,1090.3786 -4.17103299872492,42.941397037319,1090.9158 -4.17121103044121,42.9414200037733,1091.5304 -4.17137296883914,42.9414029887118,1091.0785 -4.17138696638791,42.9414039942011,1091.1324 -4.17159802286897,42.9413449859531,1089.39449999999 -4.17167597417773,42.9413670304537,1089.84910000001 -4.17175300381504,42.9413960318295,1090.87609999999 -4.17179097380546,42.9413960318295,1090.89260000001 -4.171886025444,42.9413759989766,1090.3808 -4.17191997188028,42.9413670304537,1090.0292 -4.17205701616508,42.9413459914434,1089.37639999999 -4.17220596222905,42.9413780106139,1090.3198 -4.17241500648388,42.9413569716073,1089.6099 -4.17257199965622,42.9413650181584,1089.7487 -4.17260401920619,42.9413630065207,1089.6764 -4.17275195915708,42.9413480030817,1089.5613 -4.17292697343229,42.9413370229161,1089.242 -4.17298103674104,42.9413549599693,1089.4866 -4.17316401368296,42.9413390345547,1088.70849999999 -4.17322201610421,42.9413269647224,1088.3848 -4.17336300039985,42.9413469975913,1088.7294 -4.17344204136506,42.9413439798051,1088.6067 -4.17350096635613,42.9413329996389,1088.3239 -4.17364798463553,42.9413259585742,1088.2003 -4.1737909802591,42.9413380290642,1088.40300000001 -4.17383096157745,42.9413319934907,1088.2213 -4.17395601964141,42.9413139729139,1087.5727 -4.17410697793165,42.9412569755632,1086.0554 -4.17418803112309,42.9412390384814,1085.10679999999 -4.1742590258783,42.9412309919138,1084.48330000001 -4.1743000133098,42.9412200117275,1084.18120000001 -4.17440897805542,42.9412060137461,1083.3486 -4.17453797523192,42.9411969610238,1082.21490000001 -4.17464702352087,42.9411729889931,1081.9025 -4.17478700170339,42.9411340134618,1080.4494 -4.174828995248,42.9411289840198,1080.2632 -4.175021024513,42.9410640240832,1078.6373 -4.17503896207261,42.9410569836454,1078.3759 -4.17519100912097,42.9410640240832,1077.9782 -4.17522897911138,42.9410539658449,1077.6214 -4.17546803158828,42.940995963415,1076.00539999999 -4.17565402597125,42.940941983576,1074.1341 -4.17575301582397,42.9409370382933,1073.86199999999 -4.17586198056962,42.9409579932683,1074.1284 -4.17592501265816,42.9409750084529,1074.1966 -4.1759739627563,42.9409610110735,1073.8499 -4.17603196607588,42.9409490246845,1073.2654 -4.17619097057612,42.9408539739252,1070.57090000001 -4.17622902410987,42.9408320134161,1069.8668 -4.17636497873822,42.9407709929628,1068.086 -4.17643999704759,42.9407259822017,1066.7993 -4.17650302913613,42.9407350343356,1066.91620000001 -4.1766929626316,42.9407519660642,1066.80680000001 -4.17671701861661,42.9407440036082,1066.5554 -4.17685900812703,42.9407219588845,1065.3988 -4.17699496275541,42.9407210369017,1064.6053 -4.1771669595896,42.940737968634,1064.5416 -4.17722596812397,42.9407340288353,1064.0439 -4.17736401762359,42.9407610188519,1064.0713 -4.1774269661688,42.9407930376689,1064.8257 -4.17750801846194,42.9408020062754,1064.8952 -4.17757499056132,42.9408429936717,1065.7567 -4.17764598531652,42.9408699829828,1066.1195 -4.17769996418365,42.9408750124461,1066.012 -4.17787497845886,42.9408239667953,1063.7194 -4.17798302153303,42.9407839848859,1062.60520000001 -4.178052004062,42.9407160074259,1060.59819999999 -4.17809802116075,42.9406040251999,1058.0229 -4.17810698994057,42.9405849982497,1057.61440000001 -4.17810497771431,42.9405910332388,1057.7377 -4.17810003248869,42.9405829872441,1057.6918 -4.17810296638641,42.9405809755809,1057.6085 -4.17810598382746,42.9405789639176,1057.52469999999 -4.17813699726431,42.9405529799821,1056.7666 -4.17825099077892,42.9404919592522,1055.01850000001 -4.17826498832766,42.9403720141147,1052.4048 -4.17826197088665,42.9403529877504,1052.0549 -4.1782400106712,42.9402900393255,1051.2553 -4.17822701833725,42.9402819926338,1051.15579999999 -4.17824596200997,42.9402450288704,1050.58229999999 -4.17826599444078,42.9402130097684,1049.90700000001 -4.17837495918644,42.9401700102761,1048.36810000001 -4.17840396039706,42.9401120076711,1047.2372 -4.17846598637249,42.9400469644582,1045.3939 -4.1784750386956,42.9398580358482,1042.32490000001 -4.17852398969207,42.9397240096113,1039.6474 -4.17852901846106,42.9395599753366,1036.6577 -4.17855500223063,42.9394990391149,1035.48239999999 -4.17858400344126,42.939476994603,1034.9549 -4.17867796452503,42.939354032235,1032.6832 -4.17871903639815,42.9392670278117,1031.4923 -4.1787839962713,42.9391979609469,1030.4975 -4.17882699503066,42.9390599953403,1028.4715 -4.1788450161336,42.9390350169495,1028.088 -4.1788549910265,42.9390139784576,1027.85550000001 -4.17883001247171,42.9389380383268,1027.1828 -4.17885197358545,42.9388959612696,1026.6081 -4.17888097479608,42.9388500284422,1025.9469 -4.17887200601629,42.9387750101211,1024.683 -4.17887401734423,42.9387529660077,1023.9789 -4.17889597845797,42.938692029645,1022.94040000001 -4.17899496831069,42.938618017324,1022.4304</coordinates>
</LineString>
</Placemark>
</Folder>
</Document></kml>
