<?xml version="1.0" encoding="UTF-8"?>

<kml xmlns:xsd="http://www.w3.org/2001/XMLSchema" xmlns:gx="http://www.google.com/kml/ext/2.2" xmlns:atom="http://www.w3.org/2005/Atom" xmlns="http://www.opengis.net/kml/2.2">
<Document>
<name>ES11a_02b_guenes-villasana_de_mena</name>
<visibility>1</visibility>
<Schema name="ES11a_02b_guenes-villasana_de_mena" id="kml_schema_ft_ES11a_02b_guenes-villasana_de_mena">
<SimpleField type="xsd:string" name="id">
<displayName>id</displayName>
</SimpleField>
<SimpleField type="xsd:string" name="nombre">
<displayName>nombre</displayName>
</SimpleField>
<SimpleField type="xsd:double" name="longitud">
<displayName>longitud</displayName>
</SimpleField>
<SimpleField type="xsd:string" name="_formato">
<displayName>_formato</displayName>
</SimpleField>
</Schema>
<Folder id="kml_ft_ES11a_02b_guenes-villasana_de_mena">
<name>ES11a_02b_guenes-villasana_de_mena</name>
<Placemark id="kml_1">
<name>&lt;img height='20' src='https://nco.ign.es/iconos/icono_todos_caminos_azul.png' /&gt;&lt;img height='20' src='https://nco.ign.es/iconos/Camino Santiago_20.png' /&gt;&lt;img height='20' src='https://nco.ign.es/iconos/icono_todos_caminos_azul.png' /&gt;  Camino de Santiago </name>
<visibility>1</visibility>
<description><![CDATA[<!DOCTYPE html>
<html>
<head>
<style>
#nco {
  border-collapse: collapse;
  overflow:hidden;
}
#nco th, #nco td {
  padding: 4px;
  text-align: left;
}
#nco th {
  color: #364B5F;
  padding-right: 5px;
}
#nco td {
  color: rgb(51, 51, 51);
  font-size: 12px;
  padding-right: 5px;
}
</style>
</head>
<body>
<table id="nco">
<tr>
<td>Caminos del Norte</td>
</tr>
<tr>
<th><b>Camino: </b></th>
<td>ES11a Camino Olvidado</td>
</tr>
<tr>
<th><b>Etapa: </b></th>
<td>02b Güeñes-Villasana de Mena</td>
</tr>
<tr>
<th><b>Longitud: </b></th>
<td>27.31 km</td>
</tr>
</table>
</body>
</html>]]></description>
<Style>
<IconStyle>
<scale>0.8</scale>
</IconStyle>
<LabelStyle>
<color>ffffffff</color>
<scale>0.75</scale>
</LabelStyle>
<LineStyle>
<color>ffff0000</color>
<width>3.0</width>
<gx:labelVisibility>1</gx:labelVisibility>
</LineStyle>
<PolyStyle>
<color>66ff0000</color>
</PolyStyle>
</Style>
<ExtendedData>
<SchemaData schemaUrl="#kml_schema_ft_ES11a_02b_guenes-villasana_de_mena">
<SimpleData name="id">ES11a_02b</SimpleData>
<SimpleData name="_formato">kml</SimpleData>
</SchemaData>
</ExtendedData>
<LineString>
<extrude>0</extrude>
<tessellate>1</tessellate>
<coordinates>-3.09541739496368,43.2112464587251,76.5046000000002 -3.09539526676331,43.2114890311285,76.0895000000019 -3.09541739496368,43.2115878538815,73.2464999999938 -3.09542896256961,43.2116330321138,72.3317999999999 -3.09542896256961,43.21164703,72.1745999999985 -3.09543097389754,43.2116580102854,72.0478000000003 -3.09544396623149,43.2117209581654,72.4002000000037 -3.09541697634877,43.2118389755263,74.0828000000038 -3.09542200511772,43.2118490339364,74.3748999999953 -3.09542896256961,43.2119109759757,76.8689000000013 -3.09544002622066,43.2119930347263,77.1561999999976 -3.09544296011838,43.212063023712,77.0158999999985 -3.09544203844689,43.212157990584,77.0344000000041 -3.0954889763188,43.2122889998554,76.8166000000056 -3.09553197597649,43.2123790213451,76.8217000000004 -3.09554697963838,43.2124370241101,76.9744999999966 -3.09552501852464,43.2125169877379,77.117499999993 -3.0955049860938,43.212540038084,77.1499999999942 -3.09549501209919,43.2125670278041,77.2133999999933 -3.09551998975565,43.2126019800762,77.3059000000067 -3.0955990307209,43.2127059994019,77.5402999999933 -3.09570699025174,43.2128100192048,78.3515000000043 -3.0957990235509,43.212914960655,80.6554999999935 -3.09581402721279,43.2129619828616,79.1315999999933 -3.09587898708593,43.2130280320372,78.278999999995 -3.09604503258135,43.2130270264121,78.1205000000045 -3.09616397132159,43.2130120232174,78.0436999999947 -3.09622297985599,43.2130110169373,78.0626000000047 -3.09639397057707,43.2129909843011,78.148199999996 -3.09652003475414,43.2130110169373,78.2597999999998 -3.09658097107312,43.2130039762501,78.2902999999933 -3.09676302634354,43.2130219976318,78.6830999999947 -3.09677702389228,43.2130189801016,78.7116999999998 -3.09693502227941,43.2130240088821,78.7633999999962 -3.09697600971087,43.2130150400933,78.7909999999974 -3.09709101023693,43.213020991352,78.9440000000031 -3.09719603497175,43.2130370008241,79.2305999999953 -3.0973319896001,43.2130339832946,79.4717999999993 -3.09740097302741,43.2130309657649,79.6266999999934 -3.09756098274243,43.2130009587189,79.7501000000047 -3.09768998081723,43.2129869611435,79.7853000000032 -3.09787999875433,43.2129899786754,80.113400000002 -3.09793003850891,43.212988972395,80.1517000000022 -3.09800002715104,43.2129850330395,80.2505999999994 -3.09823497163211,43.2129530140637,80.2188000000024 -3.09827503739212,43.2129540203446,80.2437999999966 -3.09852297420714,43.2129359989428,80.2407999999996 -3.09861199006529,43.2129359989428,80.2165999999997 -3.09881801687906,43.2129359989428,80.2112999999954 -3.09900300604721,43.2129130325487,80.476999999999 -3.09909101579224,43.212910015013,80.6842000000033 -3.0993040000579,43.2128769903703,80.8062000000064 -3.09936996514583,43.2128690278422,80.8800999999949 -3.09959602528877,43.2128209992808,80.9063000000024 -3.09971001970168,43.2128270343608,81.4342000000033 -3.09979199456461,43.2128289618151,82.0213999999978 -3.09983197588296,43.2128209992808,81.9269000000058 -3.10001595893799,43.2127889802188,81.837400000004 -3.1001010347853,43.2127970272144,82.3209000000061 -3.10029197439389,43.2127889802188,82.4763999999996 -3.10035400126761,43.2127930040441,82.6236999999965 -3.10059296930288,43.2127680256827,81.9627999999939 -3.10068399648893,43.2127899865025,82.126099999994 -3.10082104077372,43.2128449713377,82.6459999999934 -3.10086898475875,43.2128540239539,82.5902999999962 -3.10108901001962,43.212853018326,82.6855999999971 -3.10118900598546,43.2128579633179,82.8819999999978 -3.10129797073112,43.2128810135351,83.7697999999946 -3.10133300682381,43.2128850373543,84.0216999999975 -3.1013660315886,43.2128889767162,84.4057999999932 -3.10158396107992,43.2128619871386,85.2302999999956 -3.10165596194824,43.2128599752283,85.6214999999938 -3.1016950215951,43.2128570414923,85.8013000000064 -3.10188797342992,43.2128619871386,86.4465999999957 -3.10196198562618,43.2128700334699,85.6683000000048 -3.10212803112164,43.2128830254447,84.8997999999992 -3.10221101119936,43.2128749784604,84.8215000000055 -3.10242801901918,43.2128859591794,84.8242000000027 -3.1025619614213,43.2129009624052,84.9131999999954 -3.10263203450506,43.212909009386,84.9119000000064 -3.1026620418288,43.2129169719088,84.9303999999975 -3.10277796312801,43.2129209957257,84.9297999999981 -3.10282800378089,43.2129159662819,84.9158000000025 -3.10286303987362,43.2129069974772,84.8907999999938 -3.10298499695323,43.2129009624052,84.8420000000042 -3.10310603146302,43.2128899823436,84.8248000000021 -3.10322396498847,43.212901968687,84.7961000000068 -3.10324097997826,43.212901968687,84.7900999999983 -3.10329898239955,43.2129039799413,84.7839999999997 -3.10348698900871,43.2129280364225,84.9878000000026 -3.10373098581293,43.212914960655,84.5684000000037 -3.10391002364231,43.2129009624052,84.2967000000062 -3.10393902485294,43.2129120269217,84.4073000000062 -3.1039780009565,43.212914960655,84.4183000000048 -3.10419400266318,43.2129270301411,84.8698000000004 -3.10443699335428,43.2129049862231,84.8104000000021 -3.1046120076295,43.21291102064,86.5378999999957 -3.10484795822372,43.2128660103044,84.645199999999 -3.10500998016501,43.2128540239539,84.5068000000028 -3.10502699605309,43.2128550295818,84.5801000000065 -3.10509103335645,43.2128570414923,84.6637000000046 -3.10532002739711,43.2128459776205,84.204700000002 -3.10548297100986,43.2128660103044,84.6524000000063 -3.10556603552924,43.2128560358644,83.7213000000047 -3.1056579852851,43.2128650040219,83.9554999999964 -3.10570701982487,43.2128579633179,83.6272000000026 -3.10595998540888,43.2127909921315,82.645199999999 -3.10612502479118,43.2127579674243,82.6633000000002 -3.10616299478163,43.2127479929667,82.6496999999945 -3.10644797991562,43.2126530257039,82.4060000000027 -3.1066209819646,43.2125709671866,82.3960999999981 -3.10678996135777,43.2124999724955,82.6909000000014 -3.10683296101547,43.2124989668616,82.7909999999974 -3.10705298537802,43.2124159856501,83.2402000000002 -3.10714099512302,43.2123689630226,83.7700999999943 -3.10732598429116,43.2122679613444,83.5495999999985 -3.10733897572679,43.2122579868066,83.4900999999954 -3.10754399732578,43.212157990584,83.4342999999935 -3.10768699294934,43.2119829763401,82.8110000000015 -3.10772798038081,43.2119399772603,82.7590000000055 -3.10778799502829,43.2118610198296,82.1747000000032 -3.1079429759744,43.2118200326086,82.8809999999939 -3.10795898574937,43.2118160093738,82.902700000006 -3.10804498416647,43.211774015822,82.8488999999972 -3.10806501659731,43.2117529771333,82.8218000000052 -3.10815202112752,43.2117060384532,82.6984999999986 -3.10820499477983,43.2116630391781,82.551999999996 -3.10842501914237,43.2115819862871,82.4869999999937 -3.10846600657384,43.2115710059881,82.531799999997 -3.10855896244282,43.2115119974042,82.3218000000052 -3.10871000427636,43.2114410027897,82.0963000000047 -3.10885400511471,43.2113840060392,82.3377999999939 -3.10889197510516,43.2113499755721,81.8601000000053 -3.10894302097286,43.2113369832707,81.9409000000014 -3.10902801327684,43.211318040197,81.7485000000015 -3.10908299915537,43.2113030365818,81.5338000000047 -3.10925499509124,43.2113130112758,82.2737000000052 -3.1093020174048,43.2113199683538,82.5097999999998 -3.10944702435627,43.2113219796602,82.4933000000019 -3.10955397777399,43.2113489692647,83.1196000000054 -3.10978498314256,43.2114109956162,83.6037999999971 -3.10993099620717,43.21145500072,83.8074999999953 -3.10998698730053,43.2114730219047,83.7455999999947 -3.11025101653556,43.2115130030543,83.4943000000058 -3.11035595862538,43.2115359699756,83.7462999999989 -3.1104019748258,43.2115359699756,83.6998000000021 -3.11054899400349,43.2115270009679,83.1628000000055 -3.11073800582748,43.2116200405274,83.9486000000034 -3.11087395955753,43.2116870116902,83.9637999999977 -3.11106498360775,43.2117549890802,83.3693999999959 -3.1111049649261,43.2117750214677,83.383799999996 -3.11120999055925,43.2118330241523,83.0298000000039 -3.11129800030425,43.2118959725064,83.4003999999986 -3.11131803363342,43.2119099703323,83.6664000000019 -3.11154199800677,43.2119460124274,83.354800000001 -3.11165599152137,43.2119579983017,84.0733999999939 -3.11175095871829,43.2119549813735,84.2872999999963 -3.11181801346267,43.2119500356536,84.400999999998 -3.11193896442916,43.211936037837,84.527700000006 -3.11206796250395,43.211933020253,84.9278999999951 -3.11218597957273,43.2118620254739,82.4364999999962 -3.1122979617594,43.2118500395809,82.0455999999976 -3.1126189882009,43.2118020115264,84.7676999999967 -3.11274999760363,43.211666978619,84.459600000002 -3.11288000089324,43.2115910390907,85.203800000003 -3.11292098832471,43.2115620376403,85.1445999999996 -3.11295703053052,43.2115249896683,83.854600000006 -3.11300799285492,43.2114720155992,82.2917000000016 -3.1130929851589,43.2114330400742,81.7473000000027 -3.11314201880037,43.2113550044903,81.4088999999949 -3.11315702246223,43.2111069842467,81.1333000000013 -3.1131710209093,43.2110359891608,81.1811000000016 -3.11314503624139,43.2108860372636,81.1408999999985 -3.11316498512893,43.2107759828251,81.1572000000015 -3.11321100222764,43.2106719634813,81.8375999999989 -3.11326095843893,43.2105049955448,81.9881000000023 -3.11328995964956,43.2104469929067,82.063599999994 -3.11326598720788,43.2103510203202,82.7958000000071 -3.11320102733474,43.2102739903318,81.1698000000033 -3.113162973801,43.2102510242446,81.3059000000067 -3.11313699003139,43.2101900036947,81.4906999999948 -3.11314101358555,43.2101210208516,81.3794999999955 -3.11313103869265,43.2100470082502,81.116200000004 -3.1131710209093,43.2100239582714,82.7151000000013 -3.11321703710975,43.2099559809163,84.0782000000036 -3.11325601321328,43.2099080364861,84.3178999999946 -3.11334201163037,43.2098109742217,84.1946000000025 -3.11346396781165,43.2096740139353,83.2513000000035 -3.11353001734124,43.209658004235,83.2626000000018 -3.11350897879729,43.2094440145328,83.4876999999979 -3.1135099849104,43.2094330338488,83.4997000000003 -3.11354996622875,43.2092560082679,83.414300000004 -3.11363001330711,43.2091120069083,82.5666000000056 -3.11372397439088,43.2089700179022,82.7927000000054 -3.1137430016069,43.2089580314408,82.7473000000027 -3.11384098624484,43.2088850250857,82.7479000000021 -3.11401499440693,43.2088179703121,82.7914000000019 -3.11422496123157,43.2087840235307,82.9716000000044 -3.11450902379577,43.2087280319574,83.1132000000071 -3.11452603878556,43.2087250148694,83.1119000000035 -3.11457398366891,43.2087280319574,83.113400000002 -3.1146179885414,43.2087179736874,83.0878999999986 -3.11471303928161,43.2086800040634,83.1425000000017 -3.11486299145873,43.2086100151242,83.0858000000007 -3.11497296231751,43.2085830249624,83.1658000000025 -3.11517597169026,43.2084879746083,83.3037999999942 -3.11534796852442,43.2084100229932,83.5121000000072 -3.11554200911739,43.2083650119548,83.9130000000005 -3.11563597020116,43.2083260364086,84.4462000000058 -3.11575097072722,43.2083039914823,84.9210000000021 -3.11588197923162,43.2083400337442,84.8171000000002 -3.11613704058519,43.2084230146086,85.1296000000002 -3.11631800619917,43.208474982352,85.349000000002 -3.1163900061692,43.2084800115072,85.2955999999976 -3.11659301644025,43.208532985556,85.2888999999996 -3.11670198118587,43.2085370083526,85.1009000000049 -3.11686098568611,43.2085919937483,85.2915000000066 -3.11698797153468,43.2086550259818,85.2786999999953 -3.11721797079013,43.208729960196,85.9223000000056 -3.1172749679966,43.2087629844654,85.9489000000031 -3.11744797004561,43.2087769823555,85.9459999999963 -3.11754402689894,43.2088169639629,85.9035000000003 -3.1175609583454,43.2088359909665,85.8977000000014 -3.11758903788454,43.2088329738838,85.8945999999996 -3.11765098031666,43.2088300399542,85.9066000000021 -3.11779104204251,43.2088509945338,85.7866000000067 -3.11790696334169,43.2088479774519,85.2826000000059 -3.11793303155293,43.2088430321349,85.0930999999982 -3.11797401898439,43.2088459654091,85.0123000000021 -3.11798902264628,43.2088459654091,84.9599000000017 -3.11822899589634,43.2088789902704,84.8212000000058 -3.11849696604053,43.2088520002277,84.2253999999957 -3.11859796722119,43.208842025786,84.1426999999967 -3.11871003384952,43.2088339795781,84.4082999999955 -3.11880600626119,43.2088140306872,84.3993000000046 -3.11895797066454,43.2087319715878,83.5350000000035 -3.11908596172793,43.2086940019726,84.0889000000025 -3.11923197479251,43.208658965617,84.8738000000012 -3.11926399344419,43.2086430394584,84.8249999999971 -3.11944403648838,43.2085690276826,84.957899999994 -3.11953196269009,43.2085159698568,85.0142000000051 -3.11965702075404,43.2084429636274,85.1894999999931 -3.11971804151465,43.2083589770881,84.8285999999935 -3.11984301513698,43.2082690393661,85.1030000000028 -3.11992096734407,43.2082110365659,85.2465999999986 -3.11996497221659,43.2081810291127,85.3993999999948 -3.120010988417,43.2081299836707,85.3920000000071 -3.12001802941222,43.2081090288433,85.3769999999931 -3.12003001563306,43.2080820391147,85.3764999999985 -3.12017996781015,43.2078890033768,85.4039000000048 -3.12023897634455,43.207826977372,85.4676999999938 -3.12023998245767,43.2078249659503,85.4689999999973 -3.12030603198726,43.2077669633826,85.5241999999998 -3.12038197196809,43.2077060267759,85.6416999999929 -3.12039798084479,43.2076979804181,85.7063999999955 -3.12048900892914,43.2075750174816,85.8601999999955 -3.12060199633063,43.207483990387,86.0804000000062 -3.12072001429774,43.2074060381437,86.1785999999993 -3.12080400048857,43.2073630391109,86.2333000000071 -3.12089402245983,43.2073190343286,86.2485000000015 -3.12101799086735,43.207264971005,86.0734999999986 -3.12112603304322,43.2072440165353,85.9397000000026 -3.12122703512217,43.2072290125727,85.8643000000011 -3.12141898084387,43.2071639687317,86.5175000000017 -3.12149802180912,43.2071170304484,86.4622999999992 -3.12153096303058,43.2071120011808,86.4646999999968 -3.12164998621247,43.2071069719128,86.4495000000024 -3.12171997485456,43.2071010207318,86.4885000000068 -3.12184997814414,43.2070870231118,86.459600000002 -3.12190203012499,43.2071089840129,86.5342999999993 -3.12191401634583,43.2071130069034,86.5139000000054 -3.12192801389457,43.207118036171,86.4939000000013 -3.12194000011541,43.2071239873503,86.4784000000072 -3.12199498509565,43.2071460320482,86.4591999999975 -3.1222490403361,43.2071570118344,86.7978000000003 -3.12230402621464,43.2071550003906,86.7381000000023 -3.12245498450487,43.2071860134151,86.7945000000036 -3.1224920319255,43.2072059621837,86.8441000000021 -3.12252899670113,43.2072190378656,86.8322999999946 -3.12257300157362,43.2072359694618,86.8110000000015 -3.12275103328991,43.2073559984264,87.5497000000032 -3.12282496104451,43.2074160128202,87.713499999998 -3.12285102925575,43.207447025712,87.7492999999959 -3.12294901389368,43.2075310128522,87.5923000000039 -3.12310097739871,43.2076010017201,87.0752000000066 -3.12313299605038,43.2076300030898,86.8439999999973 -3.12322896936038,43.207736033808,86.5761999999959 -3.12324103912455,43.2077620179779,86.7265999999945 -3.12330096933041,43.2078389634009,86.6630000000005 -3.12339702618374,43.2080220247214,87.017200000002 -3.12341496374335,43.2080879902,87.5786999999982 -3.12344698239503,43.2081220205228,87.4198000000033 -3.12344497106709,43.2081699650474,87.7690000000002 -3.12345704083126,43.2081830405226,87.8053000000073 -3.12350003959063,43.2082540356556,87.9018999999971 -3.12355997069482,43.2083159780723,88.0675000000047 -3.12358796579233,43.2083439733997,88.1981999999989 -3.12372903363129,43.208499038616,88.6106 -3.12374797640569,43.2085349969543,88.6831999999995 -3.12385995859236,43.2086449676998,88.846000000005 -3.12390496957799,43.2087029700874,89.0350999999937 -3.12409498751509,43.2088019603872,89.4112000000023 -3.12422599601952,43.2088349852723,89.5878999999986 -3.12425198068743,43.2088329738838,89.5960999999952 -3.12434300787348,43.2088469711031,91.9998000000051 -3.12436396287411,43.2088499888398,92.6310999999987 -3.1244499612912,43.2088860307791,91.4134000000049 -3.12446395883998,43.2088919824407,90.9272999999957 -3.12449002615288,43.2089029625673,90.2229999999981 -3.12450100626061,43.2089079916872,89.9640000000072 -3.12451500470767,43.2089120151138,89.6058000000048 -3.12456496091893,43.2089509909404,90.1968000000052 -3.12457401324205,43.2089639824406,90.3622000000032 -3.12466403431498,43.2090890410384,90.650999999998 -3.12466998565375,43.2091020325091,90.6946000000025 -3.12477601650169,43.2092249949863,90.3334999999934 -3.12479102016354,43.2092539968933,90.3035999999993 -3.12481197516417,43.2093219737214,90.3171000000002 -3.12481298127728,43.2093679903938,90.4762000000046 -3.12481801004627,43.2094359677495,90.5142999999953 -3.12481801004627,43.2094689922913,90.5007999999943 -3.12485296259567,43.2095170208735,89.8494999999966 -3.12487400113959,43.2095699946763,89.4204999999929 -3.12485204092418,43.209669990559,89.4992999999959 -3.12483401982124,43.2096859996013,89.517200000002 -3.12481901615938,43.209703014974,89.642399999997 -3.12480300638438,43.2097259812676,89.8317999999999 -3.12480904126645,43.2097829782581,89.4899000000005 -3.12478297395354,43.2098829744463,89.1970000000001 -3.12475003273208,43.2099760138947,89.036500000002 -3.12476696417857,43.210021024399,88.9330999999947 -3.12481298127728,43.2100709807428,88.8597000000009 -3.12486603847292,43.2101169975048,88.8058000000019 -3.12487500725274,43.2101409693151,88.7651000000042 -3.12488900480148,43.2101829626818,88.7045999999973 -3.12498103810064,43.2102950288758,88.7474999999977 -3.12509100895941,43.2103680355074,88.8173999999999 -3.12518295871528,43.2104360124033,88.8469000000041 -3.12520701470025,43.2105009722233,88.8190999999933 -3.12530298711196,43.210646984906,88.789300000004 -3.12532796566675,43.2107090113167,88.7737999999954 -3.12534699198447,43.210742035824,88.7667999999976 -3.125385968088,43.2108000388363,88.754700000005 -3.12545696284325,43.2108860372636,88.7523999999976 -3.12552502370074,43.2109169658955,88.7838999999949 -3.12560498723576,43.2109860329527,88.7786000000051 -3.12566600709807,43.211077982566,88.6453000000038 -3.12566902453909,43.2110830115066,88.6371000000072 -3.12567899943202,43.2111359852588,88.5625 -3.12569299698076,43.2111659925677,88.5166999999929 -3.12572401041762,43.2111949942065,88.4694000000018 -3.12581403149055,43.2112750413031,88.4177000000054 -3.12585895893289,43.211318040197,88.3530000000028 -3.12590396991849,43.2113710137451,88.286500000002 -3.12591000480059,43.2114180364873,88.2915000000066 -3.12591000480059,43.2114199639862,88.2929000000004 -3.12590799257436,43.21143697953,88.3074999999953 -3.12591897358038,43.2114850078719,88.3451000000059 -3.12594504089328,43.2115369756253,88.4081000000006 -3.12601603564853,43.2116809764974,88.5402999999933 -3.12607001541395,43.2117430025113,88.6125000000029 -3.12613598050187,43.2117809728474,88.6609000000026 -3.12630102078251,43.2118809690334,88.9698000000062 -3.12633496721879,43.2118989900922,89.0964999999997 -3.12651903381712,43.2119760199925,89.4170000000013 -3.12664903710673,43.212006026888,89.5577000000048 -3.12667703220425,43.2120200246885,89.5712000000058 -3.12676001318029,43.2120849841309,89.5608999999968 -3.12680804160697,43.2121380421256,89.4645000000019 -3.12684802382362,43.2121650313689,89.4152000000031 -3.12693402134242,43.212237032088,89.3608999999997 -3.12697199133284,43.212304003228,89.3065000000061 -3.12705698453511,43.2123760037831,89.2183999999979 -3.12706100719098,43.2123999760149,89.2259000000049 -3.1271930227068,43.2124510218117,89.2829999999958 -3.1272360214662,43.2124480049079,89.3016000000061 -3.12727198012871,43.21245403937,89.303899999999 -3.12733400610413,43.212462002607,89.3120000000054 -3.12749099927644,43.2125070132408,89.3598999999958 -3.12755302525186,43.2124920099182,89.4431999999942 -3.12769400864919,43.2125210109264,89.5040000000008 -3.12771898720398,43.2125390317961,89.489499999996 -3.12778403062042,43.2125709671866,89.5114000000031 -3.12789802413503,43.2125709671866,89.6312000000034 -3.12792803145881,43.2125609926984,89.6404999999941 -3.12798301733734,43.2125849648575,89.6894999999931 -3.12802098732776,43.2126250303902,89.7163 -3.12806700352821,43.2126329929501,89.7507999999943 -3.12810296219069,43.2126540319899,89.7851999999984 -3.128179991828,43.2126920017588,89.799199999994 -3.12826800157303,43.2127449754228,89.8885000000009 -3.12844603328929,43.2128059960354,89.8791000000056 -3.12861400656932,43.2128779959978,89.0893999999971 -3.12866002276974,43.212897023044,89.0844999999972 -3.12880000095225,43.2129430396379,88.920299999998 -3.12884199449687,43.2129739691909,89.7691999999952 -3.12888398804145,43.2129970193642,89.9973999999929 -3.12892103546208,43.2130090056866,89.8313000000053 -3.12900703387918,43.2130570334453,90.2002999999968 -3.12905900141836,43.2130759766335,90.6316999999981 -3.12916402705148,43.213093997994,89.9903999999951 -3.12934801010651,43.2131659982711,91.1848000000027 -3.12943099108256,43.2131599632247,91.2057999999961 -3.12956803446906,43.2131690157941,91.5182000000059 -3.12959301302382,43.2131749670378,91.5310999999929 -3.1297270398676,43.2131690157941,91.5314000000071 -3.12980297984846,43.2131530063566,91.3803999999946 -3.12985402571616,43.2131769789377,91.4557999999961 -3.12992300824514,43.2132479734955,91.5270000000019 -3.12992803791242,43.2133179623503,91.5142999999953 -3.12993499446598,43.2133229917609,91.4939000000013 -3.13001696932891,43.2133669967945,91.293399999995 -3.13004496532475,43.2133880349264,91.2206000000006 -3.13008897019726,43.2134069780118,91.1416000000027 -3.1301010399614,43.2134300286762,91.1227999999974 -3.13013196895663,43.2134450317682,91.0734999999986 -3.13016599983454,43.21344402615,91.0157000000036 -3.13028896212897,43.2134679986167,90.8414000000048 -3.13035199421751,43.2134870254788,90.7908000000025 -3.13043497519355,43.2134909648018,90.6836000000039 -3.13052097361065,43.2135519853227,90.7290999999968 -3.13057000725212,43.2135550028265,90.6778999999951 -3.13069297044485,43.2136170288986,90.7630999999965 -3.13070302798275,43.2136239857138,90.8126999999949 -3.1307349630911,43.2136229800985,90.7832000000053 -3.13079900129275,43.2136109938968,90.6267999999982 -3.13083202605754,43.2135990076927,90.5825000000041 -3.13089396848967,43.2135870214863,90.5457000000024 -3.13094400824425,43.2136109938968,90.5353999999934 -3.13101399688634,43.2136349656432,90.5806000000011 -3.13113897140697,43.2136470356414,90.5727000000043 -3.1311920286026,43.2136620393347,90.5769 -3.13128699579949,43.2136560043374,90.5578999999998 -3.13134600433389,43.2136809823351,90.5500000000029 -3.13142898530994,43.2137089784735,90.5739999999932 -3.13157902103039,43.2137770393749,90.5353000000032 -3.13162797112853,43.2137870136642,90.5476999999955 -3.13167599955518,43.2138050348146,90.5813999999955 -3.13172101054081,43.2138119916082,90.5999000000011 -3.13179996796272,43.2138280008728,90.6153999999951 -3.13187004104645,43.2138499619656,90.6324000000022 -3.13189703003084,43.2138529794547,90.6563000000024 -3.13197799967899,43.2139050309554,90.7474999999977 -3.13203499688546,43.2139079646409,90.8298000000068 -3.13204295955213,43.2139320207261,90.8755999999994 -3.13212099440422,43.2139770315844,91.0935999999929 -3.13215401916902,43.2139720022277,91.1251999999949 -3.13222501392422,43.2140170130565,91.3484999999928 -3.13231796979321,43.2139419949901,91.2305999999953 -3.13238100188175,43.2139900233234,91.4118000000017 -3.13242400064115,43.2140429971693,91.591499999995 -3.13244596085656,43.2140760218354,91.8806000000041 -3.13246498807261,43.2141040171378,92.3824000000022 -3.13252097916593,43.2141659595056,92.8126999999949 -3.13254201770989,43.2141569908847,92.6160999999993 -3.13255903269971,43.2141529678041,92.4550000000017 -3.13257697025929,43.2141480222625,92.2682000000059 -3.13259599747534,43.2141379642317,92.0347000000038 -3.13261502379303,43.2141269837381,91.9137999999948 -3.13263002745492,43.2141220381944,91.857799999998 -3.13271401454408,43.2140930366381,91.682799999995 -3.13271803809825,43.2140989877916,91.6800999999978 -3.13276003074453,43.2141399754451,91.9303999999975 -3.13277997963204,43.2141439991813,91.9425000000047 -3.13293403980496,43.2141149976354,91.5866999999998 -3.13315297451106,43.2140719980948,91.5638000000035 -3.13322396926627,43.2140650413307,91.618100000007 -3.13331499735065,43.2141060290071,91.5224000000017 -3.13341197587543,43.2142310030815,91.7504999999946 -3.13343502574732,43.2142379598266,91.7758000000031 -3.13345799207588,43.2142389660864,91.7737000000052 -3.13348297063067,43.2142399716914,91.8003999999928 -3.13350803183047,43.2142389660864,91.8169999999955 -3.13353099815903,43.2142370380219,91.8160000000062 -3.13357600914466,43.2142159995282,91.710500000001 -3.13363099502319,43.214204013443,91.6658000000025 -3.13374096498363,43.2141800412656,91.6543999999994 -3.13384800194469,43.2141750119257,91.6910000000062 -3.13385303161197,43.2141669651119,91.6765000000014 -3.13398697401409,43.2141330186888,91.6750000000029 -3.13399996634804,43.2141259781312,91.6735000000044 -3.13422895949038,43.2140760218354,91.7271000000037 -3.13432996156933,43.2140289991784,91.7489999999962 -3.13433398512349,43.2139880114502,91.7351000000053 -3.13434597134433,43.2139760253202,91.7513999999937 -3.13436198022101,43.2139350382112,91.8206000000064 -3.13462701646748,43.2138780411727,92.0157000000036 -3.13487503682587,43.2138750236848,92.2958000000071 -3.13502498900299,43.2140249760893,92.5758999999962 -3.13503798133694,43.2140229642174,92.5954000000056 -3.13507603487069,43.2140070388048,92.633600000001 -3.13511501097422,43.213987005841,92.6791999999987 -3.1351470296259,43.2139809708758,92.7143999999971 -3.13523403325781,43.2139580042205,92.8236000000034 -3.13541298754386,43.2139219620049,93.0982999999978 -3.13546897863722,43.2139239738802,93.2232999999978 -3.13549102239596,43.21391902832,93.2476000000024 -3.13562002047078,43.2139069583756,93.5528999999951 -3.13563996935829,43.2139119877376,93.6664000000019 -3.13573602621162,43.2138870098346,93.8185999999987 -3.13583996129,43.2138300127512,93.6431000000011 -3.13584901361312,43.2138209602799,93.6051000000007 -3.13585999461914,43.2138109859961,93.5739000000031 -3.1359090282606,43.2138000054437,93.6472000000067 -3.13593098937435,43.213797994219,93.6875 -3.1359459921379,43.21379397046,93.6785999999993 -3.13615302596312,43.2136969922887,93.4364999999962 -3.13621303971231,43.2137020210133,93.5280000000057 -3.13627799958545,43.213692968523,93.6110999999946 -3.136401967993,43.2136320325992,93.5320000000065 -3.13644102763986,43.2136160226286,93.4909000000043 -3.13645795908632,43.21360596451,93.4345999999932 -3.13647204107672,43.2135919670734,93.4026000000013 -3.13648603862549,43.2135769633629,93.3717000000033 -3.13650297007195,43.2135649771522,93.3497999999963 -3.13652199728797,43.2135570140592,93.3426999999938 -3.1365410236057,43.2135550028265,93.3570000000036 -3.13655896116531,43.2135529909391,93.3745999999956 -3.13657597615509,43.2135509790515,93.3907000000036 -3.13660698959195,43.213544022228,93.4205999999976 -3.13663599080258,43.213537987219,93.4581999999937 -3.13665501801864,43.2135339640975,93.4747000000061 -3.13667303912154,43.2135270072721,93.4630999999936 -3.13668896445488,43.2135180385573,93.4369000000006 -3.13670296200366,43.2135089860397,93.4306999999972 -3.13671302043989,43.2134990117049,93.4180000000051 -3.13674202165052,43.2134789785742,93.4609999999957 -3.13675702531241,43.2134720217425,93.4918000000034 -3.13676901153324,43.2134639748359,93.5014999999985 -3.1367820038672,43.2134529948757,93.4998000000051 -3.13679399008804,43.2134420142588,93.5066999999981 -3.13680698152366,43.2134320399131,93.5084000000061 -3.13694100836744,43.2133359836392,94.0491000000038 -3.13695500591618,43.2133270148963,94.1095999999961 -3.13696900346495,43.2133160342566,94.1273999999976 -3.13697998447097,43.2133049704681,94.1333000000013 -3.13700102301493,43.2132909729625,94.2464999999938 -3.13700999089642,43.2132820042129,94.2621000000072 -3.1370150205637,43.2132690123231,94.1402999999991 -3.13702097190244,43.2132550141545,93.9861999999994 -3.13702499455827,43.2132400103611,93.8269 -3.13704301566121,43.2132229953204,93.9088000000047 -3.13705299055411,43.2132120153168,93.8877000000066 -3.13709699542663,43.2131909764695,94.122000000003 -3.13714301252538,43.2131840196049,94.7912000000069 -3.13716497274079,43.2131789901829,95.0626000000047 -3.13719498006456,43.2131739614151,95.4910999999993 -3.1372089776133,43.2131680101714,95.6456000000035 -3.13724703114705,43.2131270225192,95.5727999999945 -3.137260023481,43.2130970155205,95.4067000000068 -3.13726304092205,43.213078994161,95.1775000000052 -3.13726597481977,43.2130619790753,94.9550000000017 -3.13733403567726,43.2130250151619,95.4516000000003 -3.13735197323687,43.213020991352,95.6107999999949 -3.13740301910457,43.21299903127,95.9370000000054 -3.13751097773711,43.2129420340114,96.1420999999973 -3.13751902394711,43.2129280364225,96.0604000000021 -3.13752497528585,43.2129130325487,95.9358999999968 -3.13750796029606,43.2128080072928,94.2963000000018 -3.13751298906501,43.2127919977604,94.1342000000004 -3.13752497528585,43.2127820233084,94.1515000000072 -3.13753402760897,43.2127700375961,94.1187999999966 -3.13754299638879,43.2127550336834,94.0314999999973 -3.13755397649648,43.2127420416813,93.9925999999978 -3.13756001137858,43.2127299721587,93.9581000000035 -3.13756998627148,43.2127189914117,93.9349999999977 -3.13770099567421,43.2126090208098,93.876099999994 -3.13780702652215,43.2125179933714,93.8273000000045 -3.13781599530193,43.2125060076072,93.8261000000057 -3.13782596929654,43.2124940211859,93.8301000000065 -3.13790299893382,43.2124279720867,93.8139999999985 -3.13791699738089,43.2124190032102,93.8074999999953 -3.13792797748861,43.2124070174266,93.8024000000005 -3.13793702981173,43.2123940253504,93.7969000000012 -3.13794800991945,43.2123790213451,93.7967999999964 -3.13802101690092,43.2122900054926,93.7966000000015 -3.13809603431197,43.2122539636007,93.8271999999997 -3.13813400430242,43.2122169991976,93.8932000000059 -3.13822603760158,43.2121200204827,93.9311000000016 -3.13827297637182,43.2120699807044,93.9425999999949 -3.13839300566679,43.2119450067845,93.8916999999929 -3.13851999151535,43.2118600141853,93.9703000000009 -3.13860498381933,43.2117419968651,93.8962999999931 -3.13862903980434,43.2117160130813,93.8629999999976 -3.13868603701081,43.2116570046377,93.8377999999939 -3.13882098552604,43.2115170269638,93.8459000000003 -3.13883297174688,43.2115170269638,93.8512999999948 -3.13894595914837,43.2114249935534,93.8638000000064 -3.13909197221296,43.2112870273092,93.9103000000032 -3.13914704163482,43.2112479678614,93.9437999999936 -3.13930596259173,43.2111669982234,93.8059999999969 -3.13931300268862,43.2111580298162,93.8000000000029 -3.13945298087114,43.2109899724374,94.0206000000035 -3.13946798453302,43.2109739630826,94.0446999999986 -3.13955901171907,43.210856029817,94.2583000000013 -3.13961399759761,43.210828034333,94.2627000000066 -3.13968499235282,43.2107499986298,94.4410000000062 -3.13976000976389,43.2106589710355,94.5087000000058 -3.13988297205829,43.2105380201625,94.6251000000047 -3.13995597903976,43.2104869747288,94.6353999999992 -3.14007801966267,43.2103350107976,94.7906999999977 -3.14026099660459,43.2101879923509,94.8690999999963 -3.14027197671231,43.210178017473,94.8418999999994 -3.14034297146752,43.2100999822475,94.8904999999941 -3.14048303319337,43.2099790309208,94.9704000000056 -3.1404950194142,43.2099729962137,94.9682999999932 -3.14055603927651,43.2099360323923,95.0136000000057 -3.14058403527232,43.2098979784107,95.1337000000058 -3.1406080068157,43.2098829744463,95.2758999999933 -3.14067296668884,43.2098040169716,95.3834999999963 -3.14068797035069,43.2097870016269,95.3711999999941 -3.1407120263357,43.2097760216595,95.3926999999967 -3.14072702999756,43.2097539772573,95.4052999999985 -3.14074999632611,43.2097210360217,95.4051999999938 -3.14075703732133,43.2096959745597,95.3668000000034 -3.14077002965529,43.2096669728628,95.3522999999986 -3.14093196805321,43.2095499615646,95.4406000000017 -3.14098896436139,43.2095079684167,95.4875999999931 -3.14110798754328,43.2094209643261,95.5737999999983 -3.14110999887118,43.209402021312,95.5742999999929 -3.1411290260872,43.2093700024193,95.5613000000012 -3.1411799884116,43.2093389891957,95.534799999994 -3.14118996240621,43.2093209680352,95.5237000000052 -3.14122701072513,43.2092639712677,95.4931999999972 -3.14123899694597,43.2092489671472,95.4805000000051 -3.1412840079316,43.2092000171279,95.4795000000013 -3.14136598279453,43.2091359791136,95.5984000000026 -3.14140303021516,43.2090830055885,95.7666999999929 -3.14151601851499,43.2089590371329,95.7958999999973 -3.1415440145108,43.2089229952368,95.8479999999981 -3.14156698083936,43.2088990229478,95.8705999999947 -3.14163696948148,43.2088270222165,95.9434999999939 -3.1416559966975,43.2087970150664,95.9134999999951 -3.14180896631564,43.2087000368062,96.1079999999929 -3.14182396997753,43.2086779920151,96.0844999999972 -3.14188398462502,43.2086130322178,96.0941000000021 -3.14200099558068,43.2085009662071,96.1107000000047 -3.14205296311986,43.2084700370047,96.1499999999942 -3.14207500777694,43.2084520162422,96.1631999999954 -3.14209504020778,43.208436006876,96.1751999999979 -3.14217500374281,43.2083490025658,96.1494999999995 -3.14224398717008,43.2082930112479,96.168399999995 -3.14227902326281,43.2081630082648,95.993100000007 -3.14231296969906,43.2081139742199,95.9977000000072 -3.142330990802,43.2080800270467,95.9679999999935 -3.14234800669008,43.2080240361367,95.899900000004 -3.14232302813532,43.207981958784,95.6579000000056 -3.14231799936634,43.2079180052642,95.3693999999959 -3.14229897215032,43.2078669589473,95.0004999999946 -3.14224298105696,43.207761012266,94.5031000000017 -3.14231498192532,43.2076010017201,94.3886000000057 -3.14234599446385,43.2075030171517,94.4915999999939 -3.14235102413113,43.2074760271549,94.4499000000069 -3.14235303545907,43.2074069607064,94.3000999999931 -3.14245001398389,43.2072330361101,94.6404999999941 -3.1424449852149,43.2071779669887,94.4809999999998 -3.14246501764574,43.2070779709492,94.2611999999936 -3.14250902251826,43.2069959959438,94.4799999999959 -3.14253500628783,43.2069440275952,94.4504000000015 -3.1425820294997,43.2068420203728,94.786500000002 -3.14268403679347,43.2066639887446,94.7207000000053 -3.14268697069119,43.2066359933009,94.6404000000039 -3.1427210006708,43.2065580412834,94.670100000003 -3.14274899666661,43.2065169699614,94.7508999999991 -3.14285603362766,43.2063660116956,95.0126000000018 -3.14291403604895,43.2062299734568,95.100099999996 -3.14291202472102,43.2061999663387,94.817200000005 -3.14291797605979,43.2061540337069,94.5023999999976 -3.1429110186079,43.206113967852,94.0427000000054 -3.14294898859832,43.2059899999099,94.3267000000051 -3.14297497236793,43.2059309911648,94.4072000000015 -3.14302702434874,43.2058729881057,94.892200000002 -3.14311302276584,43.2057559767318,95.5250999999989 -3.14315803375147,43.2056379600413,95.4392999999982 -3.14317898785377,43.2055539729137,95.2595000000001 -3.14322500495251,43.2054610177351,95.5840000000026 -3.14326004104524,43.2054099719812,95.6417999999976 -3.14329599970775,43.2053480298875,95.8407000000007 -3.1433260070315,43.2052730116345,95.8513999999996 -3.14339297823254,43.2050979972781,95.9628999999986 -3.14340203055569,43.2050689960142,95.9263000000064 -3.14353597385611,43.2049339639154,96.5473000000056 -3.14354795917865,43.2049180380938,96.6193000000058 -3.14357201606195,43.2048619630873,96.608699999997 -3.14359003716486,43.2048069776031,96.4867999999988 -3.14362800715527,43.2047250028198,96.054999999993 -3.14365499613967,43.2046619711087,95.8747000000003 -3.1437000071253,43.2046270182152,96.7587000000058 -3.14376102788594,43.204509001305,95.8175000000047 -3.14379698565012,43.204455021924,95.9245999999985 -3.14383998530782,43.2043599710305,95.7032000000036 -3.14389698251429,43.2042420374178,95.5730999999942 -3.14396202593076,43.2041690313115,95.803899999999 -3.14399597236701,43.2041169793593,95.6635999999999 -3.14412999921079,43.2039749898575,96.588499999998 -3.14423502394561,43.2038480041682,97.5181000000011 -3.14427902881809,43.2038240318491,98.2431999999972 -3.14441900700061,43.203676007645,98.444399999993 -3.14444599688333,43.2036109639442,98.5301000000036 -3.1445299830742,43.2035070286379,98.7592000000004 -3.14454599284917,43.2034800388375,98.6184000000067 -3.14459796038836,43.2034109717934,98.6196000000054 -3.14463500870732,43.203336037593,98.540599999993 -3.14464297137399,43.2033099696868,98.1585999999952 -3.14468001969295,43.2032310122161,97.6226000000024 -3.14472100712441,43.2031809723481,97.7072000000044 -3.14476199455588,43.20313596138,98.3822999999975 -3.14480599942839,43.2030929626113,98.5553999999975 -3.14482997187007,43.2030630390755,98.7511999999988 -3.14485201652714,43.2030359652628,98.6665000000066 -3.14488797429132,43.2029990011664,98.7918999999965 -3.14496902748277,43.2028949816563,98.892200000002 -3.14499299992444,43.20287201541,98.9562000000005 -3.14501102102738,43.2027730253091,98.3439000000071 -3.14504002223801,43.2027349714425,98.303899999999 -3.1450570372278,43.2026840091883,97.7880000000005 -3.14514999309678,43.2025580292288,98.0241999999998 -3.14517203685552,43.2025300338651,98.0414000000019 -3.14521998173888,43.202473958628,98.0103999999992 -3.14524596550845,43.2024339774468,98.2710999999981 -3.14527999638636,43.2023889665824,98.2234999999928 -3.1454209797837,43.2021660078425,97.7425999999978 -3.14544696355327,43.2021059935223,96.9401999999973 -3.145481999646,43.2020629940276,96.9876999999979 -3.14551301308286,43.2020390223168,97.2062000000005 -3.14561502037663,43.201941037327,98.9336999999941 -3.14573002090269,43.2018279656906,99.0516000000061 -3.14584703185831,43.2016879877239,99.0016999999934 -3.14593504160335,43.2015920151072,98.8411000000051 -3.14596203148604,43.2015480100908,98.5357999999978 -3.14605196901567,43.201411971585,98.9149999999936 -3.14607602500065,43.2013640276424,98.883600000001 -3.14620200563442,43.2012109736087,99.424199999994 -3.14624802183484,43.2011429962547,99.501099999994 -3.14628196916945,43.2010839880597,99.4777999999933 -3.14638498257634,43.2009379754044,99.4502000000066 -3.14640702723341,43.2009099799523,99.4113999999972 -3.14643996755655,43.2008539883546,99.3877999999968 -3.14653996352241,43.2006499730172,98.7203000000009 -3.14657600572823,43.2006199657736,98.6150999999954 -3.14659302161635,43.2005720212086,98.4474999999948 -3.14662797416574,43.2005219811241,98.5859999999957 -3.14668103136138,43.2004349773133,98.9444999999978 -3.14674397900825,43.2003639822479,99.1257999999943 -3.14676200011119,43.2003700172508,99.2584000000061 -3.14677700377305,43.20032098349,99.0338000000047 -3.14679502487599,43.2002560233062,98.881899999993 -3.1468149737635,43.2002090011267,98.9360000000015 -3.14683500709263,43.2001769819924,99.0236000000004 -3.14686903707225,43.200143035641,99.2624999999971 -3.14690901928889,43.2001169676801,99.480899999995 -3.14699702903392,43.20002401273,99.9070000000065 -3.14715703964728,43.1998410354574,100.894199999995 -3.14720900718647,43.1997769980955,101.308399999994 -3.14728201326958,43.1997139658561,101.755699999994 -3.14733699914815,43.199680019247,102.002099999998 -3.14737304135396,43.1996459887986,101.983699999997 -3.14745702754482,43.1996139700237,102.587400000004 -3.14761796072796,43.1995309889634,103.406499999997 -3.14769901302111,43.1994620058533,104.003599999996 -3.14792901317489,43.1994319986803,104.952000000005 -3.14800201925803,43.1994019914926,105.0334 -3.1481470262095,43.199354968655,105.107399999994 -3.14817200386596,43.1993569803559,105.121199999994 -3.14833402670555,43.1993490180274,105.092000000004 -3.14842899300414,43.1993259672803,105.078800000003 -3.14847299787665,43.1993180049478,105.061199999996 -3.1485719886277,43.1992910152587,105.017200000002 -3.14870702068627,43.1992660372616,105.012900000002 -3.14873803412313,43.1992689703416,105.036200000002 -3.14885403986397,43.1993139815432,105.267600000006 -3.14896099238339,43.1993090361081,105.332999999999 -3.14906802934445,43.1993009892976,105.453099999999 -3.14924002617864,43.1993439887742,105.657300000006 -3.14937598080699,43.1993810369414,105.746199999994 -3.14951201897867,43.1994019914926,105.8367 -3.14958502506181,43.1994680409454,105.894799999995 -3.14982902276433,43.1995169909161,105.9283 -3.14986699275475,43.1995409636179,105.967999999993 -3.1499479615046,43.1995999719955,105.974199999997 -3.15001803458832,43.1996390316988,105.922200000001 -3.15015298310355,43.1997250301454,105.959400000007 -3.15022900662774,43.1998479925342,106.250599999999 -3.15034903592275,43.1999100187938,106.310700000002 -3.15053201286463,43.1999889759785,105.5959 -3.15063997149718,43.2000349924883,105.251699999993 -3.15070501491365,43.2000899783444,105.302899999995 -3.1508220267676,43.200146975171,104.955900000001 -3.15091699396449,43.2001939973983,104.511299999998 -3.150944989062,43.2002130244722,104.448300000004 -3.15098597649347,43.2002479766205,104.452699999994 -3.15106300613078,43.2002939935898,104.137799999997 -3.15112997733185,43.2003359871872,103.948099999994 -3.15115403421515,43.2003880384363,104.362399999998 -3.15121899318997,43.2004440298068,104.445900000006 -3.15134799126476,43.2005830015231,105.585699999996 -3.15140197013188,43.2006290182397,105.873300000007 -3.15148604076437,43.2006860152176,105.759399999995 -3.1515929941821,43.2007270027174,105.031799999997 -3.15172400358483,43.2008219695588,105.528200000001 -3.15182098210965,43.2009060404715,106.593099999998 -3.1518949943059,43.2009340359254,106.7736 -3.1519460401736,43.2009499614774,106.706900000005 -3.15200102515381,43.2009610255426,106.531000000003 -3.15209800367863,43.2010020128575,106.629799999995 -3.15217696110054,43.2010079639787,106.270300000004 -3.15238198269953,43.2010930404569,107.016799999998 -3.15241299613639,43.2011150008966,107.323900000003 -3.1526210342781,43.201116006718,106.715500000006 -3.15295698083815,43.2010939624603,106.089800000002 -3.15299998049585,43.2010829822377,105.957999999999 -3.15304499148148,43.2010730078353,105.933499999999 -3.15315102232942,43.2010610217866,105.989000000001 -3.15318798620672,43.2010490357355,105.724700000006 -3.15323903207442,43.2010389768542,105.510899999994 -3.15325596352091,43.2010399826769,105.574800000002 -3.15331396684049,43.2010229675069,105.312099999996 -3.15339996435926,43.2009910326184,104.768599999996 -3.15353600342927,43.2009409928775,104.098800000007 -3.15355603586008,43.200933030101,103.958299999998 -3.1536449681749,43.2009259893292,104.429900000003 -3.15372803269427,43.2008850013083,104.3606 -3.15381403111137,43.200860023309,105.186100000006 -3.15398300960622,43.200762039045,105.882899999997 -3.15414997767143,43.2006479613589,106.599600000001 -3.15432398583355,43.2005410080957,108.959799999997 -3.15442498791251,43.2003410163586,108.517699999997 -3.15449900010877,43.2002110127995,109.174400000004 -3.15450696277547,43.2000420333629,108.3897 -3.15449698788253,43.1999919934986,107.998000000007 -3.15449799399565,43.1999520120006,108.357300000003 -3.15447502766712,43.1998859624169,109.205000000002 -3.15436698459296,43.199683958807,107.788 -3.15433102682874,43.199566025323,108.141799999998 -3.15433597205439,43.1994360220771,109.316099999996 -3.15434401826439,43.1993989739434,109.832800000004 -3.15428199228897,43.1992890035555,108.289399999994 -3.15426103728835,43.1992330124348,108.036500000002 -3.15433999560856,43.1991429905337,108.980299999996 -3.15448097900586,43.1990679725088,110.305200000003 -3.15466496206089,43.1989669704157,109.399099999995 -3.15473101069215,43.1988849956434,109.532000000007 -3.15473997947194,43.1988559940454,109.568100000004 -3.15482698400215,43.1987969856032,109.609800000006 -3.15486302620799,43.1987779587425,109.619000000006 -3.15495799340488,43.1987079695748,109.662899999996 -3.15513200156701,43.1986560020239,109.785799999998 -3.15520299632222,43.1986249892469,109.825899999996 -3.15539401947414,43.1985420081513,109.843800000002 -3.15560096885769,43.1985649747178,110.137199999997 -3.15581898189231,43.1985479595124,110.192800000004 -3.15598796128548,43.1985750326973,110.324099999998 -3.15604101848108,43.1985880250975,110.284299999999 -3.15623103641822,43.1986059623326,110.030700000003 -3.15634201249177,43.1985919640732,109.744099999996 -3.15641602468803,43.1985979992513,109.563899999994 -3.15651400932597,43.1986130027173,109.473800000007 -3.15672196482264,43.1988180241766,110.123800000001 -3.15686403787642,43.1989279947585,111.003400000001 -3.15696596162686,43.1989730055567,111.090599999996 -3.15715698567708,43.1990180163219,110.519100000005 -3.15731900761837,43.1990949622966,110.745699999999 -3.15734096783378,43.1991160007672,110.743000000002 -3.15743199591816,43.1991610114269,110.800099999993 -3.15746501978466,43.1991660406951,110.823099999994 -3.15755596342738,43.1992090402669,110.894400000005 -3.15758203163861,43.19922303773,110.933799999999 -3.15760499796717,43.1992480157447,110.962700000004 -3.15760700929508,43.1992810405633,110.958199999994 -3.15758496553633,43.1993930226653,110.983699999997 -3.15759200563322,43.1994439850491,111.003299999997 -3.15758999430529,43.1994660292481,111.013999999996 -3.15759200563322,43.1994910071633,111.036900000006 -3.15758999430529,43.1995899973506,111.204800000007 -3.15760600408029,43.199710026298,111.507500000007 -3.15766501261466,43.1998960208335,111.712700000004 -3.15767096395343,43.1999299673223,111.782200000001 -3.15775000491864,43.2000560312897,112.078699999998 -3.15775603980071,43.2001049814436,112.156000000003 -3.15777196513409,43.2001479810085,112.241800000003 -3.15777598868822,43.2001779878293,112.275299999994 -3.15778403579655,43.2002110127995,112.305500000002 -3.15775101103176,43.200369011417,112.378800000006 -3.15775000491864,43.2004110049628,112.430200000003 -3.15776500858053,43.2005850131836,113.077499999999 -3.15776903213466,43.2006180379335,113.256699999998 -3.15778797490906,43.2006840035605,113.690300000002 -3.15775997981155,43.2007969915336,114.123699999996 -3.15777196513409,43.2008389847848,114.099000000002 -3.1578260284428,43.2009730116109,114.088799999998 -3.15787397332615,43.2010539810296,113.982300000003 -3.15788998310116,43.2010910288132,114.059599999993 -3.15794899163553,43.2011959701268,113.846099999995 -3.15794999685035,43.2012470161326,114.222299999994 -3.15797598061993,43.2012920265298,114.308399999994 -3.15805301025723,43.201420018772,114.448799999998 -3.15815996367496,43.2015869860389,114.574399999998 -3.15823095843017,43.2016960342196,114.646599999993 -3.15834998161206,43.2018400354061,114.433499999999 -3.15849901211769,43.2019869705117,114.308699999994 -3.15852600110209,43.202002979606,114.297699999996 -3.1585619597646,43.202045979143,114.340700000001 -3.15859003930374,43.2020739747287,114.381899999993 -3.15875097158858,43.2021749762622,114.401400000002 -3.1588559972217,43.2022189814812,114.409299999999 -3.15890201342215,43.2022530118042,114.438599999994 -3.15898197695715,43.202328029842,114.496700000003 -3.15907199892841,43.2024219910107,114.5533 -3.15915296767823,43.2025270164706,114.576300000001 -3.15917199489428,43.2025530002401,114.574500000002 -3.15929403551719,43.202574038828,114.665099999998 -3.1593729929391,43.2026069799945,114.665200000003 -3.15949201612096,43.202637992712,114.6351 -3.15954297754703,43.2026469617171,114.604200000002 -3.15972696060207,43.2027629667121,114.600699999995 -3.15990700364626,43.2028359731914,114.723700000002 -3.15993801708312,43.2028470375694,114.746899999998 -3.16000599439731,43.2028819901731,114.780599999998 -3.16014898912255,43.2029829916787,114.909799999994 -3.16017103377962,43.2029880212867,114.882199999993 -3.16022501354504,43.2030170222302,114.946100000001 -3.16025996609444,43.203034037499,114.991399999999 -3.16044596047737,43.2031740156514,115.194399999993 -3.16061301118761,43.2033239675187,115.140299999999 -3.16071501937971,43.203379958814,115.240300000005 -3.1608629602289,43.2034869954993,115.440900000001 -3.16098298862558,43.2036389594667,115.741999999998 -3.16111701546936,43.2037660294059,115.896699999998 -3.16116495945438,43.2038009821379,115.949299999993 -3.16118499278352,43.2038149798571,115.981100000005 -3.16123796643582,43.2038680371883,116.024300000005 -3.16130502118023,43.2039050014129,116.013900000005 -3.16136503582771,43.2039589806258,116.103199999998 -3.16150501401023,43.2040350043036,117.946899999995 -3.16161900752484,43.2040769979453,117.319199999998 -3.16172101571694,43.2041250261895,116.598800000007 -3.16175898570735,43.204156961402,116.807700000005 -3.16184498412445,43.2042390201079,117.262499999997 -3.16185898167322,43.2042479888777,117.310100000002 -3.16185495811906,43.2042909881419,117.448000000004 -3.16185403644757,43.2043599710305,117.902100000007 -3.16187700277613,43.2044319717963,118.827499999999 -3.16194296786406,43.2044720367916,119.463099999994 -3.16202402105553,43.20455300615,120.195699999997 -3.16210800814469,43.2046079912082,120.471699999995 -3.1622039805564,43.2046680056865,121.458400000003 -3.16228201630679,43.2046830096242,121.201300000001 -3.16232903862036,43.2047359830417,121.935100000002 -3.16237497127748,43.2048160301028,123.217699999994 -3.16240196116017,43.2048389969267,123.329599999997 -3.16252098434206,43.2049389927078,123.322499999995 -3.16271795883272,43.2050339595408,123.152900000001 -3.16274402704395,43.2050300203263,122.979600000006 -3.16280303557832,43.2050140107167,122.513200000001 -3.16298601252024,43.2049310297982,121.249200000006 -3.16301400761775,43.2049089856094,120.925700000007 -3.16312598980443,43.2048769669773,120.827600000004 -3.16326999064281,43.2048379911666,120.658100000001 -3.16332003129569,43.2048110013003,120.572199999995 -3.16347300091387,43.2046889603863,119.593900000007 -3.16361901308015,43.2045919821427,118.902600000001 -3.16368900262054,43.2045789903662,118.978099999993 -3.16378899858641,43.2045219930964,119.013900000005 -3.16388002577246,43.204455021924,118.981499999994 -3.16389997465997,43.2044199850979,118.883100000006 -3.16402503272393,43.2043950072362,119.390799999994 -3.16405797394543,43.2043929957013,119.590800000005 -3.16419803567124,43.2042749783384,119.750599999999 -3.16421798455875,43.2042609807247,119.820300000007 -3.16424698576941,43.2042449715681,119.944300000003 -3.16427900442105,43.2042049895832,120.060700000002 -3.16431496308357,43.2041879746411,120.236099999995 -3.16447396758381,43.2040930071459,120.783599999995 -3.16452300212361,43.2040299754367,120.563699999999 -3.16454303455445,43.2040039916415,120.272200000007 -3.16464898185905,43.2040120384866,121.516099999993 -3.16470203905465,43.2040139662195,121.843299999993 -3.16489599610429,43.2039100302901,121.861199999999 -3.16494201320304,43.2038889921629,121.790699999998 -3.16496397341848,43.2038960325927,121.832699999999 -3.16498199452139,43.2039070129638,121.891499999998 -3.16504603272304,43.2038839626291,121.798599999995 -3.16509699414911,43.2038739880299,121.823900000003 -3.16517704122744,43.2038650198599,122.219899999996 -3.16521903477202,43.2038390359944,122.030299999999 -3.16542699026873,43.203718000879,122.315700000006 -3.16566897574502,43.2036109639442,124.393899999995 -3.16573301304837,43.2034800388375,121.673800000004 -3.16588103744089,43.2032880093825,121.704800000007 -3.16591297254924,43.2032379695612,121.742700000003 -3.16597600463778,43.2031959759968,121.775299999994 -3.1660050058484,43.2031890193017,121.928 -3.16606895960843,43.2031740156514,122.406400000007 -3.1660889929376,43.2031549888461,122.457200000004 -3.16622100755511,43.2031040269427,123.1149 -3.16630801208533,43.2030239795997,123.505999999994 -3.16635696218346,43.202997995376,123.710600000006 -3.16638202428159,43.2029900328678,123.899699999994 -3.1664260291541,43.2029700002143,124.206600000005 -3.1665670125514,43.2028919642798,125.190400000007 -3.16661504097808,43.2028689980324,125.513699999996 -3.1666710320714,43.202823987489,125.038400000005 -3.16669802195413,43.2027929742112,124.399099999995 -3.16683598791042,43.2028379847776,126.345199999996 -3.16691603498874,43.2028479595462,126.965400000001 -3.16711502170563,43.2028750327875,130.629499999995 -3.1672519815488,43.2028750327875,132.287500000006 -3.16732498853027,43.2028769605564,133.576100000006 -3.16752104045114,43.2028979996874,135.312099999996 -3.16770099995201,43.2029259948822,136.168900000004 -3.16772899594782,43.2029420043849,136.853000000003 -3.16775799715844,43.2029839974693,137.963399999993 -3.16796997531099,43.2030190338104,138.397899999996 -3.1680139801835,43.2030430064459,138.7359 -3.16825998921396,43.2030710022289,138.444499999998 -3.16841396494525,43.2030809763046,137.782900000006 -3.16846903436708,43.2031210421871,138.2016 -3.16851999579315,43.2031350394075,138.487399999998 -3.1686009654413,43.2031440083396,138.153200000001 -3.16865997397567,43.2031440083396,137.669299999994 -3.16882995858363,43.2031789607733,136.270000000004 -3.16887496956926,43.2031849954977,135.476999999999 -3.16891000566196,43.2032109796417,135.480200000005 -3.1689380016578,43.2032580021267,136.352400000003 -3.16897002030948,43.2032819746683,136.228000000003 -3.16903900373678,43.2032939602806,133.999500000005 -3.1691460406978,43.2032930383105,130.688200000004 -3.1692059709037,43.2033079581162,129.540500000003 -3.16933698030639,43.2033549805265,127.732600000003 -3.16940001239493,43.2033620216728,127.140599999999 -3.16943102493349,43.2034439963232,127.293900000004 -3.16941199861577,43.2035040112917,128.162100000001 -3.16941803349787,43.2035569844234,128.651299999998 -3.16948299337101,43.2037289812821,130.454500000007 -3.16948601081203,43.2037950306344,131.615600000005 -3.16949497869352,43.2038480041682,132.004199999996 -3.16949196125247,43.2039220164339,131.955400000006 -3.16949196125247,43.2039640101533,132.098100000003 -3.16955700556727,43.2041120343135,130.310800000007 -3.16955499334104,43.204153021476,130.5236 -3.16958198322373,43.2042029780421,130.527700000006 -3.16958298933684,43.2042240167158,130.573300000004 -3.16959497555768,43.2042599749551,129.433300000004 -3.16966597031289,43.2043729628537,126.828599999993 -3.16959799299873,43.2045100070705,129.475399999996 -3.16965599541999,43.2046450394529,128.880499999999 -3.16964602142538,43.2046740409184,129.282000000007 -3.1696290055373,43.2047049700812,130.068499999994 -3.16960503309562,43.2047339715181,131.086899999995 -3.1695880181058,43.2047700139251,131.740999999995 -3.16970201251874,43.2049300240396,126.6446 -3.16970402384667,43.2050460299316,126.897800000006 -3.16971198651334,43.2051199582405,127.418000000005 -3.1697799638275,43.2051900310684,127.254700000005 -3.16992295945107,43.2053789587085,125.748000000007 -3.16989303567065,43.2055220377778,127.332299999995 -3.16993201177418,43.2056170050127,126.812699999995 -3.16993402310212,43.2056600039667,126.819699999993 -3.17005698539652,43.2057859840683,126.018400000001 -3.17019402968131,43.2058989724144,125.527600000001 -3.17027701065736,43.2060110379674,127.058600000004 -3.17023904066694,43.206050014338,127.820099999997 -3.17026703576445,43.206094019381,128.556400000001 -3.17030601186802,43.2061279656952,128.586899999995 -3.17041900016781,43.2061599849802,127.368000000002 -3.17048597136889,43.2061559613721,126.313500000004 -3.17071002018389,43.2061589785871,124.409100000004 -3.17084597391391,43.2062080128941,125.102299999999 -3.17100497931249,43.2061709649439,125.391699999993 -3.1711550150329,43.2061169857239,125.399900000004 -3.17122198623398,43.206109022968,125.743900000001 -3.17129298098919,43.2060999700055,126.265799999994 -3.17140999284315,43.2060790157904,126.145399999994 -3.17144603504899,43.2060699628234,126.113400000002 -3.17157100867132,43.2060240300937,125.545199999993 -3.17176303793635,43.2059899999099,125.649399999995 -3.17177896416803,43.2059849705494,125.681500000006 -3.17189396379575,43.2059810307415,126.133799999996 -3.17199697720264,43.2059960343563,127.067299999995 -3.17206797195785,43.2059960343563,127.222399999999 -3.17219998657536,43.2060070150042,127.554600000003 -3.1722630186639,43.2060039977816,127.757299999997 -3.17240299684645,43.2059879877729,128.539499999999 -3.17255102123893,43.2059770077763,129.143400000001 -3.17260500010606,43.2059960343563,129.303 -3.17278495960692,43.2059749962937,130.359700000001 -3.1729029766757,43.2059680392608,130.4565 -3.17303398607843,43.2059390377557,129.158200000005 -3.17307698573612,43.2059390377557,129.157300000006 -3.17313901171154,43.2059309911648,129.151599999997 -3.17318100525613,43.2058989724144,128.986699999994 -3.17327898899573,43.2058409693248,129.126399999994 -3.17330396755052,43.2058060171068,129.4614 -3.17332902964864,43.205762011856,129.606299999999 -3.17335803085927,43.2057360281437,129.858999999997 -3.17338996596762,43.2057009913987,129.954500000007 -3.17341896717825,43.2056460066708,129.922000000006 -3.17346297205076,43.2055859918452,130.026599999997 -3.17347898182577,43.205560008058,129.986699999994 -3.17364301509496,43.2054050263854,130.162800000006 -3.17365801875685,43.2053969797241,130.280199999994 -3.17380503793455,43.2052819802523,131.030799999993 -3.17383898437083,43.2052730116345,131.624599999996 -3.17391500789499,43.2052290066541,132.452300000004 -3.17406898362628,43.2051369735774,133.900999999998 -3.1740720010673,43.2051290106937,133.817599999995 -3.1741229633917,43.2051050382232,134.361799999999 -3.1741920303623,43.2050610331216,134.399900000004 -3.17424802145566,43.2050119992023,134.074099999998 -3.17430996298945,43.2049890330982,134.746499999994 -3.1743559800882,43.2049590253696,135.079299999998 -3.1743740011911,43.2049310297982,134.842300000004 -3.17444298372008,43.2048639746066,134.297600000005 -3.17447097971592,43.204844025727,134.429900000003 -3.17448698949089,43.204826004548,134.537800000006 -3.17464800531907,43.2047029585566,134.080199999997 -3.17484296848182,43.2046089976269,133.485199999996 -3.17492796078577,43.2045960051992,133.288 -3.17507003473785,43.2045789903662,134.638600000006 -3.17523800801788,43.2045700216451,135.257199999993 -3.17527899544938,43.2045580356286,135.272100000002 -3.17531595932667,43.2045590413933,135.371499999994 -3.17543799994958,43.2044960095108,135.371499999994 -3.17551100603273,43.204482011293,135.765400000004 -3.17567998542587,43.2044009586812,137.355899999995 -3.17576497772985,43.2043459734363,137.317200000005 -3.17588098347069,43.2042510061871,136.758400000006 -3.17589296969153,43.2042449715681,136.762000000002 -3.17591601956342,43.2042260282562,136.609500000006 -3.1760010127657,43.2041690313115,136.599799999996 -3.17602003908342,43.2041459810758,136.515700000004 -3.17604200019716,43.2040920013735,136.4228 -3.17606898918156,43.2040540314892,136.322499999995 -3.17610201394635,43.204011032058,136.204899999997 -3.17623897468785,43.2038839626291,136.267900000006 -3.17630502421744,43.2038009821379,136.187300000005 -3.17631801565306,43.2037670351836,136.063899999994 -3.17640502018328,43.2036719845278,136.300799999997 -3.17648196627725,43.2034999875084,135.643500000006 -3.17657701701747,43.2033450064955,135.857099999994 -3.17664398821851,43.2032590079129,135.943499999994 -3.17674096674333,43.2031160125901,135.853900000002 -3.17681497893959,43.2029440159676,135.594800000006 -3.17683501137043,43.2029249890905,135.677599999995 -3.17688899113585,43.2028659806547,135.857999999993 -3.17691497490546,43.2028410028115,136.017800000001 -3.17695696845004,43.2027959915926,136.245200000005 -3.177066016739,43.2026769686186,137.031199999998 -3.1772209985834,43.2025349790392,137.584300000002 -3.17728604199987,43.2023850271971,137.967499999999 -3.17734002176529,43.2022660040761,137.907999999996 -3.17733901565218,43.2022560292123,137.8649 -3.17740699296633,43.2021370064944,137.942999999999 -3.17750103759343,43.2020400281231,137.959300000002 -3.17757102623553,43.2019540296653,137.827900000004 -3.17768803808952,43.2018200030297,138.336500000005 -3.17772299063888,43.2017390339729,137.669599999994 -3.17775903284472,43.2016510234656,136.402600000001 -3.17802197332164,43.2014109657684,135.415200000003 -3.17823101757646,43.2012239654477,135.7745 -3.17833503709646,43.2011490318353,136.373800000001 -3.17835004075835,43.201116006718,136.25 -3.17836102086607,43.2010829822377,136.003700000001 -3.17837401320003,43.2010519693846,135.890499999994 -3.17861096900903,43.2008799721818,136.707699999999 -3.17864399377383,43.2008209637325,136.380900000004 -3.17868397599051,43.2007669843623,136.245500000005 -3.17876796218134,43.2006430160319,135.733200000002 -3.17888296180906,43.2005379906028,136.045599999998 -3.17896896022616,43.2004130166289,135.9902 -3.17903702108368,43.2002199815066,135.284299999999 -3.17906803452054,43.200168013279,135.395799999998 -3.17910701062411,43.2000759804254,135.277799999996 -3.17921698058455,43.1998940091503,136.229500000001 -3.17922502769285,43.1998840345535,136.228700000007 -3.17929300500704,43.1998220089224,136.366399999999 -3.17944304072749,43.1997049970746,136.380900000004 -3.17956499780707,43.1996100304592,136.277499999997 -3.17961101400752,43.1995609960877,136.267399999997 -3.17974696863587,43.1994250415562,136.431899999996 -3.17992399423902,43.1993460004756,136.875 -3.18010697118093,43.1992869918524,137.052899999995 -3.18012599839695,43.1992800347116,137.043399999995 -3.18038600497615,43.1992200201719,137.015700000004 -3.18044501351055,43.1991900128799,136.949500000002 -3.18059597180079,43.1990699842193,137.013099999996 -3.18076897384977,43.1989549846081,136.880300000004 -3.18088598570372,43.1988929586873,137.020199999999 -3.1809510291202,43.1988730098197,137.100200000001 -3.18122101059233,43.1987829880424,137.303599999999 -3.18125504057191,43.1987779587425,137.324099999998 -3.18138496031819,43.1987549922562,137.3652 -3.18141396152882,43.1987420005464,137.369500000001 -3.18152703337197,43.1987109871583,137.441200000001 -3.18170196410385,43.1986740230609,137.574999999997 -3.18181897505951,43.1986369751194,137.520799999998 -3.18191402579972,43.1986180320307,137.622000000003 -3.18195501323119,43.1986160203054,137.722599999994 -3.18210597152143,43.1985570116311,137.237299999993 -3.18225399591395,43.1985330398525,137.033899999995 -3.18237100686961,43.1985310281243,136.999599999996 -3.18240897686002,43.1985349671036,137.006200000003 -3.18249497527712,43.1985460316068,137.050700000007 -3.18257804069479,43.1985489653762,137.085200000001 -3.18263503700296,43.1985549999038,137.152799999996 -3.18285296649425,43.1985870192344,137.347200000004 -3.18295597990113,43.1986040344288,137.251300000004 -3.18299202210698,43.1986119968546,137.255699999994 -3.18317701127512,43.1986170261681,137.303899999999 -3.18323400758326,43.1986270009719,137.327600000004 -3.18328798734868,43.1986280061796,137.280400000003 -3.18336300565806,43.1986059623326,137.092099999994 -3.18352301627141,43.1986560020239,137.2261 -3.18361303734435,43.1987119930194,137.6253 -3.18372703175729,43.1987229736686,137.362299999993 -3.18388402492959,43.1987529805354,137.152499999997 -3.1840079933371,43.1988549881867,137.506099999999 -3.18409197952797,43.1989490332867,139.499899999995 -3.18412500429276,43.198993038213,140.382700000002 -3.18415501161651,43.1990190221779,140.480800000005 -3.18438702219989,43.1991230417479,136.540299999993 -3.1844740267301,43.1991829725619,136.695099999997 -3.1845170263878,43.1991999875901,136.4133 -3.18457896792159,43.1992460040401,136.499599999996 -3.18462397890723,43.1992709820454,136.616800000003 -3.18478398952058,43.1993869875658,137.317999999999 -3.18483101183411,43.1994210181587,137.588099999994 -3.18502396366893,43.1995500155892,139.347099999999 -3.18511901440915,43.1996309849318,140.492700000003 -3.18514499817876,43.1996419654157,140.353600000002 -3.1852019953852,43.1996709666401,140.497300000003 -3.18525798647855,43.1997200009233,141.4611 -3.18531699501292,43.1997319872354,141.024600000004 -3.18542302586086,43.1997999641971,143.083199999994 -3.18556099181714,43.1998869682586,142.876999999993 -3.18565000767529,43.19993801405,142.1057 -3.18574698620008,43.1999390198908,141.732900000003 -3.1858599744999,43.1999570412037,141.830400000006 -3.18592602402949,43.1999579632242,141.708299999998 -3.18610698874514,43.1999589690647,141.303799999994 -3.18624202170203,43.1999700333096,141.261700000003 -3.18632802011913,43.1999879701385,140.869300000006 -3.1864059714279,43.2000260244089,142.649399999995 -3.18661996180667,43.2001079989579,144.903000000006 -3.18672398132667,43.2001629847482,147.445399999997 -3.18680000485087,43.2001909798882,148.162500000006 -3.18687896227275,43.2002100069631,148.626999999993 -3.18701600655758,43.2002209873428,148.603199999998 -3.18711298508236,43.2002479766205,150.464900000006 -3.18714802117509,43.200244959768,150.599900000001 -3.18720300705363,43.2002410202442,150.861699999994 -3.18737299166159,43.2001729586445,149.488299999997 -3.18739000665138,43.200168013279,149.516499999998 -3.1874620075197,43.2001390122908,149.867800000007 -3.18750601239222,43.200125014383,149.997300000003 -3.18759402303555,43.200076986264,149.075400000002 -3.18771002787809,43.1999990343781,148.030599999998 -3.18775998408934,43.1999869642984,148.161099999998 -3.18783801983977,43.1999439652749,147.354500000001 -3.18790096748668,43.1999309731633,147.385899999994 -3.18812996152731,43.1998230147651,145.441699999996 -3.18817396639983,43.1997680293233,144.909299999999 -3.18819299361585,43.1997029853851,144.551600000006 -3.18828896602755,43.1995759999717,145.006899999993 -3.18832299690546,43.1995520272837,145.009000000005 -3.1884659916307,43.1994760039132,145.072 -3.18874200798489,43.199312975692,144.846000000005 -3.18887704094179,43.1991699802883,144.105299999996 -3.18893303203511,43.1991320106149,144.356499999994 -3.18897795857911,43.199100997425,144.566399999996 -3.18912103774598,43.1989849920157,145.323699999994 -3.18925296882019,43.1989160089432,146.545599999998 -3.18938900699187,43.1988399847802,145.848499999993 -3.1894159968746,43.1988379730622,146.355800000005 -3.18944097453106,43.1988450140749,146.993600000002 -3.18948900295774,43.1988350393067,147.425099999993 -3.18950702406065,43.1988160124579,147.403600000005 -3.18961196615044,43.1986779626858,146.710399999996 -3.18965798235089,43.1986150144427,145.850000000006 -3.18968497223358,43.1985880250975,145.852799999993 -3.18971598477214,43.1984870228648,143.599100000007 -3.18982101040526,43.1984120046882,144.251300000004 -3.18997096258238,43.1983219835404,146.053199999995 -3.19002100233697,43.1982840133393,146.076000000001 -3.19008696832322,43.1982120125212,145.8413 -3.19019903405323,43.1980950015151,145.794699999999 -3.19024999637763,43.1980309636304,145.493900000001 -3.19046901552536,43.1978980265876,145.693899999998 -3.1905949952608,43.1977879722911,145.703800000003 -3.19060103014287,43.1977719627457,145.675000000003 -3.19067797623685,43.1976749839847,145.628299999997 -3.19078702452584,43.1975070106092,145.491299999994 -3.19079599330563,43.1974879840011,145.447 -3.19096203880105,43.1973640155571,145.522899999996 -3.19100202101773,43.1973340080073,145.640299999999 -3.19103001611524,43.1973050069818,145.599300000002 -3.19108399588066,43.1972409689229,145.522200000007 -3.19123595938568,43.1971109659622,145.646500000003 -3.19138901344548,43.1969719941962,145.561799999996 -3.19151298185303,43.1968709919079,145.562600000005 -3.19155002927366,43.1968429965543,145.666500000007 -3.19168296646096,43.1966949717845,145.680300000007 -3.19177298843222,43.1966209599198,145.955499999996 -3.19185496329515,43.1965649689703,146.267800000001 -3.19185999206411,43.1965590174158,146.270799999998 -3.19186300950516,43.1965109891093,145.844500000007 -3.1919459904812,43.1964850053862,146.312999999995 -3.19208404087915,43.1964600275502,146.593800000002 -3.19212703963851,43.196374029086,145.939499999993 -3.19216702095686,43.196261040781,145.425099999993 -3.19226400038001,43.196106981795,145.058399999994 -3.19237003122792,43.1960450394241,145.101899999994 -3.19243700242899,43.1960329692172,145.377600000007 -3.19253196962588,43.1958629840897,144.885599999994 -3.19251998340504,43.1958179736167,144.8223 -3.19249500485025,43.195794001417,144.801099999997 -3.19248100730151,43.1957759801843,144.804300000003 -3.19253004184127,43.1956879702439,144.700700000001 -3.19257396317046,43.1955599784203,144.6296 -3.19257899193944,43.1955319831202,144.596600000004 -3.19266499035651,43.1954599823292,144.642699999997 -3.19270698390112,43.1953690386658,144.851800000004 -3.1927329676707,43.1953149752303,144.937099999996 -3.19276004109672,43.1950989737992,145.152000000002 -3.19280002241507,43.1950240398684,145.053 -3.19285299606738,43.1949480154406,144.946500000005 -3.19292197949468,43.1948650345838,144.972699999998 -3.19300001524511,43.1947350318004,144.837400000004 -3.19304100267657,43.1946790404303,144.658800000005 -3.19321299861244,43.1945959760352,145.624400000001 -3.19330897192247,43.1945239754497,145.817599999995 -3.19330402669682,43.1944770366099,146.003599999996 -3.19345599020184,43.1944389828082,145.918699999995 -3.19346797642268,43.1944340376329,145.909599999999 -3.19349697763334,43.1944239789708,145.949999999997 -3.19355598616771,43.1944069639205,145.945600000006 -3.1936220356973,43.1943519788373,145.900500000003 -3.19368699557044,43.1943489610383,146.252500000002 -3.19380702486545,43.1942560058148,146.583700000003 -3.19389604072356,43.1941809876758,146.784 -3.19402797179778,43.1940939833371,146.745999999999 -3.1940039993561,43.1939919755856,146.342199999999 -3.19401296813589,43.1939629742816,146.235700000005 -3.19409100298798,43.1939300336875,146.288799999995 -3.19422502983176,43.1939110066191,146.503700000001 -3.19433399457739,43.1939179637171,146.884600000005 -3.19434598079823,43.1939089947386,146.864700000006 -3.19441203032781,43.1938400118218,146.733600000007 -3.19449903485803,43.1938240025504,147.084600000002 -3.19472098700518,43.193757031423,147.522700000001 -3.19478896431933,43.193730041239,147.710099999997 -3.19483498141808,43.1936789954935,147.8505 -3.19482500652518,43.1936639921241,147.665299999993 -3.19486800618288,43.1936000380025,147.822199999995 -3.19491603371123,43.1935579611796,147.8416 -3.19496699603563,43.1935499980945,148.024999999994 -3.19511896043898,43.1934899838132,148.444799999997 -3.19518702129647,43.1934970247881,148.943899999998 -3.19522398517377,43.1934690291964,148.975900000005 -3.19536496857111,43.1933930047962,148.917700000005 -3.19549296053279,43.1933429653734,149.075800000006 -3.19551802263091,43.1933309791159,149.128200000006 -3.19556999017009,43.1933449766176,149.185899999997 -3.19576696466075,43.19329602628,149.488200000007 -3.19584500041118,43.1932759937181,149.624200000006 -3.19606896478452,43.193183960293,149.955799999996 -3.19620802039725,43.1930889933522,149.983600000007 -3.19616200419684,43.1930060125872,149.677500000005 -3.19611900453914,43.1929599960159,149.194799999997 -3.19607198222557,43.192909034111,148.7402 -3.19602596602516,43.1928549704609,148.460399999996 -3.19597902725492,43.192836027542,148.289300000004 -3.19592303616157,43.1928679627692,148.273700000005 -3.19588598784264,43.1928920186383,148.284799999994 -3.19586302151408,43.192909034111,148.287899999996 -3.19582999674929,43.1929249597928,148.231700000004 -3.19577400565593,43.1929299889201,148.347999999998 -3.19572497201447,43.1929739936027,148.462400000004 -3.1957170084495,43.1929640191846,148.571599999996 -3.19571499712156,43.1929630132287,148.589099999997 -3.19570804056801,43.1929650251404,148.605500000005 -3.19563696137114,43.1929480096833,148.969599999997 -3.19552003395881,43.1928910126813,146.259600000005 -3.19546303675237,43.1928490198544,145.537500000006 -3.19533999091465,43.1927600036631,145.508799999996 -3.19532599336587,43.1927569864403,145.540200000003 -3.19524996894338,43.1926859916103,148.001000000004 -3.19517201763458,43.1926669648089,148.819600000003 -3.19516296531147,43.1926640307567,148.665200000003 -3.19516900019357,43.1926320122476,148.603400000007 -3.19524301238983,43.1925819722008,147.774699999994 -3.19529699125691,43.1925539768443,147.787299999996 -3.19540402821797,43.1924600155423,147.638399999996 -3.19556797884216,43.1924109813194,147.139599999995 -3.19573100689657,43.1923190317302,147.337 -3.19580099553866,43.1922890243192,147.334799999997 -3.1958149930874,43.1922659741797,147.528300000005 -3.19585799274513,43.1922399906138,147.531000000003 -3.19600199358348,43.1922020205578,147.347399999999 -3.19603803578929,43.192185004888,147.418300000005 -3.19611900453914,43.1921629606783,147.424100000004 -3.19620600906935,43.192150974844,147.308900000004 -3.19623501027998,43.1921369770685,147.375100000005 -3.19627700382456,43.1921160219872,147.429099999994 -3.19645201809977,43.1920470390085,147.388600000006 -3.19655997673232,43.1919850132702,147.590200000006 -3.19657598650732,43.1919720207739,147.642099999997 -3.19675502343837,43.1918789820283,148.032500000001 -3.19677497232591,43.1918560155652,148.089300000007 -3.19683699830133,43.1918400057733,148.153399999996 -3.19688402151319,43.1918099987817,148.262000000002 -3.19694202393445,43.1917730344336,148.435700000002 -3.19695903892424,43.1917570252748,148.528000000006 -3.19698602880696,43.1917329689583,148.633900000001 -3.19699700891469,43.1917250062899,148.653600000005 -3.19722700906843,43.1916199812293,148.601999999999 -3.19724603538616,43.1916130238694,148.584900000002 -3.19726103904805,43.1916059833321,148.573300000004 -3.19742800711325,43.1914990299383,148.469500000007 -3.1975359657458,43.1913970224339,148.369999999995 -3.1976829840252,43.1912469862393,149.086899999995 -3.19772003234413,43.1912329889114,149.165299999993 -3.19774501000062,43.1912029816213,149.343599999993 -3.19777702955059,43.1911579703311,149.667799999996 -3.1978239674225,43.1911129596626,149.954100000003 -3.19791197806583,43.1910609921929,150.539099999995 -3.19807802356129,43.1909250377163,150.115600000005 -3.1982019919688,43.1908040025253,150.027499999997 -3.19830198793467,43.1907279787349,150.002299999993 -3.19841195789511,43.1906340178964,150.084499999997 -3.1985210070824,43.1905289922682,150.305099999998 -3.19853299330323,43.1905160007719,150.353099999993 -3.19858403917093,43.1904549801297,150.250100000005 -3.19874597756889,43.1903030167279,150.311700000006 -3.19880297387703,43.190263034776,150.316699999996 -3.19881898365204,43.1902200354497,150.543900000004 -3.19891998573099,43.1901109870627,150.536800000002 -3.19893800683389,43.1900750289989,150.498600000006 -3.19896700804455,43.1900509726744,150.531300000002 -3.1990319679177,43.1900000109602,150.593299999993 -3.19908401900018,43.1899489647146,150.750700000004 -3.19922299106958,43.1898750363616,150.656300000002 -3.19931401915396,43.189842011692,150.690499999997 -3.1994219777865,43.189799012724,150.804199999999 -3.19963697338006,43.1897039619215,150.559599999993 -3.19974996167989,43.1896519939071,150.306899999996 -3.19983101487133,43.1895639843044,150.711899999995 -3.1998819762974,43.189479997318,151.3514 -3.20000602824824,43.1893589625362,151.192800000004 -3.20004701657804,43.1893349904191,151.048500000004 -3.20006998290656,43.1893209926526,151.001900000003 -3.20009303277846,43.1892909857324,151.044999999998 -3.20016997887243,43.1892189847828,150.817800000004 -3.20034499314765,43.1890690329636,150.780700000003 -3.20050198542165,43.1888530310393,151.1247 -3.2006240260446,43.1887110413838,151.449600000007 -3.20074900056522,43.1885660346229,151.656400000007 -3.20077397822168,43.1885109656811,151.736600000004 -3.2008339928692,43.188412981236,151.959300000002 -3.2009530160511,43.1882870012848,151.954800000007 -3.20103398480091,43.1882099715999,151.327000000005 -3.20108402545379,43.1881190276121,152.497900000002 -3.20110104044361,43.1880730112859,152.424700000003 -3.20111797189007,43.1880290063445,152.504300000001 -3.20116901775777,43.1879200411544,152.290800000002 -3.20119299019945,43.1878620386567,152.258600000001 -3.20120799386134,43.1878399941955,152.298699999999 -3.20120799386134,43.1876550056348,152.494699999996 -3.20121302263029,43.1876069775256,152.5625 -3.2012329715178,43.1875570211257,152.723599999998 -3.20122601496424,43.1873990220834,153.264200000005 -3.20122098529696,43.1873710269694,153.282800000001 -3.20120003029633,43.1872899738962,153.268100000001 -3.20115996543465,43.1872159617599,153.289399999994 -3.20114001654715,43.1871339862665,153.343999999997 -3.2011430339882,43.1870859584023,153.4807 -3.20113398166508,43.1870540234246,153.714300000007 -3.20110699178235,43.1869830285106,153.926099999997 -3.20116600031676,43.1869270372332,153.806400000001 -3.20127303727778,43.1868640054751,154.183699999994 -3.20151401664098,43.1866979600964,154.324099999998 -3.20152902030283,43.186694020353,154.311700000006 -3.20172197213765,43.1865459958555,154.484299999996 -3.20190696040747,43.1864180045085,154.081399999995 -3.20208197468272,43.1862900128932,154.239600000001 -3.20222698163418,43.1861040181512,154.645099999994 -3.20235396748275,43.1859430017182,155.035999999993 -3.20251900686509,43.1858280022589,154.238299999997 -3.20258103284051,43.1857949773646,153.927500000005 -3.20258899550718,43.1857870145765,153.8891 -3.20263098905176,43.1857359687375,153.867700000003 -3.20264004137488,43.185731023512,153.876699999993 -3.20266300770344,43.1857199593053,153.860000000001 -3.20267700615051,43.1857190377247,153.800600000002 -3.20268698014512,43.1857209653806,153.782399999996 -3.20269997247907,43.1857219708008,153.764200000005 -3.20271195869991,43.1857239829512,153.740000000005 -3.20289895829763,43.1857340410821,151.979099999997 -3.20293801794452,43.1857710051576,151.758499999996 -3.20309601722994,43.1858509683703,153.678599999999 -3.20328896906476,43.1859620286508,154.592499999999 -3.20330397182832,43.1859740150454,154.635899999994 -3.20337002135791,43.1860460152378,154.889500000005 -3.203447973565,43.1860559901315,156.396299999993 -3.20358803529085,43.1860549840618,157.753299999997 -3.20374896757566,43.185950964486,157.576199999996 -3.20395600050258,43.1858939674996,160.047900000005 -3.20404996158635,43.1858590149895,160.498600000006 -3.20410503100822,43.1858519744434,160.881699999998 -3.20430200549887,43.1857629585269,162.216499999995 -3.20434802169929,43.1857180316494,162.267600000006 -3.20440602501888,43.1856320331128,162.5524 -3.20441901645453,43.1854509842346,162.6826 -3.20442798523432,43.1853909698494,162.820300000007 -3.20447903110202,43.185230037341,162.074200000003 -3.20450702709786,43.1852029634757,162.394100000005 -3.2045190133187,43.1851960066943,162.538499999995 -3.20456301819118,43.1851339805437,162.698799999998 -3.20457299218579,43.1851199831239,162.629700000005 -3.20459797074058,43.1850980221679,162.926200000002 -3.20464901660828,43.1849889738001,161.886100000003 -3.20475596912771,43.1848530188986,163.474700000006 -3.2047889938925,43.1847940106711,163.521599999993 -3.20481196022106,43.1847339962951,162.098400000003 -3.20485303209415,43.184599969827,160.334099999993 -3.20487298098166,43.184579014778,160.360499999995 -3.20496803172188,43.1844409648945,160.988500000007 -3.20505897536463,43.1842810379456,160.758499999996 -3.20511899001211,43.1842040084455,161.030799999993 -3.20522401474694,43.1840809621328,161.964300000007 -3.20528402939442,43.1840050223258,162.232600000003 -3.20533297949259,43.183940984066,162.410799999998 -3.20535896326217,43.1838969794209,162.237099999998 -3.20541897790966,43.1837760285461,161.996599999999 -3.20547002377739,43.1837099791395,162.223700000002 -3.20549902498802,43.1836829890975,162.226699999999 -3.20559097474385,43.1835259959646,162.415299999993 -3.20561896984136,43.1834369805865,162.404599999994 -3.20566398082699,43.183367997624,162.612999999998 -3.20571502669469,43.183318963302,162.851899999994 -3.20582298532723,43.1832270137712,163.485799999995 -3.20583296022014,43.1832020357492,163.500899999999 -3.2059130072985,43.183073960098,163.745800000004 -3.20597503327392,43.1829810047328,164.215100000001 -3.20609799556832,43.1828499960589,165.451000000001 -3.20620503252937,43.1827510055731,168.453200000004 -3.20623202241206,43.1827179809792,168.438399999999 -3.20630100583937,43.1826049929379,166.870500000005 -3.20637099448146,43.1825110313856,166.155799999993 -3.20642899690275,43.1824210097081,166.291800000006 -3.20648197055505,43.182383961725,169.639899999995 -3.20658297263401,43.1821920165372,171.491299999994 -3.20662002095297,43.1821399648331,171.902199999997 -3.20669897837485,43.1820569842481,173.731299999999 -3.20673803802174,43.1820009930377,174.4467 -3.20676100435027,43.1819589992687,173.8986 -3.20683401043341,43.1818369591555,173.845300000001 -3.20685496543407,43.181805024052,174.068599999999 -3.20699301583198,43.1816180239132,174.605800000005 -3.20710902067449,43.1814860087897,174.0772 -3.20716400655306,43.1814460269578,174.843699999998 -3.20722997164099,43.1813789715038,175.037700000001 -3.20734002604309,43.1812759579693,177.285600000003 -3.2074720415589,43.1810830070765,174.648499999996 -3.20757295919626,43.1810089946202,174.737200000003 -3.20769198237812,43.1809160393862,174.115900000004 -3.2078440303248,43.18083800407,173.694600000003 -3.20788300553004,43.1807660029756,171.892399999997 -3.20791896419255,43.1807459702315,172.583400000003 -3.20801703237381,43.1806579602339,174.532699999996 -3.20808199224696,43.1805670167858,172.506699999998 -3.20824401418821,43.1804569626781,171.854900000006 -3.20836798259573,43.1803970318158,172.426000000007 -3.20846596723366,43.1803449798915,172.448600000003 -3.2085369619889,43.1803169848178,173.664399999994 -3.20866101393975,43.1802609933218,173.863500000007 -3.20878397713244,43.1801620032235,170.521999999997 -3.2088679633233,43.1801029943921,168.816500000001 -3.20898396906414,43.1800910088099,171.908899999995 -3.20901799904376,43.1800969600052,173.708700000003 -3.20916099466732,43.1800569779188,174.346300000005 -3.20926803162834,43.1799859833831,172.395099999994 -3.20933299150148,43.1799529586036,171.175700000007 -3.20937800248712,43.1799279805522,170.237599999993 -3.20942401868757,43.1798890045265,168.384399999995 -3.20949501344278,43.1798320077759,166.591700000004 -3.20960003907589,43.179807029675,167.187699999995 -3.20979801967966,43.1797729992807,170.308000000005 -3.20980698845949,43.1797719931074,170.513000000006 -3.20986197343969,43.1797640301888,171.492700000003 -3.20993196208182,43.1797269825586,170.223800000007 -3.21010395891598,43.1796129887016,167.452000000005 -3.21014704211701,43.1795920339061,167.186300000001 -3.21022298209787,43.1795730069533,168.254100000006 -3.21031996062269,43.1795369647294,168.792300000001 -3.21040595903979,43.1794679819456,167.429199999999 -3.21053101710374,43.1794040280156,167.526100000003 -3.21059497086377,43.1793559993103,167.323000000004 -3.21068901549087,43.179260026945,166.788400000005 -3.21086302365296,43.1791470383998,167.060400000002 -3.21099897828135,43.1790590287176,167.210399999996 -3.21102404037944,43.1790479646119,167.269799999995 -3.21107600791862,43.179020974474,167.358099999998 -3.21113602256614,43.1789609603185,167.506200000003 -3.21117298644344,43.178943023205,167.747099999993 -3.21132796828785,43.178831040917,168.321599999996 -3.21148102144932,43.1786359939253,168.301300000006 -3.21161395863665,43.1784980275541,168.804099999994 -3.21164497207351,43.1784400252751,168.884000000005 -3.21175301424935,43.1783319823479,169.188899999994 -3.21187497132896,43.1781869751699,169.796900000001 -3.21187396521584,43.178180018244,169.7785 -3.21185703376938,43.178112041438,169.752099999998 -3.21189600987291,43.1780630068252,169.976800000004 -3.21193699730438,43.1780060103352,170.210399999996 -3.21195401229417,43.1779230293722,170.447199999995 -3.2119830135048,43.1778670383012,170.732499999998 -3.21207496326066,43.1777429861115,171.269499999995 -3.21212701524148,43.1776589992381,171.204199999993 -3.21220396043716,43.1776269807189,171.702699999994 -3.21223103476148,43.1776180119668,171.810599999997 -3.21233396462507,43.177585992771,172.075500000006 -3.21237302427193,43.1775450054507,172.273199999996 -3.21242197437007,43.1774500384157,172.603799999997 -3.21244603035508,43.1774129906917,172.753500000006 -3.21260696263992,43.1771629582545,173.476699999999 -3.21276001669969,43.1769690012462,174.262799999997 -3.21280502678702,43.1769120043902,174.978900000002 -3.2128229643466,43.1768899599054,175.083499999993 -3.21293695786121,43.1768199705296,175.539799999999 -3.212969982626,43.1768150252369,175.608600000007 -3.21309403547517,43.1767700144736,175.853000000003 -3.2132090351029,43.1766580327861,176.462599999999 -3.21329796651938,43.1766029635835,176.809800000003 -3.21335303594125,43.1765629818296,176.997499999998 -3.21342302458334,43.1765309627357,177.129199999996 -3.21348203311775,43.1765140311353,177.220400000006 -3.21352503277544,43.1765049790226,177.248800000001 -3.21369996260903,43.1764250153602,177.762000000002 -3.21394496552637,43.1763260255938,178.464699999997 -3.21419700943889,43.1762919945696,178.731599999999 -3.21421402532701,43.1762889771878,178.757199999993 -3.21447696580392,43.1762589697575,179.147899999996 -3.2145700043179,43.1762500014596,179.229500000001 -3.21471400515625,43.176247989652,179.354800000001 -3.21489103165773,43.1762850380829,179.583400000003 -3.21492698942191,43.1762759852812,179.5723 -3.21508197126632,43.1763199901785,180.453599999993 -3.21511801347213,43.1763220019836,180.254799999995 -3.2152549733153,43.1763370056852,179.692999999999 -3.21559603308597,43.1763739695545,179.680800000002 -3.21571002749887,43.1764019651259,179.691000000006 -3.21580901735163,43.1764250153602,179.657099999997 -3.2160069979554,43.1764889697901,179.629499999995 -3.21618704099959,43.1765019616514,179.028999999995 -3.21646096158423,43.176558958235,178.9133 -3.21650102734421,43.1765749681043,179.126300000004 -3.21675399292821,43.1765929891106,178.438399999999 -3.2169490396343,43.1766290311071,178.738400000002 -3.21718599634164,43.1766459626756,178.346999999994 -3.21725103975807,43.1766390055741,177.894400000005 -3.21733997207289,43.1766459626756,178.219299999997 -3.21755203376876,43.1766089983158,176.540699999998 -3.21770198684418,43.1765970120478,176.328299999994 -3.21780500025107,43.1765960064772,176.826000000001 -3.2180339933934,43.1765730401597,176.967099999994 -3.21813801291344,43.1765720339337,177.952600000004 -3.21834102228616,43.176472038178,176.771399999998 -3.21835502073323,43.1764680145775,176.773300000001 -3.2184919805764,43.1764489879614,177.403699999995 -3.2185250053412,43.1764349898606,177.517399999997 -3.21860496887623,43.1763960142256,177.434599999993 -3.21875701682288,43.1762520132671,176.837199999994 -3.21886799289647,43.1761589741442,176.837 -3.2190440132848,43.1760100272689,176.806299999997 -3.21904501849961,43.1759889886941,176.773199999996 -3.21895298520042,43.1758599912496,176.104900000006 -3.218906969,43.1758299842636,174.552800000005 -3.21874201316102,43.1758110413019,174.947899999999 -3.21863799364099,43.1758080238965,174.408800000005 -3.21859901753745,43.1757620068066,173.530899999998 -3.21855702399287,43.1756139826615,176.505300000004 -3.21863598231308,43.1754699818242,176.632700000002 -3.21868702728249,43.1753460132043,176.867499999993 -3.21870102572956,43.1752369644506,177.060800000007 -3.21874695838664,43.1751770337055,177.013300000006 -3.2187679969306,43.1751419977567,176.999299999996 -3.21891300388207,43.1749949790158,176.583199999994 -3.21897201241647,43.1748259998558,176.996499999994 -3.21906999705441,43.1747590281923,177.215400000001 -3.21924098777545,43.1747389954427,175.380399999995 -3.2194160020507,43.1747110004192,174.502999999997 -3.21949797691363,43.1746519915608,174.5098 -3.2195999842074,43.1745690106257,175.150299999994 -3.2196529578597,43.1745219883078,175.213799999998 -3.21969503494761,43.1745010337304,175.233200000002 -3.21973501716429,43.1744629799219,175.255900000004 -3.21979503181178,43.1744059826921,175.450200000007 -3.21987398923369,43.1743090041447,175.126999999993 -3.21996300509181,43.1742100135687,174.704899999997 -3.2199960298566,43.1741579622662,174.420800000007 -3.22013902458184,43.1739990415096,174.562999999995 -3.22028696543106,43.1738800180549,175.036999999997 -3.22046097359315,43.1737149783563,175.216100000005 -3.22054403811253,43.1736650223807,175.049700000003 -3.22064898020235,43.1735149864961,175.7641 -3.22073497772112,43.1734569834144,175.859700000001 -3.2207929810407,43.173370985295,175.893899999995 -3.22083799202634,43.1732859926795,175.825200000007 -3.22096103786406,43.1731480266679,175.811300000001 -3.22097403019802,43.1731229645965,175.786699999997 -3.22100898274738,43.1730900238929,175.813399999999 -3.22108601238469,43.1730689856224,175.945999999996 -3.22126697710038,43.1730089708581,175.930699999997 -3.22143402870891,43.1729209608457,175.933499999999 -3.2215819695581,43.1728929656439,175.939199999993 -3.22178103981832,43.1728099842841,176.019199999995 -3.22178900248503,43.1728059610974,176.031099999993 -3.22193400943649,43.1726809873308,176.456900000005 -3.22205998917194,43.1725550070162,177.049799999993 -3.22210298882964,43.1724949924019,177.241599999994 -3.22213701880922,43.1724769714966,177.213600000003 -3.22236198929571,43.1723850220163,177.260999999999 -3.22236601284988,43.1723749636516,177.316699999996 -3.22244899382593,43.1721970162105,179.346300000005 -3.22248796903116,43.1721769832757,179.414999999994 -3.22256499866847,43.1721150408596,180.454899999997 -3.22262803075701,43.1720049865866,182.414099999995 -3.22267203562952,43.1719729677233,182.031700000007 -3.22274001294368,43.17186802595,183.527799999996 -3.22281695903766,43.1717680303534,184.216 -3.2229329647785,43.1716449838735,184.598199999993 -3.2230189631956,43.1715080237399,185.169299999994 -3.22308400661207,43.171363016736,185.718900000007 -3.22317503379812,43.1712569857071,186.061799999996 -3.22329598476461,43.1710949631101,186.246299999999 -3.22337100307399,43.1710470189358,185.988800000006 -3.22343101682318,43.1710190235301,185.680699999997 -3.22345800670587,43.1709839871613,185.661099999998 -3.22351601002546,43.1709369647036,185.343599999993 -3.22360301365737,43.1708030219456,186.128500000006 -3.2236419897609,43.1707330328001,186.401299999998 -3.22375799550174,43.1706099862005,186.318899999998 -3.22377501049157,43.1705990063897,186.250400000004 -3.22395002476678,43.1704880295397,184.030199999994 -3.22412696682663,43.1703600379414,182.6495 -3.22418496924788,43.1702609636552,183.450100000002 -3.22419997290974,43.1702420209316,183.498000000007 -3.22426602243932,43.170160968048,183.405299999999 -3.22440801194978,43.1700029691909,183.122799999997 -3.22441304071873,43.1699789966798,183.2598 -3.22445696204791,43.1699589636726,181.954199999993 -3.22469199097064,43.1698879691893,180.942299999995 -3.22477597716151,43.1698719595324,180.688500000004 -3.22478603559774,43.1698670143323,180.721799999999 -3.22482098814714,43.1698469819435,180.677200000006 -3.22483004047026,43.1698410304044,180.616500000004 -3.22486901657379,43.1698220036892,180.992299999998 -3.22489600645652,43.1698009649481,181.116699999999 -3.22507495984427,43.1696950176896,181.491999999998 -3.22508602439362,43.16968303203,181.650599999994 -3.22527403010448,43.1695550400551,182.774900000004 -3.22545197827742,43.1694759989457,182.637700000007 -3.22556496567891,43.1694159845817,182.947499999995 -3.22570896741559,43.169282041764,183.945399999997 -3.22582899581227,43.1691610069029,184.3462 -3.22595103643521,43.1690660399331,184.675199999998 -3.22604700884691,43.1689419875544,185.630099999995 -3.22614398827003,43.1687069594239,188.732199999999 -3.22615496837775,43.168684998461,188.979800000001 -3.22613895860275,43.1686010115782,190.0239 -3.22608900239149,43.1685620361848,190.335200000001 -3.22590502023479,43.1684450246815,191.215800000005 -3.22587903556685,43.1684010193511,191.621499999994 -3.22584601080209,43.1682720222581,192.666299999997 -3.22585196214083,43.1680949965029,193.131099999999 -3.22588004168,43.1679720336941,193.379499999995 -3.22594299022521,43.1678230032977,193.857000000004 -3.22598800031251,43.1677120273005,194.158899999995 -3.22610400605335,43.1675950161345,193.153200000001 -3.22620601424545,43.1674780047444,191.795599999998 -3.22622797446089,43.16740801572,191.8606 -3.22631497899111,43.1673039964793,191.391600000003 -3.22652704068695,43.1671500203433,190.771599999993 -3.22668596164386,43.1670099589079,191.266699999993 -3.2268240120418,43.1668900137267,191.833299999998 -3.2269550205462,43.1668030098015,191.412299999996 -3.22709298650249,43.1667249741399,191.057499999995 -3.22717102225288,43.1666770298113,191.095199999996 -3.22724000568019,43.166632018783,191.494399999996 -3.22728702799375,43.1665890198474,191.627999999997 -3.22741602517022,43.1664499641736,192.763999999996 -3.22747696148919,43.1663720125823,193.839000000007 -3.22754099969088,43.1663119977894,193.974600000001 -3.22762297455381,43.1662389915163,194.417100000006 -3.22769396930902,43.1661649794138,194.469899999996 -3.22781198637779,43.1660039628135,193.808900000004 -3.22791097712884,43.1659010334162,193.146099999998 -3.22801197920779,43.1657980193233,192.695300000007 -3.22803201163863,43.1657700241325,192.739600000001 -3.22816696015387,43.1656219993566,192.377399999998 -3.22825295857097,43.1655790003652,192.113200000007 -3.22832596465411,43.1654619890446,192.361000000004 -3.22834800931118,43.1654009689131,192.386400000003 -3.22843702516933,43.1652100291699,192.376399999994 -3.22852101136019,43.1651309876797,191.349499999997 -3.22852796881205,43.1650849710627,191.427200000006 -3.22856099357684,43.1650330030586,191.437099999996 -3.22861799078331,43.1649869863677,191.220499999996 -3.22869300819435,43.1649109625329,191.356 -3.22870298308729,43.1648309994151,191.2598 -3.2287579680675,43.1647890062871,190.861600000004 -3.22876299773478,43.164785988337,190.947799999994 -3.22881798271502,43.1647969691928,191.107600000003 -3.22890900990106,43.1648119724496,191.030400000003 -3.22897296366109,43.1648119724496,190.824200000003 -3.22901696853361,43.1648050153105,190.758600000001 -3.22906600307337,43.164799986487,190.659700000004 -3.22909802172505,43.1647979749575,190.599100000007 -3.22923498246655,43.1648019980165,190.476299999995 -3.22930295978071,43.1648099609205,190.727799999993 -3.22939599829469,43.1648090390242,192.612800000003 -3.22946900527613,43.1647510361925,191.900099999999 -3.22948602026595,43.1646859922845,192.391399999993 -3.22954201135927,43.1645239706031,191.864300000001 -3.22957595779556,43.1644689848113,191.854099999997 -3.22965600487388,43.1643529797574,191.9807 -3.22973102318326,43.16429900024,191.9185 -3.22989899646328,43.1641410012899,192.123099999997 -3.22993696645373,43.1640829984791,192.206699999995 -3.23001500220416,43.1639899591638,192.289399999994 -3.230026988425,43.1639659869137,192.354300000006 -3.23016202048356,43.1638170404418,192.578999999998 -3.23017199537646,43.1638079884128,192.602400000003 -3.23029202377314,43.1637100036354,192.825100000002 -3.23030602222021,43.1637089978527,192.824900000007 -3.23038397352901,43.1636870370585,192.856 -3.23047600682817,43.1635509993424,193.104699999996 -3.2306259590053,43.1634230076231,193.399900000004 -3.23078496350554,43.1633660105741,193.475999999995 -3.23090700412844,43.1633080076827,193.792300000001 -3.23112702938932,43.1632289663525,193.883300000001 -3.23140002830247,43.1631410398781,194.042300000001 -3.23153799425875,43.1631019804064,194.148300000001 -3.23160496545979,43.1630599874004,194.297200000001 -3.23161996912168,43.1628780158451,194.798500000004 -3.23165500521438,43.1628549657397,194.842499999999 -3.23170697275356,43.1627030017822,195.517699999997 -3.2317330409648,43.1626839748092,195.451100000006 -3.23176103606231,43.1626159977908,195.810800000007 -3.23179095984276,43.1625249704667,196.176800000001 -3.23188299314193,43.162306034785,196.508799999996 -3.231949964343,43.1621539869007,196.598400000003 -3.23206001874507,43.1620649711631,196.557700000005 -3.23218398715258,43.1618789766691,196.964600000007 -3.23230502166241,43.1617199721973,197.475399999996 -3.23237702253073,43.1615639847658,198.160499999998 -3.2324770184966,43.1614100092324,198.469700000001 -3.23259302423744,43.1612670141459,198.513500000001 -3.2326859792081,43.1610790081918,199.085699999996 -3.23280902594412,43.1609050000463,199.632899999997 -3.23282101216496,43.1608979592439,199.606499999994 -3.23295101545457,43.160840961805,199.429799999998 -3.23305000530732,43.1607439833425,199.608399999997 -3.23322099602837,43.1605930252104,199.932700000005 -3.23328796812774,43.1604900119957,200.112800000003 -3.23329299689673,43.160451036014,200.414399999994 -3.23347999739278,43.1602799610336,200.941800000001 -3.23350598116239,43.1602440030924,201.066800000001 -3.2336010319026,43.1600369701245,201.665299999993 -3.23361000068239,43.1600119917904,201.803499999995 -3.23371603153033,43.1598259975993,202.905899999998 -3.23381703360928,43.159667998876,202.7981 -3.23384502870679,43.1595830061954,203.010599999994 -3.23399003565829,43.1594749633266,202.883100000006 -3.23409296552185,43.1594280244034,203.129199999996 -3.23418097526685,43.1593949996463,203.403600000005 -3.23427602690539,43.1593079955309,203.499400000001 -3.23443402529252,43.1591260245954,203.969299999997 -3.23459202457794,43.1589859631108,204.667600000001 -3.23465296089691,43.1589469874801,204.8177 -3.23480199050425,43.1587770019607,204.966899999999 -3.23495898367656,43.1586390359405,204.839099999997 -3.23515797039344,43.1585139781431,205.305999999997 -3.2352650073545,43.1584190110032,204.875599999999 -3.23546776519897,43.1582592518052,205.311600000001 -3.2355054001178,43.1582232939854,205.742499999993 -3.23555854175506,43.1581693981717,205.926600000006 -3.23562048418715,43.1581334396438,206.398300000001 -3.2357576955586,43.1579250653437,206.339200000002 -3.23567136206992,43.1578100661946,206.362399999998 -3.23561386180688,43.15777595146,206.542600000001 -3.2355496565186,43.1577651390641,206.852299999999 -3.23558402246809,43.1577280073163,206.912899999996 -3.23561796890438,43.1576900367651,207.074200000003 -3.23566029752054,43.1576483788283,207.529699999999 -3.23570455392134,43.1576034522342,207.5 -3.23575107407663,43.1575495565292,207.503299999997 -3.23579088741003,43.1575052163556,207.531199999998 -3.23581301650876,43.1574548408361,207.450899999996 -3.23582600794438,43.157406980319,207.614100000006 -3.23586096049378,43.1573619696689,207.4712 -3.23587277872966,43.1573111752936,207.636100000003 -3.23590152931033,43.1572752169159,207.517099999997 -3.23593254184886,43.1572302893922,207.810200000007 -3.2359679139115,43.1571763940133,207.703500000003 -3.23600110576292,43.1571386754111,207.809099999999 -3.23603656136889,43.1570829359257,207.6299 -3.23607402830277,43.1570309683232,207.860700000005 -3.23610202429858,43.1569980268049,207.636400000003 -3.23613379142197,43.1569519267358,207.734299999996 -3.23616924702791,43.1569052394778,207.931599999996 -3.23619581739739,43.1568639165229,208.376399999994 -3.23622230422354,43.1568243543497,208.112299999993 -3.23626438131145,43.1567650942658,208.363100000002 -3.23629539474831,43.1567201670223,208.646900000007 -3.23632414443068,43.1566842089521,209.129100000006 -3.23636177934952,43.1566303130915,209.240399999995 -3.23639941426835,43.1565872297897,209.394499999995 -3.23641709940134,43.156553115683,209.462299999999 -3.23643478543266,43.156502824569,209.725000000006 -3.23645473432017,43.1564578971327,209.802599999995 -3.23648122114632,43.1564075220604,209.964000000007 -3.23651441389607,43.1563339292425,210.501999999993 -3.23652547754709,43.1562979702897,210.564799999993 -3.23655649098398,43.1562349383681,210.606199999995 -3.23657199770241,43.15619721984,210.693299999999 -3.23658306135343,43.1561612614621,210.797399999996 -3.23660703379511,43.1561210284473,210.722500000003 -3.23662103134388,43.1560740063439,210.943499999994 -3.23664500378556,43.1560265648024,210.568599999999 -3.23666051050399,43.1559761893745,210.426099999997 -3.23667601722242,43.1559241376056,210.294699999999 -3.23669370235541,43.1558792103991,210.327900000004 -3.23670694621765,43.1558127422149,210.2215 -3.23671583055581,43.1557660547418,210.133199999997 -3.23673795875621,43.1557139195684,210.275599999994 -3.23675120261845,43.155663628419,210.599100000007 -3.23675564478753,43.1556295137967,210.931200000006 -3.23679772187541,43.1555791386969,211.1155 -3.2368441575891,43.1555270872451,211.117700000003 -3.2369039207083,43.1554777173237,211.366200000004 -3.23693049107778,43.1554471236408,211.480800000005 -3.23697801644789,43.155406974037,211.719800000006 -3.23701296899729,43.1553669928247,211.799400000004 -3.23702923030055,43.1553140191526,212.024399999995 -3.23702705098769,43.1552673319539,212.168699999995 -3.23704498854726,43.155226009202,212.488500000007 -3.2370402939516,43.155204383506,212.675600000002 -3.23708455035237,43.1551415195302,212.558300000004 -3.23712662833861,43.1550930719955,212.513600000006 -3.23715982019003,43.1550355724044,213.106700000004 -3.23720407659084,43.1549960097028,212.740699999995 -3.2372505123045,43.1549564469755,213.121299999999 -3.23728814722333,43.1549169681045,213.300199999998 -3.23733022431124,43.1548846139308,213.483900000007 -3.23737221785582,43.1548271141436,213.628599999996 -3.23742753790764,43.1547768229198,213.876399999994 -3.23747179430841,43.1547175628162,214.006399999998 -3.23750724991439,43.1546779999087,213.874200000006 -3.23755812869542,43.1546205005824,214.404800000004 -3.23758243620872,43.1545917505713,213.767399999997 -3.2376090065782,43.1545480806214,213.409 -3.23764664149703,43.1545103623628,213.596000000005 -3.23767765403556,43.154476247752,213.884999999995 -3.23770640461623,43.1544277164627,214.650999999998 -3.23773741715479,43.1543810292422,215.056200000006 -3.23777496853029,43.1543235296364,215.387900000002 -3.23780380175596,43.1542749982259,214.749599999996 -3.23783255143834,43.154240884139,214.820200000002 -3.23785241678252,43.1541959570057,214.967199999999 -3.23787680783911,43.1541546341847,214.859400000001 -3.2379011153524,43.1541186759155,215.445999999996 -3.23793103913281,43.1540740003415,215.639899999995 -3.23796398035428,43.1540289892024,216.157699999996 -3.237990970237,43.1539790335098,215.829500000007 -3.23801703754991,43.1539310051252,215.653600000005 -3.2380359803243,43.1538869998251,215.801200000002 -3.23806196409391,43.1538429951487,215.613400000002 -3.23807596254098,43.1537989059019,216.220600000001 -3.23809297753077,43.1537399810395,216.606899999999 -3.23812499618245,43.153687007923,216.809800000003 -3.23815399739308,43.1536450143441,216.905400000003 -3.238182999502,43.1535989975952,216.921900000001 -3.23820403804596,43.1535509695672,217.397700000001 -3.23824795937514,43.1535059586982,217.2117 -3.23826698569287,43.1534590197771,217.941900000005 -3.2382959869035,43.1534140088404,217.450800000006 -3.23833001778141,43.1533629634634,218.001799999998 -3.23834996666895,43.1533109953187,217.7408 -3.2383819017773,43.153259614319,217.732399999994 -3.23840629283389,43.153214687775,217.975600000005 -3.23842842103425,43.1531698444269,217.802500000005 -3.23846303851207,43.1531120094548,218.046799999996 -3.23847929981533,43.1530602088655,218.307799999995 -3.2385080494977,43.1530081572342,218.756699999998 -3.23853244055429,43.1529506576475,219.129499999995 -3.23856119023663,43.1528931573513,219.192200000005 -3.23857200325769,43.152847979539,219.578599999993 -3.23858398947853,43.1527850312204,220.052100000001 -3.23860100446835,43.1527339853181,220.251499999998 -3.23861600813021,43.1526820172939,221.4323 -3.23863302401833,43.1526380124051,223.396500000003 -3.23865632541847,43.1526002942784,225.516099999993 -3.23867845361887,43.1525607313109,226.744699999996 -3.23868733795704,43.1525391898676,224.953299999994 -3.23870502398836,43.1525122836963,223.644100000005 -3.23872715218876,43.1524780860509,221.612200000003 -3.23876478710756,43.1524457318968,221.405400000003 -3.2388001591702,43.1524098571627,221.408500000005 -3.23884667842719,43.1523792632547,221.630099999995 -3.23889973562282,43.152334419949,220.985100000005 -3.23894181271074,43.1522966177494,220.736699999994 -3.23898380625532,43.1522643473847,221.123900000006 -3.23903476857969,43.1522265451417,221.148199999996 -3.23907676122597,43.1521870664733,221.102799999993 -3.23911883831388,43.1521438994299,221.198399999994 -3.23916527402754,43.1521133892745,220.992100000003 -3.23919410815154,43.1520684625432,221.187000000005 -3.23923165952704,43.1520235351236,221.334400000007 -3.23927616655777,43.1519654487195,221.980200000005 -3.23931824454401,43.1519170012884,222.040999999997 -3.23935361570832,43.1518631058109,222.113400000002 -3.23938462914518,43.1518217827232,222.194499999998 -3.23942662179147,43.1517768557776,222.224000000002 -3.23945545591547,43.1517355332869,222.238599999997 -3.23948864866519,43.1517049390414,222.218699999998 -3.23950407094199,43.1516582517068,222.293999999994 -3.23952846199858,43.1516007521608,222.451300000001 -3.23955721257925,43.1515540647466,222.979600000006 -3.23957598736869,43.1515010071596,222.971099999995 -3.23959501458474,43.1514570020759,223.246899999998 -3.23961697480015,43.1514089743307,223.436199999996 -3.23963901945722,43.1513620351098,224.158599999995 -3.239660980571,43.1513199580125,224.709900000002 -3.23968403044285,43.1512720140465,224.757899999997 -3.23970096188935,43.1512259968216,224.017900000006 -3.2397220004333,43.1511799802174,222.966899999999 -3.23973700409516,43.1511310301519,223.246199999994 -3.23975301387016,43.1510850134761,223.577900000004 -3.23976298786477,43.1510564315423,223.391399999993 -3.23982937246594,43.1510115040341,223.438599999994 -3.2398825141032,43.1509773062043,223.509399999995 -3.23996222610994,43.1509504000009,223.164199999999 -3.24004185367506,43.1509293613141,223.047300000006 -3.24009499531232,43.1509239132224,223.031799999997 -3.24018124525767,43.1509095802758,223.089699999997 -3.24026095636612,43.1509042160697,223.074099999998 -3.24029859128491,43.1509059763945,223.2212 -3.24035827086082,43.1508377470619,223.324099999998 -3.24037377757928,43.1507747992943,223.479800000001 -3.24040303031816,43.1507290340133,223.747700000007 -3.24041803398005,43.1506789943571,223.643599999996 -3.24043102541571,43.1506309660005,223.7837 -3.24045198041633,43.1505769861564,223.944300000003 -3.24046396663717,43.1505240129199,224.189899999998 -3.24047100763235,43.1504710389819,224.527799999996 -3.24049548223227,43.1504256090258,224.6584 -3.24050654678162,43.1503753174567,224.591199999995 -3.24052649566913,43.1503303907586,225.047900000005 -3.24054418170045,43.1502711309311,225.835900000005 -3.24056320801818,43.1502141340655,225.762000000002 -3.24057863119328,43.1501566338162,225.771599999993 -3.24059640076793,43.1500992180567,226.132199999993 -3.24062070828119,43.1500542911555,226.622000000003 -3.24064501579448,43.1500075199823,227.092099999994 -3.24067158616393,43.1499644365989,226.865099999995 -3.2407003358463,43.149905177072,227.073600000003 -3.24072690711408,43.1498638539712,227.054999999993 -3.24074903531448,43.1498206872531,227.533500000005 -3.24077778499682,43.1497650315356,227.466700000004 -3.24081541991565,43.1497020833186,227.869999999995 -3.24083092663408,43.1496626043302,227.798999999999 -3.24085967631646,43.1496194374699,227.709300000002 -3.24087962520397,43.1495817194464,227.707399999999 -3.24090175340437,43.1495278238758,227.611000000004 -3.24091943943566,43.1494883447748,227.116200000004 -3.24094600980514,43.1494470220477,227.339699999997 -3.24096369583646,43.149400251065,227.088799999998 -3.24098808689305,43.1493373870172,226.998399999997 -3.2410145737192,43.1492834912311,228.020699999994 -3.2410145737192,43.1492295953975,228.046700000006 -3.24103091856579,43.1491803934113,228.172500000001 -3.24103980290395,43.1491264981422,227.957800000004 -3.24105304676619,43.1490815711815,228.037500000006 -3.24106411041724,43.1490295194385,228.220400000006 -3.2410729956537,43.1489792280315,228.755099999995 -3.24108623861761,43.1489343009626,229.071299999996 -3.2410951238541,43.1488857698601,228.992800000007 -3.24110618750512,43.1488372387191,228.876000000004 -3.2411172520545,43.1487887914299,228.934399999998 -3.24112831570552,43.1487474682298,229.6204 -3.24114600173684,43.1486827598869,229.698600000003 -3.24116150845527,43.1486306245692,230.235199999996 -3.24116595062435,43.1485911461995,230.541800000006 -3.24119252189213,43.1485462188453,230.630300000004 -3.24121682940543,43.1484940834112,230.619999999995 -3.24124784194399,43.1484365835099,230.761199999994 -3.24127214945725,43.1483773238125,231.271800000002 -3.24129209834476,43.1483287922678,231.516000000003 -3.24131196368894,43.1482821049759,231.676099999997 -3.24133635474556,43.1482407820886,231.689700000003 -3.24135622008974,43.1481994598288,231.271800000002 -3.24137834829014,43.1481581368857,231.799400000004 -3.24139167569568,43.1480970326214,232.232499999998 -3.24141154103989,43.1480467411026,232.824500000002 -3.24142268823424,43.1479946058978,231.898700000005 -3.24143593209648,43.1479551271174,232.291599999997 -3.24145361812781,43.14790843954,232.139800000004 -3.24147356701532,43.1478305717781,232.456999999995 -3.24148236781015,43.1477910928917,232.872099999993 -3.24150231669766,43.1477461662603,233.037500000006 -3.24152888706714,43.147710208153,233.326300000001 -3.24155763764781,43.1476599163158,234.428199999995 -3.24157758653532,43.147616749352,235.922300000006 -3.24160407336147,43.1475700621716,236.334000000003 -3.24162402224898,43.1475215312969,236.876000000004 -3.24163952806911,43.1474712399599,237.2598 -3.24165277193132,43.1474209485815,236.822100000005 -3.24165939341329,43.1473706571619,236.423200000005 -3.24166827864978,43.1473221254733,236.616500000004 -3.24168152161369,43.1472699903059,236.613700000002 -3.24169702833212,43.1472215430853,237.126799999998 -3.24171035573769,43.1471694071767,237.900200000004 -3.24171697721963,43.1471244807437,238.263399999996 -3.24171479790677,43.1470850014013,238.138200000001 -3.24172141938871,43.147016689154,238.409 -3.2417235987016,43.1469663980571,238.223899999997 -3.24171479790677,43.146923566175,238.678599999999 -3.24169258616304,43.1468732750015,239.818400000004 -3.24168152161369,43.1468355559388,239.351299999995 -3.24166383558237,43.1467995979512,238.301999999996 -3.24164698857754,43.1467570176315,236.938599999994 -3.24164397113649,43.1467099955327,236.437300000005 -3.24165201734649,43.1466619673344,236.178400000004 -3.24165277193132,43.1466055569781,236.571500000005 -3.24166098612628,43.1465720291408,237.179900000003 -3.24165503478754,43.1465120984544,237.133000000002 -3.2416572141004,43.1464798283126,237.201700000005 -3.24166383558237,43.1464240889366,237.388300000006 -3.24169040685015,43.1463576203001,237.299599999998 -3.24171479790677,43.1462896428148,237.3557 -3.24171915653252,43.1462483198914,237.548999999999 -3.24173466325095,43.1461944246587,237.919500000004 -3.24175234928228,43.1461387689164,238.2019 -3.24176567578952,43.1460902375606,238.231899999999 -3.24176785510237,43.1460399457015,238.472899999993 -3.24176341293329,43.1460003837307,238.567899999995 -3.24177011885689,43.1459482480915,238.751799999998 -3.24177229816978,43.1458998004787,238.682700000005 -3.24177891965172,43.1458423007587,239.546499999997 -3.24177447748264,43.1458009781884,239.555300000007 -3.24177447748264,43.145754290932,239.479500000001 -3.24177011885689,43.1457087768527,239.852299999999 -3.24175234928228,43.1456548811442,239.517800000001 -3.24174572690201,43.1455973811938,239.125700000004 -3.24174128473293,43.1455488500637,238.796600000001 -3.24172804176898,43.1455021632702,238.305099999998 -3.24171697721963,43.1454536320645,238.165699999998 -3.24171479790677,43.1454069445429,238.301399999997 -3.24171479790677,43.1453548090528,238.574699999997 -3.24171479790677,43.1453098819417,238.709000000003 -3.24170591267028,43.1452523823222,238.672000000006 -3.2417014705012,43.1452056953024,238.717199999999 -3.24170809198317,43.145162612467,238.998900000006 -3.24170364981409,43.1451302583729,239.305800000002 -3.2417014705012,43.1450817268719,240.030499999993 -3.24169702833212,43.1450314354939,240.516900000002 -3.24167716298794,43.1449792996837,240.982199999999 -3.2416780011161,43.1449420002411,241.638999999996 -3.2416680271215,43.1448919604352,242.062300000005 -3.24164397113649,43.1448373941516,241.781499999997 -3.24163952806911,43.1447914612215,242.170599999998 -3.24162184293609,43.1447358055127,243.056899999996 -3.24160189404858,43.1446854306096,243.427899999995 -3.24157758653532,43.1446387431568,242.951300000001 -3.24153995161649,43.1446027851878,242.722899999993 -3.24151338034871,43.144565066035,242.635999999999 -3.24148018849725,43.1445381602861,242.494600000005 -3.241435010425,43.1445010283667,242.373999999996 -3.24138279045922,43.1444627231883,242.318199999994 -3.24133635474556,43.1444267651158,242.258799999996 -3.24129402612936,43.1444020379888,242.187099999996 -3.24123895760583,43.1443639005411,242.049599999998 -3.24119998150226,43.1443420239004,241.896699999998 -3.24115270766044,43.1442919836033,241.903900000005 -3.24111943136736,43.1442542655696,241.956699999995 -3.24107961713567,43.1442165468572,241.699200000003 -3.24101767470355,43.1441824323995,241.611900000004 -3.24098892502121,43.1441644116629,241.4899 -3.24090259153253,43.1441033912358,242.167499999996 -3.24087384185015,43.1440691928181,242.180900000007 -3.24084509126948,43.1440297141243,242.420599999998 -3.24079857201249,43.1439811830604,242.384399999995 -3.2407539805401,43.1439619883629,242.420199999993 -3.24069681534871,43.1439200785534,242.493000000002 -3.24064811677883,43.1438859645858,242.806500000006 -3.24058391149052,43.1438572147686,243.249299999996 -3.24052196905842,43.143824860639,243.983300000007 -3.24047553334476,43.1437961107931,244.370999999999 -3.24042021329294,43.1437583917981,244.600099999996 -3.24037595689214,43.1437314863495,245.0147 -3.24033966315804,43.1437049151673,245.172399999996 -3.24027855885411,43.143665520791,245.438099999999 -3.2402364817662,43.1436313221284,245.501999999993 -3.2401390001848,43.1436039971368,246.370899999994 -3.24007898553732,43.1435800247542,246.577099999995 -3.24003288489524,43.1435486765925,246.248500000002 -3.23998644918158,43.1435217710516,246.218099999998 -3.23990103826268,43.1434960380986,247.133799999996 -3.23982928892261,43.1434876562062,248.431700000001 -3.23976734649052,43.1434750833655,249.036500000002 -3.23969878257646,43.1434516982157,249.194000000003 -3.23963901945722,43.1434408852518,249.793399999995 -3.23956903081513,43.1434139796635,249.804000000004 -3.23948764255207,43.1433977185859,249.573399999994 -3.23940793054536,43.1433779370765,249.919800000003 -3.23935043028232,43.1433689685391,250.7353 -3.23927298203009,43.1433491876758,250.775899999993 -3.23919553287957,43.1433276462632,251.377699999997 -3.23912688542218,43.1433150733896,251.529699999999 -3.2390627636772,43.1432971356397,251.146900000007 -3.23899897790213,43.1432859877125,252.993700000006 -3.23895212267522,43.1432522089826,251.229600000006 -3.23890124479248,43.1432180946422,250.396399999998 -3.23884810315522,43.1431821358376,249.6054 -3.23879051934888,43.1431515418989,249.058499999999 -3.2387485258043,43.143110219476,247.762400000007 -3.23870644871639,43.1430743451616,247.760899999994 -3.2386679756694,43.1430429967406,247.738100000002 -3.23863402923311,43.1430010030584,247.5766 -3.23860025078182,43.1429736784405,248.316900000005 -3.23856923734496,43.1429467719911,248.4853 -3.23854710914456,43.1429126581358,248.488299999997 -3.23852053877508,43.1428623662843,248.546000000002 -3.23848960888152,43.1428102312461,248.507899999997 -3.23845197486102,43.1427491268796,249.403099999996 -3.23842766734776,43.1427060442794,248.860199999996 -3.23840109607994,43.142673690196,249.241399999999 -3.23838776867441,43.1426323667947,249.152000000002 -3.23836790422852,43.1425928045851,249.400399999999 -3.23833471147877,43.1425658986236,250.271900000007 -3.23830151962735,43.1425317845557,250.981799999994 -3.23827712767243,43.1425047946684,251.271099999998 -3.23824217512303,43.1424663217521,251.652100000007 -3.23820454110253,43.1424286032474,251.947199999995 -3.23816254755795,43.1423800715681,251.422000000006 -3.2381447779833,43.1423513216982,251.083599999998 -3.23809901241284,43.1423239967899,251.481499999994 -3.23804302131949,43.1422722807888,252.3223 -3.23800538640069,43.1422399264759,252.393899999995 -3.2379655730673,43.142207572146,252.183799999999 -3.23792131576816,43.142178822195,251.688099999999 -3.23787999326511,43.1421449596094,251.320000000007 -3.23782618148465,43.1421087497861,251.528999999995 -3.23778192508385,43.1420800836882,251.433300000004 -3.23775309095988,43.1420369167168,251.272700000001 -3.23771771979557,43.1419902292077,251.263800000001 -3.23768452704582,43.1419489066554,251.115600000005 -3.23764907233818,43.1419021358347,251.373399999997 -3.23761152096268,43.1418494133343,251.748600000006 -3.237582687737,43.1418206638703,252.024999999994 -3.23752962964304,43.1417865493866,253.304499999998 -3.23748093107319,43.141750591051,254.526299999998 -3.23742778943593,43.1417128721048,255.107600000003 -3.23737029007122,43.1416697894297,253.978700000007 -3.23732159060304,43.1416338310254,252.920400000003 -3.23727071272029,43.1415942681696,252.947199999995 -3.23721983483755,43.1415619980537,253.590299999996 -3.23719100071355,43.1415332477991,253.8753 -3.2371436433284,43.1414881533561,254.604600000006 -3.23711707295892,43.1414504349034,255.058000000005 -3.2370993869276,43.1414072681431,255.658100000001 -3.23707725872723,43.1413624246531,256.433399999994 -3.23707063724526,43.1413066851994,256.470400000006 -3.23705068745942,43.1412527895428,256.821100000001 -3.2370396238084,43.1411880811318,257.146800000002 -3.23702855925905,43.1411270610113,256.828800000003 -3.23701531629511,43.1410821340705,257.298999999999 -3.2370020724329,43.1410336026332,258.055399999997 -3.23698874592566,43.1410084572508,258.755699999994 -3.23697323920719,43.1409797073913,259.532600000006 -3.23693786714458,43.140949196907,260.772800000006 -3.23691573894418,43.1409204470197,261.109800000006 -3.23688698926184,43.1408898532601,260.820900000006 -3.23686486106144,43.1408719161096,260.468800000002 -3.23676402696745,43.1408460162052,260.648799999995 -3.2366878354583,43.140843166186,260.656900000002 -3.23663469382103,43.1408467700052,260.792400000006 -3.23659043742023,43.1408574988711,261.362699999998 -3.23653285361389,43.1408827288723,263.023799999995 -3.23646211038697,43.1409078743065,263.680600000007 -3.23641559112998,43.1409275720586,264.008600000001 -3.236351469385,43.140949196907,263.695699999997 -3.23627837975852,43.1409779467808,263.912400000001 -3.23621425801354,43.1410066972965,264.548500000004 -3.23614787341237,43.1410192699893,263.255900000004 -3.23607101086172,43.1410336026332,263.467099999994 -3.236013511497,43.1410444153674,264.527100000007 -3.23594704245421,43.1410587486608,266.116800000003 -3.2358652355762,43.1410425715132,265.633400000006 -3.23581209393894,43.1410372070967,266.000599999999 -3.23572576045026,43.1409940400445,264.918999999994 -3.23567270325462,43.1409653740794,265.753599999996 -3.23561956161736,43.140941988625,267.114300000001 -3.23558192669853,43.140902425977,266.3747 -3.23554873484711,43.140861103345,265.614300000001 -3.23552660664671,43.1408305934569,265.946299999996 -3.23549701793788,43.1407880129124,266.320999999996 -3.23547128569656,43.140746103549,266.7117 -3.23543809384514,43.1407083852941,267.304300000003 -3.23541596564474,43.1406130830644,267.228099999993 -3.23541152257736,43.1405699157127,267.076199999996 -3.23540272178249,43.1405178645877,266.942299999995 -3.23539165813148,43.1404657288611,266.951300000001 -3.2353783307259,43.1404028648016,267.479200000002 -3.23537170924397,43.1403579379842,266.753299999997 -3.23536726617655,43.14030043764,266.418399999995 -3.23535402321264,43.1402591152566,266.722200000004 -3.23534740173067,43.1402124277008,266.961299999995 -3.23533189501224,43.1401800736088,267.461800000005 -3.2353031453299,43.1401297821315,268.361999999994 -3.23527875337498,43.1400848551133,269.239700000006 -3.2352588880308,43.1400525009538,269.436600000001 -3.23524111845615,43.1400237513003,269.428 -3.23522569617935,43.1399968455192,269.536099999998 -3.23520356797895,43.139953678388,269.754499999995 -3.23517473385498,43.13990338738,269.734899999996 -3.23514824702883,43.1398512517849,268.858500000002 -3.23503358247269,43.1397805920116,268.390799999994 -3.23498044173376,43.1397410292676,268.567599999995 -3.23494280681493,43.1397105194761,268.858600000007 -3.23490743565061,43.1396800090139,268.958100000003 -3.23484549321852,43.1396368423145,269.245500000005 -3.23478128793021,43.1395955194825,269.012100000007 -3.23471934549812,43.1395919155896,269.657999999996 -3.23465296089691,43.1395757387093,270.448699999994 -3.23459319777771,43.1395667696142,271.535600000003 -3.23454299003814,43.1395690330277,273.259099999996 -3.2344760188371,43.1395510115867,273.493700000006 -3.23441399286168,43.1395449771264,274.105100000001 -3.23434978757336,43.1395380197324,274.844400000002 -3.23427502079228,43.1395410376185,275.624599999996 -3.23420779806295,43.1395308951871,276.398499999996 -3.23414803494371,43.1395236867379,277.329299999998 -3.23408299152724,43.1395049953701,277.880699999994 -3.23400864336107,43.1394769999315,278.792000000001 -3.23395550262214,43.1394266246282,278.740300000005 -3.23393563727793,43.1393853016542,279.085900000005 -3.23389800235909,43.1393404586478,279.553499999995 -3.23386036833859,43.1392955317051,280.3076 -3.23383379707081,43.1392487601656,280.676300000006 -3.23380731024466,43.1392092816364,281.516900000002 -3.23376741246961,43.1391751670066,282.019499999995 -3.23373648347438,43.1391401307297,282.938200000004 -3.23370697920721,43.1391080284366,283.294500000004 -3.23366599177574,43.1390600001653,284.376600000003 -3.23362802178529,43.1390170008357,285.074900000007 -3.23358996735322,43.1389770193897,285.779500000004 -3.2335660793532,43.1389558127072,286.234700000001 -3.2335660793532,43.1389342717131,286.313299999994 -3.2335660793532,43.1389019169448,286.433799999999 -3.23356825866606,43.1388731674058,286.057700000005 -3.23357052152228,43.1388461778699,285.332899999994 -3.23357052152228,43.1388210315878,284.751999999993 -3.23357052152228,43.1387922820109,284.166299999997 -3.23357932231711,43.1387671363621,283.739499999996 -3.23358158607163,43.1387347821608,283.637400000007 -3.23358376538453,43.1387186050537,283.646599999993 -3.23358376538453,43.1386989072455,283.681200000006 -3.23358376538453,43.1386683136853,283.705700000006 -3.23358602824071,43.1386320198653,283.298999999999 -3.23359902057467,43.1385809739423,281.892399999997 -3.23360589358489,43.1385228039694,280.425700000007 -3.23360589358489,43.1384868456808,279.159199999995 -3.23363020109819,43.1384383980545,277.798200000005 -3.23364570781662,43.1383843346823,277.425399999993 -3.23366565670413,43.1383358037257,276.404999999999 -3.23368778490453,43.1382855120424,275.176399999997 -3.23370547003752,43.1382333763788,274.508000000002 -3.23372986199244,43.1381920539093,273.950500000006 -3.23374528426924,43.1381525753534,273.573499999999 -3.23376799906951,43.1381089893618,273.277300000002 -3.23376305384386,43.1380752942987,273.739400000006 -3.23376523315675,43.1380465443711,274.115900000004 -3.23376523315675,43.1380105858024,274.306800000006 -3.23377411839321,43.1379908884215,274.2212 -3.23378291918804,43.1379459611428,273.696100000001 -3.23380060521936,43.1379244197929,273.422300000006 -3.23382499627595,43.1379027945302,273.246799999994 -3.23385592527118,43.137868679827,273.884699999995 -3.23390596502577,43.1378459650863,275.013699999996 -3.2339570108935,43.1378199813058,275.686100000006 -3.23402632939239,43.1378058157194,276.5334 -3.23409715706097,43.1377824303676,277.409400000004 -3.23416203249245,43.1377560270329,278.850699999995 -3.23422799847871,43.1377550214785,279.341199999995 -3.2342959757929,43.1377400181333,280.314700000003 -3.23436403665039,43.137732977284,281.073000000004 -3.23443352223594,43.1377052327506,281.962899999999 -3.23447115715477,43.1376854513659,282.492400000003 -3.2344866638732,43.1376490743679,283.2595 -3.23448884318609,43.1376185641881,283.835300000006 -3.23448440101701,43.1375987827753,284.4035 -3.23447400661087,43.1375729667012,285.201100000006 -3.23444701762647,43.1375289614232,286.441399999996 -3.23440804152291,43.1374830289017,287.744099999996 -3.23437157980385,43.1374429632023,288.799700000003 -3.23434945160345,43.1374070049342,289.736300000004 -3.23431408043914,43.1373692865859,291.0242 -3.23428499478688,43.137339027329,291.839099999997 -3.2342543173199,43.1372956092252,292.640199999994 -3.23422112546848,43.1372542867776,293.145499999999 -3.23418122679513,43.1372112035829,293.710800000001 -3.23416136234925,43.1371788492138,294.447799999994 -3.23414585563082,43.1371034122126,296.434500000003 -3.23414803494371,43.1370818705658,297.069600000003 -3.23417904748228,43.137071058442,297.787700000001 -3.23426093880188,43.1370853913559,299.1443 -3.23434283012148,43.1370998081727,300.5726 -3.23442472144111,43.1371213498131,301.306200000006 -3.23452647810493,43.1371339226494,302.078200000004 -3.23461281159361,43.1371106209471,302.883100000006 -3.23462999456835,43.1370630112944,303.859400000001 -3.23466151016349,43.1370225270986,304.678799999994 -3.23467701688192,43.1369812877173,305.624400000001 -3.23465488868152,43.1369363610078,306.789699999994 -3.23462169593177,43.1368950383173,307.979699999996 -3.23458850408035,43.13684474676,309.404599999994 -3.23457081804903,43.136807028065,310.5049 -3.23454642699244,43.1367657052871,311.436000000002 -3.23453100381734,43.1367351114152,312.405400000003 -3.23452874096111,43.1366758515182,313.905899999998 -3.23452874096111,43.1366398927991,314.753700000001 -3.23454868984862,43.136591445676,315.438500000004 -3.23457961884386,43.1365374658889,316.996700000003 -3.23459956773137,43.1364961435845,317.457800000004 -3.23461951661891,43.1364458516991,318.526100000003 -3.23465044651244,43.1363955604279,319.338799999998 -3.23467039539995,43.1363488731997,319.917000000001 -3.2347035872514,43.1363129149438,320.7742 -3.23472789476466,43.1362734364856,320.876099999994 -3.23475672888866,43.1362266652566,321.358399999997 -3.23478321571481,43.1361889468358,321.641000000003 -3.23481196539715,43.136134967349,322.459799999997 -3.23485898771072,43.1361059660969,322.940100000007 -3.23490274105495,43.1360598653465,323.270999999993 -3.23493811311756,43.1360167826214,323.709400000007 -3.23498681168744,43.1359664909973,324.194799999997 -3.23502226729338,43.1359305325165,324.734800000006 -3.23506426083796,43.1358838455888,325.323699999994 -3.23511078009495,43.1358586993994,326.393400000001 -3.2351594786648,43.1358208974991,327.374400000001 -3.23521597281473,43.1357899681774,328.349300000002 -3.23525461384668,43.1357490642533,329.067200000005 -3.23531303578118,43.1357140279799,330.248900000006 -3.23535796232515,43.1356779860978,330.839600000007 -3.23539844670007,43.1356520859599,331.799700000003 -3.23544865443961,43.1356083323358,332.505000000005 -3.235498024051,43.1355720386661,333.379400000005 -3.23553716724119,43.135548988094,333.820399999997 -3.23560497746872,43.1355250158306,335.137000000002 -3.23566767358734,43.135502300875,336.0671 -3.23571637305552,43.1354681867991,337.017200000002 -3.23577697430291,43.135441029254,338.167499999996 -3.23583103761166,43.1354159674469,338.977899999998 -3.23588401036564,43.135384032327,340.047500000001 -3.23593547574658,43.1353567914914,341.271900000007 -3.23597973214738,43.135320832652,342.046199999997 -3.23602843071723,43.1352903226215,343.247099999993 -3.23608375166738,43.1352687816472,344.4323 -3.23613462955013,43.1352400317111,345.290399999998 -3.23617888595093,43.1352202501844,346.344299999997 -3.23623646975727,43.1351878960731,347.620800000004 -3.2362895269529,43.1351573859763,348.604200000002 -3.23633822642108,43.1351286359879,349.448699999994 -3.23639698342717,43.1351019817466,350.435200000007 -3.23644903450969,43.1350729800047,351.3796 -3.23650301427511,43.1350390335076,352.973100000003 -3.23656001148157,43.1350159833901,353.857000000004 -3.23660996769283,43.1349780131503,354.788 -3.23667559770917,43.1349469162392,355.880300000004 -3.2367099636587,43.1349201780094,356.283899999995 -3.23677198963412,43.1348806993076,357.002200000003 -3.23680962455295,43.1348573134928,357.598199999993 -3.23684792961498,43.1348264682487,358.157699999996 -3.23688338522092,43.1347797811336,358.972699999998 -3.23691213490326,43.1347402184316,359.515499999994 -3.23695857061692,43.1347097081115,360.032600000006 -3.23699620553575,43.1346773543855,360.328399999999 -3.23702495521813,43.1346503643087,360.335300000006 -3.23707499497271,43.1346190161573,360.810599999997 -3.23711296586146,43.134577022589,361.422500000001 -3.23715110293853,43.1345515421896,361.842199999999 -3.23719980150838,43.1345066989159,361.935800000007 -3.2372396157401,43.134474344427,362.378100000002 -3.23727901135688,43.1344350332575,363.024900000004 -3.23732100400316,43.1343959737928,363.538499999995 -3.23737682800986,43.1343621108301,364.419299999994 -3.23742334726685,43.1343207883667,365.345499999996 -3.23746601095463,43.1342750225669,365.990900000004 -3.23751403938128,43.1342399028497,366.872600000002 -3.23754723213103,43.134200340454,367.239499999996 -3.23759148853184,43.1341626214389,368.198600000003 -3.23764261794286,43.1341078875916,369.034199999995 -3.2376713676252,43.1340791377653,369.690000000002 -3.23772224640628,43.1340503879255,370.551300000006 -3.23777538714521,43.1340198779167,371.000599999999 -3.23781964354601,43.1339946483614,371.842000000004 -3.23787722735235,43.1339605341,372.768700000001 -3.23793472761536,43.1339300240465,373.564199999993 -3.23798099534407,43.1338990105133,374.449800000002 -3.23801661803667,43.1338671591675,375.172999999995 -3.23806975967393,43.1338258370253,376.037800000006 -3.23811837470048,43.1337845141995,377.232199999999 -3.23816707327036,43.1337449515092,378.186300000001 -3.23820688750205,43.1337036286288,379.111699999994 -3.23826220845221,43.1336767226889,380.1351 -3.23832859305338,43.1336389200952,380.960099999997 -3.23838617685972,43.1336192226173,382.011899999998 -3.23844803485018,43.1335929872739,383.074600000007 -3.23851098339539,43.1335820073664,383.646699999998 -3.23857602681186,43.1335670036529,383.986799999999 -3.23865397812066,43.1335619742254,384.503100000002 -3.23871935750701,43.133552921648,384.459900000002 -3.23879797985731,43.1335400137416,384.601500000004 -3.23886763342782,43.1335439529805,384.820699999997 -3.23893183871613,43.1335349849674,384.619300000006 -3.23900199534318,43.1335150357221,384.337899999999 -3.23905698032342,43.1334899737812,384.366200000004 -3.23908899897509,43.133446974468,384.212700000004 -3.2391439839553,43.1334179732523,383.948399999994 -3.23919083918221,43.1333656702046,383.814599999998 -3.23922797104446,43.1333339864042,384.0052 -3.23923509558301,43.1333064103203,384.120500000005 -3.23926200192237,43.1332660095157,383.868700000006 -3.23930298935387,43.1332309731307,384.005600000004 -3.23934355727209,43.1331878064675,384.227700000003 -3.23938119219092,43.1331428789377,384.608200000002 -3.2394231857355,43.1330908273902,384.677299999996 -3.23945419827407,43.1330512649067,384.702399999995 -3.23950532858339,43.1329965313758,384.664699999994 -3.23953625757862,43.132951604361,384.856199999995 -3.23958495614851,43.1329102816001,384.6636 -3.2396247703802,43.1328689588113,384.574200000003 -3.23966684746811,43.1328186672207,384.289499999999 -3.23970448238694,43.1327827088556,384.169399999999 -3.2397354949255,43.1327503547658,383.868000000002 -3.23976868767525,43.1327162404658,383.820800000001 -3.2397951745014,43.1326785218465,383.703399999999 -3.23982836635282,43.132644323594,383.393100000001 -3.23987932867719,43.1326066049303,383.263900000005 -3.23992132222181,43.1325599180872,382.993000000002 -3.23997002079166,43.1325185950617,382.815100000007 -3.24001427719246,43.1324755118083,382.477700000003 -3.24006540660349,43.1324351111104,382.194499999998 -3.24010966390259,43.1323937886561,381.731499999994 -3.24014729792309,43.1323578300412,381.375799999994 -3.24017604850376,43.1323218720607,380.969899999996 -3.24022030490456,43.1322877575218,380.648100000006 -3.24026104080774,43.1322600131401,380.462799999994 -3.24029699857193,43.1322180199187,379.8217 -3.24034100434274,43.1321760266684,379.562900000004 -3.24038852971285,43.1321386433686,379.505799999999 -3.24043898808238,43.1321030202565,379.414300000004 -3.24047897029902,43.1320590156312,379.371799999994 -3.24051702383277,43.1320119927167,379.217099999994 -3.24055700604945,43.1319659760712,378.614199999996 -3.24057997237801,43.1319239826479,378.304499999998 -3.24059799348091,43.1318769602852,377.842099999994 -3.24063001213259,43.1318290161481,377.696899999995 -3.24065197234804,43.1317870226307,377.417199999996 -3.24067804055924,43.1317440234313,377.566699999996 -3.24070603565679,43.1316990128937,377.139200000005 -3.2407292535136,43.1316603719063,376.997000000003 -3.24076244626335,43.1316136849964,376.872199999998 -3.24078457446375,43.1315633936847,376.483099999998 -3.240793040187,43.131510000791,376.282399999996 -3.24080896552034,43.1314735394832,376.2883 -3.24082799273636,43.1314179673656,376.081900000005 -3.24084098417202,43.1313739622474,375.828299999994 -3.24086202271598,43.1313309634132,376.193299999999 -3.24089085683994,43.1312722896132,375.7451 -3.24091516435324,43.1312219986764,375.929600000003 -3.24093729255364,43.1311734672801,376.138000000006 -3.24096956273357,43.1311216671113,375.962 -3.2409849859087,43.1310879721315,376.115399999995 -3.2410071976524,43.1310263650181,376.409899999999 -3.24102270437083,43.1309850422675,376.418699999995 -3.24104399444307,43.1309400311714,376.505999999994 -3.24107358225357,43.1308934276265,376.927100000001 -3.24108682611581,43.1308575533556,376.423599999995 -3.2411112171724,43.1308036576669,376.524699999994 -3.24113996685478,43.1307479177661,376.305200000003 -3.24117315960453,43.1306916756348,376.121100000004 -3.24120190928687,43.1306503526581,375.9755 -3.24122630034346,43.1306071861402,375.616699999999 -3.24125060785672,43.1305515299756,375.340500000006 -3.24128824277555,43.1304814573535,375.218099999998 -3.24131255028884,43.1304347701993,374.654200000004 -3.24134129997118,43.1303916035292,374.095400000006 -3.24136342817159,43.1303521245264,374.323499999999 -3.24138555637199,43.130308957798,373.722399999999 -3.24140994832687,43.1302622705121,373.366500000004 -3.24142101197793,43.1302352811091,373.667100000006 -3.24146971144611,43.1301849893197,372.520499999999 -3.24151170409239,43.1301383019391,372.188299999994 -3.24156040356057,43.1300916151785,372.1976 -3.2415914160991,43.130050292452,371.645199999999 -3.24163340964371,43.1300071255107,371.665200000003 -3.24166886524965,43.1299604379944,371.149300000005 -3.24171085879423,43.1299101466345,370.265599999999 -3.24173080768174,43.1298724282513,370.515199999994 -3.24178755246163,43.1298039479508,369.973800000007 -3.24182074521138,43.129757260935,369.247900000002 -3.24185167420661,43.1297104899671,369.322199999995 -3.24187380240698,43.1296655631607,368.425499999998 -3.24190037367479,43.1296135112762,367.718099999998 -3.2419203225623,43.12957394851,367.833199999994 -3.24195351441372,43.1295362299196,367.019499999995 -3.24197120044504,43.1294985113058,367.079500000007 -3.2419955079583,43.1294625529555,366.514299999995 -3.24201763615871,43.1294122618418,366.018400000001 -3.24205082801013,43.1293673348164,365.619900000005 -3.2420862836161,43.1293098346269,365.196500000005 -3.24211059112936,43.1292613875972,364.580300000001 -3.24213498308428,43.1292200649653,363.992199999993 -3.24217253356145,43.1291608049977,363.388600000006 -3.24219692461807,43.1291177220014,362.952900000004 -3.24222793805493,43.1290512529065,362.507400000002 -3.24225006625533,43.1290152949488,361.987399999998 -3.24226993159951,43.1289703676318,361.954599999997 -3.24230094413808,43.1289254409374,360.941999999995 -3.24232080948226,43.1288805135544,360.911600000007 -3.24234520053885,43.1288481593671,360.786699999997 -3.24237395111952,43.1287978684039,359.411800000002 -3.24240270080189,43.1287475767437,359.349199999997 -3.24242482900226,43.1286972856978,358.780499999993 -3.24244796331578,43.1286500117229,358.210800000001 -3.24246690609017,43.128602067023,358.539000000004 -3.24248677143438,43.1285571400581,357.864600000001 -3.24251032436281,43.1285076028077,357.430600000007 -3.24254569552713,43.1284375304663,357.240399999995 -3.24256782462583,43.1283889988273,356.938399999999 -3.24258995282623,43.1283423120427,356.436799999996 -3.24261208102663,43.1282920206636,356.328500000003 -3.24262985060125,43.128238124681,355.7114 -3.24265197880165,43.1281878332163,355.328899999993 -3.24268290779688,43.128132093554,355.195600000006 -3.24270729885347,43.1280745935145,354.802299999996 -3.24273160636673,43.1280243025709,354.917600000001 -3.24275599832165,43.1279848233513,354.923299999995 -3.24278692731688,43.1279345323339,354.857000000004 -3.24280025472245,43.1278967301247,354.705799999996 -3.2428201191683,43.1278536468937,354.9323 -3.24284669043612,43.1278176882319,355.045499999993 -3.24285775408713,43.1277727613465,354.804499999998 -3.24288876752403,43.1277279183473,355.281700000007 -3.24291089572439,43.1276739386041,354.819799999997 -3.24293076017028,43.1276308558718,354.700100000002 -3.24295288926901,43.127589532794,354.959199999998 -3.24296839508911,43.1275356375037,354.323000000004 -3.24298834397662,43.127492554674,353.770300000004 -3.24301265148991,43.1274386586426,353.659400000004 -3.24303033752123,43.1273918878686,352.961200000005 -3.2430524657216,43.127339836016,352.683799999999 -3.24308347915849,43.1272913048174,352.221000000005 -3.24311449169702,43.127239169615,351.923599999995 -3.24314324227769,43.1271924826084,351.286900000006 -3.24316537047809,43.1271457949105,350.920199999993 -3.24318967799135,43.1270990239126,350.664099999995 -3.24322949132475,43.1270595454071,349.825500000006 -3.2432693890998,43.1270128582634,349.435800000007 -3.24331808856798,43.1269556095882,348.913700000005 -3.24335563904515,43.1269106827252,348.116999999998 -3.24339109465112,43.1268657558293,347.537400000001 -3.24343535105189,43.1268262771732,347.138800000001 -3.24347516528362,43.1267831099233,346.7503 -3.24350835713504,43.1267400272192,346.429099999994 -3.24354817136676,43.1266933398317,346.031799999997 -3.24359469152205,43.1266394444074,345.425700000007 -3.24363668416833,43.1265998816845,345.220199999996 -3.2436809405691,43.1265567988514,345.306100000002 -3.24372519696991,43.1265118716955,344.679900000003 -3.24376970489896,43.1264714709921,344.513300000006 -3.24380289764871,43.1264373564681,344.540299999993 -3.24383391108557,43.1263924298801,344.236799999999 -3.24387590373186,43.1263528669975,344.3505 -3.24391580150688,43.1263133886661,343.966 -3.24395796303642,43.1262790222903,344.187300000005 -3.24398595813393,43.1262320001772,343.648799999995 -3.24403096911956,43.1261910124953,343.473899999997 -3.24407002876645,43.126146001805,343.441099999996 -3.24412157769069,43.1260941180465,342.776400000002 -3.24414814806017,43.1260582429275,342.270099999994 -3.24418502839418,43.1260230391599,342.0524 -3.24421009049227,43.1259828059768,341.173200000005 -3.24423800204648,43.1259370411496,340.847899999993 -3.2442140296048,43.1258930360219,340.0674 -3.24419399717396,43.1258150005689,339.516199999998 -3.2441658340915,43.1257549020171,339.000599999999 -3.24414370589109,43.1257046104775,337.786399999997 -3.24412601985977,43.1256686525194,336.960300000006 -3.24413926372201,43.1256111527867,335.985000000001 -3.24416139192242,43.1255464442145,335.0435 -3.24423221869267,43.1255195386198,334.509900000005 -3.24430078260673,43.125487183966,333.8128 -3.24437823175725,43.1254548299507,332.952300000004 -3.24443581556359,43.1254224759183,332.397200000007 -3.24449775709739,43.1254045388201,332.0962 -3.24455969952951,43.125377548585,332.106199999995 -3.24462583260239,43.125345614124,331.797200000001 -3.24466346752123,43.1253168641126,331.273799999995 -3.24471878847138,43.1252827496004,331.060700000002 -3.2447741085232,43.1252539995595,330.617599999998 -3.24483605095529,43.1252162809276,330.232799999998 -3.24488919259255,43.1251875308555,329.948699999994 -3.24494007047529,43.1251587814254,330.014299999995 -3.24499983359453,43.1251174586446,329.588000000003 -3.24505071147727,43.1250868641907,329.654399999999 -3.24509941004715,43.1250563543,329.530400000003 -3.24515917316635,43.1250222402981,329.156600000002 -3.2452144941165,43.1249862819388,328.8851 -3.24526310914306,43.1249611358583,328.942800000004 -3.24531180771291,43.1249251774631,328.732199999999 -3.24537819231411,43.1248856988659,328.638099999996 -3.24544021828953,43.1248479800071,328.350999999995 -3.24551356034259,43.1248118543546,328.070200000002 -3.24554448933782,43.1247920727332,328.267099999997 -3.24559687639022,43.1247553602404,328.115399999995 -3.24566200335002,43.1247250173753,327.728600000002 -3.24571497700233,43.1246909871121,327.305900000007 -3.24576501765524,43.1246540227883,326.920800000007 -3.24581396775338,43.1246240155668,326.7791 -3.24586903717524,43.1245864650493,326.463699999993 -3.24591999860131,43.1245599779945,325.895000000004 -3.24598043186371,43.1245153863779,325.190100000007 -3.24604296089571,43.1244950185064,325.284700000004 -3.24610884333864,43.1244597305711,324.531499999997 -3.2461552790523,43.1244327405748,324.331200000001 -3.24621948434061,43.1244130434102,324.036300000007 -3.24627924745984,43.1243842936162,324.087499999994 -3.24634563206102,43.1243591479438,323.797999999995 -3.24640539518025,43.1243303974688,323.762400000007 -3.24645845237585,43.1243070122093,323.340100000001 -3.24650497163284,43.1242800221455,322.858500000002 -3.24656691406496,43.1242567207908,322.895000000004 -3.24661334977863,43.1242135536946,322.327999999994 -3.24667093358497,43.1241740752939,321.670700000002 -3.2467085685038,43.1241363566519,321.306400000001 -3.24675718353035,43.1240967942771,320.852400000003 -3.24679926061823,43.1240590755875,320.611699999994 -3.24685240135719,43.1240249610295,320.266399999993 -3.2468877734198,43.1239926068965,320.167199999996 -3.24693202982061,43.1239584929571,319.8364 -3.2469785490776,43.1239189298116,319.610000000001 -3.2470161004531,43.1238829714595,319.203399999999 -3.24711433572099,43.1238481027939,318.735000000001 -3.24716085587631,43.123817592941,318.222899999993 -3.2472227983084,43.1237852386983,318.126199999999 -3.24727367619115,43.1237528844385,317.817500000005 -3.24733125999749,43.1237241343343,317.5049 -3.24737987502404,43.1236989890462,317.534299999999 -3.24743745883038,43.1236702389166,317.415699999998 -3.24749059956931,43.1236450936065,317.206699999995 -3.24755254200144,43.1236145829967,317.352700000003 -3.24759017692027,43.1235894376636,316.974100000007 -3.24763661263393,43.1235552395745,316.946400000001 -3.24768531120378,43.123522969118,317.107999999993 -3.24775169580498,43.1234834063466,317.106400000004 -3.24780483744224,43.1234438435496,317.054499999998 -3.24784683098682,43.123406125113,316.672600000005 -3.24789770886957,43.1233809796943,316.501399999994 -3.24795302892139,43.1233378965611,315.987500000003 -3.24801941442089,43.1232947294723,315.727899999998 -3.24805042695945,43.1232642193434,315.444199999998 -3.2480769973289,43.1232228965942,314.8995 -3.24810935195049,43.1231724377449,314.824200000003 -3.24814036448905,43.1231256669873,314.736099999995 -3.24816249268946,43.1230897920945,314.433600000004 -3.24819568543921,43.123039417061,314.394 -3.24824430046576,43.1230035421176,314.1535 -3.24829970495921,43.1229550114128,314.339999999997 -3.2483616473913,43.1229154489297,314.236499999999 -3.24840364003758,43.1228706056481,313.735400000005 -3.24845678167485,43.1228112615042,313.4375 -3.24849659590657,43.1227663348759,313.325500000006 -3.24852316627602,43.1227411885385,313.458499999993 -3.24853867299445,43.1227160428465,313.505399999995 -3.2485718648459,43.1226783246169,313.282099999997 -3.24858075008236,43.1226549393815,313.186799999996 -3.24860002882667,43.1226069945724,312.978099999993 -3.24862274362694,43.1225662582076,312.469299999997 -3.248616122145,43.1225033941062,311.560200000007 -3.24862274362694,43.1224531025163,310.834199999998 -3.24862718579602,43.1224117798749,310.383700000006 -3.2486980125663,43.1223660149989,309.581999999995 -3.24873883291111,43.1223247762253,308.998200000002 -3.24878753148099,43.122279848584,308.375100000005 -3.24883849380536,43.1222313179608,307.932100000005 -3.24888492951902,43.1221810261472,307.502900000007 -3.24892918591983,43.1221630887543,307.265799999994 -3.24898232665879,43.1221271306815,307.1109 -3.24902214089048,43.1221019847371,306.968999999997 -3.24903764760891,43.1220444849305,306.533299999996 -3.24907084035866,43.1220210994528,305.975000000006 -3.24909296855906,43.121973993418,306.939700000003 -3.24912096365657,43.1219289822477,307.085000000006 -3.24914602575469,43.1218881628156,307.246899999998 -3.2491659746422,43.1218361108696,307.0867 -3.24918810284261,43.1217947884671,307.117499999993 -3.24920805173012,43.1217462568034,307.210300000006 -3.24925448744378,43.1216995695387,307.152000000002 -3.24930536532652,43.121658247044,306.949699999997 -3.24935188548181,43.1216186843781,306.885399999999 -3.24940494267744,43.1216384657143,306.642800000001 -3.24946696865286,43.1216546427497,306.595600000001 -3.2495200258485,43.1216672154873,306.486300000004 -3.24958699794787,43.121680961896,306.576400000005 -3.24964399425601,43.1216941214649,306.594700000001 -3.24972362271942,43.1217085386316,306.396099999998 -3.24979000732063,43.121715746558,306.251199999999 -3.24985865477799,43.1217211113581,306.133600000001 -3.24994272541051,43.1217264755021,306.062600000005 -3.25002905889919,43.1217211113581,306.0429 -3.25008211699312,43.1217264755021,305.978099999993 -3.25013969990117,43.1217211113581,305.925300000003 -3.2502229324055,43.1217154954313,305.851999999999 -3.25028713769378,43.1217118911404,305.954500000007 -3.25033139409458,43.1217101306307,305.780499999993 -3.25038671504474,43.1217029227037,305.627999999997 -3.25045083678972,43.1216813808778,305.619900000005 -3.25051286276514,43.1216634439941,305.519199999995 -3.25055602950946,43.1216630243565,305.396900000007 -3.25059466964311,43.121643662666,305.2552 -3.25067882381894,43.1216166727386,304.9084 -3.25074294556392,43.1216023394779,304.731299999999 -3.25081159391961,43.121584402571,304.530299999999 -3.25086691397143,43.1215663810755,304.599799999996 -3.2509332985726,43.1215502040167,304.617499999993 -3.25099742031759,43.1215358713961,304.186199999996 -3.25105500412393,43.1215107252087,304.313800000004 -3.25112901632019,43.1214999968824,303.981499999994 -3.25118098385937,43.1214760243579,303.891199999998 -3.25121878676316,43.1214694025864,303.798599999995 -3.25124703338896,43.1214559918414,303.786699999997 -3.25131400459,43.121450040179,303.748200000002 -3.25137997057626,43.1214470227115,303.683999999994 -3.25144995921839,43.1214429994213,303.520499999999 -3.25151600874797,43.1214509627294,303.275299999994 -3.25157501728235,43.1214709952474,302.867800000007 -3.25163603804295,43.1214780360019,302.926000000007 -3.25171197802381,43.1214760243579,302.835800000001 -3.2517819666659,43.1214799637182,302.440400000007 -3.25185497274905,43.1214730068916,302.687399999995 -3.25191582552473,43.121470240553,302.714900000006 -3.25199218501883,43.1214729229638,302.529299999995 -3.25205530065067,43.1214729229638,302.596799999999 -3.25212168525187,43.1214782877853,302.595100000006 -3.25218806985304,43.1214837358783,302.178400000004 -3.25224112704868,43.1214864176329,302.129400000005 -3.2522810248237,43.1214756053746,302.205199999997 -3.25235730077448,43.1214621107032,302.297200000001 -3.25243365937025,43.1214513817128,302.162500000006 -3.25251999285893,43.121437887036,301.685299999997 -3.25259962132238,43.121437887036,301.428199999995 -3.25268595481106,43.1214190275301,301.121799999994 -3.25275233941223,43.1214109809457,300.913700000005 -3.25280875001883,43.1214028504323,300.754700000005 -3.25285526927582,43.1213948038458,300.479200000002 -3.2529316287699,43.1213731786392,300.411399999997 -3.25300128234041,43.1213731786392,300.112800000003 -3.25306104456131,43.1213678138086,299.941099999996 -3.25312743006081,43.1213489549368,299.809399999998 -3.25317721828711,43.1213462725205,299.736600000004 -3.25325693029385,43.1213381419985,299.464099999997 -3.25330998748948,43.1213247312248,299.7353 -3.25336975060871,43.1213166007,299.667700000005 -3.25348265446688,43.1212977411567,299.138500000001 -3.25354903906805,43.121284246446,299.159700000004 -3.25358885329977,43.1212735174244,299.3747 -3.25365523790094,43.1212492104101,298.952499999999 -3.25371500102018,43.1212384813823,298.834799999997 -3.25377803310871,43.1211953147792,298.958100000003 -3.25383117384764,43.1211872675097,298.902300000002 -3.25390082741815,43.1211737727747,298.709499999997 -3.25397056543029,43.1211549138431,298.388000000006 -3.25404030254409,43.1211387366755,298.726299999995 -3.25413652738238,43.1211171953067,298.383600000001 -3.25420291198359,43.1210983357019,298.818599999999 -3.25426929658476,43.1210983357019,298.582899999994 -3.25433568118593,43.1210983357019,298.395799999998 -3.2544087708124,43.1210929715029,298.353799999997 -3.254465181419,43.1210875233751,298.3321 -3.25453818750211,43.1210821585194,298.156799999997 -3.25461102649863,43.1210840029755,298.213900000002 -3.25469702491572,43.1210829971469,298.051399999997 -3.25476097867575,43.1210840029755,298.193400000004 -3.25483297954407,43.1210919656745,297.992100000003 -3.25487681643163,43.1210848409473,298.012600000002 -3.25495644489505,43.1210794767471,298.011299999998 -3.25501285460331,43.1210741118907,298.256299999994 -3.25508259261545,43.1210821585194,298.142900000006 -3.25518216906807,43.1210875233751,298.092499999999 -3.25523857967464,43.1210741118907,298.197799999994 -3.25529498938291,43.1210632995595,298.188399999999 -3.25536472739504,43.1210363100318,298.523300000001 -3.25542113710331,43.1210309451716,298.448999999993 -3.25547092622794,43.1210228985362,298.440199999997 -3.25554401585438,43.1209959089907,298.796199999997 -3.25560369543028,43.1209878623506,298.918300000005 -3.25568005402606,43.1209608727896,298.911399999997 -3.25575314455086,43.1209339664895,299.075500000006 -3.2558161766394,43.1209258365685,299.038799999995 -3.25587920872794,43.1208962484726,299.142300000007 -3.25597342133999,43.1208638939964,299.389599999995 -3.25602320956629,43.1208342219419,299.344400000002 -3.25608632519816,43.1208018680886,299.622499999998 -3.25616595366157,43.1207856908276,299.602599999998 -3.25623569077541,43.120756102664,299.731499999994 -3.25631867175145,43.1207372436037,300.013500000001 -3.25637843487065,43.1207237487694,299.940300000002 -3.25645806243577,43.1206967590919,299.798999999999 -3.25650785156039,43.1206778993575,299.705499999996 -3.25657423616157,43.1206671708853,299.922300000006 -3.25663064586983,43.1206536760355,299.913199999995 -3.25667054364485,43.1206428629743,299.937699999995 -3.25674019721536,43.120621321431,300.054000000004 -3.25678001144709,43.1206024623291,300.022500000006 -3.25684312707895,43.1205809207715,300.173599999995 -3.25688294131064,43.1205689346582,300.219400000002 -3.25691839691658,43.1205563616949,300.290999999997 -3.25696483263028,43.1205419449124,300.266799999998 -3.25703339654431,43.1205204033335,300.304900000003 -3.25708871749446,43.1204988624027,300.434299999994 -3.25715292278277,43.1204773208086,300.497399999993 -3.25721712807105,43.120457539097,300.584700000007 -3.25728569198511,43.1204467266569,300.523300000001 -3.25733656986789,43.1204359981441,300.620699999999 -3.25741183970552,43.1204251850445,300.522200000007 -3.25748048716291,43.1204108521603,300.649699999994 -3.25753580811306,43.120387466714,300.885699999999 -3.25761040690919,43.1203712893434,300.963799999998 -3.25766354764812,43.1203515082533,300.821100000001 -3.25772549008025,43.120331811086,301.028200000001 -3.25777863171751,43.1203156337008,300.812399999995 -3.25783177245644,43.1203012168616,300.905199999994 -3.25789371488856,43.1202707065513,300.906799999997 -3.25795121515158,43.1202455611552,300.7785 -3.25799329223949,43.1202275399211,300.843500000003 -3.25804417012223,43.1201880609153,300.844700000001 -3.25807291980457,43.1201448942268,301.0432 -3.25813016853933,43.1200871427588,301.243900000001 -3.25816780345816,43.1200475803883,301.477299999999 -3.25819881599672,43.120015226119,301.553199999995 -3.25823645091555,43.1199685388448,301.8943 -3.25829613049142,43.1199361851894,301.828399999999 -3.25835815646684,43.1198984665574,301.506699999998 -3.25840015001145,43.1198733210083,301.288700000005 -3.25845991223236,43.1198445710481,301.468200000003 -3.25852856058805,43.1198194248212,301.253800000006 -3.258599303815,43.1197889149263,301.174799999993 -3.25865462386682,43.1197601649263,301.165900000007 -3.25872100846799,43.1197367792313,301.033899999995 -3.25878303534175,43.1197097897741,301.088000000003 -3.25885461669683,43.1196802017459,301.032300000006 -3.25892997007782,43.119649020995,300.944000000003 -3.25898596117114,43.1196249651263,300.958400000003 -3.25904488526388,43.119590347792,300.947799999994 -3.25908478393723,43.1195670459625,301.027600000001 -3.25914395955826,43.1195279861827,301.047500000001 -3.25918201399034,43.1194920278726,301.153900000005 -3.25924412350909,43.1194592549682,300.979200000002 -3.25928167398626,43.1194269003878,301.001000000004 -3.25933900626435,43.1193949654434,300.924599999998 -3.25938401724995,43.1193500382736,300.910699999993 -3.25944897712309,43.1193160076433,300.773199999996 -3.25949901687767,43.1192880121425,300.660600000003 -3.25956246847945,43.1192414928307,300.528399999996 -3.25960228181285,43.1192056182832,300.580600000001 -3.25964435979909,43.1191750241513,300.566300000006 -3.25969741699472,43.119133701263,300.636799999993 -3.25974393625171,43.1190978273079,300.694600000003 -3.25979699344731,43.119054660506,300.837799999994 -3.25983244905329,43.1190061292916,300.921900000001 -3.25988550714722,43.1189720145388,301.132800000007 -3.25992540492224,43.1189342959681,301.241699999999 -3.25996153067138,43.118901522765,301.379300000001 -3.26000402637424,43.1188710124124,301.708599999998 -3.26004601991882,43.118833964575,302.1679 -3.26008499602235,43.1187949889145,302.330499999996 -3.26013193479258,43.1187560132291,302.812099999996 -3.26017401188049,43.1187092417182,303.187099999996 -3.26020938304481,43.1186805757983,303.411800000002 -3.2602510415178,43.1186170408407,303.946100000001 -3.26029404027717,43.1185779811102,304.352799999993 -3.26031398916468,43.1185250076879,304.627600000007 -3.26034299127364,43.1184789074556,304.800000000003 -3.26037174095598,43.1184321363886,305.138000000006 -3.26039604846927,43.1183902267859,305.275399999999 -3.26042488259324,43.118343455651,305.503100000002 -3.26045581158847,43.118293164576,305.509900000005 -3.26047793978887,43.1182590500814,305.731100000005 -3.26050451015835,43.1182158833435,305.819199999998 -3.26053770290811,43.1181781643067,305.859899999996 -3.26057089475953,43.1181368420566,305.763699999996 -3.2606169954016,43.1180879750401,305.818799999994 -3.26066502382825,43.118043970168,305.708499999993 -3.26069712602326,43.1180037369832,305.539600000004 -3.26074356173692,43.1179767474173,305.073199999999 -3.2608143894055,43.1179552062467,303.732099999994 -3.26089183765773,43.1179228515267,299.366599999994 -3.26095378008982,43.1179031542334,294.2117 -3.26101354320905,43.1178708001416,294.010699999999 -3.26106442109179,43.117845654415,294.348499999993 -3.26111312055997,43.1178150602588,294.922699999996 -3.26116408198605,43.1177953629308,296.128800000006 -3.26122376156195,43.1177647694052,298.535600000003 -3.26127002929065,43.1177210154437,301.474600000001 -3.26132778108195,43.1176910920333,300.976299999995 -3.26139198637026,43.1176588217624,300.5193 -3.26142735753458,43.1176335920157,300.168600000005 -3.26148795878197,43.1175879947104,299.685800000007 -3.26153397588068,43.1175520365717,299.285199999998 -3.2615860269632,43.1175149885915,298.816800000001 -3.26163656977436,43.1174687203874,298.420400000003 -3.26168082617513,43.1174310015457,298.074999999997 -3.26171401892488,43.11739864786,297.750899999999 -3.26177998401284,43.1173389685762,297.031400000007 -3.2618135962758,43.1172962208568,296.710099999997 -3.26185349405085,43.1172567419267,296.157200000001 -3.2619021926207,43.1172189396766,295.816099999996 -3.26194401818033,43.117179963643,295.475399999996 -3.26199104049389,43.117135036814,295.037899999996 -3.26203999149036,43.1170890201239,294.422900000005 -3.26208198413661,43.1170490381128,293.986799999999 -3.26211802634245,43.1170109845884,293.737599999993 -3.26217435340572,43.1169649678051,293.265100000004 -3.26222967345754,43.1169201247521,292.856599999999 -3.26225180165791,43.1168931347083,292.668399999995 -3.26228943657674,43.1168500522523,292.140799999994 -3.26235146255217,43.1168017724034,291.7932 -3.26239127678389,43.1167604492238,291.447700000004 -3.26242497169188,43.1167199647036,291.222999999998 -3.26245196157458,43.1166789772062,290.836299999995 -3.26250635995494,43.1166256683693,290.385500000004 -3.2625306674682,43.1165951581934,290.142600000006 -3.26255723873598,43.1165466269955,289.877099999998 -3.26258825127454,43.1164873672096,289.601200000005 -3.26262806550627,43.1164226588232,289.359400000001 -3.26267785373256,43.1163832639201,289.181400000001 -3.26274868140114,43.1163724514157,288.708700000003 -3.26284825785377,43.1163581182379,287.898700000005 -3.26291246314205,43.1163670868023,287.248200000002 -3.26297398695923,43.1163749655248,286.857499999998 -3.26304699304237,43.1163880416444,286.527700000006 -3.26312301656656,43.11639801611,286.3704 -3.26320650059919,43.1164116784563,286.073999999993 -3.26327732736944,43.1164296995029,285.940199999997 -3.2633458912835,43.1164476366094,285.307700000005 -3.26341009657178,43.1164638137059,284.656700000007 -3.26345653228547,43.1164602097612,284.300399999993 -3.26351855915919,43.1164493972705,283.771699999998 -3.26356281556,43.1164350641107,283.607900000003 -3.26360195875019,43.1164239998114,283.517500000002 -3.26364898106372,43.1163880416444,283.457899999994 -3.26369298593624,43.1163540106782,283.392800000001 -3.26375501191166,43.1163229980692,283.314499999993 -3.26381200911813,43.1162830162133,283.441600000006 -3.26387302987873,43.1162489858445,283.575899999996 -3.26392499741792,43.1162120216661,283.770099999994 -3.26397998239815,43.1161779912578,283.883900000001 -3.2640199646148,43.116139015217,284.066099999996 -3.26408299580504,43.1161029729473,284.218299999993 -3.26413496424253,43.1160680205026,284.451400000005 -3.26420696421255,43.1160479875271,284.624400000001 -3.26425700486547,43.1160100179711,284.5285 -3.26429296262965,43.1159540265545,284.801399999997 -3.26432900483549,43.1159130391998,284.941900000005 -3.26437703326214,43.1158830316256,285.066399999996 -3.26443998180738,43.1158569644146,285.145199999999 -3.26449303900298,43.1158270407485,285.221799999999 -3.26455498143511,43.1157970337878,285.344100000002 -3.26462798751825,43.1157650149806,285.651599999997 -3.26467098627762,43.1157319902402,285.740900000004 -3.26471599726325,43.1156970375836,285.921700000006 -3.26475597947993,43.1156549602033,286.106599999999 -3.26478104067972,43.1156080217291,286.305200000003 -3.26481599322912,43.115560999283,286.587400000004 -3.26484901799391,43.1155060140315,286.946899999995 -3.26488397054328,43.1154630145349,286.721799999999 -3.26492697020101,43.1154289843658,287.006299999994 -3.26496804117577,43.1153900085036,287.380999999994 -3.26499997628412,43.1153389621984,287.735100000005 -3.26502696616684,43.1152880004426,288.357499999998 -3.26504398115663,43.1152340208705,288.275299999994 -3.26505797870541,43.1151790359809,287.946899999995 -3.26506803714164,43.1151289960818,288.311600000001 -3.26508002336248,43.1150780341511,288.725600000005 -3.26509402091122,43.1150310112978,288.6927 -3.26511899946601,43.1149839890641,288.247900000002 -3.26515898078436,43.1149369661384,288.188599999994 -3.26517197311831,43.1148799697767,288.584900000002 -3.26519301166227,43.1148369704961,288.372799999997 -3.26520700921104,43.1147900313944,288.575800000006 -3.26521103276521,43.1147420036985,288.842399999994 -3.26519317964722,43.114732028963,289.031900000002 -3.26518429441077,43.1147176121197,289.236300000004 -3.26518211509788,43.114699674506,289.404399999999 -3.26518655726696,43.1146762894999,289.548299999995 -3.26519317964722,43.1146349661965,289.702699999994 -3.26520868546736,43.1146170292143,289.481100000005 -3.2652219293296,43.1145774665858,289.225399999996 -3.26525000886874,43.1145140158956,289.226899999994 -3.26528999018709,43.1144759614504,289.445099999997 -3.26529501895604,43.1144229884115,289.541899999997 -3.26531102873104,43.1143710206098,289.358600000007 -3.26532896629065,43.1143280209715,289.527900000001 -3.26534698739356,43.1142690128175,289.821899999995 -3.26536299627023,43.1142209840569,289.677899999995 -3.26538001215835,43.1141759737407,289.675300000003 -3.26539400970709,43.1141319686783,289.777400000006 -3.26538998615296,43.1140800006295,289.962 -3.26540197237376,43.1140230034697,290.039999999994 -3.26544597724628,43.1139720419295,290.062300000005 -3.26545301824149,43.1139130334322,290.205199999997 -3.26547598457002,43.1138700341279,290.377699999997 -3.26549802922709,43.1138250228978,290.484800000006 -3.2655240129967,43.1137749832031,290.727100000004 -3.26555100287943,43.113727038649,290.961800000005 -3.26556298910023,43.1136749869736,291.119099999996 -3.26558402764419,43.1136250310947,291.341899999999 -3.26561403496797,43.113583959553,291.5435 -3.26563901262443,43.113530985742,291.966199999995 -3.26567597650173,43.1134920099825,291.914099999995 -3.26568896883568,43.1134439819237,292.030299999999 -3.26571503614862,43.1133950318112,292.271099999998 -3.26575200092425,43.1133419738976,292.378299999997 -3.26577102724194,43.1132920177469,292.560599999997 -3.26578301346278,43.1132409723147,292.827000000005 -3.26580204067883,43.1131930279981,292.849300000002 -3.26582400089424,43.1131340187497,293.007599999997 -3.26585199689009,43.1130920255136,293.152700000006 -3.26586096566987,43.1130399739539,293.313800000004 -3.26588116608567,43.1130147442701,293.441500000001 -3.26589005042383,43.1129572444487,293.854699999996 -3.26591100542446,43.1128989904288,293.927299999996 -3.26592198553218,43.1128509619046,294.021500000003 -3.26594537137398,43.1128153393641,294.361199999999 -3.2659785632254,43.1127632036293,294.334900000002 -3.26599406994383,43.1127160137408,294.5049 -3.26602064031332,43.1126674820895,294.684099999999 -3.26604302004201,43.1126209629909,294.810299999997 -3.26606598726886,43.112570000939,295.033800000005 -3.26607998481763,43.1125209668431,295.351800000004 -3.26610596858721,43.1124720166481,295.285799999998 -3.26611200346928,43.112420970532,295.602899999998 -3.26613203590012,43.1123710142853,295.868499999997 -3.26614603434719,43.1123160294464,296.059099999999 -3.26616799456263,43.1122669951471,295.880999999994 -3.26619699577326,43.1122189667827,296.072199999995 -3.26621401166138,43.1121629758322,296.243700000006 -3.26626296175952,43.1121169586821,296.432400000005 -3.26627955813439,43.1120638176872,296.632599999997 -3.26630612850387,43.1120116819681,296.759699999995 -3.26636807093597,43.111863909316,297.313399999999 -3.26641459019296,43.1117193214811,297.824900000007 -3.26646873704504,43.1115557907521,298.433099999995 -3.26653076302046,43.1114049164066,299.147899999996 -3.26660821217098,43.1112099532071,299.979699999996 -3.26663696185335,43.111182963268,300.193700000003 -3.26666596306398,43.1111380366267,300.311300000001 -3.26669303738833,43.1110869907095,300.501900000003 -3.26671097404961,43.1110380406792,300.829100000003 -3.26671499760374,43.1109859886841,300.995599999995 -3.26673201259357,43.1109399719608,301.168600000005 -3.26675103980959,43.1108859924882,301.426999999996 -3.26677702357917,43.1108450050181,301.576199999996 -3.26679596635356,43.1107939595123,301.799400000004 -3.26682798590357,43.1107480265871,302.130499999999 -3.26685899844213,43.1106989923431,302.546900000001 -3.26686201588315,43.1106519700598,302.821100000001 -3.26688297088377,43.1106089704316,303.053 -3.26690803298189,43.1105610260204,303.1924 -3.26693502286462,43.1105089749313,303.570300000007 -3.2669529595259,43.1104620357891,303.747000000003 -3.26698296684964,43.1104140079757,304.080000000002 -3.26700199406566,43.1103570106807,304.185299999997 -3.26702697172216,43.1103160235121,304.371599999999 -3.26704298149713,43.1102649775652,304.762400000007 -3.26705102770713,43.1102150215261,305.129499999995 -3.26708002981609,43.1101619641347,305.380699999994 -3.26712202246237,43.1101130133645,305.563299999994 -3.26713903835046,43.1100639792676,305.813699999999 -3.267158987238,43.1100110056888,305.868900000001 -3.26715404201235,43.1099550146857,305.963000000003 -3.26717097345881,43.1099100038552,306.286900000006 -3.2671940233307,43.1098599635827,306.631800000003 -3.26721497833132,43.1098069904831,306.840899999996 -3.26725001442405,43.1097599675145,307.123999999996 -3.26725730694752,43.1097116879742,307.239600000001 -3.26728303918884,43.1096629893317,307.473400000003 -3.26731396818408,43.1096140388183,307.835800000001 -3.26733701895426,43.1095710397726,308.031000000003 -3.26736400793866,43.1095199938601,308.096600000004 -3.26738001771363,43.109475988729,308.306100000002 -3.26739443477565,43.1094044911444,308.488200000007 -3.26741220435027,43.109375741512,308.725000000006 -3.2674210051451,43.1093218459159,308.999500000005 -3.2674498392691,43.1092715539848,309.143200000006 -3.26746090292015,43.1092212626681,309.440100000007 -3.26747858895147,43.1091763358985,309.728499999997 -3.26748965350082,43.1091403774078,309.730800000005 -3.26748965350082,43.1090882418216,310.138800000001 -3.26751697845513,43.1090340108488,310.452099999995 -3.26754296222471,43.1089889999968,310.704500000007 -3.2675692810659,43.1089373679515,310.915900000007 -3.26758696709722,43.108899649098,311.067999999999 -3.26762015894864,43.1088367847277,311.120599999995 -3.26763566566711,43.1088008266933,311.507500000007 -3.26765896796555,43.1087470145363,311.896699999998 -3.2676754798988,43.1087056078747,311.936300000001 -3.26769702149933,43.108656993033,312.298299999995 -3.26773700281768,43.1086109765261,312.205000000002 -3.26775896393142,43.1085569969669,312.498000000007 -3.26778402513121,43.1085030173602,312.708100000003 -3.26781897768061,43.1084549893212,313.0478 -3.26785401467163,43.1084050331164,313.123000000007 -3.26788301588226,43.1083549929252,313.368600000002 -3.26791402842082,43.1083109882682,313.7264 -3.26797203174041,43.1082700003853,313.953200000004 -3.26800203906415,43.108228007091,314.006800000003 -3.26804503782352,43.1081789734515,313.873200000002 -3.26808803748125,43.1081359740534,313.917100000006 -3.26812299003061,43.1080980041793,314.629000000001 -3.26815903223646,43.1080519872521,314.862299999993 -3.26820798233459,43.1080140173259,315.382100000003 -3.26825802208918,43.1079789809058,315.686300000001 -3.2682904602541,43.1079248342083,316.275899999993 -3.26831703062358,43.1078835109369,316.643800000005 -3.26834795961881,43.1078350639911,316.992400000003 -3.26839665908699,43.1077972611676,317.542300000001 -3.26843203025131,43.107764990926,317.986799999999 -3.26846748585724,43.1077200637433,318.4424 -3.26849841485248,43.1076751371834,318.858800000002 -3.26853387045842,43.1076391784667,319.108600000007 -3.26857368469014,43.1076014601248,319.396200000003 -3.26861576177805,43.107554772561,319.936000000002 -3.26865557600974,43.107515209958,320.556200000006 -3.26869765309765,43.1074738877218,320.838799999998 -3.26872196061094,43.1074380128339,321.163100000005 -3.26874400526802,43.1074130346495,321.380999999994 -3.26877703003281,43.1073749810356,321.830499999996 -3.26881701135116,43.1073299702754,322.199500000002 -3.26886302755158,43.1072909945019,322.603799999997 -3.26889999232721,43.1072479951359,323.070500000002 -3.26893201097888,43.107199966768,323.362399999998 -3.2689679696414,43.1071619969691,324.007700000002 -3.26900602317514,43.1071230210887,324.456399999995 -3.26906695949412,43.1070910023342,324.880399999995 -3.26910400781308,43.1070510203494,325.189799999993 -3.26912303413077,43.1070019864229,325.614499999996 -3.26916201023433,43.1069549639227,326.003200000006 -3.26921800132769,43.1069159879104,326.496400000004 -3.26925999487227,43.1068760064672,326.8217 -3.26931598596559,43.1068360249978,326.946599999996 -3.2693708038592,43.1067911817371,327.333499999993 -3.26940399571062,43.1067670414567,327.401500000007 -3.26945001280937,43.1067190133673,327.600399999996 -3.26950700911751,43.1066859883364,327.883300000001 -3.26955998276981,43.1066460067428,328.076499999996 -3.26960801119649,43.1066040136462,328.234200000006 -3.26966291263337,43.1065594220602,328.257100000003 -3.26970498972128,43.1065396404402,328.304699999993 -3.26978688104091,43.1064821404381,328.534400000004 -3.26980674638509,43.1064642036899,328.594700000001 -3.26986868881722,43.1064174326219,328.876799999998 -3.2699107659051,43.1063958906617,328.866800000003 -3.26996608595695,43.1063492034901,329.000700000004 -3.27002584907615,43.1063222140308,329.1492 -3.27009441299021,43.1062791313474,329.392300000007 -3.27014093314554,43.1062450167138,329.357900000003 -3.27019843251022,43.1062108187684,329.457800000004 -3.27024050959813,43.106180308647,329.631800000003 -3.27029365123539,43.1061389855097,329.717999999993 -3.27034452911813,43.1061084753525,330.011899999998 -3.27038652266274,43.1060814857872,329.917000000001 -3.27046623466945,43.1060384029342,329.832599999994 -3.27051929186509,43.1060167775474,329.7981 -3.27055474747106,43.1060024445677,329.712499999994 -3.27062775355417,43.1059683297799,329.542600000001 -3.27070302339183,43.1059395798453,329.270600000003 -3.27074727979263,43.1059144344629,329.301699999996 -3.27081140153762,43.1058946532904,329.162500000006 -3.27085129931264,43.1058748721114,329.019799999995 -3.27093754925802,43.1058407572526,328.979900000006 -3.27098180565879,43.1058245806274,328.900899999993 -3.27102832491578,43.1057958306252,328.781499999997 -3.27109470951695,43.1057670806095,328.606400000004 -3.27115003046711,43.1057383305803,328.668799999999 -3.27119872903699,43.1057131851152,328.732300000003 -3.27124516475065,43.1056861953756,328.723100000003 -3.27130802885423,43.1056619713658,328.614100000006 -3.27137801839465,43.1056450398038,328.493900000001 -3.27144297736947,43.1056300364525,328.487599999993 -3.27149301802238,43.1055939945523,328.483800000002 -3.27155596566929,43.1055710277825,328.544200000004 -3.27162603875301,43.1055410203842,328.438599999994 -3.27169099862615,43.1055130251401,328.443299999999 -3.27175897504201,43.1054950041582,328.387499999997 -3.27182401935678,43.1054720373513,328.376799999998 -3.27188403310597,43.1054449642114,328.251300000004 -3.27194295809704,43.1054199858696,328.380000000005 -3.27199802751891,43.1053869614496,328.3269 -3.27206701004789,43.1053639946021,328.146399999998 -3.27211403325975,43.1053339877581,328.028399999996 -3.27216801212687,43.1053039802436,327.872900000002 -3.27221101178457,43.1052639990592,327.635500000004 -3.27226800809271,43.105246983437,327.669599999994 -3.27232601141229,43.1052179819691,327.438999999998 -3.27238200250565,43.1051919981009,327.2356 -3.27243899971208,43.1051520161875,327.040299999993 -3.27249901346127,43.1051240207655,326.617299999998 -3.27255399933981,43.1050930077126,326.302599999995 -3.27262097054088,43.1050749866071,326.224499999997 -3.27268299651631,43.1050569654962,326.054900000003 -3.27274099893756,43.1050419620009,325.578200000004 -3.27281098847798,43.1050289700308,325.427100000001 -3.27287301445341,43.1050090213272,325.098599999998 -3.27292498199259,43.104983959513,324.897800000006 -3.27297896175801,43.1049579755455,324.661900000006 -3.27304400517448,43.1049289739407,324.319900000002 -3.27311701125763,43.1049019845112,323.989300000001 -3.27317501457721,43.1048800235766,323.789999999994 -3.27322295856223,43.1048510225908,323.605299999996 -3.27328599065077,43.1048250385668,323.296100000007 -3.27334600529826,43.1047910077294,323.069799999997 -3.27341498782727,43.1047549659911,322.761199999994 -3.2734620101408,43.1047230306046,322.541700000002 -3.27352898224017,43.1046999802131,322.192999999999 -3.27359603698458,43.1046890003664,322.020000000004 -3.27366200297084,43.1046620101752,321.762400000007 -3.27371598183793,43.104635020628,321.563200000004 -3.27378002003958,43.1046050134267,321.395000000004 -3.27384699124065,43.1045879982772,321.196100000001 -3.27390097100607,43.1045419813348,320.934599999993 -3.27395201687377,43.1045090403922,320.7448 -3.27399903918734,43.1044800392306,320.578200000004 -3.27405000061338,43.1044490265073,320.455600000001 -3.2741100152609,43.1044299991099,320.224700000006 -3.2741729638061,43.1044119784651,320.132400000002 -3.27423700110946,43.1043930350075,319.852199999994 -3.27428896954694,43.1043630276876,319.735700000005 -3.27434697196823,43.1043350325607,319.686000000002 -3.27440799183054,43.1043099704706,319.544500000004 -3.27446297770907,43.1042809692147,319.426099999997 -3.2745349776791,43.1042720001908,319.257800000007 -3.27460102720869,43.1042480281315,319.224100000007 -3.27464796597889,43.1042109799677,319.166800000006 -3.27470102317452,43.1041809732145,319.139599999995 -3.27476103782201,43.1041590126771,319.098599999998 -3.27482599769515,43.1041300113497,319.039399999994 -3.27488299490162,43.1040949746741,318.882400000002 -3.27494502087704,43.1040760317743,318.728799999997 -3.27501199207812,43.1040480358602,318.650699999998 -3.27507602938144,43.1040239797615,318.632599999997 -3.27514300148085,43.1039949783701,318.702099999995 -3.27520796135399,43.103961031679,318.411099999998 -3.27526001243647,43.1039339585268,318.319699999993 -3.27531298608878,43.1039099863352,318.349400000006 -3.27538004173148,43.1038890311559,318.310500000007 -3.27543896582422,43.1038659811062,318.367499999993 -3.27549001169192,43.103841002776,318.240999999995 -3.27556000123235,43.103819964277,318.050399999993 -3.2756240385357,43.1037929750144,317.998900000006 -3.27568204185529,43.103772019795,317.843399999998 -3.2757524491123,43.1037469581303,317.739499999996 -3.27581221223153,43.103714603769,317.604200000002 -3.27587298146388,43.1036809927312,317.570200000002 -3.27592729630088,43.1036643124778,317.507800000007 -3.27598496365055,43.1036349757629,317.473100000003 -3.27604397218492,43.1036099979944,317.422999999995 -3.27611102692933,43.1035889594159,317.185200000007 -3.27617104157681,43.1035680041267,317.106700000004 -3.27623801277789,43.1035450379085,317.045100000003 -3.27629400387121,43.1035150308289,316.804699999993 -3.2763520071908,43.1034860291964,316.665900000007 -3.27642400716082,43.1034599619523,316.605299999996 -3.27648603313624,43.103441018856,316.4902 -3.2765339780196,43.1034120171884,316.585699999996 -3.27660882834401,43.1033858659602,316.510699999999 -3.27667085431944,43.1033643242449,316.320800000001 -3.27673053389534,43.103342782522,316.169500000004 -3.27678585394716,43.103317553432,316.089800000002 -3.27682793103507,43.1032924076285,315.8851 -3.27690697289861,43.1032690221991,315.761700000003 -3.2769590239811,43.1032420320377,315.631699999998 -3.27701602118757,43.1032259386786,315.556299999997 -3.2770757843068,43.1031918243112,315.383600000001 -3.27715298192907,43.1031670142676,315.005799999999 -3.27721098435032,43.1031479871277,314.861799999999 -3.27727502255197,43.103125020752,314.524799999999 -3.27731399775721,43.1030889786887,314.377600000007 -3.27737996374346,43.1030569597919,314.2451 -3.27744090006244,43.103037346258,314.042199999996 -3.27750602702224,43.103010020838,313.759699999995 -3.27757299912161,43.1029919997751,313.564499999993 -3.27764449603507,43.1029654292575,313.277499999997 -3.27769596141601,43.1029479951981,312.926000000007 -3.27775103083788,43.1029240226204,312.363599999997 -3.27781196715685,43.1028950213638,312.432499999995 -3.27786142031156,43.1028791797733,312.328200000004 -3.27792596067146,43.102843975787,311.834799999997 -3.27798304142126,43.1028169860941,311.523499999996 -3.27803903251458,43.1027960311965,312.264899999995 -3.27809804104898,43.1027690414825,312.217799999999 -3.27816400703524,43.1027540380824,312.294800000003 -3.27822402078443,43.1027179958007,312.225399999996 -3.27828001187775,43.1026879883157,312.198000000004 -3.27834002652527,43.102664016292,312.046000000002 -3.27839903505964,43.1026419719127,311.948900000003 -3.27846198360488,43.1026240346952,312.091199999995 -3.27853700101593,43.1025950332966,312.376199999999 -3.27859802177656,43.1025599970543,312.200599999996 -3.27866599909072,43.1025330072362,312.299199999994 -3.27871897274303,43.1025050112724,312.223800000007 -3.27879097271305,43.1024780214302,312.276500000007 -3.27884998214575,43.1024529598916,312.242199999993 -3.27890496712599,43.1024289877759,312.279200000004 -3.27897202187036,43.1023930292568,312.270099999994 -3.27902801296372,43.1023689731637,312.475200000001 -3.27907897528809,43.1023360323636,312.765299999999 -3.27913697770938,43.1023139878662,312.643100000001 -3.27919171205962,43.1022994874231,312.429900000003 -3.27922708322394,43.1022886743982,312.338300000003 -3.279324481262,43.1022491956253,312.359299999996 -3.27938701029396,43.1022249722232,312.2886 -3.27944400750043,43.1021999938794,312.177500000005 -3.27949488538317,43.1021862476857,311.9902 -3.27953914178398,43.1021719144649,311.978099999993 -3.27960552638515,43.1021359564508,311.9715 -3.27966302664816,43.1021126545339,311.925099999993 -3.27970510373607,43.102094633207,311.961200000005 -3.27976042378789,43.1020694875571,311.935400000002 -3.27982907214358,43.102037133621,312.040999999997 -3.27989545674479,43.1020119879474,311.826700000005 -3.27995513542236,43.1019850818423,311.827000000005 -3.27999939182316,43.1019670611337,311.873000000007 -3.28006804017885,43.1019419154314,311.880000000005 -3.28013903493406,43.1019099798892,311.9228 -3.28020525155028,43.1018862594249,311.962599999999 -3.28025395012016,43.1018628741143,312.058199999999 -3.28035352747108,43.1018251554927,312.105599999995 -3.28039778387188,43.1018053743106,312.080199999997 -3.28046861064214,43.1017766243885,312.225000000006 -3.28052611090515,43.101751478608,312.508499999996 -3.28057254661881,43.1017335411296,312.495200000005 -3.28061688656294,43.1017156036459,312.567299999995 -3.28070757867737,43.1016778016346,312.504499999995 -3.28075627814555,43.1016508953826,312.695699999997 -3.28083146354159,43.101622145388,312.7209 -3.28088016211147,43.1016023641403,312.757400000002 -3.28094218898519,43.1015754585111,312.849100000007 -3.28101737438122,43.1015431043139,312.671499999997 -3.28106163078199,43.1015233230407,312.760299999994 -3.28112139390123,43.1014964173767,312.645000000004 -3.28117453464016,43.1014730312613,312.798899999994 -3.28124091924136,43.1014406776659,312.7791 -3.28129397733529,43.1014137713097,312.967600000004 -3.28133387511031,43.1013957504329,312.888699999996 -3.28139581754244,43.1013742086732,312.668300000005 -3.28145331690712,43.1013526675618,312.544699999999 -3.28150427923152,43.1013256778675,312.487999999998 -3.2815684009765,43.1013005319017,312.414600000004 -3.2816538118954,43.1012700219567,312.386599999998 -3.28168926750134,43.1012430322258,312.407099999997 -3.2817578314154,43.1012214904124,312.343900000007 -3.28180435157069,43.1011981048478,312.467399999994 -3.28183310125306,43.1011837720517,312.481899999999 -3.28193712077306,43.101142449477,312.366099999999 -3.28198799865581,43.1011190638822,312.428700000004 -3.28202336982012,43.1011047310675,312.2497 -3.28208992240625,43.1010934987088,312.126699999993 -3.2821673715568,43.1010647491084,312.180600000007 -3.28220718578849,43.101048571877,312.138300000006 -3.28227574970255,43.1010180618064,312.2503 -3.28236870467321,43.1009767391199,312.145999999993 -3.28243953144349,43.1009533534617,312.104800000001 -3.28251287349655,43.1009192391399,312.038700000005 -3.28257707878483,43.1008868852518,312.145300000004 -3.28262569381138,43.1008689475201,312.030299999999 -3.28269878433615,43.1008419582684,312.036099999998 -3.2827717904193,43.1008078438844,312.014299999995 -3.28280942533813,43.1007880623736,311.9859 -3.28285368173893,43.1007701252689,311.989300000001 -3.28290455962167,43.1007539479596,312.092399999994 -3.28293993168428,43.1007281320769,312.131699999998 -3.28294881602244,43.100695777432,312.323000000004 -3.28294437385336,43.1006437258247,312.710099999997 -3.28291042741711,43.1005469148861,313.692299999995 -3.2828979381397,43.1004640182913,314.683499999999 -3.28298427162841,43.1004335079293,314.818499999994 -3.28295200144845,43.1003989741902,315.195600000006 -3.28291696535576,43.1003520358221,315.617299999998 -3.28289399812886,43.1003090368294,316.027700000006 -3.2828690204724,43.1002610082647,316.126999999993 -3.28282199815884,43.1002119741467,316.191099999996 -3.28284597060051,43.1001600067411,316.351899999994 -3.28291897668366,43.1001439971847,316.156400000007 -3.28297203387929,43.1001210303381,316.163199999995 -3.2830349824245,43.1001170069575,316.093800000002 -3.28309700839992,43.1001200248209,316.020999999993 -3.28315903437534,43.1001149959231,315.904800000004 -3.28322298813536,43.1000959684906,315.861000000004 -3.28328903766495,43.1000760194914,315.979900000006 -3.28336003242016,43.1000650394713,315.988700000002 -3.2834249922933,43.1000409831194,316.198199999999 -3.28347503204789,43.1000010017774,316.410300000003 -3.28352197081812,43.0999580025381,316.637000000002 -3.28355700691085,43.0999190266624,316.738200000007 -3.28363403654813,43.0998880135964,316.823999999993 -3.28369497286713,43.0998829846795,316.817899999995 -3.2837600171819,43.0998720039689,316.834099999993 -3.28381801960316,43.0998430025784,316.902499999997 -3.28389395958402,43.0998290052949,317.096799999999 -3.28408674343388,43.0997923762123,316.801999999996 -3.28429587213034,43.0997232253456,316.787599999996</coordinates>
</LineString>
</Placemark>
</Folder>
</Document></kml>
