<?xml version="1.0" encoding="UTF-8"?>

<kml xmlns:xsd="http://www.w3.org/2001/XMLSchema" xmlns:gx="http://www.google.com/kml/ext/2.2" xmlns:atom="http://www.w3.org/2005/Atom" xmlns="http://www.opengis.net/kml/2.2">
<Document>
<name>ES11a_03b_villasana_de_mena-espinosa_de_los_monteros</name>
<visibility>1</visibility>
<Schema name="ES11a_03b_villasana_de_mena-espinosa_de_los_monteros" id="kml_schema_ft_ES11a_03b_villasana_de_mena-espinosa_de_los_monteros">
<SimpleField type="xsd:string" name="id">
<displayName>id</displayName>
</SimpleField>
<SimpleField type="xsd:string" name="nombre">
<displayName>nombre</displayName>
</SimpleField>
<SimpleField type="xsd:double" name="longitud">
<displayName>longitud</displayName>
</SimpleField>
<SimpleField type="xsd:string" name="_formato">
<displayName>_formato</displayName>
</SimpleField>
</Schema>
<Folder id="kml_ft_ES11a_03b_villasana_de_mena-espinosa_de_los_monteros">
<name>ES11a_03b_villasana_de_mena-espinosa_de_los_monteros</name>
<Placemark id="kml_1">
<name>&lt;img height='20' src='https://nco.ign.es/iconos/icono_todos_caminos_azul.png' /&gt;&lt;img height='20' src='https://nco.ign.es/iconos/Camino Santiago_20.png' /&gt;&lt;img height='20' src='https://nco.ign.es/iconos/icono_todos_caminos_azul.png' /&gt;  Camino de Santiago </name>
<visibility>1</visibility>
<description><![CDATA[<!DOCTYPE html>
<html>
<head>
<style>
#nco {
  border-collapse: collapse;
  overflow:hidden;
}
#nco th, #nco td {
  padding: 4px;
  text-align: left;
}
#nco th {
  color: #364B5F;
  padding-right: 5px;
}
#nco td {
  color: rgb(51, 51, 51);
  font-size: 12px;
  padding-right: 5px;
}
</style>
</head>
<body>
<table id="nco">
<tr>
<td>Caminos del Norte</td>
</tr>
<tr>
<th><b>Camino: </b></th>
<td>ES11a Camino Olvidado</td>
</tr>
<tr>
<th><b>Etapa: </b></th>
<td>03b Villasana de Mena-Espinosa de los Monteros</td>
</tr>
<tr>
<th><b>Longitud: </b></th>
<td>28.13 km</td>
</tr>
</table>
</body>
</html>]]></description>
<Style>
<IconStyle>
<scale>0.8</scale>
</IconStyle>
<LabelStyle>
<color>ffffffff</color>
<scale>0.75</scale>
</LabelStyle>
<LineStyle>
<color>ffff0000</color>
<width>3.0</width>
<gx:labelVisibility>1</gx:labelVisibility>
</LineStyle>
<PolyStyle>
<color>66ff0000</color>
</PolyStyle>
</Style>
<ExtendedData>
<SchemaData schemaUrl="#kml_schema_ft_ES11a_03b_villasana_de_mena-espinosa_de_los_monteros">
<SimpleData name="id">ES11a_03b</SimpleData>
<SimpleData name="_formato">kml</SimpleData>
</SchemaData>
</ExtendedData>
<LineString>
<extrude>0</extrude>
<tessellate>1</tessellate>
<coordinates>-3.28523187892714,43.1000635308663,314.093900000007 -3.28542499784862,43.1002335996163,313.560200000007 -3.2855715975131,43.1004951989786,312.847999999998 -3.28569774523351,43.1006245312997,313.191000000006 -3.28582833512299,43.1007304789161,314.156199999998 -3.28612480342124,43.1008957701597,315.864100000006 -3.28617132267823,43.1009730509633,316.4326 -3.28637911018998,43.1013470517334,319.200100000002 -3.28707614895155,43.1018303521595,320.599700000006 -3.28809597485255,43.1026810313204,322.126099999994 -3.28881497472786,43.1033100094952,322.572700000004 -3.29064097212108,43.1039829922874,321.982399999994 -3.2911070899557,43.104298989898,322.686199999996 -3.29130297568824,43.1045307496067,324.864700000006 -3.29162165483189,43.1049889047163,323.615099999995 -3.29163825120677,43.1050347534221,323.405700000003 -3.29182743101571,43.1052826903974,325.052899999995 -3.29217595039651,43.1056249234019,326.040500000003 -3.2924481111815,43.1058728599544,326.800099999993 -3.29276679122348,43.1060940584453,327.494300000006 -3.29298329508843,43.1062632893209,328.119000000006 -3.2931658534154,43.1066109708514,331.153600000005 -3.29330859661238,43.1071445627931,334.286099999998 -3.29337498211188,43.107492159962,336.905899999998 -3.29349450745198,43.1077400968217,338.798599999995 -3.29378762323763,43.1079959964245,341.690400000007 -3.29425558441524,43.1082870997689,345.682799999995 -3.29514825738105,43.1087584979823,349.070699999997 -3.29590505926182,43.1091869811292,352.345100000006 -3.29696059229708,43.109742114359,355.634300000005 -3.29773734306536,43.1102622953188,356.428899999999 -3.29795971472575,43.1103242374743,356.474799999996 -3.29824185040368,43.1103565916213,357.087100000004 -3.29949301674486,43.1104509717215,359.337299999999 -3.30076497010172,43.1113950257246,370.421100000007 -3.30107116176465,43.1123143526068,377.320800000001 -3.30176820052622,43.1125093155671,381.457200000004 -3.30236457317871,43.1121068169491,379.971999999994 -3.30326302949834,43.1118049846945,377.378200000006 -3.3040849583389,43.1116640009476,379.816099999996 -3.30559420437301,43.1103841682143,384.882199999993 -3.30602101013416,43.1100469643238,384.766699999993 -3.30656239780645,43.1088812926771,361.339399999997 -3.30734468040028,43.10813932665,357.388600000006 -3.31061303616983,43.106274018351,357.887199999997 -3.31100002859762,43.1064989884762,360.687300000005 -3.31160897407082,43.1067679635726,368.5196 -3.31160897407082,43.1070380288057,370.554600000003 -3.31260398940202,43.1076670068125,389.269 -3.31354502586611,43.1081160250507,395.349199999997 -3.3146510181692,43.1090139781939,405.194499999998 -3.31503901671007,43.1094629970441,406.900500000003 -3.31459603229063,43.1103170288618,414.973700000002 -3.31481698012129,43.1110350226982,419.476800000004 -3.31520497776387,43.110945001281,411.213399999993 -3.31592397763917,43.1103170288618,419.483099999998 -3.31653200054259,43.1102720182976,425.189499999993 -3.31686400799014,43.1100469643238,430.1247 -3.31736197738982,43.1102720182976,438.873600000006 -3.31762198396901,43.1102919672534,441.563200000004 -3.31764000507192,43.1102280130513,441.500899999999 -3.31764603995402,43.1102000179833,441.624800000005 -3.31766900628254,43.1101329623722,442.134900000005 -3.3176759628361,43.1100870296067,442.551600000006 -3.31769700138006,43.1100469643238,442.165699999998 -3.31777101357632,43.1099130212359,441.025299999994 -3.31782499334173,43.1098410204993,440.181800000006 -3.3178720156553,43.1098130252543,439.8701 -3.31790202297904,43.109789974812,439.544699999999 -3.3179330364159,43.1097690203339,439.165500000003 -3.31805298126928,43.1097560280554,438.968800000002 -3.31808097636679,43.1097609735291,439.171600000001 -3.31812699346554,43.1097390130261,438.787800000006 -3.31823696342598,43.1096499970307,436.690100000007 -3.31840300892144,43.1095840314345,434.924700000003 -3.31841197770123,43.1095520126557,434.265599999999 -3.31860501307938,43.1095280406966,429.866500000004 -3.31875898881063,43.1095990351282,429.955799999996 -3.31882403222711,43.1096100154058,429.668699999995 -3.31896300429651,43.1096090093887,428.271999999997 -3.31901396662088,43.10961202744,427.781900000002 -3.31919400966507,43.1096749749581,427.345499999996 -3.31935703771948,43.109668018101,423.926699999996 -3.31951897611741,43.109668018101,421.591899999999 -3.31958703697493,43.1096700301333,421.473899999997 -3.31966901183786,43.1096499970307,420.609100000001 -3.31977898269663,43.1095980291109,419.348499999993 -3.31981100134831,43.109588976922,419.037599999996 -3.31989800587852,43.1095570420899,418.220400000006 -3.32001401072103,43.1094660144468,415.951300000001 -3.32006899659957,43.1094619910247,415.931899999996 -3.32015600023148,43.1094569622384,415.536500000002 -3.32026395976232,43.1094289661619,414.5003 -3.32044802636068,43.1094479933171,412.879199999996 -3.32046403523736,43.1094540281237,412.810400000002 -3.32069797450364,43.1095220052414,410.547500000001 -3.32085203377823,43.1095609815617,409.397100000002 -3.32086997133784,43.1095650049774,409.221999999994 -3.32095999241077,43.1096220016984,409.1777 -3.3212319852108,43.1096650007083,407.618499999997 -3.32133801695707,43.1096479856536,407.730899999995 -3.32139601937832,43.1096370053828,408.008900000001 -3.32150498412398,43.109585037452,408.355500000005 -3.32160296876188,43.109504990147,408.700299999997 -3.32185903533027,43.1094419585098,410.932100000005 -3.32204704193944,43.1094270387219,412.498900000006 -3.3220619611597,43.1094289661619,412.780499999993 -3.32222197177305,43.109456040163,413.905799999993 -3.32240402704345,43.1094999613642,416.307100000005 -3.32244300314701,43.1095039841282,416.723599999998 -3.32261701130911,43.1094589736218,416.5769 -3.32276402958851,43.1093749866683,415.870599999995 -3.32280602313309,43.1093459858446,416.072700000004 -3.3228750065604,43.109263004759,415.467999999993 -3.32288598666812,43.1092449835695,415.584099999993 -3.32291096432458,43.1092090251191,415.639800000004 -3.32293602642271,43.1091709713101,415.469400000002 -3.3229709789721,43.1090950315108,415.274300000005 -3.32307902204627,43.1089040076814,415.018500000006 -3.32324003787441,43.1087770216747,414.948499999999 -3.32329401763983,43.1087439970982,415.194699999993 -3.32334003384028,43.1087070329773,415.297399999996 -3.32347003712986,43.1086399776981,416.7255 -3.3235840315428,43.1086229623584,417.910600000003 -3.3238010384643,43.1085300071695,418.430999999997 -3.3238970117743,43.1085070408455,418.966899999999 -3.32396297686226,43.1085010059454,419.366599999994 -3.32409398626499,43.1084630356419,420.142999999996 -3.32415198868624,43.1084440088364,420.184899999993 -3.32453202456044,43.1083409956203,421.719800000006 -3.32458600432586,43.1083249862357,422.311700000006 -3.32468801161963,43.1083000077575,422.667499999996 -3.32476696904155,43.1082880218619,422.945200000002 -3.32487802955676,43.1082420050776,423.325500000006 -3.32491801087511,43.1082180326055,423.439899999998 -3.32500903895946,43.1081819909174,424.917300000001 -3.32509696516116,43.1081689989579,424.428599999999 -3.32529301798036,43.108047963737,423.649000000005 -3.32548697502997,43.1079840098135,423.837199999994 -3.32556299855416,43.1079669949473,423.926699999996 -3.32570800550563,43.1079570204193,424.030700000003 -3.32594596742775,43.1079420169789,424.828999999998 -3.32603297195796,43.1079290249684,424.951100000006 -3.32618703123258,43.1079199725327,425.016300000003 -3.32626297121341,43.1079379934565,425.620800000004 -3.32641895827263,43.1079669949473,425.731799999994 -3.32661199365075,43.1079980078559,425.832800000004 -3.3267190306118,43.1080499758225,426.171100000007 -3.3268480277883,43.1079759634299,424.689499999993 -3.32690603110789,43.1079809923378,424.603099999993 -3.32706503560813,43.1079700124238,424.580600000001 -3.32712898936815,43.1079759634299,424.689299999998 -3.32730400364336,43.1079270128789,424.160000000003 -3.32752696280193,43.107956014375,424.1391 -3.32774003061092,43.1079010295047,422.403300000005 -3.32786902778741,43.107880996479,422.598899999997 -3.32807698328409,43.1077960039368,421.806500000006 -3.32814697192622,43.1077420243149,420.884000000005 -3.32833698986332,43.1076329762434,419.402700000006 -3.32837697118166,43.1076019631499,419.222099999999 -3.32840203327975,43.1075869596225,418.938399999999 -3.32843597971604,43.1075280348183,418.430699999997 -3.32854201056397,43.107505990223,418.573699999994 -3.32869498018211,43.1073729695838,417.564799999993 -3.32873403982901,43.1073530203324,417.344800000006 -3.32890695923299,43.1072660162575,416.827900000004 -3.32898801152613,43.1071770006007,415.470100000006 -3.32905003839985,43.1071100289044,414.3033 -3.32911902092883,43.1070559660416,413.554000000004 -3.32913896981637,43.1070289762382,413.4087 -3.32920099579179,43.1069689615446,413.114400000006 -3.3292539694441,43.1068910101689,412.382199999993 -3.32927903154218,43.1068670378236,412.150500000003 -3.32941297484263,43.1067900077778,411.909400000004 -3.32942797760619,43.1067620124491,411.705100000006 -3.32949100969473,43.1066989806106,411.557000000001 -3.3294780182591,43.1066569868944,411.318700000003 -3.3294780182591,43.1066510357601,411.266699999993 -3.32949201580784,43.1066330151132,411.084099999993 -3.3294989723614,43.1066350265894,411.096600000004 -3.32949201580784,43.1066340205233,411.088699999993 -3.3295910056606,43.1066620165665,411.181200000006 -3.32973500739725,43.1067119722263,411.270000000004 -3.32988495957437,43.1067620124491,411.478600000002 -3.32997598676042,43.1068470051153,412.191099999996 -3.33006600873168,43.1068989727474,412.853300000002 -3.33011797627087,43.1069510242832,413.381099999999 -3.33019500590818,43.1069829591632,413.912200000006 -3.33027304165857,43.1070680354702,414.588099999994 -3.33043799749758,43.1072199993608,415.789799999999 -3.33046699870821,43.10724698908,416.123300000007 -3.33049097114988,43.1072660162575,416.375100000005 -3.33059800811094,43.1073390227984,417.547000000006 -3.33071200162555,43.1074240153193,418.440600000002 -3.33079900615576,43.1074800060143,419.254300000001 -3.33087796357764,43.107491992724,420.669699999999 -3.33106496407372,43.107389984615,420.844400000002 -3.33107502161163,43.1073820221004,420.792199999996 -3.33111399771519,43.1073690299712,421.268299999996 -3.33126302822082,43.1073090156109,421.781300000002 -3.33142102660795,43.1073009691385,424.606799999994 -3.33159402955526,43.1072960234661,426.628700000001 -3.33172897807049,43.1072930059564,428.140100000004 -3.33188798257073,43.1071980392577,427.747399999993 -3.33209903905179,43.1071289721771,430.398100000006 -3.332161987597,43.1071279661192,430.869300000006 -3.33229701965556,43.1071139685338,431.862099999998 -3.33248200792538,43.1071409582997,432.785699999993 -3.33264998120541,43.1071780060019,433.582399999999 -3.3327179585196,43.1071989613671,433.875199999995 -3.33287796913295,43.1072240229303,434.020300000004 -3.33298902964817,43.1072019788814,434.061199999996 -3.33315297937403,43.1071329957527,433.671600000001 -3.33335498353197,43.1071129624756,433.312699999995 -3.33336596363969,43.1071090235021,433.272700000001 -3.33340502328656,43.1070800216047,432.932100000005 -3.33345699082574,43.1070719751022,432.976200000005 -3.33361499011116,43.1071329957527,433.695699999997 -3.33371004085138,43.1071230210887,433.419099999999 -3.33382797437682,43.1070800216047,432.710300000006 -3.33402696109375,43.1070579775039,432.806500000006 -3.33413902682375,43.1070620010841,433.948999999993 -3.33422100168668,43.1070469974243,434.549599999998 -3.33430498877584,43.1070370227463,435.402100000007 -3.33439601596193,43.1070100329346,435.896200000003 -3.33443398595234,43.1070039978869,436.360499999995 -3.33451897825632,43.1069709730097,437.042199999996 -3.33455703179007,43.1069299855412,436.925300000003 -3.33462601521737,43.1068869865775,437.018100000001 -3.33466297909467,43.1068409700516,436.153300000005 -3.3347160371886,43.1068159916236,435.285399999993 -3.33475400717905,43.1067900077778,435.3024 -3.33480496860512,43.1067699750444,435.323900000003 -3.33500102142429,43.1067409736421,438.1731 -3.33506799262537,43.1067159958292,438.675600000002 -3.335208976921,43.1065519618153,435.077600000004 -3.33523202679286,43.106536036567,434.739600000001 -3.33529899799393,43.1065119801343,434.306200000006 -3.33541299240687,43.1065149976825,434.695800000001 -3.3355809656869,43.106502006025,433.066300000006 -3.33567802775502,43.1065119801343,433.031700000007 -3.33580903715775,43.106528995405,433.390100000004 -3.33608203607089,43.1065510396962,434.553799999994 -3.33618999470343,43.1065450052592,433.6204 -3.33625302679197,43.1065559854288,433.435599999997 -3.33636299675241,43.1065610144534,432.293900000004 -3.33641395907681,43.1066149938052,432.190900000001 -3.3365520085764,43.1066940355454,430.823000000004 -3.33658101068535,43.1066950409546,429.953899999993 -3.33664898799955,43.1067399682338,429.287400000001 -3.33676197540104,43.1068249602747,428.009999999995 -3.33682299616164,43.1068859805156,427.982999999993 -3.33686901236209,43.1069190054387,426.939299999998 -3.33695400466604,43.1069849712837,425.507100000003 -3.33701603153979,43.1070859726973,424.653699999995 -3.33702298809335,43.1071640084279,424.717999999993 -3.33710202905856,43.1072810198637,424.611300000004 -3.33712298405922,43.1073250246053,424.437399999995 -3.3373730166438,43.1075100137738,423.113200000007 -3.33749497282508,43.1076240077106,424.624500000005 -3.33759899234512,43.1076680122057,425.025500000003 -3.33766101832054,43.1076779867808,423.698300000004 -3.33770602930614,43.1076889674031,423.395399999994 -3.33781700537973,43.1077100058842,422.727100000004 -3.33799201965494,43.107764990926,421.801900000006 -3.33806896574892,43.1077899689667,421.090500000006 -3.3381680400433,43.1077690144597,418.038100000005 -3.33826803600914,43.1077830118954,417.531900000002 -3.33844196062794,43.1077840179425,416.768100000001 -3.33853500004022,43.1077990214217,417.122199999998 -3.33865896754943,43.1078300344153,415.928700000004 -3.33870397853506,43.1078400089641,416.654699999999 -3.3387589644136,43.1078379975275,416.106799999994 -3.33895996245842,43.1078519949474,415.959400000007 -3.33905803063969,43.1078580299115,416.233099999998 -3.33915299693824,43.1078509895573,415.575299999997 -3.33926003389929,43.1078310404617,415.553700000004 -3.33930403967014,43.1078100020222,415.404800000004 -3.33937402831223,43.1076639893211,415.402700000006 -3.33938500841995,43.1076499912024,415.570399999997 -3.33933496866537,43.1076130270767,415.686600000001 -3.33930999011058,43.1075400208627,415.977899999998 -3.33930999011058,43.1075179762717,416.035999999993 -3.33942297841037,43.1074339899342,417.2022 -3.33943395851809,43.1074059942441,417.011199999994 -3.33952800404349,43.1072999630834,416.010500000004 -3.3396949712104,43.1072250289866,416.702600000004 -3.33982103538751,43.1071370186721,415.912500000006 -3.34003401875484,43.107129978235,416.227100000004 -3.34028103389841,43.1070749926227,414.996499999994 -3.34031699256092,43.107058983563,414.469400000002 -3.34047096739388,43.1070200076169,414.034700000004 -3.34052796460035,43.1069800255858,413.237500000003 -3.34061002390491,43.1069309916024,412.284400000004 -3.34068504131598,43.1068930216366,412.047699999996 -3.34072703486057,43.1068269724004,410.913100000005 -3.34076902840515,43.106764023921,409.962700000004 -3.34094102523934,43.1067419797064,411.500199999995 -3.34109600618542,43.1066109708514,411.711599999995 -3.34107303985686,43.1064249761757,410.793399999995 -3.3410619762058,43.1063229682563,410.445699999997 -3.34113397617583,43.1061079723151,408.748900000006 -3.34118301071563,43.106003030899,408.251099999994 -3.34116800705374,43.1059750358662,407.805699999997 -3.34121402325419,43.1059300247324,407.974300000002 -3.34123698958272,43.1058980060097,407.701000000001 -3.34136095799026,43.1058290227232,408.509999999995 -3.34140303507817,43.1057890412258,408.491299999994 -3.34157695969694,43.1056140270148,408.764599999995 -3.34159900435401,43.1055730392936,408.611600000004 -3.34160998446173,43.1055540129015,408.207200000004 -3.34170897521278,43.1054800001143,408.672399999996 -3.34175096785907,43.1054420305603,409.201400000005 -3.34189798703677,43.1052629929707,406.941000000006 -3.34197099311991,43.1052240171928,407.880600000004 -3.34204902887034,43.105168025746,409.428400000004 -3.34204902887034,43.1051479931376,409.012300000002 -3.34206202030596,43.1051110288128,408.817599999995 -3.34214198384099,43.1049810258398,408.307100000005 -3.34215698750288,43.1049749905921,408.549899999998 -3.34225597825393,43.1049039960442,408.417100000006 -3.34229595957228,43.1048380305801,407.3799 -3.34239696165123,43.1046760083214,404.007100000003 -3.34247097384749,43.1045999842415,403.481599999999 -3.34258396214731,43.104509962542,402.334300000002 -3.34264699333752,43.1044800392306,402.584300000002 -3.34280901617711,43.1043429954716,401.054199999999 -3.34282200761276,43.1043129881272,401.203800000003 -3.34285201493651,43.1042310128828,400.967900000003 -3.34290901214298,43.1041180246375,400.448399999994 -3.34296701456423,43.1040349603834,399.7212 -3.34295997356905,43.1040119936845,398.7647 -3.34300003932903,43.1039280071278,398.1149 -3.34300599066776,43.1038679926733,396.879199999996 -3.34300699678088,43.103842008888,396.6201 -3.34302803532483,43.1037389951418,395.664699999994 -3.34303398576527,43.1036899611857,394.992599999998 -3.34306902275633,43.1035390031752,393.363800000006 -3.34308402641819,43.1035059783963,392.850600000005 -3.34314898629133,43.1034179686376,392.100099999996 -3.343164995168,43.1033199841247,390.976999999999 -3.34317203616322,43.1032329795647,389.839800000002 -3.34318896760968,43.1031990331069,389.809999999998 -3.3432160410357,43.1031729650848,389.858800000002 -3.34332098222719,43.103024018706,389.344200000007 -3.34333104066346,43.1030090153683,389.261299999998 -3.34335803054615,43.1029019783347,386.804399999994 -3.34343698796807,43.10282201477,385.669399999999 -3.34343899929597,43.1028120407153,385.463499999998 -3.34355299370891,43.1026849712347,383.126499999998 -3.34366195845453,43.1026220230873,383.317200000005 -3.34374502297391,43.1025689656731,383.198300000004 -3.34392095892064,43.1024849784485,382.484599999996 -3.34409102797023,43.1024709811131,382.613700000002 -3.34413696062732,43.1024770159517,382.821800000005 -3.34416596183798,43.1024719865916,382.848100000003 -3.34417996028505,43.1024549715051,382.755399999995 -3.34422396515753,43.1024309993902,382.570300000007 -3.34424600891631,43.1024159959072,382.440799999997 -3.34437400087798,43.1023589990352,382.248099999997 -3.34445103051529,43.1023259742757,382.438099999999 -3.3445920139126,43.1023239626579,383.311199999996 -3.34464096490906,43.1023020021103,382.464699999997 -3.34468496978158,43.1022969727358,382.283100000001 -3.34479100062952,43.102311976248,382.945300000007 -3.34499903966952,43.1023180111023,382.078899999993 -3.34506399954266,43.1023259742757,380.895199999999 -3.34524697648458,43.1023740025323,382.712499999994 -3.34529198747018,43.1023930292568,382.935500000007 -3.34534102111168,43.1024269761615,383.629799999995 -3.34550497083754,43.1024739982045,384.478099999993 -3.34556800292608,43.1024679633656,384.1541 -3.34562298880461,43.1024750043389,383.536300000007 -3.34582499206425,43.1025200153896,384.766499999998 -3.34600302378051,43.102575000502,385.450899999996 -3.34617099706054,43.102630991697,385.962400000004 -3.34626403647282,43.1026230285633,385.971099999995 -3.3464600048504,43.1026510244732,386.356799999994 -3.34647098585642,43.102655969865,386.4041 -3.34652597083665,43.1026719787644,386.633000000002 -3.34658699069896,43.1026680395052,386.721699999995 -3.34666502644935,43.1026540415557,386.703500000003 -3.3467889948569,43.1026620046853,387.278999999995 -3.3468950257048,43.1026739903708,387.883400000006 -3.34696099169106,43.1026879883157,387.902900000001 -3.34701002533252,43.1026940231329,387.873500000002 -3.3470869714265,43.1027749923384,387.856700000004 -3.34713399374007,43.1027889902602,387.858600000007 -3.34725201170714,43.1027899963894,388.550000000003 -3.34729702179444,43.1028029881787,388.950500000006 -3.34734396056468,43.1028169860941,388.809800000003 -3.34737799144259,43.1028879804388,389.190400000007 -3.34739802387343,43.1029100247295,389.453099999999 -3.34744697397157,43.1029550361162,390.267500000002 -3.34762198824681,43.1029400321057,390.166899999997 -3.34769298300202,43.1029629985508,390.726800000004 -3.3477430227566,43.102973978707,391.1397 -3.34785902849744,43.1029700394671,392.101999999999 -3.34785902849744,43.1029690333409,392.087599999999 -3.34794402080142,43.102919999424,391.724499999997 -3.34810202008685,43.1028920036372,392.657800000001 -3.34826697592586,43.1028859688395,393.552200000006 -3.34827502213586,43.1028879804388,393.648000000001 -3.34833403156856,43.1029250287473,394.730899999995 -3.348355991784,43.1029400321057,395.018299999996 -3.34847501496586,43.1028640084935,393.975600000005 -3.34856796993651,43.10286995934,395.021699999998 -3.3487119707749,43.102826960148,396.436799999996 -3.34877198542239,43.1027009801267,394.314100000003 -3.3488060163003,43.1026989685212,394.553899999999 -3.34885798383948,43.1026970408692,394.980800000005 -3.34896703212844,43.102664016292,395.107799999998 -3.34897700702137,43.1026549637335,395.081600000005 -3.34899301679635,43.1026439835201,395.064100000003 -3.34913198796745,43.1026100367358,395.714399999997 -3.34925101114934,43.1025259662696,394.994000000006 -3.34928696981185,43.1025070228843,394.783299999996 -3.34936198812123,43.1024679633656,394.4568 -3.34949199141081,43.1024429851209,395.216 -3.34955896261188,43.1023620161322,394.099499999997 -3.34965300723898,43.1023070308284,394.166400000002 -3.34967597356754,43.1022849863206,393.9666 -3.34980798908335,43.1022010000183,393.722099999999 -3.34985300006899,43.1021569948726,394.015799999994 -3.34991997127006,43.1021190245693,394.274699999994 -3.34997001102465,43.1020849941954,394.067599999995 -3.35002901955902,43.1020610219357,394.318700000003 -3.35010303175528,43.1020359602264,394.784199999995 -3.35030604112803,43.1019310190447,395.689199999993 -3.35042397465348,43.1018850020728,395.469800000006 -3.35051399662471,43.1018649690459,395.810800000007 -3.35059898892869,43.1017809828233,393.934699999998 -3.35068800478684,43.1017359718851,393.644199999995 -3.35076101086998,43.1017160227645,393.747099999993 -3.35079504174789,43.1017270031443,393.884999999995 -3.35095798625896,43.1016807348102,393.903999999995 -3.35122796683276,43.1016375681847,394.687999999995 -3.35162401158364,43.1016160265101,394.7978 -3.35177010819155,43.1016142667341,395.311300000001 -3.35211083289063,43.1016375681847,396.952600000004 -3.3522901222483,43.1017148493637,397.703699999998 -3.35240738473221,43.1017669846711,397.938899999994 -3.35252909028354,43.1019825671422,400.603799999997 -3.35256446144785,43.1020471917563,399.4087 -3.35269505133733,43.1022412330979,398.683300000004 -3.35278800720632,43.1023688052557,399.205100000006 -3.35285883397657,43.102467628206,399.522400000002 -3.35292966074682,43.1025664509969,400.754400000005 -3.3531288154487,43.1027047521327,401.304000000004 -3.35322839190129,43.1027856373706,402.056899999996 -3.35328295826661,43.1028019820498,402.012799999997 -3.3533859716735,43.1028619968933,402.674499999994 -3.35343601142808,43.1029210055511,403.415099999998 -3.3535329908512,43.1029990406882,405.005699999994 -3.35361496571413,43.1031029765387,407.082800000004 -3.35361898837,43.103113034499,407.418600000005 -3.35370196934605,43.1031690258577,407.960300000006 -3.35378696254832,43.1032739675409,410.299499999994 -3.35383599618979,43.1033049802036,409.7399 -3.35388301850336,43.1034939922178,413.106 -3.35391595972482,43.1035489777673,413.981499999994 -3.35397798570024,43.1035919764523,412.839699999997 -3.3540339767936,43.1037260035511,411.977799999993 -3.35406297800422,43.1037450305113,410.620899999994 -3.35409801409692,43.103817030548,409.466799999995 -3.35415501130339,43.1039669830749,408.186100000006 -3.35434301791259,43.1040490419687,410.460699999996 -3.35440495944635,43.104074020214,410.786500000002 -3.3544140126678,43.1040789654909,410.855100000001 -3.35447402641698,43.1041600181279,411.411800000002 -3.35458902604471,43.1042569971589,412.274099999995 -3.35466496602557,43.1042549849487,412.3272 -3.35480201031037,43.1042040231455,412.861999999994 -3.35482397142411,43.1042050292515,412.921499999997 -3.35502496946893,43.1042089684119,413.781400000007 -3.35518196264124,43.1042060347015,414.713399999993 -3.35533903935687,43.1042210384018,416.051900000006 -3.35538597812711,43.1042229666616,416.338699999993 -3.35543501176858,43.1042359581469,416.878200000006 -3.35548102886733,43.1042580026081,417.464699999997 -3.35555504106358,43.1042649594242,418.0288 -3.35570499324071,43.1042760239541,419.782600000006 -3.35575201555424,43.1042920330859,420.2889 -3.35597296248657,43.1043229625932,421.870899999994 -3.35606298445783,43.1043529699327,422.218699999998 -3.35620002784433,43.1043750143518,423.273000000001 -3.35622902995326,43.1043839827047,423.416800000006 -3.35626800515849,43.1043890119077,423.719800000006 -3.35637202467849,43.1043999924641,424.395300000004 -3.35643899587957,43.1044210307638,424.505000000005 -3.3567109886796,43.1044210307638,425.837299999999 -3.3568030219788,43.1044330167607,426.417600000001 -3.35692196161736,43.104489008224,427.036500000002 -3.35702799246526,43.104509962542,427.431400000001 -3.35735002501991,43.1045080349471,429.182799999995 -3.35749402675659,43.1045230385733,429.917799999996 -3.35765898259557,43.104569977023,430.895499999999 -3.35789401061997,43.1046620101752,432.433099999995 -3.35813499088147,43.104722025163,434.248600000006 -3.35816197986587,43.1047190075265,434.457999999999 -3.35836398402381,43.1047190075265,435.987500000003 -3.35843799622007,43.1047299873678,436.811600000001 -3.35846800354381,43.1047380341781,437.3946 -3.35859700072031,43.1047459970367,438.176000000007 -3.35872801012304,43.1047630121423,438.506899999993 -3.35882498864782,43.1047950314586,438.024799999999 -3.35889003206429,43.1047889961926,437.8024 -3.35913503498163,43.1048029943097,436.251600000003 -3.35919798352684,43.1048159863278,435.986499999999 -3.35928197061603,43.1048289776872,436.052899999995 -3.35945899621918,43.1048660261329,435.744999999995 -3.35949403231187,43.1048780120427,435.888900000005 -3.35956502706712,43.1048869809778,436.060400000002 -3.35967600314067,43.1049189995734,435.977100000004 -3.35982997887193,43.1049469950892,436.431200000006 -3.35992000084319,43.1049619986078,436.635999999999 -3.36026097617223,43.1049950232572,438.193599999999 -3.36028201471619,43.1049999684596,438.373800000001 -3.36037999935409,43.1050139665286,439.187099999996 -3.36043699656056,43.1050060037048,439.364799999996 -3.36055803107039,43.1050139665286,440.485199999996 -3.36061201083581,43.1049970354431,440.319199999998 -3.36066699581601,43.1049950232572,440.624299999996 -3.36087402874293,43.104983959513,441.100000000006 -3.36109296434733,43.1049240287325,440.928499999995 -3.36120402396422,43.1049189995734,440.973599999998 -3.36141298557404,43.1049849649503,442.143899999995 -3.36159897995698,43.1050220133015,442.915999999997 -3.36169897592285,43.1050240248306,443.552599999995 -3.36196099382997,43.1050690359748,444.872799999997 -3.36203500602623,43.1051149685708,445.6728 -3.36211203566354,43.1051220092397,446.163100000005 -3.36221102641456,43.1051469870471,446.908599999995 -3.36233901747794,43.1051769946386,448.091700000004 -3.36241101834626,43.1051930041906,448.495500000005 -3.36258703873462,43.1052270348045,450.220799999996 -3.36271402458319,43.1052739733702,451.680800000002 -3.36283296332345,43.105285037062,452.953899999993 -3.362890966643,43.1053120269785,453.528699999995 -3.36292600273573,43.1053280364952,453.840400000001 -3.36309699345681,43.1053550263927,455.762199999997 -3.36322397930537,43.1053860393129,457.048200000005 -3.363357000036,43.1054019648604,458.792199999996 -3.36370401114541,43.1054280325893,460.581999999995 -3.36380702455233,43.1054459696411,461.997300000003 -3.36408999746008,43.1054980217565,463.707299999995 -3.36421396586759,43.1054789946852,462.665999999997 -3.36438696791657,43.1054609736933,462.558199999999 -3.36450599109846,43.1054250149875,462.678199999995 -3.36460799929056,43.1053720413291,462.465299999996 -3.36461403417263,43.1053670122068,462.450599999996 -3.36464596928098,43.1052990350657,462.435800000007 -3.36465896071664,43.1052410321656,462.496400000004 -3.36467295916371,43.1052090137384,462.501300000004 -3.36468603504099,43.105151010753,462.479000000007 -3.36471998147724,43.1051110288128,462.501300000004 -3.36476499246287,43.1050589776801,463.069600000003 -3.36482400099724,43.1049630047013,463.285799999998 -3.36484403342808,43.1049459896513,463.214500000002 -3.36492299085,43.1048279722474,463.111799999999 -3.36496297306664,43.1047950314586,463.4087 -3.36506003513479,43.1047259642902,463.694900000002 -3.36520001331731,43.1046240401138,464.236600000004 -3.36527301940045,43.1045829690905,464.180999999997 -3.36531803038608,43.1045399697899,463.842999999993 -3.36535298293545,43.1044829729278,463.250899999999 -3.36536002303233,43.1044320113144,463.043999999994 -3.36536496915629,43.1043959687089,462.741299999994 -3.36537796059194,43.1043099704706,461.794899999994 -3.36538399547401,43.1043099704706,461.801500000001 -3.36548198011194,43.1041900255473,460.2304 -3.36549698377383,43.1041760279459,460.111000000004 -3.36550796388156,43.1041549889061,459.949600000007 -3.36563997939737,43.1040649672082,458.425199999998 -3.36589596242243,43.1039199608668,455.063500000004 -3.36591197219743,43.1039130033557,454.883600000001 -3.36595899451096,43.1038840019118,454.631699999998 -3.36603300670722,43.10383697964,453.748600000006 -3.36611397545704,43.1036919727586,453.184699999998 -3.36614599410871,43.103669006587,453.667700000005 -3.3661859763254,43.1036440281764,455.015400000004 -3.36625998852165,43.1035860256758,457.457200000004 -3.36638697437022,43.1034580336684,459.085900000005 -3.36648596422294,43.1033479797158,458.204700000002 -3.36661999106668,43.10324002045,456.597599999994 -3.36670003814504,43.1031779943873,455.027799999996 -3.36673599680756,43.1031660081446,454.937699999995 -3.36679399922881,43.1031639965545,455.753100000002 -3.36687999764591,43.103156034146,457.6924 -3.36701402448965,43.1031289606378,457.474300000002 -3.36706800425507,43.1031230091605,457.276599999997 -3.36710396201929,43.103093001874,456.342999999993 -3.36714796689177,43.1030810156147,455.975999999995 -3.36721301120658,43.1030700354776,455.547300000006 -3.36721996776013,43.1030680238843,455.532900000006 -3.36737402703472,43.1030520144325,455.282399999996 -3.36738500714244,43.1030520144325,455.174100000004 -3.36747896822621,43.1030360049765,455.251600000003 -3.36763302839912,43.1030049921776,455.0101 -3.3676490372758,43.1030009689865,454.778900000005 -3.36789596797774,43.1029940120269,454.225300000006 -3.36801901471376,43.1030009689865,452.868900000001 -3.36803804192982,43.1029950174968,452.707599999994 -3.36816502777838,43.102980014152,451.612500000003 -3.36835303348925,43.1029390266348,450.759699999995 -3.36853299299011,43.1029060015322,450.759900000005 -3.36867799994158,43.1029019783347,452.751999999993 -3.36879199345619,43.1028619968933,450.433900000004 -3.36883801055494,43.1028409580578,449.925399999993 -3.36897698262434,43.1027309876053,449.112999999998 -3.36899701505518,43.102706009468,449.119600000005 -3.36902299882476,43.1026839651038,449.154200000004 -3.3690960049079,43.1026259623495,448.979000000007 -3.36912802445787,43.1026009841693,449.035499999998 -3.36917001710416,43.1025859807279,449.430399999997 -3.36918300943811,43.1025800291978,449.395499999999 -3.36919398954584,43.1025739943693,449.281300000002 -3.36920295832562,43.1025620086643,448.853300000002 -3.36921100543396,43.1025579847883,448.722800000003 -3.36923296564937,43.1025429813364,448.678700000004 -3.36929499162479,43.1025139798993,448.758300000001 -3.36945902579231,43.1023829711783,448.181800000006 -3.36949900711066,43.1023569867627,448.031499999997 -3.3695799767588,43.1022859924581,447.7696 -3.36963596785216,43.1022279893268,446.572100000005 -3.36974996136677,43.1021890135843,446.779999999999 -3.36993302185198,43.1021679751735,449.441000000006 -3.37003100648992,43.1021529716259,451.066099999996 -3.37016201589264,43.1020949690244,450.980899999995 -3.37020199721099,43.1020849941954,451.647299999997 -3.37022898709369,43.1020529754293,451.127900000007 -3.37030098796205,43.1019969843617,448.323999999993 -3.37033602405474,43.1019900272879,448.840700000001 -3.37044096524623,43.1019460226466,447.879300000001 -3.37055898231501,43.1018910369692,446.644199999995 -3.37060600552687,43.1018839965846,446.842799999999 -3.3708169775663,43.1018199588255,447.806700000001 -3.37096399584567,43.1017389896687,447.6541 -3.3710250166063,43.1016720179262,446.1976 -3.37113498746508,43.1015939824094,445.531600000002 -3.37117102967089,43.1015619633865,445.263300000006 -3.37122400332319,43.1015179584375,444.504199999996 -3.37131896962178,43.1014649846776,444.596900000004 -3.37150597011783,43.1014000249394,445.680800000002 -3.37157403097535,43.1013720297693,446.199800000002 -3.37178902656891,43.1013010349785,447.693199999994 -3.37195498852104,43.1012430322258,448.481199999995 -3.37199295851145,43.1011919865834,447.906499999997 -3.37204400437918,43.1011749711412,447.976500000004 -3.37207300558981,43.1011570334939,447.466100000005 -3.37212103401646,43.1011479813685,447.458199999994 -3.37233200695422,43.1010889729695,447.437900000004 -3.37242797936589,43.1010390166566,447.599499999997 -3.37247600779257,43.1010220011718,449.060700000002 -3.37258497253819,43.1009589693263,447.856100000005 -3.37267599972428,43.1008820236732,446.628899999996 -3.37274003792593,43.100797031252,447.029599999994 -3.37281798923469,43.1007260364504,447.298800000004 -3.37294497508326,43.1006729787049,446.6158 -3.37295201607847,43.1006459893668,446.0478 -3.37300901328491,43.1006090249473,445.804799999998 -3.37306600959308,43.1005879866494,446.376300000004 -3.37316399423102,43.1004930193876,446.020600000003 -3.37336197483479,43.1004070209139,447.805999999997 -3.37337203327102,43.1003910114222,447.513000000006 -3.37355903376707,43.1002910156274,449.800300000003 -3.37360396031108,43.1002760122758,450.510299999994 -3.37365098262461,43.1002409753623,450.653300000005 -3.37380596446901,43.100200994151,452.875100000005 -3.37393403997402,43.1002080347291,455.092999999993 -3.37400796862695,43.1001630239464,453.719800000006 -3.37410301936717,43.1001640294628,455.336200000005 -3.37413302579261,43.1001640294628,455.182100000005 -3.37430502262681,43.1001869962934,457.553400000004 -3.37444097725516,43.1001409793225,455.983099999998 -3.37453996800621,43.1000829767827,454.486999999994 -3.37463099519226,43.099978035533,452.343200000003 -3.37471799882414,43.0999740121431,452.933099999995 -3.37476996726166,43.0999180211419,451.827099999995 -3.37488999565833,43.0998350397381,451.351200000005 -3.37489795832504,43.0998310169947,451.332200000004 -3.37494397542375,43.0997420010212,451.309399999998 -3.37506903348774,43.0996320302497,454.764999999999 -3.3750840371496,43.099599005331,455.074900000007 -3.37511597225795,43.0995590237004,455.649300000005 -3.37522401443382,43.0994740314104,456.583299999998 -3.3753619812884,43.0994049647982,456.334199999998 -3.3754130262578,43.099355008423,455.326499999996 -3.37554797567137,43.0992540067167,454.493199999997 -3.37574101015119,43.099113022922,454.5429 -3.37578996114765,43.0990609712811,454.072 -3.37588702321577,43.0990059862922,454.666899999997 -3.37603303628035,43.0989420321053,455.597200000004 -3.37625800676685,43.0988579618498,455.773100000006 -3.37645397514442,43.0987859612285,458.747000000003 -3.37656998088526,43.0987260302839,458.9231 -3.37672596794445,43.0986100250921,456.1679 -3.37676997281697,43.0985540334996,455.054000000004 -3.37691497976844,43.098467029382,455.656700000007 -3.37700298951344,43.0984390341827,459.345499999996 -3.37701698796054,43.0984009802379,459.158599999995 -3.37705797539201,43.0983579811868,458.356100000005 -3.37718001601491,43.0982689650396,456.7356 -3.37721899122015,43.0982399642017,456.313399999999 -3.37734698318182,43.0981979705863,460.020099999994 -3.37753096623686,43.0981910137367,467.284599999999 -3.37763498575686,43.0981780216246,466.614300000001 -3.37772299550189,43.0981770160756,466.953399999999 -3.37795500608524,43.0981650295098,468.055500000002 -3.37802398951255,43.0981719863622,468.439199999993 -3.37806799438507,43.0981819611728,469.021200000003 -3.37814896403321,43.0982399642017,470.914699999994 -3.37827200987094,43.0982869861807,473.061100000006 -3.37842598560219,43.0982869861807,475.083499999993 -3.37846898436159,43.0982900041343,475.543099999995 -3.37852698768118,43.0983090308162,476.156900000002 -3.37865103963202,43.0982989727226,474.707899999994 -3.37871298206411,43.0983050073166,474.488700000002 -3.37874600682891,43.0983149821055,474.512799999997 -3.37888699022624,43.0983319970307,472.778099999996 -3.3790139760748,43.0983159876523,471.304199999999 -3.37913702281083,43.0982579846955,469.382899999997 -3.37929300987002,43.098166035715,468.979500000001 -3.3794424589906,43.0979735032332,465.612800000003 -3.3797278627395,43.0977578371161,467.846000000005 -3.37988058082938,43.0974937229807,469.738599999997 -3.38001997241203,43.0972485520683,475.553499999995 -3.38013949775213,43.0971623024018,477.609500000006 -3.38031543459716,43.0970545113022,477.929499999998 -3.38049128610223,43.0969871205323,478.512400000007 -3.38063076122821,43.0969359073545,478.097699999998 -3.38079999214964,43.0968820119571,478.664699999994 -3.38099252447121,43.0968119388175,478.331699999995 -3.38117843531085,43.0967553611287,483.509600000005 -3.38131447348253,43.0967121943105,484.301800000001 -3.38140742845318,43.0966664292373,484.980100000001 -3.38158671781085,43.0965640023025,489.514800000004 -3.38162988455517,43.0965101065778,489.108900000007 -3.3817294610078,43.0963996334441,489.283599999995 -3.38179911457831,43.0963133832379,490.403699999995 -3.38186549917948,43.0962459929642,491.843399999998 -3.38194403798644,43.0961760037152,492.520199999999 -3.38199399419773,43.0961419733179,493.184299999994 -3.38204596173692,43.0961309932483,493.320600000006 -3.3820509914042,43.0961319988309,493.333599999998 -3.38211628634893,43.0961713943059,493.526400000002 -3.38212626034353,43.0962521956853,493.307799999995 -3.38213497759503,43.096313970318,493.572799999994 -3.38215199258486,43.0963429714121,493.345700000005 -3.38223572814573,43.0964489185658,492.832500000004 -3.38227562592075,43.0964974499572,493.403399999996 -3.38235190097323,43.0965298041968,493.985199999996 -3.38244158787288,43.0965728871817,494.3698 -3.3825909534501,43.0966052413815,494.543300000005 -3.38273369664708,43.0966322311888,492.097399999999 -3.38286646674775,43.0966591370225,493.0861 -3.38292287645602,43.0966726319158,493.496100000004 -3.38299588343746,43.0966833606588,493.579500000007 -3.38305564565839,43.0966833606588,493.715400000001 -3.38314860152735,43.0966779962875,494.079100000003 -3.38321825509785,43.0966753141017,494.793799999999 -3.383291261181,43.0966779962875,495.796900000001 -3.38345060165115,43.0966402777516,496.859400000001 -3.38352369127759,43.0966025591925,496.631599999993 -3.38356677447862,43.096575569372,496.714000000007 -3.38361991611588,43.0965243558501,496.138000000006 -3.38366970434221,43.096481272831,495.997499999998 -3.38371287108653,43.0964381897816,496.483600000007 -3.38373273643075,43.0964112005447,496.814799999993 -3.38376592828217,43.0963842946021,497.346300000005 -3.38385888415115,43.096219841299,497.699200000003 -3.38396298721448,43.0960660337546,498.084799999997 -3.38402803063092,43.0959190150067,499.354000000007 -3.38407496940116,43.0958809608077,499.905100000004 -3.38427999100014,43.0958320104248,499.954500000007 -3.38443698327415,43.0958809608077,500.892699999997 -3.38449398048059,43.0959210268349,501.7304 -3.38455600645601,43.0959480162878,502.156799999997 -3.38459095900541,43.0959650312148,502.352199999994 -3.38466002597605,43.0959989784037,502.551800000001 -3.38482598792814,43.0960750020127,502.638800000001 -3.38493000744814,43.0961259640229,502.555500000002 -3.38500301353129,43.0961399621529,501.959900000002 -3.38507199695859,43.0961689633294,502.319300000003 -3.38509697461506,43.0961829607937,502.587299999999 -3.38511901927213,43.0961989707298,502.847599999994 -3.38514399692862,43.0962360184943,504.077000000005 -3.38515900059048,43.0962520277605,504.682199999996 -3.38520501768922,43.0962820351201,505.186900000001 -3.38524600512069,43.0963100306496,505.278300000005 -3.38529202132114,43.0963500124338,505.653600000005 -3.38536502830258,43.0963719731485,504.716899999999 -3.38544700316551,43.0964189952501,505.276899999997 -3.38551003525405,43.0964410399021,505.445399999997 -3.3856889886418,43.0965210032734,507.079599999997 -3.38570198007746,43.0965270380425,507.294800000003 -3.38581496837725,43.0965709593369,508.458299999998 -3.38592896279018,43.0965879747467,509.044599999994 -3.38602300741728,43.0966250222758,511.796000000002 -3.3860789985106,43.0966130367181,510.772500000006 -3.38623297424189,43.0966049901518,510.926800000001 -3.38640002495214,43.0965830295207,510.301300000006 -3.38655500679651,43.096531983273,507.907600000006 -3.38675298740031,43.0964350051245,508.123399999997 -3.38681702470363,43.0963680334838,506.551999999996 -3.3868659757001,43.0963329969579,506.406400000007 -3.38689195946971,43.0963129640823,506.452099999995 -3.38692598944929,43.0962739885102,505.637400000007 -3.3870190288616,43.0962149800057,507.609800000006 -3.38713997982807,43.0961640180696,513.577999999994 -3.38724198712184,43.0961230305812,513.815900000001 -3.38733276367793,43.0961603296232,512.260500000004 -3.38750534711199,43.0962429755659,512.435100000002 -3.38770299174588,43.096283962974,513.937600000005 -3.38789200446817,43.0962739885102,516.0141 -3.38800985355198,43.0962681209849,517.296900000001 -3.38808302762008,43.0962520277605,518.174100000004 -3.38829098311679,43.0961119665456,518.679300000003 -3.38839299041056,43.0960879939151,518.157999999996 -3.38850597871035,43.0960839709256,518.334700000007 -3.38867797554455,43.0961080268642,519.8753 -3.38873103274018,43.0961259640229,520.342999999993 -3.38898357970924,43.0961747469018,522.623300000007 -3.38914509859396,43.0961298197405,521.022200000007 -3.38913302882982,43.0960480126157,520.237699999998 -3.3891207910807,43.095995038715,519.970199999996 -3.38909002917209,43.0958880018825,519.214300000007 -3.38900101331398,43.0957539753364,517.844899999996 -3.38897502954437,43.0955689867216,516.421300000002 -3.38895700844146,43.0954860059834,516.212599999999 -3.38889900602021,43.0953850037988,514.895399999994 -3.38885198370664,43.0952710100307,513.881399999998 -3.3888059666079,43.0951349715921,513.291400000002 -3.38879498650021,43.0950509853214,512.971799999999 -3.38882105381311,43.0948049761367,512.996199999994 -3.38883656053154,43.094664914236,513.136400000003 -3.38887637476327,43.0945409463493,514.3171 -3.38910654200367,43.0944025611751,515.454700000002 -3.38926202600629,43.0943410378211,516.169699999999 -3.38930502566402,43.0943189930691,516.452000000005 -3.38938197085967,43.0942820294218,517.152100000007 -3.38940099807569,43.0942810231529,517.310500000007 -3.38944701517444,43.0942550392347,517.687300000005 -3.38949797660051,43.0942179915836,518.137900000002 -3.38960099000739,43.0941129661566,519.172999999995 -3.38963602699842,43.0940899996717,519.536699999997 -3.38970400431261,43.0940109587139,520.371299999999 -3.38980500549327,43.0939429814275,521.471300000005 -3.38994699500372,43.0938109664578,522.482900000003 -3.39011002305809,43.0936920269242,523.648000000001 -3.39019602147519,43.0936330185555,524.339099999997 -3.39034102842666,43.0936070343624,524.803599999999 -3.39051101393295,43.0935799612236,525.682100000005 -3.39074897585507,43.0935470202868,526.576700000005 -3.39076297340381,43.093550037818,526.628700000001 -3.39097998122364,43.0935129897405,527.563299999994 -3.39100001365447,43.0935099722075,527.590400000001 -3.3911150132822,43.093482982336,527.988100000002 -3.39131601132702,43.0935050267329,529.554199999999 -3.39135096387642,43.0935020091995,529.840200000006 -3.39142103696014,43.093498991666,530.321800000005 -3.39152396682373,43.0934979860401,530.919699999999 -3.39162396278957,43.0935119834588,531.683199999999 -3.39165397011331,43.0935139953661,531.9421 -3.39185697948607,43.093524975905,533.0674 -3.39203702253026,43.0935350341266,534.000400000004 -3.39210701207069,43.0935519657579,534.466199999995 -3.39238202231177,43.0935659631644,535.991399999999 -3.3926110154541,43.0935689806947,537.160399999993 -3.39264999155763,43.0935650415056,537.375400000004 -3.39278502361619,43.0935780332846,538.072700000004 -3.39286096359706,43.0935839843777,538.459499999997 -3.39302902131871,43.0936210324122,539.246700000003 -3.39303002653353,43.0936229603499,539.256099999999 -3.39306598519605,43.0936389696433,539.386199999994 -3.39311602495063,43.0936379640198,539.5674 -3.3932199609273,43.0936579964584,540.345700000005 -3.39341500763339,43.0936829743511,541.761199999994 -3.39360896468299,43.0936880037772,542.493600000002 -3.39369898665425,43.0936859918756,542.655700000003 -3.39389403336031,43.0937159991807,543.657300000006 -3.3940249592197,43.0937060249546,544.483099999998 -3.39419402215618,43.0937220342263,545.238200000007 -3.39431597833746,43.0937180110812,546.058000000005 -3.39441798652956,43.093721028604,546.608999999997 -3.39461001579459,43.0937750081253,547.638600000006 -3.39467799310875,43.0937699787064,547.996199999994 -3.39482802882921,43.0937790312666,548.740399999995 -3.39503196077175,43.0937809591993,550.181200000006 -3.39525902612948,43.0938109664578,551.373000000007 -3.39537000310137,43.0938050153867,551.988100000002 -3.39551400393972,43.0938230358737,552.965200000006 -3.39553001371472,43.0938220302531,553.093299999993 -3.39564300111622,43.0938340163571,553.810400000002 -3.39567996589184,43.0938380394945,554.037100000001 -3.39575598941601,43.0938320051163,554.423999999999 -3.39586403249017,43.0938460024587,555.055099999998 -3.39593301501918,43.0938520374915,555.496899999998 -3.39609202041772,43.0938709809307,556.5239 -3.39619000415733,43.0938670411052,557.091499999995 -3.39622998637401,43.0938719865505,557.382599999997 -3.39629402367733,43.093893025188,557.8361 -3.39643903062883,43.0938879957788,558.547399999996 -3.39645998562946,43.0939149854718,558.698600000003 -3.39651597672281,43.0939569787446,559.552299999996 -3.39658495925179,43.0940060132798,560.708899999998 -3.39661697880176,43.0940299854134,560.978900000002 -3.39663097635053,43.094065021945,561.268100000001 -3.39665201489449,43.0940820367391,561.474600000001 -3.39670599465991,43.0941110382343,561.703399999999 -3.39672896098847,43.0941350103268,561.778900000005 -3.39676701452221,43.0941630061819,562.574099999998 -3.39679501051802,43.094211034282,563.363599999997 -3.39684396061619,43.0942260378077,563.151400000002 -3.39687396793994,43.0942439755176,563.404299999995 -3.39688603770411,43.0942920035542,564.505699999994 -3.39695502113138,43.0943599811091,565.907800000001 -3.39702702110141,43.0943739789868,566.685599999997 -3.39708502442099,43.0943970286742,567.270300000004 -3.39714000940123,43.0944120328103,568.270099999994 -3.39719700660767,43.0944560376186,569.319399999993 -3.3971499833958,43.0945510044041,570.367800000007 -3.39714503817018,43.0946560297359,571.960500000001 -3.3971560191762,43.0947739631043,574.071899999995 -3.39717001672497,43.0948850229848,576.432700000005 -3.39715098950892,43.094923999441,577.058600000004 -3.39713699196018,43.0950140208041,578.566200000001 -3.3971479720679,43.0950369869425,579.046000000002 -3.39717303416599,43.0950750410099,579.893700000001 -3.39722097815105,43.0951089880363,580.692599999995 -3.39726297169563,43.0951499755475,581.400999999998 -3.39730496524021,43.0951830002419,582.018599999996 -3.39735802243584,43.0952199640012,582.919200000004 -3.39739297498524,43.0952420084289,583.660199999998 -3.39743396241671,43.0952539949109,583.905499999993 -3.39754301160399,43.0952990053665,584.682000000001 -3.3975710067015,43.0953099855852,584.820000000007 -3.39762599168171,43.0953089799891,585.265400000004 -3.3977020161042,43.0953170267258,585.376499999998 -3.39772900598692,43.0953280069413,585.467699999994 -3.39785004049672,43.0953389871548,586.061799999996 -3.39787099549737,43.0953529848088,586.077300000004 -3.39795799912926,43.0953720117473,586.963300000003 -3.39805196021303,43.0953770410347,587.469299999997 -3.39822202926262,43.095356002251,590.661600000007 -3.39823401548345,43.0953519792133,591.187399999995 -3.39828698913576,43.0953529848088,591.967900000003 -3.39837701020869,43.0953740235935,592.311100000006 -3.39850399605725,43.0954020188822,592.780199999994 -3.39863802290103,43.0953990014423,593.691000000006 -3.39864699168082,43.0954010132876,593.813599999994 -3.39867196933728,43.095405036322,594.171000000002 -3.39879803351439,43.0954269973755,595.193100000004 -3.39886802215648,43.0954280029697,595.095600000001 -3.39894597436358,43.0954399894153,595.525099999999 -3.39909198652986,43.0954379775713,595.962199999994 -3.39911302507382,43.09545499264,596.358800000002 -3.39916599872612,43.0954730139533,596.728300000002 -3.39919097728091,43.0954929624843,597.342099999994 -3.39929700812882,43.0955239758085,598.333899999998 -3.3993469643401,43.0955219639672,598.209300000002 -3.39939197532574,43.0955300106759,598.431100000002 -3.39951502116346,43.0955190304966,598.538400000005 -3.3995880281449,43.0955109837865,598.682100000005 -3.39972096533224,43.0955040266317,598.406499999997 -3.39982800229329,43.0955369678278,598.600999999995 -3.39991802336622,43.0955809724836,599.082699999999 -3.39994300192101,43.0955949707382,599.265599999999 -3.39999203556248,43.0956050286199,599.435400000002 -3.40007602265164,43.0956200324601,599.792700000005 -3.40016470253988,43.0956181885485,600.159299999999 -3.40034399189754,43.0956110634794,600.8704 -3.40050551078226,43.0956092195675,601.434899999993 -3.40067591490343,43.0956002512411,602.104800000001 -3.40087289029242,43.0955840738779,602.928100000005 -3.40106978123974,43.0955804700157,603.818499999994 -3.40126013424846,43.0955804700157,604.700700000001 -3.40163405079896,43.095596646724,606.281600000002 -3.40188852555263,43.0956253969241,607.604099999997 -3.40227803236489,43.0956703237994,609.800399999993 -3.40252144256921,43.0956990739649,611.072100000005 -3.40295738509514,43.0957493652394,613.696200000006 -3.40359759553352,43.0958248020735,617.436100000006 -3.40406010842889,43.0958805416492,620.190700000006 -3.40435657672717,43.0959182606531,622.003200000006 -3.40492310914255,43.0959829690713,625.211200000005 -3.40545636616321,43.0960565617193,628.798200000005 -3.40578166768716,43.0960945318466,630.4473 -3.40619548201269,43.0961214379164,630.252200000003 -3.40663142543691,43.0961448234521,633.158299999996 -3.40701422632554,43.0961627606,634.688500000004 -3.40727314324832,43.0961537916987,635.554000000004 -3.40746098187256,43.096147002542,636.118600000002 -3.40754002373607,43.0961309932483,636.2644 -3.40773398078571,43.0961269696056,636.649099999995 -3.40777697954511,43.0961119665456,636.685100000002 -3.40779801808906,43.0961029976369,636.712499999994 -3.40782701929969,43.0960950349661,636.745299999995 -3.407975966262,43.0960810368259,637.008900000001 -3.40809096588972,43.0960790256588,637.149799999999 -3.40820998907161,43.0960699727827,637.554399999994 -3.40849396809248,43.0960230343758,638.087599999999 -3.40862296526898,43.0960269740626,638.410699999993 -3.40869203223958,43.0960249622379,638.6777 -3.40876403220961,43.0960419771435,639.219899999996 -3.40881398842086,43.0960900057378,639.905400000003 -3.40883402175003,43.0961009858147,640.154699999999 -3.40888003795045,43.0961490143628,641.472500000003 -3.40894902137776,43.0961729863134,642.023499999996 -3.40895203881881,43.0961719807314,641.981 -3.40896997637838,43.0961839670315,642.617199999993 -3.40908195856509,43.0961900018338,643.428 -3.40911297110362,43.0961889962521,643.174499999994 -3.40913903931486,43.0961999763113,643.257899999997 -3.40924599183428,43.0962039992932,643.586599999995 -3.40932897281033,43.0962230266233,644.726800000004 -3.40940801467387,43.0962419693291,645.162899999996 -3.40944900210534,43.0962500159432,645.286099999998 -3.40951597330638,43.0962709711132,646.1538 -3.40959803171264,43.0962810295399,646.244000000006 -3.40963499648827,43.0963090250699,646.573900000003 -3.40973499245414,43.0963350087725,647.387799999997 -3.40984697464081,43.0963759961191,648.527100000007 -3.40988100462039,43.0963759961191,648.505699999994 -3.40992802783226,43.0963920060047,648.624200000006 -3.4099560229298,43.0963950233957,648.551300000006 -3.40999701036127,43.0964090208083,649.173999999999 -3.41007697389626,43.0964200014839,649.447700000004 -3.4101479686515,43.0964269585347,649.335500000001 -3.41022700961671,43.096444979562,650.242100000003 -3.41030596793693,43.0964690353589,651.107600000003 -3.41034100402962,43.0964670235487,650.929000000004 -3.41041903978005,43.0964840389874,651.476500000004 -3.41062003782487,43.096531983273,652.829899999997 -3.41063001181947,43.0965370124651,653.024099999995 -3.41068700902594,43.0965520160769,653.459499999997 -3.41085498230597,43.096562996727,653.772500000006 -3.41093100583013,43.096565007878,654.132100000003 -3.41099403791867,43.0965790059077,654.699999999997 -3.41107299534058,43.0965820232895,654.991299999994 -3.41115295887561,43.0965950150843,655.431100000002 -3.41121498485103,43.0965940095092,655.710600000006 -3.41140500278813,43.0966250222758,657.080600000001 -3.41144096145065,43.0966410320963,657.457399999999 -3.41151103363607,43.0966550301086,658.1103 -3.41155596107837,43.0966660100842,658.6054 -3.41167397814711,43.0966810136644,659.625 -3.41179803009796,43.0967090090116,660.819199999998 -3.41196600337802,43.0967299640246,662.200100000002 -3.41200397336843,43.0967349932004,662.535799999998 -3.41199802202966,43.0967359987732,662.486099999995 -3.41204001557428,43.0967400223758,662.876999999993 -3.41214998643302,43.0967560315103,664.004700000005 -3.41220698363949,43.0967619829506,664.567899999995 -3.41224595884472,43.0967670121238,664.877200000003 -3.41228996371724,43.0967629885229,665.168600000005 -3.41231896582619,43.0967690239241,665.349199999997 -3.41240303556036,43.0967710350685,665.808300000004 -3.41244997433059,43.0967800038793,666.210999999996 -3.41252599875308,43.0967810101073,666.839500000002 -3.41261995983685,43.0967990310304,667.958299999998 -3.41281098298877,43.0968390124953,669.952699999994 -3.41283202153273,43.0968469750694,670.284 -3.41290201017482,43.0968459694985,670.808199999999 -3.4129539786123,43.0968570334014,671.284 -3.41303695958838,43.0968509986648,671.5864 -3.41309001678398,43.0968619792612,671.917499999996 -3.41314097910839,43.0968589612372,672.088000000003 -3.41319697020174,43.0968479812962,672.144199999995 -3.41334298236799,43.0968230033826,672.233399999997 -3.41344599577488,43.096814034578,672.572899999999 -3.41348203798072,43.0968199853567,672.780599999998 -3.41353400641824,43.0968339833281,673.712 -3.41362402749117,43.0968550222599,675.008600000001 -3.41379996433621,43.0968939981182,677.579500000007 -3.41381303931516,43.0968980210545,677.771599999993 -3.41384497442351,43.0969090016425,678.200100000002 -3.4140009614827,43.0969250107328,680.507899999997 -3.41411202199792,43.0969349850906,681.813200000004 -3.41418896809186,43.0969369968854,682.286399999997 -3.41427102649812,43.0969489830357,682.547900000005 -3.41438996613668,43.0969530066243,683.181100000002 -3.41454000185714,43.0969420260442,683.383100000006 -3.4146669877057,43.0969570295568,684.439100000003 -3.41479104055487,43.0969449601026,684.569600000003 -3.41485298208863,43.0969290343231,684.471699999995 -3.41489698696115,43.0968909800958,683.626699999993 -3.41498700893241,43.0968720375908,683.701400000005 -3.41505800368762,43.0968879627292,684.607600000003 -3.41512396967388,43.0969120190081,685.778699999995 -3.41522295952663,43.0969110134382,686.443199999994 -3.41545002578266,43.0969100072124,687.860199999996 -3.41549503586999,43.0969130245779,688.3652 -3.41558396818481,43.0969140308036,689.118300000002 -3.41566300915002,43.0969159586377,689.756699999998 -3.41580198121942,43.0969090016425,690.505399999995 -3.41591396340609,43.0968970154845,691.357099999994 -3.41608202112778,43.0968410242933,691.519899999999 -3.41618604064779,43.0968169679866,691.021099999998 -3.41635996436825,43.0968039762389,690.798899999994 -3.41658703062431,43.0966840310412,689.515799999994 -3.41663497460933,43.0966700336915,689.499599999996 -3.41683899009521,43.0966680218879,691.293999999994 -3.4169249885123,43.0966769907138,692.010599999994 -3.41699497805269,43.0966800080908,692.544800000003 -3.41703998814003,43.0966919942913,693.289300000004 -3.41709396790545,43.0966950116676,693.668900000004 -3.41713503977854,43.0966950116676,693.966100000005 -3.41722195986713,43.0967100152406,694.885599999994 -3.41727702839066,43.0967100152406,695.095100000006 -3.41733796560797,43.0967009624578,695.429900000003 -3.41740200291132,43.096686965112,695.871799999994 -3.41740200291132,43.0966899824884,695.941900000005 -3.41742496923985,43.0966950116676,696.323600000003 -3.41745799400464,43.0966859588825,696.2834 -3.41754801597591,43.0966850372707,696.796000000002 -3.41766603304468,43.0966769907138,697.608900000007 -3.41769402814219,43.0966830254676,698.0147 -3.41771900669698,43.096688976259,698.362500000003 -3.41776401768262,43.0966940054382,698.839900000006 -3.41783400632471,43.0966980290436,699.463600000003 -3.41788396253596,43.0967009624578,699.805800000002 -3.418075991801,43.096713032616,701.531499999997 -3.41813600644848,43.0967299640246,702.311199999996 -3.41817598776683,43.0967390161472,702.967000000004 -3.41825603484519,43.0967639947511,704.864100000006 -3.41829299962082,43.0967739691351,705.071100000001 -3.41846298422875,43.0967889726888,706.024000000005 -3.41858200741064,43.096787966461,707.074200000003 -3.4187089932592,43.0967960136593,708.5916 -3.41875500945962,43.0968059880381,709.280899999998 -3.41891401485819,43.0967520085646,708.900399999999 -3.41907603679945,43.0967029742603,710.573300000004 -3.41921098531472,43.0966410320963,711.9565 -3.41926898773597,43.0966110249126,712.866899999994 -3.41931098128055,43.0965850406711,713.464699999997 -3.41947702677598,43.096531983273,715.051699999996 -3.41950099921765,43.096531983273,715.045899999997 -3.41953402398245,43.0965289658888,715.188299999994 -3.41956696430561,43.0965449757344,715.636199999994 -3.41965598016373,43.0965709593369,716.385299999994 -3.41966503338518,43.0965700370674,716.416800000006 -3.41979998190041,43.0965990386962,716.912700000001 -3.41985798432167,43.0966070013015,717.181400000001 -3.41988598031751,43.0966339911081,717.609899999996 -3.4199129693019,43.0966530183045,717.882500000007 -3.41998002494461,43.0966759844842,718.735400000005 -3.42000802004212,43.0966790018612,719.0144 -3.42003500992481,43.0966680218879,719.0959 -3.42006099369442,43.0966680218879,719.482600000003 -3.42023701408278,43.096696017241,721.032300000006 -3.42044496868116,43.0967179778315,721.801500000001 -3.42052702798572,43.0967280361847,721.903399999996 -3.42060003406886,43.0967199896335,722.021900000007 -3.42066398782889,43.0967179778315,722.334099999993 -3.42072802603054,43.0967110208138,722.210200000001 -3.42086498587371,43.0966639982805,723.330400000006 -3.42088401308973,43.0966530183045,723.454899999997 -3.42091703785452,43.096640026522,723.779999999999 -3.42096196529683,43.0965930039342,723.718999999997 -3.42101896160496,43.096562996727,724.204400000002 -3.42106799614476,43.09655503346,724.722200000004 -3.42121903797833,43.0964960252263,725.0429 -3.42123303552707,43.0964909960308,725.092799999999 -3.4212600254098,43.0964930078403,725.332500000004 -3.42129103794836,43.0964830334105,725.281900000002 -3.42137301370959,43.0964690353589,725.476999999999 -3.42140503236126,43.0964719687841,725.944699999993 -3.42145800601357,43.0964530261494,725.771699999998 -3.42152799465566,43.0964660179716,726.513699999996 -3.42155003931273,43.0964650117384,726.648100000006 -3.42159396064192,43.0964589769632,726.887799999997 -3.42165598661734,43.0964690353589,727.294200000004 -3.42173301625465,43.0964520199161,727.798999999999 -3.42179697001467,43.0964589769632,728.484100000001 -3.42188003453405,43.0964640061613,729.398499999996 -3.42194398829408,43.0964759924041,729.790200000003 -3.4220060151678,43.0964849612582,729.728799999997 -3.42203199893741,43.0964810216008,729.480100000001 -3.42212897746222,43.0964810216008,730.963199999998 -3.42216401355492,43.096470963207,731.119300000006 -3.42225101808513,43.0964599831964,731.995999999999 -3.42240901647226,43.0964200014839,733.214699999997 -3.42249501488935,43.0963989624027,734.189599999998 -3.42264002184082,43.0963719731485,735.130099999995 -3.42277597646921,43.0963409595978,735.745800000004 -3.42281604222918,43.0963520242479,736.613100000002 -3.42286700365525,43.0963429714121,737.075200000007 -3.42294797330337,43.0963360143519,737.535600000003 -3.42316598633801,43.0962950269785,737.922900000005 -3.42323496976529,43.0963100306496,738.713900000002 -3.42329096085864,43.0963210106871,739.453500000003 -3.42347100390284,43.0963319913786,740.039099999995 -3.42348701277951,43.0963289739844,739.926999999996 -3.4235979897514,43.0963090250699,739.304600000003 -3.42375095936954,43.096238030312,739.995899999994 -3.42382103245329,43.096195031054,741.232199999999 -3.42385296666331,43.0961889962521,742.020900000003 -3.42388800365433,43.0961589888469,742.255999999994 -3.42391599875185,43.096096962826,742.657699999996 -3.42392899108583,43.0960330088805,743.367199999993 -3.42402596961062,43.0959940331301,744.563699999999 -3.42415496678712,43.0959829690713,745.9761 -3.42425999242023,43.0959600026317,746.732900000003 -3.42432503583671,43.0959460044605,747.434699999998 -3.42447699934173,43.0959340187699,749.185899999997 -3.42448596812155,43.0959299951143,749.204199999993 -3.42459199986778,43.0959190150067,750.334700000007 -3.42461303841174,43.0959269777003,750.625799999994 -3.42465301973009,43.0959279832864,751.074699999997 -3.4246569588426,43.0959370361835,751.330400000006 -3.4247240144853,43.0959350243558,751.809699999998 -3.42478402913282,43.0959269777003,752.305699999997 -3.42484999422075,43.0959289895283,752.964999999997 -3.42494303363306,43.0959129801776,753.664000000004 -3.42500103605431,43.0959239602863,754.478300000002 -3.42507898826141,43.0959279832864,755.308600000004 -3.4251140243541,43.0959279832864,755.590299999996 -3.42523003009494,43.0959200205928,755.848199999993 -3.42535902727144,43.0958800391838,755.007599999997 -3.42553001799252,43.0958610124031,754.399999999994 -3.42556698276815,43.0958650354074,754.623000000007 -3.42560302497396,43.0958689751043,754.811100000006 -3.42569899738566,43.0958310048372,754.973599999998 -3.42572900470941,43.0958269818308,755.213699999993 -3.4258150031265,43.0957819704513,756.042100000006 -3.42583403034256,43.0957760195718,756.276400000002 -3.42586001411214,43.0957659610622,756.584799999997 -3.4259164238204,43.0958037634437,756.788700000005 -3.42600158410934,43.0958666280788,757.458100000003 -3.42607903325986,43.095954638197,758.338900000002 -3.42611004579843,43.0960175020212,759.448999999993 -3.42625714851946,43.0961244553208,761.388399999996 -3.42636561020854,43.0961747469018,761.753500000006 -3.42652050761132,43.0961998923489,762.603700000007 -3.42667540501406,43.0962816159643,763.3364 -3.42682259127842,43.0963130480446,764.272700000001 -3.42701621325644,43.0964011421395,764.800099999993 -3.42717111065918,43.0964451468303,765.449099999998 -3.4272949955234,43.0964577194996,765.814599999998 -3.42743438710605,43.0965017248057,766.2935 -3.42755055993351,43.0965268707745,766.659599999999 -3.42769003505949,43.096539443427,767.204299999998 -3.42789136817589,43.0965897346672,768.034599999999 -3.42813150941091,43.0966714584183,769.342399999994 -3.42832513138896,43.0967281201464,771.1342 -3.42847223410999,43.0967658386282,772.902700000006 -3.42867365076973,43.0967406927576,773.512300000002 -3.42881304235237,43.0967595519976,774.730899999995 -3.42892150404145,43.0967218335119,774.839500000002 -3.42898344647355,43.0967092608968,775.085200000001 -3.42909182461933,43.096640026522,774.811499999996 -3.42925451670379,43.096577162025,775.113500000007 -3.42957202354603,43.0965017248057,776.004000000001 -3.42975022234895,43.0964262874935,776.278000000006 -3.42992833850684,43.0963507667821,776.390400000004 -3.43013746630499,43.0962313244711,775.837599999999 -3.43031558246288,43.0961118825831,775.472500000003 -3.43056343483631,43.0960552209408,775.409700000004 -3.43079578138958,43.095967210967,775.112699999998 -3.43093517207392,43.0958792008668,774.560700000002 -3.43105914048144,43.0958163362447,774.557400000005 -3.4311598074888,43.0957974773702,774.676900000006 -3.43125276245946,43.095734529357,774.382500000007 -3.43133021160998,43.0956842380705,774.1921 -3.43143858975576,43.0956653784993,774.605200000005 -3.43152383358803,43.0956590917557,774.952699999994 -3.43164771755392,43.0956465189225,775.432100000005 -3.43177403325928,43.095633024459,776.196299999996 -3.43186397078888,43.0956419927805,777.215100000001 -3.431873023112,43.0956450102085,777.336899999995 -3.43190898177451,43.0956630314659,778.042000000001 -3.43193898909826,43.0956770290458,778.218800000002 -3.43197201386305,43.0956770290458,777.849300000002 -3.43211903214245,43.0956770290458,778.810400000002 -3.43227703142787,43.0956939607409,779.771299999993 -3.43231600753144,43.095679040882,779.656099999993 -3.4324758501598,43.0956767778123,780.045800000007 -3.43282998580776,43.0957055279748,782.253700000001 -3.43318839563983,43.0957342774678,782.179199999999 -3.43346726145009,43.0957575791883,782.581099999996 -3.43381913334352,43.0957881732194,783.171700000006 -3.43414443576577,43.0958114749194,782.513600000006 -3.4343036917943,43.0958169233296,781.472399999999 -3.43441433279627,43.0958186832722,781.0821 -3.4344519677151,43.0958170072925,780.8747 -3.43462798720513,43.0957340262345,780.324900000007 -3.43464701442115,43.0957180168328,780.278699999995 -3.43468397829845,43.0956900210326,780.092999999993 -3.43472102661741,43.095666971176,780.214000000007 -3.4347810412649,43.0956620258756,779.6679 -3.43485999868681,43.0956239721729,779.447400000005 -3.43495999465265,43.095554989117,779.098700000002 -3.43499301941744,43.0955229702159,778.997600000002 -3.43501003440723,43.0955010091967,779.2454 -3.43508999794226,43.095480976705,778.871199999994 -3.43515797525645,43.0954669790803,778.647100000002 -3.43522997612478,43.0954109878936,778.468999999997 -3.43533097730543,43.0953600259444,778.628500000006 -3.43539501550709,43.0953430101934,778.408500000005 -3.43547900169795,43.0953030290636,778.604500000001 -3.43557497500795,43.0952649751378,778.761299999998 -3.43576700427299,43.0951919686294,778.962599999999 -3.43588703356799,43.0951939804814,778.700899999996 -3.4359519925428,43.0951890351429,778.832500000004 -3.43599700352844,43.0951880288888,778.863400000002 -3.43616195936745,43.0950870268687,779.535799999998 -3.4362099877941,43.0950649830412,779.564400000003 -3.43631903608308,43.0950140208041,779.935899999997 -3.43640302317225,43.0949870309394,780.182000000001 -3.43646002037872,43.0949669982796,780.536300000007 -3.43644401060371,43.0949329678663,780.978700000007 -3.43643001305494,43.0947319697359,782.113200000007 -3.43653503778976,43.0946100132002,782.3076 -3.43663696243853,43.0944810158418,782.380900000004 -3.43666797497709,43.0944719633854,782.506899999993 -3.43671902084479,43.0944189894332,782.4853 -3.43675196206626,43.0943830314577,782.2696 -3.43689403512004,43.0943510119438,782.630699999994 -3.43701297386027,43.0943110308223,783.009399999995 -3.43702403840962,43.0942889860595,782.675499999998 -3.4371090307136,43.0942510161247,782.802100000001 -3.43716301047902,43.0942459867448,783.039300000004 -3.43731296265614,43.0941309872089,782.013699999996 -3.43736300241072,43.094105003227,782.020600000003 -3.43739996628802,43.0940940227922,782.040299999993 -3.43749199958722,43.0940579806605,782.142600000006 -3.43759300166617,43.0940169937304,782.199800000002 -3.43767397131432,43.0939829627892,782.2448 -3.43781797215267,43.0939539612334,782.3603 -3.43783498714246,43.0939520339621,782.403000000006 -3.4379509928833,43.0939429814275,782.854800000001 -3.43816095970794,43.0938750040657,783.017999999996 -3.43819398447274,43.093860000454,782.965700000001 -3.43828098810462,43.0938220302531,782.918900000004 -3.43831300765459,43.0938109664578,782.919399999999 -3.43834502630627,43.0937900117579,782.772800000006 -3.43853202680235,43.09364198717,781.475900000005 -3.43860402677238,43.0936080406425,781.447100000005 -3.43877300616553,43.0935440027555,781.211800000005 -3.43896604154368,43.0934190282845,780.023100000006 -3.43901901519598,43.0933989957676,780.112800000003 -3.43919604079912,43.0933890214899,780.981799999994 -3.43933501286853,43.0933490397404,780.801600000006 -3.43950499747645,43.0932779608644,780.940000000002 -3.43968302919275,43.0931710078413,779.9372 -3.43979802882047,43.0931379833738,780.469700000001 -3.43988503335069,43.0931010190138,780.772800000006 -3.43992803211005,43.0930649769536,780.087 -3.43997497088029,43.0930349693296,779.905199999994 -3.44008603139551,43.0929629690773,779.485000000001 -3.440190972587,43.0928570217965,778.908500000005 -3.44029096855284,43.0927880389037,778.304999999993 -3.44037202174428,43.0927619710409,778.248999999996 -3.44047302382326,43.0927209832433,778.283899999995 -3.44056396746598,43.092636996942,777.261799999993 -3.44070796830437,43.0925230033066,776.284700000004 -3.44076597162395,43.0924970192984,775.972200000004 -3.44087501991291,43.0924619825258,775.793900000004 -3.44089698012835,43.0924499968092,775.610700000005 -3.44097803331979,43.0923950111321,774.963399999993 -3.44106403173689,43.0923280396651,774.414699999994 -3.44120903868836,43.0922479927549,773.915399999998 -3.44122496402174,43.0922400302388,773.912700000001 -3.44125497134548,43.0922210029832,773.846099999995 -3.44128196122821,43.0922049933191,773.745299999995 -3.44132001476195,43.0921849610612,773.763200000001 -3.44142001162612,43.092116983716,773.286500000002 -3.44143199694863,43.0921090205269,773.270199999999 -3.44146803915447,43.09208203135,773.106799999994 -3.44151003269905,43.0920299796364,772.549199999994 -3.44152797025863,43.0919910033063,772.224900000001 -3.44155496014135,43.0919689590203,772.155700000003 -3.44158999623405,43.0919289776558,771.751199999999 -3.44162402711196,43.0919039997037,771.6535 -3.44168697475887,43.0918390396622,771.347500000003 -3.44175503561639,43.0917610040777,771.0141 -3.44192996634827,43.0916859860167,770.910300000003 -3.44200397854453,43.091606022892,770.164099999995 -3.4420789968539,43.0915330166136,769.319199999998 -3.44215300905016,43.0914809650894,768.737999999998 -3.44239767599759,43.0912660528215,765.840800000005 -3.44253933043642,43.0911276674633,763.645900000003 -3.44273622138378,43.0908797308946,760.373800000001 -3.44291551074144,43.0906246696409,758.338699999993 -3.44310804306302,43.0904359931411,756.999500000005 -3.44320099803367,43.090347982964,756.631599999993 -3.44342404073556,43.0901779976251,755.405100000004 -3.44345396361768,43.0901589710409,755.358999999997 -3.44349000582352,43.0901309753235,754.858300000007 -3.44353300548122,43.0900500064541,754.245500000005 -3.44359796535436,43.0898970362451,751.269100000005 -3.44364699899583,43.0897699668589,750.760299999994 -3.4436119629031,43.0897309910587,749.971300000005 -3.44358799046143,43.0895610059756,748.994900000005 -3.44359402534353,43.0895060209848,748.953699999998 -3.44370500141709,43.0893439988269,748.448600000003 -3.44372000507897,43.0893149970424,748.474799999996 -3.4437569698546,43.0892490318394,748.308000000005 -3.4438410404871,43.0891450121169,748.434699999998 -3.44398403521233,43.0889799725599,749.315900000001 -3.44410699750673,43.0888529865557,750.168300000005 -3.44411596628652,43.0888249908974,750.339500000002 -3.44420003691904,43.0887590258227,750.761799999993 -3.44426197935113,43.0887079796136,751.173500000004 -3.44429601022904,43.088665986678,751.098199999993 -3.44432400532655,43.088629022243,751.114400000006 -3.44441402729782,43.0885529985751,751.435299999997 -3.44454897581305,43.0884400102637,751.643700000001 -3.44454805324323,43.08833850574,751.692500000005 -3.44450379684246,43.0882621464741,750.961800000005 -3.44499195933416,43.08792603179,749.875899999999 -3.44507602996665,43.0878729747624,749.759900000005 -3.44507896296604,43.0878700409254,749.735400000005 -3.44519798614794,43.0878009743461,749.315300000002 -3.44520603325627,43.0877960284105,749.323799999998 -3.44526797568836,43.0877559629721,749.239600000001 -3.44547098506108,43.087621014594,748.785399999993 -3.44557701590902,43.0875490138815,748.616699999999 -3.44569503297779,43.0874760073596,748.200899999996 -3.44587700470489,43.0873520393543,747.860199999996 -3.44595797345471,43.0873070283065,747.777799999996 -3.44604497798492,43.087251037532,747.634300000005 -3.44611102751451,43.0872050206808,747.266799999998 -3.44625301702496,43.0871190225708,746.783599999995 -3.44642501296082,43.0870239714388,746.332800000004 -3.44647103005957,43.0869849958594,746.052599999995 -3.44652098627082,43.0869600178592,745.969599999997 -3.4465690146975,43.086948031722,745.988899999997 -3.44659298624085,43.0869219639978,745.882500000007 -3.44674796808525,43.0868200397062,745.557000000001 -3.44684897016421,43.0867409985507,745.108699999997 -3.44691602490861,43.0867109911085,745.049499999994 -3.44695097745798,43.086678972176,744.864799999996 -3.44709699052259,43.0865850113883,744.587100000004 -3.44721701891927,43.0864939837036,744.073399999994 -3.44739396097909,43.0863980111473,743.996700000003 -3.44742799185699,43.0863809955305,743.965299999996 -3.44749496305807,43.0863550121969,743.752099999998 -3.44754299148475,43.0863250045657,743.644700000004 -3.44758498502933,43.0862840170528,743.619300000006 -3.44777500296643,43.0861230006481,743.336200000005 -3.44789796526083,43.0860720388428,742.777100000007 -3.44798496889275,43.0860329793374,742.717499999999 -3.44800600743667,43.0860110188517,742.603499999997 -3.4481350055115,43.0858999586246,742.073699999994 -3.44818303393814,43.0858650059912,742.104999999996 -3.44831798245338,43.0858070030504,742.057199999996 -3.44834002711045,43.085786970012,741.987999999998 -3.44854798170886,43.0856810227831,741.6774 -3.44859500402239,43.0856419636845,741.550399999993 -3.44865996389554,43.0856120403369,741.493799999997 -3.44872802475302,43.0855329989349,741.156799999997 -3.44887998915638,43.085421016716,740.753700000001 -3.44892902279785,43.0853940265602,740.788199999995 -3.44912297984748,43.0852470084359,740.299199999994 -3.44925901891746,43.0851630217269,739.945399999997 -3.44941601119147,43.0850819682174,739.843099999998 -3.44942900352542,43.0850770233745,739.856400000004 -3.44953696215797,43.0850129850966,739.826300000001 -3.44973402109025,43.0849060320744,739.633400000006 -3.44983996839486,43.0848590096619,739.361099999995 -3.45019100216013,43.0847129973359,738.6486 -3.45024598803867,43.0846939703663,738.595600000001 -3.45031295923974,43.0846669805463,738.544800000003 -3.45039702987223,43.0846330336369,738.291200000007 -3.45097303412397,43.0844430160181,737.391600000003 -3.45124402081092,43.0843389966632,736.942200000005 -3.451607040797,43.0841720290436,736.590200000006 -3.45165800312137,43.0841430274347,736.480500000005 -3.45183704005245,43.0840769785875,736.425700000007 -3.45197601212185,43.0840049776459,736.332500000004 -3.45199696712248,43.0839870402176,736.304900000003 -3.45218002760772,43.0839100109099,736.118900000001 -3.45226895992254,43.0838749744738,736.123399999997 -3.45235403666815,43.0838420335661,735.960099999997 -3.45250197661901,43.0837639982903,735.759999999995 -3.4525429640505,43.0837520121839,735.736399999994 -3.4525879750361,43.0837410318612,735.816800000001 -3.4526719621253,43.0837039837551,736.063399999999 -3.45290103970926,43.08361396217,737.014500000005 -3.45311896920057,43.0835179890382,737.728199999998 -3.45312802152369,43.0835110324893,737.685899999997 -3.45323002881746,43.0834719726631,734.489499999996 -3.45327797370078,43.0834360141654,733.020999999993 -3.45332298468641,43.0834169874552,732.712700000004 -3.45333698223519,43.0833920093124,732.231499999994 -3.45342197453917,43.0833390356182,731.785199999998 -3.45353303505435,43.083278015529,736.341799999995 -3.4535549952698,43.0832609997017,737.911399999997 -3.45360503502438,43.0832630119458,738.000199999995 -3.4537020135492,43.0832680409153,737.787200000006 -3.45375096454567,43.0832749974918,738.011299999998 -3.45381801929004,43.0832900010721,738.387000000002 -3.45389102627148,43.0833080226846,738.569900000002 -3.45405003077172,43.0833689587638,738.784400000004 -3.45417106528155,43.0833949427078,738.924199999994 -3.45448303939993,43.0833589841648,739.278300000005 -3.45496768139403,43.0832637657991,739.334900000002 -3.455454502701,43.08317751612,739.633000000002 -3.45581299607637,43.0831038391059,739.952000000005 -3.45609404119955,43.0830499433455,739.9041 -3.45619336702219,43.0830180084481,739.586599999995 -3.45628632199284,43.0829963834599,739.444300000003 -3.45640358537508,43.0829605086636,739.536999999997 -3.45646779066339,43.0829460922108,739.462799999994 -3.4565718101834,43.0829173419635,739.314400000003 -3.45663375261549,43.0828994048729,739.790500000003 -3.45672670758614,43.0828706546036,739.348599999998 -3.45679753435643,43.0828401446615,739.433000000005 -3.45685285530655,43.0828257275243,739.231 -3.4568879749426,43.0828170105805,738.871100000004 -3.45696324478023,43.0827917809067,739.314100000003 -3.45704899166908,43.0827610196387,739.040399999998 -3.45713163757351,43.0827287493232,738.633000000002 -3.45719114916445,43.0827127398024,739.006099999999 -3.45725778529391,43.0826910307254,738.529800000004 -3.45738586079892,43.0826336146151,738.515100000004 -3.45746900886162,43.0826069598116,738.448900000003 -3.45751401984726,43.0825860052151,738.376799999998 -3.45758727745865,43.0825600215841,738.228700000007 -3.45766472660921,43.0825276671814,738.183799999999 -3.45772004666103,43.0824917087855,738.0861 -3.45779531649869,43.082414427622,738.034199999995 -3.45786597618232,43.0824099851396,737.788700000005 -3.45808600054483,43.0823379848632,737.437300000005 -3.45821131013707,43.082297667847,737.543699999995 -3.45838900678175,43.0822400000794,737.547200000001 -3.45851666277352,43.0821916365069,737.6875 -3.45855873986143,43.0821809078495,737.772100000002 -3.45859855409315,43.0821719395251,737.744500000001 -3.45869804700241,43.082136400173,737.683099999995 -3.45876669535814,43.0821166185356,737.807100000005 -3.45888177852916,43.0820806605546,737.843699999998 -3.45897029133076,43.0820555145593,738.231799999994 -3.45905201466541,43.0820250048673,738.412400000001 -3.45912963180088,43.0820034628544,739.003400000001 -3.45931286027109,43.081940431116,739.614000000001 -3.45950975121841,43.0818972643532,740.794800000003 -3.45973547539144,43.0818380044846,742.549899999998 -3.45992138623108,43.0817985256491,743.608900000007 -3.46001869982748,43.0817859525949,743.922500000001 -3.46022891818038,43.0817517547667,745.664000000004 -3.4604192711891,43.0817122758756,747.259300000005 -3.4605232907091,43.0816888900778,748.031700000007 -3.46069587414316,43.0816367547351,749.202999999994 -3.46079545059579,43.0816188172696,749.907399999996 -3.46099016223026,43.0816044844835,751.044399999999 -3.46119157978829,43.0815900677116,753.038100000005 -3.46142828496734,43.081579338949,754.995800000004 -3.46157396206204,43.0815759862102,755.882700000002 -3.46172802133663,43.0815680229629,756.792400000006 -3.4620460312354,43.0816270318015,758.3658 -3.46209003610792,43.0816589667677,758.198000000004 -3.46237502034361,43.0817069948314,758.393500000006 -3.46257995839927,43.0817179755186,758.551500000001 -3.46279503753616,43.0816950089786,758.936499999996 -3.46294096705744,43.0816380118469,758.347399999999 -3.46312997888143,43.0815970244787,757.964900000006 -3.46315696876412,43.0815940070146,758.049599999998 -3.46330398704352,43.0815489963288,757.2889 -3.46337598791188,43.0815179831452,756.836599999995 -3.46351210962686,43.0814660156223,756.366399999999 -3.46369575671198,43.0813887344771,755.906600000002 -3.46383070612554,43.0813420472646,755.638900000005 -3.46399448786645,43.0812450686833,754.523300000001 -3.46406975770411,43.0811803604406,753.895199999999 -3.46424678330725,43.0810061006317,751.786800000002 -3.4644613602859,43.080804850774,749.693199999994 -3.46456537980594,43.0807006638356,748.510200000004 -3.46462069985776,43.0806323515883,747.956000000006 -3.46474240540908,43.0805317684483,746.852100000004 -3.46481549593385,43.0804616956289,746.160799999998 -3.46504499213276,43.0804209594259,744.776100000003 -3.46512302788315,43.0803880186293,744.249599999996 -3.46520047613538,43.0803538206769,743.710200000001 -3.46531991883051,43.0803107374366,743.1103 -3.46545050871999,43.080281987921,742.482199999999 -3.46565209336469,43.0802423414264,741.686499999996 -3.46586675388666,43.0801974143881,741.120800000004 -3.46601058763839,43.0801525713011,740.429900000003 -3.46610345906571,43.0801363944505,740.261899999998 -3.46617210652311,43.0801238210552,740.118300000002 -3.46625173498652,43.0800950714518,739.790599999993 -3.46638006201981,43.0800213946675,739.392500000002 -3.466416019784,43.0800010264231,739.1731 -3.4664689934363,43.079964984528,739.008199999997 -3.46652297320172,43.0799239966966,738.851699999999 -3.46656203284858,43.0798899664548,738.278300000005 -3.46660578619281,43.0798758845627,738.077699999994 -3.46666554931204,43.0798273531226,737.587100000004 -3.46672749174413,43.079771614028,737.098400000003 -3.46677501711424,43.0797120181317,736.670899999997 -3.46679597121657,43.0796929915772,736.413799999995 -3.46694441512233,43.0795758125949,735.654200000004 -3.46699973607245,43.0795291253132,735.289099999995 -3.46707718432468,43.0794572082612,734.556599999996 -3.46716569712625,43.0793745626322,733.666599999997 -3.46725303672808,43.0792889839559,732.558699999994 -3.46726996817454,43.0792719683329,732.456900000005 -3.46739360151047,43.079166188963,731.599600000001 -3.4674467422494,43.0791086888441,730.825299999997 -3.46750424251244,43.0790511893275,730.056899999996 -3.46756400563164,43.0789709741538,729.363400000002 -3.46771496392188,43.0788910108337,728.6495 -3.46777388801462,43.0788682118625,728.823000000004 -3.46781596510253,43.0788490177298,728.470300000001 -3.46797698182901,43.0787910147076,727.919699999999 -3.46800900048068,43.0787770172054,727.817899999995 -3.46813104110363,43.0787230375892,727.224799999996 -3.46825098595697,43.0787040107277,726.597999999998 -3.46844662016122,43.0787029208724,724.022400000002 -3.46847981201268,43.0787101292704,723.804499999998 -3.46855063878293,43.0787263064977,723.314100000003 -3.46863915248283,43.078751452547,722.922399999996 -3.46872984459726,43.0787658693307,722.567500000005 -3.46882497888081,43.0787910147076,722.620200000005 -3.46894224136476,43.078799983527,722.432199999996 -3.46893947545199,43.0786698124915,722.136899999998 -3.46894609783226,43.078633854456,722.091799999995 -3.46894165476485,43.07856914608,722.015799999994 -3.46894827714512,43.0785260628971,721.863100000002 -3.46893721259577,43.078459594622,721.808799999999 -3.46894165476485,43.0783912818446,721.675600000002 -3.46894165476485,43.078299667855,721.5576 -3.46894165476485,43.0782116579566,721.426099999997 -3.46894165476485,43.0781218034935,721.253700000001 -3.46892841180094,43.0779995953856,721.159299999999 -3.46893059111383,43.0778918040232,721.066999999995 -3.4689150843954,43.0777894611728,720.834799999997 -3.46891064222632,43.0776996074029,720.750599999999 -3.46891064222632,43.0776187218373,720.6538 -3.46889957767694,43.077505566379,720.473299999998 -3.46889706329246,43.0774318891055,720.471799999999 -3.46888373588693,43.0771588068384,720.268899999995 -3.46887049292298,43.0770132971531,720.258499999996 -3.46885942837363,43.0768066831607,719.981599999999 -3.46884618540972,43.0766773504075,719.705100000006 -3.46883285800418,43.0765012464277,719.619900000005 -3.46881299265997,43.0763377154606,719.481799999994 -3.4688217934548,43.0760897787398,719.809899999993 -3.46884618540972,43.075890373644,718.960600000006 -3.46890301463123,43.0757229866692,718.763000000006 -3.46897099194539,43.0755290292824,718.726699999999 -3.4690910203421,43.0753520040069,718.4804 -3.46909998912189,43.0753059874042,718.439499999993 -3.46912496767668,43.0752299636068,718.226899999994 -3.4691790300871,43.0750609842405,717.732699999993 -3.46934398592611,43.0748409591116,717.405100000004 -3.46948396410863,43.0747269651669,717.244600000005 -3.46958798362863,43.074621017841,717.070800000001 -3.46970801202531,43.0745279788782,717.045199999993 -3.46972603312825,43.0744950381945,716.8802 -3.46978898167345,43.0744080340204,716.4997 -3.46993801217909,43.0742620210663,716.343099999998 -3.47009601056621,43.0741320175627,715.897200000007 -3.47011897689477,43.0741070395716,715.978000000003 -3.47033196116043,43.0739450173696,715.527400000006 -3.47035098837645,43.0739259903368,715.6495 -3.47039700457687,43.0738509727445,715.318199999994 -3.47050001888209,43.0737049597754,715.2114 -3.47062800994547,43.0735099966094,714.850000000006 -3.47073898691732,43.0734069830218,714.667300000001 -3.47082003921047,43.073351997968,714.391399999993 -3.47086597276589,43.0733000300811,714.2791 -3.47104500969697,43.073105988906,713.867100000003 -3.47105598980469,43.0730820164579,713.912700000001 -3.47110200690344,43.0730270317687,714.124200000006 -3.4713230373791,43.0728189928345,713.219899999996 -3.47144298223244,43.0726820324286,713.312900000004 -3.47155999408643,43.0725549627688,712.665800000002 -3.47166703104745,43.0724009868667,712.652700000006 -3.47177398356688,43.072223961086,711.898400000005 -3.47182704166081,43.0720569939176,711.4764 -3.47198797394565,43.0718359631776,710.427200000006 -3.47212300600422,43.0716610330423,710.037599999996 -3.4721710344309,43.0715310292709,710.401599999997 -3.47218603809275,43.0714990102795,710.422699999996 -3.47231403005443,43.0713639781869,710.007899999997 -3.4724160373482,43.0712209825173,710.162599999996 -3.47258401062823,43.0710499919201,709.679199999999 -3.47265500538347,43.0709680167716,709.569000000003 -3.47277696246305,43.0708929988396,709.716199999995 -3.47293303306557,43.0707619900649,709.822499999995 -3.47303101770351,43.0705980395442,710.041500000007 -3.47311299256644,43.070437023257,709.776199999993 -3.4731150047927,43.0703670347035,709.643299999996 -3.47320402065082,43.0701660366777,709.7503 -3.47330301050357,43.069989011004,709.700899999996 -3.47339403858792,43.0698279944292,709.723700000002 -3.4735320045442,43.0697170177401,709.621700000003 -3.47362898306902,43.0696620326569,709.385500000004 -3.47381397133884,43.069520964994,709.283299999996 -3.47400097183492,43.0694160238768,708.9038 -3.47401396327054,43.0694079770188,708.816000000006 -3.47425703930161,43.0693170334057,708.512600000002 -3.47452701987541,43.0691840124935,708.5867 -3.47461000085145,43.0690860283306,708.356700000004 -3.47471603169939,43.0690110100639,708.264299999995 -3.47489397987232,43.0688950043718,707.841400000005 -3.4750730168034,43.068800037841,707.320000000007 -3.47523302741676,43.0687009636874,706.886400000003 -3.47546797279616,43.068574983684,706.777799999996 -3.47557199231616,43.0684619952775,706.830799999996 -3.47569797205161,43.0683319919394,706.370899999994 -3.47573401425745,43.0682770069263,706.129799999995 -3.47589000131664,43.0681370294002,705.722699999998 -3.476034002155,43.0679729950756,705.667300000001 -3.47614900178272,43.0678600075282,706.010599999994 -3.47625997875461,43.0677500366058,705.824699999997 -3.47641001447506,43.0676300076063,705.955900000001 -3.47658100519614,43.0675359631348,705.882400000002 -3.47674596103512,43.0674359668549,705.304900000003 -3.47682299067243,43.0672969947768,705.082599999994 -3.47691200653054,43.067104965746,705.064899999998 -3.47699096395246,43.0669769736212,704.830900000001 -3.477070005816,43.0668540115459,704.6878 -3.47719799687934,43.0667420293135,704.647500000006 -3.47734400994396,43.0666510016796,704.561000000002 -3.47744802946396,43.0666209942419,704.298999999999 -3.47756504041959,43.0665970218824,704.217999999993 -3.47772002226399,43.0665980279499,704.144899999999 -3.47790299920591,43.0665100176528,704.023100000006 -3.47798204017112,43.0664650070435,703.986000000004 -3.4781469960101,43.0663419605941,703.906400000007 -3.47831304150556,43.0662189985575,703.700899999996 -3.47845695880058,43.0661400410795,703.526500000007 -3.47861202418831,43.0660630109924,703.103300000002 -3.47870498005726,43.0660169946341,703.127099999998 -3.47889600320918,43.0659249611576,703.417799999996 -3.47894503774895,43.0659070236867,703.384999999995 -3.47906095904816,43.0658679644515,703.231799999994 -3.47925198220008,43.0658050158699,703.013900000005 -3.47946303868113,43.0657249690853,702.686400000006 -3.4795999994226,43.0656460116272,702.485400000005 -3.47976696658951,43.0655269885306,702.300099999993 -3.47991599709515,43.0654340328927,702.421400000007 -3.4799900092914,43.0653600208383,702.051999999996 -3.48010199147811,43.0652290113943,701.836800000005 -3.4802579785373,43.0651000145107,701.508199999997 -3.48038999405315,43.0649909659758,701.3747 -3.48053198266527,43.0649280178063,701.142900000006 -3.48058797375862,43.0648919755776,701.136499999993 -3.48069702294591,43.064826009673,701.196200000006 -3.48072501804342,43.0648110061656,701.222200000004 -3.48083700023009,43.0647489799036,700.855599999995 -3.48096197475075,43.0646570304979,700.759099999996 -3.48102400072617,43.0646059845523,700.811799999996 -3.48123203976618,43.0643940068155,700.833700000003 -3.48128803085953,43.0643319801316,700.787899999996 -3.48135399594746,43.0642800124723,700.729800000001 -3.48141401059498,43.0642230155494,700.572499999995 -3.48156899243935,43.0640889892872,700.259099999996 -3.48163504196894,43.0640530305718,700.086599999995 -3.48178298191983,43.0639029947532,699.690499999997 -3.48188599532672,43.0637529585675,699.236099999995 -3.48202597350923,43.063605018255,698.823099999994 -3.48216997434758,43.063513990557,698.710999999996 -3.48230098375031,43.0634350328765,698.800799999997 -3.48233501462822,43.0633989910827,698.289999999994 -3.48237700727447,43.0633790419446,698.298200000005 -3.48254699278077,43.0633109807869,698.318799999994 -3.48272896360953,43.063225988077,698.018800000005 -3.48284496935037,43.0631689914867,697.691399999996 -3.48306599982604,43.0630659775826,696.918699999995 -3.48330899141547,43.0629929714211,696.467699999994 -3.48354200811194,43.0629109966544,695.934800000003 -3.48374099482886,43.0628389957813,695.512000000002 -3.48381903057925,43.0628450305872,695.498600000006 -3.48389002533449,43.0628239924439,695.470400000006 -3.48411298359476,43.0627740357668,695.232600000003 -3.48424198077122,43.0627469627841,695.306700000001 -3.48445496503688,43.0627189670103,695.206099999996 -3.48469301140066,43.062669010904,695.351200000005 -3.4848459810188,43.0626489781763,695.216199999995 -3.48514496370156,43.0626160370148,695.126900000003 -3.48537202905929,43.062544958577,695.601200000005 -3.48556799833516,43.0624939968503,695.3554 -3.48583496146794,43.0625019592948,695.455000000002 -3.48605004150313,43.0625019592948,695.587199999994 -3.4862890095384,43.0625000316902,695.694199999998 -3.48639001161735,43.0624769811583,695.937000000005 -3.48647198648032,43.0624789927722,695.999800000005 -3.48677499181891,43.0624100098004,696.383600000001 -3.48694195988412,43.0623130314483,696.520399999994 -3.48697699597685,43.0622950102242,697.074699999997 -3.48707003538913,43.0622380134247,696.998600000006 -3.48718696280146,43.0621719639368,698.013500000001 -3.48734697341481,43.0620390272803,697.693799999994 -3.48747203147877,43.0619680321829,698.004700000005 -3.48759499377317,43.0618839617156,698.391699999993 -3.48767898086236,43.0618220197833,698.457500000004 -3.48772499706278,43.0617999751427,699.172999999995 -3.48787897279407,43.0617230295186,700.283500000005 -3.48800998219676,43.0616350194422,699.994200000001 -3.48810997816263,43.0615890023854,700.064899999998 -3.48830200742763,43.0614800381784,700.678599999999 -3.48831198142224,43.0614729970865,700.703699999998 -3.48847601558976,43.0614080375937,701.026899999997 -3.4884900131385,43.0614009964935,701.157500000001 -3.4885920213306,43.0613210332192,700.969599999997 -3.48875597105647,43.061199998602,700.670400000003 -3.48890801900315,43.0610870103846,700.099300000002 -3.4890869723909,43.0610160154975,700.453699999998 -3.48911304060214,43.0610040295356,700.351200000005 -3.48916601425444,43.0609689931288,700.318799999994 -3.48930398021073,43.060900010427,700.291500000007 -3.48953498557929,43.0608249919872,700.252900000007 -3.48973900106516,43.0607219787388,699.605299999996 -3.48991099789936,43.0605890415637,698.454299999998 -3.48999498409019,43.0605160350779,698.389999999999 -3.49041592295423,43.0603542644253,697.408500000005 -3.49053318633647,43.0603308790091,697.843999999997 -3.49083200103427,43.0603509951931,697.708799999993 -3.49096896087744,43.0603730396984,698.123000000007 -3.49114196382475,43.060430036919,697.856199999995 -3.49123198579601,43.0604260135567,698.158800000005 -3.49153096758044,43.0603509951931,696.867700000003 -3.49173900662044,43.0602800007664,694.866299999994 -3.49192500100341,43.0601469799338,693.336500000005 -3.49210596661739,43.0600680225113,691.676000000007 -3.49212499293512,43.0600639991251,691.630999999994 -3.49232900931929,43.0600260289799,691.209499999997 -3.49253696391766,43.0600240172855,691.258700000006 -3.4926940406333,43.0600009671353,690.479600000006 -3.49290199613001,43.0599850415958,690.011899999998 -3.49313501282647,43.0599729714203,689.633900000001 -3.49333500475818,43.0598920027314,689.082299999995 -3.4933769983028,43.059873981452,688.917199999996 -3.49353298536198,43.0598220132956,688.542400000006 -3.4937059883093,43.0597609934164,688.664799999999 -3.49375401583765,43.0597480016856,688.656600000002 -3.49384403780888,43.0597589817133,688.863400000002 -3.494089963296,43.0598859676348,688.546600000001 -3.49431501732583,43.0599759892926,688.692999999999 -3.49443898573334,43.0600039850062,688.883499999996 -3.49458298657173,43.0600510074586,688.648499999996 -3.4946089703413,43.0600609819136,688.695999999996 -3.49482103293547,43.060114039397,688.479399999997 -3.49507399851948,43.0601510033144,687.579800000007 -3.49527801400535,43.0602069945691,687.311799999996 -3.49530600910287,43.0602219978905,687.303899999999 -3.49545001083955,43.0602810069376,686.7503 -3.49544598728538,43.0602840241384,686.756099999999 -3.49562100156059,43.0603359919033,686.674700000003 -3.49571001741874,43.0603759735395,686.634399999995 -3.49574899262398,43.0603889657935,686.4133 -3.49585602958503,43.0604219901941,686.221999999994 -3.49593699923317,43.0604550152332,686.215599999996 -3.49613003461129,43.0604440346738,686.428 -3.49616398104757,43.0604400113123,685.620500000005 -3.49625601434674,43.0603950001843,683.215400000001 -3.49648199004805,43.0602710318621,685.142900000006 -3.49656597713722,43.0602270274384,687.041400000002 -3.49680067009003,43.0602709485068,689.041500000007 -3.49703075378711,43.0603427810909,690.833299999998 -3.49723803824229,43.060364992966,692.202900000004 -3.49745345334913,43.0603482293741,693.5527 -3.49773449847227,43.0605044684189,696.152100000007 -3.49785176095622,43.0605404265904,696.778699999995 -3.49806197930912,43.060529614069,698.258400000006 -3.49818812702952,43.0605314577241,698.957800000004 -3.49828770348211,43.060544030545,699.4372 -3.49837403786912,43.0605619682724,699.614799999996 -3.4986740257667,43.0605759659971,700.354900000006 -3.49896697356735,43.0605690088126,701.025999999998 -3.49907803318424,43.060614019813,701.441999999995 -3.49931700121951,43.0607079810475,702.138200000001 -3.49944599929431,43.0607430169471,702.820999999996 -3.49967599854976,43.060844019149,703.934299999994 -3.49991798402604,43.0609939712234,705.336200000005 -3.50003097232587,43.0611249805292,706.781700000007 -3.50060496435138,43.0615210252194,709.001099999994 -3.50068501232803,43.0617689618089,709.274399999995 -3.50077603951408,43.0620009730362,709.592600000004 -3.50079498228847,43.0620419603853,709.422099999996 -3.50089103914181,43.0621990378298,709.531600000002 -3.5011590083877,43.0625079947902,708.349900000001 -3.50124903035893,43.0625619742502,708.494099999996 -3.50164297934028,43.0628030376452,708.348299999998 -3.50173199519839,43.0628870241567,708.805399999997 -3.50211102495948,43.0632519720307,710.297500000001 -3.50218201971472,43.0633190271327,710.404200000004 -3.5022670120187,43.063415000399,710.362399999998 -3.50231504044535,43.0634620228606,710.382299999997 -3.5026059769181,43.0637620109694,710.543600000005 -3.50272701142793,43.0639269668537,710.506500000003 -3.50277202241353,43.0639640151042,710.601899999994 -3.50296698467795,43.0642400307568,710.282999999996 -3.50308299041882,43.0643749794429,710.721999999994 -3.50339303765093,43.0647089984939,709.858300000007 -3.50348498650847,43.0647820045808,709.101599999995 -3.50355799348991,43.0648779775257,708.275699999998 -3.50355899870473,43.0648779775257,708.270099999994 -3.50362395857787,43.0649290232449,707.828899999993 -3.5037220267591,43.0650229844293,707.2399 -3.50374097043182,43.0650430170376,707.175700000007 -3.50381699395598,43.0650949853627,706.952499999999 -3.50386401626955,43.06511300642,706.550900000002 -3.5039469972456,43.065180983541,706.2353 -3.50396702967644,43.0651840011569,706.184299999994 -3.5040159806729,43.065210990371,705.953899999993 -3.50419501760395,43.0652959829541,705.733800000002 -3.50423097626647,43.0653280019045,705.744300000006 -3.50464696990488,43.0653720072611,706.198999999993 -3.50490102514534,43.0653559977994,706.689100000003 -3.50491996881803,43.065351974104,706.725000000006 -3.50506698709743,43.0653239788636,707.459300000002 -3.50520503749534,43.0653140039523,707.572499999995 -3.50542497831456,43.0652969890429,708.061499999996 -3.50543302452456,43.0652910378269,708.147400000002 -3.50546898318707,43.0652789680397,708.337499999994 -3.50558700025585,43.0652669815987,708.545100000003 -3.50575698576211,43.0652349626163,708.839200000002 -3.50576603808523,43.0652190371238,708.813099999999 -3.50591699637546,43.065186012682,709.240399999995 -3.50595102635504,43.0651760377482,709.343599999993 -3.50601196267405,43.0651629625037,709.373999999996 -3.50618102561053,43.065149970605,709.871799999994 -3.50628697291513,43.065131027472,709.993300000002 -3.5064400269749,43.065116023383,710.378400000001 -3.50645896974933,43.0651040375664,710.480200000005 -3.50651403917116,43.0650929731783,710.8024 -3.5066649965631,43.0650819927933,710.895300000004 -3.50668796378996,43.065089034127,710.965500000006 -3.50681897229436,43.0650509798072,711.244900000005 -3.50698401257499,43.0650290196765,711.544899999994 -3.507132958639,43.0650170331867,712.113800000006 -3.50719297328649,43.0650040412571,712.218200000003 -3.50720898216316,43.0650010236323,712.235100000005 -3.50722599805128,43.0649990121012,712.264899999995 -3.50727302036485,43.0649919714134,712.359899999996 -3.50744996242466,43.0649560132276,712.866099999999 -3.50753101561611,43.0649550071331,713.042499999996 -3.50760100425823,43.0649469603457,713.178400000004 -3.50775699131742,43.0649280178063,713.685299999997 -3.50784701328865,43.0649130136675,713.910600000003 -3.50789696949994,43.0649120082287,714.199999999997 -3.50801096301455,43.0648980101814,714.458899999998 -3.50805396177391,43.0648749598948,714.319900000002 -3.50822897604916,43.064850988165,714.806100000002 -3.50831799190731,43.0648300334029,714.857600000003 -3.50838001788273,43.0648199750621,714.977700000003 -3.50848898262835,43.0648059769938,715.2448 -3.50861202936441,43.0647799930424,715.482699999993 -3.5087329803309,43.0647519975408,715.550399999993 -3.50881302740923,43.064747974462,715.880999999994 -3.50897496580719,43.0647000295812,716.067899999995 -3.50897597192031,43.0647000295812,716.071299999996 -3.50913497642055,43.0646779853191,716.588699999993 -3.50927797114578,43.064668010959,716.902900000001 -3.50938802554785,43.0646449605859,717.053799999994 -3.50949497896558,43.0646359923201,717.364000000001 -3.50954602483331,43.0646369977635,717.441999999995 -3.50963696847603,43.0646380038632,717.5245 -3.50970896934435,43.064630963134,717.688699999999 -3.50979597297627,43.0646079967527,717.754400000005 -3.50990602737834,43.0646049791084,717.889200000005 -3.51003997067879,43.0645700267964,718.061600000001 -3.51021397884092,43.0645509994784,718.357999999993 -3.51033803079176,43.0645290391686,718.461800000005 -3.51038496956196,43.0645199862236,718.517699999997 -3.51044800165053,43.0645039771958,718.616200000004 -3.51060600003762,43.0645039771958,718.935899999997 -3.51067699479286,43.0644860399654,719.090400000001 -3.51078000819975,43.0644739700197,719.164999999994 -3.51081102163661,43.0644680187237,719.123300000007 -3.51097296003457,43.0644250194777,719.283899999995 -3.5110019612452,43.0644189848273,719.271200000003 -3.51116700062751,43.0643990353648,719.609899999996 -3.51126900881961,43.0643820202015,719.592300000004 -3.51133799224688,43.0643700342414,719.604600000006 -3.51145500320254,43.0643420385525,719.863899999997 -3.51155399305526,43.0643479898607,720.141099999993 -3.51168701468422,43.0643309746832,720.383900000001 -3.51180201431195,43.0643120312972,720.491200000004 -3.5118580054053,43.0643110258484,720.607600000003 -3.51201097502347,43.064296022215,720.946599999996 -3.51216302297012,43.064269032598,720.988899999997 -3.51216604041117,43.064269032598,720.997600000002 -3.51220199817536,43.0642599796147,721.046300000002 -3.51225597794078,43.0642550344039,721.279800000004 -3.51240903110228,43.0642350015382,721.206300000005 -3.51277397977129,43.0641709637913,721.625700000004 -3.51282100208483,43.0641559607799,721.559299999994 -3.51295301670234,43.0641390288992,721.652900000001 -3.51305301266821,43.064112961315,721.565000000002 -3.51330396692429,43.064058981908,721.242800000007 -3.51341100388534,43.0640070140173,720.827099999995 -3.51348099342576,43.0639930164197,720.775399999999 -3.51351401729223,43.0639960334378,720.900399999999 -3.51374301133289,43.0639449882544,720.627600000007 -3.51393998582355,43.0639080239991,720.483800000002 -3.51396798181939,43.0638969593952,720.5625 -3.51407300655417,43.0638760049633,720.704400000002 -3.51416302852544,43.0638549665174,720.4663 -3.51458296217469,43.0637729915908,720.385899999994 -3.51477599665451,43.0637510310023,720.513200000001 -3.51480499876347,43.0637409724844,720.527600000001 -3.51500800813619,43.0637139826231,720.550799999997 -3.5150260292391,43.0637060196798,720.5334 -3.51522199851497,43.0636620150962,720.465599999996 -3.51530497859272,43.0636190159412,719.972699999998 -3.51534898436353,43.0635999889843,719.744200000001 -3.51546096655024,43.063576016756,719.747600000002 -3.51554897629523,43.0635470152432,719.342099999994 -3.51571401567754,43.0635050221258,719.330100000006 -3.5158229804232,43.0634640344422,718.915200000003 -3.51596496993365,43.0634139942793,718.329500000007 -3.51613403287012,43.0633790419446,718.2448 -3.5162379688468,43.0633580033282,718.178599999999 -3.51640602567016,43.0632929598561,717.545400000003 -3.51659596006392,43.0632359626717,716.882299999997 -3.51676804044145,43.0631959809316,716.828599999993 -3.51694297027503,43.0631590168811,716.431100000002 -3.51714002920735,43.0631290097029,716.170499999993 -3.51725201139402,43.0631050372904,716.3514 -3.51746197821863,43.0630770416802,716.253800000006 -3.51751503541427,43.0630700007717,716.144799999995 -3.51759801639031,43.0630539913652,716.067299999995 -3.51764101514971,43.0630480405877,715.789099999995 -3.51777596366495,43.0630079747171,715.603600000002 -3.51778099333223,43.0630079747171,715.634300000005 -3.51795500149432,43.0629689989554,715.795400000003 -3.51795701282226,43.0629689989554,715.793600000005 -3.51811802954873,43.0629369800854,715.180800000002 -3.51812498610229,43.0629339630152,715.204599999997 -3.51823101784855,43.0629120021261,715.166500000007 -3.51833696515316,43.0628919694778,714.991699999999 -3.51852798830505,43.0628690031013,715.212599999999 -3.51859596561924,43.0628440251144,714.989000000001 -3.51865396804049,43.0628219808412,714.863899999997 -3.51871498880113,43.0628140177821,714.813500000004 -3.51876703988361,43.0628020315154,714.844200000007 -3.51893300183574,43.0627939851018,715.193400000004 -3.51896200304637,43.0627899618945,715.201300000001 -3.51910399255682,43.062778981097,715.375 -3.51927598939101,43.0627629722708,715.6685 -3.51943499389122,43.0627410113205,715.781799999997 -3.51943700611749,43.062740005846,715.763200000001 -3.51962601794147,43.0627199724852,715.595600000001 -3.51973397657398,43.0626809971967,715.660999999993 -3.51980002610356,43.0626970067006,715.987299999993 -3.51995500704964,43.0627140216753,716.296400000007 -3.52010303144216,43.0627389997152,716.963199999998 -3.52028399705614,43.0627479682585,716.653300000005 -3.5202880206103,43.0627479682585,716.650800000003 -3.52043696667431,43.0627170394127,716.556700000001 -3.52047803854741,43.0627170394127,716.474600000001 -3.52055096108722,43.0627130155441,716.686400000006 -3.52063695860602,43.0626909712238,716.568299999999 -3.52069001669995,43.0626850204111,716.211800000005 -3.52083100009728,43.0626850204111,715.167600000001 -3.52096795994042,43.0626720286436,715.502900000007 -3.52102797458794,43.0626560191331,716.762900000002 -3.52117197632462,43.0626430267032,716.420299999998 -3.52117197632462,43.0626420212271,716.424400000004 -3.52121497508399,43.0626400096185,716.490000000005 -3.52134698970154,43.0626169591392,716.585300000006 -3.5213530245836,43.0626140254054,716.579500000007 -3.52157003240343,43.0626029612242,716.668999999994 -3.52157698985528,43.0626029612242,716.678899999999 -3.52171403324178,43.0625680090834,716.248399999997 -3.52180740772568,43.0625499039257,716.225999999995 -3.52190480576371,43.0625283622858,716.059099999999 -3.52197336967777,43.0625157898719,715.934800000003 -3.52214603665517,43.0625104251336,715.928199999995 -3.52219029305597,43.0625085808817,715.9709 -3.52236287649004,43.0625050610512,716.082299999995 -3.52242926109121,43.0624960084637,716.121100000004 -3.52250897309795,43.0624816751428,716.017000000007 -3.52266822912645,43.0624816751428,716.254400000005 -3.52288515340294,43.0624816751428,716.444900000002 -3.52295815948608,43.0624799148986,716.495800000004 -3.5230223647744,43.0624780713021,716.508199999997 -3.52306880048806,43.0624816751428,716.593900000007 -3.52311749905794,43.0624780713021,716.599499999997 -3.52324138392212,43.0624816751428,716.701499999996 -3.52327901884096,43.0624870398836,716.814799999993 -3.52333433889278,43.0624834353869,716.835000000006 -3.52344716010594,43.0624924039676,717.064599999998 -3.52352242904531,43.0624960084637,717.168699999995 -3.52362200639623,43.0625032167991,717.277499999997 -3.52369501247937,43.0625085808817,717.389200000005 -3.52374371104922,43.062510341125,717.495500000005 -3.52385217363663,43.0625139456201,717.611999999994 -3.52390305151938,43.0625157898719,717.6921 -3.52404244220369,43.0625229141963,717.921100000007 -3.52411100611775,43.062529033042,718.044800000003 -3.52419801064797,43.0625270214297,718.049599999998 -3.52438107113321,43.062519310358,718.179799999998 -3.52444083425241,43.0625211539534,718.225000000006 -3.52451601964845,43.0625247584478,718.278699999995 -3.52464661043623,43.0625247584478,718.659899999999 -3.52478826397677,43.0625265186907,718.486900000004 -3.52488784132769,43.0625283622858,718.545599999998 -3.52506268761798,43.0625354872651,718.667400000006 -3.52508917444413,43.0625354872651,718.6777 -3.52515782190149,43.0625390911024,718.674199999994 -3.5252662844889,43.0625445398467,718.831099999996 -3.52544331009205,43.0625571122547,719.177200000006 -3.5254765019435,43.0625571122547,719.282699999996 -3.52557825860728,43.0625552686605,719.407600000006 -3.52569107892215,43.0625638178442,719.438399999999 -3.52581940595541,43.0625727864131,719.550000000003 -3.52587254759267,43.0625709428194,719.5484 -3.52594203317822,43.0625690145607,719.543900000004 -3.52603700037511,43.0625739599075,719.7644 -3.52621553424965,43.0625745466546,719.837299999999 -3.52642801545873,43.0625763909046,719.955300000001 -3.52649440095823,43.0625781511459,720.048699999999 -3.52664929836098,43.0625853594717,720.179900000003 -3.52672456730031,43.062583515222,720.367599999998 -3.5268528943336,43.0625889639624,720.741800000003 -3.52700334956727,43.0625996927684,721.099000000002 -3.52704986972259,43.0626015363613,721.254100000006 -3.52711181125638,43.0626015363613,721.373699999996 -3.52721801008924,43.062605140851,721.4277 -3.52728657400331,43.0626087446842,721.555600000007 -3.5274437351606,43.0626194734867,721.666100000002 -3.52754113230034,43.0626177139029,721.837499999994 -3.52772695959664,43.0626302862959,721.868000000002 -3.5277977863669,43.0626320465357,722.012400000007 -3.52796198762104,43.0626379980099,722.259000000005 -3.527974979955,43.0626400096185,722.306800000006 -3.52808143031618,43.0626408477341,722.499800000005 -3.52814337274827,43.0626462118046,722.677299999996 -3.52818201288189,43.062646966568,722.7353 -3.52832266120761,43.0626480560524,723.095000000001 -3.52837303693214,43.062646966568,723.232300000003 -3.52842223855856,43.0626480560524,723.305200000003 -3.52848200167776,43.0626444515652,723.345100000006 -3.52854394321155,43.0626408477341,723.488800000006 -3.52871208447654,43.0626426919821,723.700500000006 -3.52878953362709,43.0626390874945,723.816300000006 -3.52889799531618,43.0626372432464,724.005699999994 -3.52896798395827,43.0626300349268,723.940000000002 -3.52908499581223,43.0626349802686,724.188200000004 -3.52921223229078,43.0626444515652,724.513500000001 -3.52933838001115,43.0626623893345,725.071500000005 -3.52942898858228,43.0626720286436,725.331000000006 -3.52953996465588,43.0626730341192,725.555500000002 -3.52962822682749,43.0626623893345,725.624800000005 -3.5297898292555,43.062657024609,725.876999999993 -3.52990265046867,43.0626588688565,726.005499999999 -3.52995797052049,43.0626552643699,726.036699999997 -3.53002402005008,43.0626450383117,726.056100000002 -3.53013399090885,43.0626599583408,726.372099999993 -3.53021403798718,43.0626459604356,726.439100000003 -3.53030799907095,43.0626499836523,726.680800000002 -3.53036197793807,43.0626459604356,726.898499999996 -3.53057982388605,43.0626534207787,727.218699999998 -3.53062408028682,43.0626714418974,727.491999999998 -3.53073497281708,43.0627239963533,727.432100000005 -3.53079297613667,43.0627410113205,727.259300000005 -3.53089397731732,43.0627720241626,726.036999999997 -3.53090303053874,43.0627690070843,726.085800000001 -3.53106102892586,43.06280597137,725.132899999997 -3.53109397014733,43.0628110000495,724.898799999995 -3.53126797830946,43.0628339664477,723.883799999996 -3.531435029918,43.0628300272513,723.077999999994 -3.53154399466365,43.0628260040464,722.572799999994 -3.5317249593793,43.0628379903084,721.442200000005 -3.53184901133015,43.0628639737702,720.286600000007 -3.53192302442474,43.0628690031013,720.129400000005 -3.53192503575267,43.0628720208311,720.088600000003 -3.532145982685,43.0628529936424,719.142600000006 -3.53215696279272,43.062861962169,718.988899999997 -3.53241001281836,43.0629550011208,714.913 -3.53246801523962,43.0630389880804,711.967099999994 -3.53252903600025,43.0631389843134,713.0533 -3.53252702377399,43.0631420013736,713.107099999994 -3.53258100353944,43.063196987055,715.378800000006 -3.53266297840237,43.0633139984948,716.122600000002 -3.53280496791279,43.0634389726904,717.346099999995 -3.53287562759641,43.0635481047117,717.993199999997 -3.53291544092981,43.0635858232795,718.478099999993 -3.53298299962908,43.063634019084,718.993700000006 -3.53319296645369,43.0638240369174,721.407699999996 -3.53319497778159,43.0638259651366,721.422500000001 -3.53332699239914,43.06392897842,722.416299999997 -3.53332699239914,43.0639299845314,722.4185 -3.53338600093351,43.0639839640519,722.798500000004 -3.53343998069893,43.0640309860771,723.125599999999 -3.53361801241519,43.0641530264635,723.774000000005 -3.53379596058816,43.0642820240271,724.226599999995 -3.53392998653361,43.0643540245181,724.487399999998 -3.5340490097155,43.0644469798248,724.738899999997 -3.5341899931128,43.0645479818313,725.279699999999 -3.53435000372615,43.0646629817755,725.720000000001 -3.53457396809954,43.0648219865991,726.065300000002 -3.53469500350766,43.0648939871123,726.212100000004 -3.5346990261635,43.0648970047423,726.216 -3.53477898969853,43.0649560132276,726.191200000001 -3.53507327868391,43.0651593581643,726.674299999999 -3.53518903289647,43.0652140079855,727.045100000003 -3.5352199618917,43.0652450208891,727.049100000004 -3.53531601874503,43.0653269964725,727.373300000007 -3.53549798957383,43.0654320213758,727.755600000004 -3.53553797089218,43.0654529759321,727.877900000007 -3.53563997908425,43.0655290000444,728.104999999996 -3.53580501846656,43.0656399764407,728.445999999996 -3.53606251066131,43.0658249648749,728.934599999993 -3.53609570341106,43.0658546366861,729.068799999994 -3.53614096502665,43.0658950380248,729.205700000006 -3.53630399308102,43.0660090313337,729.503100000002 -3.53632695940958,43.0660200122089,729.546199999997 -3.53651697734668,43.0661400410795,729.526500000007 -3.53658403298938,43.0661749931527,729.558600000004 -3.53671504149378,43.0662889872536,730.265899999999 -3.5367159640636,43.066287981181,730.274699999994 -3.53680699124965,43.0663550368998,730.062399999995 -3.53683699857339,43.0663840377404,730.197799999994 -3.53685803711735,43.0663899888503,730.202499999999 -3.5369240031036,43.0664319826167,730.349199999997 -3.53695903919633,43.0664759871807,730.439499999993 -3.53710304003468,43.0665810127406,730.784599999999 -3.53710496781929,43.0665810127406,730.792499999996 -3.53721602833447,43.0666639932601,730.955799999996 -3.53722298488803,43.066666005393,730.941200000001 -3.53737201539366,43.0667649955516,731.127500000002 -3.53737503283471,43.0667670070248,731.122099999993 -3.53744996670246,43.0668209866724,731.064799999993 -3.53753898256058,43.0668789892115,731.159 -3.53754401222786,43.0669059789919,731.266600000003 -3.53762296964977,43.0669799911487,731.040099999998 -3.53772598305666,43.0670710189503,730.685400000002 -3.53781499891477,43.0671880302147,730.777600000001 -3.53783302001771,43.0671969987634,730.651400000002 -3.5378949624498,43.0672760401946,730.299299999999 -3.53788901111103,43.0672659815988,730.239300000001 -3.53797702085606,43.0673720131725,730.187699999995 -3.53802597185253,43.0674499643226,730.377999999997 -3.53804902172439,43.0675269939795,730.503200000006 -3.53806603671421,43.067564964073,730.6299 -3.53808598560172,43.0676559916622,731.261299999998 -3.53812303392065,43.0677989871177,731.273100000006 -3.53814801157714,43.0679090412973,731.819300000003 -3.53817399624505,43.0679679661632,731.6927 -3.53818497635277,43.0680240408426,731.732900000003 -3.53819897390151,43.0680620112845,731.653699999995 -3.53819696257361,43.0681380347862,732.604999999996 -3.53823602222047,43.0682090299572,732.295599999998 -3.53825597110798,43.0682540405984,732.248600000006 -3.53828899587277,43.0683569703153,732.333799999993 -3.53830701697568,43.0684530269138,732.646200000003 -3.53834096341196,43.0685619918523,732.957899999994 -3.53838002305882,43.0686370100123,733.061499999996 -3.53837901694571,43.0687029750971,733.263000000006 -3.53845596303969,43.0687950083403,733.133499999996 -3.53847700158364,43.06883197293,733.370500000005 -3.53852402389718,43.068863991346,733.235499999995 -3.53858496021618,43.0689250120088,733.180500000002 -3.5386800118547,43.0690110100639,733.268599999996 -3.53874002560389,43.0690550154015,733.105100000001 -3.53879199404137,43.069108995003,733.3223 -3.53880096192286,43.0691349784319,733.453399999999 -3.53889701877619,43.0692250002902,733.516600000003 -3.5389150398791,43.0692619646206,733.711800000005 -3.53900799484975,43.0693679953666,734.139500000005 -3.53912198926269,43.0694629623299,734.418900000004 -3.53918401523811,43.0695399920819,735.021200000003 -3.53928602343021,43.0696219671716,735.372799999997 -3.53941099705254,43.0697300099833,735.949999999997 -3.53947998047982,43.0697490370063,736.235199999996 -3.53949297191547,43.0697860010207,736.416700000002 -3.53962297520505,43.069893960201,736.608099999998 -3.53962498743132,43.069893960201,736.608600000007 -3.53966002352401,43.0699220393215,736.754199999996 -3.53975297849467,43.0699999911662,737.348100000003 -3.53978097449051,43.0700230414944,737.4902 -3.53984098913799,43.0700559819569,737.715800000005 -3.53994098510386,43.0701449977657,737.639899999995 -3.53999697619718,43.070181040187,737.895300000004 -3.54012396204575,43.070281035926,737.917199999996 -3.54012798559991,43.070281035926,737.912100000001 -3.54029101275599,43.0704230258152,738.240300000005 -3.54029403109534,43.0704240311636,738.240600000005 -3.54036896496308,43.0704810282271,738.566399999996 -3.54042001083078,43.0705490059575,738.529500000004 -3.54046602703123,43.0706339983578,738.864100000006 -3.54052302423767,43.0707260313264,738.912299999996 -3.5405849666698,43.0708629915098,739.411900000006 -3.5405930128798,43.0708919928426,739.284400000004 -3.54058899022393,43.0708919928426,739.2935 -3.54062302020354,43.0709430388035,739.566300000006 -3.540655961425,43.0709789974147,739.618900000001 -3.54070197762542,43.0710520039089,739.402499999997 -3.54081102681271,43.0711850247043,739.732300000003 -3.54081597203836,43.0711919813403,739.714900000006 -3.54084103323815,43.0712550136362,740.035999999993 -3.54094496921486,43.0714400021867,740.582699999999 -3.54095796154881,43.0714560113718,740.549299999999 -3.54100397774923,43.0715150201054,740.567899999995 -3.54105602973004,43.0716099870231,740.7114 -3.5410789960586,43.0716649723274,740.944699999993 -3.54116197703465,43.0718249826881,740.954599999997 -3.54121503423028,43.0719350368573,741.174199999994 -3.54121696201489,43.0719369648214,741.173699999999 -3.54129700909321,43.0720930358708,741.384600000005 -3.54130002653426,43.072100999037,741.373900000006 -3.54136096285324,43.0721979776542,741.588900000002 -3.54137496130031,43.0722299962805,741.515899999999 -3.54140396251094,43.0722729953013,741.577300000004 -3.54145802581969,43.0723599998816,741.985499999995 -3.54152600313388,43.0725040008329,742.648400000005 -3.54156497833911,43.0725640151833,742.670800000007 -3.5415900404372,43.0726119598191,743.073799999998 -3.5416410027616,43.0727029871313,743.493700000006 -3.54169297030079,43.0728130416925,744.391499999998 -3.54174200484055,43.0729110258031,745.157300000006 -3.54178299227205,43.0729749796121,745.7739 -3.54183998858019,43.0730800051919,744.102700000003 -3.54189396834561,43.0731850305917,746.545800000007 -3.54189597967351,43.0731869585165,746.554799999998 -3.5420129915275,43.0733300375301,746.898000000001 -3.54207996272855,43.0734189691834,747.148000000001 -3.54217199602774,43.0735179595916,747.892600000006 -3.54218297613543,43.0735450330669,748.087199999994 -3.54221901834128,43.0735980066986,748.421400000007 -3.54225598311691,43.0736489690372,748.736099999995 -3.54234902163089,43.0737450252165,749.406099999993 -3.54237500540047,43.073758017262,749.519 -3.542438037489,43.0738089794675,749.659499999994 -3.5425259636907,43.0738969891273,750.026599999997 -3.54257600344529,43.0739620325032,750.438599999994 -3.54280122546007,43.0741088001381,752.020399999994 -3.54291739828754,43.0741402317859,752.486199999999 -3.54300255857648,43.0741905237011,753.213099999994 -3.54314974484084,43.0742408149189,753.848899999997 -3.54327362970505,43.0742911900879,754.607099999994 -3.54411785473098,43.0746370275075,759.459900000002 -3.54501631105058,43.0750394424038,758.389800000004 -3.54578803304993,43.0754887963698,755.203999999998 -3.54622280237608,43.0757757090716,752.649300000005 -3.54649387260633,43.0758520681533,752.403600000005 -3.54688111656237,43.0759733540276,752.563999999998 -3.54727389324223,43.076211400103,753.454500000007 -3.54752845153926,43.0764225403843,754.116299999994 -3.54795995189608,43.0766785236318,755.026400000002</coordinates>
</LineString>
</Placemark>
</Folder>
</Document></kml>
