<?xml version="1.0" encoding="UTF-8"?>

<kml xmlns:xsd="http://www.w3.org/2001/XMLSchema" xmlns:gx="http://www.google.com/kml/ext/2.2" xmlns:atom="http://www.w3.org/2005/Atom" xmlns="http://www.opengis.net/kml/2.2">
<Document>
<name>ES10c_04a_alcala_la_real-alcaudete</name>
<visibility>1</visibility>
<Schema name="ES10c_04a_alcala_la_real-alcaudete" id="kml_schema_ft_ES10c_04a_alcala_la_real-alcaudete">
<SimpleField type="xsd:string" name="id">
<displayName>id</displayName>
</SimpleField>
<SimpleField type="xsd:string" name="nombre">
<displayName>nombre</displayName>
</SimpleField>
<SimpleField type="xsd:double" name="longitud">
<displayName>longitud</displayName>
</SimpleField>
<SimpleField type="xsd:string" name="_formato">
<displayName>_formato</displayName>
</SimpleField>
</Schema>
<Folder id="kml_ft_ES10c_04a_alcala_la_real-alcaudete">
<name>ES10c_04a_alcala_la_real-alcaudete</name>
<Placemark id="kml_1">
<name>&lt;img height='20' src='https://nco.ign.es/iconos/icono_todos_caminos_azul.png' /&gt;&lt;img height='20' src='https://nco.ign.es/iconos/Camino Santiago_20.png' /&gt;&lt;img height='20' src='https://nco.ign.es/iconos/icono_todos_caminos_azul.png' /&gt;  Camino de Santiago </name>
<visibility>1</visibility>
<description><![CDATA[<!DOCTYPE html>
<html>
<head>
<style>
#nco {
  border-collapse: collapse;
  overflow:hidden;
}
#nco th, #nco td {
  padding: 4px;
  text-align: left;
}
#nco th {
  color: #364B5F;
  padding-right: 5px;
}
#nco td {
  color: rgb(51, 51, 51);
  font-size: 12px;
  padding-right: 5px;
}
</style>
</head>
<body>
<table id="nco">
<tr>
<td>Caminos Andaluces</td>
</tr>
<tr>
<th><b>Camino: </b></th>
<td>ES10c Camino Mozárabe de Granada</td>
</tr>
<tr>
<th><b>Etapa: </b></th>
<td>04a Alcalá la Real-Alcaudete</td>
</tr>
<tr>
<th><b>Longitud: </b></th>
<td>23.44 km</td>
</tr>
</table>
</body>
</html>]]></description>
<Style>
<IconStyle>
<scale>0.8</scale>
</IconStyle>
<LabelStyle>
<color>ffffffff</color>
<scale>0.75</scale>
</LabelStyle>
<LineStyle>
<color>ffff0000</color>
<width>3.0</width>
<gx:labelVisibility>1</gx:labelVisibility>
</LineStyle>
<PolyStyle>
<color>66ff0000</color>
</PolyStyle>
</Style>
<ExtendedData>
<SchemaData schemaUrl="#kml_schema_ft_ES10c_04a_alcala_la_real-alcaudete">
<SimpleData name="id">ES10c_04a</SimpleData>
<SimpleData name="_formato">kml</SimpleData>
</SchemaData>
</ExtendedData>
<LineString>
<extrude>0</extrude>
<tessellate>1</tessellate>
<coordinates>-3.92812091830394,37.4660840812829,895.396800000002 -3.92810801041162,37.4661320258639,894.335200000001 -3.92811303918057,37.4661779583165,894.0 -3.92817506605432,37.466188016665,894.0 -3.92823407458869,37.4662029362727,893.978499999997 -3.92828805345581,37.4662200355299,894.0 -3.92834102710812,37.4662369672273,893.966100000005 -3.9284010417556,37.4662619451639,893.401400000002 -3.92844798052584,37.4662879291394,892.941699999996 -3.92851302394231,37.4663110632335,893.0 -3.9285649914815,37.4663330237181,892.947199999995 -3.9286179651338,37.4663539781498,893.0 -3.92866792134505,37.466376944668,892.911900000006 -3.92872692987943,37.4664039346493,893.114400000006 -3.92876900696734,37.4664389708447,892.602199999994 -3.92881091696862,37.4664790365347,892.512799999997 -3.92884897050237,37.466514072695,891.925300000003 -3.92888803014923,37.4665489412836,891.969299999997 -3.92892893403736,37.4665950417481,891.928100000005 -3.92897503467944,37.466630078567,891.938299999994 -3.92903203188591,37.4666599176031,891.4231 -3.92907695842988,37.466688081079,891.449900000007 -3.92912607651301,37.4667160769895,891.198099999994 -3.92915206028259,37.4666760114266,892.0 -3.92920402782177,37.4667009892164,891.5193 -3.92922900637657,37.4667529568532,891.142500000002 -3.92926907123825,37.4667940284155,891.041400000002 -3.92929103235199,37.4668419725411,891.0 -3.92931198735261,37.4668840500938,890.906099999993 -3.92933294145494,37.4669299827974,890.415599999993 -3.92935205221429,37.46698094495,890.0 -3.92935792000973,37.4670270451481,889.713300000003 -3.92936496100492,37.4670790132712,889.074999999997 -3.92938306565115,37.467124945855,889.0 -3.92939697965659,37.4671770814638,887.921499999997 -3.9293840717643,37.4672270374132,887.0 -3.92939094477453,37.4672820227863,886.593999999997 -3.92940100321076,37.4673279552453,885.705400000006 -3.92943402707722,37.4673660091062,885.608600000007 -3.92944492364161,37.4674220004091,884.478600000002 -3.92947107539618,37.4674630716038,884.0 -3.92953192817183,37.4674560308088,884.0 -3.92953796305393,37.4675079986337,883.554099999994 -3.92955992326937,37.4675539316669,883.0 -3.92959294803413,37.467599026195,882.356100000005 -3.92962697891204,37.467641941798,882.0 -3.9296559801227,37.4676900536455,881.6253 -3.92968699355956,37.4677279397696,881.253400000001 -3.92971498865708,37.467771022851,881.160600000003 -3.92975706574499,37.4678119270146,880.270600000003 -3.92977299197666,37.4678560153608,878.922699999996 -3.92980802806935,37.4678920576144,877.9908 -3.92987994449605,37.4678799874435,878.398799999995 -3.92991699281501,37.4679180417363,877.932199999996 -3.92995605246187,37.4679520719102,877.006299999994 -3.93000299123211,37.467981073372,876.942599999995 -3.93004993000235,37.4680080634872,876.140199999994 -3.93009703585921,37.4680370649272,875.717000000004 -3.93014296851629,37.4680689161615,875.001600000003 -3.9301959421686,37.4680950670606,874.329599999997 -3.93024992193405,37.4681220571346,873.683600000004 -3.93029904001715,37.4681550819064,873.0 -3.93035301978257,37.468180059915,872.499299999996 -3.93040599343487,37.4682040318937,871.953599999993 -3.93045695486094,37.4682320279495,871.327999999994 -3.93050204938987,37.4682600232819,870.698900000003 -3.9305489881601,37.4682920419724,869.948699999994 -3.93059408268907,37.4683230553423,868.706600000005 -3.93065292413681,37.4683349571776,869.0098 -3.93071997888118,37.4683379752369,868.445999999996 -3.93078401708284,37.468332945851,867.513099999996 -3.93084805438619,37.4683250666691,867.256800000003 -3.930912930716,37.4683170199353,865.997600000002 -3.93097998546038,37.4683059558531,865.587400000004 -3.93103597655373,37.4682999211578,865.430999999997 -3.93110403830955,37.4682930479928,864.830499999996 -3.93116908172602,37.4682880186038,864.566500000001 -3.9312319458296,37.4682779605379,864.089399999997 -3.93129900057397,37.4682769545173,863.452999999994 -3.93136404488874,37.4682809778865,863.083299999998 -3.93142892032026,37.4682809778865,862.104699999996 -3.93148206195752,37.4682990826887,861.660900000003 -3.93154593217421,37.4683069618733,860.474900000001 -3.9316059459234,37.4683119912609,860.320600000006 -3.93166998412505,37.4683150086082,859.838099999994 -3.93173502754153,37.4683220493223,859.107000000004 -3.93179906574318,37.4683299285044,858.418099999995 -3.93186494728781,37.4683379752369,857.730899999995 -3.93193200203218,37.4683450159488,857.084000000003 -3.93199905767488,37.4683510506405,856.979399999997 -3.93206695054742,37.4683550740057,856.316200000001 -3.93213199486222,37.4683599358391,856.121199999994 -3.93218999728347,37.468366976549,855.616099999999 -3.93224699448994,37.4683730112389,854.839500000002 -3.93230399079808,37.4683790459283,854.485499999995 -3.93236199411767,37.468383069292,853.998900000006 -3.93241899132414,37.4683869251045,853.5478 -3.93247699374539,37.4683899424487,853.470700000005 -3.93253600227976,37.4683949718308,853.348700000002 -3.93259299948623,37.4684040245751,853.065100000007 -3.93265703678959,37.4684090532432,852.360199999996 -3.93271906276501,37.4684159263975,851.703399999999 -3.93277706608459,37.4684249791393,851.281300000002 -3.93284495895713,37.4684370492223,850.721900000004 -3.93290799104566,37.4684519690942,851.020499999999 -3.93296498825213,37.468472923645,850.129799999995 -3.93302600811444,37.4684980690982,849.954599999997 -3.93306607387442,37.468538972864,848.934099999999 -3.93312307108088,37.4685520489454,848.760500000004 -3.93318006738902,37.468564956761,848.464099999997 -3.93323605848238,37.4685810501745,848.013399999996 -3.93329305568885,37.4685919466653,846.956900000005 -3.9333510581101,37.4686050220246,846.545100000003 -3.93340704920346,37.4686120634244,846.379000000001 -3.93347594908743,37.4686249712296,846.080499999996 -3.93354300383181,37.4686390525987,845.302100000001 -3.93359798971034,37.4686509550967,844.482600000003 -3.93366504445471,37.4686670484916,844.162700000001 -3.93372003033328,37.4686799562874,843.8177 -3.9337869170927,37.468697055691,843.426500000001 -3.9338539727354,37.4687099634815,843.128400000001 -3.93390996382872,37.4687200222023,842.118600000002 -3.93396796625001,37.4687300802087,841.661999999997 -3.93402395734333,37.4687369533335,841.4997 -3.93408196066291,37.4687419826922,841.080199999997 -3.9341399630842,37.4687470120507,840.395600000003 -3.93419796640376,37.4687490233661,840.201300000001 -3.93425496271193,37.4687520406957,840.0193 -3.93432503579565,37.4687550587382,839.045100000003 -3.93438203300212,37.4687560640393,839.012799999997 -3.93443902931026,37.4687580760676,838.858900000007 -3.93449803784466,37.4687590820816,837.925499999998 -3.93455905860526,37.4687609258466,837.873800000001 -3.93461706102652,37.4687639431757,837.796700000006 -3.93467891991531,37.4687639431757,837.518100000001 -3.9347389336645,37.4687639431757,836.909700000004 -3.93479894831199,37.4687669605048,836.697799999994 -3.93485996907262,37.4687699785466,836.6201 -3.93491696538076,37.4687740011763,836.235199999996 -3.93497295647412,37.4687840598885,836.0 -3.93500598123891,37.4688370335162,836.0 -3.93506498977328,37.4688410568552,835.849300000002 -3.93510807297431,37.468874919772,835.775200000004 -3.93515903529868,37.4689109615343,835.200400000002 -3.93520899150996,37.4689480100039,835.0 -3.93525894772122,37.468984051731,835.0 -3.93529599514185,37.4690180828456,834.809299999994 -3.93534192779897,37.4690599923369,834.0 -3.93538299967206,37.4690920106847,834.172399999996 -3.93543496721125,37.4691300650736,833.702699999994 -3.93547000330398,37.4691669451723,833.0 -3.93550202285395,37.4692049988101,833.028900000005 -3.93552800662356,37.4692529435285,833.0 -3.93554594328484,37.4693020617718,833.136199999994 -3.93555600172107,37.4693459824033,833.197499999995 -3.93557293316753,37.4693920832819,833.0 -3.93559807880895,37.4694400278803,832.831000000006 -3.93562506869168,37.4694899837435,832.085800000001 -3.93563495914295,37.4695439628745,832.0 -3.93563898269712,37.4695939193811,832.0 -3.9356440123644,37.4696430374005,831.301800000001 -3.93565507601542,37.469692993128,831.599799999996 -3.93566798390775,37.4697419435342,831.382299999997 -3.93568307201126,37.4697890501688,831.125899999999 -3.93570302089877,37.4698339772268,830.970199999996 -3.93571894623212,37.4698790718054,830.511299999998 -3.93573604566357,37.4699239988093,830.218800000002 -3.93575699976589,37.4699689257861,830.121100000004 -3.93577594343859,37.4700130142861,830.532800000001 -3.93579907685377,37.4700639764759,830.134900000005 -3.9358260667365,37.4701080649198,829.667300000001 -3.93586194185568,37.470152992499,829.042700000005 -3.93590502415841,37.4701940636192,829.0 -3.93594307859046,37.4702369791583,829.0 -3.93597794669823,37.4702810675003,829.0 -3.93600694790885,37.4703209657233,828.516900000002 -3.93604097878676,37.4703640487362,828.0 -3.93608607331569,37.4704059581858,828.120599999995 -3.93612295364969,37.470447029167,828.0 -3.93616804817866,37.4704889385701,827.926399999997 -3.93621901050302,37.4705279982381,827.810400000002 -3.93626796060116,37.4705620293627,827.0 -3.93631607257117,37.4705960597589,827.0 -3.93635597124449,37.4706359578139,827.0 -3.93639905354722,37.4706780346569,827.0 -3.93643207831202,37.4707140769758,826.205900000001 -3.9364699647591,37.4707479397571,826.0 -3.93651304796013,37.470785993303,826.0 -3.9365640093862,37.4708220355698,826.0 -3.93660306903306,37.4708589162597,825.962 -3.93664699036228,37.4708889232921,825.092600000004 -3.93670700500977,37.4709150746306,825.0 -3.93676701965725,37.4709420643994,825.0 -3.93683005084749,37.4709670429027,825.0 -3.93688201928498,37.4709869914773,825.0 -3.93693499293731,37.4710079460305,824.699099999998 -3.93699198924545,37.471018004442,824.363500000007 -3.93705904488816,37.4710329245117,824.936000000002 -3.93711302465358,37.4710480121235,824.352799999993 -3.93717806807001,37.4710649434404,824.312399999995 -3.93724394961464,37.4710830482813,824.775899999993 -3.93729893459488,37.471097968338,824.6109 -3.93736397890965,37.47111892286,824.981899999999 -3.93742499877196,37.4711289812566,824.501900000003 -3.93748098986531,37.4711390396519,824.744200000001 -3.93753899228656,37.4711589881806,825.0 -3.93760101826199,37.4711769254539,824.460000000006 -3.93766505646364,37.4711950302677,824.054999999993 -3.93773093800827,37.4712139735133,824.573000000004 -3.93778491777369,37.4712290610886,824.416200000007 -3.93784895507704,37.4712480043257,824.872600000002 -3.93790092351453,37.4712679528253,824.657399999996 -3.93795406425349,37.4712909192597,824.844800000006 -3.93800603269098,37.4713130479648,825.0 -3.93805800023016,37.4713319904676,825.111799999999 -3.93811600265145,37.4713410428562,825.558000000005 -3.93817702341205,37.4713589807988,825.588900000002 -3.93822396218229,37.4713849644286,825.4611 -3.93827794104938,37.4714109480493,825.655299999999 -3.93833007657352,37.4714369323739,825.832200000004 -3.93838305022583,37.471462077543,825.452600000004 -3.938432000324,37.4714860498952,825.724400000006 -3.93848598008942,37.4715049930671,825.3413 -3.9385379476286,37.4715229302574,825.870800000004 -3.93858907703964,37.4715460648703,825.365000000005 -3.93866099436463,37.471561990098,825.998999999996 -3.93872704389422,37.4715869683942,825.609599999996 -3.93878504631547,37.4716010499183,826.0 -3.93884204352194,37.4716189870855,826.0 -3.93889602238906,37.4716409474368,826.228700000007 -3.93895000215448,37.471658046876,826.860400000005 -3.93901705779719,37.4716739720799,827.0 -3.93907103666427,37.4716989503386,827.370200000005 -3.93912401031658,37.4717160497645,828.0 -3.93915267645562,37.4717266107114,828.0 -3.93919307728722,37.4717370041133,828.0 -3.93921604361574,37.4717529300133,828.309800000003 -3.93920699129262,37.4717549412479,828.288700000005 -3.93926700594014,37.4717559472216,828.896099999998 -3.93932702058763,37.4717730466345,829.706200000001 -3.93936792357747,37.4718099268551,830.0 -3.93942693211187,37.4718230023644,830.590899999996 -3.93948392931831,37.4718469746008,831.0 -3.93954092652478,37.4718709468295,831.0 -3.93960194638708,37.4718949190505,831.396999999997 -3.93965492003939,37.4719180535484,832.0 -3.93970806167665,37.4719380025821,832.0 -3.93975399433377,37.4719680098943,832.0 -3.93979607142168,37.4720099191575,832.0 -3.93985306862812,37.4720109251279,832.0 -3.93990704749524,37.4720399264409,832.0 -3.93995499237859,37.4720699337121,832.0 -3.94001400091296,37.4720860270839,832.833899999998 -3.94007200333422,37.4720830091759,832.0101 -3.9401300066538,37.4721079872979,832.375400000004 -3.94017895675197,37.4721460408643,833.0 -3.94023293651739,37.4721790659972,832.976299999995 -3.94028507204154,37.4722109168925,833.0 -3.94032379571848,37.4722509823407,833.235000000001 -3.9403549771403,37.4722749551528,833.949500000002 -3.94041700311572,37.4722910477675,833.978099999993 -3.94047098198284,37.4723150205667,834.0 -3.94052496174826,37.4723319515966,834.0 -3.94057307371824,37.47237201698,834.245200000005 -3.94062705348366,37.4723980009705,834.898400000005 -3.94067902102285,37.472423984952,835.0 -3.94073702434243,37.4724539920691,835.0 -3.94079502676369,37.4724829939231,835.558199999999 -3.94085101785704,37.4725119950529,836.0 -3.94091002639141,37.4725450200241,836.0 -3.94097104625372,37.4725750270925,836.690499999997 -3.9410290495733,37.4726020169749,837.0 -3.94108705199459,37.4726269949235,837.0 -3.94114404920103,37.4726539847871,837.549499999994 -3.94120205162232,37.4726819798892,837.413100000005 -3.94125904882875,37.472706957811,837.978799999997 -3.94131503992211,37.4727329416852,838.373699999996 -3.94136901968753,37.4727599315105,839.0 -3.94142098722671,37.4727820597806,839.0 -3.94148200708902,37.4728100555478,839.146900000007 -3.94154001040861,37.4728390572636,839.846399999995 -3.94159700761508,37.472869064214,840.0 -3.94164998126738,37.4728990711524,840.140899999999 -3.94170295491968,37.4729260609178,840.805800000002 -3.94175592767366,37.4729510394709,841.0 -3.9418080631978,37.4729750113456,841.0 -3.94186204296322,37.4729969720114,841.180099999998 -3.94191803405657,37.4730199386275,841.926900000006 -3.94197301903681,37.4730469283491,842.0 -3.94202297524806,37.4730700624904,842.015700000004 -3.94208097856765,37.4730940343268,842.599900000001 -3.94213495743474,37.4731230359324,843.0 -3.94219296075432,37.4731460025098,843.0 -3.94224895184768,37.4731709802765,843.082800000004 -3.94230796038205,37.473195958035,843.901599999997 -3.94236696891645,37.473220936498,844.0 -3.94242497133771,37.4732440705854,844.0 -3.94248297465729,37.4732700542728,844.576700000005 -3.94254500063271,37.4732950327111,845.064400000003 -3.94260602049502,37.4733220223334,845.355500000005 -3.94265698281939,37.4733429769448,845.225600000005 -3.94270693903067,37.4733649375025,845.721799999999 -3.94276293012399,37.4733939390031,846.375199999995 -3.94281992733047,37.473421934541,847.0 -3.94287507939733,37.4734519419704,846.9185 -3.94292704783485,37.4734829546253,847.379400000005 -3.94297901537403,37.4735159791674,848.111699999994 -3.94303299513945,37.4735500096445,847.996899999998 -3.94308295135071,37.4735820289208,848.6054 -3.94309502111488,37.4736299729705,849.671400000007 -3.94313693021783,37.4736650093439,850.0 -3.94320499107532,37.4736799295982,850.0 -3.94326400050802,37.473707925029,850.430999999997 -3.94331797937514,37.4737369263964,850.9764 -3.94336994781263,37.473767939646,850.795100000003 -3.94342107722366,37.473799958116,851.418300000005 -3.94347991777307,37.4738289594478,851.265499999994 -3.94353507073827,37.4738619845499,851.897500000006 -3.9435900557185,37.4738950089246,852.0 -3.94361805171431,37.4739360801275,852.556400000001 -3.94367303669455,37.4739530115031,852.684999999998 -3.94372500513203,37.4739830187192,852.616800000003 -3.9437739552302,37.4740170496966,853.0 -3.94382005587225,37.4740549354658,853.229500000001 -3.94387101729832,37.4740909782951,854.0 -3.94392399095062,37.4741260144524,854.0 -3.94397797071604,37.4741580334819,854.545100000003 -3.94402306524501,37.4741850227926,855.0 -3.94407101012836,37.4742130187472,855.0 -3.94412197155443,37.474247048907,855.545800000007 -3.94416706608336,37.474282923393,856.322 -3.94421601707983,37.4743219832172,857.0 -3.94425692006966,37.4743560140403,856.993900000001 -3.94429396838862,37.4743910500733,857.631200000003 -3.94433302803548,37.4744250808649,857.615900000004 -3.94436907024129,37.4744619612028,858.0 -3.94440695668841,37.4744949860253,858.097899999993 -3.94445205121737,37.4745360568984,859.0 -3.94448993766446,37.4745709260227,858.885500000004 -3.94452698508509,37.4746069678904,859.0 -3.94455900373677,37.4746440156755,859.431700000001 -3.94459404072779,37.4746800582208,859.708199999994 -3.94462605937947,37.4747169384329,860.0 -3.94465891615931,37.4747539868764,860.0 -3.94469596447827,37.4747900286557,860.111900000004 -3.94473603023824,37.4748359614918,860.960900000005 -3.94477207244405,37.4748709980127,861.0 -3.94481498766012,37.4749149189366,861.116099999999 -3.94485605863492,37.4749600140145,861.954100000003 -3.94490199129204,37.475002928956,862.0 -3.94494608060618,37.4750450061923,862.0 -3.94499201326327,37.475087921798,862.118300000002 -3.94503006679705,37.4751259752731,862.994399999996 -3.94507097068518,37.475162017586,863.0 -3.9451130477731,37.4752069442661,863.0 -3.94515294554812,37.4752429865399,863.116999999998 -3.94519099998019,37.4752800347227,863.933399999994 -3.94523005962705,37.4753140651096,864.0 -3.94526593384794,37.4753539634977,864.0 -3.9453049934948,37.4753900049877,864.0 -3.94534103570061,37.4754270530976,864.403399999996 -3.94537992736255,37.4754649395778,865.0 -3.94541798179459,37.4755019876505,865.0 -3.94545603532837,37.4755370238592,865.0 -3.9454969392165,37.475571054129,865.025500000003 -3.94553298142231,37.4756089405362,865.784 -3.94557103495609,37.4756449826162,866.0 -3.94560892140318,37.4756830365206,866.0 -3.94564496360902,37.4757180733573,866.0 -3.94568201192795,37.4757529419301,866.237299999993 -3.94571905934861,37.4757899898601,867.0 -3.94576800944675,37.4758300555285,867.0 -3.945809919448,37.47587498252,867.0 -3.94585602009008,37.4759180651831,867.932100000005 -3.94589306751071,37.4759519284583,868.0 -3.94592994784471,37.4759879703729,868.0 -3.94597504327197,37.4760300477676,868.438099999999 -3.94601007936466,37.4760679339421,869.0 -3.94604796581178,37.4761019639702,869.0 -3.94608501323241,37.4761359946957,869.0 -3.94612507899239,37.4761690194914,869.5484 -3.94616195932639,37.4762040561003,870.0 -3.94621007129637,37.4762439533004,870.226299999995 -3.9462570100666,37.4762850246382,870.629499999995 -3.9462920461593,37.4763200611927,870.929600000003 -3.94633797971472,37.4763619708673,871.131399999998 -3.94638005680263,37.4764040480515,871.337100000004 -3.94642498334663,37.4764449517683,871.724499999997 -3.94646806654766,37.4764850170856,872.0 -3.94650796432268,37.4765269266677,872.558199999999 -3.94655104752371,37.47656799785,873.477199999994 -3.94659094529873,37.4766100749182,873.844700000001 -3.94663603982769,37.4766509785223,874.333599999998 -3.94667996115687,37.4766930562566,875.274999999994 -3.94672203824478,37.4767349657221,875.561199999996 -3.94676595957397,37.47677603679,876.088900000002 -3.94680803666188,37.4768189521146,876.0913 -3.94685195799107,37.4768620349464,877.0 -3.94689805773482,37.4769049502215,877.015599999999 -3.94693192062777,37.4769440101012,877.888300000006 -3.94695907849545,37.4769850817672,878.0 -3.94699797015735,37.47703101468,878.830600000001 -3.94703200103526,37.4770690678786,879.0 -3.94707206679524,37.4771150007398,879.468500000003 -3.94712503954921,37.4771419904084,880.0 -3.94715605298611,37.477185073767,880.036500000002 -3.9471749957605,37.4772289947567,880.456999999995 -3.94721103796631,37.477268054467,880.882700000002 -3.94725596540861,37.4773010794753,880.8894 -3.94729703638341,37.4773359480224,881.5913 -3.94733995159948,37.4773740017787,881.669500000004 -3.94738605224156,37.4774100437203,882.1489 -3.94742695612969,37.4774479299081,882.705799999996 -3.94747305677177,37.4774849784236,882.674599999998 -3.94751697810095,37.4775240380001,882.515799999994 -3.94756207262992,37.4775649418168,883.0 -3.947608005287,37.4776050072465,883.030400000003 -3.94765008237491,37.4776460785493,883.031400000007 -3.9476940037041,37.477688994087,882.718599999993 -3.94773993636122,37.4777250358767,882.733800000002 -3.94777798989497,37.4777649336906,882.746199999994 -3.94781202077287,37.4778019820489,882.511499999993 -3.94785007430662,37.4778400355678,882.324800000002 -3.94788695464062,37.4778799333203,882.076199999996 -3.94792400295955,37.4779189934033,882.232600000003 -3.94795803383746,37.4779580527529,882.018200000006 -3.9479940760433,37.4779969445526,882.200500000006 -3.94802793893625,37.478033992796,882.091400000005 -3.94806599247,37.4780710410209,881.904399999999 -3.94810605822998,37.4781079209854,881.746499999994 -3.94815500832811,37.4781439632859,881.694799999997 -3.9482049645394,37.4781810114562,881.437000000005 -3.94824402418626,37.4782180596083,881.0 -3.94829196817128,37.4782589630452,880.993700000006 -3.94833304004441,37.4782960111586,880.862399999998 -3.94837293781943,37.4783340651389,880.401100000003 -3.94841501490734,37.4783739626276,880.102799999993 -3.94845591879547,37.4784150342206,880.0 -3.94849698977027,37.4784549323789,880.0 -3.94855901574569,37.4784750486221,879.849499999997 -3.94860092574694,37.4785119291,879.014500000005 -3.94865406648591,37.4785300335627,879.0 -3.94868407380965,37.4785709375418,879.0 -3.94872296636988,37.4786190494835,878.479399999997 -3.94876101990363,37.4786599534138,878.0 -3.94879907343738,37.4787000189693,878.0 -3.94884902964866,37.4787399169755,878.0 -3.94888892742368,37.478774953092,878.0 -3.94892999929677,37.4788109950708,877.283299999996 -3.94896905894367,37.4788450259884,877.0 -3.94900895671869,37.4788790561778,877.0 -3.94905203991972,37.4789149305789,876.9997 -3.94909093158162,37.4789509732031,876.194300000003 -3.94912898511536,37.4789890268498,876.0 -3.94916502732121,37.4790260746012,875.634399999995 -3.94920593120934,37.479057926143,875.770999999993 -3.94925102573831,37.4791000032349,874.858900000007 -3.94929293573956,37.4791370516443,874.498999999996 -3.94932596050435,37.4791739317955,874.192899999995 -3.94937105503331,37.4792099735818,873.397299999997 -3.94941195802312,37.4792510454282,873.041800000006 -3.94944699501414,37.4792959725017,872.566099999996 -3.94948705987582,37.479340061203,872.361300000004 -3.94952192888189,37.479376941254,871.825899999996 -3.94955998331396,37.4794250533897,871.649099999995 -3.94959099585253,37.4794639458517,871.4041 -3.94961999706315,37.4795030051067,870.878500000006 -3.94965402794106,37.4795420650541,870.761499999993 -3.94968906403376,37.4795809567423,870.455900000001 -3.9497219208136,37.4796210225169,870.961500000005 -3.94975293425045,37.479662931766,870.639599999995 -3.94978394768735,37.4797060150969,870.304399999994 -3.94981898378004,37.4797509418969,870.0 -3.94984899110379,37.4797930193115,870.0 -3.94988402719651,37.4798339225992,870.0 -3.94991805807442,37.4798780116959,870.0 -3.9499500767261,37.479919920801,870.0 -3.94998494573217,37.4799619981204,870.0 -3.95001897571175,37.4800050812789,869.9179 -3.95005300658966,37.4800469910255,869.917100000006 -3.95008703656924,37.4800910792836,869.493799999997 -3.95012207356026,37.480132988982,869.0 -3.95015895389426,37.4801730544606,869.0 -3.95019398998699,37.4802159699729,868.764800000004 -3.95023204352074,37.480256035407,868.0052 -3.95026708051176,37.4802979450129,868.0 -3.95029893117848,37.4803410279777,867.999500000005 -3.95033195594324,37.4803839433934,867.652600000001 -3.95036498070804,37.4804230028804,867.257199999993 -3.95039699935972,37.4804640740601,867.0 -3.95043304156556,37.4805039718373,867.0 -3.95046992189953,37.4805430319743,866.993300000002 -3.95050697021849,37.4805849414192,866.882899999997 -3.95054502375223,37.4806260125098,866.767000000007 -3.95058408339909,37.4806650725831,865.893299999996 -3.9506209637331,37.4807069819596,865.589800000002 -3.95066203560619,37.4807460412776,865.3891 -3.95070595693537,37.4807829220605,865.230299999996 -3.95074803402329,37.4808229871906,864.255999999994 -3.95079396668041,37.4808600354585,864.171100000007 -3.95084291677854,37.4808920544543,864.310299999997 -3.95088801130751,37.4809299403025,863.934699999998 -3.95093495007771,37.4809629651182,863.307400000005 -3.9509820568329,37.4810000133167,863.326199999996 -3.95103000081793,37.4810320322526,863.374299999996 -3.95107593347504,37.4810640511748,862.9326 -3.95111599923502,37.4811009310877,862.126999999993 -3.95115908243605,37.4811349616754,861.387100000007 -3.95120300376523,37.4811679864005,861.428899999999 -3.95124508085315,37.4812040286508,860.816300000006 -3.9512849786282,37.4812390650376,860.263099999996 -3.95132303216194,37.4812759455771,860.110199999996 -3.95136393605008,37.481309976085,859.444099999993 -3.95140802446592,37.4813419948881,858.833199999994 -3.95144792313924,37.4813780370544,858.918900000004 -3.95149804643716,37.4814169292128,858.046900000001 -3.95153895032532,37.4814519654998,857.765599999999 -3.95157800997218,37.4814890134558,857.275200000004 -3.95161304606488,37.4815299172408,856.5193 -3.95165294383993,37.4815689768416,855.883600000001 -3.95169099827197,37.4816070305807,855.794299999994 -3.95172704047782,37.4816459226199,855.0 -3.95176593213972,37.4816829704798,855.0 -3.95180096823245,37.4817210241609,854.245200000005 -3.95184505754659,37.4817609219798,854.0 -3.95188897887578,37.4817999821727,854.0 -3.95193792897392,37.4818309949276,853.780499999993 -3.95198201738973,37.4818640200579,853.447499999995 -3.95202593871891,37.4818980502981,853.223299999998 -3.95207002803306,37.4819290630123,853.0 -3.95211294324913,37.4819639322514,853.0 -3.95215904299287,37.4819939391023,853.0 -3.95220195910727,37.4820269641606,852.555399999997 -3.95224705363624,37.4820579768213,852.688699999999 -3.95229298629332,37.4820899960167,851.970000000001 -3.95233992506356,37.4821240261539,851.758000000002 -3.95238803703354,37.4821540336534,851.532000000007 -3.95243296357754,37.4821880637614,851.094800000006 -3.95247906421959,37.4822229328796,850.988700000002 -3.95252197943566,37.4822569636691,850.910399999993 -3.95256891820589,37.4822889820663,850.505300000004 -3.95261803628899,37.4823199953312,850.268100000001 -3.95266899861339,37.4823479910896,849.654599999994 -3.95271895482464,37.4823800094478,849.458599999998 -3.95276606068151,37.4824150459961,848.726699999999 -3.95281098812381,37.4824500825279,848.838799999998 -3.95285105298549,37.4824869624696,848.673299999995 -3.95289195687362,37.4825219989677,848.175300000003 -3.9529300104074,37.4825590471061,847.448099999994 -3.95296605261321,37.4825959277068,846.872199999998 -3.95300595128656,37.4826279466717,846.939499999993 -3.95303897515303,37.4826680115253,846.934800000003 -3.95307300603093,37.482709921204,846.074699999997 -3.95310804212366,37.4827499867265,845.291800000006 -3.95314106688846,37.482792063878,845.492199999993 -3.95316503933013,37.4828359851364,845.260999999999 -3.95320007542283,37.4828760505913,844.832599999994 -3.95323796186995,37.4829139368592,844.419399999999 -3.95327501018887,37.4829499789801,844.711800000005 -3.95331406983577,37.4829880327289,843.961899999995 -3.9533489379435,37.483029942228,843.873800000001 -3.95338598626246,37.4830690017575,843.032099999997 -3.95342102235516,37.4831080619794,842.663700000005 -3.953457064561,37.4831469539501,842.308499999999 -3.95348707188475,37.4831870192382,841.414099999995 -3.95352596444498,37.4832230612274,840.607399999994 -3.95355898920977,37.4832599422133,839.783100000001 -3.9536069331948,37.4833000074409,839.625 -3.95364901028271,37.4833449342184,838.501399999994 -3.95368706471475,37.4833789652097,838.119200000001 -3.95372495026357,37.4834150071063,837.312600000005 -3.95376099246938,37.4834500431692,837.054300000003 -3.9538069251265,37.4834919531221,836.725000000006 -3.95384497955854,37.4835259833336,836.823300000004 -3.95387196944127,37.4835690665756,835.928799999994 -3.95389392965671,37.4836109757489,835.784599999999 -3.95394707129398,37.4836419891778,835.826400000005 -3.95398797428381,37.4836740076943,835.753899999996 -3.95401999383379,37.4837110559743,835.705100000006 -3.95405905348065,37.4837499476311,835.597899999993 -3.95405402381337,37.4837489418188,835.539999999994 -3.95407598492714,37.4838000714257,835.016699999993 -3.95410699746567,37.4838399695601,835.556100000002 -3.95413499346151,37.4838790293789,836.0 -3.95415997111797,37.4839229507111,836.0 -3.95418494967277,37.4839670395337,835.998200000002 -3.95420506564693,37.4840109601013,836.0 -3.95421998576549,37.4840590728174,836.0 -3.95423691721195,37.4841120463112,836.0 -3.95424798086301,37.4841579791201,836.0 -3.95426306896652,37.484204917707,836.233800000002 -3.9542810056278,37.484249006363,836.540999999997 -3.95429005884921,37.4842979565026,836.690100000007 -3.95430497806948,37.4843450632295,836.943299999999 -3.95432392174217,37.4843920016989,837.0 -3.95433699672115,37.4844399459417,836.723700000002 -3.95435493428073,37.4844870525791,836.794699999999 -3.95436801015801,37.4845339909592,837.0 -3.95438997037346,37.4845799242216,837.0 -3.95441092537408,37.4846230068558,837.463799999998 -3.95442601257927,37.4846769864624,838.0 -3.95444093269783,37.484722918924,838.0 -3.95446104957029,37.4847710311816,837.643100000001 -3.95447798101679,37.4848179700961,837.895999999993 -3.9544979299043,37.484867926373,838.0 -3.95451502843742,37.4849160385372,838.0 -3.95453296599699,37.4849639824437,838.0 -3.95454805320221,37.485010921237,838.022599999997 -3.95456297332077,37.4850570217197,838.345100000006 -3.9545589497666,37.4851029546605,838.478000000003 -3.95457705441284,37.4851539165402,839.0 -3.95463002806514,37.485172021532,839.0 -3.95465098306577,37.4852149370244,839.0 -3.95463304550619,37.4852640547571,839.0 -3.95463908128655,37.4853089817792,839.0 -3.95465198917888,37.4853569261464,839.0 -3.95467193806639,37.4854030271285,839.0 -3.95468803138473,37.4854499656459,839.4755 -3.95471300904119,37.4854920427024,839.995200000005 -3.9547309466008,37.4855430043167,840.0 -3.95475693037037,37.485589943459,840.0 -3.9547839202531,37.4856330262236,840.0 -3.95481292146373,37.4856749356648,840.028600000005 -3.95484292878747,37.4857170133075,840.967600000004 -3.95487997710643,37.485753054789,841.0 -3.95491601931224,37.4857899352388,841.0 -3.95495206151808,37.4858259773979,841.404999999999 -3.95501006393934,37.4858360359536,841.638600000006 -3.95503805993518,37.4858799568482,842.0 -3.95507594548397,37.4859190170261,842.0 -3.95511299380293,37.4859560649056,842.320399999997 -3.9551639561273,37.4859889221267,843.0 -3.95521491755337,37.4860100442618,842.694900000002 -3.95526403563646,37.4860450805334,843.0 -3.95527694352879,37.4860920193603,843.366599999994 -3.95531198051982,37.486133928544,844.0 -3.95536897682795,37.486166953198,844.0 -3.95542698014754,37.4861979662787,844.0 -3.95547391801945,37.4862269677886,844.396299999993 -3.95552303610254,37.4862579808444,845.0 -3.95557198709901,37.4862889938873,845.0 -3.95561993108406,37.4863169895842,845.315300000002 -3.95566502561299,37.4863469968253,845.509699999995 -3.95571297049634,37.4863759982774,845.746100000004 -3.95576594414865,37.4864029881651,845.797999999995 -3.95581003256446,37.486435006924,846.066699999996 -3.9558569713347,37.4864660198934,846.070500000002 -3.95590508330467,37.4864950212993,846.421600000001 -3.95595001074698,37.4865250284689,847.0 -3.95599694951721,37.4865550356264,847.0 -3.95604405537407,37.4865830312236,847.3995 -3.95609099414431,37.4866110268103,847.986799999999 -3.95613793291455,37.4866380166131,847.695500000002 -3.95619493012098,37.4866700352712,848.357099999994 -3.95624102986476,37.4866970250527,848.340299999996 -3.95630003839914,37.4867250205967,848.784299999999 -3.95635502427767,37.4867510045864,849.246299999999 -3.95641503892519,37.486776988567,849.769899999999 -3.95646801257749,37.4868080013945,850.170400000003 -3.95652500888563,37.4868349911261,850.153399999996 -3.95657798253794,37.4868690219533,851.206200000001 -3.95662995097542,37.4869010405125,851.561100000006 -3.95667403939127,37.4869320532885,852.257199999993 -3.95670706415606,37.4869719511759,853.148400000005 -3.95671393716629,37.4870220749472,854.0 -3.95677093437276,37.4870380011539,854.0 -3.95680697657857,37.4870760549588,854.0 -3.95683899523024,37.4871189700702,854.125100000005 -3.95685207110753,37.4871650706777,854.947199999995 -3.95690705608777,37.4871530007681,855.0 -3.95696505940732,37.487168926234,855.0 -3.95701400950549,37.4871979273671,855.043999999994 -3.95705994216258,37.4872329637943,856.0 -3.95710201925049,37.4872659886753,856.0 -3.95714795190761,37.4873010250706,856.0 -3.95719807610382,37.4873370672135,856.0 -3.95725004364301,37.4873709303035,856.402000000002 -3.95730100596741,37.4874059666497,856.973800000007 -3.95734794473761,37.487442008742,857.0 -3.95739605670762,37.487479056579,857.0 -3.95744903035993,37.4875139253663,857.877099999998 -3.95749898657118,37.4875529846899,858.0 -3.95754106365909,37.4875850036687,858.0 -3.95758599020306,37.487614005353,858.122499999998 -3.95762907340409,37.4876450185458,858.982199999999 -3.95767299473327,37.4876780432445,859.0 -3.95771708314912,37.4877100621698,859.0 -3.95775999836519,37.4877439250907,859.0 -3.95780492580749,37.4877759439876,859.055999999997 -3.9578470028954,37.4878109801439,859.792100000006 -3.95789293555252,37.4878409874976,860.0 -3.95793803008145,37.487873006353,860.0 -3.95797893396959,37.48790904822,860.0 -3.95802201717061,37.4879439168065,860.0 -3.95806694371462,37.4879769413732,860.643500000006 -3.95810801558771,37.4880139896577,861.0 -3.95814891947588,37.4880510379239,861.0 -3.95818697300963,37.488087917952,861.0 -3.95822603265649,37.4881239604281,861.0 -3.9582639191036,37.4881640258984,861.0 -3.95830599619152,37.4882020798425,861.0 -3.95834304361215,37.4882409712998,861.0 -3.95838193617238,37.4882810374201,861.0 -3.95841898359301,37.4883199288363,861.0 -3.95845804323987,37.4883599949143,861.0 -3.95850095935424,37.4883960365463,861.0 -3.95853800677487,37.4884349286154,861.0 -3.95857907864799,37.488473988883,861.0 -3.95861595898196,37.4885150599137,861.0 -3.95865602384364,37.4885519404256,861.0 -3.95869793384493,37.4885940171605,861.830100000006 -3.95874101704595,37.4886260364059,862.0 -3.95877102347137,37.4886659341014,861.898799999995 -3.95881393958577,37.4886989590616,861.7356 -3.95885299923263,37.4887370127332,862.0 -3.95889306409431,37.4887760721301,862.0 -3.95893698542349,37.4888089295364,862.0 -3.95898207995242,37.4888449716646,862.0 -3.95902298384059,37.4888759843463,862.0 -3.95906606704162,37.4889170558688,861.974100000007 -3.9591039534887,37.4889509189554,862.0 -3.95913999569455,37.4889859552733,862.0 -3.95918894579268,37.4890219973161,862.0 -3.9592310228806,37.4890590450823,862.0 -3.95923504643476,37.4891100071144,862.0 -3.95928802008706,37.4891339795077,862.0 -3.95931802651251,37.4891760566276,862.0 -3.95935608094455,37.4892189719582,862.0 -3.95939899616062,37.4892600432921,862.0 -3.95944392270463,37.4892999413617,862.0 -3.95948499457772,37.4893420183881,862.0 -3.95953293856274,37.4893829221504,862.0 -3.95957199820964,37.4894209761864,862.0 -3.95960804041545,37.4894590294902,861.920299999998 -3.95964408262129,37.4894950720175,861.813699999999 -3.95967995774047,37.4895339642271,861.087899999999 -3.9597170051611,37.4895700060055,861.0 -3.95975304736692,37.4896080599462,861.0 -3.95979294514197,37.4896449406312,861.003400000001 -3.959836028343,37.4896789708911,861.0 -3.95987894355907,37.4897099839393,861.0 -3.95991900931904,37.4897440141696,861.002099999998 -3.95996091932029,37.489777039366,861.0 -3.96000500773614,37.4898090581043,861.0 -3.96004792295221,37.4898390653682,860.751199999999 -3.96008597648596,37.4898739337666,860.086299999995 -3.96012403091803,37.489907964635,860.0 -3.9601669461341,37.4899379718592,860.0 -3.96020801710886,37.4899699905285,860.0 -3.96026300298743,37.490003015625,860.0 -3.96031094697245,37.4900439190253,860.0 -3.96035302406036,37.4900779498162,860.0 -3.96039593927643,37.4901129856055,860.0 -3.96043902247746,37.4901470163649,859.905899999998 -3.96048394991976,37.4901760177673,859.118100000007 -3.96052803833557,37.4902050191585,859.0 -3.96059107042411,37.4902259740251,859.0 -3.9606349917533,37.4902690569672,859.0 -3.96067706884121,37.4903119723825,859.0 -3.96072199538521,37.4903500259452,858.991200000004 -3.96076792894063,37.4903850623196,859.0 -3.96081604091061,37.4904140636296,859.0 -3.96087102589085,37.4904420592061,858.334400000007 -3.96091595333315,37.4904759223141,858.0 -3.9609270169842,37.4905280580276,858.0 -3.96095400686689,37.4905739904555,858.0 -3.96099507784169,37.4906140560372,858.0 -3.96103698784294,37.4906499305061,858.0 -3.96108007014567,37.490683961021,857.907000000007 -3.96112198014692,37.4907169858018,857.041599999997 -3.96117093024509,37.4907570513068,857.097200000004 -3.96120898467713,37.4907910817728,857.308099999995 -3.9612579347753,37.4908309797374,856.750100000005 -3.96130302930424,37.4908700394649,856.483699999997 -3.96134896196135,37.490912954535,856.428700000004 -3.96139103904927,37.4909439677837,856.253899999996 -3.96143898393258,37.490984033167,856.0 -3.96148005490738,37.4910229253141,856.0 -3.96148407846155,37.4910720435047,856.0 -3.96154107566802,37.4910950095549,855.635299999994 -3.9615930432072,37.4911300462927,855.212899999999 -3.96164702207429,37.4911800019124,854.909899999999 -3.96169396084453,37.4912190621701,854.275899999993 -3.96174391705578,37.4912569477709,854.085699999996 -3.96178901158474,37.4912990251204,854.0 -3.96183008345784,37.491344957787,854.0 -3.96187199256079,37.4913820058266,853.859299999996 -3.9619120583208,37.4914180481389,853.149300000005 -3.96195195609582,37.4914510725951,853.217600000004 -3.96199403318373,37.4914849359584,853.0 -3.96203996584082,37.4915149432618,853.0 -3.96208103771395,37.4915469619679,852.487699999998 -3.96211892326273,37.4915819984937,852.220799999996 -3.96216401868999,37.4916140171711,852.1005 -3.96220793912085,37.4916450301287,852.0 -3.96227700609148,37.4916440244226,851.748099999997 -3.96229896720523,37.4916879454662,851.3698 -3.96233802685209,37.4917229819258,851.402199999997 -3.96237993595504,37.4917570126645,851.0 -3.962425030484,37.4917890312668,851.0 -3.96247096403942,37.4918160213371,850.567200000005 -3.96252594901966,37.4918510570239,850.0 -3.9625720496617,37.4918810648929,850.0 -3.96262804075506,37.4919120777397,850.0 -3.96266693241696,37.491946946596,849.922699999996 -3.96271403917215,37.4919739358964,849.296499999997 -3.96277204159341,37.4920029373022,849.0674 -3.96282903879988,37.4920280833914,849.0 -3.96288502989323,37.4920579229788,848.8943 -3.96293397999137,37.4920830683367,848.073499999999 -3.96298293008951,37.4921090526009,848.0 -3.96303204817263,37.4921330247445,847.5095 -3.96309508026117,37.4921590082786,847.0 -3.96315794436475,37.4921809690086,847.0 -3.96321997034017,37.4922059468276,846.109599999996 -3.96327294399248,37.4922230465504,846.0 -3.96332893508583,37.4922540592551,845.609200000006 -3.96337402961476,37.4922840662496,844.888000000006 -3.96342297971289,37.4923239641294,844.0 -3.96346204025809,37.4923590010034,844.0 -3.96350495547416,37.4923890079557,844.0 -3.96355005000312,37.4924280675812,843.229900000006 -3.96359095389125,37.4924729945714,842.865999999995 -3.96361894898876,37.4925140655416,842.138000000006 -3.96365800863563,37.4925579867863,842.0 -3.96368097496419,37.4926010698088,841.732000000004 -3.96372405816521,37.4926429796173,841.0 -3.96378692226879,37.4926290652784,841.0 -3.96381307402336,37.4926770099368,841.0 -3.96384207523399,37.4927189197026,841.0 -3.96385699535255,37.4927690431815,840.0 -3.96387895556799,37.4928220169138,840.0 -3.96390292800963,37.4928679500693,840.0766 -3.96393695888754,37.4929080151333,840.0 -3.96397300109339,37.4929480808886,840.0 -3.9640009961909,37.4929909961902,839.572899999999 -3.96402094507841,37.4930330732756,839.229800000001 -3.96404407939193,37.4930780006146,838.039000000004 -3.96406603960737,37.4930920816528,838.0 -3.96407391873071,37.4931490786118,837.6302 -3.96408095972593,37.4932000407044,837.742700000003 -3.96411901325967,37.4932479849963,838.406600000002 -3.96416595202988,37.4932870448853,838.449900000007 -3.9642170814409,37.4933200699407,838.190900000001 -3.96426200888321,37.4933480651407,838.032300000006 -3.96431297030928,37.4933809219614,837.877099999998 -3.96436292652056,37.4934169647345,837.417000000001 -3.96441003327572,37.4934590415799,837.145499999999 -3.96445093716389,37.4934940779214,836.927800000005 -3.96449100202557,37.4935289467519,836.156700000007 -3.96453391724161,37.4935670008139,836.435599999997 -3.96458806499202,37.4935919788821,835.483300000007 -3.96461907753055,37.4936350613081,835.217399999994 -3.96464807874121,37.4936779769277,835.782600000006 -3.96468998874246,37.4937110018102,835.233999999997 -3.96473105971726,37.4937490557794,834.813299999994 -3.96476995227749,37.4937849301681,834.281199999998 -3.96481001713914,37.4938229840996,834.036399999997 -3.96484907678603,37.4938670727812,833.342199999999 -3.96488696323312,37.4939079762037,832.764899999995 -3.96492702899313,37.4939470357476,832.586800000005 -3.96496407731205,37.4939889455135,832.526599999997 -3.96499894541982,37.4940300170755,832.589099999997 -3.96503197018458,37.4940709204089,832.6924 -3.96506801239043,37.4941079685218,831.963399999993 -3.96510204326834,37.4941500456907,832.658200000005 -3.96513707936107,37.494190949671,832.408800000005 -3.96517295358192,37.4942279977244,832.634000000005 -3.96521000190088,37.4942660514302,832.5092 -3.96524805543462,37.4943039376236,832.519499999995 -3.96528895932276,37.4943399799513,832.385200000004 -3.96533103641067,37.4943709924898,831.627699999997 -3.96537596385297,37.4943999943903,831.433399999994 -3.96542005226882,37.4944330189535,831.261899999998 -3.96546497971112,37.4944650378341,830.073999999993 -3.96550806201382,37.4945019182591,830.316600000006 -3.96555399556923,37.4945349427773,829.992700000003 -3.96559791600012,37.4945689729475,829.252099999998 -3.9656440166422,37.4946019981487,829.077999999994 -3.9656909554124,37.4946340169569,828.961299999995 -3.96573705605448,37.494665030086,828.868400000007 -3.96577997127055,37.4946970488671,828.218200000003 -3.96582305447158,37.494730073299,827.710399999996 -3.96586496357453,37.4947649422651,827.052100000001 -3.96590804677556,37.4947989723305,826.883400000006 -3.96595196810475,37.494835015132,826.939400000003 -3.96600008007472,37.4948680395029,826.726500000004 -3.96604500751703,37.4948990525348,827.2359 -3.96608205493765,37.4949349270837,826.978099999993 -3.9661120622614,37.4949820335177,827.163499999995 -3.96616402980059,37.495019919348,827.109599999996 -3.96620895724289,37.4950509330295,827.135599999994 -3.96625807532602,37.495088986316,827.116699999999 -3.96630702542415,37.4951240226057,826.124400000001 -3.96635295808127,37.495152018555,825.882500000007 -3.96639704739542,37.495183031469,825.515599999999 -3.96643996261149,37.4952160563986,824.8024 -3.96648505714041,37.4952480749435,824.724300000002 -3.96652596102855,37.4952809323538,824.584900000002 -3.96656803811646,37.4953149628968,823.755999999994 -3.9666040803223,37.4953550280736,823.172200000001 -3.96663308153293,37.4953979434176,823.531700000007 -3.96666107663044,37.4954390149175,823.099700000006 -3.96668806651317,37.4954829358676,823.508799999996 -3.96672796428819,37.4955199839928,824.185700000002 -3.96677104748922,37.4955530087736,823.975600000005 -3.96681396270529,37.495583015868,824.429600000003 -3.96685805201943,37.4956120172979,823.896800000002 -3.96690499078967,37.4956430300209,824.229999999996 -3.96694991733364,37.4956780667633,824.220700000005 -3.96699098830843,37.4957129352869,824.292300000001 -3.96703507762258,37.495746965633,824.2837 -3.96708201639281,37.4957809966763,824.225200000001 -3.96712292028095,37.4958170382912,824.311300000001 -3.96715996770158,37.4958549251233,824.464500000002 -3.96719802213365,37.4958929787128,824.705700000006 -3.96723892512349,37.4959290209863,823.995299999995 -3.96728301443763,37.4959650632425,823.9712 -3.96732693576682,37.4960009372793,824.058999999994 -3.96736800674161,37.4960379858603,824.162100000001 -3.96740991584457,37.4960770450029,824.247900000002 -3.96744998160455,37.4961169429947,824.620999999999 -3.96749105347764,37.496157008454,824.497099999993 -3.96753195646748,37.4961950626023,824.539799999999 -3.9675750396685,37.4962309372414,824.301200000002 -3.96761896099769,37.4962679849956,824.354600000006 -3.96766204419872,37.4963010094455,824.332800000004 -3.96770194197374,37.4963340345935,823.775500000003 -3.96774401906165,37.4963690710117,823.824699999997 -3.96778693427772,37.4964039392127,823.8554 -3.96783102269356,37.4964399819523,823.963399999993 -3.96787393880793,37.4964790415973,823.016699999993 -3.96791500978273,37.496517933734,823.169899999994 -3.96795893111191,37.496552970066,823.186799999996 -3.96800503175399,37.4965859943898,823.120500000005 -3.96805297573901,37.4966180130601,822.999400000001 -3.96810393806338,37.4966470148007,822.772299999997 -3.96815003870546,37.4966760158174,823.113599999997 -3.96819999401841,37.4967019999091,823.309699999998 -3.96824793890173,37.4967390481423,823.301300000006 -3.96835120383691,37.4967881661373,824.628100000002 -3.9683909345253,37.4968029178505,824.634399999995 -3.96844407526426,37.4968359427766,825.056700000001 -3.96849805502968,37.4968649444326,825.556800000006 -3.96855907489199,37.4968899221105,825.239400000006 -3.96861707821157,37.4969199293805,824.903099999996 -3.96866602830971,37.4969440696051,825.168799999999 -3.96871296707995,37.4969779319033,825.519700000004 -3.96875202672681,37.497010956752,825.5766 -3.96879896549704,37.4970369407272,825.560800000007 -3.96884506524079,37.4970689599168,825.914300000004 -3.96889904500621,37.4971070136004,825.914000000004 -3.96894095500746,37.497141044024,825.186000000002 -3.96898202598226,37.4971750744321,825.231299999999 -3.96902494119833,37.4972119549442,825.307199999996 -3.96907506539454,37.4972520205287,825.328399999999 -3.96911798061061,37.4972820276532,825.236300000004 -3.96916206902645,37.4973120347657,825.151400000002 -3.96920498424252,37.4973430482081,825.300099999993 -3.96925795789483,37.4973770785241,825.301399999997 -3.96931294377336,37.4974119469671,825.694699999993 -3.96936004963022,37.4974379308027,825.670299999998 -3.96941101195463,37.4974659265973,826.245599999995 -3.96946197338066,37.4974939223814,825.981499999994 -3.96951092437713,37.4975210793011,826.1728 -3.96956004246026,37.497550080691,826.460200000001 -3.96960798644528,37.4975760651913,826.780499999993 -3.96965391910237,37.4976050665599,827.114600000001 -3.96970907206756,37.4976409405217,826.953800000003 -3.96976506316092,37.4976739657899,826.981499999994 -3.969810995818,37.4977049783692,827.606 -3.96985592326031,37.4977339796877,827.423800000004 -3.96990001167615,37.4977670049148,828.025999999998 -3.96994896267262,37.4977980174555,827.886199999994 -3.96999992409869,37.4978250074923,827.759900000005 -3.9700500482949,37.4978489799394,827.916899999997 -3.97010201583409,37.4978719460438,827.8992 -3.97015398337328,37.4978930683824,827.821400000001 -3.97020293436974,37.4979160351859,827.047200000001 -3.97025791934995,37.4979500652409,827.0 -3.9703020077658,37.4979839285084,826.970499999996 -3.97034492388016,37.498014940959,826.041299999997 -3.97038901229601,37.4980459541095,825.787200000006 -3.97043393884001,37.4980779728664,825.000199999995 -3.97048003948206,37.4981089859908,824.809899999993 -3.97052597213918,37.4981399991022,824.387400000007 -3.97057006145332,37.4981720178188,823.794899999994 -3.97061498799729,37.4982020252864,823.681500000006 -3.97065907731143,37.4982320327419,823.553700000004 -3.97070098641439,37.4982640514191,823.3217 -3.97074792518462,37.4982970764117,822.492899999997 -3.9707940258267,37.4983309388091,822.209000000003 -3.97083492971484,37.4983669813313,821.531300000002 -3.97087499457652,37.4984010118934,821.276700000002 -3.97091204289544,37.4984360480546,820.360199999996 -3.97094506766024,37.4984769518255,820.124100000001 -3.97097608109713,37.4985190286709,819.548299999995 -3.97100407619464,37.4985599323963,818.9326 -3.97103408351839,37.4986010042953,818.126199999999 -3.97105503851901,37.4986549830661,818.138900000005 -3.97107599262134,37.4986970605238,817.598299999998 -3.97108906849862,37.4987419873063,816.6149 -3.97110398861715,37.4987919435361,815.635599999994 -3.97111605838132,37.4988459228815,815.000899999999 -3.97112695494571,37.4988970528455,813.976299999995 -3.97113701338194,37.4989490208996,813.366299999994 -3.97114405437716,37.4989999825979,812.343699999998 -3.97115092738738,37.4990539617929,811.613400000002 -3.97115495094155,37.4991000621611,811.487399999998 -3.97116299715155,37.4991459950189,811.035699999993 -3.97117003814673,37.4991929341654,811.0 -3.97118596348011,37.4992390344478,810.999100000001 -3.97123005279426,37.4992740709285,811.150399999999 -3.97127095578406,37.4993149742403,811.154699999999 -3.97130398054885,37.4993590632431,810.911999999997 -3.97132996431846,37.4994080134587,811.208100000003 -3.97135393676014,37.4994559580413,810.280100000004 -3.97136902396533,37.499502058874,809.794899999994 -3.97138394408388,37.4995469858848,809.925600000002 -3.971392996407,37.4995929184676,809.477899999998 -3.97140406095635,37.4996400248141,809.394700000004 -3.97142199761763,37.4996859573397,809.828899999993 -3.97144999361347,37.4997300461235,809.794699999999 -3.97148502970617,37.4997719554948,809.683499999999 -3.97153498591745,37.4998039749371,809.5677 -3.97159399445182,37.4998279467488,810.002800000002 -3.97164596288931,37.4998480636512,809.566300000006 -3.9716979304285,37.4998670067598,809.996100000004 -3.97176196773185,37.4998859498636,809.856299999999 -3.97182399370727,37.4998980198538,810.303 -3.97188300224164,37.4999129391457,810.098199999993 -3.97194603433021,37.4999310441237,810.617100000003 -3.9720060489777,37.4999519991122,810.535199999998 -3.97205701130207,37.4999709421945,809.835399999996 -3.97211099016919,37.5000019552452,809.858399999997 -3.97215507948333,37.5000349801819,809.827300000004 -3.97219095370422,37.5000760512696,809.682499999995 -3.97222598979692,37.5001169548548,809.501900000003 -3.97226002067482,37.50015802661,809.193499999994 -3.9722920393265,37.5001999357412,808.950599999996 -3.97232305276336,37.500242013041,808.585900000005 -3.97235708274297,37.500283922125,808.873999999996 -3.97239295786216,37.5003239881993,809.025999999998 -3.97242799395485,37.5003620416495,808.593800000002 -3.97246906492965,37.5004009339019,808.538 -3.9725109749309,37.5004399936131,808.680399999997 -3.97255405813193,37.5004760358301,808.068299999999 -3.97259395590698,37.5005120780296,808.142399999997 -3.97263804432279,37.5005479527329,808.311000000002 -3.97268397697991,37.5005809774281,807.799400000004 -3.97273007762196,37.5006119902255,807.702999999994 -3.97277701639219,37.5006470267746,807.584099999993 -3.97281993160826,37.5006830688916,807.415500000003 -3.97286703836346,37.500714919752,806.614300000001 -3.9729240346716,37.5007420776383,806.375199999995 -3.97297801443702,37.5007719165947,805.839500000002 -3.97301808019699,37.500807959364,805.050700000007 -3.97305395441788,37.5008510419033,804.687600000005 -3.97308999662372,37.5008949632337,804.689799999993 -3.97312603882953,37.5009350289801,804.061799999996 -3.97316392527665,37.5009759320948,804.271699999998 -3.97319695004145,37.5010190152498,803.827499999999 -3.97322997480624,37.5010619309022,803.453899999993 -3.97326199345788,37.5011040077163,803.509000000005 -3.97329602433579,37.5011479288979,803.105599999995 -3.97333106042852,37.5011910119537,803.169399999999 -3.97336894687564,37.5012329212177,802.835900000005 -3.9734019707421,37.5012749986481,802.811600000001 -3.97343700773313,37.5013150641906,802.651599999997 -3.97347103771271,37.5013549622345,802.395999999993 -3.9735040624775,37.5013960333088,802.1005 -3.97353608202751,37.5014379431704,801.9283 -3.9735679326942,37.5014770023392,801.374200000006 -3.97359794001797,37.5015160622001,800.852700000003 -3.97362107433146,37.5015589775669,800.857799999998 -3.9736430345469,37.5016010548135,800.149999999994 -3.97366901831651,37.5016439701314,800.117100000003 -3.97368997331714,37.5016900703259,799.531300000002 -3.97370992220465,37.5017360037284,798.923500000004 -3.973729032964,37.5017809301077,798.258199999997 -3.97374697052361,37.5018250190799,797.577999999994 -3.97376205772879,37.5018709516866,797.065700000006 -3.97378100050319,37.5019140350379,796.707899999994 -3.97379592062174,37.5019599675899,796.006899999993 -3.97381603749421,37.5020050627354,795.953800000003 -3.9738329689407,37.5020499896656,795.640700000004 -3.97384906225901,37.502095922134,795.092799999999 -3.97386699892028,37.5021400109201,794.280400000003 -3.97388594259301,37.5021839322049,793.914600000004 -3.97390605856714,37.5022290272152,793.220000000001 -3.97393606589089,37.5022729484477,792.850699999995 -3.97396707932778,37.5023170371293,792.021699999998 -3.9740230704211,37.5023240774903,790.972299999994 -3.97404402452343,37.5023730279001,790.168699999995 -3.97408006672927,37.5024169490479,789.536399999997 -3.97412600028469,37.5024519854627,788.732399999994 -3.97417897393699,37.5024799808028,788.344899999996 -3.97423898768618,37.5025009357886,787.9761 -3.97430000844679,37.5025140116283,787.945900000006 -3.97436404575014,37.5025180352921,787.474300000002 -3.97442992819307,37.5025180352922,787.320200000002 -3.97449597682433,37.5025170290199,787.309899999993 -3.97456403858014,37.5025160234603,786.602599999998 -3.97463092623789,37.5025130060687,786.490699999995 -3.97469295221331,37.5025069705726,786.245599999995 -3.9747509546346,37.502504959453,785.847200000004 -3.97480593961481,37.5024940629188,785.0 -3.97486997781646,37.5024880274211,784.890899999999 -3.97493502123293,37.5024940629188,784.880699999994 -3.97500308209042,37.5025039531806,784.437600000005 -3.97507097586128,37.5025180352922,784.456000000006 -3.97512998439568,37.5025410013859,783.962299999999 -3.9751779283807,37.5025669855747,784.176900000006 -3.9752270464638,37.5025939753131,783.603099999993 -3.97527599746027,37.5026199587709,783.503100000002 -3.97531991789116,37.5026499658762,783.358200000002 -3.97536098976425,37.502682991067,783.194399999993 -3.97540407296528,37.5027190329139,781.783200000005 -3.97544195851406,37.5027599364766,781.942299999995 -3.97547598939197,37.5028010082033,781.6967 -3.97550700193053,37.5028429172762,781.114700000006 -3.97554505636258,37.50288298269,780.6731 -3.97558394802451,37.5029240543491,779.742700000003 -3.97562099634344,37.5029609348724,779.419599999994 -3.97566005599034,37.5029969765851,779.522400000002 -3.97569995376535,37.5030320134404,779.000799999994 -3.9757460544074,37.5030610148278,778.401199999993 -3.97580003327452,37.5030940391242,777.824299999993 -3.97586004792201,37.5031000745729,776.724100000007 -3.97590598057913,37.5031329313788,776.657200000001 -3.9759649891135,37.503162938278,776.351999999999 -3.97601192788373,37.5031939514283,776.171700000006 -3.9760689250902,37.5032229527529,775.824800000002 -3.97611502573228,37.5032499429668,775.655499999993 -3.97615995227625,37.503279949819,775.5101 -3.9762040415904,37.5033119684696,775.405700000003 -3.97624494547856,37.5033439878191,775.458899999998 -3.97628501034021,37.5033780182509,775.520999999993 -3.9763269203415,37.5034130549274,775.549199999994 -3.97637201487042,37.503443061714,775.255300000004 -3.97641794752754,37.5034750810072,774.450700000001 -3.97647192729296,37.5035049202967,774.096000000005 -3.9765349584832,37.5035020704173,773.210099999997 -3.97659095047485,37.5035310716223,773.078999999998 -3.97664694156821,37.5035649344967,772.423299999995 -3.97669706486609,37.5035999710854,771.662100000001 -3.97673293908698,37.5036350076578,771.0 -3.97676194119593,37.5036750726464,770.753700000001 -3.9767840693963,37.5037179881975,770.021399999998 -3.97680804093968,37.503766938406,769.531600000002 -3.97682396717135,37.5038110276307,768.550399999993 -3.97684995094093,37.5038629951153,768.0 -3.97687593471054,37.5039109396879,767.016300000003 -3.9769069481474,37.503959051701,765.5628 -3.9769419842401,37.5040049844202,764.915999999997 -3.97697702033282,37.5040519233628,763.900099999999 -3.97701607997968,37.5040960117065,763.342900000003 -3.97706000130887,37.5041360778731,762.157500000001 -3.97710291652494,37.5041749695849,760.266900000002 -3.97714901716702,37.5042100058874,759.3266 -3.97719595593722,37.504244036637,758.763099999996 -3.97724406790723,37.504280078443,758.068400000004 -3.97729000056432,37.5043189707924,757.158599999995 -3.97733392189351,37.5043600416615,756.476999999999 -3.9773810286487,37.5043969221881,756.809500000003 -3.97742394386477,37.5044339701667,755.895499999999 -3.97746803228058,37.5044710181268,754.695200000002 -3.97750692484082,37.504513933933,754.464200000002 -3.97753693126626,37.5045600344934,753.799499999994 -3.97754397226145,37.5046079786183,753.0 -3.97752603560017,37.5046579344867,753.134699999995 -3.97750893616875,37.504705041201,753.447899999999 -3.97749803960436,37.5047560032465,753.652199999997 -3.97749904571747,37.5048059590159,753.645999999993 -3.97750692484082,37.5048540711648,754.237299999993 -3.97751295972292,37.5048989985184,754.723800000007 -3.97753005825604,37.5049439251325,754.976599999995 -3.97754497837456,37.5049950551965,755.610000000001 -3.97756006557978,37.5050409879909,755.787800000006 -3.97756995603106,37.5050889325197,755.373000000007 -3.97757699702624,37.5051400617718,755.035000000003 -3.97758906679041,37.5051940415163,754.432199999996 -3.97759593980063,37.5052389686654,754.366200000004 -3.97760901567792,37.505285068778,754.624800000005 -3.97761706278625,37.5053340193843,754.628299999997 -3.97763298811959,37.5053809574912,754.666200000007 -3.97765193179232,37.5054270582288,754.2595 -3.97767204776645,37.5054689679656,754.032399999996 -3.97769803153606,37.5055130568977,753.6927 -3.97772099786459,37.5055579838549,753.234599999996 -3.97774798774732,37.5056030782525,753.406600000002 -3.97777397151689,37.505646999638,753.315600000002 -3.97780196751274,37.5056939382607,752.897200000007 -3.97782694516923,37.50573802706,752.193299999999 -3.97784605592858,37.505788989113,751.476699999999 -3.97785192372399,37.5058429683884,751.294099999999 -3.97785494116504,37.5058979538513,750.266300000003 -3.9778490733696,37.5059519330479,750.341700000004 -3.97783800971858,37.5060050741595,749.610000000001 -3.97782292251336,37.5060580477667,749.0288 -3.97780397884067,37.5061120275601,749.287299999996 -3.97779107094834,37.5061670128249,748.873200000002 -3.97777900118418,37.5062209918269,748.969299999997 -3.97777698895794,37.5062659190706,748.207699999999 -3.97777397151689,37.5063120192617,748.415500000003 -3.97776994886106,37.506357952671,748.829899999997 -3.97776693142004,37.5064030472981,748.697799999994 -3.97777900118418,37.5064580323486,747.594299999997 -3.97780196751274,37.5065029594496,747.364700000006 -3.97780397884067,37.5065589506443,747.923699999999 -3.97781202594897,37.5066080685932,748.425399999993 -3.97782996261025,37.5066540011078,748.3851 -3.97785007948271,37.5066999343068,748.527400000006 -3.97786801704232,37.5067470404451,748.593099999998 -3.9778859537036,37.5068020259548,747.800000000003 -3.9778940008119,37.5068580169252,747.4473 -3.977900035694,37.5069140078536,747.174199999994 -3.97790607057607,37.5069659760287,747.0 -3.977908081904,37.5070139200338,747.0 -3.97790607057607,37.5070620321851,747.0 -3.97790104180712,37.5071069596352,747.195500000002 -3.97792400813568,37.5071579214663,747.619999999995 -3.97792601946358,37.5072070390212,747.651800000007 -3.97792601946358,37.5072610186963,747.664300000004 -3.97793205434568,37.5073059460267,747.567999999999 -3.97794596835109,37.5073599249178,747.469400000002 -3.97796005034149,37.5074060258585,747.192299999995 -3.97797295823382,37.5074589991842,746.8802 -3.97798905155212,37.5075139841695,747.113299999997 -3.97801201788068,37.5075649464354,746.428400000004 -3.97803397809612,37.5076070238602,745.851699999999 -3.97805694532298,37.5076549681662,745.440799999997 -3.9780859465336,37.5077020744145,744.938999999998 -3.97811695907217,37.5077510248612,744.402100000007 -3.9781459602828,37.5077999752758,743.900699999998 -3.97817898504759,37.5078420518555,743.276599999997 -3.97821804469445,37.5078839616617,742.0527 -3.97825593114157,37.5079240272206,741.985700000005 -3.97827906545509,37.507966942467,741.0386 -3.9783109170201,37.5080120375472,740.122799999997 -3.9783600342049,37.508078924756,740.180900000007 -3.97837495432346,37.508123013572,739.969899999996 -3.97839004152864,37.5081749816181,739.672600000005 -3.97838903631386,37.5082219200765,740.130499999999 -3.97841602529825,37.5082670150027,739.469100000002 -3.97843597418576,37.50831998843,739.606599999999 -3.97845994662744,37.5083659213165,738.962 -3.97848106961302,37.5084110154432,739.061000000002 -3.97850202371535,37.508455942794,739.141900000002 -3.97852197260286,37.5085010375789,738.592399999994 -3.97854594504454,37.508545964163,737.0095 -3.97856505580389,37.5085900534156,737.771999999997 -3.97857896980933,37.5086359861359,737.684999999998 -3.97859103957347,37.5086939888213,736.957699999999 -3.97860595969202,37.5087389160019,736.094200000007 -3.97861702334308,37.508785016091,736.522599999997 -3.9786299321337,37.5088289377421,736.332299999995 -3.97863596701577,37.5088770494362,735.949999999997 -3.97865105422099,37.5089320348021,735.253899999996 -3.97865792723121,37.5089769618394,735.367199999993 -3.97866798566745,37.5090319471318,734.304399999994 -3.9786710031085,37.5090770415687,733.859700000001 -3.9786730144364,37.5091259918263,733.780199999994 -3.9786710031085,37.5091729311119,733.873000000007 -3.97867402054951,37.509219030933,733.787599999996 -3.97867603187745,37.5092659701602,733.738100000002 -3.97867603187745,37.5093110644556,733.026899999997 -3.97867402054951,37.5093559912648,732.925399999993 -3.97867200922161,37.5094119824573,732.878700000001 -3.97865993945744,37.5094560711985,732.535900000003 -3.97865105422099,37.5095040157421,731.800300000003 -3.9786379783437,37.5095499486125,732.530700000003 -3.97862104689721,37.5096029225545,731.7016 -3.97859707445557,37.5096530461019,731.158200000005 -3.97856807324491,37.5096939501409,730.876199999999 -3.97854007814739,37.5097340154409,731.687399999995 -3.97851007082365,37.5097799481699,731.715200000006 -3.97848006349991,37.5098270545024,731.943499999994 -3.97844703873511,37.5098749988077,732.097399999999 -3.97841099652927,37.50991892053,732.513300000006 -3.97838400664658,37.5099710554962,732.387499999997 -3.97836305164595,37.5100240291394,733.152700000006 -3.97835601154906,37.5100699624024,733.858900000007 -3.97834796444073,37.5101160623821,734.679000000004 -3.97834494699972,37.5101619955885,734.809599999993 -3.97834695832762,37.5102169807205,734.716100000005 -3.97833103299427,37.5102600635309,734.729600000006 -3.9783169519022,37.5103039850268,735.003500000006 -3.97830203178365,37.5103480739536,734.894499999995 -3.9783070605526,37.5104020527826,734.653300000005 -3.9782849323522,37.510447985813,735.110100000005 -3.97825308168547,37.5104959304321,735.582999999999 -3.97823698836717,37.5105450486409,734.914900000003 -3.97822491860301,37.5105919870341,735.298200000005 -3.97822005692071,37.5106409370108,735.235000000001 -3.97821502725343,37.5106860319009,734.691200000001 -3.97820094616133,37.510733976367,735.018200000006 -3.97820094616133,37.5107849385722,733.995999999999 -3.9781779798328,37.5108340565908,733.515599999999 -3.97814394895489,37.5108719422164,733.037100000001 -3.9781189712984,37.5109220663367,732.247199999998 -3.97810203985194,37.5109710168095,732.256899999993 -3.97810002762571,37.5110249959006,731.501399999994 -3.97810606250778,37.5110779695083,730.152199999997 -3.97811997651322,37.5111299376349,728.3845 -3.97813204717568,37.511180061582,727.926399999997 -3.97815098995008,37.5112310234827,727.468999999997 -3.97816993272447,37.5112729328112,726.903900000005 -3.97825207557236,37.5113319417388,725.839800000002 -3.97826800090574,37.5113780416515,725.922900000005 -3.97828996201948,37.5114239747939,725.506099999999 -3.97831292834804,37.5114759426796,725.640199999994 -3.97833706787634,37.5115289159673,725.7592 -3.97835299410801,37.5115719994456,725.327499999999 -3.97837797176451,37.5116219549291,725.362699999998 -3.97839607641074,37.5116739233895,725.036800000002 -3.9784130078572,37.5117190176554,725.253299999997 -3.97842792797576,37.511765956023,724.8315 -3.97844200996616,37.5118130625273,724.775800000003 -3.97845106228928,37.5118589954019,724.888200000001 -3.97845106228928,37.5119079459728,724.910799999998 -3.9784540797303,37.51195605782,725.308699999994 -3.97845307361718,37.5120110430555,725.887300000002 -3.978446032622,37.512057981952,725.2981 -3.97843195152993,37.5121059262494,724.870500000005 -3.97842105496554,37.5121530325391,724.273499999996 -3.97841099652927,37.5121989652046,724.492800000007 -3.97839708252386,37.5122479155525,724.4905 -3.97839708252386,37.512296027893,723.990300000005 -3.97839993197992,37.5123429666103,723.352100000004 -3.97840797908825,37.5123880611846,722.6348 -3.97841502008343,37.5124339937053,721.838300000003 -3.97842407240655,37.5124809330484,721.070500000002 -3.9784299393037,37.5125260275393,719.967799999999 -3.97842893408888,37.5125810123549,719.659199999995 -3.97841904273927,37.5126359978426,718.898000000001 -3.97840596776032,37.5126819309234,718.281900000002 -3.97839507119593,37.5127260198708,717.914999999994 -3.97838702408763,37.5127709467622,717.668600000005 -3.97838702408763,37.5128160410778,717.153399999996 -3.97838702408763,37.5128619740478,716.807499999995 -3.97838601887281,37.5129080744407,716.738299999997 -3.97839507119593,37.5129630596874,715.815000000002 -3.97841401397032,37.5130049694686,715.363400000002 -3.978437986412,37.5130490582251,714.849499999997 -3.97846899895056,37.5130919733751,713.356799999994 -3.97845793529951,37.513138073626,713.617800000007 -3.97845106228928,37.5131850125262,713.186300000001 -3.97844703873511,37.51323396294,712.859800000006 -3.97844301518095,37.5132810692303,712.914499999999 -3.97844402129406,37.5133300195811,712.0291 -3.97844402129406,37.5133759522347,711.919699999999 -3.97843999773993,37.5134220530227,711.990999999995 -3.97843496897095,37.5134669794951,711.099600000001 -3.97847000506367,37.51352431219,710.353400000007 -3.97848006349991,37.5135930435309,710.0 -3.97846296406846,37.5136490343952,709.646800000002 -3.97844804484823,37.5137030143996,709.922999999995 -3.9784540797303,37.5137519644737,709.827600000004 -3.978446032622,37.5138019206358,709.973199999993 -3.97843396285783,37.5138490272802,710.205600000001 -3.97842507851967,37.5139040125462,710.3753 -3.97842591664783,37.5139509509648,710.371299999999 -3.97841803752449,37.513998057515,709.734899999996 -3.97839792065202,37.5140449958744,709.795400000003 -3.97837596043658,37.5140919342043,710.326499999996 -3.97834997666696,37.5141350176282,710.557700000005 -3.97832298678427,37.5141789389814,711.243300000002 -3.97829297946053,37.5142280569041,711.598499999993 -3.97827604801403,37.5142790188612,712.191999999995 -3.97824402936236,37.5143209279034,713.343200000003 -3.97821402203861,37.5143599874572,715.083899999998 -3.97819105571005,37.5144089378129,715.307799999995 -3.97816507104215,37.5144510149424,716.214800000002 -3.97816004227319,37.5145019774598,716.395799999998 -3.97817496239175,37.5145569622449,716.893700000001 -3.97818803826904,37.5146060806313,716.454100000003 -3.97819507836592,37.5146510071034,716.225999999995 -3.97820094616133,37.5146969403691,716.039699999994 -3.97820396360238,37.514745052556,715.786800000002 -3.97820899237133,37.5147990317677,715.203599999993 -3.9782110045976,37.5148550231523,715.135699999999 -3.97820999848445,37.5149100083898,713.840700000001 -3.97820195227448,37.5149639874822,712.947199999995 -3.97819004959694,37.5150189726393,712.175399999993 -3.9781860260428,37.5150689293784,711.6728 -3.97819206092487,37.5151200589201,711.323600000003 -3.97820295748926,37.5151750439623,711.134000000005 -3.97821703947966,37.5152189654159,711.010999999999 -3.97822894125887,37.5152640596775,709.755600000004 -3.97823598225406,37.5153200507132,709.090100000001 -3.97825492502845,37.5153639720816,707.737999999998 -3.97826297213675,37.5154199630423,708.055900000007 -3.97827303057302,37.5154759546736,707.850999999995 -3.9782800715682,37.5155220548769,707.225699999995 -3.9782909672343,37.515575028143,706.294800000003 -3.97830404311155,37.5156290081794,705.036800000002 -3.97834293567178,37.5156749408432,705.0 -3.97834494699972,37.5157289200949,704.032800000001 -3.9783519879949,37.515777032329,703.099400000006 -3.97836305164595,37.5158239709945,703.060400000002 -3.97836606908697,37.5158799623227,703.0 -3.97836707520008,37.5159349475175,703.0 -3.97836891944139,37.5159840649969,703.0 -3.97836104031802,37.5160289920646,702.160699999993 -3.97833606266156,37.5160710697057,702.103000000003 -3.97831192223492,37.5161180081863,702.091799999995 -3.97830303789676,37.5161649466374,702.062399999995 -3.97828694457843,37.5162179201597,702.629300000001 -3.9782639782499,37.5162599976943,701.284199999995 -3.97823698836717,37.5163020744926,700.375100000005 -3.97820698104343,37.5163409669911,700.334700000007 -3.97817093883759,37.5163810322857,700.306400000001 -3.97813606983152,37.5164189186582,700.611600000004 -3.97810991897528,37.5164589839108,700.198799999998 -3.9780859465336,37.5165040788482,699.959199999998 -3.97806096797881,37.5165479995197,700.421000000002 -3.97804303131754,37.5165910829507,700.683699999994 -3.97802207631691,37.5166390271861,700.725399999996 -3.97798905155212,37.5166829484907,700.723299999998 -3.97795904422837,37.5167270372121,701.007100000003 -3.97792803079151,37.5167669348567,700.684899999993 -3.97788796592983,37.5168049891883,701.088499999998 -3.97784404460065,37.516840025263,701.819300000003 -3.9778059910669,37.5168750613212,702.491500000004 -3.97776894274794,37.516908924555,702.493499999997 -3.97772200397774,37.5169499956223,703.425399999993 -3.97767992688983,37.5169930788212,704.258499999996 -3.97764908143789,37.5170380059939,704.813999999998 -3.97765997800229,37.5170819270637,704.554999999993 -3.97765997800229,37.517130039138,703.7353 -3.97767892077671,37.5171789891018,703.479099999997 -3.97770104897708,37.5172239161625,701.923999999999 -3.97772301009086,37.5172690113502,700.881899999993 -3.97774597641938,37.5173109208508,699.183699999994 -3.97775905229667,37.5173590327775,697.756399999998 -3.97775804618355,37.5174110008056,696.603499999997 -3.97779258011804,37.5174229026589,696.332999999999 -3.9778034757841,37.517483085223,694.187000000005 -3.97787103448337,37.517567071401,692.121199999994 -3.977900035694,37.5176109928719,693.047000000006 -3.97788997725777,37.5176669835718,691.798999999999 -3.97792199590941,37.5177120784917,694.739600000001 -3.977979999229,37.5177030260218,694.9804 -3.97803397809612,37.5177209635201,695.0 -3.97808091686636,37.5177519763223,694.338600000003 -3.97814093151384,37.517780977691,694.457999999999 -3.97815098995008,37.5178409918137,691.854300000006 -3.97817898504759,37.5178810577279,690.906300000002 -3.97817093883759,37.5179360428733,690.104500000001 -3.97818904348382,37.5179809701908,690.024099999995 -3.97817898504759,37.5180329377858,689.830400000006 -3.97816305971424,37.5180840674342,690.852599999998 -3.97814797250903,37.5181320121354,692.467000000004 -3.9781250061805,37.5181839796252,693.615900000004 -3.97812098262633,37.5182399706077,694.4277 -3.97809097530259,37.5182800363076,694.375700000004 -3.97808896397466,37.5183259687647,694.919200000004 -3.9780740438561,37.5183779368319,695.353099999993 -3.97806096797881,37.5184300723017,695.298899999994 -3.9780470539734,37.5184749993218,695.111499999999 -3.97802995544028,37.5185189202582,695.428499999995 -3.97800195944444,37.5185660267751,695.075400000002 -3.97800095422966,37.5186200060731,695.080499999996 -3.9779860341111,37.5186639276367,695.184099999999 -3.97796407299732,37.5187150568528,695.366500000004 -3.9779350717867,37.5187640072019,694.913700000005 -3.97791394969944,37.5188129575188,695.0 -3.97789500692502,37.5188550350152,694.535999999993 -3.97787304581128,37.518902979221,694.0 -3.97785795860609,37.5189559529371,693.303499999995 -3.97787203969816,37.5190020531281,693.0 -3.97789802436607,37.5190449684173,692.916500000007 -3.97793104913086,37.5190870457829,692.1155 -3.97795904422837,37.5191299610233,692.0 -3.97797295823381,37.5191790792497,692.2785 -3.97794596835109,37.5192250118659,691.928799999994 -3.97791495581256,37.5192739625929,691.8508 -3.97787807547856,37.5193140277377,691.896699999998 -3.97785494116504,37.5193549314695,692.159299999999 -3.97782795128235,37.5193960026155,691.803499999995 -3.97781604860481,37.5194409297665,691.770600000003 -3.97780297362585,37.5194960826238,692.0 -3.97779693784545,37.519545033173,692.0 -3.97781403727691,37.5195970011037,692.020600000003 -3.97780699628169,37.5196539977797,692.120999999999 -3.97779107094834,37.5196989247753,691.415900000007 -3.97777698895795,37.5197430138522,691.822799999994 -3.97776793663483,37.5197899521606,691.652000000002 -3.97775402262939,37.5198380646263,691.494099999996 -3.97774597641938,37.5198860089131,691.483399999997 -3.97774195286525,37.519932947844,691.319499999998 -3.97771596909564,37.5199740186719,690.871199999994 -3.97773692409627,37.5200219635838,692.0 -3.97772703364499,37.5200729251467,691.727599999998 -3.97773206241397,37.5201190260726,691.430699999997 -3.97773105630086,37.5201740109938,690.911600000007 -3.97773206241397,37.520228996587,690.916700000002 -3.97772602753187,37.5202819700741,691.595600000001 -3.97771798042358,37.5203339374916,691.375400000004 -3.97771596909564,37.5203889229669,691.595400000006 -3.97771697520876,37.5204350236975,691.898000000001 -3.97771295165462,37.5204819622831,692.317599999995 -3.97770892810046,37.5205310803321,692.314400000003 -3.97766500677127,37.5205709780803,690.652700000006 -3.97767305387957,37.5206160726702,691.176500000001 -3.97768093300295,37.5206630111419,691.873099999997 -3.97768093300295,37.5207079382425,691.902600000001 -3.97767607132062,37.5207550448024,691.805800000002 -3.97767204776645,37.5208019831866,692.176000000007 -3.97767892077671,37.5208509335916,692.074099999998 -3.97768495565878,37.5209010574222,691.929099999994 -3.97769602020813,37.5209510137859,692.226299999995 -3.97770892810046,37.5209969460237,692.344700000001 -3.97771798042358,37.5210430470912,691.497799999997 -3.97772602753187,37.5210940086692,691.610499999995 -3.97774295897837,37.5211409475527,691.8989 -3.97776693142004,37.5211860417981,692.521900000007 -3.97778905962041,37.5212299632762,692.0 -3.97781705471792,37.5212720401221,692.163700000005 -3.97785594727816,37.5213080822557,692.095499999996 -3.97790305313502,37.5213360783612,692.164900000003 -3.97795904422837,37.5213630677256,691.829800000007 -3.97802207631691,37.5213900577927,690.690199999997 -3.97807303774298,37.5214269377421,690.0 -3.97810203985194,37.5214710265105,690.092900000003 -3.97811595385738,37.5215149478208,690.404800000004 -3.97812601139528,37.5215290291957,690.579299999998 -3.97812198873945,37.5215290291957,690.508199999997 -3.97813892018591,37.5215719451691,691.593099999998 -3.97816205360113,37.5216160338517,692.349000000002 -3.9781719449507,37.5216649837226,693.274000000005 -3.9781799911607,37.5217149402873,693.969200000007 -3.97818803826904,37.5217610409111,695.244300000006 -3.97819206092487,37.521814014023,695.680900000007 -3.9781940731511,37.5218649764994,696.012600000002 -3.97819591649408,37.521913926207,696.725999999995 -3.9781969226072,37.5219680733637,697.327399999995 -3.97820195227448,37.5220210470411,697.8079 -3.97820396360238,37.522076032698,698.655700000003 -3.97819994004821,37.5221300123066,699.494500000001 -3.9781989339351,37.522182985869,699.799700000003 -3.97819792872031,37.5222369654002,700.550199999998 -3.97820295748926,37.5222919501856,700.763200000001 -3.97820999848445,37.5223449243455,700.875400000004 -3.97822491860301,37.5223940418806,701.429699999993 -3.97823799358199,37.5224450039607,702.694199999998 -3.97825693725468,37.5224949600032,703.439100000003 -3.97826297213675,37.5225489393087,703.764599999995 -3.97828107678302,37.5225980574219,704.146399999998 -3.97830303789676,37.5226480133619,704.899600000004 -3.97832700944011,37.5226919346918,705.231 -3.97835299410801,37.5227370294247,706.097200000004 -3.97838501275969,37.5227849739861,706.210500000001 -3.97841803752449,37.5228210161014,706.635500000004 -3.97846397018157,37.5228580641972,707.1489 -3.97851895516181,37.5228900829993,707.209900000002 -3.97856304447595,37.5229189163673,707.982399999994 -3.97861400590203,37.5229539531336,708.394700000004 -3.97866195078538,37.5229849658981,708.715200000006 -3.97871391832457,37.5230189966375,709.619200000001 -3.97875599541248,37.523060067904,709.404999999999 -3.9787990786135,37.5230969484529,710.027499999997 -3.97884199382957,37.523136007688,710.0 -3.9788790421485,37.5231720503461,710.286300000007 -3.97892095125145,37.5232129541003,710.2399 -3.9789650405656,37.5232580485183,711.005600000004 -3.9790019208996,37.5232959349615,711.0 -3.97903796310541,37.5233319768299,711.276199999993 -3.97907903408021,37.523366007411,711.221999999994 -3.97912295540939,37.5233960147259,711.767699999997 -3.97916201505625,37.5234310512682,711.869999999995 -3.97920694160026,37.5234620638344,712.015899999999 -3.97924901958647,37.5234959269287,712.0 -3.97924197859128,37.5235490683735,712.0 -3.97928003212503,37.5235919838974,712.498500000002 -3.97931607433087,37.5236360720987,713.1253 -3.97933602321838,37.5236840167948,713.936799999996 -3.97934205810045,37.5237359846925,714.0 -3.97935094333694,37.5237819173531,714.0 -3.97935496599278,37.5238270121397,714.0 -3.97935697821901,37.5238739507287,714.0 -3.97936703665524,37.5239220626984,714.162400000001 -3.97938195587547,37.5239690012276,715.0 -3.97940006142003,37.5240129224923,715.0 -3.97942001030754,37.524054999906,714.982699999993 -3.97944197052299,37.524097077296,715.177200000006 -3.97947700661568,37.5241440157151,714.737599999993 -3.97952495149904,37.5241830751144,714.693499999994 -3.97956803470006,37.5242130828132,714.704700000002 -3.97961094991613,37.5242469455667,714.112800000003 -3.97965503833198,37.5242819817093,713.993000000002 -3.97971002421051,37.5243150065911,714.0 -3.97975092720035,37.5243500427017,714.0 -3.97978898163239,37.5243869233254,714.135599999994 -3.97983307004824,37.5244219594022,714.052500000005 -3.97987196260848,37.5244610193684,714.0 -3.97991403969635,37.5244990733383,714.457399999999 -3.97994907578908,37.5245339419374,714.161699999997 -3.97999299711827,37.5245699839202,713.915800000002 -3.98003608031929,37.5246120610197,714.247799999997 -3.98007698330913,37.5246559826184,714.337100000004 -3.98012006651016,37.5246920245422,715.0 -3.98015996428518,37.5247300783942,715.0 -3.98019198293686,37.5247709820066,715.342900000003 -3.98021696149165,37.5248140649645,715.709199999998 -3.98024596270227,37.5248610036449,715.948000000004 -3.98025602113851,37.5249089482662,716.782999999996 -3.9802669177029,37.5249560543111,716.450400000002 -3.98028703367707,37.5250080220351,716.421499999997 -3.98031201223186,37.5250539553375,717.0 -3.98034503699666,37.5250990500676,716.986900000004 -3.98038191733063,37.5251399534778,716.853199999998 -3.98041997086437,37.5251860541226,717.275999999998 -3.98047294451667,37.5252130435191,718.187000000005 -3.9805079806094,37.5252480799204,718.0141 -3.98054000015938,37.5252909951794,718.089099999997 -3.98057201881105,37.5253310606553,718.0 -3.98060906713001,37.5253779997229,718.573499999999 -3.98064007966854,37.5254229261216,719.032600000006 -3.98067394256149,37.5254680213411,719.0 -3.98070495599839,37.525508924549,719.237800000003 -3.98073194588108,37.5255499958696,719.705300000001 -3.98077704041004,37.5255870440352,719.810700000002 -3.98081492595883,37.5256329769811,720.0 -3.98085197427779,37.5256740482335,720.0 -3.9808880164836,37.5257179692068,720.596999999994 -3.98091701769423,37.5257650754533,721.0 -3.98094199624902,37.5258059792106,721.0 -3.98097200357276,37.5258539239371,721.040699999998 -3.98099195246031,37.525898012939,721.464600000007 -3.98101408066068,37.5259499807193,722.0 -3.9810439199995,37.5259930637088,722.498399999997 -3.98106303075885,37.5260359785391,723.0 -3.98109404329738,37.5260760443274,723.0 -3.98113695941178,37.5261100750817,722.266699999993 -3.98117903649969,37.5261509786499,721.568599999999 -3.9812150787055,37.526188026517,721.040200000003 -3.98124994681327,37.5262260803184,721.0 -3.9812930300143,37.5262569257264,720.361600000004 -3.98133896267138,37.5262840828691,720.014599999995 -3.98138707464139,37.5263090613903,719.599799999996 -3.98144792741704,37.5263360510929,719.764599999995 -3.98150794206456,37.5263610288843,718.865399999995 -3.98156795671205,37.5263880185681,718.497799999997 -3.9816239478054,37.5264049501656,718.592399999994 -3.9816789327856,37.5264250670299,718.729000000007 -3.98174498231519,37.5264460217054,718.020199999999 -3.98180499696271,37.5264540678774,718.379400000005 -3.98185595838878,37.5264909488857,717.721600000004 -3.98190507647188,37.5265189444713,717.2745 -3.98195603879625,37.526542916253,716.5049 -3.9820120298896,37.5265630330802,716.248999999996 -3.98207891754735,37.5265799646379,715.978400000007 -3.98213306439939,37.5265980695599,716.0625 -3.98219106682068,37.5266089654252,716.625199999995 -3.98225795447843,37.5266280762873,716.613200000007 -3.98231092813073,37.5266440018833,716.025999999998 -3.9823699366651,37.5266520487464,716.220199999996 -3.98243296875364,37.5266609334226,716.492599999998 -3.98249499472906,37.5266800442715,716.112200000003 -3.98255702070448,37.5266939579638,716.165800000002 -3.98261804146512,37.5267100516783,716.503700000001 -3.98267604388637,37.5267320122195,716.527700000006 -3.98273404720596,37.5267509549176,717.140700000004 -3.9827910435141,37.5267660426745,717.982000000004 -3.98284804072057,37.5267799563507,717.732499999998 -3.98290503792704,37.5267960500467,718.226899999994 -3.98296102902036,37.5268079518278,718.238299999997 -3.98302003755476,37.5268200217394,717.706200000001 -3.98307803997602,37.5268260574069,718.288 -3.98313704851039,37.5268230395732,718.744399999996 -3.98319404571686,37.5268159986732,718.910199999998 -3.98325003681021,37.5268029228162,719.380099999995 -3.98331105667252,37.5267910210342,719.444099999993 -3.98337207743312,37.5267769392276,718.685400000002 -3.98339202632063,37.5267569898782,718.873699999996 -3.98344600608608,37.5267360352902,717.857099999994 -3.98350601983524,37.5267449199564,717.688299999994 -3.98353099839003,37.5267720776339,717.888399999996 -3.98354206204108,37.5268200217394,718.333899999998 -3.98351406694357,37.5268699784144,719.259900000005 -3.98348305350671,37.5269209402868,720.481499999994 -3.98346092530631,37.5269690524287,721.1397 -3.98346595497359,37.5270210201754,721.461500000005 -3.98348405961983,37.5270709760033,721.979099999997 -3.9834939500711,37.5271160709391,722.491899999994 -3.98349193874317,37.5271640155359,723.002900000007 -3.98348607094773,37.5272099482232,722.992899999997 -3.98345304618293,37.527245990338,723.214399999997 -3.98345204096815,37.5272959467278,723.921000000002 -3.98344801741398,37.5273460705028,724.639200000005 -3.98345992009149,37.5273990439236,725.063500000004 -3.98345992009149,37.5274449764662,725.523799999995 -3.98345304618293,37.5274989564647,725.757800000007 -3.98343795897775,37.5275519297769,726.0 -3.98342102753129,37.527598030356,726.366200000004 -3.98340694643918,37.527642957555,726.769499999995 -3.98339806120273,37.5276890580778,726.836899999995 -3.98339202632063,37.5277370023064,727.0 -3.98338900887961,37.5277869583673,727.096399999995 -3.98339504376168,37.5278399321875,727.237999999998 -3.9834019167719,37.5278910615272,727.989100000006 -3.98341700397712,37.5279380004088,728.0 -3.98343393542358,37.5279859444773,728.0 -3.9834550584092,37.5280310395724,728.328200000004 -3.98348003606566,37.5280729487274,728.989400000006 -3.98353401583108,37.5280930658544,729.323900000003 -3.98355597604652,37.5281460394572,729.0147 -3.98357894237508,37.5281909663261,729.406499999997 -3.98360894969883,37.5282320375949,729.927200000006 -3.98363694569464,37.528275958487,730.178100000005 -3.98366494079218,37.5283200474823,730.0 -3.98369193067487,37.5283619571874,730.496100000004 -3.98371707631632,37.5284090631891,730.630000000005 -3.98374104875797,37.5284560017447,731.0 -3.98375898631758,37.5285029402708,731.303400000004 -3.98377591776404,37.5285520587384,731.774699999994 -3.98380005729237,37.5285949742339,732.747600000002 -3.98383107072923,37.5286429185925,733.745899999994 -3.98386694495012,37.5286890192098,734.775500000003 -3.98389996971488,37.5287339457517,735.072199999995 -3.98393098225344,37.5287810522308,736.335600000006 -3.98396098957718,37.5288289964699,736.8989 -3.98400105533719,37.5288630273931,737.853199999998 -3.984029051333,37.5289109715795,738.589000000007 -3.9840560403174,37.5289510372484,738.963199999998 -3.98408101887219,37.5289939525143,738.961200000005 -3.98411102619597,37.5290440765732,739.271699999998 -3.98413801607866,37.5290879976996,739.678700000004 -3.98415494752515,37.5291319188002,740.0 -3.98416902861722,37.5291770132023,740.659700000004 -3.98422300838264,37.5292029973797,740.582899999994 -3.9842459747112,37.5292479243244,741.234700000001 -3.98424396248497,37.5292930186565,741.926900000006 -3.9842010472689,37.5293230257246,741.9185 -3.98420792117746,37.5293739880583,742.037700000001 -3.98421093861847,37.5294229385382,743.0 -3.98420607693618,37.5294700445823,743.0 -3.98420004205408,37.529569957199,742.062399999995 -3.9841950123868,37.5296180690571,742.0 -3.9841740582845,37.5296640016581,741.5334 -3.98415897018099,37.5297099349432,740.663799999995 -3.98416601117617,37.529758046711,740.187000000005 -3.98414907972971,37.5298039799382,739.431899999996 -3.98413801607866,37.5298529301358,738.347800000003 -3.98412996897036,37.5299060713266,737.170100000003 -3.98412192276036,37.5299580391643,737.0 -3.98411404363698,37.5300110128674,735.844500000007 -3.98411605496492,37.530062980632,734.856700000004 -3.98411002008285,37.5301139424602,734.367499999993 -3.98408906508219,37.5301570251818,733.644199999995 -3.98406995432284,37.5302069817592,733.384399999995 -3.9840540289895,37.5302599552855,733.0098 -3.98404095311221,37.5303119228766,732.102199999994 -3.98403692955805,37.5303620467622,731.073499999999 -3.98404195922533,37.5304150201784,729.992199999993 -3.98407096043596,37.5304569301312,729.424700000003 -3.9841070026418,37.5304939779969,728.796400000007 -3.98414991785787,37.5305300199497,727.367700000003 -3.98418596006368,37.5305660625974,726.417799999996 -3.98422099615641,37.5306059599658,725.8079 -3.98425301570638,37.5306460254367,724.979600000006 -3.98428302303013,37.5306879352597,723.579299999998 -3.98431504168181,37.5307300124703,723.0 -3.98435007777453,37.5307709156424,722.565199999997 -3.98439399910372,37.5308119876278,721.802500000005 -3.98444596664291,37.5308389771261,721.0 -3.98450497517728,37.5308639548343,720.718500000003 -3.98456800726581,37.5308820601413,720.112500000003 -3.98463103935435,37.5309050267685,719.631299999994 -3.98469507665771,37.5309269867871,719.0 -3.9847569355465,37.5309489475115,718.913199999995 -3.98481896152192,37.5309759376725,718.302899999995 -3.98487897616941,37.531005944776,717.897700000001 -3.9849309437086,37.5310260611119,718.108800000002 -3.98498307923274,37.5310540564202,717.744200000001 -3.98505600177255,37.5310800406561,717.0 -3.98511501030696,37.531092948353,717.0 -3.98517301272821,37.5311060241705,716.416100000002 -3.9852330273757,37.5311229561218,716.0 -3.9852920359101,37.5311410606535,716.0 -3.98534702178864,37.5311620154289,716.073199999999 -3.98539999544094,37.5311930283431,715.378200000006 -3.98544492198492,37.5312319209158,715.0 -3.98548096419076,37.5312739978196,714.868700000006 -3.9855089601866,37.5313199308256,714.426200000002 -3.98553896661201,37.5313680429796,714.143200000006 -3.98557199137681,37.5314139759277,713.9323 -3.98560199870055,37.5314600762571,713.647800000006 -3.98563804090639,37.531505003267,713.425799999997 -3.98567408311221,37.5315460741358,713.145099999994 -3.98570693989204,37.5315849665244,712.708199999994 -3.98574197688307,37.5316240263019,712.584499999997 -3.98577600686268,37.5316629179375,711.932199999996 -3.98581204906849,37.5316999659166,712.0 -3.98585194684354,37.5317339969547,711.114000000001 -3.98589201260352,37.5317700390206,710.483500000002 -3.98593995748687,37.53180893058,709.723800000007 -3.98597801102062,37.5318439674453,709.780199999994 -3.98603098467292,37.5318810153344,708.995200000005 -3.98607406787395,37.5319120279497,708.109200000006 -3.98612502930002,37.5319339890965,707.907099999997 -3.98617196807022,37.531961984064,708.0 -3.9862180687123,37.5319899797333,707.455199999997 -3.98626601359565,37.532013951894,707.0 -3.9863159698069,37.5320399357954,706.929699999993 -3.98635201111442,37.5320759784259,706.615900000004 -3.98638905943338,37.5321120203265,706.833400000003 -3.98642191621321,37.5321539300382,706.628800000006 -3.98644806796775,37.5321990247504,706.0 -3.9864799195328,37.5322489806725,705.931200000006 -3.98651294429756,37.532290051844,706.0 -3.98655401527236,37.5323339731961,705.997300000003 -3.98658704003715,37.532372027424,705.409400000004 -3.98662794392532,37.5324159480154,705.388699999996 -3.98666599745906,37.5324620484378,704.081300000005 -3.98669701089592,37.5325039579528,703.9905 -3.98673003566072,37.5325450296962,703.010399999999 -3.98675601943029,37.5325909626318,702.950899999996 -3.98678300931302,37.5326350512137,702.016699999993 -3.9868089930826,37.5326840016905,701.130799999999 -3.98683296552427,37.5327359690174,699.333400000003 -3.98685593185283,37.5327869311563,698.131099999999 -3.98687303038595,37.5328360489399,697.571100000001 -3.98689901415556,37.532883993422,695.612299999993 -3.9869090725918,37.5329329437354,694.490699999995 -3.98692399271035,37.5329820621352,693.756399999998 -3.98694394159786,37.5330290006626,692.770699999994 -3.98696606979823,37.5330739274398,691.917799999996 -3.98699004223991,37.5331160047291,691.411699999997 -3.9870150198964,37.5331599263072,690.068700000003 -3.98704301589221,37.5332050204112,689.2834 -3.98706698833389,37.5332499477948,687.763800000001 -3.98709699475934,37.5332930308421,687.118199999997 -3.98711593843203,37.5333409750304,685.972399999999 -3.98713806663243,37.533383052169,684.949200000003 -3.98716103296099,37.5334279794453,684.245800000004 -3.98718500540266,37.5334720682448,683.143400000001 -3.98720696561811,37.5335159896132,682.719299999997 -3.98723093805978,37.5335629278044,682.138600000006 -3.98726295671143,37.5336090282302,681.317899999995 -3.98728793526622,37.5336499319605,681.0 -3.98733101756895,37.5336899972209,680.613700000002 -3.98736303711892,37.5337280514692,680.0 -3.98740595233499,37.5337689551342,680.0 -3.98744098842772,37.5338060027795,679.658200000005 -3.98748792719792,37.5338460686684,679.040999999997 -3.98752497551689,37.5338809371725,679.121799999994 -3.9875610177227,37.5339199971723,679.2071 -3.98761700881605,37.5339790052871,679.061799999996 -3.9876470152415,37.5340190710831,678.298299999995 -3.98767802867835,37.5340609804355,678.0 -3.98771205955626,37.5341030578802,678.026100000003 -3.98774005465378,37.5341489905686,678.0 -3.98776805064962,37.5341949232287,677.975000000006 -3.98780794842464,37.5342380064425,677.097800000003 -3.98784298451737,37.5342790779433,677.0 -3.98787399795423,37.5343189754626,677.0 -3.9879080279338,37.534358035233,677.0 -3.98794507625276,37.5343959217375,676.980500000005 -3.98797692691949,37.534436992439,676.301399999997 -3.98801598656635,37.5344810813542,676.0 -3.98805404099842,37.5345270145221,676.0 -3.98808907709112,37.5345709352693,676.0 -3.988124951312,37.5346140182658,675.962799999994 -3.9881579760768,37.534657939674,675.003200000006 -3.98818798340054,37.5347000167819,675.014599999995 -3.9882189968374,37.5347429323017,675.0 -3.98825403293013,37.5347829976873,675.0 -3.98828705769489,37.5348250747247,674.249500000005 -3.98832092058784,37.5348649726642,674.0 -3.98835293923952,37.5349050379842,674.0 -3.98838395267641,37.534947953386,673.873699999996 -3.98841697744117,37.5349880193738,673.734299999996 -3.98844899609285,37.5350319405617,673.550399999993 -3.98848704962659,37.5350740174586,673.0 -3.98852191863266,37.535111065168,673.0 -3.98855091984332,37.5351499571222,673.0 -3.98858293849497,37.5351910288332,673.0 -3.98861596325976,37.5352309265769,672.182700000005 -3.98866206390184,37.5352709924126,672.166500000007 -3.98870397390309,37.5353100516844,672.129499999995 -3.98875493532916,37.5353360358621,672.1731 -3.98879298976124,37.5353710717827,672.035000000003 -3.98885199829561,37.5353779451867,673.830499999996 -3.9889039658348,37.5354089584849,674.826300000001 -3.98894704903582,37.5354530468255,675.236000000004 -3.98898392936982,37.5354969684519,675.429799999998 -3.98901192446734,37.5355420625675,675.702900000004 -3.98904092567796,37.5355829666622,676.266000000003 -3.98907093300171,37.5356250439606,676.549100000004 -3.9891039577665,37.5356669531228,677.300000000003 -3.98913497120339,37.5357070187242,677.838699999993 -3.98916698985504,37.5357440668314,678.791599999997 -3.98919297362465,37.535784970103,679.472399999999 -3.98923203327151,37.5358290589337,680.050600000002 -3.98926204059525,37.5358749919836,681.089699999997 -3.98929104180588,37.5359140516513,682.096300000005 -3.98932792213988,37.535959984649,683.292100000006 -3.98936094690468,37.5359990442722,684.0 -3.98939799522364,37.5360330747733,683.960999999996 -3.98943403742945,37.5360679436795,685.056899999996 -3.98948298752758,37.5360939275931,685.8848 -3.98954400828822,37.5361150498007,686.9712 -3.98960703947843,37.5361229289553,688.083100000003 -3.98966604801283,37.5361150498007,689.047099999996 -3.98972405133242,37.5360910775336,689.907699999996 -3.98976696654849,37.5360490004982,690.816099999996 -3.98981792887286,37.5360119525425,692.464200000002 -3.98986604084283,37.5359769162107,693.275599999994 -3.98992203193619,37.5359519380777,694.630099999995 -3.98998992480872,37.535944058905,695.091899999999 -3.99005195168247,37.5359400356187,695.180999999997 -3.99007005632871,37.5359859686002,694.1584 -3.99013593787334,37.5359940151679,693.967600000004 -3.99020399873082,37.5360030675554,693.754000000001 -3.99026099593729,37.5360139641838,694.165800000002 -3.99032402802583,37.5360210049278,694.333700000003 -3.9903830365602,37.5360250282098,695.051399999997 -3.99044103898149,37.5360280456712,696.709000000003 -3.99050993886547,37.5360330747733,697.033100000001 -3.99057598749673,37.5360449772175,696.977700000003 -3.99063399081631,37.5360530237787,697.565499999997 -3.9906940054638,37.5360639203998,697.3125 -3.99075100177194,37.5360679436795,697.278600000005 -3.99080900509152,37.5360679436795,697.403699999995 -3.99086700751281,37.536071966959,697.203500000003 -3.99092400471925,37.536071966959,697.1489 -3.99099508301779,37.5360709611391,697.100200000001 -3.99105291835241,37.5360659320397,697.201100000006 -3.99110907653239,37.5360520179586,697.178400000004 -3.99116305629785,37.5360369306553,697.155100000004 -3.99121804127805,37.5360230165689,696.671900000001 -3.99127604459764,37.5360139641838,696.437600000005 -3.99133505313201,37.5360149700044,696.279299999995 -3.99139104422536,37.5360290514917,695.956399999995 -3.99145005275973,37.5360369306553,696.440199999997 -3.9915070499662,37.5360409539365,696.670700000002 -3.99156404627434,37.5360369306553,696.749400000001 -3.99163093393209,37.536047994678,696.491399999999 -3.99168407556935,37.5360679436795,696.038799999995 -3.99174392223191,37.5360850426158,696.499400000001 -3.99180008131019,37.5360949334127,696.418300000005 -3.99186093318754,37.5360969450517,697.278300000005 -3.99192094783506,37.5361110265235,697.076400000005 -3.99197794504153,37.5361370104222,697.425700000007 -3.99203192480695,37.5361700350417,696.685400000002 -3.99208607165899,37.5362020538287,696.857600000003 -3.99213904531129,37.5362320609664,696.312300000005 -3.99219704773258,37.5362540215535,695.814199999993 -3.992259073708,37.536268941414,695.471600000004 -3.99232495615093,37.5362820170364,695.338399999993 -3.99239100478219,37.5362860403043,695.135200000004 -3.99245001331659,37.5362870461213,695.068499999994 -3.99250801663615,37.5362840286703,695.180800000002 -3.99254405884199,37.5363239265416,694.198399999994 -3.99260994038662,37.5363239265416,694.451799999995 -3.99267498380309,37.5363269439909,695.133400000006 -3.99273499845058,37.5363420319478,694.594500000007 -3.99279501309806,37.5363579576068,694.756599999993 -3.99285502774558,37.5363730448451,695.071500000005 -3.99291604760789,37.5363879646818,695.399600000004 -3.99297505614226,37.5363960112061,696.569499999998 -3.99303406467666,37.5364119368535,696.879700000005 -3.99308804444208,37.536430041526,697.139999999999 -3.99313297098605,37.5364590427574,697.118199999997 -3.99318007774125,37.5364850272471,696.707399999999 -3.99322399907043,37.5365110110155,696.744900000005 -3.99326406393211,37.5365440354694,695.855800000005 -3.99329306514274,37.5365869506403,694.444499999998 -3.99333598125711,37.5366219873979,693.275999999998 -3.99338493135528,37.5366560176147,692.345000000001 -3.9934219796742,37.5366920601513,691.092099999994 -3.99346204453588,37.5367269287494,690.164199999999 -3.99351904174235,37.5367510689221,689.076700000005 -3.99358106771778,37.5367649828727,688.402400000006 -3.99361593672384,37.5368169502052,687.058399999994 -3.99366807224799,37.5368350554917,685.856899999999 -3.99372892412534,37.5368590275197,685.103600000002 -3.9937820657626,37.536880987922,683.927500000005 -3.99379597976804,37.536925076817,682.7111 -3.99384794730723,37.5369530727603,681.994500000001 -3.99389706539032,37.5369879412364,680.525899999993 -3.99392807882718,37.5370310242612,679.249899999995 -3.99396898181702,37.5370670666166,678.442500000005 -3.99400703624909,37.537105958263,677.572400000005 -3.99404106622867,37.5371480354143,676.561499999996 -3.99407995878891,37.5371810602985,675.006299999994 -3.99411197744059,37.5372189467935,674.065199999997 -3.994129076872,37.5372640412924,673.041800000006 -3.99414701353328,37.5373089683677,672.041500000007 -3.99419093486247,37.5373409866655,671.184500000003 -3.99422496574038,37.5373820585944,670.040699999998 -3.99427995072061,37.5374080420502,669.636599999998 -3.99433108013164,37.5374279914001,668.639999999999 -3.99437902501499,37.5374529690387,667.802899999995 -3.99442696900002,37.5374799589829,667.195000000007 -3.99447407575518,37.5375119779197,665.717099999994 -3.99452403196646,37.5375339381298,664.342900000003 -3.99458505182877,37.537553049042,663.157699999996 -3.99464506647625,37.5375399736426,662.226599999995 -3.99470206368272,37.5375389678425,661.219200000007 -3.99473592657568,37.5375810447496,660.524999999994 -3.99479292288382,37.5376060230492,658.958799999993 -3.99480398743317,37.5376529615154,657.7307 -3.99478303243254,37.5376990615498,657.092799999999 -3.99476895134047,37.5377439890753,656.357900000003 -3.99475906088919,37.5377889158614,655.5481 -3.99474598501191,37.5378360223201,654.354800000001 -3.99472201257023,37.5378819548462,653.219800000006 -3.99472704133919,37.5379290612461,652.173599999995 -3.99473693179046,37.537973988633,650.931500000006 -3.99476995655526,37.5380199210741,649.281900000002 -3.99480096999215,37.538059986836,648.2546 -3.99484304708006,37.5380940171089,646.913499999995 -3.99488596229613,37.5381240241977,645.8177 -3.99494698305673,37.5381459849399,644.661200000002 -3.99499693926799,37.538166939884,643.844700000001 -3.99504002157071,37.5381989585257,643.126099999994 -3.99507606377653,37.5382380184008,642.027499999997 -3.99511193889571,37.5382819390992,640.532900000006 -3.99514596887532,37.5383290459588,639.657500000001 -3.99517497008595,37.5383729666036,638.298699999999 -3.99520195996867,37.5384190676174,637.679000000004 -3.99523196729242,37.538460976634,636.401100000003 -3.99522794373825,37.5385119391346,636.045400000003 -3.99526499205721,37.5385530104185,635.116299999994 -3.9953109247143,37.5385910643222,634.082699999999 -3.99535803146949,37.5386230827819,632.959700000007 -3.99540798768074,37.5386510780877,632.031700000007 -3.9954559316658,37.5386819240559,631.443199999994 -3.99550303842096,37.5387199778939,630.657600000006 -3.9955499771912,37.538759037496,629.810700000002 -3.9956029508435,37.5387950797284,629.0 -3.99564100437725,37.5388289422728,629.0 -3.99567302302892,37.5388659902536,628.206600000005 -3.9957050416806,37.5389129293513,627.310800000007 -3.99574091679979,37.5389499772904,626.726500000004 -3.99577796422041,37.5389890367721,625.907600000006 -3.99582792043167,37.5390279288407,625.584300000002 -3.99586798619168,37.5390619593841,624.826000000001 -3.99588307339686,37.5391100715298,624.210200000001 -3.9958520608583,37.5391499693137,623.964399999997 -3.99581199509832,37.5391839998014,623.129799999995 -3.99576991801041,37.5392140071638,623.0 -3.99573605511746,37.5392520607302,622.628100000002 -3.99569900679853,37.5392909526617,621.7837 -3.99566195937787,37.5393249830851,621.039999999994 -3.99560496217144,37.5393280011252,621.0 -3.99555701728808,37.5392949764796,621.861900000004 -3.9955249986364,37.5393320242289,621.9038 -3.99554293619601,37.5393749399322,621.0 -3.99555299463225,37.5394280807489,621.0 -3.99550002097994,37.5394540649164,621.108099999998 -3.99545392033787,37.5394859163262,620.684200000003 -3.99543195922412,37.5395330224251,619.450599999996 -3.9953840152391,37.5395710758288,619.0 -3.99534596170533,37.539608962534,618.781600000002 -3.99533003547365,37.5396570743267,618.0 -3.99529499938095,37.5397009956139,617.561700000006 -3.99528091739056,37.539747934186,616.852199999994 -3.99527806793446,37.5397930285801,616.304699999993 -3.99526800949823,37.5398429851136,615.603300000002 -3.995257951062,37.5398880794502,615.0 -3.99524806061072,37.5399330063691,614.609500000006 -3.99523800217449,37.5399789397403,614.0 -3.99522207684114,37.5400310750725,613.438299999994 -3.99521905940009,37.5400780134368,613.0 -3.99520195996868,37.5401299813096,612.247300000003 -3.99514395754739,37.5401370223774,612.0 -3.99507606377653,37.5401479184016,612.0 -3.99500800291904,37.5401470807391,611.574200000003 -3.99494798827155,37.5401489241665,611.0 -3.99488998585026,37.5401680351209,610.722099999999 -3.99482393632068,37.54017004665,610.135800000004 -3.99476593389942,37.5401720588914,610.0 -3.99470591925193,37.5401940190305,609.225600000005 -3.99463601415314,37.5401899959733,609.0 -3.99457599950565,37.5401970363231,608.814499999993 -3.99451799708436,37.5402079330509,608.0 -3.99446502343206,37.5402310670453,607.966100000005 -3.99441892279001,37.5402590624596,607.073799999998 -3.99437399624601,37.5402939315266,606.843699999998 -3.99432303392164,37.5403329910166,606.0 -3.99429000915685,37.5403819414265,605.8269 -3.99426301927412,37.5404330707159,605.0 -3.99425296083789,37.5404880563345,605.0 -3.994253966951,37.5405349951234,604.4375 -3.99423904683248,37.5406310515183,603.395999999993 -3.99429906147996,37.5406600532527,603.0 -3.9943460002502,37.5406890542636,603.001300000004 -3.99438807733811,37.5407259346437,602.175600000002 -3.9944319986673,37.5407559420979,601.627999999997 -3.99448296099167,37.5407849430715,601.870800000004 -3.99454297474086,37.540808077599,602.0 -3.99459594839316,37.540826014528,601.793099999995 -3.99465495692753,37.5408449579202,601.0 -3.99471597768817,37.5408660802066,601.0 -3.99477398010942,37.5408910581181,601.412299999996 -3.99483701219796,37.5409140245121,600.918000000005 -3.99489702684548,37.5409349793906,600.441800000001 -3.99494195338945,37.5409659925145,599.800000000003 -3.99496207026192,37.541010081131,599.4274 -3.99499392092864,37.5410529965808,598.8269 -3.99503197536071,37.5410890391289,598.775099999999 -3.99504102768383,37.5411339660364,598.0 -3.99508092545885,37.5411720193352,597.561600000001 -3.99509903010509,37.541216946905,596.215899999996 -3.99511596155158,37.5412660648345,596.0 -3.99512400865988,37.5413130031337,595.011199999994 -3.99511093278259,37.5413599421156,593.972099999999 -3.99514596887532,37.5413969895511,593.143500000006 -3.99516507963467,37.54144392848,592.098299999998 -3.99521302451803,37.5414789650923,591.311900000001 -3.99522006551321,37.5415250656104,590.287700000001 -3.9952390082876,37.5415770331869,589.172900000005 -3.995257951062,37.5416239720025,588.085900000005 -3.99527907404761,37.5416690666866,587.087700000004 -3.99528896449889,37.5417139932446,586.857600000003 -3.99530405170407,37.541760931974,585.612099999998 -3.99534394947909,37.5418020036052,584.893100000001 -3.99534294426431,37.5418539709886,583.877999999997 -3.99537596813077,37.5418980597923,582.987999999998 -3.99541201033662,37.5419359460274,581.881299999994 -3.99544302377348,37.5419750060817,581.044200000004 -3.99545392033786,37.5420209389072,580.243799999997 -3.99547403721033,37.5420670390902,579.214000000007 -3.99549700353889,37.5421079431671,578.302100000001 -3.99551594631329,37.542155049034,577.272899999996 -3.99553002830369,37.5422009817486,576.231400000004 -3.99554897107808,37.5422470825325,575.204899999997 -3.9955660705095,37.5422920094544,574.259699999995 -3.99555601207326,37.5423639259503,573.6109 -3.99560496217143,37.5423919219883,572.960999999996 -3.99565894193685,37.5424160617516,572.176200000002 -3.99570403646578,37.5424519362559,571.630300000004 -3.99574795779497,37.5424889845733,571.0 -3.99579606976498,37.5425260321601,570.998099999997 -3.99583697275479,37.5425649245206,570.935800000007 -3.99586798619168,37.5426070014405,570.808699999994 -3.99589497607437,37.5426509224145,570.342099999994 -3.99591308072061,37.5426990350934,570.895499999999 -3.99592498339811,37.5427510025639,567.796000000002 -3.99593302960812,37.5428039764395,567.0 -3.99594007060333,37.5428559438368,567.0 -3.99594996105461,37.5429030499434,567.425799999997 -3.99595398460877,37.5429540122569,569.321299999996 -3.99596203081878,37.5430110088934,570.241999999998 -3.99596605437291,37.5430639825842,570.999800000005 -3.99597996837835,37.5431189683993,570.961500000005 -3.99599203814252,37.5431640628913,571.168600000005 -3.99601500447108,37.5432170364735,571.615999999995 -3.99605104667689,37.5432619635232,571.678599999999 -3.99607803655962,37.5433040407619,572.090800000005 -3.99610603255543,37.5433429327166,571.991500000004 -3.99614307997606,37.5433809863125,572.197199999995 -3.99618096642317,37.5434260813584,572.546100000007 -3.99620493886485,37.5434770433144,573.059699999998 -3.99623394007548,37.5435269988041,572.883100000006 -3.99625891863027,37.5435719263793,573.128299999997 -3.9962770232765,37.5436230556178,573.187699999995 -3.99628993116883,37.5436750238687,573.604600000006 -3.99627115548106,37.5437243089854,573.947899999999 -3.99627199360922,37.5437360435322,573.935899999997 -3.99628305815857,37.5437910288516,574.0 -3.99632295593363,37.5438270715006,574.0 -3.9963710679036,37.5438550669892,574.0 -3.99642806511007,37.5438649574677,574.0 -3.99648992310054,37.5438699867534,574.0 -3.99655396130219,37.5438679746118,574.0 -3.99662202215968,37.5438730038973,574.074500000002 -3.99668505424822,37.5438780331825,574.197899999999 -3.99674708022367,37.5438800446115,574.254100000006 -3.99681195655348,37.5438879236579,574.758900000001 -3.9968679476468,37.5438969765116,575.0 -3.99692595006809,37.5438979822259,575.0 -3.99698294727456,37.5439040172236,575.0 -3.9970540255731,37.5439110579349,575.0 -3.99712493678498,37.5439130693631,575.0524 -3.99718293920623,37.5439209484059,575.028099999996 -3.99724295385375,37.5439269834018,575.388600000006 -3.99731000859813,37.5439320126833,575.512700000007 -3.99737807035394,37.5439350298248,575.592399999994 -3.99743506666208,37.5439420712454,575.330100000006 -3.99749994299193,37.5439509559988,574.977799999993 -3.99756599252148,37.5439650374119,575.2935 -3.99763204115277,37.5439739221625,575.503100000002 -3.99769691748258,37.5439819685804,575.693799999994 -3.99775994957112,37.5439859921451,575.794899999994 -3.99782298165966,37.5439930328487,575.570900000006 -3.99788098408091,37.5439990678387,575.599499999997 -3.99793798128738,37.5440069468724,575.9853 -3.99799698982179,37.5440129818613,575.667499999996 -3.99805499224304,37.5440260575502,576.107799999998 -3.99811400077741,37.5440339365811,576.3514 -3.99817300931182,37.5440419829925,576.114700000006 -3.99823000651825,37.5440520415397,576.348599999998 -3.99826705483721,37.5440939509514,577.285499999998 -3.99833293638184,37.5440969687985,577.1155 -3.99839395624415,37.544107026626,576.9182 -3.99845397089163,37.5441209406285,576.919500000004 -3.99851197421122,37.5441239584745,576.997300000003 -3.99857098274559,37.5441350227218,577.761799999993 -3.9986320026079,37.5441420634113,578.264800000004 -3.99870207569165,37.544140051277,578.721999999994 -3.99875907199979,37.544139045566,579.102100000004 -3.99881707531937,37.5441350227218,578.900299999994 -3.99888597430502,37.5441309991651,578.8272 -3.99895504127566,37.5441229527633,579.530599999998 -3.99902494637442,37.5441140673182,579.748300000007 -3.99908194358089,37.544107026626,579.911900000006 -3.9991510096532,37.5440989802216,579.689100000003 -3.9992180652959,37.5440889216808,580.409700000004 -3.99928092939948,37.5440699791127,579.036300000007 -3.99934798504218,37.54406092628,579.846600000004 -3.99941503978656,37.544049024403,580.271800000002 -3.99948092133119,37.5440369544306,580.607300000003 -3.99953993076389,37.5440280689753,581.673299999995 -3.99960698550826,37.5440180111371,581.703999999998 -3.99966398271473,37.5440119761486,582.813200000004 -3.99972198513599,37.5440029233089,583.112299999993 -3.99978803466557,37.5439869978582,581.919099999999 -3.99985693365122,37.5439779457277,582.383499999996 -3.99991493697081,37.5439700666909,583.008300000001 -3.99997293939209,37.5439569909921,583.329700000002 -4.00002893048541,37.5439360362508,582.8897 -4.000086933805,37.54391692555,583.418300000005 -4.00014493622625,37.5438969765116,583.979200000002 -4.00019992120649,37.5438719981827,583.915299999993 -4.00024501573545,37.5438389734129,582.708799999993 -4.00028005272648,37.5438019257664,581.660000000003 -4.00033000893773,37.5437789588374,581.436000000002 -4.00038801135899,37.5437489518877,581.835300000006 -4.00044701989339,37.5437239735091,581.374899999995 -4.00050301098671,37.5436949722542,581.388099999996 -4.00055397331112,37.5436589302536,580.862299999993 -4.00060107916798,37.5436200384638,580.116099999999 -4.00064600661028,37.5435920428869,580.427500000005 -4.0006919392674,37.5435620351497,580.074600000007 -4.00073904512426,37.5435340402633,579.714099999997 -4.00079101356175,37.5434979974726,580.016399999993 -4.00084096977303,37.5434589382162,579.259099999996 -4.00086494131638,37.5434079762478,578.004700000005 -4.00089696086635,37.5433610371308,577.448600000003 -4.00093400828702,37.5433139313135,577.012400000007 -4.00096602693866,37.5432760450664,576.682400000005 -4.00100894305306,37.5432299442065,576.506699999998 -4.00104196781786,37.5431819999657,576.0 -4.00109997023911,37.5431560163852,576.002699999997 -4.00113500633184,37.5431159505125,576.016300000003 -4.0011740659787,37.5430829261202,575.897700000001 -4.0012210047489,37.5430559360673,575.935700000002 -4.0012719670733,37.5430289467168,576.0 -4.00132393461249,37.5430049745356,575.695999999996 -4.00137607013664,37.5429830138,575.218500000003 -4.00142904378894,37.5429640702387,575.0 -4.00149106976436,37.5429439542739,575.0 -4.00155192254001,37.5429330572337,575.0 -4.00161595984336,37.5429169641706,575.0 -4.0016789919319,37.5429030499434,575.0 -4.00173498302525,37.5428919862256,574.423299999995 -4.00179298634484,37.542885951146,574.143200000006 -4.00186205241715,37.5428740490815,574.031499999997 -4.00192307317775,37.5428619789188,574.635699999999 -4.0019899608355,37.5428480646813,574.339600000007 -4.00204595192885,37.5428400181411,574.171600000001 -4.00210998923217,37.5428200695268,574.0 -4.00217000387969,37.5428160458992,574.0 -4.00221493132199,37.5427729633678,573.715500000006 -4.00224795608679,37.5427340711158,573.0 -4.00230092884076,37.5427109371858,573.294299999994 -4.00234099460077,37.5426690277089,573.0 -4.00238793337097,37.5426299680183,572.575100000002 -4.00244392446433,37.5425979491424,572.333899999998 -4.00249605998847,37.5425630804407,572.111199999999 -4.00255305719494,37.5425610682638,572.077300000004 -4.00260200729308,37.5425260321601,572.0 -4.0026479399502,37.5424990426178,572.0 -4.0027089607108,37.5424789258152,572.0 -4.00272404791598,37.5424619943054,571.8223 -4.00273511156704,37.5424618269205,571.819000000003 -4.00278791813271,37.5424680294193,572.0 -4.0028479318819,37.5424839551945,572.0 -4.00290392297522,37.5425030655503,571.923699999999 -4.00293694774002,37.5425419579228,572.725600000005 -4.00300400338272,37.5425429636554,572.760599999994 -4.00306904679919,37.5425409521902,572.608600000007 -4.003133923129,37.5425520159602,572.971900000004 -4.00319594910442,37.5425639187883,573.261700000003 -4.00325696896673,37.5425749825548,573.518700000001 -4.00331296006008,37.5425880584959,573.819499999998 -4.00338403835862,37.5425929197709,573.006299999994 -4.00344606523234,37.5425949312347,573.994099999996 -4.00350507376675,37.5426049899771,574.231400000004 -4.00357397275239,37.5426070014405,574.289000000004 -4.00364203360988,37.5426070014405,574.301800000001 -4.00370808313947,37.542599960606,574.158100000001 -4.00376508034594,37.5425959376788,574.079599999997 -4.00382392089535,37.5425880584959,573.915800000002 -4.00388393554287,37.5425790061955,573.726299999995 -4.00394193796413,37.5425719653584,573.581000000006 -4.00401100493476,37.5425679417173,573.504700000005 -4.00406900825432,37.5425620747084,573.385500000004 -4.00413002811662,37.5425620747084,573.396999999997 -4.00418803053791,37.5425630804407,573.341700000004 -4.00425206873956,37.5425639187883,573.0 -4.00431895639731,37.542556039602,572.6348 -4.00437595360374,37.5425479930303,572.130999999994 -4.00444300834815,37.5425429636554,571.316300000006 -4.00451006399085,37.5425369285475,571.0 -4.00456605508417,37.5425250264273,570.693499999994 -4.00463294274192,37.5425119504752,569.951000000001 -4.00469899137318,37.5424909960399,569.0 -4.00475297113863,37.5424760759997,568.918000000005 -4.00481801455507,37.542455959191,568.172200000001 -4.00487199432049,37.5424400341221,567.945300000007 -4.00492496797279,37.5424239409527,567.481899999999 -4.00499001138926,37.5424019800459,567.006899999993 -4.00503192139055,37.5423770019284,567.0 -4.0050899238118,37.5423560474551,567.0 -4.00514407066385,37.5423379420846,566.615000000005 -4.00520995220848,37.5423179933361,566.184800000003 -4.00526795552806,37.5423059237957,566.0 -4.00533299894454,37.54231195821,566.0 -4.00540105980202,37.5423139703936,565.3943 -4.00546895357289,37.5423149761292,565.166800000006 -4.00553802054349,37.5423230227261,565.0 -4.00560407007308,37.5423270456681,564.848100000003 -4.00566307860748,37.5423310693222,564.560599999997 -4.00572108102874,37.542335930614,564.679399999994 -4.00577807823521,37.5423429714734,564.900500000003 -4.00583205710229,37.5423649323975,565.0 -4.00589408397605,37.5423649323975,565.0 -4.00595292452546,37.5423739847239,564.812300000005 -4.00601092694675,37.5423790133979,564.690199999997 -4.00607798258942,37.5423900779041,564.308600000004 -4.00614302600589,37.5424019800459,564.224799999996 -4.00620304065341,37.5423969506612,564.124599999996 -4.00626406051568,37.5424130445487,564.038400000005 -4.0063160289532,37.5424329932719,564.0 -4.00638392182573,37.5424470749717,564.270999999993 -4.0064409190322,37.5424539477234,564.434299999994 -4.00650596244867,37.542463000039,564.647500000006 -4.00657603553239,37.5424609885717,564.616099999999 -4.00664191707702,37.5424660179521,564.740099999995 -4.00670997793454,37.5424589771044,564.596799999999 -4.0067760274641,37.5424579713707,564.587 -4.00684492644978,37.5424549534572,564.532999999996 -4.00690393498415,37.5424519362559,564.477299999999 -4.00696495574479,37.5424470749717,564.380900000004 -4.00702396427916,37.5424430513239,564.302800000005 -4.00709303124976,37.5424339990059,564.115000000005 -4.00715505722518,37.5424309818038,564.059800000003 -4.00721892744191,37.5424329932719,564.116500000004 -4.00728296474523,37.5424390283882,564.262600000002 -4.00734297939275,37.5424509305221,564.012799999997 -4.00740098181401,37.5424680294193,564.0 -4.00745496157943,37.5424899903066,564.023199999996 -4.00750692911861,37.5425199970508,564.116200000004 -4.00755202364758,37.5425500044952,564.129799999995 -4.00759007807962,37.5425840348557,564.227799999993 -4.0076259523005,37.542631979481,564.107799999998 -4.00764808050091,37.5426740563631,563.686000000002 -4.00765797095218,37.5427199894702,563.522200000007 -4.00766903550153,37.542765922549,563.138699999996 -4.00767791983969,37.5428210752557,562.343099999998 -4.00768395472176,37.5428670082722,562.098100000003 -4.00770206026633,37.5429099233654,560.997499999998 -4.00772301436862,37.5429630645118,560.985199999996 -4.00774799292341,37.5430049745356,560.999400000001 -4.00777297057991,37.543048056933,560.943599999999 -4.0078059953447,37.5430949955348,560.9997 -4.00784203755051,37.5431320435326,561.0 -4.0078730509874,37.5431699298529,560.930399999997 -4.00790406352593,37.5432099956966,561.0 -4.00793608307594,37.5432520729647,561.162299999996 -4.00796893985578,37.5432919706689,561.482799999998 -4.00799995329264,37.5433340478908,561.884399999995 -4.00805292694494,37.5433660664505,561.676600000006 -4.00807991592934,37.5434069705269,562.122199999998 -4.00810807901181,37.5434559203432,562.723499999993 -4.00809802147387,37.5435010153438,563.914900000003 -4.00813506889453,37.5435400745782,564.999100000001 -4.00817597278267,37.543578967122,565.717799999999 -4.0082249228808,37.5436180263155,566.035399999993 -4.00827001740976,37.5436560804832,566.386299999998 -4.00831393873895,37.5436850817532,566.376300000004 -4.008360039381,37.5437239735091,566.684599999993 -4.00840798426435,37.5437630333389,566.816900000005 -4.00844905523914,37.5437950524266,566.288700000005 -4.0084909643421,37.543829082931,566.4274 -4.00853404754312,37.5438609338964,565.731499999994 -4.00858601598061,37.5438810510383,565.112099999998 -4.00863094252461,37.5439100522208,564.871599999999 -4.00868592750485,37.5439449210049,564.574999999997 -4.00873001681899,37.5439749278758,564.497000000003 -4.0087829904713,37.5440119761486,564.380600000004 -4.00883093445632,37.5440389658554,563.2745 -4.0088850822067,37.5440729962485,563.1342 -4.00892900263755,37.5441050152031,563.4277 -4.00897108062379,37.5441360284328,563.053499999995 -4.00901902460882,37.5441660352269,562.731700000004 -4.00906395205112,37.5441980541415,562.684999999998 -4.0091040169128,37.5442310787521,562.704899999997 -4.00914693212887,37.5442719823539,562.872199999998 -4.00918398044783,37.5443070190617,562.942200000005 -4.00922002265364,37.5443430614612,562.916700000002 -4.0092570709726,37.5443799414584,562.564400000003 -4.00929193908033,37.5444179952372,562.612399999998 -4.00932194640408,37.5444570554156,562.734500000006 -4.00935195372785,37.5444969531873,563.004799999995 -4.00937793749743,37.5445380240234,562.565799999997 -4.009396043042,37.5445809395792,562.207200000004 -4.00940794482118,37.544634080959,561.649300000005 -4.00941196837534,37.5446840370978,561.0 -4.0094490166943,37.5447180679087,561.0 -4.00947399435076,37.5447619890635,561.0 -4.0095370264393,37.5447849549773,560.952499999999 -4.00958798786537,37.5448139565204,561.0 -4.00964498507184,37.5448290441845,561.0 -4.00970097616519,37.5448520100777,561.263900000005 -4.00975093237645,37.5448790001927,561.872300000003 -4.00979803913164,37.5449100131005,561.232099999994 -4.00983408133745,37.5449450495084,560.603600000002 -4.00982402290122,37.5449929940398,560.377099999998 -4.0098149705781,37.5450409385404,559.503500000006 -4.0098149705781,37.545088044691,558.987099999998 -4.00987297299936,37.545088044691,558.469299999997 -4.00987699655352,37.5451400126329,558.108200000002 -4.00991806752832,37.5451770603268,558.915599999993 -4.00998495518606,37.5451770603268,559.530499999993 -4.01004094627942,37.5451609670359,559.184099999999 -4.01009894870067,37.5451529207453,560.0 -4.01015795723504,37.5451619734454,560.0 -4.01020607010335,37.5451929862355,560.0 -4.01024093821112,37.5452340574003,560.924400000004 -4.01026206119671,37.5452769725555,561.0 -4.01027396297588,37.5453269289757,561.917799999996 -4.01030095285861,37.5453740356578,562.0 -4.01033297151029,37.5454189621199,562.967799999999 -4.01036499106026,37.5454630509521,563.0 -4.01039801582506,37.5455069723802,563.225999999995 -4.01042902836362,37.5455480433721,563.963900000002 -4.01045802957425,37.5455929704416,564.265899999999 -4.01048501945694,37.5456370591709,564.955199999997 -4.0105140206676,37.5456809804965,565.234100000001 -4.01053396955511,37.5457240634841,565.903600000005 -4.01056900654613,37.5457689904475,566.041299999997 -4.01059398420259,37.5458159294729,566.505600000004 -4.01061795664427,37.5458590123825,567.021900000007 -4.0106469578549,37.5459009214906,567.530400000003 -4.01066606861425,37.54594501075,567.957299999995 -4.01069607593803,37.5459860822128,568.377900000007 -4.01070898383032,37.5460330203893,568.201400000005 -4.01072893271783,37.5460779478788,568.662100000001 -4.01074200859511,37.5461260597704,569.0 -4.01075307314446,37.5461790333845,569.0 -4.01076899847784,37.5462289892003,569.404599999994 -4.01078307956991,37.5462789456948,570.0 -4.01080504068365,37.5463300752135,570.0 -4.01081895468909,37.5463830486826,570.245200000005 -4.01083303578116,37.5464370285063,570.758300000001 -4.0108469497866,37.54648195504,571.048599999995 -4.01085399078182,37.5465379461495,571.032399999996 -4.01085902044907,37.5465850527785,571.946200000006 -4.01086606054596,37.5466350090344,572.049199999994 -4.01086706665907,37.5466889879634,573.0 -4.01087092222828,37.5467349214458,573.267099999997 -4.01087695711035,37.5467830329135,574.0 -4.01088198677763,37.5468299720126,574.0 -4.01089305042868,37.5468770784571,574.274699999994 -4.01090797054724,37.5469230111113,574.898000000001 -4.01092305775243,37.5469669323914,575.0 -4.01094602408099,37.5470140387494,575.260500000004 -4.0109820662868,37.547056953592,576.099199999997 -4.01101693529286,37.5471030542221,575.898100000006 -4.01104895394454,37.5471469753961,576.335399999996 -4.01107996738144,37.5471949199359,576.871899999998 -4.01110796247895,37.5472420261497,577.355299999996 -4.01112992359269,37.5472879592913,577.732300000003 -4.01114903435204,37.5473320477303,578.059500000003 -4.0111740120085,37.5473769751491,579.061600000001 -4.0111659649002,37.5474289429198,579.335399999996 -4.0111659649002,37.5474810780279,580.203099999999 -4.01117300589538,37.5475310343955,580.435500000007 -4.01117904077749,37.5475840077234,581.970700000005 -4.01118306433162,37.5476369817259,581.729200000002 -4.01118993734188,37.5476889493153,582.0 -4.0112130716554,37.5477409168685,582.686900000001 -4.01122597954769,37.5477850057519,583.0 -4.01124006153809,37.5478369739504,583.791299999997 -4.01124794066146,37.5478820684375,584.0 -4.01124995198936,37.5479380592075,585.025299999994 -4.01125095810248,37.5479930449887,585.7788 -4.01125799819937,37.5480440066716,586.316699999996 -4.01127593575897,37.5480969803471,587.0 -4.0113049369696,37.548144924988,587.394799999995 -4.01133293296544,37.5481940426265,588.075200000007 -4.01138892405876,37.5482260619477,589.046100000007 -4.01142295493668,37.5482669654941,589.248300000007 -4.01144105958291,37.5483140717427,589.984400000001 -4.01146704335252,37.5483549752408,590.433699999994 -4.01149604456315,37.5483960468003,590.920599999998 -4.01152504577377,37.5484359446004,591.362599999993 -4.01156192610778,37.5484810394373,591.878899999996 -4.01159193343152,37.5485219428438,592.166100000002 -4.01162495819631,37.5485690489313,592.172500000001 -4.01165798296111,37.5486169939808,592.877900000007 -4.01168799028485,37.5486649382873,594.065499999997 -4.01171799760859,37.5487120442844,594.716799999995 -4.01174599270611,37.5487620005392,595.109500000006 -4.01176795381985,37.5488049157999,595.510200000004 -4.01179695503051,37.5488550393631,596.142900000006 -4.01181606578986,37.5488999665761,596.469800000006 -4.01184204955944,37.5489509283512,596.864700000006 -4.01186803332905,37.5490020581737,597.363500000007 -4.01189804065279,37.5490500029447,597.784100000004 -4.01193592709991,37.5490949300402,598.540800000002 -4.01196995707949,37.5491329835488,599.041500000007 -4.01200700539845,37.5491740546795,598.8652 -4.01205092672763,37.5492050679371,599.408800000005 -4.0120919977024,37.549239936381,599.9378 -4.01214195391368,37.5492679319736,600.039699999994 -4.01218403100159,37.5493049804647,599.931299999997 -4.0122229235618,37.5493380049496,600.553199999995 -4.01226600676282,37.5493829318715,601.303599999999 -4.01230003674244,37.5494310437667,601.854399999997 -4.01233507283513,37.5495069844766,602.465599999996 -4.01234898684057,37.5495589521868,602.609500000006 -4.01235602783579,37.5496119254979,603.642900000006 -4.01235502172264,37.5496739516357,603.954599999997 -4.01235301039474,37.5497210577073,604.615600000005 -4.01235502172264,37.5497760428854,604.7889 -4.01235804006202,37.5498320343694,605.224900000001 -4.01236105750304,37.5498769609935,605.901400000002 -4.01236508015891,37.549923062016,606.272599999997 -4.01236407494409,37.5499679885853,606.926600000006 -4.01237396539536,37.5500219679496,607.550399999993 -4.01238804648743,37.5500660569081,608.0 -4.01241403115534,37.5501170193102,608.0 -4.01243297392974,37.5501689865951,608.065600000002 -4.01244403758079,37.550214081808,608.058199999999 -4.01246801002246,37.5502670553656,608.626300000004 -4.01249399379204,37.5503170112905,608.945699999997 -4.01252098367477,37.5503560712267,608.604200000002 -4.01255501455268,37.550406027092,608.960200000001 -4.01259206197331,37.5504529660462,608.808300000004 -4.01262491965144,37.5504940371618,609.0 -4.0126619670721,37.5505319233016,609.024399999995 -4.01272399394582,37.5506189275992,609.099400000006 -4.01273204015582,37.5506219451821,609.2408 -4.01275701781228,37.5506710626126,609.021999999997 -4.01277897892606,37.5507240365578,609.045700000002 -4.01280395658252,37.5507800273296,609.473599999998 -4.0128250795681,37.5508460771141,609.831000000006 -4.0128500572246,37.5509149763333,610.0 -4.01287000611211,37.5509709676738,609.739300000001 -4.01288392011755,37.551015056071,609.830100000006 -4.01289297244067,37.5510750705185,609.975699999995 -4.01290202476378,37.5511439695259,610.119099999996 -4.01290906575897,37.5512059958132,610.030599999998 -4.01291208320002,37.5512509230335,610.234200000006 -4.01291694488234,37.5513159667866,610.0 -4.01292398587752,37.5513779922185,610.309200000003 -4.01292398587753,37.5514440421854,610.435299999997 -4.01292197365129,37.5515260166494,610.3802 -4.01292297976441,37.5516079917354,611.0 -4.01292800943169,37.5516549306449,611.0 -4.01293102687271,37.5517020368889,611.440300000002 -4.01294192343713,37.5517590339586,611.420599999998 -4.01295298708815,37.5518140190576,612.0 -4.01296606296544,37.5518720216484,612.076400000005 -4.01297997697088,37.5519249954521,612.885299999994 -4.01299305284813,37.5519739460847,613.0 -4.01300495462734,37.5520200465224,613.0 -4.01301199562256,37.552064973252,613.0 -4.01302104794568,37.5521110736334,613.009099999996 -4.01304099683318,37.5522029395847,614.0 -4.01305407271043,37.5522520573977,614.048500000004 -4.01306698060276,37.5523030197295,614.302100000001 -4.01307905126523,37.5523549869145,614.463300000003 -4.01309095304444,37.5524059491759,615.0 -4.01309900015277,37.5524560731661,615.0 -4.01310805247589,37.5525070346463,615.438599999994 -4.01311006380379,37.5525549792992,615.925900000002 -4.01311006380379,37.5526059414239,616.0 -4.01311006380379,37.5526570708757,616.058499999999 -4.013113919373,37.552709038526,616.511700000003 -4.01311308124484,37.5527630180416,616.748800000001 -4.01311207603002,37.5528190094182,617.0 -4.01311308124484,37.5528760063459,617.0 -4.01311492548611,37.5529489289059,618.0 -4.01311006380379,37.553012966298,618.0 -4.01311794292716,37.5530699637895,618.0 -4.0131300126913,37.553142047931,618.868400000007 -4.01313101880441,37.5532179877086,619.0 -4.01310101148067,37.5533039861319,619.118000000002 -4.01308592427549,37.5533519309843,619.594500000007 -4.01307201027004,37.5534050718085,620.0 -4.01306094572069,37.5534580459469,620.0 -4.01305591695174,37.5535180598515,620.270099999994 -4.01304703171525,37.5535919887911,620.852299999999 -4.01304300905942,37.5536479795449,621.000899999999 -4.01303999161837,37.5537069884268,621.056400000001 -4.01303697417735,37.5537629790942,621.674599999998 -4.01303496195108,37.5538189704316,622.149900000004 -4.0130339567363,37.5538729498555,622.202699999994 -4.0130339567363,37.5539339704292,622.5481 -4.0130279209559,37.5539859379013,623.0 -4.01302607761292,37.5540529932707,623.384999999995 -4.01302892706902,37.5541180367149,623.350200000001 -4.01305792827964,37.5541830801022,623.968099999998 -4.01310101148067,37.5542560028076,624.0 -4.01315197380507,37.5543329484479,624.0 -4.01318600378465,37.5543710028429,624.364199999996 -4.01322891900072,37.554424981867,624.683799999999 -4.01328004931005,37.5544739322819,625.000499999995 -4.01333805173134,37.5545359586465,625.010800000004 -4.01339907159364,37.5545979842473,624.847599999994 -4.01345506268696,37.5546640342091,625.0141 -4.01351004856553,37.5547329334594,625.001600000003 -4.01357106842784,37.5547979770223,625.0196 -4.01364801452178,37.5548710671951,625.270900000003 -4.01369193585097,37.5549010739406,625.173800000004 -4.01372898327163,37.5549449955047,625.008799999996 -4.01376100282161,37.5549860662813,625.374899999995 -4.01379302147328,37.5550309933594,625.083899999998 -4.01382705235119,37.5550720648008,625.521099999998 -4.01385605356182,37.555114979989,626.005000000005 -4.0138880722135,37.5551610806202,625.656099999993 -4.0139189176654,37.5552039957571,626.025599999994 -4.01394708074787,37.5552450671032,625.724400000006 -4.01397306451748,37.5552889884645,626.016099999993 -4.01402503295496,37.555364928903,625.948499999999 -4.01405403416559,37.5554070057193,625.833499999993 -4.01407800570897,37.5554519325436,625.863500000007 -4.01410499559166,37.5554990392363,625.761799999993 -4.01414807879269,37.5555459778315,626.046900000001 -4.01418395301358,37.5555890608143,625.890599999999 -4.01422401877355,37.5556229235642,626.0 -4.01427598631274,37.5556899788849,626.0 -4.01433499574544,37.5557540167703,626.0 -4.01437506060712,37.5557900586199,626.004100000006 -4.01441697060837,37.5558249275439,626.0 -4.01445904769629,37.5558680103654,626.193199999994 -4.01450799779442,37.5559080757933,626.172300000006 -4.01455694789256,37.5559519967639,626.103900000002 -4.01460204242152,37.5559959184206,626.470799999996 -4.01465199863278,37.556040007406,626.536900000006 -4.01470094962924,37.5560829227489,627.0 -4.01474704937299,37.556124999872,627.0 -4.01479600036946,37.5561650651617,627.0 -4.01483908267219,37.5562019457189,627.0 -4.01489607987862,37.5562379873519,627.012300000002 -4.0149569326543,37.5562720178728,627.063999999998 -4.01501392986077,37.5563070546372,627.104200000002 -4.01507092616891,37.5563439351242,627.368100000007 -4.0151289294885,37.5563809829465,627.301500000001 -4.0151899493508,37.5564150134021,628.0 -4.01525298143934,37.5564409973458,628.0 -4.01532204840994,37.5564569229842,628.0 -4.01539094739562,37.5564820687222,628.0 -4.01545599081206,37.5565040290416,628.082999999999 -4.01553193079292,37.5565340365538,628.117299999998 -4.0156030099898,37.5565690724828,628.714200000002 -4.01567107084728,37.5566059535523,629.0 -4.01573795850503,37.5566440067866,629.0 -4.01580099059357,37.5566840725094,630.000100000005 -4.01585999912797,37.5567179354737,630.010500000004 -4.01592001287713,37.5567590066975,630.030700000003 -4.01598002752465,37.5567970605658,630.068499999994 -4.01604792129551,37.5568359526019,630.592999999993 -4.0161079350447,37.5568719946404,631.0 -4.01616794969218,37.5569110547019,631.045700000002 -4.01622494689866,37.5569479348899,631.0389 -4.01628898420201,37.556992023312,631.054999999993 -4.01634698752156,37.5570290715242,631.884999999995 -4.01641102482492,37.5570649461171,632.0 -4.01647506302657,37.5571040060775,632.0 -4.01653692101703,37.5571460833362,632.933600000004 -4.01660095921869,37.5571920160712,633.0 -4.01666298519411,37.5572320814993,633.0 -4.01671797017435,37.5572709733083,633.224799999996 -4.016782008376,37.5573140567181,634.0 -4.01684202212519,37.5573559657946,634.081900000005 -4.01690304288582,37.5573990491552,635.0 -4.01696104530708,37.5574399526524,635.0 -4.01702793296483,37.5574810241903,635.0 -4.01709699993543,37.5575249449459,635.0 -4.01716003202397,37.557566016437,635.0 -4.01723798333277,37.5576159724543,635.939199999993 -4.01731794686776,37.5576620729625,636.0 -4.01739606616152,37.5576979472508,636.0 -4.01748005325068,37.5577360013517,636.0 -4.01756001678571,37.5577670146071,636.061499999996 -4.01763796809447,37.5578060741994,636.367299999998 -4.0177179316295,37.5578369193632,637.0 -4.01779504481011,37.557870949866,637.0 -4.01787701967304,37.5579029685906,637.0 -4.0179529596539,37.5579299589647,637.031000000003 -4.01802102140972,37.557958959666,637.057199999996 -4.01809293783642,37.557986955544,637.0 -4.01815898736601,37.5580229977379,637.089300000007 -4.01823392123376,37.5580719479257,637.082299999995 -4.01829091844023,37.55811402535,636.532800000001 -4.01834506529227,37.5581539229327,636.405799999993 -4.01839301017562,37.5581960003106,636.010599999994 -4.01844698904275,37.5582409275898,636.016199999998 -4.018496945254,37.5582789814134,636.0 -4.01856198867047,37.5583299431844,636.0 -4.01863994087757,37.5583899574383,636.0 -4.01872292185361,37.558461035901,636.0 -4.01877304515153,37.5584989222634,636.0 -4.01881495515278,37.5585359704385,636.0 -4.01887597501508,37.5585879382619,636.0 -4.01892006432923,37.5586239801651,636.0 -4.0189790728636,37.5586670635047,636.0 -4.01902902907488,37.5587069607913,635.456600000005 -4.01906993206472,37.5587409916089,635.179199999999 -4.019118044933,37.5587790451772,635.095000000001 -4.01917202380012,37.5588169313779,635.948399999994 -4.01922902100659,37.5588509621453,636.0 -4.01927797110473,37.5588819749366,636.0 -4.01933094475703,37.5589230463919,636.0 -4.01937503407117,37.5589560708875,636.0 -4.01941895450206,37.558991945977,635.955300000001 -4.01946807258516,37.5590179297343,636.0 -4.0195289253608,37.5590189352445,636.0 -4.01960805076767,37.5590110563734,636.0 -4.01968600207644,37.5590330173717,636.0 -4.01975205160602,37.5590600066243,636.0 -4.01981692793584,37.559095043502,636.0 -4.01989102367542,37.5591260561918,636.0 -4.01997601597941,37.5591699774019,636.0 -4.02005799084234,37.5592140659335,636.0 -4.02015203636777,37.559261005037,636.0 -4.02019897513797,37.5592869887004,636.0 -4.02025496623132,37.5593079433989,636.100999999995 -4.02033291754009,37.5593570615138,637.089300000007 -4.02040299062384,37.5594100349816,637.121700000003 -4.02046300437303,37.559471055294,637.219299999997 -4.0205119553695,37.5595389488692,637.103400000007 -4.02055403245741,37.5596180738141,637.991200000004 -4.02057096390387,37.5596650126633,638.0 -4.02060700610971,37.5597439701283,638.0 -4.02063801864824,37.5598080080903,638.0 -4.02066500853097,37.5598589695275,638.0 -4.02069501585471,37.559899035658,638.0 -4.02077699071764,37.5599429564125,638.0 -4.02086500046267,37.5599830217857,638.0 -4.02095200499289,37.5600299604048,637.318700000003 -4.02100296731726,37.560058961713,637.130300000004 -4.02105007317412,37.5600849458102,637.0386 -4.02110002938541,37.5601119353939,637.010899999994 -4.02116406668873,37.5601360758275,637.0 -4.02122592557752,37.5601590419891,637.0 -4.02133204086709,37.5601949164994,637.0 -4.02139607817044,37.5602039687967,637.0 -4.02146095450025,37.5602200624001,637.0 -4.02152096824944,37.5602309583373,637.0 -4.02157494801486,37.5602460464412,636.871700000003 -4.02163697399028,37.560250069128,636.166899999997 -4.02169598252465,37.5602549306754,636.0 -4.02175398584424,37.5602680063634,636.0 -4.02181198826553,37.5602829264028,636.005699999994 -4.02186999068678,37.5603000254821,636.244500000001 -4.02192698789325,37.5603099159148,636.0 -4.02198297898657,37.5603280211926,636.0 -4.02209093761912,37.5603699307102,636.0 -4.02218598835933,37.5604130137524,636.0 -4.0222369506837,37.5604359798285,636.0 -4.02228606876683,37.5604599521006,636.0 -4.02234105374703,37.560485936058,636.0 -4.02239402739933,37.5605070584757,636.0 -4.02247901970332,37.5605409211269,636.0 -4.02254708145913,37.5605759580204,636.0 -4.02260592200855,37.5606089824955,636.0 -4.02265302876374,37.5606399952672,636.0 -4.02269795530775,37.5606800609777,636.0 -4.02276098739628,37.5607229764967,636.0 -4.02283307180794,37.5607610304769,636.0 -4.02291001790192,37.5607960665547,636.0 -4.02299802764692,37.560841999176,636.0 -4.02305100129922,37.5608619486639,636.0 -4.02311000983362,37.5608869262839,636.0 -4.02317404713695,37.5609090547848,636.0 -4.02322903301551,37.5609290035426,636.0 -4.02329307031884,37.5609489522952,636.0 -4.0233529169814,37.5609710807776,636.0 -4.02343304850135,37.5609930411982,636.010899999994 -4.02349893004598,37.561013996129,636.0 -4.02357302578557,37.5610379682151,636.305600000007 -4.02363907531516,37.561056073316,637.0 -4.02369406029536,37.5610750165519,637.0 -4.02375407494288,37.561087924753,637.0 -4.02386605712956,37.5611140758343,637.0 -4.02395306165977,37.5611509560784,637.042600000001 -4.02403704785064,37.561193033188,637.5193 -4.02411600617085,37.5612359491236,637.118600000002 -4.02419395747961,37.5612820495284,637.672399999996 -4.02427492622943,37.5613400518708,638.0 -4.02432002165672,37.5613720712409,638.0 -4.02436897175486,37.5614069396891,638.0 -4.02442194540716,37.56144499332,638.106899999999 -4.02446905126402,37.5614800297882,638.056700000001 -4.02451196648009,37.5615140607635,638.949600000007 -4.02459193001512,37.5615720629253,639.0 -4.02463903677028,37.5616049203292,639.0 -4.02468396331429,37.5616369388734,639.0 -4.02477800883968,37.5616929299912,639.059999999998 -4.02482796505097,37.5617249492096,639.670700000002 -4.02488093780494,37.5617529443847,640.0 -4.02493307332909,37.5617889868932,640.001600000003 -4.02498805920762,37.561812959442,640.026100000003 -4.02504203807475,37.5618399491118,640.157200000001 -4.02509300039911,37.5618620773296,640.965200000006 -4.02518805113933,37.5618999633868,641.0 -4.0252839400077,37.5619470695637,641.251399999994 -4.02537597330687,37.5620060782825,642.0 -4.0254309582871,37.5620320617006,642.0 -4.02548493805252,37.5620560341712,642.007599999997 -4.02553003258149,37.5620860415838,642.164699999994 -4.02557194258274,37.5621190661017,642.612800000003 -4.02564905576338,37.5621629876838,643.0 -4.02572398963109,37.5622089201745,643.0 -4.02579406271484,37.56224999122,644.0 -4.02586195648571,37.5622930745992,644.0 -4.02593202867113,37.5623319666149,644.701700000005 -4.02601601576029,37.5623819229972,645.339000000007 -4.02609899673634,37.562428023405,645.406499999997 -4.02617393060409,37.5624670826901,646.044200000004 -4.02625707866679,37.5625009458747,646.055099999998 -4.02634894487933,37.5625269298323,646.649399999995 -4.02643796073744,37.5625460400341,647.090599999996 -4.02653200536454,37.5625549254181,647.305900000007 -4.02661599245371,37.5625700123393,647.656900000002 -4.02668304719811,37.5625990140829,647.252999999997 -4.0267350156356,37.562635056182,646.441500000001 -4.02680592594918,37.5626610400929,646.026500000007 -4.02689494180733,37.5626590284586,646.0 -4.02696602010587,37.562635056182,646.133700000006 -4.02702502864024,37.5626149398293,647.378700000001 -4.0270989572932,37.5625980079089,647.685899999997 -4.02718797315131,37.5625869442661,648.104300000006 -4.02728805355881,37.5625820828709,648.552800000005 -4.02737304586279,37.5625829209934,649.999400000001 -4.02743205439716,37.5625899613644,650.0 -4.02749206904468,37.5625790650602,650.0 -4.02757404390761,37.5625899613644,649.4519 -4.02766104753949,37.5625949908108,649.412899999996 -4.02776095996203,37.5625949908108,649.065499999997 -4.0278179571685,37.5625970024469,649.0 -4.02787897703081,37.5626020311808,648.637900000002 -4.02794100300623,37.5626080660882,648.242800000007 -4.02800705253579,37.562619968562,648.034 -4.0280670671833,37.5626340500085,648.358099999998 -4.02812607571768,37.5626489702862,648.501000000004 -4.02817804325686,37.5626680811687,648.134699999995 -4.02823604657645,37.5626840061883,648.499299999996 -4.0282920376698,37.5627019435498,648.723299999998 -4.02835506975834,37.562705966816,648.006500000003 -4.02842095130297,37.5627200489584,648.0 -4.02847694239629,37.562736980139,648.0 -4.02858708034172,37.5627569291195,648.0 -4.02869503987256,37.562779057065,647.302899999995 -4.02875103096592,37.5627859300783,647.099000000002 -4.02880601594612,37.562802023836,647.0 -4.02889804924528,37.5628350480366,647.0 -4.02899594944159,37.5628709226825,646.526599999997 -4.02909100018181,37.5629049537345,646.0 -4.02917901082514,37.5629399895162,646.0 -4.02923399580537,37.5629710027417,646.0 -4.02929401045286,37.5629989981607,646.0 -4.02938403152579,37.5630340346102,646.210699999996 -4.02949199105663,37.563070077211,646.308900000004 -4.02958704179685,37.5630960609702,646.015700000004 -4.02969600654251,37.5631170153095,646.940400000007 -4.02975400896376,37.5631319354904,647.0 -4.02982106460646,37.5631500400824,647.131800000003 -4.02988107835565,37.5631679773317,647.070500000002 -4.02993606423419,37.5631869207427,647.013900000005 -4.02999507276859,37.5632010020821,647.424799999993 -4.03006196042634,37.5632169276999,648.110199999996 -4.03014393528927,37.5632410678395,648.0 -4.03023797991637,37.563267051539,648.0772 -4.03032699577448,37.5633049375938,649.0 -4.03040394186846,37.563348021075,649.121799999994 -4.03047200272595,37.5633959651616,649.876199999999 -4.03054995493305,37.5634489386061,650.071899999995 -4.03059605467682,37.5634809577819,650.896299999993 -4.03063092368289,37.5635210233887,651.147700000001 -4.03067803043805,37.5635570657539,651.530199999994 -4.03072094565412,37.5635929400521,652.016300000003 -4.0307859890706,37.563645075246,652.3554 -4.03085404992808,37.5636879904812,653.440700000006 -4.03091993147271,37.56372705053,654.4755 -4.03097592256607,37.5637510224552,655.0 -4.03103593721355,37.5637649363509,655.015599999999 -4.03111003295314,37.5637850531051,655.349400000006 -4.0311940200423,37.563805002517,655.184999999998 -4.0312860533415,37.5638390324303,656.0 -4.03136501076338,37.5638660227902,655.866099999999 -4.03142904896504,37.563901058832,656.083499999993 -4.03151102382797,37.5639389452765,655.984700000001 -4.03160506845507,37.5639820276789,656.394100000005 -4.03164999589737,37.5640120350279,656.926000000007 -4.0316969346676,37.5640420423647,657.0 -4.03174303441135,37.5640700380932,657.0 -4.03183305638261,37.5641320643026,657.327699999994 -4.03187396027075,37.5641739738166,658.0 -4.03194503856929,37.5642339883477,658.393100000001 -4.03201092011392,37.5642909850891,658.945000000007 -4.03206003819701,37.5643300448216,659.0 -4.0321019481983,37.5643659194597,659.610400000005 -4.03214905405516,37.5644039730034,660.0 -4.03218107270684,37.5644440388258,660.166899999997 -4.03223404635914,37.5644919829191,660.634399999995 -4.03230596368414,37.5645409331294,661.994600000005 -4.03235591989542,37.5645620558216,662.015799999994 -4.03241006674747,37.5645799927309,662.681100000002 -4.03250696172896,37.5646009480769,664.026500000007 -4.03259094791982,37.5646309551765,665.029800000004 -4.03266202621836,37.5646780610506,665.414099999995 -4.0327250583069,37.564751989599,665.262900000002 -4.03276696830818,37.5647860197917,666.010399999999 -4.03281893584737,37.5648220622569,666.0 -4.03286704781735,37.5648609543765,666.7022 -4.03292806857799,37.5648949852315,667.0 -4.03298506488613,37.5649270037858,667.084199999998 -4.03309000697591,37.5649699189946,668.0 -4.03317902193573,37.5650119960835,668.004199999996 -4.03327105523493,37.5650460268695,667.934500000003 -4.0333749912116,37.5650889420097,668.802800000005 -4.03343500585912,37.5651100645466,669.340100000001 -4.03349602572143,37.5651249843284,669.683099999995 -4.03358604769266,37.5651519742224,669.563299999994 -4.03367003388352,37.565168067469,669.270300000004 -4.0337389337675,37.5651749402619,668.868799999997 -4.03381705306122,37.5651759464011,669.0 -4.03388997560107,37.5651739348347,669.0 -4.03400095167463,37.5651890219376,670.202099999995 -4.03407102475835,37.5652079648347,669.964600000007 -4.03413204462065,37.5652270757728,670.090400000001 -4.0341860243861,37.5652470247985,670.525200000004 -4.03424302159254,37.5652669738189,670.964300000007 -4.03430102401383,37.565286922834,671.123500000002 -4.03436405610237,37.5653040214768,671.0 -4.03442893153385,37.5653169296573,671.247199999998 -4.03449598717655,37.5653229650568,671.890799999994 -4.03456907680302,37.5653320174432,671.4856 -4.03464501768218,37.5653420752533,671.938500000004 -4.03472296899098,37.5653479426054,672.021699999998 -4.03479807084369,37.5653519664408,672.972800000003 -4.03486998727039,37.5653459310436,672.852899999998 -4.03494106646722,37.5653360405674,673.0052 -4.0350099654529,37.5653149180947,673.422099999996 -4.03507802631039,37.5652800493393,673.872399999993 -4.03513401740374,37.5652460186603,674.301099999997 -4.035192019825,37.5652160118084,674.502699999997 -4.03525304058563,37.5651930450695,675.0 -4.03531305523312,37.5651769518283,675.617499999993 -4.03537306898231,37.5651739348347,676.091 -4.03543492787107,37.5651799695338,676.834000000003 -4.03550097740066,37.5651880165106,677.934099999999 -4.03557306181231,37.5651900280766,678.206900000005 -4.03563994947006,37.5651970689133,679.232399999994 -4.0356969457782,37.5652119886777,679.4568 -4.03575897175362,37.5652240580692,680.648799999995 -4.03584698239698,37.5652609391269,680.152700000006 -4.03592292237781,37.5652969806502,679.649799999999 -4.03601797311803,37.5653420752533,678.971900000004 -4.0360689345441,37.565371077342,678.722800000003 -4.03617605594678,37.5654170099909,678.135299999994 -4.03623892005036,37.565438970525,678.183900000004 -4.03629792858476,37.565456069133,677.629400000005 -4.03635995456018,37.5654750126743,677.9709 -4.03642499797665,37.565488926248,677.328599999993 -4.03649205361932,37.5654969731914,677.330700000006 -4.03655793516395,37.5655090432488,677.0 -4.03663706057083,37.5655249690852,677.339500000002 -4.03670495344336,37.5655469295875,676.594800000006 -4.03677100297295,37.5655730805278,676.191500000001 -4.03683805861565,37.565602920615,676.0 -4.03690092271923,37.5656309157569,676.255499999999 -4.03696395480776,37.565662934707,675.635899999994 -4.03702899822424,37.5657080298006,675.511400000003 -4.03709907040966,37.5657430656882,675.096699999995 -4.03716998162154,37.5657819580389,675.0 -4.03724005470529,37.5658169938917,674.884099999996 -4.03731096501887,37.5658560542483,674.259000000005 -4.03737500322053,37.5658899166044,674.411699999997 -4.0374340117549,37.5659189184797,674.160999999993 -4.03749402640242,37.5659460754182,674.032399999996 -4.03755605237784,37.5659730650148,674.0 -4.03761807835326,37.5659950260971,674.0 -4.03767608077451,37.5660079341577,674.089099999997 -4.03778806296122,37.5660230210916,674.445800000001 -4.03784606628077,37.5660270448906,674.614700000006 -4.03790406870206,37.5660339176042,675.0 -4.03798302612394,37.5660530283305,675.694099999993 -4.03807405420832,37.5660689540506,676.520799999998 -4.03816793085046,37.5660949381879,677.115699999995 -4.03827002258586,37.5661180719805,678.0 -4.03836406811129,37.5661609872151,679.267399999997 -4.03841201209631,37.5661869713203,680.107900000003 -4.03844805430212,37.5662330722216,681.031600000002 -4.03850002184131,37.5662570440525,681.921100000007 -4.03858400893051,37.5663039829911,683.038499999995 -4.03865307590111,37.5663509211881,683.997499999998 -4.03871694611781,37.5664010450547,685.465299999996 -4.03879707673946,37.5664439608384,686.997399999993 -4.03888408126968,37.5664830201542,687.9663 -4.03897007968677,37.5665309650713,689.106799999994 -4.0390520545497,37.5665829323025,690.475699999995 -4.03911106308411,37.5666189746103,691.050300000003 -4.03916202451018,37.5666590399535,691.041400000002 -4.03921499816248,37.5666920645804,690.904699999999 -4.0392709892558,37.5667299510295,690.297900000005 -4.03933402134437,37.5667859425918,689.5098 -4.03937391911939,37.5668709349047,689.209000000003 -4.03938900722291,37.5669160292671,688.814199999993 -4.03939504210498,37.5669679969416,688.720400000006 -4.03941700232042,37.567023988325,688.346300000005 -4.03943493988,37.5670690825947,688.040500000003 -4.03944801575728,37.5671210508745,688.1348 -4.03950702429165,37.5671800590554,689.362099999998 -4.03959704536462,37.5672290096354,689.801800000001 -4.03966007745315,37.5672469466145,689.996799999994 -4.03972797122402,37.5672590171004,690.228700000007 -4.0397799387632,37.5672850008226,690.000199999995 -4.03986006938486,37.5672880184427,690.920299999998 -4.03992293438674,37.5672940529705,691.066500000001 -4.03999200045904,37.567290029952,690.997600000002 -4.04006592911197,37.5672880184427,691.0 -4.04013197864156,37.5672839947118,691.193199999994 -4.04021898317177,37.5672759479615,691.722599999994 -4.04028100914719,37.5672749425627,691.957699999999 -4.04035795524117,37.5672519757465,692.265299999999 -4.04046306351933,37.5672179452563,692.565900000001 -4.04052793984914,37.5672000082701,693.120800000004 -4.04059298326561,37.5671879384867,693.3848 -4.04066003890828,37.5671790536552,694.0 -4.04072508232475,37.5671740245183,694.0 -4.04078794642833,37.5671740245183,694.475999999995 -4.04085500207103,37.5671760360307,695.009900000005 -4.04091903937439,37.5671720130058,695.619300000006 -4.04097804790876,37.5671760360307,696.123699999996 -4.04108500132648,37.5671889438867,696.964300000007 -4.04114400986089,37.567201014382,697.355100000001 -4.04124207804212,37.5672310211463,698.925900000002 -4.04133696079738,37.567272931053,699.441300000006 -4.04139094056279,37.5672999208808,700.265400000004 -4.04144005864592,37.5673270780279,700.228300000002 -4.04149604973924,37.5673569174125,700.904899999994 -4.04155304694571,37.5673840745388,701.834799999997 -4.04161607813595,37.5674140819414,702.497799999997 -4.04167005790137,37.5674420778267,703.799299999999 -4.04172906643574,37.5674590093582,704.1296 -4.04178002876011,37.5674809700024,704.813599999994 -4.04183400762723,37.5674970627459,705.054799999998 -4.04192503571161,37.5675299196727,706.065900000001 -4.04198203201975,37.5675490307271,706.127299999993 -4.04206903654996,37.5675699852379,707.0 -4.04217900740874,37.5675959695636,707.207399999999 -4.04229400703646,37.5676269822749,707.0 -4.04235301557083,37.5676449198703,707.0 -4.04241504154625,37.5676600071847,707.0 -4.04247706752168,37.5676789501655,707.0 -4.04253205250191,37.5676990665748,707.0 -4.04264101724757,37.5677339356219,707.0 -4.04269801445401,37.5677500290227,707.0 -4.04275702298841,37.5677679658764,707.0 -4.04286598773407,37.5678019968275,707.0 -4.04297394636658,37.5678420622464,707.0 -4.04308391722535,37.5678769305145,707.487800000003 -4.0431360527495,37.5679000644656,707.251999999993 -4.04322892417682,37.5679480091827,708.169999999998 -4.04328206581408,37.5679699696828,708.224600000001 -4.0433360446812,37.5679969592581,708.120899999994 -4.04338801311869,37.5680150648039,708.0 -4.04344299809892,37.5680309901045,708.108200000002 -4.04350301274644,37.5680450719522,708.184599999993 -4.04357107360393,37.5680529505801,708.0 -4.04364097870269,37.5680519451917,707.0 -4.04370702823228,37.5680529505801,707.0 -4.04377693333108,37.5680509390914,707.0 -4.04383795319338,37.5680589857579,706.906199999998 -4.04389595651297,37.5680450719522,706.4997 -4.04396804092462,37.5680450719522,706.101500000004 -4.04405806199756,37.5680529505801,705.283800000005 -4.044151939538,37.5680609972464,705.086800000005 -4.04424900160614,37.5680759171493,705.067999999999 -4.04434304713154,37.5680889928886,704.428100000005 -4.04442803943552,37.5681059242731,703.1391 -4.04450599074429,37.5681330818384,703.262499999997 -4.04457505771493,37.5681580598687,702.227899999998 -4.04466005001891,37.5681840439893,702.018400000001 -4.04475208331807,37.5682090220025,701.383799999996 -4.04484093208956,37.5682309824257,700.049499999994 -4.04493598282977,37.5682569665208,699.140499999994 -4.04503991790815,37.5682819445096,697.355500000005 -4.04509607698646,37.5682909965364,697.0 -4.04515793587522,37.5683030668531,696.2601 -4.04522197317858,37.5683109454536,696.0 -4.045283999154,37.5683199981889,695.150599999994 -4.04538793513067,37.5683260333452,694.195800000001 -4.0454759448757,37.5683210042856,693.704899999997 -4.04555708161047,37.5683129576473,693.046700000006 -4.04562195794029,37.568297031695,692.474600000001 -4.04570007723404,37.5682899911512,691.681200000006 -4.0457699823328,37.5683020607561,690.680600000007 -4.0458479336416,37.5683260333452,690.009999999995 -4.04591096573014,37.568345982253,690.0 -4.04599394670618,37.5683659311555,690.041400000002 -4.04610592889286,37.5683699541159,690.701499999996 -4.04622495207475,37.5683610694254,691.0 -4.04629502426017,37.5683580518487,691.750199999995 -4.04636291803103,37.5683560403683,692.0 -4.04643097888856,37.5683649250594,692.104999999996 -4.04649903974605,37.5683790068439,692.430900000007 -4.04656492129068,37.5683929205873,692.893299999996 -4.04662996560544,37.5684070023666,693.077900000004 -4.04670406134503,37.5684239336788,693.468200000003 -4.0467800013259,37.5684380154523,693.511899999998 -4.04685895874778,37.5684579643302,693.253800000006 -4.04693992839592,37.5684809307745,693.779299999995 -4.04702207034548,37.5685010469672,694.0 -4.04710505132156,37.5685199904461,694.0 -4.04717897997449,37.5685429568713,694.0 -4.04725592606847,37.5685620676658,694.0 -4.04733203313596,37.5685860394592,693.942999999999 -4.04741803155306,37.5686080004831,693.288499999995 -4.04750402997015,37.5686279493155,693.152700000006 -4.04758801705932,37.5686470600882,693.251199999999 -4.04767200325018,37.5686680150021,693.074800000002 -4.04775196678521,37.5686839401631,693.238299999997 -4.04783595387437,37.5687060684842,692.058900000004 -4.04792396361937,37.5687199828784,692.277600000001 -4.04801499080546,37.5687280294728,692.0 -4.04810300055045,37.568745966803,691.423699999999 -4.04818698763965,37.5687610538943,691.2408 -4.04827700961088,37.5687739621877,691.155599999998 -4.04836300802798,37.5687890492734,691.0 -4.04845302910091,37.5688029636521,691.040999999997 -4.04853902751801,37.56882207438,690.888999999996 -4.04862200849405,37.5688400116876,690.270499999999 -4.04869006935157,37.5688619719246,690.006699999998 -4.04875997445034,37.5688740421488,690.0 -4.04881998909786,37.5688849382444,690.0 -4.04890699272974,37.5689179633084,690.0 -4.04897002481828,37.5689399235225,690.0 -4.04902501069681,37.5689729485622,690.013300000006 -4.04911302044184,37.5690110026004,689.987200000003 -4.04916699930897,37.5690339688742,690.0 -4.04923891663396,37.5690569351409,690.0 -4.04929993649627,37.5690810748121,690.0 -4.04936799735379,37.5690990120573,690.0 -4.04944008176544,37.5691260019355,690.0 -4.04950696942319,37.5691560093484,690.0 -4.04956195530172,37.5691860167491,690.0 -4.04964393016465,37.569225076051,690.209400000007 -4.04969707090358,37.5692450247181,690.277700000006 -4.04976194723343,37.5692710091715,690.156900000002 -4.04983302553197,37.5692979982754,690.447499999995 -4.0499230475032,37.5693439313509,690.182799999995 -4.04997501504239,37.5693709211403,689.568599999999 -4.05003000092092,37.5694059574411,689.438899999994 -4.05008699722909,37.5694399883557,689.680800000002 -4.05015103543075,37.5694679834796,689.559699999998 -4.05021792308849,37.569502014366,689.252299999993 -4.05028397261808,37.5695370506051,689.023300000001 -4.05035102736245,37.5695710807478,689.0 -4.05041707689204,37.5696039381838,689.0 -4.05048094710873,37.5696399804539,689.112599999993 -4.05055001407934,37.5696770280729,689.011599999998 -4.05061991917814,37.5697100527857,688.808799999999 -4.05068697392251,37.5697439155259,688.981799999994 -4.05076392001649,37.5697779462862,688.923200000005 -4.05083801575608,37.5698079534364,688.306400000001 -4.05091898540419,37.5698500306405,688.838699999993 -4.0509979428261,37.5698879169074,689.202900000004 -4.05107807344776,37.5699189300885,689.104099999997 -4.05115602565485,37.5699499432566,689.142099999997 -4.05123196563572,37.5699799503375,688.698099999994 -4.05130807270321,37.5700079459705,688.583199999994 -4.05137093770512,37.5700329240841,688.174199999994 -4.05142994623949,37.5700619250584,687.978799999997 -4.05149197221491,37.5700890826225,688.299299999999 -4.05155299207722,37.5701170782143,688.0 -4.05161602416575,37.5701499354094,688.479900000006 -4.05167603881327,37.5701779309784,688.4424 -4.05173202990659,37.5702069318962,688.039000000004 -4.05178701488683,37.5702349274439,688.4283 -4.05184200076537,37.5702619176225,688.183099999995 -4.05188994475039,37.5702979595742,688.063999999998 -4.05196605271621,37.5703519391639,688.299400000004 -4.05200595049126,37.5704010571175,688.319199999998 -4.05204903369229,37.5704510130728,688.5815 -4.05210301255938,37.5704729735468,688.130799999999 -4.05214391644751,37.5705100221756,688.0 -4.05219404064376,37.5705650069661,688.066699999996 -4.05223594974671,37.5706389353679,688.533800000005 -4.05228892339901,37.5707019671563,688.215100000001 -4.05234307025106,37.5707539350375,688.543300000005 -4.05240593435464,37.5708240077454,688.737599999993 -4.05246494378734,37.5708949191283,689.278399999996 -4.05250098599319,37.570935990369,689.216700000004 -4.0525430630811,37.5709780676478,688.779800000004 -4.05258497218405,37.5710219882787,689.0334 -4.05262202050298,37.5710689270626,689.111999999994 -4.05266594183216,37.5711110042664,689.093599999993 -4.05270298925279,37.5711589490526,689.240300000005 -4.05273098524864,37.5712070611283,689.221799999999 -4.05276300390031,37.5712529937385,689.0 -4.05279904610612,37.5713039558907,689.0 -4.05283005864469,37.5713599468627,689.0 -4.05286693987698,37.5714129203398,689.0 -4.05289895852866,37.5714660618109,689.0 -4.05292795973929,37.5715119942613,689.0 -4.05295997839097,37.5715649683422,689.401500000007 -4.05297992727848,37.5716149242288,689.964200000002 -4.05300691716121,37.5716640420614,690.281400000007 -4.05302803924846,37.5717170160342,690.891000000003 -4.053047988136,37.5717639543801,691.0 -4.05306592569558,37.5718449239362,692.294999999998 -4.05308302512702,37.5719089614643,692.357300000003 -4.05308805389598,37.5719870807517,692.925300000003 -4.05309006612221,37.572061009166,693.092099999994 -4.05309308356326,37.5721379549305,694.058000000005 -4.05309693913243,37.5722130565573,694.001600000003 -4.05309995657348,37.5722990551283,693.993400000007 -4.0531009617883,37.5723439824466,693.978600000002 -4.0530949269062,37.5723949438524,694.089300000007 -4.05309207745014,37.5724420505125,694.151400000002 -4.05308604256804,37.5724970360125,694.271599999993 -4.05308403034181,37.5725479980255,694.319799999997 -4.05307699024493,37.5726009713695,694.457399999999 -4.05307095536286,37.5726859641669,695.410600000003 -4.05307598413181,37.5727620712778,695.0 -4.05308604256804,37.5728200746495,695.097500000003 -4.05310599145555,37.572894002949,695.017999999996 -4.05314102754828,37.5729729599207,695.814299999998 -4.05314706243035,37.5730309631282,696.0 -4.05315896510786,37.5730839368406,696.019 -4.05317405231307,37.5731290310014,696.0 -4.05318193143642,37.5731789872628,696.260200000004 -4.05320405963682,37.5732690088382,697.099400000006 -4.05321696752915,37.5733139362833,697.162500000006 -4.05322300241121,37.5733650657647,697.466 -4.05322601985226,37.5734170332116,698.028200000001 -4.05323507307368,37.5734710126766,698.0 -4.05324395741184,37.5735270041554,698.735000000001 -4.05325200452017,37.5735779661755,699.0 -4.05325803940224,37.5736309394989,699.156799999997 -4.05326306817119,37.5736810634503,699.439599999998 -4.05326792985351,37.5737290080059,699.847699999998 -4.05329894239207,37.5738140002279,700.313899999994 -4.05334504303415,37.5738939636697,701.007100000003 -4.05335895703956,37.5739469374803,701.460600000006 -4.05340002891269,37.5740260627855,702.010599999994 -4.05341796557397,37.5740760184451,702.0 -4.05343405889227,37.5741209454034,702.112099999998 -4.05345803133394,37.5742159966379,703.171499999997 -4.05348200377562,37.5742619295282,703.0 -4.05349591778106,37.5743100417352,703.406499999997 -4.0535140224273,37.5743599979163,703.884999999995 -4.05352793643274,37.5744129713953,704.056200000006 -4.05353900008376,37.5744619214936,704.239400000006 -4.05357202484855,37.5744999755753,704.406099999993 -4.05358392752606,37.5745440642898,704.642999999996 -4.05360303828541,37.5745889909657,705.338799999998 -4.05363807437814,37.5746669429772,705.514299999995 -4.05365098227047,37.5747450622195,706.941999999995 -4.05369708291251,37.5748179847349,706.887499999997 -4.05372105535418,37.5748610679647,707.336500000005 -4.05375592436025,37.5749380136841,708.502099999998 -4.05379297178088,37.5750060747142,709.169099999999 -4.05384091666424,37.5750719563594,709.555600000007 -4.05390294263966,37.5751359939604,710.158899999995 -4.05395792761989,37.5752099228086,709.525999999998 -4.05401693615426,37.5752719489973,709.389200000005 -4.05406706035047,37.5753339744223,709.165599999993 -4.05412104011593,37.5754070650958,708.684200000003 -4.05416294921885,37.5754719410981,708.982099999994 -4.05419597398364,37.5755160299492,708.420100000003 -4.05422598130742,37.5755639740354,708.231599999999 -4.05425900607218,37.5756249946431,708.334000000003 -4.05429102472386,37.5756729386592,707.921000000002 -4.05433393993993,37.5757309418996,708.148400000005 -4.05439797814158,37.5757990029169,708.561600000001 -4.054468050327,37.5758600233319,708.0046 -4.05453007630242,37.5759250662493,708.083499999993 -4.05456293398059,37.5759699935159,708.493499999997 -4.05460299884227,37.5760239732663,708.358099999998 -4.0546400471612,37.5760719177375,708.531499999997 -4.05468597981832,37.5761260647232,707.992299999998 -4.05474297702479,37.5762009985788,708.557400000005 -4.05478203667165,37.5762430757307,708.819399999993 -4.05481305010851,37.57628498555,708.858099999998 -4.05484708008812,37.5763220334233,709.081200000001 -4.05487406997081,37.5763669604505,709.440900000001 -4.05490407729456,37.5764100434961,709.828999999998 -4.05493894630062,37.5764459180117,710.208499999993 -4.05497197106542,37.5764859837643,710.906799999997 -4.05500600104503,37.5765310780008,710.370899999994 -4.05508093491274,37.5765919305078,709.812300000005 -4.05512502422689,37.5766279729558,709.704700000002 -4.05516391588883,37.5766630094024,709.588300000003 -4.05520699908985,37.5766980458324,709.643100000001 -4.05526500151111,37.5767300642966,709.313200000004 -4.05531797516341,37.5767759970601,709.500400000004 -4.05536793137466,37.576812039419,710.310100000002 -4.05541906168402,37.5768410406012,710.113200000007 -4.05547706410528,37.576870042484,709.420400000003 -4.05553506652653,37.5769010556054,709.715800000005 -4.05558703496405,37.576928044792,709.322199999995 -4.05563799639012,37.5769590578892,709.133900000001 -4.05569197615554,37.5769900709734,708.897299999997 -4.05575098468991,37.5770170608397,708.576799999995 -4.05579607921888,37.5770529357749,709.024900000004 -4.05588207763597,37.5770960184236,707.759699999995 -4.05594393652473,37.5771389337404,708.293999999994 -4.05599405982264,37.5771689407726,707.806500000006 -4.05603094015665,37.5772039776765,708.024699999994 -4.05608693125,37.5772519220999,708.145999999993 -4.05614191623021,37.5772929933944,708.129300000001 -4.05621198931396,37.5773300414781,707.520600000003 -4.05628893540794,37.5773799970572,707.088199999998 -4.05635397882438,37.5774249241579,707.082800000004 -4.05640091759461,37.5774569430214,706.993499999997 -4.05647199589315,37.5775099171452,707.014999999999 -4.0565020032169,37.5775600406215,708.027100000007 -4.05653905153586,37.5775940713699,707.953899999993 -4.05657693708464,37.5776339691989,707.978499999997 -4.05662404383984,37.5776770522234,708.058300000004 -4.05665706860463,37.5777199672054,708.0 -4.05667902882004,37.5777650621185,708.092000000004 -4.0567080300307,37.577812000924,708.5677 -4.05672898503133,37.5778549158282,708.9899 -4.05676200979612,37.5778959875021,709.0 -4.05679604067403,37.5779459434133,709.161399999997 -4.05684800821322,37.577995061342,709.172200000001 -4.05689796442447,37.5780490410482,710.041700000002 -4.05694607639445,37.5780969856393,710.134699999995 -4.05698798639574,37.5781439242356,710.0 -4.05703308092466,37.5781900241435,710.0 -4.05707297869968,37.5782339455046,710.115399999995 -4.05710902090553,37.5782709938321,710.0196 -4.05714204567032,37.5783219554534,710.105299999996 -4.05717791989118,37.5783700678849,710.226699999999 -4.0572129559839,37.5784099652981,710.230599999995 -4.05725704529805,37.57843997253,710.143599999996 -4.05733298527891,37.5785110510843,710.306899999996 -4.05737103881266,37.5785529610509,710.4424 -4.05740406357745,37.5785900085078,710.697100000005 -4.05744798490663,37.5786409706227,711.2353 -4.05749693500477,37.5786870709347,710.943199999994 -4.05755191998501,37.5787319979587,710.970100000006 -4.05760204418122,37.5787859778426,711.045800000007 -4.0576459655104,37.5788550448697,711.420400000003 -4.05768502515727,37.5789350078818,711.957999999999 -4.05772106736311,37.579011953663,712.073799999998 -4.057756941584,37.5790860495253,712.524999999994 -4.05777705845646,37.5791440529548,712.697700000004 -4.05779700734397,37.5791879737532,712.739799999996 -4.05782801988254,37.5792260275553,712.566200000001 -4.05784696355523,37.5792729661518,712.878800000006 -4.05785400455044,37.5793249344593,712.898700000005 -4.05786506820146,37.5793730462427,713.370500000005 -4.05788702931524,37.5794179735647,713.339300000007 -4.05790597208963,37.5794689351129,713.682199999996 -4.05791904796688,37.5795249263534,713.683999999994 -4.05793497330026,37.5795700208853,714.398799999995 -4.05795207273168,37.5796129362,714.107499999998 -4.0579790626144,37.5796870321762,714.405400000003 -4.05800404027086,37.5797579429509,714.271800000002 -4.05802901792736,37.5798169517984,714.413499999995 -4.05806103747733,37.5798850126405,715.259699999995 -4.05809104480108,37.5799609529243,715.465100000001 -4.05812205733964,37.5800360544926,716.084000000003 -4.05814904722233,37.5801140064972,716.786800000002 -4.05818207198713,37.5802000044869,717.432400000005 -4.05822599331631,37.5802779563199,718.222200000004 -4.05826404685009,37.580351046412,719.107600000003 -4.05830696206616,37.580405025834,718.698000000004 -4.05834903915404,37.5804660467459,719.294399999999 -4.05838793171427,37.5805439983003,719.927899999995 -4.05840905380156,37.5805889249157,720.285099999994 -4.05843604368425,37.5806320083662,720.499400000001 -4.05845297513074,37.5806769349286,720.888600000006 -4.05848499378242,37.5807230354038,720.694900000002 -4.05850796011098,37.580772991554,721.407300000006 -4.05853696132161,37.58081506897,721.078999999998 -4.0585619398764,37.5808599961338,721.498600000006 -4.0585860794047,37.5809059284853,722.026400000002 -4.05864693218035,37.5809820364499,721.850399999996 -4.05870107903243,37.5810609941006,722.498099999997 -4.05873192448433,37.5811030713538,722.846600000004 -4.05876193180811,37.5811479983438,722.5772 -4.05879294524497,37.5811900755479,723.090299999996 -4.05882496389664,37.5812299728738,723.129799999995 -4.05887307586662,37.5812779175523,723.389500000005 -4.05890794487269,37.5813300531817,723.923800000004 -4.05894499229332,37.5813790030043,724.019499999995 -4.05897902317123,37.5814299653459,724.424899999998 -4.05901607149019,37.5814799217337,724.614499999996 -4.0590440665877,37.5815300453851,725.2215 -4.05907692426583,37.5815699432407,725.4571 -4.05910894291751,37.581611014289,725.718999999997 -4.05914196768231,37.5816549357678,726.316399999996 -4.05917096889293,37.5816980186014,726.153699999995 -4.05919795877566,37.5817449570632,726.871499999994 -4.05922394254524,37.5817900516743,727.191000000006 -4.05925596119691,37.5818329671332,727.315799999997 -4.05928999207482,37.5818780616909,727.550399999993 -4.05932100461339,37.5819270118651,728.304699999993 -4.05935503549126,37.5819779738316,728.0 -4.05939493326632,37.5820279305636,728.850200000001 -4.05943198158524,37.5820760420242,728.969200000007 -4.05945997668275,37.5821259986903,729.141900000002 -4.05948696656548,37.5821769605206,729.705600000001 -4.05950892678092,37.582219037855,730.030199999994 -4.05954798642779,37.5822760343593,730.0 -4.05957899986464,37.582341078079,730.835500000001 -4.05962493252176,37.5824129950799,731.0 -4.05967907937384,37.5824999991669,732.0 -4.05970305181549,37.5825430822233,732.0 -4.05973205302615,37.5825890149602,732.367700000003 -4.059763066463,37.5826359535721,733.0 -4.05979491802802,37.5826820542581,733.147299999997 -4.0598269366797,37.5827279869093,733.470400000006 -4.0598619727724,37.5827670462276,734.0579 -4.05989097398306,37.5828129795381,734.246400000004 -4.05992399874785,37.5828560624134,734.395399999994 -4.05994897730261,37.5828999831577,735.0 -4.05997496107222,37.5829700558267,735.195099999997 -4.06000899195013,37.5830240354855,735.075899999996 -4.06003698704764,37.5830689627401,736.012000000002 -4.06006598825827,37.5831219364303,736.169899999994 -4.06010303657723,37.5831869801229,736.715100000001 -4.06015198667537,37.5832590643117,736.605500000005 -4.06020294899977,37.5833329929256,737.560200000007 -4.06023496765141,37.5833720519264,737.843399999998 -4.0602929700727,37.5834449745356,738.816999999995 -4.06034896116602,37.5835200768608,739.264899999995 -4.06039992349042,37.5836040634069,740.902799999996 -4.06045692069689,37.5836749740103,741.542000000001 -4.06051693444605,37.5837450466617,742.325599999996 -4.06054593655501,37.5837839388662,743.374299999996 -4.0605789613198,37.5838209872795,743.673599999995 -4.06064098729522,37.5838930715663,744.336899999995 -4.06071893860402,37.5839529178658,745.218699999998 -4.06079303434358,37.5840169556596,745.304699999993 -4.0608669629965,37.5840799875144,746.080400000006 -4.06094793264465,37.5841379906126,746.0 -4.06098498006528,37.5841740329672,746.0 -4.06107299070861,37.5842400823341,746.041299999997 -4.06112596436091,37.584273944874,745.258799999996 -4.06117893711492,37.5843079754013,745.238299999997 -4.06123492910657,37.584338988272,745.158200000005 -4.06128806984553,37.5843740246494,745.111199999999 -4.06134506705197,37.5844080551309,745.020799999998 -4.06139804070427,37.5844429241852,744.549899999998 -4.06145302568451,37.5844799722706,744.3361 -4.06150599933681,37.5845140027036,744.250599999999 -4.061557966876,37.5845500448761,743.912200000006 -4.06160993531352,37.5845820635231,743.731299999999 -4.06166492029373,37.5846149207427,743.0 -4.06172191750019,37.5846469393617,743.0 -4.06177606435224,37.5846799645546,742.846699999995 -4.06183306155871,37.5847119831456,742.0 -4.06188100554373,37.5847399789352,742.004499999995 -4.06195107862749,37.5847770268727,742.0 -4.06202500728041,37.5848219537812,741.808099999995 -4.06209407335272,37.5848710721568,741.0 -4.06216699589253,37.584925051149,741.0 -4.06223505764835,37.5849729955835,740.0 -4.06230596796193,37.5850309986978,739.577300000004 -4.06234703983506,37.585065028879,739.0 -4.06238995505113,37.5851000656265,739.0 -4.06243303825216,37.5851369460958,738.360000000001 -4.0624839996782,37.5851749997049,738.0 -4.06253093844843,37.5852140591629,737.650599999994 -4.06258005653153,37.5852539571798,737.0 -4.06263001274281,37.5852970400662,736.997199999998 -4.06267795672783,37.585339955639,736.087599999999 -4.06272305215509,37.585377003278,736.248000000007 -4.06276294993011,37.5854180750735,736.0 -4.06280100346389,37.5854549553853,735.9421 -4.06286403555243,37.5855260336493,735.0 -4.06291801441952,37.5855820246056,734.961500000005 -4.0629599244208,37.5856349986432,734.180999999997 -4.06299898406766,37.5856789198835,734.0 -4.06303904982764,37.5857109387567,733.697400000005 -4.06307894760269,37.5857489920723,733.0 -4.06311599502332,37.5857930812447,732.924700000003 -4.06316192857874,37.5858509164326,732.289399999994 -4.06321205187665,37.5859139481583,731.968200000003 -4.06325295576479,37.585967927818,732.090100000001 -4.06329704418063,37.5860239184419,731.325599999996 -4.06335605271501,37.5860790718775,731.159100000004 -4.06343098748105,37.5861280221368,731.0 -4.06350508322064,37.586159034961,730.685899999997 -4.06355604554501,37.5861880367736,729.793300000005 -4.06357800576045,37.5862470447957,730.0 -4.06355101587776,37.5863030359215,730.4951 -4.06359292587901,37.5863550035929,730.183999999994 -4.06363701429482,37.5864210531603,730.422000000006 -4.06369602282923,37.5864820734123,730.215599999996 -4.06378503868734,37.5865219714614,729.373699999996 -4.06384404722175,37.586529012417,729.0 -4.06392300464363,37.5865219714614,728.397299999997 -4.06399106639945,37.5865159363561,728.0 -4.06406901770824,37.5865030282907,728.0 -4.06414696991534,37.5864859295318,727.3125 -4.06422894477827,37.5864609512421,727.0 -4.06430706407199,37.5864329553879,726.828099999999 -4.0643799866118,37.586409989497,726.725200000001 -4.06446196147477,37.5863910462977,726.950899999996 -4.06454695377875,37.5863749526542,726.115900000004 -4.06464301063208,37.5863660679763,726.0 -4.06473504393125,37.5863570152991,726.0 -4.06483395024064,37.5863580211522,726.0 -4.06491793732983,37.5863729409485,726.0 -4.06501600551106,37.5863769643598,725.508499999996 -4.06511005013816,37.5863779702126,725.518200000006 -4.06520208343736,37.5863829994764,725.0 -4.06529294353675,37.5863920521504,725.0 -4.06538799427696,37.5864019426777,725.0 -4.06548203890406,37.5864269209872,724.572499999995 -4.06558496876762,37.5864520665744,724.0 -4.06567700206682,37.5864760383038,724.0 -4.06575294204768,37.5865050399928,724.0 -4.06581295669517,37.5865259948647,724.0 -4.06587095911642,37.5865489614316,724.0 -4.06592108331267,37.5865759506802,724.0 -4.06597891864726,37.5866059581801,723.779699999999 -4.0660580431558,37.5866299305717,723.0 -4.06612006913126,37.5866609431869,723.0 -4.06619299167107,37.5866869272581,723.0 -4.06626105342689,37.5867130786058,723.0 -4.06631603840709,37.5867370509629,722.194399999993 -4.06637202950045,37.5867539823787,722.0 -4.06647797680505,37.5867640408551,721.578099999999 -4.06653899666736,37.58676202916,721.0861 -4.0666139314334,37.5867680642453,720.941900000005 -4.06669003850093,37.5867799664175,720.0 -4.06678793959553,37.5867819781121,719.872700000007 -4.06689003133093,37.5867890190432,719.0 -4.06700201351761,37.5867900248904,718.094500000007 -4.0671069547091,37.5867940482792,717.357000000004 -4.06721591945475,37.5867950541263,717.0622 -4.0673290748412,37.5867970658206,716.499299999996 -4.06743904569998,37.5867970658206,715.555900000007 -4.06754398689147,37.5867970658206,715.0 -4.06764892898129,37.5867980716678,714.235100000005 -4.06775504337252,37.5867980716678,714.0 -4.06786099067713,37.5868069562941,713.0 -4.06796894930967,37.5868089679881,713.0 -4.06806601227612,37.5868139972228,712.2454 -4.06816592469866,37.5868220432857,712.0 -4.06827002776199,37.5868369637009,711.240999999995 -4.0683759750666,37.5868589236137,710.850099999996 -4.06847907201678,37.5868860814587,710.017099999997 -4.06857395567037,37.5869120654513,710.023700000005 -4.06866800029747,37.5869449223543,709.0 -4.06876305103768,37.5869789530842,709.026599999997 -4.06884200845956,37.5870089597098,708.176800000001 -4.06891392578459,37.5870389670351,708.0 -4.06898098052896,37.5870719918785,707.220499999996 -4.06903998906337,37.5871080342362,707.190100000007 -4.06909296271567,37.5871390473641,707.106799999994 -4.06914006947083,37.587177939219,706.550099999993 -4.06920092224651,37.5872220282569,706.468800000002 -4.06931139526353,37.5871522906,705.406199999998 -4.06946143098395,37.587065454252,703.0 -4.06956855238663,37.586999739826,701.826700000005 -4.06967164933684,37.5869474366112,701.0 -4.06978312846698,37.5868850756128,699.0 -4.06987750906399,37.5868329403144,698.0 -4.07001480487707,37.5867668904006,698.0 -4.07007046000051,37.5867355425469,698.0 -4.07016584671064,37.5867588443318,698.0 -4.07028721629202,37.5867989095177,697.0 -4.0704473104487,37.5868148350726,697.0 -4.07062048048264,37.5868543976612,696.0 -4.07082382582531,37.5868870873046,695.0236 -4.07096665346392,37.5869098857633,694.115900000004 -4.07111668918434,37.5869419048189,693.361699999994 -4.07123789167912,37.5869579983399,693.0 -4.07136345279966,37.5869843168771,692.0 -4.07145850353984,37.5869972255709,691.452799999999 -4.07159294899853,37.5870339378156,690.656900000002 -4.0717983056691,37.587047684348,689.613599999997 -4.07193476335403,37.5870790327821,689.0 -4.07209284618278,37.587117086822,687.768700000001 -4.07225511965236,37.5871449144225,687.0 -4.0724475684306,37.5871724074439,686.0 -4.07258821675632,37.5872004030199,685.0 -4.07274177297437,37.5872248777849,684.0 -4.07292148094694,37.5872696373555,683.688200000004 -4.07314410413559,37.5872936095334,682.763099999996 -4.07332817073396,37.5873348482673,682.0 -4.07347736922455,37.5873490973081,681.0 -4.07362673390347,37.587373572736,681.0 -4.07384097581053,37.5874146441418,681.0 -4.07408556011292,37.5874589003232,680.0 -4.07429963313669,37.5874897460212,680.036500000002 -4.07452678293608,37.5875272965766,679.0 -4.07475845844785,37.5875717206864,679.0 -4.07501159201682,37.5876159774863,678.0 -4.07527780146307,37.5876600662648,677.190100000007 -4.07554401090932,37.5877041550172,677.0 -4.07583184549939,37.5877514292411,676.0 -4.0761413052333,37.5878020555017,675.0 -4.07645512359295,37.5878593879919,674.0 -4.07674279019808,37.5878999565694,674.0 -4.07703045770153,37.5879405244129,673.0 -4.07731812430665,37.5879810929462,673.0 -4.07761450816327,37.5880250142258,672.0 -4.0779239687955,37.5880756410123,671.0 -4.07826812955052,37.5881465516271,670.0 -4.07840860989128,37.5881574484619,670.0 -4.07845806304599,37.5881450432396,669.145000000004 -4.07848974662605,37.5880848607627,669.0 -4.07853014745764,37.5880417780662,669.0 -4.07859250940298,37.5880225000054,669.0 -4.07867247203968,37.5880338994176,669.0 -4.07871438204096,37.5881071570076,669.0 -4.07873047535926,37.5881805825194,669.0 -4.07878294595503,37.5882860271481,668.444199999998 -4.0785376915094,37.5891698149722,672.0 -4.0786605702605,37.5892009952327,672.0 -4.0790419464211,37.5890455949285,674.966499999995 -4.07939096885844,37.5889994946242,675.0 -4.07967410975115,37.5889279128527,675.0 -4.07982632478446,37.5888575048242,674.0 -4.08010963366213,37.5888033578437,673.0 -4.08036058791824,37.5887668130407,671.311000000002 -4.08063920220024,37.5887602748512,670.0 -4.08093843641125,37.5887039481645,668.0 -4.08112568753729,37.5887988312976,668.468099999998 -4.08131964548523,37.5889649608414,669.0 -4.08162239929553,37.5891768556773,669.0 -4.08194526997834,37.5894276420132,668.956999999995 -4.08225825020984,37.5896707170193,668.562399999995 -4.08253217079447,37.589945308584,669.394700000004 -4.08290399247374,37.5901801689228,668.0 -4.08332442828121,37.5903600448631,670.654999999999 -4.08391233521049,37.5905618813246,671.452300000004 -4.084206037596,37.5908363044606,665.336599999995 -4.08449923602665,37.5910795478363,660.763699999996 -4.08471934483082,37.5909725945642,658.870699999999 -4.08493073638346,37.5909670623592,659.081099999996 -4.08590521622726,37.5910138333952,654.592399999994 -4.08621534700269,37.5910309325375,654.0 -4.08644232881712,37.5908597736614,653.040999999997 -4.08638684078034,37.5906247453434,650.494200000001 -4.08638885210825,37.5903246731895,647.472200000004 -4.08631006267132,37.590080592381,644.967199999999 -4.08624233688542,37.5897902429672,642.887600000002 -4.0862560829059,37.589499223304,640.205100000006 -4.08646780953016,37.5891882549128,641.216700000004 -4.08681985030685,37.5889222132153,640.366399999999 -4.08679939836276,37.5886868491994,632.146900000007 -4.08667333418569,37.5883877828883,628.0677 -4.08653654142918,37.5881626448876,627.226200000005 -4.08646898362823,37.5878815163096,626.0 -4.08666042629336,37.5878107727253,624.744000000006</coordinates>
</LineString>
</Placemark>
</Folder>
</Document></kml>
