<?xml version="1.0" encoding="UTF-8"?>

<kml xmlns:xsd="http://www.w3.org/2001/XMLSchema" xmlns:gx="http://www.google.com/kml/ext/2.2" xmlns:atom="http://www.w3.org/2005/Atom" xmlns="http://www.opengis.net/kml/2.2">
<Document>
<name>ES10c_01a_granada-pinos_puente</name>
<visibility>1</visibility>
<Schema name="ES10c_01a_granada-pinos_puente" id="kml_schema_ft_ES10c_01a_granada-pinos_puente">
<SimpleField type="xsd:string" name="id">
<displayName>id</displayName>
</SimpleField>
<SimpleField type="xsd:string" name="nombre">
<displayName>nombre</displayName>
</SimpleField>
<SimpleField type="xsd:double" name="longitud">
<displayName>longitud</displayName>
</SimpleField>
<SimpleField type="xsd:string" name="_formato">
<displayName>_formato</displayName>
</SimpleField>
</Schema>
<Folder id="kml_ft_ES10c_01a_granada-pinos_puente">
<name>ES10c_01a_granada-pinos_puente</name>
<Placemark id="kml_1">
<name>&lt;img height='20' src='https://nco.ign.es/iconos/icono_todos_caminos_azul.png' /&gt;&lt;img height='20' src='https://nco.ign.es/iconos/Camino Santiago_20.png' /&gt;&lt;img height='20' src='https://nco.ign.es/iconos/icono_todos_caminos_azul.png' /&gt;  Camino de Santiago </name>
<visibility>1</visibility>
<description><![CDATA[<!DOCTYPE html>
<html>
<head>
<style>
#nco {
  border-collapse: collapse;
  overflow:hidden;
}
#nco th, #nco td {
  padding: 4px;
  text-align: left;
}
#nco th {
  color: #364B5F;
  padding-right: 5px;
}
#nco td {
  color: rgb(51, 51, 51);
  font-size: 12px;
  padding-right: 5px;
}
</style>
</head>
<body>
<table id="nco">
<tr>
<td>Caminos Andaluces</td>
</tr>
<tr>
<th><b>Camino: </b></th>
<td>ES10c Camino Mozárabe de Granada</td>
</tr>
<tr>
<th><b>Etapa: </b></th>
<td>01a Granada-Pinos Puente</td>
</tr>
<tr>
<th><b>Longitud: </b></th>
<td>19.97 km</td>
</tr>
</table>
</body>
</html>]]></description>
<Style>
<IconStyle>
<scale>0.8</scale>
</IconStyle>
<LabelStyle>
<color>ffffffff</color>
<scale>0.75</scale>
</LabelStyle>
<LineStyle>
<color>ffff0000</color>
<width>3.0</width>
<gx:labelVisibility>1</gx:labelVisibility>
</LineStyle>
<PolyStyle>
<color>66ff0000</color>
</PolyStyle>
</Style>
<ExtendedData>
<SchemaData schemaUrl="#kml_schema_ft_ES10c_01a_granada-pinos_puente">
<SimpleData name="id">ES10c_01a</SimpleData>
<SimpleData name="_formato">kml</SimpleData>
</SchemaData>
</ExtendedData>
<LineString>
<extrude>0</extrude>
<tessellate>1</tessellate>
<coordinates>-3.59401004396416,37.171642072208,686.220700000005 -3.59401993441543,37.1716880046032,686.758700000006 -3.59404994173918,37.1717230410186,686.5236 -3.59408095517604,37.1717659562569,686.471799999999 -3.59410593283253,37.1718130624922,686.784700000004 -3.59414298115146,37.1718450817451,686.888600000006 -3.59417499980314,37.1718950375363,686.210500000001 -3.59420701845481,37.17194398831,686.0 -3.59424104933272,37.1719979675496,686.0 -3.594250939784,37.1720450736404,686.0 -3.59426904443023,37.1720960357133,686.0 -3.59429100554398,37.1721570561579,686.0 -3.59430106398021,37.1722100295486,686.0 -3.5943179954267,37.1722509331181,686.0 -3.59432403030877,37.1723099420469,686.0 -3.5943449844111,37.1723550365537,686.0 -3.59436392808382,37.1724090162154,686.0 -3.59438303884317,37.1724619894296,686.0 -3.59439292929445,37.1725300508575,686.256699999998 -3.59435101929317,37.1725540228386,686.998099999997 -3.59431698931358,37.1725709542537,686.963099999994 -3.59428899331774,37.172582018295,687.0 -3.59423400833754,37.1726090080496,687.428199999995 -3.59418991992169,37.1726279515504,687.544299999994 -3.59412705491978,37.1726619818394,688.263000000006 -3.59407793773502,37.1726909836618,688.500599999999 -3.59410593283253,37.1727459687731,689.731700000004 -3.59412806103293,37.1727969303733,687.440900000001 -3.59415203347458,37.1728510779306,687.942599999995 -3.59418002857212,37.172893993244,688.0 -3.59420198968586,37.172939925594,688.550000000003 -3.59422596212754,37.1729650713427,689.325400000002 -3.59425697466607,37.1729930673625,689.247499999998 -3.59430994831837,37.173026929992,688.045499999993 -3.59436007251461,37.1730569373598,687.170800000007 -3.59440801649963,37.1730899617706,687.0 -3.5944509317157,37.1731320387587,687.0 -3.59449602624467,37.1731689198093,687.0 -3.59452402224047,37.1731989264049,687.0 -3.59454598245592,37.1732269223381,687.0 -3.5945699548976,37.1732609530731,687.0 -3.5946370105403,37.1732579353092,687.0 -3.5946919955205,37.1732289337043,686.339900000006 -3.59474899272697,37.1732109967534,686.0 -3.5948229204816,37.173217031569,686.0 -3.59487907955992,37.1732240720674,686.0 -3.59490992501182,37.1732289337043,686.0 -3.59493406454012,37.1732500566256,686.0 -3.59497396231514,37.173283080952,686.0 -3.59498301553659,37.173330019463,686.0 -3.59502391852643,37.1733650558328,686.0 -3.59506800784057,37.1734039481313,686.0 -3.59511494661081,37.1734460249446,686.0 -3.5951660760218,37.1734780442212,686.0 -3.59520899123787,37.1735120748431,686.0 -3.59525492389499,37.1735449315611,685.948199999999 -3.59529901320913,37.1735799678313,685.080900000001 -3.59534494586625,37.1736150040853,685.0 -3.59539607527728,37.1736490346455,685.0 -3.59544804281647,37.1736860829372,685.0 -3.59549900514084,37.17371407869,685.0 -3.59555197879314,37.1737430801086,685.069799999997 -3.5955999236765,37.1737729196986,685.0 -3.59565507664166,37.1738010829124,685.0 -3.59571106773501,37.1738299160886,685.0 -3.59577292572548,37.1738609295279,685.0 -3.59582992293194,37.1738939543031,685.0 -3.5958939602353,37.1739189322413,685.040099999998 -3.59593804954944,37.1739350251698,685.0 -3.59598297609341,37.1739620151569,685.0 -3.59603594974572,37.1739859873995,685.0 -3.59609093472596,37.17401197098,685.0 -3.59615396681449,37.174033931862,685.0 -3.59620291781096,37.1740460020771,685.0 -3.59624700622677,37.1740669565616,685.0 -3.59630098599219,37.174102998977,685.517300000007 -3.59635094220348,37.1741289825172,685.004199999996 -3.59641196206578,37.174165024903,685.0 -3.59646392960497,37.1742020729417,685.0 -3.596507012806,37.1742329180202,685.367499999993 -3.59655294546309,37.1742649369635,685.551500000001 -3.59658395889998,37.1743029906221,685.891300000003 -3.59660508098723,37.174348923547,685.557700000005 -3.59663592643917,37.1744000537054,685.982199999999 -3.59663408219786,37.174439951138,686.0 -3.5966540310854,37.1744590616716,685.841899999999 -3.59669007329121,37.1744669409448,685.710300000006 -3.59683005147373,37.174491080519,686.0 -3.59690398012666,37.1744979541227,686.0 -3.59697807586625,37.1745100242637,686.0 -3.59703104951855,37.1745130412618,686.013200000001 -3.59708804672502,37.1745180703075,686.876799999998 -3.59711704793565,37.1745239382428,687.0 -3.59714303170526,37.1745259495746,686.996199999994 -3.59720304635274,37.1745309786194,685.931400000001 -3.59724193801465,37.1745380197111,685.241899999994 -3.59729004998463,37.1745450600864,685.0 -3.59735492631447,37.1745599804402,685.0 -3.5974060557255,37.174561991771,685.0 -3.59743606304924,37.1745599804402,685.171199999997 -3.59747294338321,37.1745690328598,685.917100000006 -3.59751401435801,37.1745680264787,686.599600000001 -3.59754402168175,37.1745629974363,686.856100000005 -3.5975919665651,37.1745549506816,686.509699999995 -3.59764594543223,37.1745370140454,685.049899999998 -3.59771300107493,37.1745110299298,685.0 -3.59778592361474,37.1744669409448,685.0 -3.59781492482537,37.1744469922382,685.0 -3.59786303679535,37.1744050827586,684.195800000001 -3.59789505634536,37.1743920069332,684.065000000002 -3.597927074997,37.1744059209341,684.4571 -3.59797602509517,37.1744230201419,684.870599999995 -3.59801206730098,37.1744510156215,684.556299999997 -3.59804207462473,37.1744780054243,684.024600000004 -3.5980990718312,37.1745060008836,684.0 -3.59814500448832,37.1745390253767,684.0 -3.59819194325855,37.1745770788974,684.0 -3.5982440787827,37.1746099365837,684.0 -3.59829001143978,37.1746429610315,683.723700000002 -3.59834901997419,37.174674979801,683.0 -3.59840501106751,37.1747140396322,683.0 -3.59843501839125,37.1747370059733,683.0 -3.5984460820423,37.1747589666445,683.0 -3.5983770150717,37.1748340684989,683.0 -3.59832806497353,37.1748860364992,683.0 -3.59828397655772,37.1749369980875,683.0 -3.59824893956669,37.1749700231081,683.423299999995 -3.5982219505823,37.1749980183851,683.906400000007 -3.59820200169479,37.175021990299,684.0 -3.5982110540179,37.1750509919314,684.0 -3.59826704511122,37.175080999211,683.117400000003 -3.59832303620458,37.1751210644902,683.0 -3.59837500374376,37.1751549275976,683.0 -3.59841305727751,37.1751879525229,682.950100000002 -3.59847005448398,37.1752189654049,683.0 -3.59851498192628,37.1752489726178,682.9329 -3.59855605290108,37.1752860208408,682.014899999995 -3.59861103788132,37.1753160280272,682.0 -3.59865395309735,37.1753470408565,682.0 -3.59872302006799,37.1753859328505,682.0 -3.59877297627924,37.1754209689827,682.0 -3.59880801327027,37.1754509761155,682.0 -3.59885293981427,37.1754920475673,682.0 -3.59889401078907,37.1755309394866,682.0 -3.59893005299488,37.1755669819194,682.585900000005 -3.59896492200095,37.175613920443,682.595300000001 -3.59900498776096,37.1756529805046,682.275899999993 -3.59904907617677,37.1757049479415,682.181299999997 -3.59911093506556,37.1757510482188,682.0 -3.59917195492787,37.1758020106552,682.0 -3.59920296836473,37.1758219597198,682.0 -3.59924403933952,37.1758529723415,682.0 -3.59931293832517,37.1758739270405,682.0 -3.59935501631141,37.1758960555857,682.0 -3.59941804750162,37.1759290801871,682.0 -3.59946196883081,37.1759609316388,682.0 -3.59950404591872,37.1760100494141,682.0 -3.59954897336102,37.1760509530736,682.0 -3.59958803300788,37.1760920241993,682.0 -3.59962508042854,37.1761290727246,682.0 -3.59966497910186,37.1761590795761,682.0 -3.59970403874875,37.1761830518374,682.0 -3.59975500017479,37.1762299906941,682.0 -3.59980998605336,37.1762690504372,682.035399999993 -3.59985994136628,37.1763089483144,682.926200000002 -3.59989698968524,37.1763580658634,683.0 -3.59995197466548,37.176401986973,683.0 -3.6000059544309,37.1764589842427,683.0 -3.60001098319985,37.1764950262327,683.0 -3.59996404532795,37.1765220160211,683.0 -3.59986798847462,37.1765749899304,683.829899999997 -3.59981501482231,37.1765939324368,684.0 -3.59976002984207,37.1766249454573,684.0 -3.59970605007665,37.1766410392409,684.0 -3.59966397298874,37.1766690346144,684.0 -3.599625919455,37.1766909954399,684.0 -3.5995950740031,37.1767330725698,684.0 -3.59958300334063,37.1767820223564,684.0 -3.59960094090021,37.1768229263137,684.0 -3.59964905287019,37.1768650033702,684.0 -3.59969900908147,37.176910936169,684.049700000003 -3.5997280102921,37.1769479842928,684.559399999998 -3.59977997872958,37.1769880500135,685.0 -3.59982406714543,37.177032977105,685.0 -3.5998669823615,37.177072036433,685.859500000006 -3.59990704812148,37.177107072499,686.0 -3.59993705544522,37.1771399298009,686.0 -3.59998801687129,37.1771739602049,686.0 -3.60004199663671,37.1772069849634,686.0 -3.60009597640216,37.177244032942,686.0 -3.60013201860798,37.1772899662262,686.0 -3.60018398614716,37.177331037394,686.0 -3.60022908067612,37.1773650677119,686.0 -3.60028205432843,37.1774160297753,685.309999999998 -3.60032396432968,37.1774520720245,685.0 -3.60036805274552,37.1775000164347,685.0 -3.60041197407471,37.1775400818626,685.0 -3.60045706860364,37.1775719333509,685.0 -3.60051792137932,37.1776190395452,684.966700000004 -3.60057106211825,37.1776679894735,684.0 -3.60061297211953,37.1776990027688,684.0 -3.60065504920741,37.1777290097125,684.0 -3.6006909234283,37.1777660581509,684.0 -3.60071204641388,37.1778019327487,684.0 -3.60075496162995,37.1778339516108,684.0 -3.60078698028163,37.1778599352994,684.0 -3.6008189989333,37.1779000005364,684.0 -3.60088404234978,37.1779459334217,683.637799999997 -3.60092695846414,37.1779870049487,683.0 -3.60097205299311,37.1780250588798,683.0 -3.60101396209606,37.1780629453079,683.0 -3.60105503307082,37.1781060280076,683.0 -3.60109291951794,37.1781479375815,683.0 -3.60113902016002,37.1781940377996,683.0 -3.60118092926297,37.1782300803933,683.0 -3.60121395402773,37.1782560639457,683.0 -3.60125100234669,37.1782949558736,683.0 -3.60129106810667,37.178323957681,682.907300000006 -3.601312022209,37.1783489355861,682.333599999998 -3.60135292609713,37.1783900068939,682.0 -3.60138393953402,37.1784349338675,682.0 -3.60141897562672,37.178473993902,682.0 -3.60144797683735,37.178522943992,682.0 -3.60148200771526,37.1785660271452,682.0 -3.60151302025382,37.1785990512952,682.0 -3.60155392414195,37.1786570546654,682.0 -3.60158795501986,37.1786989639335,681.949999999997 -3.60161293267636,37.178732994351,681.2984 -3.60163707310299,37.17877406545,681.0 -3.60167998831906,37.1788280455359,681.0 -3.60172005407904,37.1788830304753,681.0 -3.60174905528967,37.1789200783478,681.0 -3.60177604517239,37.1789619881858,681.0 -3.6018040402699,37.179002053554,681.0 -3.60184008247571,37.1790429570251,681.0 -3.60186103747634,37.1790739704717,680.934899999993 -3.60189607356907,37.1791160477059,680.142600000006 -3.60191401112868,37.1791470604067,680.0 -3.60194703589344,37.1791869581955,680.0 -3.60197905454511,37.1792250122379,680.0 -3.60201207930991,37.1792620599426,680.0 -3.60205700585391,37.1792949170229,680.0 -3.60209506028595,37.1793329710109,680.0 -3.60213998682996,37.1793780656203,679.960399999996 -3.60217200548164,37.1794099170494,679.396399999998 -3.60220905380056,37.179457023529,679.0 -3.60225398124287,37.1794950767196,679.0 -3.60229806965871,37.1795279344144,679.0 -3.60234299710101,37.1795649819704,679.0 -3.60238507418892,37.1795929776919,678.639500000005 -3.6024440827233,37.179620973403,678.0 -3.60249806159042,37.1796469571926,678.0 -3.60253896547855,37.1796709290629,678.0 -3.60257802512541,37.1796900404204,678.0 -3.602636028445,37.1797200472889,678.0 -3.60268497854317,37.1797450254481,678.0 -3.60273392864131,37.1797710091951,677.4712 -3.60278707027857,37.1798030279385,677.0 -3.60283702648982,37.1798330354779,677.0 -3.60291196035757,37.1798680716949,677.0 -3.6029550435586,37.1798910379006,677.0 -3.6029550435586,37.1799279185147,677.0 -3.60288698270111,37.1799989971532,677.0 -3.60284792215592,37.1800249808128,677.0 -3.60281204793503,37.1800640407409,677.125700000004 -3.60277701184233,37.1801099737418,677.899300000005 -3.60275706295482,37.1801500392169,678.0 -3.60273191731337,37.1802070358061,678.0 -3.60270995619963,37.1802940404241,678.0 -3.6027059335438,37.1803220358754,678.0 -3.60270392131756,37.1803500313163,678.0 -3.60270006574835,37.1803780267468,678.0 -3.60269805442042,37.1804070284702,678.0 -3.60269604219419,37.180440052531,678.0 -3.60268497854317,37.1805169988732,678.0 -3.60268397243005,37.1805709784294,678.0 -3.60267994887589,37.1806269691162,678.0 -3.60267005842461,37.1806610000966,678.0 -3.60265698254733,37.1807020708631,678.0 -3.60265295989149,37.18074599231,678.0 -3.60263703365982,37.1808070122099,678.0 -3.60263904588605,37.1808489217168,678.0 -3.60263301100398,37.180902063648,678.0 -3.60262597000877,37.1809449786825,678.0 -3.60262094034148,37.180995940478,678.0 -3.60261406733126,37.1810490815901,678.0 -3.60260803244919,37.1810980321587,678.0 -3.60260602112126,37.181139941504,678.0 -3.60259395135709,37.1811880539134,678.0 -3.60260702633607,37.1812279520556,678.0 -3.60260199756709,37.1812760636932,678.0 -3.60258992780295,37.1813230022483,678.0 -3.60256997891545,37.1813630677957,678.0 -3.60255707012479,37.181420064901,678.0 -3.60255103524272,37.1814659977931,678.0 -3.60254298903272,37.1815109250844,678.0 -3.60254500036065,37.181563060262,678.0 -3.60254600647377,37.1816210627878,678.0 -3.60253997159167,37.1816800715552,678.0 -3.60252505147311,37.1817350565659,678.0 -3.60251801047793,37.1817699258565,678.0 -3.60250594071376,37.1818099911669,678.0 -3.60249303282147,37.1818659823667,678.0 -3.60249001538042,37.1819270027933,678.0 -3.60247291594897,37.1819749472262,678.0 -3.60247392206211,37.1820309383038,678.0 -3.60247107260602,37.182076032734,678.0 -3.60247006649291,37.1821269944821,678.0 -3.60246201938457,37.1821739332241,678.0 -3.60244894440562,37.1822160101628,678.281499999997 -3.60245598450251,37.1822699899363,679.0 -3.6024479382925,37.1823279926349,679.0 -3.60243704172811,37.1823729194135,679.0 -3.60242798940499,37.1824419867775,679.0 -3.60242396585083,37.1824929482787,679.0 -3.60241508151267,37.182544077935,679.556700000001 -3.60240804051748,37.1825990637481,680.0 -3.60240502307643,37.1826490195856,680.0 -3.60238607940374,37.1827249595523,680.0 -3.60239597075332,37.1827829626172,680.0 -3.60239697596814,37.1828349301593,680.121799999994 -3.60243704172811,37.182888071409,681.0 -3.60246604293874,37.1829350103937,681.0 -3.60250895815481,37.1829730639793,680.914499999999 -3.60255304746895,37.1830169848214,680.009099999996 -3.60259797401296,37.1830429688742,680.231 -3.60263803977293,37.1830620800943,680.0 -3.60259093301774,37.183104995333,680.010599999994 -3.60255606491,37.1831480780199,680.976699999999 -3.60255505879689,37.1831819411076,681.0 -3.60259696879814,37.1832149653867,681.0 -3.60264893633733,37.1832379320061,681.0 -3.60269201953835,37.1832649215325,681.0 -3.60274499319066,37.18329895204,681.0 -3.60281405926296,37.1833239304472,680.549899999998 -3.60286502158733,37.183348070054,680.289399999994 -3.60290491936238,37.1833750602567,680.046799999996 -3.60298706221027,37.1834129461487,680.0 -3.60303802453464,37.1834429536854,680.0 -3.60311295840239,37.183490059797,680.0 -3.60315000672135,37.1835090027166,680.0 -3.60317800181886,37.1835279456313,680.0 -3.60324204002051,37.1835569475766,680.0 -3.6033290436524,37.1836010362665,680.0 -3.60339794263808,37.1836330548177,680.0 -3.60345594595766,37.183666917688,680.0 -3.60349802304557,37.1836840169466,680.0 -3.60353607657932,37.1837120125729,680.0 -3.60358200923641,37.1837379963866,679.995599999995 -3.60362995411976,37.1837629746486,679.355800000005 -3.60367706087495,37.1837839293005,679.0 -3.60372098130581,37.1838139366898,679.058000000005 -3.60376607583477,37.1838360650563,679.173999999999 -3.60385106903705,37.183870933377,679.0 -3.60389599558105,37.1838960790659,679.160399999993 -3.60394494567919,37.1839269244805,679.0 -3.60399791933149,37.1839609554055,679.0 -3.60404401997357,37.1839879446735,679.0 -3.60410001106692,37.1840149346475,679.0 -3.60415499694546,37.1840409183571,679.0 -3.60421601680776,37.1840749492306,679.0 -3.60425993813695,37.1840960712665,679.0 -3.60430905622004,37.1841220549481,679.0 -3.60436102375923,37.1841510566654,679.0 -3.60441299129842,37.1841780465812,679.0 -3.60447803471489,37.1842189501122,679.0 -3.60453503192133,37.1842390665712,678.127500000002 -3.60459504656885,37.1842709180976,678.0 -3.60464802022115,37.1842980754405,678.0 -3.6046979764324,37.1843200354796,678.0 -3.60475497363887,37.1843470253349,678.0 -3.60482001705535,37.1843689860754,678.0 -3.60488103691765,37.1844010050167,678.0 -3.60493602189786,37.1844259830594,678.0 -3.60499603654538,37.1844569964429,678.0 -3.60506007474703,37.184480968218,678.0 -3.6051110361731,37.1845109753304,678.0 -3.60517507437475,37.1845429942116,677.822100000005 -3.60522905324188,37.1845760193269,678.0 -3.60528303300729,37.1845989855325,677.525299999994 -3.6053440537679,37.1846310043764,677.144700000004 -3.60539803263502,37.184654976812,677.270000000004 -3.60546106472356,37.1846869956321,677.0 -3.60552594105337,37.1847129791104,677.0 -3.60558897224361,37.1847419806007,677.0 -3.60564999300421,37.1847729938546,677.0 -3.60571000765173,37.184799983548,677.0 -3.60577102751403,37.1848350196083,677.0 -3.60583003604841,37.1848599982231,677.0 -3.60589206202383,37.1848900051848,677.0 -3.60595207667135,37.1849180010797,677.0 -3.60600505032365,37.1849449907214,677.0 -3.60606992575513,37.1849719803534,677.0 -3.60612994040265,37.1849979644494,677.0 -3.6061820759268,37.1850269658303,677.0 -3.60623806702012,37.1850620017852,677.0 -3.60629506422659,37.1850879858502,677.0 -3.60635507887411,37.1851129636657,677.0 -3.60641391942352,37.1851469940562,676.214500000002 -3.6064620313935,37.1851679490399,676.0 -3.60650997627685,37.1851919213051,676.0 -3.60655607691893,37.185219917088,676.0 -3.60660804445812,37.1852400332805,676.0 -3.60667107654665,37.1852710463298,676.0 -3.60673394065023,37.1852960248004,676.0 -3.60679697273877,37.1853220087848,676.0 -3.60685195771901,37.1853570446029,676.0 -3.60689906447417,37.1853830285664,676.0 -3.6069729922288,37.1854160533144,676.0 -3.60704105308629,37.1854499161009,676.0 -3.60711598785237,37.185479923544,676.0 -3.60713794806778,37.1854889760863,676.0 -3.60718606003779,37.18551194273,676.0 -3.60724506857216,37.1855360823533,676.0 -3.60729502478341,37.185558042748,676.0 -3.60732603822031,37.1855789976176,676.0 -3.60737599443156,37.1856110167617,676.0 -3.6074120366374,37.1856289536312,676.0 -3.60747003905866,37.1856490704303,676.0 -3.60752100138303,37.1856690190415,675.641199999998 -3.60757095759431,37.1856909801132,675.443299999999 -3.60762007567741,37.1857149522124,675.500100000005 -3.60767003188866,37.1857459650667,675.133900000001 -3.6077250168689,37.1857719488963,675.0 -3.60777899663432,37.1858029624428,675.0 -3.60783498772767,37.1858269345065,675.007599999997 -3.60788796137998,37.1858569417997,675.0 -3.60795300479645,37.1858819193609,675.0 -3.60800899588977,37.1859050533515,675.0 -3.60806800442417,37.1859320433561,675.0 -3.60813003039959,37.185955009865,675.0 -3.60817495694356,37.185988034363,675.0 -3.60822793059587,37.1860130125964,675.0 -3.60824201258627,37.1860430198158,675.0 -3.60821401659042,37.1860879465315,675.0 -3.60817998661085,37.1861219771985,675.0 -3.60816104293812,37.1861459498765,675.0 -3.6083050446748,37.1862059641976,675.0 -3.60835801832711,37.186231947869,675.0 -3.60840495709734,37.1862589377568,675.0 -3.60845206295421,37.186282071632,675.0 -3.6085159331709,37.1863129167878,675.0 -3.60856203381298,37.1863320278961,675.0 -3.60860897258321,37.1863559997918,675.0 -3.6086609401224,37.1863809779036,675.0 -3.60871307564655,37.1863999215293,675.0 -3.60874693853947,37.186409979469,675.0 -3.60877292230908,37.1864200381231,675.0 -3.60883695961243,37.186447027228,675.0 -3.60887501404447,37.1864659708372,675.0 -3.60890803880927,37.1864869254549,675.0 -3.60897107089781,37.1865219614482,675.0 -3.60904399343762,37.186542916766,675.0 -3.60912194474642,37.1865759410069,675.0 -3.6091819593939,37.1866109776745,675.0 -3.60923392693309,37.186629082487,675.0 -3.60925806646143,37.1866399791517,675.0 -3.60929092413956,37.1866560722329,675.0 -3.60933903610954,37.1866780330176,675.0 -3.60939402108978,37.1867030110228,675.0 -3.60945906450625,37.1867300007423,674.285099999994 -3.60950499806167,37.1867539725117,674.940600000002 -3.60956199436981,37.1867799567101,674.513500000001 -3.60960608368395,37.1868039291793,674.947899999999 -3.60968403499275,37.186835947804,675.356100000005 -3.60975695753256,37.1868669609136,675.0 -3.60981697218005,37.1868919388564,675.0 -3.60986592227818,37.1869130615357,675.0 -3.60992107524338,37.1869330105287,675.0 -3.60998997422906,37.1869559767332,675.0 -3.61005803598484,37.1869759257149,675.128500000006 -3.61012106717508,37.1870000655859,675.750700000004 -3.6101750469405,37.1870250434846,676.0 -3.61021896826969,37.1870369455914,676.0 -3.61027093580888,37.1870510275899,676.0 -3.61032307133302,37.187068964833,676.0 -3.61037202143116,37.1870899192834,676.0 -3.61044595008412,37.1871110419074,676.0 -3.61049104461305,37.1871269674245,676.0 -3.61053798338329,37.1871479225744,676.0 -3.61058894570766,37.1871670327558,676.0 -3.6106410812318,37.1871859761843,676.0 -3.6107049505502,37.1872040808591,676.0 -3.6107639599829,37.1872220180658,676.0 -3.61081894496311,37.1872449848982,676.0 -3.61086403949207,37.1872629220952,676.0 -3.61093092714981,37.1872830384592,676.0 -3.61098406878707,37.18730801698,676.0 -3.61102899533108,37.1873269596576,676.0 -3.61106604365,37.1873470760045,676.0 -3.61110996497919,37.1873529436589,676.0 -3.61115908216399,37.1873879799661,676.015199999994 -3.61121892972485,37.1874169811449,676.976200000005 -3.61127005913588,37.1874439713248,677.0 -3.61132202667506,37.1874659318804,677.0 -3.61136594800425,37.1874989564333,677.0 -3.61142294521072,37.1875150493314,677.0 -3.61149603483716,37.1875499181006,677.0 -3.61153794483844,37.1875809316326,677.0 -3.61157800970009,37.1876050713102,677.0 -3.61161991970138,37.1876310552159,677.0 -3.61180298018659,37.1877380079348,678.0 -3.61186198872099,37.1877700268792,678.0 -3.61191596848641,37.1877990286269,678.0 -3.61196894213872,37.1878260179546,678.0 -3.61201806022181,37.1878560251693,678.196500000005 -3.61207405131516,37.1878890502672,679.0 -3.61212803018225,37.1879249250668,679.0 -3.61217295762455,37.1879500701215,679.0 -3.61222308092247,37.1879790718001,679.0 -3.61228007812894,37.1880070672655,679.0 -3.61232299334501,37.1880340572346,679.0 -3.61236507043292,37.1880679202785,679.494500000001 -3.61242005631145,37.1880940714866,680.0 -3.61245894797336,37.1881240785947,680.0 -3.61249800762025,37.1881559299139,680.0 -3.61260998980693,37.1881889548806,680.0 -3.61267101056753,37.1881659883354,680.0 -3.61271593711153,37.1882000187815,680.0 -3.61276404908151,37.1882439401622,680.0 -3.61278601019529,37.1882840056166,680.0 -3.61280495296968,37.1883039542474,680.0 -3.61291106825924,37.1883869354856,679.0 -3.61298399079906,37.1884330358955,679.0 -3.61302891734303,37.1884809804924,679.0 -3.61307803542616,37.1885069640967,678.994099999996 -3.61312095064223,37.1885399889099,678.4516 -3.61325103747514,37.1886290049045,678.0 -3.61331792513288,37.1886749377063,678.0 -3.61338095722142,37.1887160084089,677.254000000001 -3.61342504653556,37.1887500393229,677.0 -3.61344600063789,37.1887689823544,677.0 -3.61346997307957,37.1887989899099,677.0 -3.61353099384017,37.1888380495945,676.487800000003 -3.6135740761429,37.1888700680725,676.486300000004 -3.61361498003103,37.1888940405938,676.277000000002 -3.61366694757022,37.1889300823756,675.636599999998 -3.61368907577062,37.1889480198882,675.723899999997 -3.61376702797772,37.1889909353605,676.0 -3.6138459853996,37.1889460082248,676.0 -3.61387398049711,37.1889649512071,676.0 -3.61389594161089,37.1889889236983,676.0 -3.61390298260607,37.1890390470626,676.0 -3.61391907592437,37.1890759275038,676.0 -3.61394707102188,37.1890930269691,676.0 -3.61399400979212,37.1891109637272,676.0 -3.61396299635526,37.18914600065,675.836299999995 -3.61389996516502,37.189195956451,674.811799999996 -3.61387096305609,37.1892170792015,675.644100000005 -3.61384699151272,37.1892420570826,675.7166 -3.61386006739,37.189264017831,675.987699999998 -3.61389191805672,37.1892759195849,675.941600000006 -3.61394707102188,37.1893069331237,675.077699999994 -3.61404295989025,37.1893580624611,675.0 -3.61409107186027,37.1893800231757,675.0 -3.61414404551257,37.1894120421394,675.0 -3.61418092584654,37.1894499278655,675.0 -3.6142179741655,37.1895069253088,675.0 -3.61424798148924,37.1895520195691,675.0 -3.61427295914574,37.1895979525251,675.0 -3.61429106469027,37.189641035802,675.0 -3.61432693891116,37.1896849570602,675.0 -3.61435107843946,37.1897369248625,675.0 -3.61438008054842,37.1897820189856,675.0 -3.61442098353826,37.1898239285218,675.0 -3.61444797342095,37.1898780760404,675.0 -3.61446004318512,37.1899260204354,675.0 -3.61452307527365,37.1899479809848,675.0 -3.61457705503907,37.1899479809848,675.0 -3.61463505746033,37.1899469748087,675.0 -3.6146840084568,37.1899429515351,675.0 -3.61476095365248,37.1899419460745,675.0 -3.61481392730478,37.1899550213551,674.474400000006 -3.61481593953101,37.1900009547816,674.445300000007 -3.6148120839618,37.1900450432878,674.520099999994 -3.61480403685347,37.1900990224751,674.670700000002 -3.61480504296662,37.1901519961659,674.660499999998 -3.61480806040764,37.1902029581898,675.516300000003 -3.61480403685347,37.1902480527501,675.969899999996 -3.61480504296662,37.1902990147091,676.010500000004 -3.61480001329934,37.1903630525593,676.573499999999 -3.61480303074036,37.1904130089864,677.0 -3.61479900808452,37.1904520685517,676.918999999994 -3.61481392730478,37.1904889490183,676.662599999996 -3.6148390729462,37.19053806665,677.0 -3.61486908026994,37.1905860113415,677.408200000005 -3.61491199548601,37.1906339560027,677.911800000002 -3.61494502025081,37.1906720100029,678.0 -3.61498407989767,37.1907120748846,678.0 -3.61500704622623,37.1907539846203,678.150999999998 -3.61504593878646,37.19079203856,678.999899999995 -3.61506303731958,37.1908329420868,679.0 -3.61508600454644,37.1908810540466,679.0 -3.61510293599293,37.190931010131,679.0 -3.61513998341356,37.1909769429638,679.0 -3.61523201671273,37.1909900187809,679.0 -3.61528599647814,37.1909859955629,679.0 -3.61532002645772,37.191001082987,679.0 -3.61538406465941,37.1910299167544,679.0 -3.61533897013045,37.1910850695692,679.0 -3.61531700901671,37.191125973653,679.0 -3.61529907235543,37.1911680506137,679.0 -3.61528700259126,37.1912240420322,679.0 -3.61530695147877,37.1912709801297,679.0 -3.61533695790422,37.1913060167659,679.0 -3.61535992513107,37.1913309946716,679.0 -3.61537802977731,37.1913589903257,679.0 -3.6154110545421,37.1913829627724,679.0 -3.61544994620401,37.1914320805382,679.0 -3.61549302940503,37.191469966682,679.0 -3.61552303672881,37.1915050032258,679.0 -3.61555807282151,37.1915519418643,679.0 -3.61559897670964,37.1915950247419,679.0 -3.61564105379755,37.191642969478,679.0 -3.61567106112133,37.1916840407132,679.0 -3.61570693534218,37.1917200825946,679.0 -3.61574700110216,37.1917579693096,679.0 -3.61578505463594,37.1917990404823,679.0 -3.61582394719614,37.1918439673518,679.0 -3.61586501817094,37.1918850384776,679.0 -3.61589804293573,37.1919349946134,679.0 -3.61593592938285,37.1919819337001,679.0 -3.61598001779866,37.1920300456434,679.0 -3.61601404867657,37.1920779901033,679.0 -3.61605394645162,37.1921269406798,678.206000000006 -3.61609199998537,37.1921720348068,678.0 -3.61613692742767,37.1922149505937,678.0 -3.61617196352036,37.1922610508134,677.834400000007 -3.61621202928037,37.1923079896975,677.998099999997 -3.61625494449644,37.1923539224083,678.0 -3.61630992947665,37.1923980109718,677.838499999998 -3.61635603011873,37.1924399204873,677.690100000007 -3.61639307843765,37.1924900444234,677.902400000006 -3.61643901109477,37.1925349715973,677.999500000005 -3.61648008206957,37.1925810716217,677.898700000005 -3.61652601472665,37.1926259987415,677.853199999998 -3.61655300460938,37.1926650585933,677.992299999998 -3.61660396693375,37.1927140087892,677.840800000005 -3.61665006757583,37.1927599419686,677.783100000001 -3.61668108011439,37.1928030248725,677.642000000007 -3.61673103632564,37.192851974979,677.623099999997 -3.6167709341007,37.1928930462722,677.689700000003 -3.61680798241962,37.1929389793427,677.350099999996 -3.61684503073858,37.1929790444528,676.961599999995 -3.61689699827777,37.1930370475139,676.967600000004 -3.61693203437046,37.1930759397025,677.218299999993 -3.61696992081758,37.1931149993216,677.422500000001 -3.61700596302339,37.1931550643383,677.648199999996 -3.61704301044406,37.1931959680163,676.891000000003 -3.61707905264987,37.1932350282888,676.853900000002 -3.6171259914201,37.1932890073425,676.969299999997 -3.61717091886241,37.1933329286256,677.0 -3.61720796718136,37.1933689711512,676.695999999996 -3.61723998583301,37.1934130598376,676.945999999996 -3.61727401581262,37.1934599980055,677.0 -3.61731307545948,37.1935030812255,676.779699999999 -3.61734392091138,37.1935490139249,677.0 -3.61736906655284,37.1935840502196,677.0 -3.61741298788202,37.1936269659195,677.0 -3.61747300252951,37.1936609960515,677.0 -3.61752396485391,37.1936370243279,676.959199999998 -3.6175569896187,37.1936440650698,676.610000000001 -3.61759101959828,37.1936769216184,676.2166 -3.61762404436308,37.1937049178338,676.124100000001 -3.61763192348642,37.1937530293947,676.995999999999 -3.61762203303514,37.1937800194568,677.0 -3.61761298071202,37.1938130441107,677.0 -3.61765505779994,37.1938650119343,677.0 -3.61770702533912,37.1938869727693,677.0 -3.61774591700103,37.1939359228887,676.933099999995 -3.61778598276104,37.1939769943078,676.016900000002 -3.61782906596207,37.1940140419323,676.087499999994 -3.61787499861915,37.1940629926849,676.0 -3.61790802338395,37.1940940056888,676.0 -3.61795294992795,37.1941340709015,676.0 -3.61800592358025,37.1941789978128,676.0 -3.61806292078669,37.1942079992459,676.0 -3.61810097432047,37.1942079992459,676.0 -3.61813399908523,37.1942549383508,676.0 -3.61814808107563,37.1942859512758,676.0 -3.61816702385002,37.1943159580701,676.0 -3.61821094517921,37.1943610530364,676.0 -3.61824799349817,37.1944009506599,676.0 -3.61830096715047,37.1944440340586,676.0 -3.61834606167943,37.1944839316382,675.872700000007 -3.61837891845927,37.1945179620994,675.945399999997 -3.61841797810613,37.1945529986601,675.163499999995 -3.61846005519404,37.194585017577,675.0 -3.61851302884635,37.194625921196,675.274000000005 -3.6185629850576,37.1946589454798,675.0 -3.61862199359197,37.1946889528415,675.0 -3.61866608290611,37.1947199663038,675.0 -3.61871503300428,37.194748967529,675.0 -3.61875392466619,37.1947829978708,675.0 -3.6188100837445,37.1948220573223,675.0 -3.6188570225147,37.1948480416069,675.0 -3.61891401972117,37.1948830780144,675.0 -3.61897503958348,37.1949159347393,675.0 -3.61903103067683,37.1949519772248,674.081699999995 -3.61908098688808,37.1949860074751,674.0 -3.61912507530393,37.1950180262085,674.0 -3.61918391675167,37.1950530625371,674.0 -3.61924292528604,37.1950790467422,674.0 -3.61929204336914,37.1951050309384,674.0 -3.61933093503104,37.1951400672266,674.0 -3.61936999467793,37.1951819766513,674.0 -3.61941995088919,37.1952129891955,674.0 -3.61947292454149,37.1952460139381,674.0 -3.61952204262459,37.195276021782,674.0 -3.61956998660964,37.1952929531132,674.0 -3.61963000125713,37.1953259778209,674.0 -3.61972102934151,37.1953720782878,674.0 -3.61976796721341,37.1953980616676,674.0 -3.61984692553362,37.1954319249871,674.532800000001 -3.61990693928281,37.1954530474243,675.0 -3.6199810359207,37.195465955021,674.848599999998 -3.62003099213199,37.1954729963079,675.0 -3.62008698322531,37.1954879161059,675.0 -3.62014196820555,37.1955050148347,675.0 -3.62018605662136,37.1955299927825,675.0 -3.62026602015639,37.1955630181021,675.0 -3.62031999992181,37.1955759256799,675.0 -3.62037900845618,37.1955930251044,675.0 -3.62044204054475,37.195631078752,675.0 -3.620491996756,37.1956520336887,675.0 -3.62054396429519,37.1956810352715,675.0 -3.62061906614789,37.1957080246443,675.0 -3.62068092413836,37.195733002525,675.0 -3.62074898589418,37.1957579811129,675.0 -3.62079592466438,37.1957799413973,675.0 -3.62084101919334,37.195809949029,675.0 -3.62090203905565,37.1958399559331,675.0 -3.6209660772573,37.1958669459648,675.0 -3.62103195880193,37.1959039933775,676.0 -3.62106196612567,37.1959499267629,676.0 -3.62102106223754,37.1959970329444,676.0 -3.62098200259064,37.1960330749138,676.0 -3.62094093071755,37.1960820250729,675.429300000003 -3.62093506382044,37.1961289637282,676.0 -3.62093506382044,37.1961690292922,676.0 -3.62092299405627,37.1961899840796,676.0 -3.62089298673253,37.1962260266725,676.0 -3.62085694452668,37.1962630746246,676.0 -3.62081201708438,37.1963059895172,675.9908 -3.62078502809999,37.1963500786352,675.009300000005 -3.62074295101208,37.196380923972,675.0 -3.62065997003603,37.1964230008665,675.0 -3.62063800892229,37.1964739629512,675.0 -3.6206579578098,37.1965140283321,675.0 -3.62070204712394,37.196549064682,675.0 -3.62069601224187,37.1965960037625,675.0 -3.62068997735977,37.1966340576201,675.0 -3.62070104101082,37.1966739554735,675.0 -3.62070892013417,37.1967249173888,675.0 -3.62071394890315,37.1967680001768,675.0 -3.6207250134525,37.1968189620286,674.826100000006 -3.62075803821729,37.1968680798359,674.457500000004 -3.62078402198687,37.1969140126346,674.5098 -3.6208130231975,37.1969639690208,674.002299999993 -3.62084303052124,37.197007052388,674.0 -3.62088594573731,37.1970429264335,674.0 -3.62090002772771,37.1970880212021,674.0 -3.62086499073669,37.1971420010788,674.0 -3.62089801550148,37.1971720081691,674.0 -3.62094897782588,37.1972110678157,674.0 -3.62098803747274,37.1972050327703,674.0 -3.62103296401671,37.1972060381342,674.0 -3.6210909673363,37.1972020152475,674.0 -3.62114695842965,37.1972040266908,674.0 -3.62120294952301,37.1972239758274,674.0 -3.62127604004778,37.1972360459146,674.0 -3.62134393292031,37.1972420809576,674.0 -3.62140193623989,37.1972600179265,674.0 -3.62143596621947,37.1973119855242,674.0 -3.6214629561022,37.1973409871849,674.0 -3.62151894719555,37.1973200320014,674.0 -3.62158097317098,37.1972990775276,674.0 -3.62163897559223,37.1972819784896,674.146599999993 -3.62171407744494,37.1972890196072,674.074600000007 -3.62176604588242,37.1973039390462,674.0 -3.62181197853954,37.1973309285544,674.0 -3.62184802074535,37.1973800467441,673.987899999993 -3.62186998096079,37.1974249738705,673.336599999995 -3.62188708039224,37.1974680569746,673.001000000004 -3.62191608160287,37.1975200244291,673.0 -3.62194592094166,37.1975639453974,673.0 -3.62198296926062,37.1976050169896,673.0 -3.62201599402541,37.1976579904232,672.963399999993 -3.62204801267706,37.1976940330307,672.228300000002 -3.6220760086729,37.1977349363963,672.0 -3.62211506831976,37.1977729903954,672.0 -3.62214608085832,37.1978249583555,672.0 -3.62217508296728,37.197869047302,672.0 -3.62220995107502,37.1979139741373,672.0 -3.62222705050647,37.1979619184385,672.0 -3.62225605171709,37.1980110362176,672.0 -3.62228002415877,37.1980609925934,672.0 -3.6223090253694,37.1981099428687,672.0 -3.62233500913898,37.1981600666181,672.0 -3.62237993658128,37.1982059993465,672.0 -3.62241698400194,37.1982499206313,672.0 -3.62243995033047,37.1983000442879,672.0 -3.62246492888526,37.198341954105,672.0 -3.62249191876798,37.1983850366857,672.0 -3.62252091997861,37.1984390163506,672.0 -3.62255796829757,37.1984859549716,672.0 -3.62259401050338,37.1985310495938,672.0 -3.62261094194987,37.1985739653438,672.0 -3.62263893704739,37.1986180538528,672.0 -3.6226749792532,37.1986559399685,672.0 -3.62271202757216,37.1987080754744,672.0 -3.62274102878279,37.1987600435063,672.0 -3.62278193267092,37.1988099993864,671.461599999995 -3.62280607219926,37.1988500649586,671.098299999998 -3.62283004464093,37.1988959979826,671.492800000007 -3.62285401708261,37.198952994735,671.065799999997 -3.62288704184737,37.1989989276964,671.0 -3.62289693229868,37.1990480455163,671.0 -3.6229220779401,37.1991070542622,671.0 -3.62293699716033,37.1991449401325,671.0 -3.62295392860682,37.199192046467,671.0 -3.62296901671033,37.1992389853353,671.0 -3.62299902403408,37.1992909530017,671.0 -3.62303506623989,37.1993390652961,671.0 -3.6230610500095,37.1993890215085,671.0 -3.62308602766596,37.1994319367709,671.0 -3.62312693155413,37.1994780368771,671.0 -3.62315107108243,37.1995199467558,671.0 -3.62318694620161,37.1995700702846,671.0 -3.62321393608434,37.199612985444,671.0 -3.62324293729497,37.1996550626836,671.0 -3.62326204805432,37.1996979785102,671.0 -3.62328099082871,37.1997400557025,671.0 -3.62330798071144,37.1997950404433,670.3796 -3.62333798803518,37.1998490198154,670.555200000003 -3.62337805289686,37.1998999824494,670.0 -3.62342096901123,37.1999460822699,670.0 -3.62346103387291,37.199998050165,670.0 -3.6234940586377,37.2000500180244,670.0 -3.62351803107938,37.2000820367566,670.0 -3.62355407328519,37.2001279697465,670.0 -3.6235820683827,37.2001789321921,670.0 -3.62360302338333,37.2002320734008,670.0 -3.62362397838399,37.20028906986,670.0 -3.62364007170229,37.2003460669916,670.0 -3.62366203191773,37.2003990406484,669.9899 -3.62369103312836,37.200450002911,669.428199999995 -3.62372204656522,37.2004999591037,669.0 -3.62375708265795,37.2005450532384,669.0 -3.62379295777713,37.2005899806276,669.0 -3.62383201742399,37.2006360807422,669.0 -3.62387392652695,37.200678996011,669.0 -3.62392103328214,37.2007120212246,669.0 -3.62397702437546,37.2007450457083,669.0 -3.62401692215051,37.200780920124,669.0 -3.62404592336114,37.2008219913968,669.0 -3.62407308033049,37.2008739594045,669.0 -3.62409504144423,37.2009170419712,669.0 -3.62411398421863,37.2009629751685,669.0 -3.62413007753696,37.2010060584,669.0 -3.62416494654303,37.2010529968558,669.076100000006 -3.62418891898467,37.201093061953,669.617299999998 -3.62419595908156,37.2011009413099,669.7929 -3.62421004107196,37.2011009413099,669.794599999994 -3.62423703095468,37.2010960800358,669.573900000003 -3.62429100982177,37.2010789804268,668.871299999999 -3.62433291982306,37.2010580255654,668.106599999999 -3.62438606056199,37.2010320419872,668.0 -3.62442696445016,37.201016954421,668.0 -3.6244569717739,37.2009939882,667.9133 -3.62448697909764,37.2009740393443,667.377800000002 -3.624542970191,37.2009490610512,667.0 -3.624630979936,37.2009059785027,666.812000000005 -3.62466098725974,37.2008900523141,666.277100000007 -3.62470893214309,37.2009700159428,666.0 -3.62478202176957,37.2010050523712,666.0 -3.62480700032436,37.201044950061,666.0 -3.62482795532498,37.2010969179151,666.777600000001 -3.62485192686833,37.2011359776775,667.0 -3.62488796907417,37.2011829160525,667.0 -3.62492099383897,37.2012259991584,667.0 -3.62495603082999,37.2012719321677,667.0 -3.62498100848645,37.2013109918395,667.0 -3.62501202192334,37.2013500514911,667.0 -3.62501805680541,37.2014030251587,667.0 -3.62503800569292,37.2014559987892,666.744900000005 -3.62507605922667,37.2014940523434,666.616699999999 -3.6251089160065,37.2015379738617,666.766699999993 -3.6251419407713,37.2015869240289,666.950700000001 -3.62517295420816,37.20163302425,667.0 -3.62520497285983,37.2016809690512,667.0 -3.62523397407046,37.2017200285114,667.0 -3.6252700162763,37.2017730019194,667.0 -3.62530907592317,37.2018179292933,667.0 -3.62532600736963,37.2018390513748,667.0 -3.62535098592442,37.2018569886825,667.0 -3.62538199846298,37.2018759320032,667.375400000004 -3.62539691858154,37.2018940367332,667.637600000002 -3.6254279311201,37.2019329286522,667.675399999993 -3.62545995067007,37.2019750060296,667.495500000005 -3.62548593443969,37.2020239566289,667.0 -3.62552398797343,37.2020720686124,667.0 -3.62556003017924,37.2021180011068,667.0 -3.6255890313899,37.202161922262,667.004000000001 -3.62563094139115,37.2022189194104,667.173800000004 -3.62565306959155,37.2022609966285,667.130099999995 -3.62568994992552,37.2023040798346,667.262499999997 -3.6257219685772,37.2023409602358,667.341199999995 -3.62575298201406,37.2023919219029,667.3367 -3.62578500066574,37.2024299757008,667.238100000002 -3.62582003675847,37.2024789260049,667.061499999996 -3.62584501531326,37.2025149684572,667.319699999993 -3.62589295929828,37.2025600628189,667.217900000003 -3.6259469390637,37.2025969430951,667.2399 -3.62598700482368,37.2026249388646,667.186199999996 -3.6260160060343,37.2026619865383,667.183499999999 -3.62605992736349,37.2027109374075,667.0 -3.62610904544662,37.2027630729747,667.0 -3.62614592578059,37.2027999531517,667.0 -3.62617308274994,37.2028339834418,667.0 -3.62622203284811,37.2028710317284,667.0 -3.6262679655052,37.2029189757432,667.0 -3.62630400771104,37.2029660825845,667.0 -3.62634004991685,37.203015032541,667.103300000002 -3.62638397124604,37.2030639831812,667.0 -3.62642001345188,37.203107065929,667.0 -3.62644700333461,37.2031499812239,667.047099999996 -3.62647801677147,37.2031880353551,667.401500000007 -3.62651104063793,37.203230950604,667.215299999996 -3.62653601919272,37.2032690039789,667.653000000006 -3.62656904395752,37.2033189604524,667.550199999998 -3.62660894173253,37.203356008501,667.103199999998 -3.6266379429432,37.2034019416451,668.0 -3.62667398514901,37.2034470361924,668.0 -3.62671103346797,37.2034889452984,668.0 -3.62674003467859,37.2035410810436,668.0 -3.6267740655565,37.2035769555614,668.0 -3.62680407198195,37.2036260732643,668.0 -3.62683793487487,37.203672006244,668.0 -3.6268649247576,37.2037149212177,668.0 -3.62689794952239,37.2037569990328,668.0 -3.62692292807718,37.2038049432003,668.0 -3.62695494672886,37.2038560727365,668.003500000006 -3.62697992438532,37.2038989883211,668.3505 -3.62701294915011,37.2039469323984,668.036099999998 -3.62703893291969,37.203997056565,670.053599999999 -3.62708402834698,37.2040379600926,675.563399999999 -3.62711403477239,37.2040810429999,676.845700000005 -3.62713599588617,37.2041269757027,677.0 -3.62715292733263,37.204173076519,676.715400000001 -3.62718695731221,37.2042230323941,673.905499999993 -3.62720405674366,37.2042669537553,670.406900000002 -3.62722501174428,37.2043140597553,668.152499999997 -3.62725501906803,37.2043579810636,668.147800000006 -3.62728703771971,37.2044040817388,668.0 -3.62731905637138,37.2044419678124,668.268899999995 -3.62735208113618,37.2044830392396,668.0 -3.62737102391057,37.2045269604495,668.0 -3.62740907834265,37.2045730610215,668.0 -3.62743707344016,37.2046220113667,668.0 -3.62746003976872,37.2046709616802,668.0 -3.62748904187764,37.2047120329828,667.805900000007 -3.62752005441621,37.2047559540595,667.648199999996 -3.62756498185851,37.2048040657324,667.446800000005 -3.62759599439707,37.2048419523207,667.188299999994 -3.6276249956077,37.2048820175532,667.0 -3.62766003259872,37.204929962437,667.0 -3.62771300625102,37.204974050811,667.0 -3.6277530711127,37.2050080815518,667.0 -3.62779397500084,37.2050469732971,667.0 -3.62783404076082,37.2050860331618,666.630999999994 -3.62786404808459,37.2051150346976,666.678599999999 -3.62790193453168,37.205133977916,666.288400000005 -3.62792992962919,37.2051269368147,666.507800000007 -3.62794904038857,37.2051359891481,666.586200000005 -3.62798307126648,37.2051579502817,666.747000000003 -3.62801592804629,37.2051899689936,666.032699999996 -3.62805197025213,37.2052270168392,666.055800000002 -3.62809102989899,37.2052640646666,666.0 -3.62812304855067,37.2053059741945,666.0 -3.62817300476192,37.2053549247798,666.0 -3.6282030120857,37.2053879493785,666.0 -3.62824793862967,37.2054310322306,666.0 -3.62829504538487,37.2054570164409,666.0 -3.62832706403654,37.2054940641555,666.0 -3.62834299026822,37.2055019430529,666.0 -3.6283580774734,37.2054880290568,666.0 -3.62839898136154,37.2054519873089,666.0 -3.62842798257216,37.2054249971269,666.0 -3.62845094890072,37.2054169507983,666.0 -3.62849201987552,37.2054270090667,666.0 -3.62853107952238,37.2054300262608,666.0 -3.6285830479599,37.2054529932784,666.0 -3.62861204917053,37.2054989258617,666.0 -3.62864306170909,37.2055410026821,665.407200000001 -3.62866703415076,37.2055599457937,665.0 -3.62869804758762,37.2055540788386,665.0 -3.6287320775672,37.2055450265554,665.0 -3.62877298145537,37.2055339623343,665.0 -3.6288160646564,37.2055140132475,665.0 -3.62886702608247,37.2055019430529,665.0 -3.62893005817101,37.2054870238032,665.0 -3.62900096938289,37.2054729416658,665.0 -3.62904908135287,37.205464056796,665.0 -3.62910792190231,37.2054489694002,665.0 -3.62917799498603,37.2054330441703,665.0 -3.62923901484834,37.2054139336036,665.0 -3.62930104172209,37.2054020308163,665.0 -3.62936507902545,37.2053790644986,665.0 -3.62942006400565,37.2053609598892,664.960999999996 -3.62948192289444,37.2053450339251,664.214200000002 -3.62953204619236,37.2053120093077,664.0 -3.62958904339879,37.2052930661339,664.0 -3.62960094607633,37.2052910549061,664.0 -3.62961603328152,37.20527294956,664.0 -3.6296400057232,37.2052530011197,664.0 -3.6296949907034,37.2052640646666,664.0 -3.6297090726938,37.205286025763,664.0 -3.62973706779131,37.2052890429627,664.0 -3.62977495423843,37.2052969218815,664.0 -3.62981300777218,37.205306980166,664.0 -3.62986598142448,37.2053150272219,664.0 -3.62994007806236,37.2053230735614,664.147299999997 -3.62999405692949,37.2053309524767,664.328500000003 -3.63005105413596,37.2053420167276,664.580700000006 -3.63012598800371,37.2053500630643,664.768100000001 -3.63018700876431,37.2053549247798,664.883100000006 -3.63026294874517,37.2053680002531,665.093099999998 -3.63033302093059,37.2053780585281,665.0 -3.63039303557808,37.2053839262123,664.642900000006 -3.63040896091146,37.2053430226987,664.0 -3.63042505422976,37.2053460398961,664.0 -3.63044198567625,37.2053629711151,664.030599999998 -3.63048305754934,37.2053760473025,664.0 -3.6305390486427,37.2053829202419,664.0 -3.63058095774565,37.2053929785149,664.099900000001 -3.63060291885939,37.2053970016806,664.448699999994 -3.63066192739376,37.2054090718919,665.0 -3.63071104547689,37.2054109156935,665.0 -3.63079302033982,37.2054159448283,665.0 -3.63083593555589,37.2054219799327,665.0 -3.63090299030027,37.2054290210064,665.0 -3.63097993639425,37.2054380733036,664.142099999997 -3.63103408324633,37.2054499753698,663.985000000001 -3.63107800457551,37.2054590276644,663.719500000007 -3.6311499219005,37.2054699244735,663.0 -3.63121697664491,37.2054789767657,663.0 -3.6312850375024,37.2054860178341,663.0 -3.63135594871428,37.205492052933,662.131399999998 -3.63142903923908,37.2055019430529,662.0 -3.63148100677827,37.20551200131,662.0 -3.63154303275369,37.2055230655345,662.0 -3.63158896541078,37.2055279272388,662.0 -3.63166205593555,37.2055389914608,661.747399999993 -3.63172693136706,37.2055500556813,661.219400000002 -3.63180907421495,37.2055559226366,661.0 -3.6318819967548,37.2055609517618,661.0 -3.63194100528917,37.2055659808866,661.0 -3.63200906704499,37.2055750331673,661.0 -3.63207897214375,37.2055859299596,660.313500000004 -3.63215507921127,37.2055929710181,660.0 -3.6322149258738,37.205601017328,660.0 -3.63228600507067,37.2056090643525,660.0 -3.63235104848711,37.2056000113605,660.0 -3.63236295026632,37.2055760391352,660.0 -3.63238994014905,37.205571010011,660.0 -3.63241994747279,37.2055839180241,660.0 -3.63245699579172,37.2055869359274,660.0 -3.63251399209989,37.2055820742268,660.0 -3.63258104774259,37.2055800622911,659.402000000002 -3.63263905016385,37.2055839180241,659.0 -3.63265899905136,37.205570004043,659.0 -3.63268498371927,37.2055599457937,659.0 -3.63272102592511,37.2055569286048,659.0 -3.63273192159117,37.2055830801946,659.0 -3.63275807334574,37.2055820742268,659.0 -3.63279294235181,37.2055800622911,659.0 -3.63282093744932,37.205581068259,659.0 -3.63286301453723,37.2055899531151,659.0 -3.63294599551328,37.2055919650504,658.926900000006 -3.63294096674432,37.2056189544572,659.0 -3.63292101785682,37.2056640491109,659.0 -3.63292202396993,37.2056890272746,659.0 -3.63291900563055,37.2057270815566,659.0 -3.63293392574911,37.205754070915,659.0 -3.63297298539597,37.2057659729314,658.473700000002 -3.63304708113556,37.2057859219516,658.0 -3.63310407834203,37.2057959801708,658.0 -3.63315805810745,37.2058149232184,658.0 -3.63321103175975,37.2058310165055,657.258600000001 -3.63328495951438,37.2058509655085,657.0 -3.63333592183875,37.2058719204701,657.0 -3.63339694259939,37.2058920368844,656.0 -3.63342795513795,37.2058980719507,656.0 -3.63344404845625,37.2058999157403,656.0 -3.63345997378959,37.2058930428481,656.0 -3.63347606710793,37.2058660535393,656.0 -3.63353105298646,37.205896060739,655.706099999996 -3.63359693453109,37.2059240560003,655.387400000007 -3.63363700029107,37.2059560751025,655.0 -3.63367103027065,37.2059860822664,655.0 -3.63369701404026,37.2060269854315,655.0 -3.63371193415882,37.2060870004064,655.221099999995 -3.63373305624607,37.2061369564456,655.668099999995 -3.63376507579608,37.2061850686691,656.0 -3.63379005345254,37.2062269776856,656.0 -3.63382207210422,37.2062700607742,656.0 -3.63385392366924,37.2063069413839,656.0 -3.63388996587508,37.2063490184693,656.0 -3.63391393831676,37.2063939452657,656.0 -3.63395299796362,37.2064319991923,656.0 -3.63398099306113,37.2064809497627,656.218299999993 -3.63401804138009,37.2065270498566,656.369600000005 -3.63404000159553,37.2065639303407,657.0 -3.63406799759134,37.2066050020441,657.0 -3.63410202757095,37.2066559636939,657.0 -3.634140082003,37.2067040755865,657.0 -3.63417495011077,37.2067469909826,657.0 -3.63420495743451,37.2067919182576,657.0 -3.63423395864514,37.206839024828,657.0 -3.6342710069641,37.2068829453823,657.0 -3.63430302561578,37.2069230109621,657.162899999996 -3.63433403905263,37.2069610653373,657.501499999998 -3.6343709193866,37.2069979456093,657.706000000006 -3.63440897292038,37.2070329813859,657.683499999999 -3.63446597012682,37.20708494941,657.172999999995 -3.63450000100473,37.2071240089353,657.0 -3.63453403098434,37.207166924808,657.0 -3.63457107930327,37.2072059842909,657.0 -3.63460896575039,37.2072529231838,657.0 -3.6346510428383,37.2072879595575,657.0 -3.63468892838709,37.2073199780811,657.0 -3.63473603514228,37.2073550144237,657.0 -3.63478699656835,37.2073830098592,657.0 -3.63485103477,37.2073969242214,656.385599999994 -3.63489998486814,37.2073860276906,656.0 -3.63495798818773,37.2073499854181,656.0 -3.63499905916252,37.2073209840258,656.0 -3.6350699703744,37.2072889647871,656.0 -3.63512495535464,37.2072760570657,655.506299999994 -3.63517591767904,37.2073189721365,655.0 -3.63523006453109,37.2073620553171,655.0 -3.63527197363404,37.2074059762825,655.0 -3.63533802316363,37.2074619678207,655.0 -3.63536702437426,37.2074889572742,655.0 -3.63541195181656,37.2075330462996,654.451199999996 -3.63543307390384,37.2075499777435,654.078800000003 -3.63545704634552,37.2075550067357,654.0 -3.63549208243821,37.2075469599187,654.0 -3.63553298632635,37.2075350574677,654.0 -3.63555796488114,37.2075280165904,654.0 -3.63559400618865,37.2075129296073,654.0 -3.63565100339512,37.2074939862705,653.202900000004 -3.63572208169366,37.2074730317592,653.0 -3.6357609742539,37.2074539209938,653.0 -3.63575996814078,37.2074269315278,653.0 -3.63580992435203,37.2074160350013,653.0 -3.63583104643932,37.2074369895283,652.999800000005 -3.63590296376435,37.2074120112277,652.146099999998 -3.63596800718079,37.2073950797529,652.0 -3.63603204448414,37.2073749637393,652.0 -3.63609608268579,37.2073540084795,651.956399999995 -3.63615106766603,37.2073409326349,651.200299999997 -3.63619096544105,37.2073199780811,651.0 -3.63624293387857,37.2072849417222,651.0 -3.63629791885877,37.2072710280548,650.688899999994 -3.63635106049604,37.2072559403049,650.0 -3.63641006903044,37.2072319678901,650.0 -3.63646304268274,37.2072110133061,649.749400000001 -3.6365069631136,37.2071749709501,649.0 -3.63658005363837,37.2071699419325,649.0 -3.636641074399,37.2071520044565,649.0 -3.63670393850258,37.2071350736388,648.462899999999 -3.63676194092384,37.2071219977563,648.0 -3.63680904767903,37.2071109337663,648.0 -3.63687207886927,37.2070809263342,648.0 -3.63692706474781,37.2070670119138,648.0 -3.63699495762034,37.2070569538639,647.286500000002 -3.63708095603744,37.2070599717083,647.0 -3.63713895935702,37.2070639947852,647.0 -3.63720601410139,37.2070680178618,647.0 -3.63726099908163,37.207079081858,647.0 -3.63731598496017,37.2070869613055,647.0 -3.63738605714559,37.2070970193514,647.0 -3.63746400935269,37.207107915924,646.0 -3.63752502921499,37.2071099278189,646.0 -3.63756308364707,37.2071169687352,646.0 -3.63765293763334,37.207127026777,646.0 -3.63769601993607,37.2071320557975,646.0 -3.63774899358837,37.2071409404709,646.0 -3.63782795190858,37.2071469754374,646.0 -3.6378780752065,37.2071560282439,646.0 -3.63794395675109,37.2071650803339,645.478000000003 -3.63801000628068,37.2071679300392,645.722299999994 -3.63807504969715,37.2071820118603,645.690000000002 -3.63814696702218,37.2071890527699,645.4761 -3.63821301565344,37.2071940817862,645.245999999999 -3.63828107740926,37.2072059842909,645.0 -3.63834897028179,37.2072090014139,644.286099999998 -3.63840596748826,37.2072150363749,644.0 -3.63846899957679,37.2072279448223,644.0 -3.63852800811117,37.2072410206864,644.0 -3.63856907908596,37.2072680102189,644.0 -3.63862507017931,37.2072929885672,644.0 -3.63865692174433,37.2072760570657,643.914799999999 -3.63867502639057,37.2072760570657,643.7601 -3.6387040276012,37.2072990235215,643.991599999994 -3.63875398381248,37.2073209840258,643.108300000007 -3.63879103213141,37.2073260130333,643.0 -3.63881802201413,37.2073109252943,643.0 -3.63881701590102,37.2072949997417,643.0 -3.63883294123436,37.2072849417222,643.0 -3.6388879271129,37.2072670042736,643.0 -3.63894592953419,37.2072510787118,643.0 -3.63901700783272,37.2072349857275,643.0 -3.63900896162272,37.2072069902371,643.0 -3.63904399771542,37.2071870408771,643.0 -3.63907400503919,37.2071699419325,643.0 -3.63911407079917,37.2071530104034,643.0 -3.63915095113314,37.2071350736388,643.0 -3.63920593611338,37.2071109337663,643.0 -3.63927399697087,37.2070799203864,642.880699999994 -3.63932697062317,37.207057959812,642.0 -3.63933904128567,37.2070529307866,642.0 -3.63934105261357,37.2070370051797,642.0 -3.63933904128567,37.2070100155646,642.0 -3.63938296171652,37.2069910721016,642.0 -3.63945001735923,37.206958047489,642.0 -3.63949494480153,37.2069260288119,642.0 -3.63954205065839,37.2068980332068,642.0 -3.63958697810069,37.2068760725795,642.0 -3.63962000196719,37.206852938575,642.0 -3.63967197040467,37.2068229310404,642.0 -3.63971807104675,37.206791079726,642.0 -3.6397480774722,37.2067659345068,642.0 -3.63973801993426,37.2067540319327,642.0 -3.63974992171347,37.2067469909826,642.0 -3.63976199147761,37.2067389447948,642.0 -3.63977003858594,37.2067510147916,642.0 -3.63979401102762,37.2067389447948,641.884000000005 -3.63981697735617,37.2067250303113,641.516199999998 -3.63986307799822,37.2067000524905,641.0 -3.63992007430636,37.2066640106059,641.0 -3.63995997208141,37.2066370208574,641.0 -3.64000406139556,37.206608019191,641.0 -3.64004898793953,37.2065749944108,641.0 -3.64012794536144,37.2065510224952,641.0 -3.64015996491142,37.2065449874811,641.0 -3.64019399489103,37.2065349293617,641.0 -3.64020505944038,37.2065169917347,641.0 -3.64023204932307,37.2065129686287,641.0 -3.64026004442058,37.2065030779258,641.0 -3.64029994219563,37.2065159857794,641.0 -3.64035492807417,37.2065000600591,640.786999999997 -3.64038107893041,37.2064930198007,640.418399999995 -3.6404080688131,37.206486984782,640.217300000004 -3.64046405990645,37.2064700530996,640.0 -3.64051703355876,37.2064539599488,640.0 -3.64054201211355,37.2064499368394,640.0 -3.64058006564729,37.2064380342154,640.0 -3.64062800963232,37.2064189231878,640.0 -3.64068903039295,37.2063979690935,640.0 -3.64075507992254,37.2063689673353,640.0 -3.64081207623068,37.2063490184693,640.0 -3.64085398623193,37.2063290695979,639.529699999999 -3.64086504988298,37.2063169995337,639.246499999994 -3.64086907343715,37.2063049294675,639.097800000003 -3.64083504345753,37.2062670436137,639.006800000003 -3.64082096146714,37.206251955663,639.013800000001 -3.64081794402612,37.2062360306025,639.0 -3.64085700367298,37.2062150757419,639.0 -3.64089991888905,37.2061909355751,639.0 -3.64093998464903,37.206228989604,639.0 -3.64099396351615,37.2062279836448,639.0 -3.64104308159924,37.2062019996999,639.0 -3.64109404392364,37.2061780276659,639.0 -3.64112908001634,37.2061589165725,639.0 -3.64117501267346,37.2061309213984,639.0 -3.64122295755678,37.2061029254984,639.0 -3.64128397741908,37.2060700686343,639.0 -3.64133091618932,37.2060439172133,638.497399999993 -3.64138707526763,37.2060149160344,638.0 -3.6414299904837,37.2059899379786,638.0 -3.641482964136,37.2059619420263,638.0 -3.64153292034726,37.2059339467791,638.0 -3.64157298610727,37.2059150037614,638.0 -3.6416489260881,37.205873932398,638.0 -3.64170206682706,37.2058570005781,638.0 -3.64175403526455,37.2058370515767,638.0 -3.64180600280373,37.2058169351478,638.0 -3.6418630000102,37.2057840781592,637.701300000001 -3.64190692044109,37.2057629557507,637.0 -3.64197397608376,37.2057399895429,637.0 -3.64201605317167,37.2057180285787,637.0 -3.64204203694128,37.2057079703489,637.0 -3.64207204426503,37.2057059591322,637.0 -3.64210205158877,37.2057019352674,637.0 -3.64215401912796,37.2056779630745,637.0 -3.64220900500649,37.2056459445698,637.0 -3.64226097254568,37.2056139253359,636.639299999995 -3.64230992264385,37.2055889471473,636.479699999996 -3.64236004684006,37.2055589405411,636.867599999998 -3.6424170431482,37.2055299391759,636.6443 -3.64247906912362,37.2054999318307,636.314899999998 -3.64252802012009,37.205467074704,636.134099999996 -3.64258501642823,37.2054350553943,636.0 -3.64263296131158,37.2054060539815,635.979600000006 -3.64268995851805,37.2053760473025,635.152000000002 -3.64274695482619,37.2053559307507,635.0 -3.64280194070472,37.2053220675901,635.0 -3.64285005267474,37.2052979278532,635.0 -3.64290906120911,37.2052679204156,635.0 -3.6429610287483,37.2052370751329,634.818899999998 -3.64299992130853,37.2052070676712,634.130300000004 -3.6430589298429,37.2051680085847,634.0 -3.64308005193019,37.2051329719423,634.001900000003 -3.64310603569976,37.2051120174909,634.0 -3.64319706378414,37.2051589555397,633.873900000006 -3.64325003653812,37.2052010332651,633.997199999998 -3.64328406741603,37.2052469660018,634.0 -3.6433140747398,37.2052920601623,634.0 -3.64333201229938,37.2053369875879,634.0 -3.64331306862669,37.2053859374377,634.0 -3.64327400897979,37.2054260030969,634.012700000007 -3.6432389728871,37.2054570164409,634.773400000005 -3.64326898021084,37.205492052933,634.848199999993 -3.64331893642209,37.205524071503,634.858800000002 -3.64336905972001,37.2055599457937,634.934800000003 -3.64342404559854,37.2055919650504,634.0 -3.64347802446567,37.2056360537532,634.0 -3.64351607889774,37.2056680729776,634.0 -3.64356201155483,37.2056999240505,634.0 -3.6436129729809,37.2057389835772,634.0 -3.6436800286236,37.20575993857,634.0 -3.6437519450503,37.2057760318688,633.176200000002 -3.6438049187026,37.2058040271746,633.0 -3.64385906645298,37.2058249821493,633.0 -3.64390902176593,37.2058469423669,633.0 -3.64396199541824,37.2058660535393,633.0 -3.64401999873782,37.2058819786779,633.099199999997 -3.64406794272285,37.2059069567695,633.0 -3.64411001981076,37.2059409870896,633.548200000005 -3.64415293592516,37.2059760240724,634.0 -3.6441930007868,37.206004019304,633.409700000004 -3.64423993955704,37.2060360383724,633.373200000002 -3.64428402887118,37.2060660455044,633.146399999998 -3.6443180588508,37.2061019202529,633.025699999998 -3.64436399150788,37.2061300828594,633.0 -3.6444179712733,37.206170986662,633.0 -3.64446306580226,37.2061989825367,633.0 -3.64452308044975,37.2062410596823,633.0 -3.64456599566582,37.2062710667328,633.0 -3.64461896931812,37.2063049294675,633.0 -3.64466004029292,37.2063369484083,633.0 -3.64470999650417,37.2063810373912,633.0 -3.64476095882857,37.2064189231878,633.0 -3.64480907079855,37.2064599949702,633.0 -3.64486807933296,37.2064970429078,633.0 -3.64490998933421,37.2065449874811,633.0 -3.64495508386317,37.2065909201153,633.0 -3.64499498163819,37.2066390320494,633.0 -3.6450229767357,37.2066940174882,633.0 -3.64504896140361,37.2067340831684,633.0 -3.64507796261424,37.2067729754552,632.793300000005 -3.64512205103008,37.2068180694193,632.015400000004 -3.6451619488051,37.2068640026028,632.0 -3.64520201456508,37.2069069179078,632.0 -3.64524895333531,37.2069500006083,632.0 -3.64529706530529,37.2069920780506,632.0 -3.64533897530654,37.2070359992313,632.0 -3.64537803495344,37.2070819322821,632.0 -3.64541793272846,37.2071230037035,632.0 -3.64545196270804,37.2071689359859,632.0 -3.64549202846805,37.20721000736,632.0 -3.6455419846793,37.2072519172382,632.0 -3.64557500944409,37.2072909766772,632.0 -3.6456199359881,37.2073370769917,632.0 -3.64565799042014,37.2073729518514,632.0 -3.64568598551765,37.2074130171711,631.640100000004 -3.64571901028245,37.2074510712993,631.490399999995 -3.64575203504724,37.2074889572742,631.0 -3.64578405369892,37.2075290225323,631.0 -3.64581707846371,37.2075680825433,631.0 -3.6458630111208,37.2076150212109,631.0 -3.64589804811182,37.2076619598494,631.0 -3.64593995721478,37.2077090658767,631.0 -3.64598002297479,37.2077539932944,631.0 -3.64603702018122,37.2077920472506,631.0 -3.64607205627395,37.2078440147519,631.0 -3.64610893660795,37.2078919591849,631.0 -3.64615000758272,37.207940071005,631.0 -3.64619292279879,37.2079849982851,631.0 -3.64624405310815,37.2080270751504,630.2883 -3.64629501453422,37.2080699905095,630.0 -3.64633692453547,37.2081169295804,630.0 -3.6463719606282,37.2081529714865,630.0 -3.64641102027506,37.2082000779228,630.0 -3.64645594771736,37.2082439991158,630.0 -3.64649098381006,37.2082919432947,629.999899999995 -3.64654596879029,37.2083289917639,629.971799999999 -3.64659408076027,37.2083670454302,629.127800000002 -3.64664101953051,37.2084010760718,629.044800000003 -3.64667706173635,37.2084419793589,629.216499999995 -3.64671997695239,37.2084780218252,629.0 -3.64676792183574,37.2085150702031,629.0 -3.64681703991887,37.208553961572,628.881200000003 -3.64687604845324,37.2085700549905,629.0 -3.64693203954659,37.2085990566183,628.888300000006 -3.64698601931201,37.208624034526,629.0 -3.64702591708703,37.2086629265542,628.653600000005 -3.64707503427183,37.208706009683,628.735199999996 -3.64711007126286,37.2087410460976,629.0 -3.64715298647892,37.208786978826,628.318100000004 -3.64719891913601,37.2088270441104,628.443700000003 -3.64724602589121,37.2088719715779,628.0 -3.64729195854832,37.2089060019919,628.0 -3.64731106930768,37.2089279627439,628.102499999994 -3.64733805919037,37.2089489168512,628.008700000006 -3.64737896218021,37.2089849590754,628.141099999993 -3.64742506282229,37.2090240190482,628.170400000003 -3.64746395538252,37.209061067158,628.0 -3.64750100280315,37.209099958961,628.007100000003 -3.64754995290129,37.2091400247946,628.0 -3.64760108321061,37.2091819343164,627.925700000007 -3.64763896875943,37.209225017149,627.954500000007 -3.64768607551459,37.2092640769975,627.966799999995 -3.647737037839,37.2093039746141,627.994500000001 -3.64778498182402,37.2093460514593,628.0 -3.64780794815258,37.2093700239179,628.0 -3.64785706623567,37.2094119333119,628.0 -3.64790199367797,37.2094469701142,628.0 -3.6479390410986,37.2094880409639,627.8361 -3.64797793365884,37.2095349798682,628.0 -3.64802705084364,37.2095740395563,627.955900000001 -3.64807700705489,37.2096070644549,627.999200000006 -3.64812495193824,37.2096459559765,628.0 -3.6481640115851,37.2096870274334,627.549700000003 -3.64822100879157,37.2097279314543,627.499200000006 -3.64826291789452,37.2097710139751,627.732900000003 -3.64830700720867,37.2098129238619,627.914300000004 -3.64836098607576,37.2098550011387,627.902900000001 -3.64840406927678,37.2098950665715,627.847899999993 -3.64845201416013,37.2099339586601,627.598499999993 -3.64849593459102,37.2099750299602,627.685299999997 -3.64854505267412,37.2100159331096,627.631800000003 -3.64859802632642,37.2100519755395,627.125499999995 -3.64864597120977,37.2100910349601,627.153000000006 -3.64869207185182,37.2101309328548,627.209400000007 -3.64874202716477,37.2101699929499,627.223899999997 -3.64879198337606,37.2102090523093,627.814100000003 -3.64883707880332,37.2102439213289,627.680200000003 -3.6488999429069,37.2102759400291,627.498500000002 -3.64895593400022,37.2103019240021,627.401199999993 -3.64901192509357,37.2103309256797,627.263099999996 -3.64905802573565,37.2103679731479,627.366899999994 -3.64910596972067,37.2104020036026,627.622300000003 -3.64915408169065,37.2104370399451,626.9185 -3.64919699690672,37.2104710710841,626.759099999996 -3.64924008010775,37.2105010778835,626.670199999993 -3.64928601276487,37.21053695267,626.731700000004 -3.64932892887924,37.2105760125549,626.930399999997 -3.64938693130052,37.2106120547173,626.749500000005 -3.64943001450155,37.2106479287356,627.221099999995 -3.64947393493241,37.2106799479799,627.048500000004 -3.64952808268278,37.2107190077907,627.087700000004 -3.64957703278092,37.2107649400306,627.419599999994 -3.64961894188387,37.2108080233901,627.0 -3.64968700363969,37.2108410477487,627.0 -3.64972304584554,37.2108660263452,627.0 -3.649748023502,37.2108950270905,627.0 -3.64979596838535,37.2109270462299,627.0 -3.64984408035533,37.210964932606,627.0 -3.64989101912557,37.2110009745826,627.009600000005 -3.64993292822852,37.2110289700964,627.040500000003 -3.64997902887056,37.2110640068632,627.0 -3.65002999119497,37.2110960252155,627.0 -3.6500670386156,37.2111250265879,627.0 -3.6501200122679,37.2111580515231,627.0 -3.65016108414099,37.2111850410855,627.0 -3.65021204556706,37.2112160542091,627.0 -3.65025194334212,37.211240026789,627.0 -3.65031095187649,37.2112740568505,627.0 -3.65035403507752,37.211298029412,627.140799999994 -3.65040801484293,37.2113310542716,626.990000000005 -3.65047004081836,37.2113659227727,626.936900000001 -3.65052100314272,37.2113979417123,627.362699999998 -3.65057699423608,37.2114359952617,627.232000000004 -3.6506309731032,37.2114619795506,626.993100000007 -3.65067606763213,37.2114839402742,627.330400000006 -3.65072702995653,37.2115139473862,627.262400000007 -3.65077698616778,37.2115439544864,627.255300000004 -3.65084605313842,37.2115739615745,627.054900000003 -3.65090304944656,37.2116069863133,627.013300000006 -3.65094596556093,37.2116379992635,626.867700000003 -3.650996926987,37.2116790703515,627.0 -3.65105006862426,37.2117099158629,627.217499999999 -3.65111796149682,37.2117360674666,627.0 -3.65116992993431,37.2117729482666,626.889800000004 -3.65123094979661,37.2117969199542,626.703599999993 -3.65128995833099,37.2118279335418,627.012000000002 -3.65134896686539,37.2118619640534,626.8554 -3.65140797539976,37.2118970004335,626.682199999996 -3.65146296127829,37.2119320367972,626.535699999993 -3.65152800469477,37.2119640554966,626.2022 -3.65158500190124,37.2119979185383,626.845400000006 -3.65164099299459,37.212033960737,626.693899999998 -3.65170100674375,37.2120669852744,626.428899999999 -3.65175800395022,37.2121030274401,626.253400000001 -3.65180494272045,37.212147954388,626.429799999998 -3.65185992770069,37.2121860082746,626.310899999997 -3.65192497111713,37.212215009228,626.703599999993 -3.65198599187776,37.2122470285227,626.8609 -3.65204801785319,37.212271000775,626.897400000002 -3.65211205515651,37.2122959788982,626.9421 -3.65217408203026,37.2123239746468,627.151800000007 -3.65223594002072,37.2123559931798,627.532300000006 -3.65230098343719,37.2123749360115,627.297999999995 -3.65236602685363,37.2123970645924,627.246799999994 -3.65242604150115,37.212424054427,627.403099999996 -3.65249192304578,37.2124429972416,627.068700000003 -3.6525539499195,37.2124669694317,627.365600000005 -3.65261496978181,37.2124899357385,626.989499999996 -3.65267598964411,37.2125159196645,627.299299999999 -3.65273701040475,37.2125410658292,627.028000000006 -3.65280004249329,37.2125600086144,626.803599999999 -3.65286307368349,37.2125839807674,627.0 -3.65292493257229,37.2126089587869,627.326499999996 -3.65298695854771,37.212630919892,627.306400000001 -3.65304294964106,37.2126649500415,626.883199999997 -3.65310296428855,37.212687916288,627.0 -3.65316800770502,37.2127100447772,627.0 -3.65322098135732,37.2127219471273,627.0 -3.65325702356313,37.2127320051375,627.0 -3.65330999721547,37.2127459192288,627.0 -3.65336799963672,37.212754972079,627.0 -3.65344393961759,37.212770059445,627.0 -3.65349993071091,37.21277894417,627.0 -3.65355592180426,37.2127869904292,627.0 -3.65360705211362,37.2128010719171,626.943199999994 -3.65366606064799,37.212809957354,627.0 -3.65372406306925,37.2128220270951,627.0 -3.65376697828532,37.2128399639386,626.900999999998 -3.65384006881009,37.2128480109067,626.982799999998 -3.65389404857551,37.2128609191058,627.0 -3.65394802744263,37.2128739947093,626.704500000007 -3.6540050246491,37.212888076181,626.816300000006 -3.65406101574242,37.2129070195945,626.308699999994 -3.65411801294889,37.2129219395235,626.0 -3.65417299792913,37.212931997507,625.923800000004 -3.65424307101285,37.2129529526486,626.0 -3.65430006732102,37.2129680399749,625.724900000001 -3.6543260510906,37.2129769246767,625.902700000006 -3.65435505319955,37.2129869826529,626.0 -3.65440903206665,37.2130030758413,625.567899999995 -3.65446301183206,37.2130200074886,625.875400000004 -3.65452202036647,37.2130339215268,626.0 -3.65458605766982,37.2130490088369,625.540099999998 -3.65465495755377,37.2130619170017,625.828800000003 -3.65473307684752,37.2130729808345,626.0 -3.65479191739694,37.2130800219098,625.521900000007 -3.65485796692652,37.2130870629845,625.411600000007 -3.65492200512818,37.2130900805877,625.486399999994 -3.65498604243153,37.2130909183339,625.512900000002 -3.65505795885823,37.2130929300693,625.566300000006 -3.65512501450093,37.2130979594074,625.686199999996 -3.65519106403052,37.2130969535399,625.671900000001 -3.65525191680617,37.2130989652751,625.724000000002 -3.65531293666847,37.21310298803,625.1005 -3.65536993387494,37.2131049997651,625.0 -3.65544402961453,37.21310298803,625.0 -3.65549800937995,37.2131049997651,624.981899999999 -3.65556305279639,37.2131019828779,624.829199999993 -3.65562507877181,37.2131080173675,624.970700000005 -3.65569900742477,37.2131140525722,625.0 -3.65575499851809,37.2131120408374,625.0 -3.65581199482626,37.2131120408374,625.0 -3.65588407923792,37.2131170701743,625.0 -3.6559610253319,37.2131100291025,625.0 -3.65602992431754,37.2131110349699,625.0 -3.65610502617025,37.2131100291025,625.0 -3.65617694349528,37.2131049997651,624.965599999996 -3.6562470156807,37.2131049997651,624.960300000006 -3.65631205999547,37.2130999711427,624.828200000004 -3.65637207374466,37.2131060056326,625.0 -3.65642907095109,37.2131019828779,624.891600000003 -3.65650299960406,37.2131019828779,624.8894 -3.65657307178948,37.213116064307,624.265799999994 -3.65663107510907,37.2131219313895,624.295899999997 -3.65670500286366,37.2131279665931,624.0 -3.65677608206053,37.2131360128149,623.776800000007 -3.65684799848723,37.2131420480173,623.876099999994 -3.6569049956937,37.2131549561661,623.898799999995 -3.65696098678702,37.2131710493188,623.533500000005 -3.65702804153143,37.2131970330102,624.0 -3.65708604485101,37.2132119528818,623.822899999999 -3.6571400237181,37.2132320694856,623.884000000005 -3.65718997992935,37.2132550362749,623.905899999998 -3.65724597102271,37.2132709620004,623.785399999993 -3.65729995078813,37.2132900727234,623.914000000004 -3.65735393055355,37.2133130387797,623.6682 -3.65742500885209,37.213330976222,623.138999999996 -3.65748401738649,37.2133599774507,623.713000000003 -3.65753196137151,37.2133849559287,623.861999999994 -3.657591976019,37.2134050724864,623.803599999999 -3.65765500810757,37.2134330678236,623.779599999994 -3.657712005314,37.2134520111002,623.462899999999 -3.65777503740254,37.2134759829697,623.092199999999 -3.657837063378,37.2134969379602,623.212899999999 -3.65788701958925,37.2135190662121,623.369300000006 -3.65795105689261,37.2135480673686,623.367899999997 -3.65801308286803,37.2135760626526,623.0 -3.65808198185367,37.2135950058934,623.0 -3.65813193806493,37.2136209901542,623.0 -3.65819497015346,37.2136419451044,623.0 -3.65824894991892,37.2136550205726,623.0 -3.65831801688952,37.2136719520736,622.7929 -3.65837803153701,37.2136890509757,622.856599999999 -3.65844005751246,37.2137150352041,622.7264 -3.65849403637955,37.2137400128491,622.849499999997 -3.65855103358602,37.2137589560487,622.773799999995 -3.65860501335144,37.2137819226776,623.0 -3.65866905065479,37.2138020391295,623.0 -3.658724035635,37.2138189705975,622.738400000002 -3.65877902151353,37.2138350636084,622.217799999999 -3.65883400649377,37.2138560184992,621.971600000004 -3.65888295659191,37.2138789850985,621.942299999995 -3.65894800090671,37.2138979282632,621.906300000002 -3.65899695100485,37.2139210622541,621.927100000001 -3.65905092987194,37.2139329644132,621.696299999996 -3.65912402039674,37.2139480515436,621.637600000002 -3.65918906381318,37.2139720239709,621.580100000006 -3.65925595147093,37.2139929788236,622.0 -3.65932602455468,37.2140070608018,621.403699999995 -3.65938302086282,37.2140129278151,621.511599999998 -3.65943700062824,37.2140280149294,621.068899999998 -3.65950506148573,37.2140499756215,621.0 -3.65956608224636,37.2140670751533,621.0 -3.65963598734513,37.2140840065618,621.0 -3.65969700720743,37.2140970819534,621.0 -3.65974998085973,37.2141190426254,621.0 -3.65980798417932,37.2141309447532,621.0 -3.65985894560539,37.2141430149984,621.0 -3.65991393148393,37.2141569288295,621.0 -3.6599789749004,37.2141689990705,621.0 -3.66004401831687,37.214184924603,621.0 -3.66010202073812,37.2141929707122,621.0 -3.66015801183148,37.2142020233888,621.0 -3.66023294659752,37.2142030292417,621.0 -3.66029296034671,37.2142149313563,620.928700000004 -3.66035498722046,37.2142229781777,620.419099999999 -3.66041399575484,37.2142330367031,620.892699999997 -3.66047602173026,37.2142350484081,620.713300000003 -3.66054207125984,37.2142410835226,621.0 -3.66061298157343,37.2142489622222,620.925199999998 -3.66067400233403,37.2142529856312,620.1639 -3.66073401608322,37.2142650551414,620.681200000006 -3.66079403073074,37.2142690785495,620.630499999999 -3.66085203405032,37.2142749462577,620.004199999996 -3.66091104258469,37.2142819872209,620.0 -3.66098295901139,37.2142910391714,619.962599999999 -3.66105504342305,37.2143029419875,620.0 -3.66111002840328,37.2143119939356,620.0 -3.66116501428182,37.2143170231925,620.0 -3.66122402281619,37.2143170231925,620.0 -3.66127900779643,37.2143260758542,619.828599999993 -3.66133701021768,37.2143409955026,620.0 -3.66139400742415,37.2143450189067,619.401700000002 -3.66146793607708,37.2143589327005,619.0 -3.6615380082625,37.2143730146104,618.965299999996 -3.66161294302858,37.2143770380128,618.866299999994 -3.66166792800879,37.2143869283991,619.0 -3.66172391910214,37.2143909518007,619.0 -3.6617960035138,37.2143989986033,619.0 -3.66186791994049,37.2144060388395,619.0 -3.66194101046526,37.2144060388395,618.550399999993 -3.66200806610797,37.2144130797904,618.714999999997 -3.66202298532823,37.2144130797904,618.716799999995 -3.6620630510882,37.2144149240873,618.762700000007 -3.6621269213049,37.2144110680902,618.685100000002 -3.66219095860825,37.2144030212889,618.514500000005 -3.66226203780509,37.2143929635015,618.300099999993 -3.66233596555972,37.2143830724005,619.0 -3.66240804997138,37.2143770380128,618.397599999997 -3.66248298473742,37.2143730146104,618.0 -3.6625560743639,37.2143669795065,618.595700000005 -3.66263000301683,37.2143699970586,617.9136 -3.66268800543811,37.2143689912079,617.821100000001 -3.66274500264455,37.2143679853572,617.805900000007 -3.66281691907125,37.2143810606996,618.0 -3.66287391627772,37.2143790489985,618.0 -3.66294298324836,37.2143939693518,617.953800000003 -3.66301406154689,37.2143959810524,617.460399999996 -3.66308094920464,37.2144100622401,617.781199999998 -3.66315202750318,37.2144259877218,617.329599999997 -3.66322092738716,37.2144390637695,617.441999999995 -3.66328999435776,37.2144529775459,617.759300000005 -3.6633610726563,37.2144610243419,617.9467 -3.66342997164198,37.2144749381143,617.479500000001 -3.66349803249947,37.2144970667947,617.763399999996 -3.66356894371135,37.2145119864093,617.849799999996 -3.66363801068198,37.2145280792724,617.468900000007 -3.66370992710868,37.2145389762027,617.054499999998 -3.66377497052515,37.2145659659865,617.3266 -3.66383699739887,37.2145949674559,617.0867 -3.66390505825639,37.2146179338303,617.380300000004 -3.6639439499183,37.2146469352798,617.170100000003 -3.66401201077579,37.2146749301561,616.998999999996 -3.66407906641849,37.2146950470853,617.0 -3.66413991919417,37.2147190192753,616.937900000004 -3.66420496261061,37.2147470148402,617.0 -3.66426799469914,37.2147689753231,616.942599999995 -3.6643300206746,37.2147969708695,617.0 -3.66439405797792,37.2148199371824,617.0 -3.66445591686671,37.2148529619312,616.811300000001 -3.66451106983188,37.2148739165393,617.0 -3.66453504227355,37.2148809574465,617.0 -3.66458700981274,37.214895039259,617.0 -3.66464098957816,37.214914988012,617.0 -3.6646959745584,37.2149260522885,617.0 -3.66476302930277,37.2149389601321,616.920199999993 -3.66481902039612,37.2149659504881,616.8128 -3.66487098883361,37.2149840549394,616.592099999994 -3.66493904969113,37.2150110445639,616.2071 -3.66500493123576,37.2150299881597,616.0 -3.66506595199636,37.2150509427186,616.087100000004 -3.66509394709387,37.2150569777679,616.0 -3.66511607529428,37.2150730712301,616.0 -3.66517491674202,37.215094025777,616.0 -3.66523291916327,37.2151119627958,616.0 -3.6653009800208,37.2151339231724,616.022899999996 -3.66535596589933,37.2151540399792,616.0 -3.6654050830841,37.2151760003435,616.022899999996 -3.66545906284955,37.2151939380583,616.0 -3.6655090190608,37.2152150606884,615.973100000003 -3.66555998138517,37.2152360151959,615.7742 -3.66561496636541,37.2152529463421,615.798299999995 -3.66566492257666,37.2152760806329,615.834600000002 -3.6657339895473,37.2152990468,615.835999999996 -3.66578293964544,37.2153240253514,615.801300000006 -3.66583205772853,37.2153490031791,615.768299999996 -3.66589307759084,37.2153810218591,615.674700000003 -3.66594102247419,37.2154049945465,615.9041 -3.66598695513131,37.2154309781839,615.808600000004 -3.66604998721984,37.2154619909931,615.4908 -3.66610296087215,37.2154809344757,615.917799999996 -3.66617102172964,37.2155060803677,615.393400000001 -3.66622902415093,37.2155139589352,615.0 -3.66629205623946,37.2155399432504,615.0 -3.66635592645616,37.2155669326761,614.934599999993 -3.66640202709824,37.2155900668706,615.0 -3.66645399463742,37.2156130329422,614.979399999997 -3.66651199795698,37.2156460580591,614.920499999993 -3.6665659768241,37.2156770707799,614.886100000003 -3.6666189504764,37.2156980258744,614.798999999999 -3.66666706244638,37.2157219977456,615.0 -3.66673998498619,37.2157379236658,614.699299999993 -3.66680301707473,37.21576206364,614.725699999995 -3.66686906660432,37.2157830179955,614.716 -3.6669319307079,37.2158049788921,614.492599999998 -3.6669989863506,37.215826939067,614.7068 -3.66706604109501,37.215846049858,614.139200000005 -3.66713192353793,37.2158670049056,614.500599999999 -3.66719394951336,37.2158960058749,614.0 -3.66725999904294,37.2159129375884,614.0 -3.66732403634626,37.2159280250381,614.0 -3.66739092400401,37.2159530033813,614.0 -3.66744892642527,37.2159540092108,614.0 -3.66752000562214,37.2159570266994,613.981199999995 -3.66759192204883,37.2159630616761,613.801099999997 -3.66764992447009,37.2159660791643,613.8753 -3.66771798622591,37.2159719460252,613.442200000005 -3.66778101741615,37.2159759693423,613.111199999999 -3.66784807305885,37.2159959185248,613.181200000006 -3.6679169720445,37.2160160351017,613.017200000002 -3.66798603901513,37.2160319609598,613.184899999993 -3.66804404143639,37.2160379959305,613.040699999998 -3.6681149526483,37.2160559327249,613.301000000007 -3.66816507684451,37.2160790667695,612.964099999997 -3.66823498194327,37.2160980100971,612.875799999994 -3.66830404891391,37.2161169534201,612.344599999997 -3.66835903389415,37.2161300291747,612.601800000004 -3.6684110014333,37.2161469601203,612.983999999997 -3.66846095764459,37.2161699267376,612.640400000004 -3.6685110818408,37.2161910490945,612.974700000006 -3.66856606682104,37.2162049632633,612.589500000002 -3.66863194836567,37.2162329589922,612.919800000003 -3.66868492201797,37.2162520696803,612.558099999995 -3.66874896021963,37.2162800646765,612.183999999994 -3.66881199140983,37.2163090662023,612.630999999994 -3.66885691885217,37.2163360560682,612.450200000007 -3.66892497970966,37.216359022628,612.057799999995 -3.66897493592091,37.216380983357,612.247099999993 -3.66903193312738,37.2164140074224,612.184999999998 -3.66906898054801,37.2164480380117,612.0 -3.66912296031343,37.216485924477,612.0 -3.66916302607344,37.2165350423623,612.0 -3.66921700494053,37.2165739346051,611.968399999998 -3.66927903181428,37.2166049476598,611.875199999995 -3.66932798191241,37.2166460189055,612.0 -3.66938598433367,37.2166780377504,611.994099999996 -3.66944700509431,37.2167060333038,611.936300000001 -3.66950299618763,37.2167390579423,612.0 -3.6695599924958,37.2167710767478,612.0 -3.66962403069745,37.2167920315384,612.0 -3.66968907411392,37.2168129863232,612.0 -3.66974892077645,37.2168329352844,612.0 -3.66981497030604,37.2168399760088,612.0 -3.66987498495353,37.2168619365978,612.0 -3.66993499960105,37.2168820529437,612.0 -3.66998897846813,37.2168989844359,612.623999999996 -3.67005603411084,37.2169130665871,612.982499999998 -3.67011906619938,37.2169320097054,613.013800000001 -3.67017405117961,37.2169539702675,613.994699999996 -3.67023708326815,37.216967045877,614.0 -3.67029407957629,37.216989006429,614.107499999998 -3.67036096723404,37.2170010762169,615.0 -3.67041997576841,37.2170220309436,615.0 -3.67047697297488,37.2170319216986,615.0 -3.67054603994551,37.2170500263694,615.0 -3.67060404236677,37.2170609229354,615.0 -3.6706670744553,37.2170820457582,615.0 -3.67072507777489,37.2170909299755,615.0 -3.67080202297054,37.2171019946483,614.885299999994 -3.67086304373118,37.2171160760462,613.649699999994 -3.67092892527581,37.2171289842304,611.637700000007 -3.67098994513811,37.2171390423685,610.698300000004 -3.67104895457078,37.2171539621759,610.658100000001 -3.67110695699207,37.2171680435642,610.474000000002 -3.67115993064437,37.2171829633659,610.0 -3.67121692785084,37.21719905709,610.0 -3.671272080816,37.2172109594473,610.0 -3.67131801347312,37.2172300698877,610.095400000006 -3.67137199234021,37.2172399606153,610.606899999999 -3.67142898954668,37.2172560536118,611.396599999993 -3.67150107395834,37.2172729850201,613.848199999993 -3.6715689677292,37.2172909222362,615.621599999999 -3.67163602247357,37.2173110391832,616.191300000006 -3.67168698479797,37.2173479194041,617.0 -3.67172805577277,37.2173879851502,616.530199999994 -3.67176996577402,37.2174169862502,616.0 -3.67178102942507,37.2174610751976,615.756999999998 -3.6717939373174,37.2175199157425,615.349700000006 -3.67179695475841,37.2175629988216,614.475099999996 -3.67177901809714,37.2176189899766,614.562099999996 -3.67177600065612,37.2176669346368,613.559800000003 -3.67176393089195,37.2177180640806,612.649099999995 -3.67175504565546,37.2177720435099,611.035399999993 -3.67176795354779,37.2178240112913,610.054300000003 -3.67178002331196,37.2178699442133,610.0 -3.67182092720009,37.2178989458433,609.980200000005 -3.67183903274466,37.2179279474622,609.640599999999 -3.67188798284279,37.2179559425518,609.4182 -3.6719409564951,37.2179750535188,609.0 -3.67199107979301,37.2180000311841,609.0 -3.67204103600427,37.2180260153585,609.005900000004 -3.67208495733345,37.2180650749431,609.001099999994 -3.67213407541658,37.2180920648961,609.0 -3.67218704906888,37.2181130193198,609.037800000006 -3.67224404627532,37.2181379976549,609.0 -3.67230003736867,37.2181599578659,609.0 -3.67235904590304,37.2181879535848,608.865399999995 -3.67241403088328,37.2182119260955,609.0 -3.67247907429975,37.2182409275941,608.969200000007 -3.67254093318851,37.2182749580747,609.0 -3.67259994172292,37.2183120059342,609.0 -3.67264503625185,37.2183530769659,609.0 -3.67270404478625,37.2183820784102,609.0 -3.67275601232544,37.2184100740466,609.0 -3.67281502085981,37.2184439370566,609.0 -3.67286497707106,37.2184650594921,609.0 -3.67292901527271,37.2184880261191,609.0 -3.6729950648023,37.2185140101254,609.0 -3.67305591667965,37.2185420049974,608.742800000007 -3.67311894876819,37.2185720128791,608.384600000005 -3.67317795730259,37.2186080547986,608.0 -3.67323495450903,37.2186439293071,608.0 -3.67328507870527,37.2186690748601,608.0 -3.67333201657718,37.218695058804,608.652199999997 -3.67339303733781,37.2187299274786,608.013099999996 -3.67344902843113,37.218768987414,608.0 -3.67351206051967,37.2187959771152,608.0 -3.67357006294096,37.2188320189277,608.0 -3.67363795671182,37.218854985443,607.955900000001 -3.67369998268724,37.2188799635323,608.0 -3.67374893278538,37.2189109770697,607.997900000002 -3.67379402731431,37.2189319312658,608.0 -3.67385404196183,37.2189589209087,608.0 -3.67390299205996,37.2189919459917,608.0 -3.67395294827125,37.219015918247,608.0 -3.67401497424667,37.2190390520992,607.883199999997 -3.67408202988934,37.219059001187,607.309099999999 -3.67412896865958,37.2190769386938,607.713000000003 -3.67418495975293,37.2190920255109,607.215500000006 -3.67423692729212,37.2191099630098,607.459400000007 -3.67430498814961,37.2191329294404,607.977499999994 -3.67437003156608,37.2191570697589,607.467300000004 -3.67443893145006,37.2191760123137,607.0 -3.67450799752236,37.2191979729379,607.446400000001 -3.67457505316507,37.2192169161978,607.234299999996 -3.67462601548943,37.2192350210596,607.103799999997 -3.67468200658279,37.2192519527389,607.0 -3.67475107355339,37.2192710633776,607.0 -3.67481594898491,37.2192960413292,607.0 -3.67487797496033,37.21932806048,607.0 -3.67494402448992,37.2193530384127,606.985100000005 -3.6750040391374,37.219385056824,606.892000000007 -3.67506505899971,37.2194160701537,607.0 -3.6751269178885,37.2194390364911,606.937999999995 -3.67518106474055,37.2194569739076,607.0 -3.67523202706495,37.2194769228849,606.904899999994 -3.67527795972204,37.21950408044,606.894100000005 -3.67532607169205,37.2195250351868,606.806599999996 -3.67539195323665,37.2195379429589,606.841100000005 -3.67545196788417,37.2195679504444,606.774699999994 -3.6755149999727,37.2195840436596,606.696500000005 -3.67558104950229,37.2196049983842,606.613100000002 -3.6756440806925,37.2196299762252,606.888500000001 -3.67571197446336,37.2196460694273,606.074299999993 -3.67577400043878,37.2196569663336,606.0 -3.67583502119942,37.2196650125745,605.976800000004 -3.67589805238962,37.2196789268178,606.0 -3.67596494004737,37.2197030662463,605.948399999994 -3.67602093114072,37.2197149689239,606.0 -3.67609502777861,37.2197280447702,606.0 -3.67616292065114,37.219734917833,605.644400000005 -3.67623399984801,37.2197520167915,605.957800000004 -3.6763020607055,37.2197610695164,606.0 -3.67636207535302,37.2197780010777,606.0 -3.67643197955348,37.2197759888053,605.712 -3.67650305875032,37.2197780010777,605.568400000004 -3.67657296384911,37.2197880588626,605.800499999998 -3.67664303603454,37.2197959384135,605.653999999995 -3.67671696468747,37.2197959384135,605.0 -3.67678904909912,37.2197979499702,605.0 -3.67686096552582,37.2197989557484,605.0 -3.67692399761439,37.2198039846396,605.0 -3.67697797737981,37.2198070019742,605.0 -3.677029944919,37.2198130373583,605.0 -3.6770829185713,37.2198249393032,605.0 -3.67714595065984,37.2198289624147,605.0 -3.67720495919421,37.2198380151304,605.003299999997 -3.67726698516963,37.2198499177866,605.0 -3.67733001725817,37.2198650051644,605.0 -3.67739204323359,37.2198750629376,604.8986 -3.67745004565488,37.2198809302098,604.348400000003 -3.67750804897443,37.2198780809847,604.0 -3.67757292440594,37.2198839482567,604.054900000003 -3.67762807737114,37.2198919944733,604.240399999995 -3.67768792403367,37.2198960182967,604.337299999999 -3.67774592735325,37.2199020529584,604.053400000004 -3.67780493588762,37.2199139556045,604.0 -3.67786092698098,37.2199280371929,604.0052 -3.67793200527952,37.2199449680014,603.899900000004 -3.67798699025975,37.2199580438078,603.751499999998 -3.67805907467141,37.2199669291171,603.957800000004 -3.67812696844227,37.2199840280231,604.0 -3.67818295953562,37.2199949241653,603.745200000005 -3.67824599162416,37.2200090057385,603.915099999998 -3.67831405248165,37.2200259372442,603.334700000007 -3.6783809401394,37.2200420310771,603.664999999994 -3.67845302455105,37.2200539329858,603.5524 -3.67851806796752,37.2200740499113,603.392900000006 -3.67858998439422,37.2200849460405,603.643800000005 -3.67866206880587,37.2200939987254,603.756299999994 -3.67873096868985,37.2201099244379,603.215899999996 -3.67879500599321,37.2201290348592,603.648100000006 -3.67886407296381,37.220142949017,603.965599999996 -3.67893196673467,37.2201630652034,603.482999999993 -3.67900103370528,37.2201820082208,603.752099999998 -3.67907395624512,37.2201979339147,603.212299999999 -3.67914704587156,37.2202019577217,603.310899999997 -3.67920303696492,37.2202110096773,603.158500000005 -3.67926891850955,37.2202190565744,603.0 -3.67933899159327,37.2202180508017,603.0 -3.67940705245079,37.2202210681197,603.0 -3.6794739401085,37.2202379995778,603.0 -3.67953194342809,37.2202539252599,603.0 -3.67959296329039,37.2202680067848,603.0 -3.67966303637415,37.2202909735782,603.0 -3.67972807979058,37.220315951192,603.0 -3.67979496744833,37.2203340565053,603.0 -3.67985498119752,37.2203419352839,603.0 -3.67990795484982,37.2203540052507,602.859400000001 -3.67998003926148,37.2203689251376,602.066099999996 -3.68004893914546,37.2203880354933,602.0 -3.68010995900776,37.2204140195604,602.034 -3.68016695621423,37.2204160311005,602.0 -3.68022093508135,37.2204329625149,602.0 -3.68029201427819,37.2204470440063,602.0 -3.68035705769466,37.2204659876678,602.0 -3.68041908367008,37.2204909652237,602.0 -3.68048194777366,37.2205100762638,602.0 -3.68054799730325,37.2205290191941,602.0 -3.6806200817149,37.2205409217413,602.0 -3.68068898070055,37.220551985908,602.0 -3.68075603634325,37.2205689172918,602.0 -3.68082493532893,37.2205860160613,602.0 -3.68089701974059,37.2205989243671,602.0 -3.68096793095247,37.220614011595,602.0 -3.6810369979231,37.2206339609817,601.0 -3.68110304655436,37.2206619564977,601.0 -3.681164067315,37.2206959866013,601.0 -3.68119005108457,37.2207000103818,601.0 -3.68122206973625,37.2207070507453,601.0 -3.68125492741439,37.2207139244342,601.0 -3.68130605682541,37.2207179474984,601.034700000004 -3.68134595460047,37.2207179474984,601.0144 -3.68140194569379,37.2207199590304,601.0 -3.68147101266443,37.2207209647964,601.0 -3.68154007963503,37.2207239820943,601.0 -3.68160998473383,37.2207239820943,601.0 -3.68165994094508,37.2207310231708,601.0 -3.68172800180257,37.220741081544,601.0 -3.68179505654698,37.2207499660457,601.0 -3.68185892676367,37.2207590186508,601.0 -3.68191106228782,37.2207799737643,601.0 -3.68198096738658,37.2208059576964,601.0 -3.68201902092036,37.220826073706,601.0 -3.68204399947511,37.2208560813943,601.0 -3.68206495447577,37.2208520576222,601.0 -3.6820939556864,37.2208319416196,600.700800000006 -3.68213804410221,37.220796066721,600.0 -3.68218498287245,37.2207560013543,600.0 -3.6822020823039,37.2207330347025,600.0 -3.68222303730453,37.2207229763283,600.0 -3.68224801496099,37.2207290116391,600.0 -3.68230400605434,37.2207330347025,600.0 -3.68236301458871,37.2207340404684,600.0 -3.68237206691183,37.2207680712548,600.0 -3.68240794203101,37.2207809795295,600.0 -3.68250802154021,37.2207870141203,600.0 -3.68257792663898,37.220792043661,600.0 -3.68264498228168,37.220797072486,600.0 -3.68271103091294,37.2208049512162,600.0 -3.68276400456524,37.2208119922852,600.0 -3.68282301309964,37.2208170218242,600.0 -3.68286894665506,37.2208230564122,600.0 -3.68291906995297,37.2208230564122,600.0 -3.68297103749213,37.2208279178461,599.857600000003 -3.68303004692483,37.2208329473841,599.401800000007 -3.68309106678713,37.2208379762063,599.0 -3.68311503922881,37.2208170218242,599.0 -3.68313599333114,37.2207880198854,599.0 -3.68318494432761,37.2207479545145,599.0 -3.68322702141552,37.2207179474984,599.0 -3.68328200639572,37.2207070507453,599.0 -3.68334000971531,37.2207000103818,599.0 -3.68337806324905,37.220686934704,599.0 -3.68341796102411,37.2206579327152,599.0 -3.68345601455785,37.2206269198961,598.906799999997 -3.68349608031783,37.2205900398476,598.189899999998 -3.68350999432327,37.2205769641507,598.0 -3.68358006740699,37.2206180353799,598.0 -3.68362600006411,37.2206520655034,598.0 -3.68366707103891,37.2206849224558,598.0 -3.68369305480848,37.2207310231708,598.0 -3.6836779676033,37.2207749442228,598.602599999998 -3.68360102150932,37.220834958913,599.0 -3.68357302641181,37.2209020139006,599.0 -3.68366807715202,37.2209539816718,598.538799999995 -3.68376899478935,37.2209960591733,598.0 -3.68382599199582,37.2210289159759,598.0 -3.68388097697606,37.2210530556876,597.547999999995 -3.68395993529627,37.2210860805691,597.0 -3.68400301759896,37.2211090471134,597.0 -3.68404794504126,37.2211269841327,597.0 -3.68409706312436,37.2211420719703,597.0 -3.68414299578148,37.2211720788176,597.0 -3.68423201163963,37.2212119765752,597.0 -3.684299066384,37.2212439956281,597.0 -3.68435304614942,37.2212740031502,597.0 -3.68443099745822,37.2213090394512,597.0 -3.68449604177299,37.2213360289588,597.0 -3.68456393464552,37.221354972397,597.0 -3.68462596062094,37.2213910144174,597.0 -3.68473995503388,37.221416998139,597.0 -3.68479695134202,37.2214250449075,597.0 -3.68479292868618,37.2214530401299,597.0 -3.68477499112657,37.2214919326984,597.0 -3.68474196636178,37.2215060139922,597.0 -3.68473593147971,37.2215259631429,597.0 -3.68470307469987,37.2215769247297,597.0 -3.68473593147971,37.2215990527575,597.0 -3.68478504956281,37.2216210133917,597.0 -3.68485294243537,37.2216580617538,597.0 -3.68486400698472,37.2216860568896,597.0 -3.68490507795952,37.2217160642359,597.0 -3.68494497573453,37.2217440600655,597.512400000007 -3.6849820240535,37.2217680321615,597.997600000002 -3.68503298637786,37.2218059181008,598.0 -3.68509400624017,37.2218340812839,598.0 -3.68514295633831,37.2218630828205,598.0 -3.68519391866271,37.2218959399607,598.0 -3.68523599575062,37.2219090161442,598.0 -3.68529098073082,37.2219249414735,598.325500000006 -3.68533892561418,37.2219430464006,598.519 -3.68539894026166,37.2219589717226,598.094400000002 -3.68548292645253,37.2219780823908,598.529200000004 -3.68552098088461,37.2219849559639,598.686600000001 -3.68557194231068,37.2219950141698,598.916299999997 -3.68558602430108,37.2220340738452,599.0 -3.68559507662419,37.2220469819032,599.0 -3.6856150255117,37.2220530171081,599.0 -3.6856480502765,37.2220669309109,599.0 -3.68569901170257,37.2220769891059,599.496100000004 -3.68574997402694,37.2220830243084,599.389500000005 -3.68578802756068,37.2220920767534,599.097699999998 -3.68583798377197,37.222100961096,599.264500000005 -3.68589799841946,37.2221090077916,599.185700000002 -3.68597192707239,37.2221210781909,600.0 -3.68600092828301,37.2221649991487,600.0 -3.68602406259653,37.2222119380347,600.0 -3.68605306380716,37.2222530090889,600.0 -3.68608692670011,37.222300953665,598.362299999993 -3.6861080487874,37.2223470541077,599.465500000006 -3.68614006743907,37.2223929871367,600.0 -3.6861610224397,37.2224389194225,600.841400000005 -3.6861610224397,37.2224749616403,601.0 -3.68617108087593,37.2224900492082,601.0 -3.68619304109138,37.2224930671507,601.0 -3.68626194097535,37.2224989342192,601.0 -3.68628105173471,37.2225460402826,601.233600000007 -3.68634408382324,37.2225710185803,601.0 -3.68635900304347,37.2225970026107,601.374400000001 -3.68635397427452,37.2226429354875,602.0 -3.68633804804284,37.222694065135,602.0 -3.68633603671494,37.2227460323868,602.097899999993 -3.68633503060179,37.2228070526773,603.0 -3.68633804804284,37.2228610327568,603.0 -3.68633804804284,37.2229009303363,603.0 -3.68641097058266,37.2229049532838,603.0 -3.68648707854848,37.2228980805099,603.0 -3.68654793132416,37.2228970747729,603.0 -3.68660794597164,37.2228989188624,603.0 -3.686671983275,37.2228980805099,603.0 -3.68671791593209,37.2228960690359,603.0 -3.68677306889728,37.2228930511097,603.0 -3.68680693179023,37.2228960690359,603.0 -3.68687499354605,37.2228950632989,603.0 -3.68693601340836,37.2228989188624,603.0 -3.68697792251131,37.2229019360732,602.828399999999 -3.68703207026169,37.2229119941568,602.449999999997 -3.6871049928015,37.22291098842,602.437000000005 -3.68717003621797,37.22291098842,602.445399999997 -3.68725402240884,37.2229150120823,602.481799999994 -3.68730096117904,37.222916017819,602.028999999995 -3.68735896449863,37.22291098842,602.0 -3.6874099259247,37.2229119941568,602.0 -3.68746893445907,37.2229129998935,602.0 -3.68752794299347,37.2229079712096,602.0 -3.68757404363552,37.2229140063456,602.0 -3.68761394141057,37.2229170235557,602.0 -3.68767596738599,37.2229140063456,602.0 -3.68774402914181,37.2229140063456,602.0 -3.68780605511723,37.2229200407658,602.0 -3.68788098898495,37.2229210465024,602.0 -3.68793899230453,37.2229240644276,602.0 -3.68799498339789,37.222923058691,602.0 -3.68804896226501,37.2229220529544,602.0 -3.68813596679522,37.222923058691,602.0 -3.68818793433438,37.2229220529544,602.0 -3.68821207476101,37.2229150120823,602.0 -3.68825197253606,37.222916017819,602.0 -3.68828399118771,37.2229099826832,602.0 -3.68835205204523,37.2228900338986,602.080100000006 -3.68840804313858,37.2228839987607,602.006099999999 -3.68846504034502,37.2228860102349,602.058099999995 -3.68852907764837,37.2228850044978,602.043999999994 -3.68859998886029,37.2228829930235,602.0 -3.68866402616361,37.2228819872864,602.0 -3.6887300756932,37.222876957885,602.0 -3.68878807901278,37.2228759521478,602.0 -3.6888469195622,37.2228739406733,602.0 -3.68892302752802,37.2228670671812,602.0 -3.68897398895409,37.2228690793712,602.0 -3.68903299748846,37.222872934936,602.0 -3.6891020644591,37.2228739406733,601.085900000005 -3.68916107299347,37.222872934936,601.0 -3.68922594932328,37.2228829930235,601.0 -3.68928495785768,37.2228900338985,601.0 -3.68936005971039,37.2228860102349,601.0 -3.68942108047099,37.2228850044978,601.0 -3.6894879672304,37.2228860102349,600.384999999995 -3.68953306265766,37.2228809815492,600.037100000001 -3.68959995031541,37.222879975812,600.0 -3.68966700505982,37.222876957885,600.0 -3.68972903103524,37.2228749464106,600.0 -3.68978602824167,37.2228719291987,599.949699999997 -3.68982793734463,37.2228690793712,599.205600000001 -3.68987806154087,37.2228650557064,599.0 -3.68993908140318,37.2228650557064,599.0 -3.69001401616922,37.2228640499691,599.0 -3.69007503603153,37.2228610327568,598.871799999994 -3.69011694603278,37.2228509739511,598.5429 -3.69018299466407,37.2228439330724,598.0 -3.69025105641989,37.2228429273347,598.0 -3.69031107016904,37.2228390717684,598.0 -3.69036806737551,37.2228400775061,598.0 -3.69042892015119,37.2228290136751,598.0 -3.69048692257245,37.222814931913,598.0 -3.69052598221931,37.2227949831031,598.0 -3.69058800819473,37.2227669876635,598.0 -3.69064198796015,37.2227540790134,597.848800000007 -3.69069093805832,37.2227309455853,597.0 -3.69070904360285,37.2226920529403,597.0 -3.69073804481348,37.222667075398,597.0 -3.6907920245789,37.2226459527085,597.0 -3.69087902821081,37.2226249981134,597.0 -3.69093099575,37.2226119220539,597.0 -3.69098799295647,37.2225899617083,597.0 -3.69103392561356,37.222581076708,596.910000000003 -3.69107399137357,37.2225720243216,596.456000000006 -3.69114305834417,37.2225470460242,596.0 -3.6912109512167,37.2225200569499,596.0 -3.69127096586422,37.2224910549507,596.0 -3.69133902672171,37.2224719444125,596.0 -3.69138496027713,37.222445960339,595.5101 -3.69143793392943,37.2224250056883,595.092499999999 -3.69149392502279,37.2224060625188,595.0 -3.69154907798798,37.2223899691903,595.0 -3.69159501064507,37.2223720324713,595.0 -3.69165703662049,37.2223549333914,594.458899999998 -3.69170598671866,37.2223359902043,594.0 -3.69176197781198,37.2223170470125,593.971999999994 -3.69182802734157,37.2222930743757,593.210099999997 -3.69186608087531,37.2222769817384,593.0 -3.69187597222492,37.2222369157278,593.0 -3.69192492232306,37.2222139495269,592.935599999997 -3.69194906185139,37.2222050644823,592.784799999994 -3.69197001685202,37.2222429509174,592.0962 -3.69201796173537,37.2222290371471,592.0144 -3.69206892316144,37.2222179725111,592.0 -3.69211502380349,37.2222030529899,592.0 -3.69216699134267,37.2221879653645,591.592199999999 -3.6922290173181,37.2221720400908,591.0 -3.69228400319663,37.2221589639528,591.0 -3.69233597073582,37.22214404442,591.0 -3.69239598538334,37.2221349919811,590.520399999994 -3.69245097036354,37.2221239280466,590.0 -3.6925069614569,37.2221019675589,590.0 -3.69253093389857,37.2221329804869,590.0 -3.69256395866337,37.2221730458374,590.0 -3.69268298184526,37.222174051584,589.0 -3.69278607879547,37.2221549409655,589.0 -3.69286503621736,37.2221349919811,588.197700000004 -3.6929399709834,37.2221259395411,588.0 -3.69299093240947,37.2221249337939,588.0 -3.69305295838489,37.2221309689925,588.0 -3.6931010712532,37.2221380092224,588.0 -3.69314298035616,37.2221370034753,588.0 -3.69320198889053,37.222143038673,588.0 -3.69324507209156,37.2221380092224,587.498699999996 -3.6933709682837,37.2221700285975,587.0 -3.69342293582286,37.2221799186774,587.0 -3.69346601902389,37.2222139495269,587.0 -3.69355201744098,37.2222489861066,587.0 -3.69362292775457,37.2222779874837,586.0 -3.69368294240209,37.2223029651549,586.0 -3.69375703814167,37.2223410189264,586.0 -3.69380297169709,37.2223529211877,586.0 -3.69386902122668,37.2223869519591,586.0 -3.69391495388377,37.2224179647698,586.0 -3.69394496120751,37.222437076037,586.0 -3.69419993811945,37.2225659891583,585.0 -3.69429197141862,37.2226239923728,585.0 -3.69433505461964,37.2226529936057,585.0 -3.6943930570409,37.2226779718679,585.0 -3.69443194960113,37.2227009379275,585.0 -3.69449095813554,37.2227240720802,585.0 -3.69457393911159,37.2227740285494,585.0 -3.69464803485117,37.2228080591308,585.0 -3.69470100850348,37.2228370602929,585.0 -3.69476202836578,37.2228610327568,585.0 -3.69482103779848,37.2228950632989,585.0 -3.69488507510181,37.2229379780697,585.0 -3.69493804875411,37.2229639619737,585.0 -3.69497794652913,37.2229840788384,585.0 -3.69526494299105,37.2231510465335,584.039600000004 -3.69530601396584,37.2231860826779,584.034400000004 -3.6953539588492,37.2232199456897,584.0 -3.69540894382943,37.2232519646055,584.0 -3.69546292359485,37.223279959865,584.0 -3.69551002945172,37.2233139902182,584.0 -3.69555797433507,37.223343997632,584.0 -3.69560893665944,37.2233729993033,584.0 -3.69576601337507,37.2234650321822,584.0 -3.69585100567905,37.2235129767032,584.0 -3.69589392089512,37.2235369489522,584.0 -3.69593801020927,37.2235609211937,584.001999999993 -3.69601596151803,37.2236019929439,584.923500000004 -3.69606692384243,37.2236330059703,584.628800000006 -3.69611604102723,37.2236579839081,584.178799999994 -3.69617706178783,37.2236960377113,584.694699999993 -3.69622098311702,37.2237210156281,584.537700000001 -3.69628099686621,37.2237490114289,584.186900000001 -3.69633296530369,37.2237719778776,584.0 -3.69637001272436,37.2237969557694,584.295499999993 -3.69645601114145,37.2238350095024,584.114499999996 -3.69650596735271,37.223857975925,584.0 -3.69656899944124,37.2238829537882,584.0 -3.69662197309355,37.2239129609757,584.0 -3.6966799755148,37.2239290546946,584.213399999993 -3.69672892651127,37.2239540325342,584.0 -3.69678106203542,37.2239719695923,584.232300000003 -3.69683101734837,37.2239949359731,584.097500000003 -3.69689505555002,37.2240200818882,584.0 -3.6969579196536,37.2240430482544,584.0 -3.69701894041424,37.2240680267717,584.0 -3.69708800648655,37.2240909931232,584.0 -3.69714802113403,37.2241199945073,584.0 -3.69721407066362,37.224131058149,584.0 -3.69729202197239,37.2241669328919,584.0 -3.69735304273302,37.2241810144016,584.0 -3.69739394662116,37.2241939228075,584.0 -3.6974509429293,37.2242219184327,584.0 -3.6975320805624,37.2242559490761,584.0 -3.69757600099329,37.2242730477251,584.0 -3.69764305663596,37.2242960140142,584.0 -3.69768898929308,37.2243159631424,584.0 -3.69776392316083,37.2243459701576,584.418399999995 -3.69782695524936,37.2243699428572,584.0 -3.69787707944557,37.2243870414803,584.0 -3.69794497231814,37.2244019612847,584.0 -3.6979920790733,37.224423921818,584.0 -3.69804807016665,37.2244519173579,584.046900000001 -3.69810003770584,37.2244730402569,584.361499999999 -3.69814597036296,37.2244970122008,584.053100000005 -3.69819307711812,37.224514949845,584.022299999997 -3.69823196878006,37.2245389217756,584.000499999995 -3.69829500086859,37.2245709408467,584.0 -3.6983560216292,37.2245989363319,584.0 -3.6984089943832,37.2246240820456,584.0 -3.69844000782006,37.2246480539415,584.0 -3.69848107879486,37.2246740379716,584.0 -3.69850505123653,37.2246929812868,584.0 -3.69860798110009,37.2247560128571,583.6296 -3.69865106430112,37.2247930611099,583.672399999996 -3.69870001439925,37.2248259184043,583.104300000006 -3.69876405260094,37.2248770480025,583.0 -3.69880093293491,37.2249149338107,583.137499999997 -3.69884502135076,37.2249580169578,583.210399999996 -3.69887603478761,37.2249890301419,583.007899999997 -3.6989139203364,37.2250260782803,583.0 -3.69897091754287,37.2250800574868,583.0 -3.69900293619455,37.2251179439083,583.0 -3.69905708394493,37.2251700790152,583.0 -3.69909396427889,37.2252059539792,583.0 -3.6991469379312,37.2252589273515,583.0 -3.69918901501911,37.2252949696523,583.0 -3.6992220397839,37.2253320176403,583.0 -3.69926998376896,37.2253749331703,583.0 -3.69930401464683,37.225431929952,583.0 -3.69932698097539,37.2254810477343,583.0 -3.69934206818061,37.2255299981061,583.0 -3.69934793597602,37.2255479355047,583.0 -3.69935095341707,37.2255819655497,583.0 -3.69936402929435,37.2256290718333,583.0 -3.69939504183292,37.2256719871943,583.0 -3.69942806659771,37.2257090357124,583.0 -3.6994880812452,37.2257599973338,583.0 -3.69954692179461,37.2257829638854,583.0 -3.69960308087292,37.225798051507,583.0 -3.69965504841211,37.2258049247319,583.0 -3.69971606917274,37.2258159888417,582.643100000001 -3.69981396936902,37.2258030807134,582.0 -3.6998270452463,37.2258649389961,582.631899999993 -3.69987297790342,37.2259039988132,582.736999999994 -3.69991404977652,37.2259400408057,583.0 -3.69996299987465,37.2259829559897,583.268299999996 -3.70000993864489,37.2260280506324,585.649900000004 -3.7000379337424,37.2260699600716,590.9663 -3.70007900561549,37.2261060027001,592.848800000007 -3.70018394680698,37.2261760750883,592.416299999997 -3.70024899022346,37.2262129552664,592.346900000004 -3.70032895375849,37.2262489978266,592.219200000007 -3.70039198584702,37.2262729699212,592.243799999997 -3.70044495949933,37.2262969420083,591.403600000005 -3.7005120142437,37.2263219204943,586.029599999994 -3.70055995912705,37.2263380136991,583.854300000006 -3.70062299031726,37.2263529331175,583.102700000003 -3.70073396728915,37.2263770732711,583.0 -3.70078895226938,37.2263940047778,583.0 -3.70085198435792,37.2264060744914,582.814199999993 -3.70090898156439,37.2264189825164,582.227499999994 -3.7009639665446,37.2264250173715,582.208100000003 -3.70103504484313,37.2264429552724,582.578099999999 -3.70108500105442,37.2264580420465,582.053 -3.70115507413814,37.226470950778,582.0 -3.70122296701071,37.2264989462732,581.954599999997 -3.70128700521236,37.2265140337515,582.0 -3.70133997886466,37.2265380057619,581.892699999997 -3.7014030109532,37.2265660012322,581.654999999999 -3.70145698982032,37.2265829326965,581.776599999997 -3.70153008034509,37.2265939966922,582.0 -3.70158204788428,37.2266119338376,581.584099999993 -3.70165195298304,37.2266270212933,581.018700000001 -3.70171900862575,37.2266489818939,581.276599999997 -3.70178405204222,37.2266749659499,581.592900000003 -3.70184993358685,37.2267029613694,581.257400000002 -3.70191698922952,37.2267239162621,581.0 -3.70198404397392,37.2267450385247,581.4427 -3.70205394907269,37.2267720282329,581.046499999997 -3.70212200993021,37.2267929831064,581.0 -3.70218805945976,37.2268179614281,581.087599999999 -3.70225897067167,37.2268300310738,581.364700000006 -3.70232803764228,37.2268449511102,581.045299999998 -3.7023659240894,37.2268489745626,581.0 -3.70240196629524,37.2268519916154,581.0 -3.7024680149265,37.2268499802469,581.0 -3.7025350705692,37.2268479681631,581.0 -3.70260195822695,37.2268529972996,581.0 -3.70267504785339,37.2268519916154,581.0 -3.70274394773736,37.2268499802469,581.273700000005 -3.70280999726695,37.2268409276576,581.679000000004 -3.70287705201132,37.2268290253893,581.423800000004 -3.702945950997,37.226821984882,581.276599999997 -3.70301703019384,37.2268149436588,581.273400000005 -3.7030810674972,37.2268000243317,581.672900000005 -3.70314694904183,37.2267859425958,581.503400000001 -3.70320897591554,37.2267760516892,581.292100000006 -3.70327804198785,37.2267559351208,581.543699999995 -3.7033449296456,37.2267420214678,581.5527 -3.70341500272935,37.2267269340351,581.414900000003 -3.7034810522589,37.2267079905156,581.711299999995 -3.70355296868564,37.2267029613694,581.715700000001 -3.70362002432831,37.226690053393,581.438099999999 -3.70369194075504,37.2266789894115,582.0 -3.70375698417147,37.2266759716365,582.0 -3.703825045029,37.2266600458799,581.799400000004 -3.70389193268671,37.2266469705201,581.863100000002 -3.70395898832941,37.2266389235934,582.0 -3.70402704918693,37.2266229985443,582.000499999995 -3.7040969542857,37.2266169629898,581.879300000001 -3.70416702736945,37.2266129402403,581.920199999993 -3.70423492024198,37.2266099224627,582.0 -3.70430801076675,37.2266099224627,582.301399999997 -3.70437892197866,37.2266149516151,582.871899999998 -3.70445201160511,37.2266159573025,582.9038 -3.70452292281702,37.2266119338376,582.823900000003 -3.70459198978765,37.2266129402403,582.8554 -3.70466005064514,37.2266189750798,582.998300000007 -3.70473196707184,37.2266179693924,582.985400000005 -3.7048040514835,37.2266149516151,582.928 -3.70487295046918,37.2266139459277,582.914799999999 -3.7049430235529,37.2266209864544,583.0 -3.70501192253858,37.2266219921417,583.0 -3.70508098950918,37.2266199807671,583.0 -3.70515005647978,37.2266229985443,583.818400000004 -3.7052100711273,37.2266360739083,583.507899999997 -3.70527897011295,37.2266370795954,584.0 -3.70534401352942,37.2266409356828,583.796199999997 -3.70540302206379,37.2266439527439,583.834700000007 -3.7054620314965,37.2266469705201,584.0 -3.70553394792319,37.2266499875809,583.831699999995 -3.70560603233488,37.2266590401931,584.0 -3.70566302954132,37.2266580345063,583.997799999997 -3.70571902063467,37.2266679254283,584.0 -3.70577903438386,37.2266669190263,584.0 -3.70584307258551,37.2266749659499,584.0 -3.70590895413014,37.2266769773231,584.0 -3.70596997399245,37.2266739602633,584.0 -3.70602797731203,37.226665075029,584.0 -3.7060869858464,37.2266620579687,584.0 -3.70614398305287,37.226665075029,584.0 -3.7062140552383,37.2266719481748,584.0 -3.70628597256329,37.2266699368016,583.876300000004 -3.70635906218977,37.2266749659499,583.239799999996 -3.7064249437344,37.2266810007845,583.0 -3.70648797582293,37.2266850242457,583.0 -3.70655704279354,37.2266850242457,583.0 -3.70662007488211,37.2266969265366,583.0 -3.70667807730336,37.2267039670556,583.0 -3.70674597107422,37.2267110082892,583.0 -3.70680296828069,37.2267130196614,583.0 -3.70686700558402,37.2267160374348,583.0 -3.70693791679593,37.2267180488069,582.252200000003 -3.70699508108903,37.2267210665802,582.0 -3.7070579451926,37.2267289454068,582.0 -3.70711293107114,37.2267309567785,582.0 -3.70716406048217,37.2267379980096,582.0 -3.70722306901657,37.2267420214678,581.250899999999 -3.70727604266888,37.2267420214678,581.019100000005 -3.70733907475741,37.2267490619825,581.0 -3.70738601352762,37.2267569408063,581.0 -3.70744200462097,37.2267740403188,581.0 -3.70751107069328,37.2267849369106,581.0 -3.7075769531362,37.2267970065616,580.334300000002 -3.70765406631684,37.2268050534714,580.293099999995 -3.70772397141561,37.226821984882,580.0 -3.70777292151374,37.2268479681631,580.0 -3.70783394227438,37.2268840104197,580.114100000006 -3.70789295080875,37.2269069773443,580.0 -3.70795195934316,37.2269259200985,580.0 -3.70801398531858,37.226954921823,580.0 -3.70807098252504,37.226976044021,580.0 -3.70813200238735,37.2270090684548,580.012900000002 -3.70818296471172,37.2270259998196,580.0 -3.70823694357884,37.2270539958241,580.032200000001 -3.70829897045256,37.2270769619816,580.0 -3.70836401386903,37.2271069693288,580.004400000005 -3.70842201629029,37.2271240680466,580.0 -3.70847800738364,37.2271460292178,580.0 -3.70853399847699,37.2271689953474,580.0 -3.70858596601615,37.2271949792242,579.361999999994 -3.70862904921718,37.2272280042774,580.0 -3.7086749818743,37.2272549938128,579.828500000003 -3.70872108251637,37.2272850010891,579.799799999993 -3.70876098029139,37.2273180253876,580.0 -3.70880708093347,37.2273490383165,579.794999999998 -3.70884999614954,37.2273780398782,579.659199999995 -3.70891001079703,37.2274140818815,580.0 -3.70895694956726,37.2274569976571,580.0 -3.70901193454747,37.2274930396227,579.986699999994 -3.7090729553081,37.2275230468043,579.822799999994 -3.70913699261146,37.2275480248842,580.0 -3.70919197759166,37.2275830611318,579.993799999997 -3.70925702190643,37.2276140746669,579.766099999993 -3.70931502432772,37.227647937121,579.573300000004 -3.70937202153416,37.2276799563027,579.3514 -3.70943203528335,37.2277089577372,579.1342 -3.70949607348503,37.2277319236953,579.0 -3.70955407590629,37.2277389648329,579.0 -3.70962096356403,37.2277520407187,578.963199999998 -3.70967695465735,37.2277629371692,579.0 -3.70974300418694,37.227783053469,579.0 -3.70980905371653,37.2277989789885,578.929900000003 -3.70987493526116,37.2278090378495,578.387100000007 -3.70992992113969,37.2278289867636,578.544299999994 -3.70998607931967,37.2278450796468,578.908800000005 -3.71004408263926,37.2278640228806,578.445000000007 -3.71011298162491,37.2278789427125,578.075400000002 -3.71018506603659,37.227895035585,578.0 -3.71024793014018,37.2279030823776,578.0 -3.71031498578284,37.2279089497406,577.705300000001 -3.71037298820413,37.2279250433219,577.734500000006 -3.71044205517474,37.227945997875,578.0 -3.71051196027353,37.2279570616706,578.0 -3.7105709688079,37.2279699701455,577.757899999997 -3.71062997734228,37.2279699701455,577.765599999999 -3.71070206175396,37.2279830459912,577.698199999999 -3.71077297296584,37.2279949480773,577.338799999998 -3.71083801638231,37.2280130529778,577.749200000006 -3.71091194413694,37.2280239493906,577.000799999994 -3.71096793523027,37.2280340075064,577.231400000004 -3.71104203186819,37.2280390365638,577.352899999998 -3.711114954408,37.2280479216363,577.278900000005 -3.7111840213786,37.228057979749,576.901800000007 -3.7112539264774,37.2280670321922,577.002299999993 -3.71131896989384,37.2280819519838,577.342000000004 -3.71138703075136,37.2280970398606,577.229000000007 -3.71143095208055,37.2281049185436,576.866500000004 -3.71154394038034,37.2281320758531,577.484100000001 -3.71162893268432,37.2281520246818,577.198499999999 -3.71170906330597,37.2281759968868,577.480599999995 -3.71176404918451,37.2281800202682,577.5772 -3.71182607515993,37.2281969520854,577.740300000005 -3.71189799158666,37.2282070101781,577.194000000003 -3.71197192023959,37.2282160626034,577.404699999999 -3.71204098721019,37.228227965368,577.640299999999 -3.71209597219043,37.2282380234566,576.908500000005 -3.71216503916104,37.2282460702126,577.096300000005 -3.7122329320336,37.2282559609262,577.324800000002 -3.71229898156315,37.2282740657641,577.288700000005 -3.71235497265651,37.2282899911799,577.0386 -3.71241800474504,37.228301054925,577.0 -3.71249193339797,37.2283069222571,577.0 -3.71256100036861,37.2283079286371,577.0 -3.71262805511298,37.2283149690057,576.862500000003 -3.71269008108841,37.2283159746704,576.8698 -3.71275495741825,37.2283260334625,577.0 -3.71281597728056,37.2283260334625,577.0 -3.71288001548221,37.2283330738294,577.0 -3.71294103534451,37.2283379354945,577.0 -3.71300406743305,37.2283389411589,577.0 -3.71306307596742,37.2283399475385,577.0 -3.71312694618412,37.2283449765755,577.0 -3.71320305414994,37.2283429645316,577.0 -3.71326508012536,37.2283399475385,577.0 -3.71332308254665,37.2283300568359,577.0 -3.71338393532229,37.2283240214181,577.0 -3.71344294385666,37.228313963341,576.796600000001 -3.71349893495002,37.2282990435952,576.449800000002 -3.71355492604337,37.2282899911799,576.256399999998 -3.71363002789608,37.2282809387634,577.0 -3.71368702510251,37.2282799330982,577.0 -3.71374201008275,37.2282660190111,576.749500000005 -3.7138120831665,37.2282529432144,576.7114 -3.71388198826527,37.2282430525004,577.0 -3.71395206045069,37.2282329944125,577.0 -3.7140229716626,37.2282180746507,576.723299999998 -3.71407896275592,37.2282120392239,576.596900000004 -3.71415104716758,37.2282049988457,576.450299999997 -3.71421491738431,37.2282019811319,576.391900000002 -3.71428498956973,37.2281919230385,576.178100000005 -3.71435405654033,37.2281880670304,576.101800000004 -3.71442597386536,37.2281749912202,575.821299999996 -3.71449604605078,37.2281699621719,575.719100000002 -3.71456192849371,37.2281590657802,575.486099999995 -3.71463300679225,37.2281490076811,576.272500000006 -3.71470592933206,37.228145989965,576.215299999996 -3.71477399018959,37.2281399552477,576.090500000006 -3.71484791884251,37.2281330815203,575.947899999999 -3.71491698581312,37.2281250354675,575.778600000005 -3.71498705799854,37.2281169886986,575.736900000004 -3.7150549517694,37.2281099475963,576.0 -3.71512301262692,37.2280970398606,576.0 -3.71519207959753,37.2280869817533,575.970199999996 -3.71525594981423,37.228087987421,576.0 -3.71531898190276,37.2280839640347,576.203399999999 -3.71538503053402,37.2280759172614,576.751499999998 -3.715453930418,37.2280740732985,576.719800000006 -3.7155149502803,37.228064015188,577.205900000001 -3.71557496492782,37.2280499336881,577.200400000002 -3.71563296734908,37.2280450720045,577.818400000004 -3.71566699822699,37.2280360195586,577.808099999995 -3.71570002299178,37.2280249550592,577.326000000001 -3.71573505908451,37.2280150650305,577.574699999997 -3.71578400918265,37.2279919303551,577.911500000002 -3.71583698283495,37.2279439858204,577.319600000003 -3.71588895127243,37.2279109610808,577.463799999998 -3.71594008068346,37.2278720696765,577.303 -3.71597897234537,37.2278360271769,576.986300000004 -3.71602892855665,37.2277939499151,576.943799999994 -3.71606497076246,37.22774399391,576.745999999999 -3.71610101296831,37.2276940378717,576.475300000006 -3.71615096917956,37.2276549782665,576.486600000004 -3.71619706982164,37.2276120626035,575.947899999999 -3.71624300247876,37.227568979542,575.886199999994 -3.71628893513585,37.2275270702206,575.694900000002 -3.71632095468585,37.2274769466644,575.0 -3.71636001433271,37.2274439217202,575.0 -3.71640292954879,37.2274070414288,575.0 -3.71645104151876,37.2273720050994,575.0 -3.71648205405733,37.2273349573983,575.0 -3.71651507882212,37.2272960649818,575.0 -3.71655698882337,37.2272630406736,575.0 -3.71660292148049,37.2272209630921,575.0 -3.71665103345047,37.2271830770118,575.005799999999 -3.71667500589215,37.2271359709836,575.030299999999 -3.71672194466238,37.2270999281322,575.0 -3.71674792843196,37.2270489667009,574.784899999999 -3.71677491831469,37.2270100741369,574.454599999997 -3.71682303028466,37.2269740326558,574.542499999996 -3.71686292805968,37.2269410074914,574.760999999999 -3.71690299381966,37.2268960807701,574.564799999993 -3.71695496135885,37.2268509859311,574.217499999999 -3.71699200967781,37.2268030413863,574.514899999995 -3.71703391878076,37.2267569408063,574.193899999998 -3.71707398454074,37.2267100026031,573.850200000001 -3.71711505551553,37.2266709424882,574.1348 -3.71716300039889,37.2266310447573,573.887600000002 -3.71721195049702,37.2265879618507,573.964999999997 -3.71726894770349,37.2265619777647,573.413100000005 -3.71734203732993,37.2265349879813,572.889999999999 -3.7173970232085,37.2265079981883,573.082599999994 -3.71744597330664,37.2264930788005,572.908100000001 -3.71751604639036,37.2264749735351,572.515799999994 -3.71756197904748,37.2264610598302,572.441099999996 -3.71760103869434,37.2264520071942,572.984400000001 -3.71765803590081,37.2264280351564,572.493499999997 -3.71771905576311,37.2264000396348,572.0 -3.7177710233023,37.2263710384123,572.0 -3.71778795474876,37.2263200764885,572.0 -3.71778694953398,37.226294930625,572.0 -3.71781008294916,37.2262399451651,572.0 -3.71784595806835,37.2261899888458,572.0 -3.71793296170026,37.2262129552664,572.0 -3.71800001734297,37.2262020593072,572.0 -3.71805097876904,37.2261899888457,572.0 -3.71808601576007,37.2261819425856,572.0 -3.71810395242134,37.2261670224181,572.0 -3.71812306318069,37.2261470737796,572.0 -3.71814502429444,37.2261070083942,572.0 -3.71817201417713,37.2260590640917,572.0 -3.71820604415674,37.2260210100503,571.903099999996 -3.71824292449074,37.225980944598,571.652100000007 -3.71826404747633,37.2259410465021,570.769700000004 -3.71828801901967,37.2258880728936,570.267900000006 -3.71831903245653,37.2258459959754,570.825299999997 -3.71834199878509,37.2257930223001,571.0 -3.71836697644158,37.2257469218179,571.0 -3.71840804831468,37.2256989772865,571.0 -3.71843202075635,37.2256470092083,570.900099999999 -3.7184539809718,37.2255960475105,570.963199999998 -3.71847795341344,37.225546929803,570.7117 -3.71850997206512,37.225500996549,570.289000000004 -3.71852606538345,37.2254520461583,570.559099999999 -3.71854299682991,37.225417009636,570.262300000002 -3.71856998671264,37.2253900201582,570.267999999996 -3.71864207112429,37.2254000786252,570.0 -3.71869806221765,37.2254270680995,570.0 -3.71874600620267,37.2254530518612,570.463399999993 -3.7188009920812,37.2254879209882,570.563099999999 -3.71885094829246,37.2255320095098,570.0 -3.71891900914998,37.2255720752006,570.0 -3.71895907490996,37.2256079499733,570.0 -3.71901003633603,37.2256520384248,570.0 -3.71905395766521,37.2256889188593,570.0 -3.71908899375791,37.2257219438567,570.0 -3.7191220185227,37.2257630151453,570.0 -3.71916493373877,37.2257990572052,570.0 -3.71920902305291,37.2258379489633,570.0 -3.7192589792642,37.2258830436927,570.0 -3.71930994069027,37.2259259589091,570.0 -3.71935805266025,37.2259710535859,570.0 -3.71940499143045,37.2260149751629,570.0 -3.71946802351902,37.2260429708275,570.0 -3.71952904427963,37.2260759949546,569.744500000001 -3.71958604058777,37.2261009735138,569.496199999994 -3.71964504912217,37.2261339976155,569.695999999996 -3.71970305244176,37.2261700402133,569.029899999994 -3.71975904353508,37.2261960237191,569.0 -3.71980397007908,37.2262240193164,569.0 -3.71985392629033,37.2262530213108,569.0 -3.71990304437343,37.2262769934041,569.0 -3.71994998314366,37.2263029768731,569.0 -3.72001402044702,37.2263319788371,569.0 -3.72007101765349,37.2263599743839,568.430200000003 -3.72013002618786,37.2263859578242,568.119399999996 -3.72019104694846,37.2264109362807,568.025099999999 -3.72024904936975,37.2264379261085,568.061900000001 -3.72030001169412,37.2264580420465,568.066900000005 -3.72036002544331,37.2264870439509,568.011700000003 -3.72042305753185,37.2265090045924,568.0 -3.72047603118415,37.226543034919,568.0 -3.72053302839062,37.2265760595425,568.0 -3.72059404825292,37.2266000315332,567.294699999999 -3.72065607422835,37.2266280276958,567.0 -3.72072195667127,37.226650993983,567.0 -3.72078700008774,37.2266759716365,567.0 -3.7208429911811,37.2267019556832,567.0 -3.72090803459754,37.2267319631796,567.0 -3.72096704313194,37.2267609642634,567.0 -3.7210250455532,37.226775046004,567.0 -3.7210760078776,37.2268030413863,567.0 -3.72112797541679,37.2268250019358,567.0 -3.7211759203001,37.2268469624788,567.0 -3.7212310732653,37.2268709350987,567.0 -3.72129293125576,37.2268950750865,567.0 -3.72134992846223,37.2269250817908,567.0 -3.72140307009949,37.2269510657516,567.0 -3.72146794553101,37.2269790617839,566.380000000005 -3.72152896629161,37.2270040393287,566.119099999996 -3.72158696871287,37.2270340467049,566.322 -3.72164698336039,37.2270610363096,566.0 -3.72170900933581,37.2270860145426,566.0 -3.72176701175706,37.2271180332476,566.0 -3.72182300285042,37.2271520640147,566.0 -3.72188603493895,37.2271790535772,566.0 -3.72194604958644,37.2272070495248,566.0 -3.72200807556186,37.2272330333885,566.0 -3.72206104921416,37.2272690754611,566.0 -3.72212408130273,37.2272930472315,566.0 -3.72218107761087,37.2273220488148,566.0 -3.72224193038652,37.2273470269613,566.0 -3.72229892759299,37.227377034201,566.0 -3.72236095356841,37.2274020123293,565.927500000005 -3.72241694466176,37.2274340309001,565.856 -3.72247092442718,37.2274670558486,565.629000000001 -3.72252792163365,37.2274950516893,565.0 -3.72258407981363,37.2275250588701,565.0 -3.72263705346594,37.2275589213642,565.0 -3.72269907944136,37.2275830611318,565.0 -3.72275104787884,37.2276169243151,565.0 -3.72280502674596,37.227647937121,565.0 -3.72286202395243,37.2276789506295,565.0 -3.72292002637369,37.2277089577372,565.0 -3.72297903490806,37.2277369527728,565.0 -3.72303603211453,37.2277669605727,565.0 -3.72309805808995,37.2277919385717,565.0 -3.72314197941914,37.2278130605353,564.997700000007 -3.72319193563042,37.2278390449055,565.0 -3.72324608248247,37.2278660342221,565.0 -3.72329805002166,37.2278970476408,565.0 -3.72334498879189,37.2279290660014,565.0 -3.72339008332082,37.22796192336,565.0 -3.72344406308627,37.2279999771373,565.0 -3.72349502541064,37.2280269671117,564.929399999994 -3.72354296939566,37.2280599918004,564.502200000003 -3.72359192039213,37.2280859753703,564.0 -3.72363701492109,37.2281200064158,564.0 -3.72368596501923,37.2281520246818,564.290399999998 -3.72373793255842,37.2281820323164,564.0 -3.72379207941046,37.2282080158442,564.0 -3.72384605917592,37.2282360114098,564.0 -3.7238980267151,37.2282630012997,564.0 -3.72395603003466,37.2282960258851,564.0 -3.72400598624594,37.2283280447916,564.0 -3.72405895989825,37.2283580523562,564.0 -3.72411193355055,37.2283880591936,564.0 -3.72416993597181,37.2284160546924,564.0 -3.72422106538284,37.2284490799261,564.0 -3.72427504514825,37.2284799250178,564.0 -3.72433003012849,37.2285089261446,564.0 -3.72438199856598,37.2285389336373,564.0 -3.72443396610516,37.2285729644784,564.0 -3.72448995719852,37.2286019655695,564.0 -3.72454293085082,37.2286359963822,564.0 -3.72460093327208,37.2286649974489,564.0 -3.72465306879622,37.2286980218584,564.0 -3.72470604244852,37.2287280292757,564.0 -3.72475700477293,37.22875904234,564.0 -3.72480696098418,37.2287930730818,564.0 -3.72486596951855,37.2288210684302,564.0 -3.72491894317085,37.2288539254001,564.0 -3.72497493426421,37.2288859440697,564.0 -3.72502991924445,37.2289159514123,564.0 -3.72508892777882,37.2289449530867,564.0 -3.72514592498529,37.2289769717176,564.0 -3.72520107795048,37.2290099967056,564.0 -3.72525606293069,37.2290460386441,564.0 -3.72531406625027,37.2290750402684,564.0 -3.72537106255841,37.2291090708677,564.0 -3.72542705365177,37.2291409220584,564.0 -3.72548304474512,37.2291709292995,564.0 -3.72553702451054,37.2292049598555,564.0 -3.72559603304491,37.2292359727236,564.0 -3.72565101802515,37.2292669855789,564.0 -3.72570399167745,37.2292979984215,564.0 -3.72576199499704,37.2293280063153,564.0 -3.72581396253622,37.2293600247836,564.0 -3.72587297107059,37.2293950609046,564.0 -3.72593097349185,37.2294250687598,564.0 -3.72598394714415,37.2294589311159,564.0 -3.72604094435062,37.2294869269324,564.0 -3.72609592933086,37.2295179396845,564.0 -3.72615192042418,37.2295499587875,563.984700000001 -3.72620707338938,37.2295819778767,564.0 -3.72626306448273,37.2296150025997,564.0 -3.7263200616892,37.229642997643,563.999800000005 -3.72637705889564,37.2296719990378,563.948799999998 -3.72642902643482,37.2297050237214,564.0 -3.72648200008713,37.2297330194464,564.0 -3.72654100862153,37.2297670497488,564.0 -3.72659096483278,37.2297950454508,564.0 -3.72664796203925,37.2298300820848,564.0 -3.72670495924572,37.2298599216828,563.873399999997 -3.72675994422593,37.2298870790755,564.0 -3.72681107363696,37.229915074733,564.0 -3.72687008217136,37.2299489375844,563.883000000002 -3.72692305582366,37.2299749212185,564.0 -3.72696999459387,37.230004928843,564.0 -3.72702497957411,37.2300349357403,563.878800000006 -3.72708499422159,37.2300639369843,563.643500000006 -3.72713696176078,37.2300999791343,563.582999999999 -3.72719194763935,37.2301330036305,563.989600000001 -3.72725296750162,37.2301579822764,563.396200000003 -3.72731097082121,37.2301889947525,563.092399999994 -3.72736696191456,37.2302200079311,562.965500000006 -3.72742697566375,37.2302500154581,562.942599999995 -3.72748598419812,37.23028203425,563.0 -3.72753895785042,37.2303190819338,563.0 -3.72759293761584,37.230354956594,562.981299999999 -3.72765496359126,37.2303829520778,563.0 -3.7277079372436,37.2304210060638,563.0 -3.72777398677315,37.2304419606385,562.939400000003 -3.72782897175339,37.230475991336,562.759099999996 -3.72788295151881,37.2305049931256,563.0 -3.72793206960191,37.23054505832,563.0 -3.72798604846903,37.2305780833366,562.9856 -3.72803600468028,37.2306169747756,562.934399999998 -3.72809501321469,37.2306469821446,563.0 -3.7281489929801,37.2306810127496,563.0 -3.72820699629969,37.2307110200931,562.979600000006 -3.72826499872095,37.2307410274246,562.828500000003 -3.72831998370118,37.2307750579872,563.0 -3.72837496957972,37.2308089204523,563.0 -3.72842995455992,37.2308409397222,562.950599999996 -3.72848695176639,37.2308729582633,562.844200000007 -3.7285399254187,37.2309079943965,562.805200000003 -3.72859692172684,37.2309390079946,563.0 -3.72865593026124,37.2309649920028,562.874800000005 -3.72871393358082,37.2309960048623,562.750700000004 -3.72876992467415,37.2310290296812,563.0 -3.72882608285413,37.2310620537705,562.937600000005 -3.72888207394748,37.2310969231649,562.863899999997 -3.72894292672316,37.2311269303429,562.697400000005 -3.72899204480625,37.2311609607313,562.725600000005 -3.72905205945374,37.2311879502894,562.424799999993 -3.72911592967047,37.2312159461791,562.147100000002 -3.72917192076379,37.2312499765273,562.0 -3.72922506150275,37.2312860188256,562.0 -3.72927904126817,37.2313210547669,562.0 -3.72933100880736,37.231354917702,562.0 -3.72937694236278,37.2313929719127,562.0 -3.72943595089715,37.2314199613878,562.0 -3.72947601575883,37.2314529860211,562.0 -3.72952798419635,37.2314809818124,562.0 -3.72957006128426,37.2315119944597,562.0 -3.72962202882344,37.2315369726487,562.0 -3.72967500247575,37.2315639627875,562.0 -3.72972797612805,37.2315939697796,562.0 -3.72977994366724,37.2316259887161,562.0 -3.72983794698679,37.2316590132591,562.0 -3.72989092063909,37.2316920377877,561.992800000007 -3.72994707881911,37.2317220454441,562.0 -3.73000105858453,37.2317510467544,562.0 -3.73005604356473,37.2317810536721,561.997000000003 -3.7301049936629,37.2318130725291,562.0 -3.73015796731521,37.2318449240081,562.0 -3.73021094096751,37.2318749308884,562.0 -3.73025503028165,37.2319029265231,562.0 -3.73030096293874,37.2319299165308,562.0 -3.73035695403209,37.2319639465568,562.0 -3.7304240096748,37.2319929484893,561.615399999995 -3.73048603565022,37.2320219496954,561.769899999999 -3.73053096219422,37.2320499452755,561.990699999995 -3.73057706283627,37.2320739176717,561.878599999996 -3.73063305392962,37.232108953962,562.0 -3.73068401625399,37.2321460021786,562.0 -3.73073799512111,37.2321790264939,561.988599999997 -3.73078795133236,37.2322130571226,562.0 -3.73083505808756,37.2322450757963,562.0 -3.73088400818569,37.2322769270927,562.0 -3.73093094695593,37.2323059281896,562.0 -3.73098392060824,37.2323310741943,561.881500000003 -3.73104007878822,37.2323619198437,561.421400000007 -3.73109204722573,37.2323959503899,561.178400000004 -3.73114300865181,37.2324329984654,561.533299999996 -3.73119397097617,37.2324700465228,561.078099999999 -3.73124795074159,37.2325040770201,561.0 -3.7313089706039,37.2325369338156,561.0 -3.7313619442562,37.232572976214,561.0 -3.73142195890372,37.2326039891272,561.0 -3.73147996132498,37.2326360076348,561.0 -3.73153494630518,37.2326700387725,561.0 -3.73159194351165,37.2327010516459,561.0 -3.73165095204606,37.2327280413679,561.0 -3.73170593792459,37.2327590542175,561.0 -3.73176293423273,37.2327890614492,561.0 -3.73181708198311,37.2328259419691,561.0 -3.73187592253252,37.2328549428549,561.0 -3.73193493106692,37.232880926918,561.0 -3.73199796315546,37.2329070783344,561.0 -3.73205496036193,37.2329360799041,561.0 -3.73211095145525,37.2329650814627,561.0 -3.73216794776342,37.2329930766925,561.0 -3.73222092141573,37.2330259339901,561.0 -3.73228093606321,37.2330549355141,561.0 -3.73233793326968,37.2330859482292,561.0 -3.73239291824992,37.2331159553307,561.0 -3.7324490773282,37.2331429456195,561.0 -3.73250305619532,37.2331739582983,561.0 -3.73255703596074,37.2332049716796,561.0 -3.73261302705409,37.2332369906472,561.0 -3.73266901814742,37.2332680032873,561.0 -3.73272601535388,37.2333020341398,561.0 -3.73278502388829,37.2333270117358,561.0 -3.73284805597683,37.233356013144,561.0 -3.73290002351601,37.2333880320474,560.998300000007 -3.73295400328143,37.2334210572491,561.0 -3.73300798214852,37.2334520698136,561.0 -3.73306196191394,37.2334810711736,561.0 -3.73311895912041,37.2335110788332,560.975000000006 -3.73317394410065,37.2335419239998,561.0 -3.73322792386607,37.2335739428243,561.0 -3.73328307683126,37.2336049560411,561.0 -3.7333400731394,37.2336389867415,560.999299999996 -3.73339505901794,37.2336760342061,561.0 -3.73345205532608,37.2337110704672,561.0 -3.73351106386048,37.2337419162672,560.998699999996 -3.73356806106692,37.2337799699884,560.9951 -3.73362606348821,37.2338150062011,561.0 -3.73368507292091,37.2338450137278,561.0 -3.73374206922905,37.233878038014,560.998200000002 -3.73380107776342,37.2339090511057,560.956699999995 -3.73385807496989,37.2339420760791,560.918600000005 -3.73391708350426,37.2339720835552,561.0 -3.73397491883888,37.2340039348373,560.960900000005 -3.7340349334864,37.2340339415735,560.864100000006 -3.73409192979454,37.2340679720803,560.619699999996 -3.73414892700101,37.2341009969841,560.715899999996 -3.73421095297644,37.2341259750306,560.201400000005 -3.73426493274185,37.2341539705446,560.616099999999 -3.734317068266,37.2341890065836,560.729200000002 -3.73436802969207,37.2342210258485,560.0 -3.73442905045267,37.2342500269128,560.0 -3.73448202410498,37.2342850636223,560.0 -3.73453700908522,37.2343140646619,560.0 -3.73459199406542,37.2343440719899,560.0 -3.73464597383084,37.2343759231148,560.0 -3.73470196492419,37.2344079423003,560.0 -3.73475694990443,37.2344349321265,560.0 -3.73480891834192,37.2344679568696,560.0 -3.73486407130711,37.2345009815983,560.0 -3.73491402751836,37.2345319944337,560.0 -3.73497001861172,37.2345609960935,560.0 -3.73502600970507,37.2345950263624,560.0 -3.73507495980321,37.2346250335786,560.0 -3.73512508310112,37.2346530289072,560.0 -3.73517503931238,37.2346820305206,560.0 -3.73522097286779,37.2347110321227,560.0 -3.73527796917596,37.2347410392927,560.0 -3.73532993761345,37.2347710464508,560.0 -3.73538391648057,37.2347960242753,560.0 -3.73542599356848,37.2348320663088,560.0 -3.73548600821597,37.2348590559833,560.0 -3.73553093565827,37.2348910749635,560.0 -3.73558307028412,37.2349190709087,560.0 -3.73563101516744,37.2349549455258,560.0 -3.73567594171144,37.2349859581744,560.0 -3.73572505979454,37.2350179771009,560.0 -3.73576998723684,37.2350499960136,560.0 -3.73581994344812,37.2350810093384,560.0 -3.7358680554181,37.2351120219352,560.0 -3.73592002295729,37.2351349884993,560.0 -3.73596997916854,37.2351649955005,560.0 -3.73601507369751,37.235195003205,560.0 -3.73606201246771,37.2352209871769,560.0 -3.73610794512483,37.2352479767121,560.0 -3.73616008064897,37.2352769780965,560.0 -3.73622193953777,37.2353019557534,560.0 -3.73627793063109,37.2353269341173,559.566300000006 -3.73633895049339,37.2353500679726,560.0 -3.73639695381298,37.2353770581767,559.632800000007 -3.73645596234738,37.2353990183747,559.122700000007 -3.7365119534407,37.2354270141312,559.731199999995 -3.73656894974884,37.2354439457514,559.137799999997 -3.7366309766226,37.2354620502937,559.524999999994 -3.73669702525385,37.2354769700525,559.657200000001 -3.73676005734239,37.2354910515958,559.0 -3.73682694500013,37.23550496578,559.0 -3.73689500585766,37.2355160298969,559.0 -3.73695803794619,37.2355259203721,559.0 -3.73702593171705,37.2355339670656,559.0 -3.73709399257454,37.2355460367465,559.0 -3.7371580298779,37.2355569335011,559.0 -3.73722592364876,37.2355609564887,559.0 -3.7372909670652,37.2355679976104,559.0 -3.73736104014895,37.2355750387315,559.0 -3.73742692169358,37.2355879466173,559.0 -3.73749297122314,37.2356020281399,559.0 -3.73754996842961,37.2356290175387,559.0 -3.73761299961985,37.2356519839452,559.0 -3.73766195061631,37.2356640543224,559.0 -3.73771995303757,37.235686015152,559.0 -3.73776605367961,37.2356979174526,559.0 -3.73782103865985,37.2357269186639,559.0 -3.73789194987176,37.2357619546871,559.0 -3.73794995229302,37.2357889447438,559.0 -3.73800594338637,37.2358169403554,559.0 -3.7380570727974,37.2358560000237,559.0 -3.73810803512177,37.235879971925,559.0 -3.73815799133302,37.2359180259973,559.0 -3.73820895365743,37.2359500445279,559.0 -3.73826896740662,37.2359830693225,559.0 -3.73831791840308,37.2360209559875,559.0 -3.73837508269618,37.2360569981507,559.0 -3.7384290624616,37.2360920340203,559.0 -3.73847901777455,37.2361339435877,559.0 -3.73853400365309,37.2361730030917,559.0 -3.73857691886916,37.2362189362816,559.0 -3.73861899595707,37.2362630249657,559.0 -3.7386479971677,37.2362950440649,559.0 -3.73868504548666,37.2363470119566,559.0 -3.73872695458958,37.2363770191906,559.0 -3.73877305523166,37.236422951541,559.0 -3.73881395911979,37.2364650289937,559.0 -3.73885100743875,37.2365079439091,559.0 -3.73889694009587,37.2365429802845,559.0 -3.7389339875165,37.2365870694942,559.0 -3.73896801839441,37.2366350135393,559.0 -3.7390139510515,37.2366730679457,559.0 -3.73905301069839,37.2367210119362,559.0 -3.73909994946859,37.2367659392402,559.0 -3.73913599167444,37.2368060046835,559.0 -3.73917404520818,37.2368529430385,559.0 -3.73920908219921,37.2368899910694,559.0 -3.73927596985696,37.236927039082,559.0 -3.73932106438588,37.2369699544496,559.0 -3.73937604936612,37.2369999621508,559.0 -3.73942902301842,37.237031980937,559.0 -3.73947395046073,37.2370710406909,559.0 -3.73953094676887,37.2370990358265,559.0 -3.73958995530327,37.2371220025004,558.934899999993 -3.73964007949948,37.2371580448523,558.931299999997 -3.73969607059283,37.2371880517635,558.887900000002 -3.73975206168619,37.2372210767309,558.986000000004 -3.73980302401056,37.2372549391616,558.991200000004 -3.73985298022181,37.2372889696447,559.0 -3.739904947761,37.2373240063722,559.0 -3.73995892662812,37.2373580368242,559.0 -3.7400130743785,37.2373870381121,558.782000000007 -3.7400660480308,37.2374160393888,559.0 -3.74010896324687,37.2374470524554,559.0 -3.74014198801166,37.2374839328423,558.998999999996 -3.74019797910502,37.2375189694791,559.0 -3.7402499466442,37.2375519943016,559.0 -3.74030292029651,37.2375830073122,559.0 -3.74035304449272,37.2376200549843,559.0 -3.74040702335984,37.2376579415418,559.0 -3.74046200923838,37.2376970009714,559.0 -3.7405260465417,37.2377239910504,559.0 -3.74058404896299,37.2377570157831,559.0 -3.74064406361047,37.2377850106639,559.0 -3.74070491638615,37.2378170298318,559.0 -3.74076392492052,37.237854078104,559.0 -3.74081505433155,37.2378919638288,559.0 -3.74086903409697,37.2379259947395,559.0 -3.74093206618551,37.2379519784852,559.0 -3.74098302761158,37.2379900322268,559.0 -3.74104103093116,37.2380220513076,559.0 -3.74110003946554,37.2380500468052,559.0 -3.74115502444577,37.238083071395,559.0 -3.74120699198496,37.2381239750367,559.0 -3.74126901885868,37.2381489531805,558.808799999999 -3.74131595673062,37.2381960594802,559.0 -3.74137898881916,37.2382230493806,559.0 -3.74142894503041,37.238260935635,559.0 -3.74148108055455,37.2383010009989,559.0 -3.74154394465813,37.2383310081702,559.0 -3.7416009418646,37.2383660444134,559.0 -3.74165592684484,37.238403930596,559.0 -3.74171191793816,37.2384379612756,559.0 -3.74176807701647,37.2384709856954,559.0 -3.74182406810983,37.2385009935143,559.0 -3.74187603564901,37.2385320061345,559.0 -3.74193001541443,37.2385700602985,559.0 -3.74198701262087,37.2386010728902,559.0 -3.74203797404694,37.2386280626456,559.289999999994 -3.74208893637134,37.2386649431698,559.346999999994 -3.74214006578237,37.2386979682054,559.778200000001 -3.74218398711156,37.2387279752187,559.745999999999 -3.74222103543049,37.2387630112774,559.693599999999 -3.74227300296967,37.2387859781595,560.0 -3.74232798794991,37.2388260432443,559.974900000001 -3.74239303136638,37.2388530329191,559.692299999995 -3.74245002857282,37.2388919250957,559.599000000002 -3.74250803099411,37.2389229382703,560.0 -3.74254206187202,37.2389589804762,559.978300000002 -3.74259905907849,37.2389960281872,559.921300000002 -3.74265605628492,37.2390310648364,559.847399999999 -3.74271003515204,37.239066938927,560.0 -3.74276703235851,37.2390999637864,560.0 -3.74282503477977,37.239131983111,559.940100000007 -3.74288504942726,37.2391609844315,559.797300000006 -3.74294003440749,37.2391950147694,560.0 -3.74299703161396,37.2392270333384,559.980599999995 -3.74305201659417,37.239258046375,559.676699999996 -3.74310901380064,37.2392930829025,559.286200000002 -3.74317506333023,37.2393140378719,559.0 -3.7432320605367,37.2393450508728,559.0 -3.74328201674795,37.2393829372785,559.2745 -3.74333901305609,37.2394129440191,559.072100000005 -3.74339299282151,37.2394439569793,558.936600000001 -3.74343607602253,37.2394840224295,559.0 -3.74348804356172,37.2395190588519,559.0 -3.74354705209613,37.2395480607387,559.0 -3.74359600219426,37.2395839352984,559.0 -3.74365601684175,37.239611930931,559.0 -3.74370697916615,37.2396499845498,559.0 -3.7437569353774,37.239685020895,559.0 -3.74381292647076,37.2397190509962,559.0 -3.74386707332284,37.2397549261898,559.0 -3.74391602342097,37.2397919742247,559.0 -3.74397905550951,37.23981996978,559.0 -3.7440310230487,37.2398539998204,559.0 -3.744083996701,37.2398860188246,559.0 -3.74414200002059,37.2399170315901,559.0 -3.74419597888768,37.2399500567923,559.0 -3.74425096476625,37.2399810695314,558.930200000003 -3.74430393841855,37.2400149328678,558.843699999998 -3.74436495828085,37.2400439338486,559.0 -3.74441893804627,37.2400749472643,558.981400000004 -3.7444700674573,37.2401109889194,558.921900000001 -3.74452404722272,37.2401430078145,559.135899999994 -3.74457098509463,37.2401689922263,559.896800000002 -3.74461406829566,37.2402060400577,559.906799999997 -3.74465497218379,37.2402420823653,560.0 -3.74470291616881,37.2402670605225,560.0 -3.74475304036506,37.2403150043725,560.0 -3.74480601401736,37.2403460176767,560.0 -3.74485898766966,37.2403760247491,559.944699999993 -3.74490592643987,37.2404140786973,559.995800000004 -3.74495403840988,37.2404489473419,560.0 -3.74500701206218,37.2404779488709,560.0 -3.74505797438655,37.2405079558908,560.0 -3.7451020628024,37.2405399746172,560.0 -3.7451570477826,37.2405719940452,560.0 -3.74521203366117,37.2406009955268,559.894 -3.74526701864137,37.2406350259297,559.812699999995 -3.74532200362161,37.2406650328871,560.0 -3.74536994850496,37.2406950398325,559.9709 -3.74541906658806,37.240721024054,559.966799999995 -3.74546097569101,37.2407470082665,560.0 -3.7455129441285,37.2407699745442,559.664399999994 -3.7455719526629,37.2408070220802,559.517200000002 -3.74562894897104,37.2408430648155,560.0 -3.74568192262334,37.2408670365612,559.796799999996 -3.74574394859876,37.2408819566805,560.0 -3.74580195191835,37.2408920152264,559.408200000005 -3.74585995433961,37.2408849738868,559.8704 -3.74592902131024,37.2408749160551,559.923800000004 -3.74598903595773,37.2408489318867,560.0 -3.74604100349692,37.2408160751381,560.0 -3.74608391871299,37.2407750034671,559.956399999995 -3.74612197314506,37.2407319207757,559.891600000003 -3.74614996824257,37.2406849819754,560.0 -3.74617494679737,37.2406360314301,559.819499999998 -3.74618500433527,37.2405810464163,559.670199999993 -3.7462059593359,37.240528072366,559.247000000003 -3.74621903521318,37.2404759371507,559.0 -3.74623496054652,37.240423969245,559.0 -3.74623496054652,37.2403730075224,559.0 -3.7462589329882,37.2403230512699,559.0 -3.7462810611886,37.2402729276385,559.0 -3.74629899874821,37.2402209595927,558.867700000003 -3.74632297118988,37.2401710032394,559.0 -3.7463509662874,37.2401210475682,558.249500000005 -3.74639203816049,37.2400779645029,558.0 -3.74643595859134,37.2400360549829,558.081600000005 -3.74647200079719,37.239990960136,558.0 -3.74651106044405,37.239948045058,558.0 -3.74655397566012,37.2399059681191,558.0 -3.7466000763022,37.2398680812612,558.0 -3.74665707350867,37.2398350567383,558.0 -3.74671004716097,37.2398000204628,558.021399999998 -3.74676704436741,37.2397690076491,558.068199999994 -3.74682102323453,37.2397369885952,558.079800000007 -3.74687299167205,37.2397029577869,558.073000000004 -3.74687600911306,37.2394759761577,558.0 -3.74688807887723,37.2394290372905,558.0 -3.74694306385747,37.2393829372785,558.0 -3.74701498118246,37.2393589650608,558.0 -3.74705504604414,37.2393899780432,557.6872 -3.74706896004959,37.239460050244,557.8269 -3.74704197016686,37.2395390082436,558.0 -3.74698195641767,37.239678985671,558.529200000004 -3.74695999530393,37.2397009467612,559.0 -3.74694004641642,37.2397420175871,559.0 -3.74690702165163,37.2398050494505,560.0 -3.74688204399516,37.239842935625,560.127800000002 -3.7468719855589,37.2398789781062,560.951300000001 -3.74684298434827,37.2399120026098,561.0 -3.74681599446558,37.2399510623017,561.554799999998 -3.74677207313639,37.239990960136,561.920800000007 -3.74673301348953,37.240030019787,562.512000000002 -3.74669395384264,37.2400789700107,563.0 -3.74666897618617,37.2401270820417,563.141199999998 -3.74663192786721,37.2401720094612,564.0 -3.74660694931242,37.2402189478657,564.0 -3.74658700042491,37.2402690715331,564.629199999996 -3.74657291933284,37.2403170160969,565.0 -3.7465590053274,37.2403619434032,565.409599999999 -3.74654894689117,37.2404070380281,565.940900000001 -3.74653805032677,37.2404549825043,566.0 -3.74653201544471,37.2405010825758,566.706999999995 -3.74652296312156,37.2405530504284,567.0 -3.74651793435261,37.24059898381,567.877299999993 -3.7465140778851,37.2406509515951,568.0 -3.74650402034716,37.2406960460472,568.020000000004 -3.74649094446991,37.2407460020525,568.931500000006 -3.7464709955824,37.240790929103,569.038 -3.74646093714614,37.2408390413947,569.480100000001 -3.74643998214551,37.2408849738868,569.859800000006 -3.74642103937112,37.2409369421899,570.074299999993 -3.74639991638553,37.2409800247642,570.587199999994 -3.74637896228321,37.2410279695911,570.955000000002 -3.74634593751841,37.2410650177154,571.474300000002 -3.74632397640467,37.2411159796852,571.916200000007 -3.74628793419886,37.2411540332598,571.936400000006 -3.74625205997797,37.2411999662751,571.811100000006 -3.74622892566445,37.2412499219464,569.976200000005 -3.74620998289006,37.2413020573414,565.880799999999 -3.74616807288881,37.2413439668726,564.875899999999 -3.74615399179671,37.2413939231637,563.0 -3.74613303679608,37.2414360007022,563.0 -3.7460929710361,37.241477072013,563.0 -3.74606396982548,37.2415209931392,563.0 -3.74603295728692,37.2415689376219,563.0 -3.7460069735173,37.2416090026577,563.0 -3.74597294263943,37.2416599649749,564.683099999995 -3.7459459527567,37.2417010361636,568.665200000003 -3.74592801519709,37.2417449571593,570.385500000004 -3.74590203142752,37.2417999427543,570.9329 -3.74587303021689,37.2418470489177,570.606100000005 -3.74585006388833,37.2418939877094,570.500899999999 -3.74584201767833,37.2419419319548,570.071899999995 -3.74583296445688,37.2419969174061,569.8223 -3.74583195924209,37.2420520701592,569.680300000007 -3.74583698801104,37.2421060500494,568.820800000001 -3.74585207521626,37.2421550003551,569.0 -3.74587001277584,37.2422029444345,568.624500000005 -3.74588895555023,37.2422500510612,567.873300000007 -3.74589800877168,37.2422949779303,567.720600000001 -3.74591494021814,37.2423410783067,567.236999999994 -3.74593203875126,37.2423849996446,567.0 -3.74594494664359,37.2424309326248,566.911699999997 -3.7459680809571,37.2424760267271,566.280899999998 -3.74597998363461,37.2425249775077,566.0 -3.74599607695291,37.2425729220669,565.982199999999 -3.74601401361419,37.2426240510729,565.187900000004 -3.74602591629173,37.2426750134189,565.0 -3.74604301482485,37.2427269812028,564.7552 -3.74605106193315,37.2427779427641,564.0 -3.74605692883026,37.2428309166633,563.995200000005 -3.74605491750236,37.2428840578653,563.4666 -3.74606598205171,37.24293703169,563.0 -3.74606899949276,37.2429900054774,562.834400000007 -3.74606296461066,37.2430419730443,562.925000000003 -3.74606497593859,37.2430979638756,562.664000000004 -3.74606698726649,37.2431519437319,562.0 -3.74606296461066,37.2432059228343,561.969599999997 -3.74605994627131,37.2432610761329,562.0 -3.74605206804627,37.2433160613369,561.917600000001 -3.74604402093797,37.2433710465009,561.318599999999 -3.74603798605587,37.2434280432661,561.435599999997 -3.74601501972731,37.2434820228859,561.852400000003 -3.74599607695291,37.2435349962902,561.238800000006 -3.74596606962917,37.2435849525592,562.0 -3.74593991787463,37.2436330644976,561.813599999994 -3.74591292799191,37.2436810090669,562.0 -3.74589096777646,37.2437319714134,561.932799999995 -3.74586096045272,37.2437829330101,562.156099999993 -3.74583195924209,37.2438350687983,562.489600000001 -3.74578904402602,37.24388100161,562.069300000003 -3.74576004191707,37.2439269343937,562.334700000007 -3.74572198838332,37.243973035202,562.0 -3.74568192262334,37.2440209795551,562.099499999997 -3.74564504228934,37.2440670795908,562.340400000001 -3.74560598264248,37.2441049657683,562.4234 -3.74558301631392,37.2441510664678,562.367400000003 -3.74554798022122,37.244185935529,562.243600000002 -3.74551596156955,37.2442260006038,562.343399999998 -3.74548394201957,37.2442660663726,562.6302 -3.7454490739118,37.2443089818523,563.0 -3.74541303170599,37.2443510584786,563.0 -3.74537900082808,37.2443939739099,563.0 -3.7453409472943,37.244435045039,563.0 -3.74529803207823,37.2444779604226,563.0 -3.74525997764619,37.2445270786696,563.0 -3.7452269528814,37.2445639591679,563.0 -3.74519895778389,37.2446090534241,563.0 -3.74516995657326,37.2446580042495,563.0 -3.74514397190535,37.2447150007565,563.0 -3.74511497069469,37.24476998633,563.0 -3.74508697559718,37.2448239657038,563.0 -3.74506199704239,37.2448789511978,563.0 -3.74504104294009,37.2449319243353,563.0 -3.74502293739553,37.2449860716436,563.002699999997 -3.7450080181753,37.2450410570193,563.012400000007 -3.74499494229801,37.245094030758,563.0 -3.74498404573362,37.2451470044595,563.247900000002 -3.74498706317467,37.2452040013118,563.387799999997 -3.74499192485696,37.2452579803747,563.337299999999 -3.74499293007178,37.2453049191874,564.0 -3.74499896585218,37.2453530314579,564.0 -3.74500902339008,37.2454009756482,564.0 -3.74501908182632,37.2454480824212,564.0 -3.74503198971864,37.2454940149649,564.0 -3.74504992727825,37.2455369304605,564.0 -3.7450609918276,37.2455820248497,564.0 -3.74508094071511,37.2456279580268,564.0 -3.74509703403341,37.2456760700911,564.0 -3.7451139654799,37.2457250202235,564.0 -3.74513106401302,37.2457699471664,564.0 -3.7451469902447,37.2458190652864,564.0 -3.74516895046014,37.2458680153259,564.0 -3.74518806121949,37.2459149544737,564.0 -3.74520096911179,37.2459600486366,564.176999999996 -3.74522007987114,37.2460079931558,564.455600000001 -3.7452349999897,37.2460609669299,564.904399999999 -3.7452430461997,37.2461080732905,565.0 -3.74525897243137,37.2461610469942,565.0 -3.74527104219554,37.2462160322277,565.0 -3.74527305352344,37.2462629704437,565.0 -3.74528596141577,37.2463119209099,565.0 -3.74529099108305,37.2463680795046,565.0 -3.74529501463721,37.2464210537407,565.0 -3.7452940085241,37.2464780503445,565.0 -3.74529300241098,37.2465360530419,565.0 -3.74529199719617,37.2465920441378,565.0 -3.74528696752888,37.2466450182165,565.0 -3.74528093264682,37.2466939684345,565.409299999999 -3.74527707707761,37.2467479478604,565.513099999996 -3.74526902996931,37.2468009211143,565.665099999998 -3.74524706975386,37.2468470215948,566.0 -3.74523298776346,37.2468969778136,565.702600000004 -3.74522896510763,37.2469439163204,565.400800000003 -3.74522293022556,37.2469960520671,565.516900000002 -3.7452100214349,37.2470510374064,565.755499999999 -3.74519694555765,37.2471070281197,565.997199999998 -3.74517800278326,37.2471529610824,565.9274 -3.74516207744988,37.2471990620626,565.631800000003 -3.74514397190535,37.2472530411266,565.962299999999 -3.74511798813574,37.2472929393858,566.0 -3.74508596948406,37.2473410511022,566.0 -3.74505495694553,37.247380949315,566.0 -3.74502696094969,37.2474250379059,566.0 -3.74499008061569,37.2474759998657,566.0 -3.74497096985634,37.2475190829925,566.0 -3.74494297386053,37.247560992642,566.0 -3.74491397264987,37.2476000519453,566.0 -3.74487793044406,37.2476469907294,566.022400000002 -3.74484993534654,37.2476959410116,566.916599999997 -3.74482797423277,37.2477490823586,566.465599999996 -3.74480400268942,37.2477960210498,566.087499999994 -3.7447830476888,37.2478419535925,566.467199999999 -3.74474700548295,37.2478860426288,567.0 -3.74473594093361,37.2479279520742,567.0 -3.74473895837466,37.2479780756202,567.0 -3.74473292349259,37.2480320555564,567.0 -3.74472906792338,37.2480840232217,567.0 -3.74475806913401,37.2481349847358,566.993900000001 -3.74479696169424,37.2481859469305,567.274000000005 -3.74484406755111,37.2482109253153,567.283100000001 -3.74489201243446,37.2482489788829,567.758799999996 -3.74493895120466,37.2482789863842,568.0 -3.74495990530699,37.2482962526338,568.0 -3.7449778428666,37.2483162018474,568.0 -3.74496862255852,37.2483497296433,568.0 -3.74495940314874,37.2483762160695,568.0 -3.74494867367098,37.2484085703991,568.0 -3.74493526272211,37.248442600852,568.0 -3.74493576577869,37.2484903778943,568.0 -3.74492805464027,37.2485252463778,568.0 -3.74491263146517,37.2485576006435,568.0 -3.74492151670163,37.2486481254395,568.363200000007 -3.74491430861978,37.2486917113077,569.0 -3.74488530651086,37.2487834093763,569.0 -3.74493895120466,37.2488110690833,569.0 -3.74504204815488,37.2488839920955,569.0 -3.74506702670967,37.2489160108387,569.0 -3.74508898692511,37.2489679786096,569.0 -3.74514196057742,37.2490070378986,569.0 -3.74517397922909,37.2490449244529,569.0 -3.74522795899451,37.2490859959074,569.211599999995 -3.7452549488772,37.249133940583,569.373300000007 -3.74532803850368,37.2492060245076,570.0 -3.74536005805365,37.2492449163473,570.0 -3.74542728078302,37.2492973872987,570.0 -3.7454349919214,37.2493230360481,570.047900000005 -3.7455129441285,37.2493855650725,570.0 -3.7455719526629,37.2494440703686,570.000400000004 -3.7456150349656,37.2494940270108,570.114799999996 -3.74567672586943,37.2495476712106,570.313899999994 -3.74573405814749,37.2496130495804,571.0 -3.74580094580524,37.2496670290604,571.0 -3.74587403633001,37.2497479985654,571.0 -3.74594058801784,37.249819915293,571.0 -3.74595802252087,37.249895016837,571.059200000003 -3.74598585053172,37.2500001258372,572.0 -3.74600647046076,37.250077910107,572.0 -3.74602038446621,37.2501739669192,571.927500000005 -3.74601200228629,37.2502450451918,572.0 -3.74601703105524,37.2503409344675,572.0 -3.74599842335243,37.2504225739715,572.0 -3.74596707484399,37.2504949934547,572.0 -3.74594897019775,37.2505989296427,572.0 -3.74591695154607,37.2507090673512,571.983200000002 -3.74587001277584,37.2508649711364,571.838000000003 -3.74583497668314,37.2510089718578,572.0 -3.74579306668186,37.2511680605688,572.095499999996 -3.74575601926123,37.2513259755499,572.0 -3.74571695961437,37.2514969662575,572.0 -3.74578099691772,37.2515720682752,571.418000000005 -3.74594192920254,37.2516619223126,564.213499999998 -3.74605793494338,37.2517390355854,559.005699999994 -3.74617695812527,37.2517980445899,560.880900000004 -3.74629095163988,37.2518500125181,567.436900000001 -3.74647501823824,37.2519430510227,570.0 -3.74660493798452,37.2519130442655,570.0 -3.74673603093055,37.2518679493748,570.469500000007 -3.74691506875992,37.251831068876,571.098599999998 -3.74705806348519,37.2517970385234,571.080600000001 -3.74718798323148,37.2517640135074,571.503899999996 -3.74734606606023,37.25172193673,572.0 -3.7475299646736,37.2517120462349,572.578599999993 -3.74778192504282,37.2516929352377,573.0 -3.74797906751844,37.2516860622277,574.0 -3.74808099126888,37.2516739922711,574.0 -3.74817905945014,37.2516699687135,574.0</coordinates>
</LineString>
</Placemark>
</Folder>
</Document></kml>
