<?xml version="1.0" encoding="UTF-8"?>

<kml xmlns:xsd="http://www.w3.org/2001/XMLSchema" xmlns:gx="http://www.google.com/kml/ext/2.2" xmlns:atom="http://www.w3.org/2005/Atom" xmlns="http://www.opengis.net/kml/2.2">
<Document>
<name>ES24b_03a_martorell-montserrat</name>
<visibility>1</visibility>
<Schema name="ES24b_03a_martorell-montserrat" id="kml_schema_ft_ES24b_03a_martorell-montserrat">
<SimpleField type="xsd:string" name="id">
<displayName>id</displayName>
</SimpleField>
<SimpleField type="xsd:string" name="nombre">
<displayName>nombre</displayName>
</SimpleField>
<SimpleField type="xsd:double" name="longitud">
<displayName>longitud</displayName>
</SimpleField>
<SimpleField type="xsd:string" name="_formato">
<displayName>_formato</displayName>
</SimpleField>
</Schema>
<Folder id="kml_ft_ES24b_03a_martorell-montserrat">
<name>ES24b_03a_martorell-montserrat</name>
<Placemark id="kml_1">
<name>&lt;img height='20' src='https://nco.ign.es/iconos/icono_todos_caminos_azul.png' /&gt;&lt;img height='20' src='https://nco.ign.es/iconos/Camino Santiago_20.png' /&gt;&lt;img height='20' src='https://nco.ign.es/iconos/icono_todos_caminos_azul.png' /&gt;  Camino de Santiago </name>
<visibility>1</visibility>
<description><![CDATA[<!DOCTYPE html>
<html>
<head>
<style>
#nco {
  border-collapse: collapse;
  overflow:hidden;
}
#nco th, #nco td {
  padding: 4px;
  text-align: left;
}
#nco th {
  color: #364B5F;
  padding-right: 5px;
}
#nco td {
  color: rgb(51, 51, 51);
  font-size: 12px;
  padding-right: 5px;
}
</style>
</head>
<body>
<table id="nco">
<tr>
<td>Caminos del Nordeste</td>
</tr>
<tr>
<th><b>Camino: </b></th>
<td>ES24b Camí de Sant Jaume del Llobregat</td>
</tr>
<tr>
<th><b>Etapa: </b></th>
<td>03a Martorell-Montserrat</td>
</tr>
<tr>
<th><b>Longitud: </b></th>
<td>25.09 km</td>
</tr>
</table>
</body>
</html>]]></description>
<Style>
<IconStyle>
<scale>0.8</scale>
</IconStyle>
<LabelStyle>
<color>ffffffff</color>
<scale>0.75</scale>
</LabelStyle>
<LineStyle>
<color>ffff0000</color>
<width>3.0</width>
<gx:labelVisibility>1</gx:labelVisibility>
</LineStyle>
<PolyStyle>
<color>66ff0000</color>
</PolyStyle>
</Style>
<ExtendedData>
<SchemaData schemaUrl="#kml_schema_ft_ES24b_03a_martorell-montserrat">
<SimpleData name="id">ES24b_03a</SimpleData>
<SimpleData name="_formato">kml</SimpleData>
</SchemaData>
</ExtendedData>
<LineString>
<extrude>0</extrude>
<tessellate>1</tessellate>
<coordinates>1.92777888823191,41.4742008774549,55.4208999999973 1.92773563794426,41.4742025540631,55.0 1.92770294825105,41.4742008774549,55.0 1.92767595836836,41.4741881369811,55.0 1.927637569763,41.4741881369811,55.0 1.92759901317268,41.4741881369811,55.0 1.92756397618165,41.4741881369811,55.0 1.92752558757632,41.4741881369811,55.0 1.9274905505853,41.4741881369811,55.0 1.92745199399498,41.4741881369811,55.0 1.92741343740466,41.4741881369811,55.0 1.92737840131196,41.4741909874175,55.0 1.92734353230589,41.4741936695872,55.0 1.92730849621316,41.4741963517567,55.4321000000054 1.92727346012047,41.4741936695872,56.0 1.92723842312944,41.4741936695872,56.0 1.92720355502167,41.4741909874175,55.8876000000018 1.92716851803065,41.4741909874175,55.5703000000067 1.92713364992291,41.4741936695872,54.4428999999946 1.92712644094274,41.4742204912778,53.1462000000029 1.9271371704205,41.4742474812237,52.9570999999996 1.92715108352761,41.4742744711585,52.8197999999975 1.92716516551801,41.4743014604089,53.0800000000017 1.92717203852824,41.474328282728,52.9070999999967 1.92719081421601,41.4743561105946,52.8277999999991 1.92720724260593,41.4743794120909,52.963699999993 1.9272258503087,41.4744010376489,52.9257000000071 1.92724227869862,41.4744315476441,52.4679000000033 1.92725384630454,41.4744585375022,52.2237000000023 1.92726558099709,41.47447831884,52.1201000000001 1.92728653509942,41.4745016202923,52.0 1.92730145521798,41.4745277721579,52.0298999999941 1.9273259307162,41.4745493969933,52.4113999999972 1.92734353230589,41.4745762192097,52.6714000000065 1.92736834287573,41.4746077353504,53.0 1.92738192180955,41.4746248344909,53.0 1.92739952339921,41.4746489745254,53.0 1.92742047839987,41.4746705993204,52.8242999999929 1.92744746828257,41.4746920571889,52.3218999999954 1.927466243072,41.4747064741588,52.0 1.92748954537048,41.4747351404969,52.0 1.9275105003711,41.4747549217502,51.896900000007 1.92752223506365,41.4747855991709,51.4964999999938 1.92753246058655,41.4748107446972,51.3205000000016 1.92754654257695,41.4748377350704,50.9977000000072 1.92756397618165,41.4748618743526,50.9955000000045 1.92758509916727,41.4748861818907,51.0 1.92755358267383,41.4749024429991,50.7669000000024 1.9275185465811,41.4749051251394,50.1781999999948 1.92748351048841,41.4749104894195,49.7661999999982 1.92744847349738,41.4749131715594,49.4081000000006 1.92741343740466,41.4749158543723,49.1564999999973 1.92737840131196,41.4749212186515,48.8709999999992 1.92733649131068,41.4749212186515,48.414300000004 1.92730145521798,41.4749131715594,48.2973000000056 1.92726323369928,41.4749166923306,48.0 1.92723289130392,41.4749148481492,48.0 1.92719316151386,41.4749148481492,48.1039000000019 1.92714890421476,41.4749202124285,48.4703000000009 1.92711386812203,41.4749274208885,48.8398000000016 1.92707883202933,41.4749292650695,49.0 1.9270392693259,41.4749274208885,49.0 1.92699249854062,41.4749274208885,49.6386000000057 1.92695762953455,41.4749274208885,50.0 1.92691337313378,41.474923900791,50.0 1.92687448147184,41.4748997608588,50.1463999999978 1.92684648547603,41.4748834997496,50.6505000000034 1.92682938694292,41.4748627129847,51.0 1.92681765225036,41.4748268382328,51.0 1.92680122296212,41.4748035368973,51.0 1.92678730895667,41.4747800672884,51.0 1.92677557426412,41.474758609449,51.0 1.92676166115701,41.4747316197158,51.0 1.92675227286398,41.4747083183462,51.0 1.92673601245902,41.4746848487028,51.0 1.92671488947343,41.4746489745254,51.0 1.92670097546799,41.4746203081493,51.0 1.92666811868816,41.4746005268549,51.0633999999991 1.92664699660087,41.4745789013635,51.5804000000062 1.92661900060506,41.474560126285,51.5620999999956 1.92659117259418,41.4745411829354,51.0746000000072 1.92655965699907,41.47451972569,51.351800000004 1.92652814050564,41.4745007823286,51.8554000000004 1.92650014540813,41.4744846887121,52.0 1.92647214941229,41.4744684281718,52.0 1.92643711331959,41.4744657460135,52.0 1.92638464272383,41.4744630638551,52.0 1.92634256563592,41.4744630638551,52.0 1.92623829458763,41.474510002621,52.0 1.92616788643229,41.4745415181207,52.0 1.92609077325168,41.474593485951,52.0 1.92602086815292,41.4746654026127,52.0 1.92593922836157,41.474746204269,52.0 1.9258924575763,41.4748360584787,52.0 1.92583428717008,41.4749168599223,52.0 1.9257875163848,41.4750067138953,52.0 1.92571761128604,41.4750786307716,52.0795999999973 1.92564753820229,41.4751594319128,52.4024999999965 1.92558919981112,41.4752402336263,53.0 1.92551929471232,41.4753210352391,53.0 1.92546095721945,41.4754020043416,52.827099999995 1.92539105212069,41.4754828057527,53.0 1.92532097903693,41.4755547227738,52.932799999995 1.92523933924562,41.4756264721252,53.0 1.92518100175275,41.4757074408462,53.0 1.92512266336158,41.4757972950694,52.9998000000051 1.92506432497037,41.4758780966608,53.0 1.9250059874775,41.4759588981515,53.0 1.92493591439378,41.4760396995415,53.0 1.92485444258739,41.4761116166177,53.0 1.92477263481112,41.476183532941,53.0 1.92470272971233,41.4762552822695,53.4526999999944 1.92464439221945,41.476336251551,54.0 1.92458605382828,41.4764170531436,54.1958000000013 1.92451598164286,41.4764889698011,55.0 1.92444607654406,41.4765697712033,56.0 1.92446937794424,41.4766596249041,55.994200000001 1.92448111263679,41.4767494791534,57.0 1.92457431913573,41.4768123437383,57.5886000000028 1.92466769361963,41.4768659876334,58.2979999999952 1.92476693500064,41.4769020301894,58.351999999999 1.92487774398757,41.4769333782857,59.0237999999954 1.92499425278495,41.4769737787224,60.0149999999994 1.92509349416596,41.4770141798069,60.0164999999979 1.92521017005004,41.4770547484524,61.0288 1.92533858152492,41.4771040335647,62.0 1.9254492225269,41.477175950806,62.9860999999946 1.92556003151383,41.4772567520248,63.9213000000018 1.92561250210959,41.4773243098563,64.1070000000036 1.92569414190091,41.4773962268532,65.0 1.92574091268619,41.4774860807543,65.0 1.92574091268619,41.4775801261695,65.0 1.92572331019819,41.4776610951421,65.3046999999933 1.92570587659349,41.477750949349,66.0 1.92565927289484,41.4778406351743,66.0 1.9256183690067,41.4779216044944,66.0 1.92555416371839,41.4780024061296,66.0 1.92550169312266,41.4780652701723,65.4765999999945 1.9254492225269,41.4781507659802,65.0 1.92539105212069,41.4782315673298,65.0 1.92533271372952,41.4783125368345,65.0 1.92529767763679,41.4784023908113,64.0 1.92521570277386,41.4784562023189,64.0 1.9251456296901,41.4785549413219,64.0 1.92513406298251,41.4786536801745,64.0 1.92512232828996,41.4787614709824,64.0 1.92509701466358,41.4788489781959,64.0 1.9250126925028,41.4789545901232,64.0 1.92502426010873,41.4789995173551,64.0 1.92504186169839,41.4790444445558,64.0 1.92504186169839,41.4790937301741,64.0 1.92504186169839,41.4791386566366,64.0 1.92504756150887,41.4791835837409,64.0 1.92505929620142,41.4792285108141,64.0 1.92504756150887,41.4792689118391,64.0 1.92504186169839,41.4793138388532,64.0 1.92504186169839,41.4793587658361,64.0417000000016 1.92504186169839,41.4794082187953,64.7736000000004 1.92504186169839,41.4794531457128,64.0 1.92504186169839,41.4794980725991,64.0 1.92504186169839,41.4795430001273,64.0 1.92504186169839,41.4795879269513,64.0 1.92503599480128,41.4796328537442,64.0 1.92503012700584,41.4796777811789,64.0 1.92501839231329,41.4797225403303,64.0 1.9250126925028,41.4797674670299,64.0 1.92500682560566,41.4798123943713,63.9995000000054 1.92500682560566,41.4798573210085,63.8521999999939 1.92498603858999,41.4799520366626,60.7255000000005 1.92494396150208,41.4799909290297,59.8503999999957 1.9249038957421,41.4800319998932,58.5176000000065 1.92485695697187,41.4800610017246,59.4456000000064 1.92480901298685,41.4800930206252,59.8718999999983 1.9247649236727,41.4801278890123,59.1662000000069 1.92471697968768,41.4801568908008,59.0106999999989 1.92464992404498,41.4801790185113,59.5498999999982 1.92460097394684,41.4802090257448,59.1159000000043 1.92454498285349,41.4802449002098,58.7399000000005 1.924493014416,41.4802789312991,58.033500000005 1.92443501199471,41.4803008913903,58.0 1.92436896246513,41.4803230197246,58.0 1.92432001236699,41.4803619118691,56.5969000000041 1.92426988817078,41.480396948362,54.1989999999932 1.92421004150822,41.4804269554946,54.1741000000038 1.92415589465617,41.4804479100714,56.4040999999997 1.9241129794401,41.4804909929183,56.1385000000009 1.92411096811217,41.4805369258939,56.0 1.92407391979324,41.4805779970844,55.7896000000037 1.924018934813,41.4806039809403,55.2648000000045 1.92395791405237,41.4806289593245,55.0 1.92390393428695,41.480652931565,55.495299999995 1.9238430824096,41.4806769037966,56.0 1.92379295821339,41.4807109339861,56.0 1.92374300200214,41.4807429532385,56.0 1.92369589614527,41.4807759779343,56.2479000000021 1.9236549922571,41.4808209045765,57.0276000000013 1.92360889161506,41.4808619762601,57.0234000000055 1.92356899384001,41.4809099205598,57.1022999999986 1.92352708473705,41.4809479744717,57.7583000000013 1.92346489077667,41.4809749643083,57.448000000004 1.92344192444811,41.4810279378195,58.0 1.92341191712437,41.4810730325358,58.0 1.92336799579519,41.4811038779067,58.0 1.92331502214288,41.481135896965,58.0 1.92325601360851,41.4811618805972,58.0 1.92320605739722,41.4811999343612,58.1986999999936 1.92315794542725,41.4812379881028,58.9982000000018 1.92311503021118,41.4812849273462,59.0 1.92305702689159,41.4813119170424,59.0 1.92300489136745,41.4813368951537,59.0 1.92294990638724,41.4813600285843,59.0 1.92289508849366,41.4813999269018,59.2948999999935 1.9228426178979,41.4814257428533,60.0 1.92279400287135,41.4814619531402,60.0 1.92272812132675,41.4814760341278,60.0 1.92269509656196,41.4815219670783,60.0 1.92264799070509,41.4815509689159,60.2853000000032 1.92260792494508,41.4815948895745,61.0 1.92259199961174,41.4816440076979,60.8408999999956 1.92257305593902,41.4816646274057,61.0 1.92253232003584,41.4816772001817,60.9533999999985 1.9224833699377,41.481727491261,60.9055999999982 1.92244246604953,41.4817590072893,61.0 1.92239988590508,41.4818069522714,61.0829999999987 1.92234607412462,41.4818269009591,62.0 1.92230299092359,41.4818589196602,62.0 1.92223895362023,41.4818740073496,61.9640000000072 1.9221900035221,41.4819189339036,62.0 1.92214792553585,41.4819610116779,62.4872000000032 1.92210501031978,41.4819948742927,63.0 1.92204399045748,41.4820099619505,63.0 1.92199101680518,41.4820460036647,63.0 1.92193502571186,41.4820859015599,63.2019 1.92189110438267,41.4821209377937,63.9799999999959 1.92185103862266,41.4821559746816,63.9557000000059 1.9218180138579,41.4821968779461,63.9845999999961 1.92176470513398,41.4822369433211,64.0 1.92173989456414,41.4822599102037,64.0 1.92170754084088,41.4822998079672,64.0553999999975 1.92168306534263,41.4823311561446,64.6321999999927 1.92164216235283,41.4823500992364,65.0 1.92160142555132,41.4823814473895,65.0 1.92154426125819,41.4824129637727,65.0 1.92147603241574,41.4824490059358,65.0 1.9214210474355,41.482472978176,65.0 1.92137997556241,41.4825080142005,65.0 1.92134711878258,41.4825499240204,65.0 1.92130789204905,41.4825869722113,65.0 1.92125994716574,41.4826250258113,65.1619000000064 1.92121501972343,41.4826588887522,65.9553000000014 1.92117897751759,41.4826979484123,65.786300000007 1.92114008585569,41.4827428750681,66.0 1.92109700265466,41.4827819346776,66.0 1.92107303111128,41.4828339026304,65.7912000000069 1.92104000634652,41.4828749743841,66.0 1.92098988215028,41.4829178893925,66.0 1.92093104160086,41.4829529258495,66.0715999999957 1.92087890607672,41.4829939968547,66.9945000000007 1.9208410196296,41.4830338948392,67.0 1.92079894254169,41.4830669197134,67.3779000000068 1.9207610560946,41.4831049737046,68.0 1.92072501388876,41.4831430276735,68.0 1.92068997779606,41.4831859425044,68.9502999999968 1.92065997047229,41.4832300316439,69.0 1.92063398670271,41.4832739525105,69.0 1.9206140378152,41.4833170354975,68.8698000000004 1.92059911769664,41.4833659860917,69.0 1.92056894328624,41.4834129244666,69.0 1.92054497084456,41.4834570134518,69.0 1.92052099840289,41.4834989226579,69.0 1.92049987631563,41.4835420061683,69.0 1.92047892131498,41.4835929680963,69.0 1.92044002965307,41.4836389008922,68.8573000000033 1.92040901621621,41.4836799721356,68.7324999999983 1.92038554683111,41.4837344542472,68.8261999999959 1.92037297401037,41.483780890322,68.9257000000071 1.92035788680518,41.4838300081344,69.0 1.92033190303561,41.4838709116882,68.7571999999927 1.92030390703976,41.4839150003617,68.8049000000028 1.92027188838809,41.4839609336022,69.0 1.92022008793556,41.4840040161325,69.0 1.92019091963827,41.4840310060422,68.9572000000044 1.92015588264725,41.4840633601362,69.0 1.92010425017964,41.4841099635431,69.0 1.92005278569703,41.4841369534086,69.0 1.9200103726392,41.4841765162269,69.0 1.9199399653822,41.4842269749531,69.0 1.9198950379399,41.4842678789293,69.0 1.91986000184717,41.4843059328882,69.0066999999981 1.91981188987719,41.4843429807481,69.8978000000061 1.9197538865576,41.4843749995518,70.0 1.91969487802323,41.4844029947098,70.0 1.91963603747378,41.4844350141569,70.1971000000049 1.9195901048167,41.4844708883013,70.2308000000048 1.91953796929255,41.4844988840908,70.3098999999929 1.91948097208608,41.484527885269,71.0 1.91943403331585,41.4845568864343,71.0 1.9193798864638,41.4845868936596,71.0 1.91933495902147,41.4846199184152,71.0 1.91929707347268,41.4846640072521,71.1981999999989 1.91925499548647,41.4847069230945,71.3380000000034 1.91921107505558,41.484745982193,71.9383999999991 1.91917201540872,41.4847878919114,71.9872999999934 1.91912591476668,41.4848279577033,71.942200000005 1.91908501087851,41.4848700349345,72.0 1.9190509800006,41.484908926369,72.0 1.91902901978515,41.4849588831736,72.8274999999994 1.91902700845725,41.4850090068323,73.0 1.91904695734476,41.4850569514286,73.0 1.91908098732434,41.4851000339032,72.695000000007 1.91912507663848,41.4851369144167,72.0053000000044 1.91917302062354,41.4851719510197,72.0 1.91921995939374,41.4852019579601,71.5026999999973 1.91927695660021,41.4852379999179,71.0 1.91932590669835,41.4852690135629,70.8178999999946 1.91934401134458,41.4853209808671,70.5813000000053 1.91933294769357,41.4853739548633,70.4122999999963 1.91927695660021,41.4853918916781,69.8506000000052 1.91920604538833,41.4853830073901,71.3448000000062 1.91914603074081,41.4853709373541,71.9992999999959 1.91907092888811,41.4853749602511,71.9980999999971 1.91900303601558,41.4853888741697,71.9103999999934 1.91893899781392,41.4853949091863,71.6800999999978 1.91887797795162,41.4853789838207,72.0 1.91882802174033,41.4853489762894,72.0 1.91878812396531,41.4853089108196,72.7342000000062 1.91871805088159,41.485302037971,72.9535999999935 1.91864093770095,41.4852849389556,73.6866000000009 1.91857488817137,41.4852778978666,74.7660000000033 1.91851990319116,41.4853000265202,75.0 1.91846089465676,41.4853348947974,74.6548000000039 1.91841898465551,41.485366913784,74.8882000000012 1.91837104067048,41.4853959152467,75.1272000000026 1.91831605479195,41.4854289402629,75.8353000000061 1.91827012213483,41.4854569356385,75.9624999999942 1.91821999883692,41.4854970010167,76.0 1.91817993307694,41.4855338813043,76.0 1.91812612129648,41.4855699237504,76.1040999999968 1.91807599710023,41.4856089830016,76.7786000000051 1.91802402956104,41.4856420079093,76.9977000000072 1.9179859760273,41.4856819056092,76.7816000000021 1.91793400758981,41.4857099015484,76.8653999999951 1.91788606360479,41.4857479553334,77.3156000000017 1.91784901528583,41.4857900326402,77.0969999999943 1.91779101286458,41.4858089753937,78.0 1.91774390610939,41.4858399887655,77.9312000000064 1.9176890891141,41.4858750249883,77.9415000000008 1.91763997103101,41.4859020147916,77.5761999999959 1.91757794505559,41.4859249810481,77.8770999999979 1.91752295917705,41.4859439244352,77.7973999999958 1.91745607151931,41.4859678960553,78.3001999999979 1.91739806909805,41.4859948858199,77.8086000000039 1.91733403089637,41.4860049443109,78.3215999999957 1.91727602847511,41.4860160081781,78.4622999999992 1.91721098505864,41.48603193406,77.5834999999934 1.91714191808804,41.4860238876745,74.5043000000005 1.91708207142551,41.4860289165814,72.4698999999964 1.91701702800903,41.4860508774158,73.040399999998 1.91695500203361,41.4860719997556,75.807799999995 1.91688392283674,41.4860879249509,77.9734000000026 1.91682793174342,41.4861078743396,77.7942000000039 1.91675702142984,41.4861239670887,78.3730000000069 1.91669901811026,41.4861378815195,78.8597000000009 1.91664503924313,41.4861650387759,78.7566999999981 1.91657496615941,41.4861678886855,78.7600999999995 1.91650589918878,41.4861749296778,79.0 1.91643700020313,41.4861958844147,79.0 1.91638402655083,41.4862190181295,78.8372999999992 1.91633608166747,41.4862589161471,78.965400000001 1.9162899810254,41.486290934677,78.2979999999952 1.91624103092726,41.4863199363991,78.4744999999966 1.91618705206014,41.4863398850434,78.3086000000039 1.91613189909498,41.4863708981611,78.379700000005 1.91607993065746,41.4863968823859,78.1444000000047 1.91603098055932,41.4864248780162,78.1815000000061 1.91597096591183,41.4864510291083,78.045299999998 1.91592503325471,41.486481874611,78.0648999999976 1.91587809448448,41.4865128876607,78.0 1.9158299825145,41.4865459121077,78.059500000003 1.91577298530803,41.4865779311687,78.3410000000003 1.91572587945117,41.486609950214,78.0 1.91567692935303,41.4866520269609,78.0 1.91563803679279,41.4867019830946,78.0 1.91559394837695,41.4867479163783,78.1855999999971 1.91556092361219,41.4867930111517,78.3635000000068 1.91553292761635,41.4868369322949,78.0926000000036 1.9155190136109,41.486886888286,78.5445999999938 1.91549001240028,41.4869350003992,78.2477999999974 1.91545899986171,41.4869859623503,79.0 1.91542597509692,41.4870339068297,79.0 1.91542798642485,41.4870878861324,79.0 1.91537501277255,41.487125939781,79.0 1.91535506388504,41.4871690228986,79.0 1.9153250565613,41.4872119384277,79.0 1.91529102658169,41.4872540154566,79.0393999999942 1.91526001314483,41.487299948349,79.0945000000065 1.91523000582108,41.4873400139334,79.1434000000008 1.91519597584147,41.4873869527942,80.0 1.91516898595878,41.4874328855923,80.0 1.915138978635,41.487478985917,80.0 1.91510695998336,41.4875229072681,80.0 1.91505901510001,41.4875619666879,80.0 1.91502599033521,41.4876058879828,80.0 1.91499598301147,41.4876529942098,80.0 1.91495893559084,41.4876979214675,80.0 1.91490495582542,41.4877188757119,80.0 1.91486489006541,41.4877788905843,80.0 1.91483488274167,41.4878259966855,80.071100000001 1.9148099050852,41.4878719291723,80.5464000000065 1.91478895008455,41.4879218857112,80.476800000004 1.91475492010497,41.487961950911,80.3699999999953 1.9147280973089,41.4880050341456,80.0813000000053 1.91469188801643,41.48804392639,80.6457999999984 1.9146628868058,41.4880880149157,80.5307999999932 1.91462500035868,41.4881279131282,81.0319000000018 1.91459096948077,41.4881699902353,81.2339999999967 1.91454503682365,41.488213911118,82.0 1.91451000073096,41.4882620229186,81.2456999999995 1.91448887774538,41.4883039330544,81.4553000000014 1.91446289397577,41.4883500334322,81.9475999999995 1.9144199787597,41.4883889254695,82.0 1.91438293044077,41.4884269790269,81.7912999999971 1.91432492801948,41.4884620151966,82.0236000000004 1.9142810066903,41.4884999018275,82.8598000000056 1.91424999415177,41.4885480140887,82.778999999995 1.91420204926841,41.4885899233665,82.5614999999962 1.91414991374427,41.4886259654584,82.7453999999998 1.91412493608778,41.4886759214159,83.0 1.91408989909675,41.4887190048486,82.8062999999966 1.91404698388068,41.4887669493913,82.6710000000021 1.91400088413693,41.4887999740352,82.8015000000014 1.91396903257192,41.4888479185179,82.5328000000009 1.91391304147856,41.4888819491267,82.8055000000022 1.91385503815898,41.4889169850505,82.639599999995 1.91379502440982,41.4889568827525,82.0583000000042 1.91374590632669,41.488998959994,81.8883999999962 1.91366694890481,41.4890158918198,81.0222000000067 1.91360794037041,41.489044892995,81.0721999999951 1.9135549667181,41.4890799295036,81.0342999999993 1.91349796951167,41.4891210006626,81.0917000000045 1.91345488631064,41.489155031128,80.4967000000033 1.91340308675641,41.4891929173536,80.4159000000072 1.91336000355538,41.4892319771124,80.3657999999996 1.91332211710826,41.4892738866207,80.1468000000023 1.91330099502098,41.4893219989801,80.0 1.91329194269786,41.4893679317521,79.9584999999934 1.91329998890786,41.4894259344473,79.5999000000011 1.91331289680019,41.4894819250967,78.4228000000003 1.91333100234476,41.4895328877362,77.9707999999955 1.91335296256017,41.4895820052256,79.9551999999967 1.91338900476601,41.4896299498026,79.5041000000056 1.91340811552536,41.489677894344,79.2455999999947 1.91342789642791,41.4897270123964,79.2842999999993 1.91344600197248,41.4897709335694,79.7305000000051 1.91346695607477,41.489825918602,79.4499999999971 1.9134879110754,41.4898758749801,79.7246000000014 1.91349612527036,41.4899280101795,80.0 1.9135100392758,41.4899759545004,79.9931999999972 1.91351992972708,41.4900228934702,80.0 1.91352093584019,41.4900710052733,81.0 1.91352294716813,41.4901199561482,81.0 1.91355597193292,41.4901630386207,81.070000000007 1.91356787461043,41.490217018008,81.8249999999971 1.91356200681499,41.4902699920385,82.0 1.91354390216875,41.4903249773205,82.0 1.91351708027102,41.4903709100543,82.0 1.91348288230645,41.4904149990152,82.0 1.91344600197248,41.4904589203946,82.6009000000049 1.91341398242247,41.4905098822655,83.0 1.91340811552536,41.490565034895,83.0 1.91339001087913,41.4906079501933,82.7687000000005 1.91335396867328,41.4906579066412,83.0 1.91332396134954,41.4906999834508,83.0 1.91329194269786,41.4907388754232,83.0 1.91326797025618,41.4907819588298,83.0 1.91324098037349,41.4908319144706,83.0 1.91321700793182,41.4908760037907,83.0 1.91318700060807,41.4909229421083,83.3309000000008 1.91316101683846,41.4909728983133,84.0 1.91315598806951,41.4910230220298,84.0 1.91314006183784,41.4910719721853,84.0 1.91310603185826,41.4911128758776,84.0 1.91307602453448,41.4911599822461,84.0 1.91305590766201,41.4912119502084,84.9392999999982 1.91304299976972,41.4912598949249,84.3505000000005 1.91301701600011,41.4913019720164,84.8325000000041 1.91299388168659,41.4913438815313,85.0 1.91299002611738,41.4913970228624,84.4107999999978 1.91300494623594,41.4914489906345,85.0 1.91303797100074,41.4914929113129,85.0 1.91307401320658,41.4915410240429,85.0 1.91312095107849,41.4915799155104,85.0 1.91318197183909,41.4915939976636,85.0 1.91323796293244,41.4916199811395,85.0 1.91329294791268,41.4916429473878,84.9100000000035 1.91335212443201,41.4916560235643,84.710500000001 1.91342102341769,41.4916699374798,84.4603000000061 1.91347802062412,41.4916898864955,84.5969999999943 1.91354993705082,41.4917140262296,84.2546000000002 1.91361095781146,41.4917279401327,84.0 1.91367298378688,41.4917410162919,84.0 1.91373098620813,41.4917569414395,84.0 1.91379703573772,41.4917768904284,84.0 1.9138659347234,41.4917939897492,84.0 1.91393600780712,41.4918099148838,84.0 1.91400708610566,41.4918280201562,84.0 1.91406693276822,41.4918439459553,84.0 1.91412812061549,41.4918649002044,84.0132000000012 1.91418595595008,41.4918819995019,84.9575000000041 1.91425602903383,41.4918949074095,85.0280999999959 1.91432392190637,41.4919069775758,85.6803999999975 1.91439198366218,41.4919218973965,85.3102999999974 1.9144540096376,41.4919468754551,82.3475999999937 1.9144950806124,41.491982917698,80.0182999999961 1.91454889239286,41.4920159427212,81.036300000007 1.91460303924494,41.4920449438992,84.0068000000028 1.91466003645141,41.4920789741743,84.9011000000028 1.91471200399057,41.4921039521723,84.6704000000027 1.91477403086432,41.492126918922,84.1012000000046 1.91483991240895,41.4921460293885,83.6140000000014 1.9148959035023,41.4921659782576,83.5197999999946 1.91495591814979,41.4921979972327,83.2033999999985 1.91499900045249,41.4922300161919,83.0 1.91503303133039,41.4922699138722,83.0 1.9150670622083,41.4923079678415,82.9731000000029 1.91509505730582,41.4923490389727,82.4496000000072 1.91512104107543,41.4923909484832,82.0685999999987 1.91515507195334,41.4924378877218,82.0 1.91518390517901,41.4924839878494,82.0 1.91521106304669,41.4925299203982,81.8101000000024 1.91522899970797,41.4925780330309,82.0 1.91524609913938,41.4926300005285,82.0 1.91525498437588,41.4926749276992,82.0 1.91526588094027,41.4927220336047,82.0 1.91528096814545,41.4927750076055,81.9741000000067 1.91529706146375,41.49282798089,82.0 1.9153170103513,41.4928779376445,82.0 1.91532706878753,41.4929329227315,82.3295000000071 1.91533897056671,41.4929820403346,83.0 1.91534701767504,41.4930269672612,83.0 1.91535791423943,41.4930789350715,83.0 1.91537300144462,41.4931319087804,83.0 1.91539596777318,41.4931790150265,83.0 1.91540703142423,41.493225953694,83.0 1.91541809597358,41.4932738982656,83.0 1.91543603353315,41.4933250281575,83.0 1.91545397019443,41.4933769957287,83.0 1.91546201730276,41.4934249401884,83.0 1.91547291386716,41.4934700350244,83.0 1.91549202462651,41.4935129504168,83.0 1.91550794995988,41.4935570392579,83.0 1.91553493984258,41.4936039776515,83.0 1.91555505581675,41.4936549397397,83.0 1.91558003437154,41.4937010403469,83.0 1.91560601814112,41.4937479786362,83.0 1.91561490337761,41.4937969294241,83.0 1.91561590859239,41.4938478913605,83.0 1.91561892603344,41.4938970089426,83.0 1.91562496091551,41.4939469655456,83.0 1.91563988103407,41.4940009444713,83.0 1.91565396302447,41.4940460395791,83.0 1.91566502667552,41.4941000190951,83.0 1.91567290579886,41.4941469577681,83.0 1.91567894068093,41.4941918845596,83.0 1.91568799300405,41.4942389907078,82.2949999999983 1.91569788345532,41.4942879411247,82.0 1.91571095933261,41.4943378974261,82.0 1.91571699421468,41.4943860093888,82.0 1.91572889689222,41.4944319419345,81.4943000000058 1.91575387454868,41.4944770367423,81.0 1.91576996786701,41.494520958059,80.9265000000014 1.91580601007282,41.4945668905091,80.3512999999948 1.91581489530931,41.4946129911402,80.0 1.91582696507345,41.4946629471909,79.7642999999953 1.91583400606866,41.4947098861288,79.0 1.91584490263306,41.4947590037302,79.0 1.91585395495617,41.4948119774108,78.4281000000046 1.91586200116618,41.4948629398942,78.0 1.91587189251575,41.4949098780144,78.0 1.91587809448448,41.494958996137,77.4189000000042 1.91588798493575,41.495010963743,77.0 1.9158970381572,41.4950649438006,76.885500000004 1.91590609048032,41.4951100381677,76.4554000000062 1.91591899837265,41.4951589885991,76.0 1.9159278836091,41.4952039153616,76.0 1.91595202313741,41.4952558834439,75.3867999999929 1.91597197202495,41.495300977678,75.0 1.91600801423076,41.4953539515882,75.0040000000008 1.91604305032349,41.4953998841204,75.3880999999965 1.91609401264786,41.4954399500783,75.5084000000061 1.91615704473639,41.4954659340299,75.0 1.91621404104453,41.4954800153385,75.0 1.916271038251,41.4954939291055,75.0 1.91633189102668,41.4955080110808,75.0 1.91640498155145,41.4955148841925,75.0 1.91646600141376,41.495537012041,74.7397000000055 1.91652199250711,41.4955718808643,73.6355999999942 1.91656893127731,41.4956018883707,73.0 1.91663699213484,41.4956039001744,73.0 1.9167068972336,41.4955889798561,73.0 1.91676892320902,41.495570874962,72.5718000000052 1.91683799017966,41.4955469028579,72.0644000000029 1.91690789527842,41.4955309772963,72.0 1.91696606568463,41.4955148841925,72.0 1.91703496467031,41.495494935009,72.0043000000005 1.9170949793178,41.4954769976271,72.0 1.91715801140634,41.4954568815663,72.0 1.91721802605386,41.4954439730229,71.8361000000004 1.91727602847511,41.4954298917065,71.3217000000004 1.91734710677365,41.4954129602114,71.0 1.91742204153973,41.495408936592,71.0 1.91748406751515,41.4954179890623,71.0 1.91753888540873,41.4954429671185,71.1925000000047 1.91759688782998,41.4954669392611,72.082899999994 1.91764097624583,41.4955070051775,73.0 1.91766796612852,41.495549920566,73.0 1.91768405944686,41.4955980323013,73.2498999999953 1.91771088134459,41.4956489948391,73.0 1.91773803921228,41.4956929153612,73.0 1.9177670404229,41.4957339870376,72.2204999999958 1.91778900063835,41.4957819317714,71.0396000000037 1.91781096175209,41.4958298757967,71.0 1.91783510128039,41.495879999792,71.0286000000051 1.91786494061918,41.4959249267271,70.9244000000035 1.91789494794295,41.4959758890078,71.2786999999953 1.91792395005188,41.4960260122173,71.0 1.91795798003149,41.4960749626294,71.0 1.91799502835042,41.4961229071107,70.849000000002 1.91802889124337,41.496170013873,70.8643000000011 1.91806308920794,41.4962119229299,70.7694999999949 1.91809594598778,41.4962618790931,70.0243999999948 1.91812293587047,41.4963039562997,69.8864999999932 1.91815109895294,41.4963519006115,69.4768999999942 1.91818194440487,41.4963969954282,69.0188999999955 1.91821798661068,41.496444940344,69.0 1.91824195905236,41.4964928845515,69.0 1.91826693670882,41.4965440139209,68.7856000000029 1.91829811813067,41.4965929646144,68.6374000000069 1.91833097491051,41.4966388969408,68.7522999999928 1.91836500578842,41.4966860033278,68.0531000000046 1.91839501221383,41.496728918608,67.8125 1.91842200209656,41.4967750190459,66.9768999999942 1.91844698065135,41.4968259813305,66.9450999999972 1.91846290598469,41.4968749318108,67.7455999999947 1.91844899197925,41.4969309227503,68.0 1.91844798586613,41.4969800406859,68.0 1.91847497574886,41.4970239616511,67.9355999999971 1.91851889707804,41.4970678832593,68.0 1.91857203871531,41.4971009077084,67.9967000000033 1.91863389670577,41.4971278975448,66.9305000000022 1.91869391135326,41.4971369497749,65.7338000000018 1.91876398443701,41.4971528756144,65.5387999999948 1.9188179633041,41.4971979705463,67.258600000001 1.91884495318682,41.4972589905874,69.5709000000061 1.91887898406473,41.4972968767832,70.1459000000032 1.91895307980432,41.4973470003161,69.9103999999934 1.91901996746204,41.4973899158312,70.0529999999999 1.91908903443267,41.4974279694838,67.2700999999943 1.91915307173603,41.4974630061682,64.9631999999983 1.91921107505558,41.4975069274786,65.0 1.91923001782998,41.4975588950588,65.0 1.91921191318374,41.4976070073203,65.0 1.9191710092956,41.4976529396004,65.0 1.91911602431537,41.4976819416186,64.5895000000019 1.91905198611371,41.4976950172489,65.0 1.91899599502039,41.4977270361822,64.3984999999957 1.91894101004016,41.4977560374945,64.1477000000014 1.91888887451601,41.4977868829972,63.8822999999975 1.9188320452945,41.4978140400802,63.7675000000017 1.91877203064701,41.4978410296194,63.7192000000068 1.91871888900975,41.4978680198202,63.7130000000034 1.91866390402951,41.497900038668,64.0288 1.91860103992593,41.4979290399028,63.5366999999969 1.91854203139156,41.4979540176634,63.1428000000014 1.91847799318988,41.4979759784923,63.7198999999964 1.91842602565069,41.4980039738286,64.050900000002 1.91835695868008,41.4980140324735,64.0593999999983 1.91829493270466,41.4980259346405,65.0434999999998 1.91825201748859,41.498061976865,64.8598999999958 1.91820792817445,41.4981048919063,63.825800000006 1.9181660190715,41.4981439516741,63.7085999999981 1.91810902186503,41.4981649065765,64.180600000007 1.91805806043895,41.4981888790573,63.9891999999963 1.91800508678665,41.4982150301104,64.0605999999971 1.91795496259044,41.4982468812553,64.2973999999958 1.91789696016919,41.4982740388183,64.3108000000066 1.91784499173167,41.498306895794,63.9556000000011 1.9177940303056,41.498339920957,63.4152999999933 1.91773803921227,41.498360875796,63.9036000000051 1.9177080318885,41.4984009412679,64.0 1.91770987612981,41.4984519029459,64.0 1.91773887734043,41.4984949859323,64.0 1.91776402298185,41.4985389072157,63.7112000000052 1.91775396454562,41.498589031133,63.9426999999996 1.91773200433017,41.4986379809537,64.0 1.91772093978083,41.4986859255561,64.0 1.91769897956538,41.4987378935359,64.0 1.91766997835475,41.498782988037,64.2094999999972 1.91763091870789,41.4988279149769,64.3309000000008 1.91759403837389,41.4988720042372,64.0280999999959 1.91756101360913,41.4989169311153,64.383600000001 1.91751290074082,41.4989549845436,65.1040000000066 1.91747199775098,41.4989938769421,65.0068000000028 1.91744199042724,41.4990329361738,65.2415000000037 1.91742002931346,41.4990798753088,65.7464000000036 1.91740192466723,41.4991320105016,65.4904999999999 1.91740192466723,41.4991829722771,65.4260000000068 1.91740192466723,41.4992339346854,65.3613999999943 1.91739806909805,41.4992810405307,65.4790000000066 1.91740091855411,41.4993299911739,66.0 1.91740091855411,41.4993799469505,66.0 1.91739387845723,41.4994248741491,66.0 1.91738801066182,41.4994780155786,66.0 1.91738197577972,41.4995299835956,66.0 1.91736806177428,41.4995849684182,67.0 1.91735196845598,41.4996389480277,67.0 1.91734191001974,41.4996838750466,67.0 1.91732699079951,41.4997370162635,67.0 1.91730301835784,41.4997789257035,67.2805999999982 1.91726395871098,41.4998179858073,68.0 1.91720796761762,41.4998359226598,68.0 1.91714711484194,41.499848998528,68.4671999999991 1.9170788859995,41.4998609010306,68.9817000000039 1.91701702800903,41.4998639185377,69.0 1.91695500203361,41.4998598951949,69.2206000000006 1.91688895250403,41.4998588893591,69.9977999999974 1.91681904740526,41.4998540277074,70.1579999999958 1.91675500920358,41.4998459810202,71.0 1.91668895967402,41.4998419576762,71.2831000000006 1.91662492237067,41.4998399460042,72.0 1.91656390161003,41.4998500043639,72.4138999999996 1.91649802006544,41.4998540277074,73.5191999999952 1.91644102375726,41.4998739768937,74.2099000000017 1.91638402655083,41.4999029779174,74.4848999999958 1.91632200057541,41.4999269504277,75.5510999999969 1.91631697090812,41.4999728830808,75.6931999999942 1.91627807924622,41.5000169715615,76.1600000000035 1.91626500336894,41.5000659223213,76.0 1.91625293360477,41.5001100107387,76.0 1.91624505448143,41.5001649964144,76.274900000004 1.91623700827142,41.5002189755405,76.664499999999 1.91622091495309,41.500274966953,76.6797999999981 1.9161959363983,41.5003259291747,77.323000000004 1.91617598751079,41.5003748790282,78.0620999999956 1.91616408483328,41.5004209795621,78.377999999997 1.9161489976281,41.5004729474952,79.2630000000063 1.91614111850472,41.5005188804339,79.0250999999989 1.91613089298186,41.500570009989,79.1135000000068 1.91611899030432,41.5006280127456,79.6579000000056 1.9161099379812,41.5006779688666,79.9651000000013 1.91609501876097,41.5007289307713,79.7140999999974 1.91608093677057,41.5007730194101,80.2961000000068 1.91606802887828,41.5008239812399,80.8561999999947 1.91604807999074,41.5008699146024,81.3122000000003 1.91602293434932,41.5009190322418,81.603099999993 1.91599795579453,41.5009609415896,82.242499999993 1.91598705923013,41.5010050307433,82.0190000000002 1.91595889614767,41.5010509633045,82.7844999999943 1.9159240271416,41.501096896506,83.1867999999959 1.9159018989412,41.501147019789,83.1113999999943 1.91588195005369,41.5011919471073,83.5014999999985 1.91584808716073,41.5012320128461,84.1177000000025 1.91581187786826,41.5012739219914,84.7583000000013 1.91576711841092,41.5013129818662,85.5724000000046 1.91571196544572,41.5013439945437,86.2461999999941 1.91565312489631,41.5013649497563,86.0525999999954 1.91558690738177,41.501352879334,86.7734000000055 1.91555287650386,41.5013139876794,87.0424000000057 1.9155520383757,41.5012668812945,87.3984999999957 1.91558187861281,41.5012249714719,88.0 1.91561188593656,41.501181888956,88.0 1.91563887492095,41.5011369616307,88.0 1.91565999790654,41.5010910291305,88.0 1.91568899911716,41.5010398993139,87.6432999999961 1.91570794189156,41.500988937654,87.6999999999971 1.91572403520989,41.5009359636431,87.0 1.9157439840974,41.5008860077212,87.2531000000017 1.91574901376468,41.5008399068455,87.2758000000031 1.91574800765157,41.5007919624921,87.2318999999989 1.91576594521114,41.500739994815,87.0 1.91578689931347,41.5006890329191,87.0 1.91580802229905,41.5006358918105,87.0 1.91582595896033,41.5005889531305,87.0 1.91584691396096,41.5005389969409,87.0 1.91586803604824,41.5004850174087,87.0 1.91588597360785,41.5004379110936,87.0 1.91590893993638,41.5003859431324,87.0 1.91592302192678,41.5003369932874,86.7332000000024 1.9158990494851,41.5002925686268,87.0 1.9158910032751,41.5002489829122,87.0 1.91586988028952,41.5001970154722,87.0 1.91582093019138,41.5001629847524,86.406799999997 1.91575672490307,41.5001416947708,86.229600000006 1.91571934151252,41.5001254339404,86.412599999996 1.91567273781391,41.500105652358,86.0 1.91561440032103,41.5000841948311,86.2608999999939 1.91555606192986,41.5000553607424,86.0 1.91550007083651,41.5000283714531,86.045100000003 1.91543016573775,41.5000194864811,86.0 1.91535539895663,41.5000122781211,86.0 1.91527610646313,41.500023006561,86.0 1.91524341676995,41.5000157982015,86.0 1.9151523895839,41.5000266948403,85.946100000001 1.91509639849055,41.5000266948403,85.6447999999946 1.91500553839113,41.500023006561,85.0427999999956 1.91495390592356,41.5000349090317,85.6141999999963 1.91487494850164,41.5000328973656,85.9428999999946 1.91480403728976,41.5000298798664,86.0 1.91474301742746,41.5000369206977,86.0 1.91467696789787,41.5000409440296,86.0 1.9146099131535,41.5000530140236,86.0 1.91454403071054,41.5000588814931,86.0 1.91447999340722,41.5000689398188,86.0415999999968 1.91442199008763,41.5000800039753,86.1218999999983 1.91435107977405,41.5000929122676,85.6294000000053 1.9142870415724,41.5000939174269,85.4128999999957 1.91422702782321,41.5000979407553,85.4452000000019 1.91416500094946,41.5001039757472,85.520199999999 1.91410398108715,41.5001090049068,85.9244000000035 1.91403692544445,41.5001150398977,86.0 1.91397087681319,41.5001309656777,86.0 1.91390298304233,41.50015192061,86.4910999999993 1.91384598583586,41.5001690197383,86.8629999999976 1.9137879834146,41.5001829338436,86.2614999999932 1.91372998099335,41.5001960096416,87.0 1.91367398989999,41.5002139463894,86.9312999999966 1.91362403368874,41.5002429479337,86.9934999999969 1.9135718981646,41.5002689319769,86.6540999999997 1.91351087740396,41.5002999451544,86.2820999999967 1.91345488631064,41.500335987459,86.0488000000041 1.91339503964808,41.5003509066837,85.3136999999988 1.91333502500059,41.5003758848559,84.7688999999955 1.91328087814851,41.5003990188895,84.0947000000015 1.91322790449621,41.5004348936133,83.1346000000049 1.91318498928014,41.5004779766261,82.363400000002 1.91314794096118,41.5005208920849,82.0 1.91311994586367,41.50056598669,82.261599999998 1.91309094465304,41.5006078962664,82.4351000000024 1.9130689835393,41.5006550024578,82.3472000000038 1.91306998965241,41.5007099876708,82.4389999999985 1.91306495998513,41.5007579320849,82.0191999999952 1.91306412185697,41.5008109055686,82.847299999994 1.91304903465179,41.5008549948244,82.3190000000031 1.91302690645139,41.5009049507702,81.5494000000035 1.91301299244594,41.5009498775836,81.0 1.91300192879492,41.5010060365612,81.0 1.91299388168659,41.5010539807562,81.2256999999954 1.91299103223053,41.5011099721195,81.5681999999942 1.91299203744532,41.501164957619,81.5436999999947 1.91299002611738,41.5012149133257,81.3359999999957 1.91296203101987,41.5012650371902,81.0 1.91293202369613,41.5013089586134,81.0 1.91291090071055,41.501352879334,81.0 1.91287502648966,41.501394956597,81.0 1.91283110516047,41.5014259699081,81.6178000000073 1.91276891120009,41.5014579890152,81.3975999999966 1.91270403576861,41.5014719028435,81.0381999999954 1.91264603244903,41.5014839725708,81.0 1.91257495415049,41.5014910132441,81.0 1.91251510748793,41.5014940306753,81.0 1.9124559309686,41.501510962599,80.9698000000062 1.91238502065502,41.5015268880357,81.7053000000014 1.9123229946796,41.5015369461334,82.2228999999934 1.91226901491418,41.5015679593765,82.8368000000046 1.91221201770771,41.5015969603144,83.248900000006 1.91215803884059,41.5016229444871,83.7299000000057 1.91209500675205,41.5016360199944,83.8224000000046 1.91203298077663,41.5016549634968,83.0742999999929 1.91197698968331,41.5016718947057,83.1043000000063 1.91191596892267,41.5016978788483,83.718200000003 1.91186903015243,41.5017309036277,83.3393999999971 1.91181890685452,41.5017669458086,83.7209000000003 1.9117790090795,41.5018029879695,84.3871000000072 1.91174698952953,41.5018479148327,84.7930000000051 1.91171597699096,41.5018869743613,85.0660999999964 1.91166702689283,41.5019240222591,84.9238000000041 1.91162796724597,41.5019699555141,84.9661999999953 1.91160701224531,41.502016893866,84.0007999999943 1.91158002236261,41.502061988775,83.3502000000008 1.9115568880491,41.5021038980559,82.9618999999948 1.91153408970549,41.5021499987045,82.0334000000003 1.91151598505926,41.5021959311264,80.8476999999984 1.91149201261758,41.5022430375083,80.2963000000018 1.91146804017591,41.5022879647389,79.9970999999932 1.9114460799605,41.5023308803437,79.5282000000007 1.91139394443635,41.5023570317427,84.533500000005 1.911337953343,41.5023898886653,88.7700999999943 1.91128900234653,41.5024219072957,90.1753999999928 1.91122597115632,41.5024519149922,91.8163000000059 1.91116796783674,41.502486950977,93.5498999999982 1.91111700641067,41.5025239992043,94.4701999999961 1.91108498686066,41.5025618850112,94.9130000000005 1.91104609519875,41.502600944782,95.9597000000067 1.91099597100254,41.5026319581882,95.6901000000071 1.91093796858129,41.5026659882834,95.4081000000006 1.91088197748793,41.5026990132418,96.0 1.91082296895353,41.5027310323922,95.7191000000021 1.91078105985061,41.5027699238685,95.8417000000045 1.91073898186437,41.502804960354,95.8329999999987 1.91068701432518,41.5028420083993,96.0344000000041 1.91064292590937,41.502874027479,96.5844999999972 1.91059196358496,41.5029030285048,96.2926000000007 1.91054502481476,41.5029358858231,96.1524999999965 1.91049003983452,41.5029719280061,96.1494999999995 1.91043589298245,41.5030109875296,96.5492999999988 1.91038995942703,41.5030470296709,96.6098999999958 1.91033195700577,41.5030798869161,96.4193999999989 1.91027797724035,41.5031169348042,96.3607000000047 1.91022802102907,41.5031429190397,96.2823999999964 1.91017990905909,41.5031709141607,96.6638999999996 1.91011000396033,41.5032228819054,96.5112999999983 1.91006390421658,41.5032609361673,96.8179999999993 1.91002400554323,41.5032989897341,97.0044000000053 1.90996298568092,41.5033269854604,97.1137000000017 1.90989609802318,41.5033429111232,96.6327000000019 1.90982887529385,41.5033509573759,93.5684999999939 1.90975695886715,41.5033519638302,89.2139000000025 1.90969292066546,41.503355986956,88.0 1.90962804523398,41.5033600100817,88.0 1.9095640070323,41.503364033207,90.2681000000011 1.90949108449248,41.5033819704229,94.9857999999949 1.90943308207123,41.5034049372101,96.9882000000071 1.90938211974686,41.5034329328907,97.0 1.90933903654583,41.5034679690174,97.2341000000015 1.90930299433999,41.5035050173561,96.8378999999986 1.90926996957519,41.5035469263759,97.0354999999981 1.90924499191873,41.5035910151144,97.0 1.9092288986004,41.5036399658636,97.1117999999988 1.90920811158473,41.5036828812451,97.0 1.90919604182056,41.5037319987693,97.2453999999998 1.90918011558889,41.5037789378622,97.3086999999941 1.90916888395291,41.5038339231137,97.6447999999946 1.90915212049138,41.5038848852258,98.0 1.90911708439868,41.5039329968242,98.0476999999955 1.90907400119765,41.5039739004679,98.1870999999956 1.9090180101043,41.5040099427459,98.1214000000036 1.90896302422577,41.5040409561501,98.0288 1.9089179296968,41.5040719688667,98.3779000000068 1.90886797348555,41.5041039880109,98.5467999999964 1.9088119823922,41.5041360064666,99.0 1.90875900873989,41.5041680255793,99.0 1.90871089676991,41.5042049060016,98.6624000000011 1.90866496411283,41.5042409481511,99.5678000000044 1.90861802534259,41.5042779960476,99.7183999999979 1.90856304036235,41.5043168879403,99.7479000000021 1.90851895104821,41.5043489069635,99.7550999999949 1.90846798962214,41.5043879670018,99.6548999999941 1.90841501596984,41.5044260205791,99.9119000000064 1.90837293888192,41.5044659181471,100.003599999996 1.90832197655755,41.5044989428603,99.959400000007 1.90827805522837,41.5045329739926,100.618300000002 1.90823094937151,41.5045649922361,101.0 1.90818401060127,41.5046010348579,101.0 1.9081270133948,41.5046359035105,100.712 1.9080659935325,41.5046638993316,100.977499999994 1.90801100765396,41.5046918944678,100.569499999998 1.90796406978205,41.5047198902646,100.026400000002 1.9079161248987,41.5047468796168,100.307199999996 1.90785996582039,41.5047740371449,100.729399999997 1.90779793984497,41.5048030386652,101.2065 1.90774194875165,41.5048260049484,101.395000000004 1.90768696377141,41.5048509834127,101.174400000004 1.90763298400599,41.5048809899835,101.4948 1.90757095803057,41.5049130094005,100.922500000001 1.90751798437827,41.5049420108585,101.245999999999 1.90746199328491,41.5049740295726,101.563399999999 1.90740801351949,41.5049980015511,101.189299999998 1.90735587889368,41.5050249914601,101.368600000002 1.90730206711322,41.5050469519094,101.202600000004 1.90723300014258,41.5050719302885,101.553899999999 1.90716695061299,41.5051019374297,101.109599999996 1.90711800051486,41.5051329503108,100.467199999999 1.90705999719527,41.5051549107235,100.063200000004 1.90701389655323,41.505186930005,100.011599999998 1.90694902112171,41.5052088903995,99.9407999999967 1.90687710379668,41.5052300125473,100.523199999996 1.90681189329359,41.5052509671751,100.235100000005 1.90675690741505,41.5052749397238,100.703299999994 1.90669689366586,41.5052958943371,101.247600000002 1.90663889034628,41.5053160113783,100.721799999999 1.90657803757063,41.5053480299074,100.3033 1.90651601159521,41.505368984497,100.6302 1.90645398561979,41.505399997923,100.385800000004 1.90640704684955,41.5054300049121,100.582800000004 1.9063510557562,41.5054580003899,100.975200000001 1.906295902791,41.5054859958555,100.412899999996 1.90624997013392,41.5055190207211,100.587499999994 1.9062020261489,41.5055500340752,100.685200000007 1.90615290806577,41.5055808792294,101.0 1.90610496318245,41.5056219506898,101.0 1.90607009417638,41.5056600042146,101.245200000005 1.90602801708847,41.5057019138578,102.0 1.90597889900534,41.5057429852415,102.0 1.90593497857449,41.5057800329513,101.910999999993 1.9058850223632,41.5058169138009,101.870299999995 1.90583506615195,41.5058569793691,102.0 1.90579801783299,41.5059019061105,102.053499999995 1.90575996429924,41.5059409658848,102.088900000002 1.9057279456476,41.5059820371168,102.0 1.90569106531359,41.5060199235915,102.0 1.90565502310775,41.5060698795892,102.0 1.90562501578401,41.5061119564781,102.0 1.90559701978816,41.5061540340124,102.0 1.90555896625442,41.5062019784322,102.0 1.90553197637173,41.5062448934612,102.198099999994 1.905504986489,41.5062940117329,102.0 1.90547497916526,41.5063369267008,102.717000000004 1.90544597795463,41.5063790040889,103.0 1.90541597063089,41.5064229254071,103.0 1.90538696942023,41.5064660084724,103.0 1.9053640030917,41.5065119411964,103.0 1.90533298965481,41.5065588796196,103.0 1.90530499455729,41.5066100091148,103.0 1.90528403955667,41.5066539302763,103.0 1.90526492879732,41.5066980195902,103.0 1.90525000957709,41.5067479757375,103.0 1.90522000225331,41.5067908910773,102.791299999997 1.90518999492957,41.50683699108,102.548599999995 1.90515495793854,41.5068799063608,102.825299999997 1.90511707238976,41.5069189662177,103.0 1.90508387964001,41.5069648992931,103.0 1.90505404030122,41.5070049648236,102.948000000004 1.90502202164954,41.5070450303293,102.987699999998 1.90499000209957,41.5070839219055,102.861900000004 1.904958989561,41.5071219759165,102.602799999993 1.90492495868309,41.5071689145701,102.344800000006 1.90488288159518,41.5072130035333,102.173699999999 1.90484901870223,41.5072539071231,101.507899999997 1.9048200174916,41.5072990017486,100.975600000005 1.90478900405475,41.5073489581049,101.528699999995 1.904750950521,41.5073890233977,102.214699999997 1.90470702919181,41.50742791544,102.775200000004 1.90467601665325,41.5074689864015,102.461500000005 1.90464500321639,41.5075179369099,102.007199999993 1.90460611155446,41.5075630313515,102.468599999993 1.90455799958448,41.5076069525392,102.365699999995 1.90452396870657,41.5076508736971,102.334700000007 1.90448289773177,41.507692950904,103.007700000002 1.9044480287257,41.507737040183,102.515100000004 1.90442489441219,41.5077900133391,102.332999999999 1.90439488708844,41.5078359464693,102.187300000005 1.90435599542654,41.5078740000383,102.162599999996 1.90430201566112,41.5079019958047,103.122499999998 1.90426999700944,41.5079519516957,103.465200000006 1.90424099579882,41.5080009025117,103.2503 1.90421903468507,41.5080480087067,103.324500000002 1.90419489515674,41.5080979644851,103.415399999998 1.90416002615067,41.50813702428,105.0 1.9041010176163,41.5081708873399,105.151400000002 1.90404703874918,41.5082079350059,105.920199999993 1.90399792066608,41.5082379427119,105.606499999994 1.90396104033208,41.5082759960446,105.660399999993 1.9039209745721,41.5083158939311,105.755499999999 1.90387504191498,41.5083589770823,105.107399999994 1.90383195871399,41.5084008869966,105.165999999997 1.90379390518021,41.508442963716,105.903699999995 1.90375601873313,41.5084878906812,106.0 1.9037270175225,41.5085329857926,105.363899999997 1.90370002763977,41.5085809297963,105.032399999996 1.9036738758852,41.5086220013718,105.0 1.90363800166435,41.508658881948,105.180500000002 1.90360698822749,41.5086979414044,105.0 1.90356289981164,41.5087349894416,105.752900000007 1.90351797236934,41.5087660026007,106.0 1.90347891272248,41.5088010385325,106.0 1.90344002106058,41.5088449602257,105.971999999994 1.90341202506474,41.5088850252655,106.0 1.90339190909057,41.5089309582915,105.947700000004 1.90336508719283,41.5089740410333,106.0 1.90332887700203,41.5090129334689,106.0 1.90329501410908,41.5090560161561,105.982199999999 1.9032710416674,41.5090969199269,106.0 1.90323298813366,41.5091329620441,105.835399999996 1.90318889881951,41.5091710161961,105.773400000005 1.90314698971656,41.509206890769,105.816900000005 1.9031079300697,41.5092419271349,105.989799999996 1.90306987653595,41.5092799805502,105.864000000001 1.90302897264782,41.509325913296,106.086599999995 1.90299192432886,41.5093700021357,106.088900000002 1.90297499288236,41.5094199582394,106.434699999998 1.90294699778485,41.5094648851993,106.958899999998 1.90290994946593,41.5095019334703,106.778999999995 1.90287709268609,41.5095490399186,106.536900000006 1.90283099204401,41.5095869263241,106.618799999997 1.90279595595132,41.5096279972614,106.406600000002 1.90281791616676,41.5096739304329,105.256699999998 1.90278388528885,41.509715001315,105.0 1.90274599974003,41.5097569110243,105.683900000004 1.90270593398005,41.509796976845,106.020799999998 1.9026640239788,41.5098330185724,106.148799999995 1.90261993556296,41.5098668814179,106.5383 1.90257500901899,41.5099049351385,106.564499999993 1.90253896681314,41.5099419831576,106.374500000005 1.90250191849418,41.5099859047496,107.002299999993 1.902457997165,41.510028987462,106.858099999998 1.90241491396397,41.510073914672,107.0 1.90238188919921,41.5101139802966,107.067999999999 1.90234702109144,41.5101510281961,107.0 1.90231198410041,41.5101909262725,107.0 1.90227292445355,41.5102319974993,107.146200000003 1.90223688224771,41.5102708891791,107.0 1.90219497314475,41.510319001414,107.558999999994 1.90215490738478,41.5103609107322,107.348700000002 1.90211299828182,41.5104009761791,107.250700000004 1.90207092119391,41.5104428861169,107.822199999995 1.90202901119266,41.5104899925533,108.0 1.90200705097722,41.5105319017608,108.001099999994 1.90199095765891,41.5105810194708,108.104000000007 1.90197989310957,41.5106309759854,107.669699999999 1.90198207242242,41.5106819381291,107.048699999999 1.90198911341764,41.51073289956,106.973899999997 1.90197503232554,41.5107810121241,106.850200000001 1.901956926781,41.5108279508156,107.0 1.90193194912451,41.5108700279757,106.983999999997 1.90190596535493,41.5109119369372,107.0 1.90187193447702,41.5109580380416,107.0 1.90183002537407,41.5109949179597,107.147299999997 1.90180404070616,41.5110390070082,107.031099999993 1.90178392473199,41.5110849398513,107.134300000005 1.90174704439802,41.5111260111835,107.092600000004 1.90171603096113,41.5111669149919,107.662100000001 1.90167697131427,41.5112019509697,108.0 1.90164696399053,41.5112519070052,108.0 1.90161393922573,41.5112929789042,108.0 1.90157588569199,41.5113328762769,108.0 1.9015400114711,41.511372941795,108.0 1.90150195703906,41.5114109959757,108.0 1.90146189217738,41.5114508939482,108.130000000005 1.90142802928443,41.5114919650484,108.046000000002 1.90140489497091,41.51154192086,108.318299999999 1.90137891120133,41.5115928829593,108.171199999997 1.90136097364172,41.5116369716005,108.528600000005 1.9013319724311,41.5116778757586,108.587100000004 1.90130397643525,41.5117209586904,109.0 1.90127296389672,41.5117630359428,109.0 1.90124798534193,41.511816009168,108.703399999999 1.90122602512649,41.5118599308338,108.281300000002 1.90120892569504,41.5119050249418,108.0 1.90119199424858,41.5119569930757,107.7978 1.90119199424858,41.5120069492012,107.527499999997 1.90117003403313,41.5120609285457,107.092600000004 1.90115008514563,41.5121098789455,106.149799999999 1.90113198049939,41.5121579911589,105.400099999999 1.90111789850899,41.5122029182367,105.0429 1.90110297839043,41.5122589093768,104.916100000002 1.90111203161188,41.5123060151644,104.153600000005 1.90112711881706,41.5123549660515,103.735700000005 1.90113902059628,41.5124029099154,102.793999999994 1.90117187827441,41.5124419698036,102.571800000005 1.90120389692609,41.5124830409476,102.077399999995 1.90124698012711,41.5125219332931,101.204599999997 1.90129408598398,41.5125569698829,100.550099999993 1.90134705963628,41.5125849649695,100.362099999998 1.90140187752986,41.5126079318557,99.879700000005 1.90145987995115,41.5126260366955,99.4765999999945 1.90151905647048,41.5126409564519,98.8126000000047 1.90159499645134,41.5126520204782,98.0366999999969 1.90166490155014,41.5126369332302,97.8947999999946 1.9017260893974,41.5126319036984,97.3439000000071 1.9017871092597,41.5126189958877,96.3087999999989 1.90185550608711,41.5126027348274,96.0 1.90190697056972,41.5125759128808,95.2531000000017 1.90194703632973,41.5125452351902,94.4192000000039 1.90197268502772,41.5125093604493,94.0718000000052 1.90201090654642,41.5124599071952,93.6494999999995 1.90204191908499,41.5124210148125,93.0 1.90208801972703,41.5123910077001,92.9967000000033 1.90214099337933,41.5123579829764,92.0705000000016 1.90219899669892,41.5123380342727,92.0861000000004 1.90226202788916,41.5123299877916,91.219299999997 1.9023228806648,41.5123330053903,91.0803000000014 1.90238691886646,41.5123449076162,90.9872000000032 1.90244995095499,41.5123630125295,90.3748999999953 1.90250392982212,41.5123859788218,90.6980999999942 1.90255103657731,41.5124149802958,90.7467000000033 1.90259898056233,41.512454039504,90.1885000000038 1.90264089056358,41.5124989670491,89.2881000000052 1.9026700597592,41.5125408763013,89.6031999999977 1.90267156803056,41.5125938502354,89.4906000000046 1.90265748693846,41.5126334124907,89.2054999999964 1.90264809864543,41.5126837037548,88.9851999999955 1.90263401755336,41.512732151202,88.7452000000048 1.90259646617786,41.5127609850272,88.0430999999953 1.90254952740762,41.5127931714042,88.0718000000052 1.90248850754531,41.5128166406974,88.0 1.9024464304574,41.5128364224327,88.0 1.9023854096968,41.5128506714937,88.0 1.90232455692112,41.5128776614925,87.3583999999973 1.90227057805403,41.5128795052661,87.0099000000046 1.90221190459125,41.5128902342648,87.0850000000064 1.90215792482583,41.5128974425365,87.3276000000042 1.90208517027097,41.5129046508074,87.1866000000009 1.90202901119266,41.5129225880708,87.0 1.90198911341764,41.5129458898238,86.3579999999929 1.90196346471965,41.5129728797829,84.7534000000014 1.90193278725267,41.5130052335477,84.1756000000023 1.90193043995485,41.513032223482,84.5516999999963 1.90190194180077,41.5130570339779,86.1183000000019 1.90187998158532,41.5131059842972,87.0 1.90186891703597,41.5131569465104,87.299199999994 1.90186589959496,41.5132109255687,87.2593000000052 1.90186187604079,41.5132659108821,88.0252000000037 1.90185600914365,41.5133178785962,87.9735999999975 1.90186187604079,41.513374875743,88.0 1.90185198558951,41.5134280171593,88.7970999999961 1.90184829800526,41.5134766322141,89.5503000000026 1.9018436034096,41.5135394961418,90.0 1.9018670727947,41.5135897873746,90.0 1.90188333409799,41.5136256621895,90.0476000000053 1.9019046241702,41.5136777977788,90.3163999999961 1.90193261926771,41.5137208807249,90.8319999999949 1.90195139495548,41.5137892770038,91.0 1.90197302009931,41.5138259898359,91.0671000000002 1.90200000998203,41.5138789633909,91.6254000000044 1.90203789642912,41.5139238906196,92.0 1.90207393863496,41.5139699909243,92.0 1.90210696339975,41.514008883049,92.2765999999974 1.90213495849727,41.5140509601594,92.9701999999961 1.90216496582101,41.5140930372425,93.0185000000056 1.90219312890348,41.5141320967835,93.4260000000068 1.90223302667853,41.5141895963563,94.0 1.90224476137108,41.514220107123,94.0 1.90227527175137,41.514263357198,94.0 1.90230108753602,41.5143099610755,94.1376000000018 1.9023190250956,41.5143629342345,94.3754999999946 1.90234551192175,41.5144214398845,95.0 1.90236428760951,41.5144465861721,95.0 1.90239731237431,41.5144915130068,95.4835000000021 1.90241826737493,41.5145381160474,95.998900000006 1.90245581785214,41.5145830434912,96.3935000000056 1.90248632823246,41.5146623357257,97.0 1.90249806292501,41.5146804406635,97.2314999999944 1.90252857240699,41.5147288886343,98.0 1.90254382759714,41.5147469935535,98.0 1.90256243529995,41.5147630865865,98.0 1.90256243529995,41.5147937645714,98.0 1.9025520417921,41.5148366792862,98.7532999999967 1.90255673638779,41.5148725540827,99.0 1.90254969539258,41.5149193250098,99.0 1.90254734809476,41.5149660959031,99.6236999999965 1.90254852219283,41.5150126992747,100.0 1.90253326700266,41.5150594707732,100.0 1.90253796070003,41.5150971891565,100.526899999997 1.90253192581796,41.5151479836598,101.0 1.9025109708173,41.5151989456107,101.0 1.90248901060189,41.5152468900587,101.805800000002 1.90246637934491,41.5153164598259,102.0 1.90244525635933,41.5153704391012,102.508799999996 1.90243586896463,41.5154044699002,103.0 1.90241994363125,41.515447888016,103.0 1.90241692619023,41.5154939885806,103.0959 1.9024008328719,41.515553667632,103.892399999997 1.90240552656927,41.5156039593178,104.0 1.90240317927142,41.5156614589284,104.0 1.90240602962581,41.5157159410471,104.146500000003 1.90240502351269,41.5157719325116,105.0 1.90239798251751,41.5158309406909,105.0 1.90239697730269,41.5158778797564,105.0 1.90239194763544,41.5159310211357,105.0 1.90239110950728,41.5159860061564,105.0 1.90238792408128,41.5160379737045,104.831699999995 1.90237401097416,41.5160909474671,104.105899999995 1.90236110218351,41.5161620263824,104.0 1.90234400365039,41.5162059471173,104.0 1.90232690421897,41.5162500359797,103.175199999998 1.90231399632664,41.5163030095688,103.0 1.90228600033084,41.5163539719555,103.0 1.90223587703292,41.5163890078164,103.0 1.90218407658036,41.5164149921065,102.281499999997 1.90212607415911,41.5164500286069,102.0 1.90207393863496,41.5164869087593,102.0 1.90202901119266,41.5165169159908,101.418699999995 1.90199364002835,41.5165588253322,101.0 1.90197603754036,41.5165884975626,101.0 1.90193731296508,41.516639794692,101.0 1.90191602379117,41.5166689637617,101.0 1.90190596535493,41.5167249550745,100.0 1.90187696324598,41.5167728990648,100.0 1.9018429332664,41.5168139708239,100.0 1.90182114013758,41.5168877313654,100.0 1.9018246606352,41.5169361790292,100.0 1.90184595070741,41.5169631686697,100.0 1.90186338521045,41.5170493341955,100.0 1.90188601646742,41.5170989554615,100.374899999995 1.90191702900595,41.5171489116543,101.0 1.90194100144763,41.51719501168,101.0 1.90194703632973,41.5172489914065,101.0 1.90194988578579,41.5173009592858,101.0 1.90195407732491,41.5173599674162,101.612800000003 1.90198291055058,41.5173916510788,101.997900000002 1.9019899515458,41.5174536771592,102.0 1.90203571711626,41.5174994426773,102.811700000006 1.90204979820833,41.5175453756445,103.064299999998 1.90203571711626,41.5175614686544,103.315900000001 1.90200051303857,41.5175668334386,103.871400000004 1.90196547694588,41.5175695151578,103.903200000001 1.90193027286819,41.5175775616603,104.097099999999 1.90189506879054,41.517580411533,104.156900000002 1.90185986471286,41.5175830939244,103.846799999999 1.9018246606352,41.5175884587067,103.423800000004 1.90178945655752,41.5175911404251,103.314400000003 1.90175442046482,41.5175965052068,103.162599999996 1.90172273688473,41.517612598204,102.940700000006 1.90168753280708,41.5176261769615,102.928100000005 1.90165601631364,41.5176422699514,103.035999999993 1.90162064514933,41.5176504845985,103.0 1.90158560905664,41.5176719423577,103.0 1.90155392547654,41.5176908852041,103.0 1.90153280249096,41.5177150253357,103.0 1.90150463940849,41.5177366505544,103.178599999999 1.90148351732121,41.5177582757659,103.638900000005 1.90145904182299,41.5177797334894,104.0 1.90143071075556,41.5178013586865,104.0 1.90139215416524,41.5178687491333,104.002900000007 1.90134638949308,41.5179037855195,104.0 1.90130498254837,41.5179399955945,104.544299999994 1.90125301500918,41.5179720146064,105.002500000002 1.90120892569504,41.518008894564,105.0 1.90116802270523,41.5180459426534,105.0 1.90110716992956,41.518089695975,105.846399999995 1.90106844535428,41.5181113217412,106.0 1.90104380276943,41.5181381434118,106.0 1.90099401364481,41.5181788793451,106.0 1.90093601122352,41.518211904462,106.662800000006 1.90087800880226,41.5182350381764,107.0 1.90083693692917,41.5182719186568,107.0 1.90078195194893,41.5183009201841,107.0 1.90075395595309,41.5183450089647,107.0 1.90072009306014,41.5183922831832,107.0 1.90066359980857,41.5184031794199,107.0 1.90059687923746,41.5184328514774,107.521500000003 1.90053720055988,41.5184759346215,108.0 1.90050182849724,41.5185136530317,108.0 1.90044902282989,41.5185297464734,108.0 1.90039638424921,41.5185594178003,108.0 1.90034709907945,41.5185944544851,108.0 1.90030133350899,41.5186294904784,108.0 1.90026612943134,41.5186672094717,108.0 1.90020997035303,41.5186995637532,108.0 1.90016772617846,41.5187345996896,108.0 1.90011844011041,41.5187858971359,108.0 1.90006211394547,41.5188073545186,108.0 1.90002305429861,41.5188179157292,108.0 1.8999742712871,41.5188558020907,108.0 1.89993403844046,41.5188930178458,108.0 1.89987000113711,41.5189149782992,108.0 1.8998250736948,41.5189588998563,108.070999999996 1.89978601404794,41.5189999709008,108.774900000004 1.89973907527771,41.5190340011367,108.871599999999 1.89970403918501,41.5190789281502,109.0 1.89966397342504,41.5191189942546,109.0 1.89964318640933,41.5191575510213,109.0 1.89964100709647,41.5192179006386,109.0 1.89961099977273,41.5192579659844,109.0 1.89957797500794,41.5192980313053,109.0 1.89952902490977,41.5193260268394,109.0 1.89947789549874,41.5193530168286,109.0 1.89941402528204,41.5193830240765,109.0 1.89936792464,41.5194188983708,109.0 1.89932500942393,41.5194579580608,109.0 1.89926901833057,41.5194950059933,109.0 1.8992289525706,41.5195298746954,109.0 1.89917698503141,41.5195699405206,109.0 1.89913993671245,41.5196110118499,109.0 1.89910389450661,41.5196539267337,109.005699999994 1.89905611760824,41.5196859455703,109.156600000002 1.89900901175138,41.5197189705908,109.292100000006 1.89897196343242,41.5197608798765,109.825599999996 1.89897799831449,41.5198099979821,110.0 1.8989401127657,41.5198579423774,110.0 1.89892804210324,41.5199030369668,110.0 1.8989240194474,41.5199509819658,110.0 1.89888697112844,41.5199908793826,110.0 1.89884992280948,41.520034968357,110.0 1.89881605991656,41.5200730221535,110.0 1.89877498894177,41.5201099022591,110.0 1.89872687697175,41.5201409153494,110.0 1.89866300675506,41.5201389036354,110.0 1.89860299210757,41.520118955312,110.0 1.89853509923501,41.5201378981146,110.0 1.89849603958815,41.5201719284247,110.0 1.8984579851561,41.5202190351795,110.222099999999 1.89840802894482,41.5202579269122,110.156600000002 1.89835689953379,41.5202849165127,110.0 1.89830996076359,41.5203179412275,109.918999999994 1.89825497578335,41.5203529776329,109.418799999999 1.89820803701311,41.5203839906067,109.973499999993 1.89815606947392,41.5204200331653,109.526700000002 1.8981210324829,41.5204569130731,109.970499999996 1.89810309582162,41.520507036838,111.214699999997 1.89810594527771,41.5205529696884,112.0 1.89811499760083,41.5206119782167,112.0 1.89804894807124,41.5206210311993,112.022100000002 1.8979740142035,41.5206220367125,112.918799999999 1.89791483768417,41.5206433266857,112.825899999996 1.89784443042713,41.5206406444212,110.384300000005 1.89779883284163,41.5206595877438,110.705000000002 1.89773177719896,41.5206676345346,109.291299999997 1.89768970011104,41.5206892594393,109.109500000006 1.89764041494129,41.5207107175362,109.0 1.89760537795026,41.5207350246872,109.3701 1.89755994834972,41.5207650319669,110.0 1.8975059685843,41.5207968834533,110.039300000004 1.89745098360406,41.5208268907042,110.980299999996 1.89738392796136,41.5208429835707,111.328299999994 1.89732089677115,41.5208480131372,111.826499999996 1.89725903788236,41.5208548862496,112.418799999999 1.89719600579382,41.5208659502171,112.604800000001 1.89713297370528,41.5208760086734,112.768500000006 1.89706994251504,41.5208989746354,113.218900000007 1.89700992786756,41.5209149006838,113.515799999994 1.89695008120499,41.5209279763306,113.888099999996 1.89688989857255,41.5209408845021,114.0 1.89682502314104,41.5209620068978,114.2647 1.89676701982145,41.5209769267505,114.889299999995 1.89670801128708,41.5209900023847,115.0 1.89665101497894,41.5210119627991,115.0 1.89659100033142,41.5210179978595,115.661800000002 1.89653098568393,41.5210389527577,116.0 1.8964679535954,41.5210649365261,116.0 1.89641112437389,41.5210838797245,116.0 1.89634993652662,41.5211019848838,116.0 1.89628891666432,41.5211199218933,116.0 1.89622789590368,41.5211618316168,116.024600000004 1.89618950729835,41.5212075965305,116.698699999994 1.89615111779469,41.5212372686474,117.0 1.89611960219956,41.52125872589,117.0 1.8960879186195,41.5212900747182,117.0 1.89606361110624,41.52131270559,117.0 1.89603628615192,41.5213494181901,117.244900000005 1.89600812306942,41.5213852927395,118.0 1.89597995908866,41.5214176470073,118.0 1.89595649060185,41.5214464809988,118.0 1.89593754692913,41.5214716265748,118.0 1.89590971891828,41.5214949279404,118.0 1.8958931234417,41.5215410289057,118.0 1.89587200045611,41.5215909850326,118.0 1.89586898301506,41.5216429527883,118.606799999994 1.89588692057467,41.5216908971708,119.0 1.89586395424611,41.5217359918281,119.0 1.89582288237302,41.5217700219704,118.781499999997 1.89578801426525,41.5218129374402,119.0 1.8957219647357,41.5218240019164,119.0 1.89568189897569,41.5218598762028,119.0 1.89564837115435,41.521905138885,119.0 1.89563076956466,41.5219455395249,119.0 1.89558416586604,41.5219815812137,119.0 1.8955432619779,41.5220263407288,119.0 1.89550252607469,41.5220669094353,119.0 1.89548492448503,41.5221027835869,119.230800000005 1.89546162218656,41.5221477111603,119.441099999996 1.89540915159083,41.5221656478799,119.1253 1.89538585019065,41.5222285121118,119.691999999995 1.8953390794054,41.5222734395979,119.093999999997 1.89530421039934,41.5223093136351,119.198499999999 1.89525743961406,41.5223632931313,119.396099999998 1.89524000511102,41.5223991677913,119.816999999995 1.89518753451526,41.5224440951588,120.0 1.89516423311512,41.5224844954622,120.0 1.89512919612409,41.5225250638813,120.0 1.89508829223596,41.5225743493751,120.0 1.89506499083578,41.5226058657069,119.892500000002 1.89501838713716,41.522650792931,120.0 1.89496591654143,41.5226776147379,119.115099999995 1.89492501355159,41.522718183036,119.846399999995 1.89488997656057,41.5227585838408,120.0 1.89482007146177,41.5227270682559,120.0 1.89476173396893,41.5227046046743,120.0 1.89470926337317,41.5226732558587,120.0 1.89466265967455,41.5226417402323,120.0 1.89460432128338,41.5226058657069,120.0 1.89455168360099,41.5225834020831,120.0 1.89449334520979,41.5225473600569,119.763200000001 1.89444087461406,41.5225160118377,119.804600000003 1.89439427091544,41.5224844954622,120.0 1.89432403074506,41.5224469448173,120.0 1.89427390654882,41.5224209609312,120.0 1.89421489801445,41.5223979941642,120.0 1.89415102779775,41.5223889421028,120.0 1.8941084485516,41.522354241065,120.0 1.89402680876025,41.5223274191241,120.0 1.89392773446587,41.5222555022356,120.881899999993 1.89386352917759,41.5222239864057,121.0 1.89379345609383,41.5222375648683,121.0 1.89374115348306,41.5222689132224,121.0 1.8936799656358,41.5222829947555,121.0 1.893610060537,41.5222819885955,121.0 1.8935430048943,41.5222840002428,121.0 1.89347997280576,41.5222938910096,121.0 1.89341090583516,41.5223059608907,121.0 1.89334603040365,41.5223160191232,121.0 1.89328098698717,41.5223450208559,121.0 1.8932219784528,41.5223770397061,121.0 1.89315207335404,41.5223899475885,121.0 1.89307998894235,41.5224010119662,121.0 1.89301310128464,41.5224098965571,121.0 1.89294001075984,41.5224209609312,121.0 1.89286909954796,41.5224378920901,121.0 1.89280003347565,41.5224570030279,121.0 1.89273197171983,41.5224749403344,121.0 1.8926640788473,41.5224969009174,121.0 1.89260791976899,41.5225150056813,121.0 1.89254991734773,41.5225299258486,120.9948 1.89249007068517,41.5225498747739,120.479800000001 1.89242703859663,41.5225669733675,121.0 1.89236903527705,41.5225969811428,121.0 1.89232192942018,41.5226289998684,121.0 1.89227901420412,41.5226630302136,120.375700000004 1.89221497600246,41.5226799619817,120.0 1.89214289159081,41.5226769441928,119.0334 1.89207298649201,41.5226630302136,118.277100000007 1.89200794307557,41.5226310115049,117.793099999995 1.89194407285885,41.5225989927804,116.796300000002 1.89188003555552,41.5225709966445,116.260299999994 1.89180593981593,41.5225538980519,115.015599999999 1.89174089550116,41.5225440073249,114.733600000007 1.89166512350526,41.5225480306033,114.271399999998 1.89160091821695,41.5225609384516,114.959000000003 1.89152615143586,41.5226050276928,118.217300000004 1.89144434365955,41.5226301734912,119.0 1.8913709189615,41.5226616891232,119.0 1.89128927917015,41.5226868348996,119.1253 1.89120763937884,41.5227056101551,120.322 1.89112583160253,41.5227307559144,123.638600000006 1.89104419181118,41.5227433287904,125.437399999995 1.89096272000483,41.52276227217,126.0 1.89088912642348,41.5227937877377,125.914900000003 1.89081570172543,41.5228251364949,122.565300000002 1.89073389394912,41.522844079178,121.891900000002 1.89066046835273,41.5228754279108,121.950100000002 1.89057882856142,41.5229005736042,121.468900000007 1.89050540296503,41.5229320891045,121.161699999997 1.89043181028202,41.5229634377946,122.726299999995 1.89035838468563,41.522994953937,123.0 1.89029300619757,41.5230326724036,123.0 1.89021958060119,41.5230641878395,123.106100000005 1.89013794080987,41.5230955364657,123.0 1.89005613303357,41.5231144797423,123.0 1.88997466122718,41.5231270525437,123.0 1.88990106764583,41.5231584004669,123.0 1.88983568915778,41.5231961195108,122.607300000003 1.88975404936646,41.5232150620853,122.263800000001 1.88965614917016,41.5232338378601,122.0 1.88955824807555,41.5232589834142,122.470400000006 1.8894928695875,41.5232967023994,121.925199999998 1.88941927600615,41.5233344206902,118.642600000006 1.8893376362148,41.5233723070978,118.0 1.88926421061845,41.5234036549021,118.0 1.88917435663214,41.52343517083,118.0 1.88909271773913,41.523453946541,118.0 1.88901929214274,41.5234854624444,117.952799999999 1.88894569856139,41.5235168108665,117.326100000006 1.88886405877008,41.5235357540197,116.965299999996 1.88874151598889,41.5235357540197,118.0 1.88865166200262,41.5235357540197,117.876199999999 1.8885944968112,41.5235734728436,117.0 1.88853599133337,41.5235769929881,117.0 1.88847295924483,41.5235830278092,117.126999999993 1.88841110125436,41.5235810162023,117.223400000003 1.88834303949855,41.523573975241,116.784700000004 1.88828201963624,41.523567940419,116.818599999999 1.88821395877872,41.523582022342,116.570200000002 1.88814288048018,41.5235939245171,115.781600000002 1.88807901026348,41.5236009654761,115.554199999999 1.88800910516472,41.5236130351134,115.165399999998 1.88794188243536,41.523622925677,114.891900000002 1.88787599999243,41.5236370075881,114.790200000003 1.88782202112534,41.5236569561721,114.553100000005 1.88776603003199,41.5236819340962,113.922200000001 1.88772395294408,41.523716970698,113.039600000004 1.88768103682968,41.5237510011436,113.0 1.88762688997763,41.523778996769,113.0 1.8875589971051,41.5238019630459,113.0 1.88749697023135,41.5238209061156,112.0 1.88744097913799,41.5238489017107,112.0 1.88736889472634,41.5238629835726,112.154899999994 1.88730787486403,41.5238819266245,111.765700000004 1.88725607441151,41.5239149515213,111.093399999998 1.88720092144631,41.5239509934584,111.0 1.88714710966585,41.523975971269,110.960399999996 1.88709598025482,41.5240049729302,110.781600000002 1.88703194295146,41.5240259275337,110.166299999997 1.88697092219086,41.5240420209498,110.0 1.88691090754334,41.5240680048574,110.0 1.88684703822498,41.5240929826228,109.795499999993 1.88678903490539,41.5241038792448,109.0 1.88672399148892,41.5241159494608,108.965599999996 1.88665291319038,41.5241250019532,108.521399999998 1.8865820019785,41.5241338863074,107.464000000007 1.88651997600308,41.5241379101595,107.175099999993 1.88644990291933,41.5241358985698,106.176000000007 1.88638100393368,41.5241338863074,106.009999999995 1.88632501284033,41.5241159494608,105.549299999999 1.88626198075179,41.5241000235276,105.018100000001 1.88619408787923,41.5240869478493,104.770099999994 1.88613692268783,41.5240639816735,105.618000000002 1.88606902981527,41.5240599584894,103.832399999999 1.88600800905466,41.524045038675,103.966199999995 1.88595788575675,41.5240178811605,105.207599999994 1.88589401554006,41.5240259275337,103.714000000007 1.88583500700565,41.5240410148172,102.863400000002 1.8857520260296,41.5240690109896,100.327799999999 1.88569301749523,41.5240829246666,100.207200000004 1.88563400896083,41.5241099146894,99.2296999999962 1.88558204142164,41.5241429387973,98.2311000000045 1.88551196833792,41.5241540028751,98.4210000000021 1.88545497113145,41.5241769696914,98.0 1.88540400970538,41.5242019474148,97.7663999999932 1.88534097761684,41.5242069767201,97.4060000000027 1.88526688187725,41.5242150237424,97.2973999999958 1.88519395843914,41.5242198849101,97.0102999999945 1.88513411177658,41.524228937388,96.2504000000044 1.88506403959116,41.5242477128686,96.0 1.88502212958991,41.5242693379221,96.0 1.88495557790208,41.5242854312776,96.0 1.8848891933009,41.5243070569909,95.6717000000062 1.88484996566909,41.5243313641362,95.8598999999958 1.88482599322741,41.5243638857398,95.4076000000059 1.88479095713468,41.5244029458079,95.0 1.88477503180134,41.5244508901631,94.5231000000058 1.88477201346199,41.5244959849147,93.5243000000046 1.88477017011901,41.5245199570622,92.9934999999969 1.88475977661116,41.5245549932102,92.2250000000058 1.88471501715382,41.5245648843025,91.6579000000056 1.88466003127528,41.5245358828921,91.7439000000013 1.88461393153154,41.5245068814688,92.0 1.88463371243409,41.52448223879,92.3427999999985 1.88457068034555,41.5244795560121,92.0244999999995 1.88452173024741,41.5244956493153,92.0 1.88446221865647,41.524522639166,92.0 1.88445869815888,41.5245469469028,92.0 1.884434055574,41.5245819830361,92.1015999999945 1.88439398981399,41.524617019823,92.8144999999931 1.88436197116235,41.5246559116028,93.3978999999963 1.88433598739274,41.5247000000891,93.3589999999967 1.88427094397626,41.5246879306546,93.9888000000064 1.88424294798045,41.5246419973765,94.0 1.884209756129,41.52463847729,94.0 1.88412224854225,41.5246007584144,94.3304000000062 1.88407329844411,41.5245710864947,95.0 1.88401378685316,41.5245549932102,95.0 1.8839539401906,41.524540911499,95.0647000000026 1.88390515717909,41.5245415826972,95.8798999999999 1.88387380956894,41.5245253212696,96.0 1.88382469148585,41.5245092279738,96.1824999999953 1.88375126588946,41.524474191801,97.0 1.88370298593453,41.5244518962894,97.0 1.88364632469797,41.5244202127205,97.0 1.88360776720935,41.5244121657238,97.0 1.88354825561841,41.5243960723998,97.0 1.88349930552027,41.5243798116081,97.0 1.88343275383244,41.5243501395871,97.0 1.88339771684142,41.5243340462477,97.0 1.88334876674328,41.5243177854404,97.0 1.88328925515233,41.5243151033282,97.8766000000032 1.88322806730507,41.5242889520559,98.0 1.88316403000171,41.5242740322942,98.915399999998 1.88309898568695,41.5242559273499,99.0 1.88303310414231,41.524228937388,99.0442999999941 1.88297510172106,41.5241999358271,99.9760999999999 1.88289044448866,41.5241885368286,100.0 1.88284132640557,41.5241749581029,100.177899999995 1.8828064573995,41.5241561826012,100.736300000004 1.88275381881881,41.524145285988,101.0 1.88268391372002,41.5241130992033,101.723700000002 1.88261400951955,41.5240887919761,101.917199999996 1.88255097743102,41.5240671668623,102.589000000007 1.88248392178831,41.5240649871332,102.742499999993 1.88241703413057,41.5240579468973,103.0916 1.88234897327308,41.5240488943955,103.491500000004 1.88228292374349,41.5240430270824,104.394 1.88221402475784,41.5240410148172,105.382199999993 1.88215300399721,41.5240369916316,106.101699999999 1.88208712245258,41.5240468821305,106.945399999997 1.88201587616908,41.5240468821305,107.690000000002 1.88194597107032,41.5240488943955,107.872099999993 1.88187807819775,41.524040009357,108.698799999998 1.88181303478132,41.5240468821305,109.701700000005 1.8817449730255,41.5240440325424,109.889500000005 1.88167389472696,41.5240539230402,111.240999999995 1.88162393851567,41.5240869478493,112.0 1.88156090642713,41.5241079024262,112.468500000003 1.88149988656483,41.5241328808488,113.518599999996 1.88145093646669,41.5241638940287,114.0 1.88141589947567,41.5242029535449,114.795100000003 1.88137600170065,41.5242369837349,115.0 1.88132705160248,41.524267996865,115.6394 1.88129100939667,41.5243058833985,116.0 1.8812519497498,41.5243419251178,116.725399999996 1.88121490143084,41.524381990654,117.342000000004 1.88117198621477,41.5244218887017,118.0 1.88112789779896,41.5244659773475,118.053599999999 1.88110291924417,41.5245119107504,118.758300000001 1.88107190670561,41.5245529816335,119.191500000001 1.8810378758277,41.5245928795757,119.828299999994 1.88100401293475,41.5246389803517,120.0389 1.88097300039618,41.524686924532,121.0 1.88093394074932,41.5247330252409,121.112599999993 1.88089001942014,41.5247709115022,121.9565 1.88085498332741,41.5248139944621,122.117899999997 1.8808289986595,41.5248609330654,122.946800000005 1.88079496867992,41.5249060275312,123.213099999994 1.88077099623825,41.5249529660677,123.956099999996 1.88071701647283,41.5249759326004,124.0 1.88065197305636,41.524968891791,124.0 1.88059799329094,41.5249459252558,124.283899999995 1.8805409969828,41.5249108893195,124.847500000003 1.88047997622216,41.5248949635819,125.0 1.88041493280572,41.5249098832004,125.0 1.88033899282486,41.5249169240163,125.0 1.88027596073632,41.5249139063316,125.0 1.88020002075546,41.5248969751481,125.0 1.88013095378486,41.5248780317208,125.0 1.88007010190751,41.5248629446326,125.0 1.88000991927503,41.5248490304509,125.0 1.87994789329961,41.5248359549239,125.0 1.87988888476524,41.5248238848422,125.0 1.87982602066166,41.5248139944621,125.0 1.87975293013685,41.5247958889963,125.0 1.87969895037144,41.5247749346421,124.924700000003 1.87964094795018,41.5247620265629,125.159100000004 1.87958411872867,41.5247459333259,125.876199999999 1.87951907531223,41.5247340306903,125.866999999998 1.87944799701366,41.5247229667116,126.0 1.879383958812,41.5247088850369,126.0 1.8793229389497,41.524696983067,125.789699999994 1.87925202773782,41.5246808898138,125.830300000001 1.87919603664447,41.5246609408729,125.953200000004 1.87912898100176,41.5246399858025,126.0 1.87906695502634,41.5246289218077,126.0 1.87899990028197,41.5246200368489,125.969700000001 1.87893804139318,41.5246119905496,126.0 1.87886495176674,41.5246039435767,126.0 1.87879990745193,41.5245870123119,126.0 1.87873888758963,41.5245689074552,126.0 1.87868088516837,41.5245549932102,126.0 1.87861802016646,41.5245469469028,126.0 1.87854694186792,41.5245358828921,126.0 1.8784829045646,41.5245209631874,126.339000000007 1.87842087858918,41.5245050373539,126.673699999999 1.87834074706919,41.5244986670194,126.845700000005 1.87827771498066,41.5244906207049,127.0 1.87820060180005,41.524477209506,127.0 1.8781586926971,41.524477209506,127.0 1.87808861961334,41.524458265956,127.0 1.8780396695152,41.5244529017431,127.0 1.87799071851874,41.5244502196365,127.498399999997 1.87790639725629,41.524455416386,128.0 1.87785040616293,41.5244634627049,128.0 1.87780296433616,41.5244829093164,128.0 1.87774194447385,41.5245172749584,128.304300000003 1.8776859533805,41.5245388999218,128.731799999994 1.87762895617403,41.5245600224881,128.423899999994 1.87758402873173,41.5245918741242,128.899699999994 1.87744103400649,41.5246440089506,129.0 1.87735352641974,41.5246870919949,129.307400000005 1.8773220108246,41.5247113996699,129.991999999998 1.87725545823847,41.5247598468573,130.0 1.87718203264208,41.524808294681,130.0 1.87710860704573,41.5248515450784,130.095799999996 1.87707005045541,41.5248676382891,130.667300000001 1.87699310525976,41.524932346689,131.0 1.87693711326808,41.5249890080991,131.0 1.87690207717538,41.5250211951207,131.0 1.87686352058506,41.5250455026702,131.063399999999 1.87681809098452,41.5250724922915,131.8557 1.87675857939357,41.5251102108922,132.0 1.87670610879784,41.5251452467205,132.0 1.8766605112123,41.5251936942556,132.197199999995 1.87660804061658,41.5252287307113,133.0 1.87655573710747,41.525261085075,133.0 1.87652422151237,41.5252880746064,133.0 1.87646118942383,41.5253338399646,133.0 1.8764155918383,41.5253742404813,133.084099999993 1.87637720233464,41.5253931837633,133.472699999998 1.87632808425154,41.5254282201109,134.0 1.876282654651,41.5254525275075,134.0 1.87623018405523,41.5254875638231,134.0 1.87619162746495,41.5255117037366,134.0 1.87614971746366,41.5255440579588,134.240300000005 1.87612172236615,41.5255737301048,134.325700000001 1.87609037385768,41.525595187927,134.894499999995 1.87604125577458,41.525627541435,135.0 1.87600621968189,41.5256491673724,135.0 1.87595726958372,41.5256922497474,135.0 1.87592223259269,41.5257165577174,135.140400000004 1.8758871965,41.5257489118372,135.933699999994 1.87590161356198,41.5257837805322,136.0 1.87592256856261,41.5258161346183,136.0 1.87597503915837,41.5258538534581,136.0 1.8760239892565,41.5258835247895,136.0 1.87605550485161,41.525904982509,136.0 1.87608702134504,41.5259239256356,136.0 1.87611149594496,41.5259589623683,136.0 1.8761745280335,41.5259832695656,136.0 1.87621643803478,41.5260100920087,136.0 1.87626203562029,41.5260451280224,136.0 1.87630746522083,41.5261071545518,136.0 1.87635306280633,41.5261368264395,136.0 1.87639497190929,41.5261799091625,136.0 1.87644056949479,41.5262068989831,136.0 1.87647895899845,41.5262392528577,136.373999999996 1.87650360158333,41.5262689246849,136.972299999994 1.87654886409725,41.5263173720511,137.0 1.87660150267793,41.5263550912712,137.0 1.87664693227848,41.526390127098,137.0 1.87669940287424,41.5264278456031,137.0 1.87674483247479,41.5264736108276,137.0 1.87680082356811,41.5265141794359,137.0 1.87684642115364,41.526549215849,137.0 1.87689201873915,41.5265949809877,137.0 1.87694432224825,41.5266300173571,137.0 1.87699344033134,41.5266731004241,137.0 1.87702830843908,41.5267000900391,137.0 1.87707742652221,41.5267404910477,137.0 1.87711900055355,41.5267740182032,137.0 1.87715303143146,41.526813916121,137.0 1.87718790043752,41.526853982144,137.0 1.8772279652992,41.5269009206124,137.0 1.8772728927415,41.526940985909,137.0 1.8773139637163,41.5269808837238,137.0 1.87735604080421,41.5270239665572,137.204199999993 1.87740297957441,41.5270688940763,137.665099999998 1.87744388346258,41.5271139883483,137.992499999993 1.87748495533568,41.5271569036365,138.0 1.87752703242359,41.5271969694472,138.433399999994 1.87757397029549,41.52723602915,138.515799999994 1.87762392650678,41.5272688862237,138.532099999997 1.87765795738469,41.5273119688653,139.153999999995 1.87769198826257,41.5273500230901,139.601599999995 1.87772199468801,41.5273889145721,140.454899999997 1.8777719508993,41.5274234481441,140.565900000001 1.87781855459792,41.5274593226886,140.039099999995 1.87786398419846,41.5274839655786,139.884699999995 1.87792399884595,41.5275129670125,139.493300000002 1.8779719437293,41.5275510211191,139.912299999996 1.87802206702721,41.5275919246351,139.990000000005 1.87805894736118,41.5276329955806,140.293399999995 1.87809700179326,41.5276728936412,140.0 1.87809197212598,41.5277210057185,140.801600000006 1.87804000458679,41.5277558746957,141.0 1.87798300738035,41.5277848760078,141.117499999993 1.87790606128637,41.5278455612314,142.0 1.87786515829654,41.5278725510298,142.0 1.87781855459792,41.5279040667985,142.0 1.87778938540233,41.5279444677279,142.1204 1.8777543493096,41.5279803419835,142.909899999999 1.87770774561098,41.5280162162193,143.0 1.87766114281066,41.5280477325905,143.0 1.87762023892253,41.5280836067889,143.0 1.87757950301935,41.5281196490939,143.004400000005 1.87755033382373,41.5281600498887,143.0429 1.87751529773104,41.5282004506582,143.907200000001 1.87747456092953,41.5282274403085,144.0 1.87739275405155,41.5282767261664,144.0 1.87738688625611,41.5283127683638,144.0 1.87733441566039,41.5283441164646,144.0 1.87728194506462,41.528371106055,144.354600000006 1.87724120916144,41.5284071481998,144.252800000002 1.87718873856568,41.5284384969274,144.886700000003 1.87714196778044,41.5284743715816,145.0 1.87710693078938,41.528510413669,145.0 1.87705462817861,41.5285553408283,145.0 1.87700785739333,41.5285912147452,145.0 1.87696125369471,41.5286270893148,145.0 1.87691448290946,41.5286631319895,145.758600000001 1.87686201141537,41.5286944799206,145.913700000005 1.87681540861508,41.5287259959615,146.0 1.87675707022388,41.528752986065,146.0 1.87670459962815,41.5287843339525,146.0 1.87666369574002,41.5288202084149,146.0 1.87662865964729,41.5288562509821,146.0 1.87658792374411,41.5288921254046,146.497399999993 1.87654132004549,41.5289236413492,147.0 1.87649471724517,41.5289549898265,146.960900000005 1.87644794556159,41.5289953907722,147.0 1.87640134276127,41.5290269066664,147.0 1.87635457107769,41.5290538959719,146.862500000003 1.87630796827737,41.5290897709574,147.018599999996 1.87625549768164,41.5291167602366,147.390100000004 1.87622046069062,41.5291526351872,147.685700000002 1.87619129239333,41.5291930360094,147.854099999997 1.8761503885052,41.5292290776964,147.880699999994 1.87609791790943,41.5292649525847,147.885999999999 1.87605131421082,41.5293053533367,148.0 1.8760047105122,41.52933686908,148.0 1.8759468760759,41.5293698938826,148.0 1.87591100095671,41.5294069421927,148.0 1.8758689238688,41.529439966287,147.978799999997 1.8758179615444,41.5294790259807,147.974400000006 1.8757629765642,41.5295070218177,148.011199999994 1.87570698547084,41.5295299880789,148.727799999993 1.87565702925959,41.5295660302506,148.547200000001 1.87559500328413,41.5295950320963,148.111499999999 1.87553297730871,41.5296220218373,147.188899999994 1.87546893910706,41.5296490115669,146.178899999999 1.8754189837941,41.5296780127029,146.502800000002 1.87536701535662,41.5296999735313,145.572700000004 1.87530901293537,41.5297209283078,145.667400000006 1.87526106805201,41.5297489233677,145.581000000006 1.87522100319033,41.5297889889181,146.599400000006 1.87517188510724,41.5298220134899,147.214399999997 1.87511790534182,41.5298459856816,147.197100000005 1.87505604735136,41.5298749874017,147.848700000002 1.87500793448305,41.5299060005193,148.0 1.87493501194323,41.529919914286,148.0 1.87486795719883,41.5299400310722,148.0 1.87480693643822,41.5299728881177,148.422000000006 1.87474792790385,41.5299990397827,149.0 1.87468204635922,41.5300199944624,149.0 1.87461700294275,41.5300389370566,149.0 1.87454391241798,41.5300500014712,149.0 1.87448590999673,41.5300649212459,149.0 1.87442203978,41.5300898993862,149.0 1.87435397892251,41.5301120275236,149.123300000007 1.87428507993686,41.5301229238044,149.5628 1.87422003562206,41.5301349942425,149.904200000004 1.87415499220562,41.5301599723558,150.516900000002 1.87409095490227,41.530186961861,150.197899999999 1.87403798124996,41.5302209922662,150.0 1.87399003636661,41.5302560286895,150.0 1.87392599906329,41.530276983286,150.670700000002 1.87388392197538,41.5303198984936,151.0 1.87385894342059,41.5303619757591,151.422300000006 1.87382390732786,41.5304028795154,151.651700000002 1.87377193978867,41.5304338923798,151.986300000004 1.87371997135119,41.5304618884761,152.0 1.87368191781744,41.530501953585,152.011400000003 1.8736369903751,41.5305339724336,152.750499999995 1.87358988451824,41.5305690086874,152.712700000004 1.87354696930217,41.5306038774745,153.0 1.87350287998803,41.5306479666152,153.199399999998 1.87346298221301,41.530689037638,153.916899999997 1.87342191123821,41.5307299411875,152.801099999997 1.87340497979175,41.5307768802064,150.222899999993 1.87338000123696,41.5308199632019,148.560800000007 1.8733489886984,41.5308580167082,147.031600000002 1.87327858054306,41.5309135048361,147.174700000003 1.87321320205501,41.5309637966901,147.4378 1.8731724661518,41.5310204581981,147.0 1.87313172935032,41.5310833225693,147.808399999994 1.87307439707223,41.5311398165262,151.018500000006 1.87301723277914,41.5311901082042,153.072499999995 1.872968282681,41.5312403991707,154.0 1.87291933258283,41.5312906907706,154.0 1.87287842869469,41.5313473526646,154.0 1.87284573900152,41.5314102167181,154.0 1.87281304930831,41.5314730807105,154.791500000007 1.87278052760009,41.5315359453144,155.0 1.87273141041529,41.5315926069936,155.0 1.87268262740378,41.5316492686232,155.0 1.87263350932069,41.5317121330558,155.339099999997 1.87257634502759,41.5317624242889,156.0 1.87252739403112,41.5318189183252,156.0 1.87247022973803,41.5318755797566,156.0 1.87239663705501,41.5319322418108,156.0 1.87233142565358,41.5319825328728,156.016000000003 1.8722660462672,41.5320264543023,156.0 1.8722008357641,41.5320705431459,156.859899999996 1.872151717681,41.5321208347728,157.0 1.87211919597275,41.5321836987471,157.0 1.87208650627958,41.5322465633329,157.0 1.87203269449911,41.5323137860874,158.0 1.87200939309894,41.5323496606101,158.0 1.87198843809831,41.5324017959099,158.0 1.87194870740992,41.5324539311676,158.0 1.87191836501459,41.5325060670558,158.0 1.87188332892186,41.5325545144587,158.311199999996 1.8718435991318,41.5326101699188,158.823900000003 1.87182264413117,41.5326567733612,159.0 1.87178995443796,41.5327124294058,159.0 1.87175961204264,41.5327501475873,159.0 1.8717502246479,41.5327771373568,159.0 1.87173865704198,41.5328094919805,159.0 1.87171770293968,41.5328346371754,159.0 1.87171300834398,41.5328597830329,159.0 1.87172457594991,41.532888449191,159.579400000002 1.87174821242167,41.5329080627293,160.0 1.87177402910462,41.5329315321251,160.0 1.87179733050476,41.5329476253434,160.0 1.87182767290013,41.5329620421253,160.0 1.87184845991579,41.532976458904,160.0 1.87189774598385,41.5329994252785,160.0 1.87194418169754,41.5330317797909,160.0 1.87199329978064,41.533055249142,160.0 1.87204224987877,41.5330839152134,160.502699999997 1.87210058826998,41.5331181135531,161.0 1.87215188476763,41.5331467795967,160.968599999993 1.87220787586098,41.5331881859323,161.0 1.87228029624255,41.5332277483751,161.0 1.87233159274021,41.5332601027734,161.0 1.87238523743404,41.53329564189,161.0 1.87248565291313,41.5333442568144,161.0 1.87254868410337,41.5333819759724,161.319900000002 1.87259528780198,41.5334124857601,162.0 1.87264893159749,41.5334466839261,161.995200000005 1.87268396858851,41.5334735059648,162.0 1.87273761238402,41.5335023399635,162.0 1.87277985745689,41.5335310058369,161.983099999998 1.87284523594494,41.533572412599,162.0 1.87289183964356,41.5336227037307,162.0 1.87294783073692,41.5336604227263,162.0 1.87299443443553,41.5337053496713,162.0 1.87304807823104,41.5337430679463,162.0 1.8730925026168,41.5337915157676,162.0 1.87316006041775,41.5338490153569,163.0 1.87321605151107,41.5339011507932,163.0 1.87327221058938,41.5339423898793,163.0 1.87333758907743,41.5339891604732,163.0 1.87339123377127,41.5340376081102,163.897299999997 1.87344018386941,41.534071638507,164.0 1.87348695465469,41.5341075133997,164.0 1.87354981875827,41.5341542845466,164.076000000001 1.87359876975473,41.5342027313874,164.971099999995 1.87365006625239,41.5342387736456,165.0 1.87370136364838,41.5342800125165,165.0 1.87377143673213,41.5343321482778,165.0 1.87381351382004,41.53436634663,165.575700000001 1.87384385621537,41.5343936712732,166.0 1.87387654590858,41.5344260257608,166.0 1.87390454100609,41.5344582121221,166.0 1.8739325370019,41.534481681628,166.008499999996 1.8739068883039,41.5345175556208,166.0 1.87388811261617,41.5345480662177,166.486900000004 1.8738532436101,41.5346020455901,167.0 1.87382524851259,41.5346488163794,167.0 1.8737995998146,41.5346972641948,167.717600000004 1.87376925741924,41.5347457113014,168.0 1.87373422042821,41.5347943264809,168.0 1.87371326632588,41.5348427735148,168.0383 1.87368057663271,41.5348858564921,168.9087 1.87366414824279,41.5349182107335,169.0 1.87362458553935,41.5349757106661,169.0 1.87360128413921,41.5349919714845,169.077000000005 1.87356406783529,41.5350258346156,169.794099999999 1.87352433804523,41.535060032601,170.0 1.87348242804398,41.5350977514309,170.0 1.87343331085918,41.5351354695663,170.0 1.87337731976583,41.5351696681662,170.0 1.8733121083644,41.5352073862597,170.0 1.873272545661,41.5352486251855,170.467999999993 1.87323499428546,41.5352828237256,171.0 1.87319777887987,41.5353151777684,171.0 1.87315117607959,41.5353492081655,171.0 1.87310909809334,41.5353761981955,171.0 1.87305780159569,41.5354103959957,171.0 1.87301102991211,41.5354553230702,171.896299999993 1.87295503881876,41.5354911978678,172.0 1.87289921571036,41.5355253956072,172.0 1.8728454039299,41.5355594265661,172.0 1.8728152286212,41.5355901041063,172.622000000003 1.87277549883114,41.5356115619686,173.0 1.87272654873297,41.5356511242741,173.0 1.87269151174194,41.5356727495506,173.0 1.8726425616438,41.5357158326475,173.251999999993 1.87259109716119,41.5357589157157,174.0 1.87254918715991,41.535794790345,174.0 1.87247794087641,41.5358199357242,174.409199999995 1.87243234329091,41.535845081766,174.969500000007 1.87239261350085,41.5358720715891,175.0 1.87236931210067,41.5358972169383,175.0 1.87233427510964,41.5359330914908,175.268899999995 1.87228297771366,41.5359619257379,176.0 1.87225967631351,41.5359887474061,176.0 1.87221525192779,41.5360194254151,176.0 1.87216630182961,41.5360606644956,176.0 1.87211265803411,41.5361055911184,176.0 1.87207292734572,41.536136269072,176.054000000004 1.87203085025784,41.5361793518602,176.971399999995 1.87198190015967,41.5362135499081,177.0 1.87194233745627,41.5362403721444,177.0 1.87189321937314,41.5362852993148,177.0 1.87186053057826,41.5363122889542,177.0 1.87182566157219,41.5363500077262,177.0 1.87175324208895,41.5364002987156,177.0 1.87168568338967,41.5364641691773,177.0 1.87164897104066,41.5364960203321,177.0 1.87159398606042,41.5365359183059,177.0 1.87156196651045,41.5365756481506,177.0 1.87151067001276,41.5366187313185,177.0 1.87147563302173,41.5366529298066,177.0 1.8714266829236,41.5366960122506,177.0 1.87137521844098,41.5367265224924,177.0 1.8713333084397,41.5367732937628,177.0 1.87129374573626,41.5368073240651,177.043699999995 1.87127396483371,41.536844875117,177.0 1.87124194618203,41.536884940307,177.0 1.87119903006767,41.5369250061445,177.883900000001 1.87117002885704,41.5369649038537,178.0 1.87112091077394,41.5370059755728,178.0 1.87108134807051,41.5370426880098,178.0 1.87104631197778,41.5370822507847,178.0 1.87100674927435,41.5371092400915,178.0 1.87097640687902,41.5371469590712,178.0 1.87092276308351,41.5371865217823,178.299100000004 1.87089242068815,41.5372349690417,178.973100000003 1.87086191030783,41.5372829133014,179.0 1.8708210064197,41.5373189558604,179.0 1.87078244982938,41.5373635474213,178.965700000001 1.87079200520907,41.5373989188705,179.0 1.87075797433116,41.5374227235141,179.0 1.87072293823843,41.5374523955913,179.0 1.87068086115052,41.5374847498936,179.0 1.87066694714511,41.5375197857447,179.0 1.87062101448799,41.5375409081075,179.0 1.87058011059986,41.5375839913048,178.442899999995 1.87053602218401,41.5376309300569,178.0 1.8704999799782,41.5376750191149,177.212700000004 1.87046293165924,41.5377169282013,177.120200000005 1.87041800511524,41.5377569935235,177.0 1.87040107366878,41.5378049380687,177.023199999996 1.8703610079088,41.5378429921728,176.441000000006 1.87030099326128,41.5378480210901,176.0 1.87023896728586,41.5378689759169,175.861799999999 1.87017811451021,41.5378989833192,175.540500000003 1.87011893799085,41.5379239611241,175.170100000003 1.87012899642709,41.537880040337,175.0 1.87009211609312,41.5378319277462,175.0 1.87003092824585,41.5378450040087,175.0 1.86997191971145,41.5378559003317,175.0 1.86995197082394,41.5378989833192,175.0 1.86989497361747,41.5379189322126,175.327999999994 1.86983412174012,41.5379388810999,175.405899999998 1.86978500365703,41.5379779410411,175.438099999999 1.86974108232784,41.5380210239473,175.0 1.86972096545538,41.5380719860401,175.297699999996 1.8696889468037,41.5381159066969,175.780599999998 1.86963697926451,41.5381418910038,175.907999999996 1.86960797715555,41.5381819560626,176.0 1.86955500350325,41.5382119633198,176.0 1.86951393252849,41.5382691281583,176.358900000007 1.86949985143638,41.5382986324195,176.870800000004 1.86950689153327,41.5383392010089,177.0 1.86954293373911,41.538353952789,177.0 1.8696029483866,41.5383829540567,177.0 1.86966899791619,41.5384139671297,177.0 1.86972398289643,41.5384399513168,177.011899999998 1.86977695654873,41.5384639236769,177.9185 1.8698359650831,41.5384709643624,178.0 1.86987971842733,41.5384954396649,178.0 1.86993956598819,41.53852511125,178.0 1.86999237165554,41.5385547834939,178.0 1.87004853073385,41.5385789232383,178.0 1.87009446339093,41.5386032310731,178.0 1.87014358147406,41.5386275382262,178.877699999997 1.870207953849,41.538664921467,179.0 1.87025254621969,41.5386949285,179.0 1.87029831089185,41.538716386677,179.0 1.87035111745752,41.538738011601,179.224300000002 1.87042839862309,41.5387784124883,180.0 1.87049528628083,41.5387918234122,180.0 1.87054004483985,41.5388189807767,180.0 1.87060190372864,41.538833900546,180.0 1.87063811302111,41.5388709488151,180.0 1.87057809927192,41.5389359921812,180.0 1.87055898851257,41.5389859483251,180.0 1.87049411218276,41.5390193084324,180.0 1.87045220307981,41.5390407658293,180.0 1.87042772758156,41.5390704378366,180.068700000003 1.87042420708396,41.5391081563449,180.6158 1.87041364648949,41.5391458755036,181.0 1.87038212999605,41.5391835939679,181.0 1.87034374139072,41.5392132659097,181.0 1.8703087043997,41.5392536665,181.0 1.87025975430153,41.5392860205737,181.0 1.87021432470098,41.5393237389562,181.0 1.8701616861203,41.53936414015,181.0 1.87011625651975,41.53941275522,181.0 1.87006378502569,41.5394477913715,181.648700000005 1.87002170793778,41.539477463192,182.0 1.86997292582457,41.5395299343196,182.0 1.86994459475714,41.5395557499615,182.0 1.86990955866445,41.5395961510103,182.0 1.86988508316619,41.5396338698844,182.0 1.8698500470735,41.5396635416195,182.0 1.86981165756984,41.5396985776351,182.0 1.86977310097952,41.5397280819165,182.0 1.86973119187657,41.5397659681376,182.789199999999 1.86968592936265,41.5398129073232,183.0 1.86963899059244,41.5398519668049,183.0 1.86959087862243,41.5398900203769,183.0 1.86953907816991,41.539923883633,183.0 1.86949666601041,41.5399518789839,183.0 1.86946162991768,41.5400056911298,183.726599999995 1.86941301489113,41.5400408950555,184.0 1.8693706018333,41.5400596699817,184.0 1.86932869273035,41.5401000707157,184.0 1.86930421723213,41.5401216965218,184.0 1.86926214014422,41.5401485184821,184.0 1.86921671054367,41.5401781906534,184.0 1.86917815395335,41.5402294879089,184.0 1.86914311696233,41.5402455806561,184.008900000001 1.86909081435156,41.54027257066,184.931899999996 1.86905929785812,41.5403076070179,185.0 1.86902426176543,41.5403317467805,185.0 1.86897866417989,41.5403696333202,185.0 1.86893088728153,41.540401987508,185.0 1.86889601827546,41.5404117100999,185.0 1.86884941547514,41.5404549608241,185.0 1.86879577078131,41.5404801064086,185.0 1.86875000610918,41.5405189987378,185.276899999997 1.86873290667773,41.5405629197499,186.0 1.86868798013376,41.5405939324498,186.0 1.86864992570168,41.5406289693061,186.0 1.86859309648017,41.5406589761002,186.0 1.86856510138266,41.54070591531,186.0 1.86851967088381,41.5407602297648,186.456900000005 1.86847742670924,41.5408123650092,187.0 1.86843534962133,41.5408717087292,187.0 1.86840718653886,41.5409166360443,187.0 1.86836024776866,41.5409597190099,187.0 1.86832034999361,41.5409867087157,187.0 1.86826301771555,41.5410044781708,187.0 1.8682070266222,41.5410259362539,187.627399999998 1.86816394342117,41.5410400177388,188.0 1.86812069223519,41.5410636549664,188.0 1.86809269713767,41.5410871240925,188.0 1.86806922775257,41.5410996967631,188.0 1.86805062004976,41.5411122694312,188.0 1.86802966504914,41.5411266864105,188.0 1.8680108893614,41.5411392590733,188.0 1.86799228165859,41.5411518324062,188.0 1.86797602125363,41.541166081284,188.0 1.8679572455659,41.5411804982511,188.0 1.86794098426261,41.5411949152152,188.142600000006 1.86792237655983,41.5412093321759,188.497399999993 1.86790594816991,41.541223581041,188.904800000004 1.86789203416447,41.5412379979954,189.0 1.86788499316925,41.5412379979954,189.0 1.86784995707656,41.5412649882574,189.0 1.86781492098383,41.5413045504666,188.921000000002 1.86778239927561,41.5413313726086,189.0 1.86775440327977,41.5413565185247,189.0 1.86773579557699,41.5413835080649,189.0 1.86770780047948,41.5414068096553,189.0092 1.86769137119123,41.5414321229617,189.150299999994 1.86767041708894,41.5414482160821,189.102899999998 1.86762532255998,41.5414805704025,189.956000000006 1.86757871886136,41.5415092367741,190.0 1.86755072286552,41.5415271741773,190.0 1.86751803407064,41.5415506431353,190.0 1.86748769167531,41.5415704248278,190.0 1.8674690830742,41.5415846736133,190.0 1.86744812897187,41.5415990904872,190.001999999993 1.86742952126906,41.541615183566,190.332699999999 1.86741091266796,41.5416277568063,190.659100000004 1.86739213787852,41.5416421736706,190.9905 1.86737353017574,41.5416547462333,191.0 1.86735475448797,41.5416710073895,191.0 1.86733849318472,41.5416852568252,191.0 1.86731971839528,41.5416961531736,191.0 1.86728250209136,41.5417212989479,191.0 1.86724511870082,41.5417427561207,191.0 1.86721712360331,41.5417608615502,191.0 1.86718208751058,41.5417913714198,191.0 1.86715174421692,41.5418128292417,191.110700000005 1.86712844281678,41.5418326101817,191.585200000001 1.86710899698581,41.5418498771489,191.983300000007 1.86706993733895,41.54188793089,192.0 1.86702299856871,41.5419239728997,192.0 1.86697203624434,41.5419569979996,192.0 1.86691587806433,41.5419920341174,192.545499999993 1.86688805005348,41.5420302558652,193.0 1.86685301396075,41.5420644541813,193.0 1.86678998187221,41.542093120294,193.0 1.86674203698886,41.5421320123255,193.571899999995 1.86669912177282,41.5421709043335,194.0 1.86665402724386,41.5422069461855,194.0 1.86659887427867,41.5422389652914,194.0 1.86655998261676,41.5422800363505,194.0 1.86653299273407,41.5423177550039,194.294999999998 1.86648152735313,41.5423536293568,195.0 1.86644196554799,41.5423913479672,195.0 1.86638798578257,41.5424319166787,195.0 1.86634087902741,41.5424679583852,195.171100000007 1.86628790537511,41.5424919312692,195.887900000002 1.86624901371317,41.5425319963225,196.0 1.86622101771736,41.5425729004513,196.0 1.86616502662401,41.5426149771421,196.0 1.86611892688026,41.5426530311053,196.102299999999 1.86607098199691,41.5426989636976,197.0 1.86602001967254,41.5427469086132,197.0 1.86597492514358,41.5427899917041,197.0 1.86591809592206,41.5428210046808,197.0 1.86586394907002,41.5428500059623,197.343299999993 1.86581701029978,41.5428868865319,198.0 1.86577107764266,41.5429289636907,198.0 1.8657159246775,41.5429639999542,198.0 1.86566797979415,41.5430008797863,198.0 1.86563881149686,41.5430288758223,198.0 1.86560377450583,41.5430577095953,198.0 1.86554308971515,41.543104480321,198.900999999998 1.86551509461763,41.5431385106537,199.0 1.86546698174933,41.5431849464911,199.0 1.86541954082085,41.5432211565375,199.0 1.86537092579433,41.5432560252278,199.0 1.86532197479786,41.5432918997325,199.0 1.86527889249513,41.5433259299666,199.357900000003 1.86523798860699,41.5433599608552,200.0 1.86517914715925,41.5433973440496,200.0 1.86513958535414,41.5434278544918,200.0 1.86509750826623,41.5434655724757,200.0 1.8650498984545,41.5435099970908,200.0 1.86500011022817,41.5435389980633,200.0 1.86495903835508,41.5435720230108,200.0 1.8649189734934,41.543619967279,200.550399999993 1.86487002339526,41.5436529921852,201.0 1.8648410212863,41.5436959072588,201.0 1.86479592675737,41.5437420078686,201.0 1.86475703509543,41.5437929701595,201.080799999996 1.86471998677651,41.543836890965,201.181700000001 1.86466801923732,41.5438668982876,201.848100000003 1.86461688982629,41.5439019347152,202.0 1.86457011814272,41.5439409944165,202.0 1.86452887918296,41.543987933261,202.0 1.86447791775689,41.5440249812668,202.131800000003 1.86443600775564,41.5440570001448,202.873000000007 1.86439191933979,41.5441029324121,203.0 1.86434699189749,41.5441399810243,203.0 1.86429703568624,41.5441780347624,203.063500000004 1.86424590627521,41.5442070361076,203.0 1.86421103816744,41.5442499514859,203.920599999998 1.86416493752539,41.544289010977,204.0 1.86412889531955,41.5443258913981,204.0 1.86410006119555,41.5443760148244,204.0 1.86405396055351,41.5444090400168,204.263900000005 1.86401791834766,41.5444469261847,205.0 1.86396896824952,41.5444739157798,205.0 1.86392990860266,41.5445190106931,205.0 1.86388196461761,41.5445609200507,205.365699999995 1.86384893985282,41.5446070207162,205.553599999999 1.86379998885638,41.544650941641,206.0 1.8637679702047,41.5446988857815,206.0 1.8637149965524,41.5447240317329,206.0 1.86369387446511,41.5447770055424,206.098599999998 1.86364794180799,41.544811874066,206.829899999997 1.86360502659196,41.5448438932267,207.0 1.86355607559549,41.5448819465506,207.0 1.86349103217902,41.5449210063322,207.0 1.86343302975776,41.544939949269,207.0 1.86336899155611,41.5449659335233,207.0 1.86331601790377,41.5450059990608,207.829500000007 1.86327796437003,41.5450489145811,208.0 1.86322499071772,41.5450869684565,208.0 1.86317101095231,41.5451329006646,208.0 1.8631180373,41.5451619022539,208.106299999999 1.86306187912002,41.5451989502593,208.248099999997 1.86300806733956,41.5452269460159,208.4476 1.8629629728106,41.5452700287991,208.708799999993 1.86292089482439,41.5453059035311,209.0 1.8628830092756,41.5453489862618,209.0 1.86283489730559,41.54538603416,209.0 1.86277890621227,41.5454198972274,209.0 1.86274303109308,41.5454559392854,209.284799999994 1.86269793656412,41.5454960051916,209.858800000002 1.86265401523494,41.5455399261849,210.0 1.86260992681912,41.5455729507828,210.0 1.8625479008437,41.5456089927555,210.0 1.86250196728825,41.5456450353804,210.0 1.86246290764139,41.5456819157004,210.0 1.8624169749843,41.5457199692034,210.0 1.86238998510158,41.5457638907169,210.793099999995 1.86236199000407,41.5458059680206,211.0 1.862327120998,41.5458420098633,211.0 1.86227699770009,41.5458730227208,211.0 1.86224799559113,41.5459139267531,211.0 1.86221295949843,41.5459549981672,211.146999999997 1.86217389985157,41.5460029426855,211.899900000004 1.86214003695862,41.5460589334903,212.0 1.86209997119861,41.5460989990228,212.0 1.86205102110047,41.5461368855452,212.0 1.86201799633568,41.5461849973358,212.499800000005 1.86199402479233,41.5462289185334,212.7932 1.86194188926819,41.5462629492388,212.597800000003 1.86190400282107,41.5463040204312,213.0 1.86186594928732,41.5463398952619,213.0 1.86181800440397,41.5463799606203,213.0 1.86176201331065,41.5464220375231,213.0 1.86171105098625,41.5464579122882,213.0 1.86166696257044,41.5465030071625,213.530899999998 1.86163712323162,41.5465418992308,213.888300000006 1.86159404003059,41.5465819644641,214.0 1.86153989317854,41.5466200181096,214.0 1.86149496573624,41.5466568985458,214.0 1.8614508773204,41.5466939463669,214.0 1.86144702175122,41.5467428967891,214.260699999999 1.86142690487872,41.546791008801,214.703500000003 1.86138097222163,41.5468299013685,215.0 1.86132498112828,41.5468480060459,215.0 1.86125809347053,41.5468500176017,215.0 1.86120092827911,41.5468760017608,215.0 1.8611620366172,41.546911876274,215.0 1.8611378970889,41.5469549592792,215.0 1.8611010167549,41.5470008921771,215.0 1.86106698587699,41.5470490039971,215.0 1.86102189134806,41.5470820284966,215.0 1.86097696390576,41.5471189093416,215.515499999994 1.86093790425886,41.5471609864357,216.0 1.86087403404217,41.5471930051054,215.918799999999 1.86083195695426,41.5472339089748,215.489799999996 1.86079306529235,41.5472779975366,216.169999999998 1.86075501175861,41.5473239302051,216.988700000002 1.86069399099797,41.5473569552364,217.0 1.86064001213088,41.5473960148675,217.0 1.86059692892986,41.5474399359148,217.0 1.86054496139067,41.5474639083,216.899600000004 1.86050003394837,41.5475019620988,217.0 1.86045393330629,41.5475329748323,217.0 1.86040498320815,41.5475619766897,217.0 1.86035988867919,41.5476028803258,217.0 1.86032602578624,41.5476419398083,217.0 1.86027992514419,41.5476888786553,217.0 1.86024287682523,41.5477269323216,217.0 1.86020297905022,41.5477720269831,217.342399999994 1.86014598274208,41.5478058901455,218.0 1.86007892709937,41.5478209772613,218.0 1.86002612143203,41.5478540020388,218.0 1.85998488247227,41.5478918882051,218.0 1.85995303090726,41.5479309481853,218.0 1.85990793637829,41.5479700074696,218.082500000004 1.85986099760806,41.5480020264109,218.0 1.85981405883786,41.5480368952122,218.0 1.8597949480785,41.5480850076059,218.910900000003 1.85975203286243,41.5481299346154,219.0 1.85968799555908,41.5481238993949,219.0 1.85961591114742,41.5481208821206,219.0 1.85954600604863,41.5481150143016,218.971699999995 1.85949102017009,41.5481440158979,218.935899999997 1.85943804651779,41.5481669822647,218.486300000004 1.85937501532758,41.5481819018942,218.013200000001 1.85930795968488,41.5481829076514,218.0 1.85924693982257,41.548162959235,218.0 1.8591699937286,41.5481710052942,218.0 1.85911702007629,41.5481990011085,217.940199999997 1.85908097787045,41.5482429222825,218.719599999997 1.8590509705467,41.5482839935618,218.809800000003 1.85900202044857,41.5483160123477,218.737800000003 1.85895491369337,41.5483450138538,218.701199999996 1.8589039522673,41.5483780383635,218.531400000007 1.85885801871188,41.5484219600882,218.558799999999 1.85881309216788,41.5484529730528,219.0 1.85877889420334,41.5484930384463,219.0 1.85873698420206,41.5485248897274,218.982199999999 1.85869289578625,41.5485609320715,219.0 1.85865500933913,41.5485959679724,219.0 1.85861594969227,41.5486310045266,218.985400000005 1.85856599348101,41.5486610116412,218.963699999993 1.8585239163931,41.5487009095051,219.0 1.8584789898491,41.548736951751,219.097099999999 1.85841897520161,41.5487699767328,219.274099999995 1.85837488588747,41.5488050125204,219.312699999995 1.85834404043557,41.5488439045486,219.398100000006 1.85829911389156,41.5488910112678,219.513000000006 1.85825100192158,41.5489288974987,219.464699999997 1.85820188383846,41.5489669511074,219.461899999995 1.85815796250927,41.5489999759718,219.476999999999 1.85811404118008,41.5490370237948,219.432499999995 1.85808302864156,41.5490759156834,219.546100000007 1.85803910731237,41.5491089404921,220.0 1.85798898311613,41.5491510176357,219.964999999997 1.85793701557694,41.5491868922311,219.915299999993 1.85789510647398,41.5492319872188,220.0 1.85784095872361,41.5492690349089,220.0 1.85779301473859,41.5493129560283,220.0 1.85773601753212,41.5493359226522,219.814700000003 1.85769595177214,41.5493729702827,219.777400000006 1.8576490130019,41.5494100185643,220.0 1.85760090103192,41.5494410317271,219.994999999995 1.85756301548314,41.5494799233727,220.0 1.85751188517378,41.5495199888022,220.0 1.85746997607086,41.5495560312637,220.0 1.8574220311875,41.5495898941639,220.0 1.85737090177648,41.5496339831359,220.0 1.85732396300624,41.5496680133936,220.0 1.85727601902122,41.5497079113083,220.0 1.85722690093812,41.5497419421993,220.0 1.85717409437245,41.5497830131986,220.0 1.85712698851558,41.5498178817117,220.0 1.85706999130911,41.5498488946789,220.0 1.85701400021576,41.5498748789772,220.0 1.85696203267657,41.54990002426,220.0 1.85692096170181,41.5499328819224,220.0 1.85685692350012,41.5499270142678,220.0 1.85679590363782,41.5499399227038,220.0 1.85672901598011,41.5499719413418,220.0 1.85668693889219,41.5500049656927,220.119500000001 1.85665609344026,41.5500508991129,220.885200000004 1.85663798789573,41.550101022807,221.0 1.85659809012071,41.5501439383068,221.0 1.85655400170486,41.5501799804205,221.0 1.85650890717593,41.5502190396906,221.0 1.85644906051337,41.5502440181151,221.0 1.85640899475339,41.5502829099498,221.596699999995 1.85635501498797,41.5503030264532,222.0 1.85630103612085,41.5503368896344,222.0 1.85625409735062,41.5503739373637,222.0 1.85621302547752,41.5504079679041,222.0 1.85614395850692,41.5504379748661,222.0 1.85608696219875,41.5504659703709,222.312699999995 1.85603700598749,41.5504989951418,222.999299999996 1.85597598522689,41.5505229677374,222.668099999995 1.85593189681104,41.5505549867589,223.0 1.85587087605044,41.5505749351094,222.788199999995 1.85581706426995,41.5506039369468,223.0 1.85576492964413,41.5506329380988,223.291100000002 1.85571296120661,41.5506579163634,224.0 1.85565797622641,41.550689935318,224.017000000007 1.8556158991385,41.5507239656921,224.0 1.85555102280869,41.5507489439214,224.0 1.8554930203874,41.550774927858,224.002299999993 1.8554319996268,41.5508019175005,224.208299999998 1.85536611808217,41.5508190166941,225.0 1.85529990146595,41.5508439942145,225.0 1.85522597281302,41.5508659552513,225.0 1.8551719930476,41.5508909334259,225.0 1.85510611150297,41.5509199344491,225.0 1.85504894720988,41.5509469240311,225.020499999999 1.85498289768029,41.5509698907468,225.468500000003 1.85492908589983,41.5509930248491,225.289600000004 1.85487896170358,41.5510200144006,225.484299999996 1.85481308015899,41.5510379518545,225.820800000001 1.85474887487067,41.5510639356749,225.479900000006 1.85469288377732,41.5510889137729,225.839800000002 1.85463303711479,41.5511148975729,225.861000000004 1.85456799369832,41.5511269674547,225.634600000005 1.85450898516395,41.5511459105901,225.933099999995 1.85444695918853,41.5511680389187,226.970400000006 1.8543830889718,41.5511879877524,227.294699999999 1.85431502721598,41.5512099486723,227.862699999998 1.85424797247161,41.5512288917833,228.164099999995 1.85418896393724,41.5512139715125,228.585500000001 1.85411805272532,41.5511940226868,228.365699999995 1.8540560267499,41.55120894229,228.571599999996 1.85400187989786,41.5512288917833,228.837100000004 1.85394303845011,41.5512439787727,229.0 1.85387900114676,41.5512520257929,229.161699999997 1.85381596905822,41.5512699631825,229.0 1.85374807528736,41.5512790152363,229.622499999998 1.8536900728661,41.5512919234024,230.031099999993 1.85362402333652,41.5513148899955,230.033200000005 1.85356400868903,41.5513289712565,229.987599999993 1.85349309837545,41.5513448972088,230.054999999993 1.85343090441504,41.5513599841711,230.424799999993 1.85337206386562,41.5513708809058,231.0 1.85330903177709,41.5513879799489,230.857099999994 1.85323895869333,41.5514059173007,231.0 1.85316989172273,41.5514220106277,231.0 1.85310501629121,41.5514399479701,231.0 1.85304097808956,41.5514510120851,231.0 1.85297593467309,41.5514619081322,231.0 1.85291089125665,41.5514769957394,231.0 1.85284400359891,41.5514840363527,231.0 1.85278197762348,41.5514939273609,231.040599999993 1.85271291065285,41.5515049914666,231.2215 1.85264702910825,41.5515158881769,231.401700000002 1.85258299090656,41.5515249401963,231.542600000001 1.85251291872114,41.5515299693942,231.588399999993 1.85244200750926,41.5515390220839,231.722899999993 1.85237998153384,41.5515469010018,231.839600000007 1.85231996688632,41.5515579650984,232.028999999995 1.85225609666963,41.5515700348976,232.237099999998 1.85219105325315,41.5515738909943,232.184599999993 1.85211712460023,41.5515759024031,231.473800000007 1.85205593675296,41.5515779138118,231.448199999999 1.85198904909522,41.5515799258927,231.795199999993 1.85192400567878,41.5515819373013,232.189499999993 1.85185410057998,41.5515879721989,232.257899999997 1.8517898952917,41.5515909899837,232.867499999993 1.85172401374707,41.5515970248805,233.926600000006 1.85165494677643,41.5515998745993,234.664799999999 1.85159409400079,41.5516119443906,234.453899999993 1.85151899214808,41.5516230084761,234.278699999995 1.85145394873161,41.5516230084761,234.339800000002 1.85138387564789,41.5516298816803,234.733600000007 1.85131598277533,41.5516318937596,235.0 1.85124389836367,41.5516359165735,235.0 1.85117499937803,41.5516489927336,235.0 1.8511010707251,41.551655027625,235.0 1.85103988287783,41.551666930013,235.0 1.85097500654799,41.5516709528248,235.0 1.85089688725427,41.5516729649028,235.203099999999 1.85083402315069,41.5516759820113,235.2546 1.8507599274111,41.5516769883863,235.297600000005 1.85069404586647,41.5516769883863,236.0 1.85063000766482,41.5516830232751,236.063500000004 1.85056395813523,41.5516909021755,236.332399999999 1.85049908270375,41.5517059897293,236.804399999994 1.85042800350688,41.5517140360198,237.0 1.85035290165417,41.5517140360198,237.0 1.85028500878164,41.5517120246153,237.044500000004 1.85022398802101,41.5517168857334,237.634000000005 1.85015894460457,41.5517209092143,238.0 1.8500970866141,41.5517239269928,238.0 1.85002097864828,41.5517319732811,238.0 1.84995995878598,41.5517390138666,238.0 1.84991201390263,41.551768015854,238.433099999995 1.84987496558367,41.5518119366201,239.0 1.84985803413721,41.5518560254212,239.0 1.84986390193265,41.5519178840095,239.0 1.84987597169682,41.5519629784367,239.0 1.84989005368718,41.5520199758277,239.0 1.84991100778951,41.5520729490375,238.774399999995 1.84985904025032,41.5521019508751,239.0 1.84978192706972,41.5521120085084,239.0 1.84971503941197,41.552131957723,239.332500000004 1.84965301343655,41.5521589474713,239.873800000001 1.84957908478362,41.5521768846091,240.0 1.84953600158259,41.5522139326284,240.0 1.84948587828468,41.5522469571785,240.0 1.84941798451382,41.5522570154615,240.0 1.8493499236563,41.5522699241045,240.0 1.8492860534396,41.5522880286031,240.0 1.84924095891067,41.552318036037,240.0 1.849216986469,41.5523649748502,240.0 1.84920206635044,41.5524159363948,240.032800000001 1.84915496049358,41.552457007712,240.870200000005 1.84909393973294,41.5524699163151,241.232099999994 1.84903996086585,41.5524429266967,241.0 1.84899788377794,41.5524010170701,241.267800000001 1.84893602488914,41.5524149307035,241.940100000007 1.84890199490957,41.55245399064,242.0 1.84885807358038,41.55248902712,242.0 1.8488119729383,41.5525200401503,242.105299999996 1.84874592340872,41.5525019350445,242.0 1.8486919436433,41.5524658928808,242.0 1.84867601830995,41.5524189541409,242.0 1.84864098221722,41.5523760388069,242.087700000004 1.8485789562418,41.5523569279685,242.830600000001 1.84850603370199,41.5523599457173,243.0 1.8484399841724,41.5523498874503,242.325500000006 1.84839103407427,41.5523089834564,242.0 1.84832498454468,41.552320885724,242.123099999997 1.84826094634303,41.5523163594341,242.636700000003 1.84820260885015,41.5523118331438,243.0 1.84814427045898,41.5523029486261,243.0 1.84808593206781,41.5522984223349,243.0 1.84802759457494,41.5523073068533,243.0 1.84796925618374,41.552320885724,243.0 1.8479109186909,41.552338822817,243.112399999998 1.84784671250426,41.5523567605772,243.817999999999 1.84778854209804,41.5523746976602,244.0 1.84773020460517,41.5523928028016,244.0 1.847671866214,41.5524107398746,244.0 1.84761352872113,41.5524286769427,244.0 1.84755519032996,41.552446614678,244.162299999996 1.84749098504165,41.5524600254562,244.831300000005 1.84743264665048,41.5524781305738,245.0 1.84737430915761,41.5524960676231,245.0 1.84731597076644,41.5525185309435,245.0 1.84725763237523,41.5525364686539,245.004100000006 1.84719946196902,41.5525589319603,245.0 1.84714112447615,41.5525768689872,245.0 1.84708278608498,41.5525902804106,245.6299 1.84702444859211,41.5526038592219,246.0 1.84696611020094,41.5526217962363,246.0 1.84690190491263,41.5526397332458,246.0 1.84684356652146,41.5526621971885,246.0 1.84678522902858,41.5526801341868,246.524399999995 1.84672705862234,41.5526982392427,247.0 1.84666285333406,41.5527161762309,247.0 1.84660451494286,41.5527341138865,247.0 1.84654617655169,41.5527565771242,247.0 1.84648783905881,41.5527745147685,247.444499999998 1.84642950066764,41.5527969779922,248.0 1.84637116227647,41.552814914953,248.0 1.84630695698816,41.5528328525811,248.0 1.84624878658195,41.552850789532,248.0 1.84619044908908,41.5528732534014,248.0 1.84613781050836,41.5528957165908,248.763200000001 1.84607947211719,41.5529181804446,249.0 1.84602113462432,41.5529362854338,249.0 1.84595709642266,41.552954222356,249.0 1.84589875892979,41.5529721599454,249.0 1.84585198724621,41.5529991493429,249.661699999997 1.84579951665045,41.5530216131608,250.0 1.84574134624424,41.5530395500592,250.0 1.84567714095593,41.553057487625,250.0 1.84561880346309,41.5530799507504,250.356700000004 1.84556616488237,41.5531024145401,250.998000000007 1.84550212668072,41.5531248783221,251.0 1.84544965608495,41.553147341424,251.0 1.84539701750427,41.5531698051904,251.0 1.84533884709802,41.5531877420478,251.0 1.84528050960518,41.5532011533445,251.0 1.84521630431687,41.5532236170921,251.711200000005 1.8451579659257,41.5532415539346,252.0 1.8450996275345,41.5532551326091,252.0 1.84504129004163,41.553273070115,252.0 1.8449888194459,41.553300060059,252.0 1.84493634885013,41.5533270493196,252.606199999995 1.84488387735608,41.5533495130235,253.0 1.84482553986324,41.5533674505032,253.0 1.84477306926747,41.5533987985615,253.0 1.84471590407605,41.5534319912392,253.0 1.84470701973789,41.553476917894,253.508400000006 1.84469796741477,41.5535298912544,254.0 1.84466997141896,41.5535830326317,254.0 1.84463493532623,41.5536269541813,254.0 1.8445770999916,41.5536629963698,254.0 1.84453502290369,41.5536980328668,254.0 1.8444859048206,41.5537250219612,254.0 1.84442304071702,41.5537578790239,254.0 1.84436805573678,41.5537939218116,254.0 1.84432899608992,41.5538430396233,254.128400000001 1.84431206464346,41.5538889723331,254.623000000007 1.84425188201098,41.5539008743098,255.0 1.84418499435324,41.5539109330077,255.0 1.84410603693136,41.5539250143755,255.0 1.84403596474593,41.5539290377189,255.1155 1.84396991521635,41.5539399340206,256.0 1.84391090668197,41.553958877676,256.0 1.84385709490151,41.5539888843343,256.0 1.84379691226904,41.5540059833571,256.0 1.84374092117572,41.5540299559966,256.0 1.84368509806732,41.5540488989534,256.0 1.84362407730668,41.5540768949112,256.032800000001 1.84356288945942,41.5540980172436,256.229900000006 1.84349700791482,41.5541219891767,257.0 1.84344202293459,41.5541499851029,257.0 1.84338301440021,41.5541769746808,257.0 1.84331897619853,41.5541979295939,257.0 1.84325711820806,41.5542130165625,257.237899999993 1.84321403500704,41.5542458740494,257.190900000001 1.8431570378006,41.5542659899919,257.540699999998 1.84309702405141,41.5542980091761,258.0 1.84303399196287,41.554326005026,258.0 1.8429769947564,41.5543590291693,258.0 1.84292200977617,41.5543928922425,258.0 1.84286400645658,41.5544309459961,258.008600000001 1.84280097526637,41.5544619594391,258.7601 1.84274800161407,41.5544879432276,259.0 1.84269402184865,41.5545109093575,259.0 1.84263501331425,41.5545320322203,259.0 1.84256795767155,41.5545560039925,259.0 1.84251096136341,41.5545729354797,259.076799999995 1.84245195282904,41.5545900350202,259.455100000006 1.84239897917673,41.5546170244143,260.0 1.84234097585715,41.5546399911705,260.0 1.84227610042563,41.5546730158256,260.0 1.84222597622942,41.5546989995294,260.0 1.84217300257712,41.554725988878,260.024999999994 1.84211399404271,41.5547529788876,260.223499999993 1.84206303171835,41.5547779569046,261.0 1.84200402318397,41.5548059525466,261.0 1.84193596232645,41.5548190280655,261.076700000005 1.84187091891001,41.554844006057,261.0 1.8418140896885,41.5548699903642,261.096999999994 1.84177000037436,41.5549088821047,261.631999999998 1.84170797439894,41.5549320161419,262.0 1.84165399553182,41.5549549827861,262.0 1.84159297477121,41.5549668852387,262.0 1.84154100723203,41.5549900192551,262.0 1.84147596381555,41.5550170091544,262.198999999993 1.84140907615781,41.5550409814189,263.0 1.84134906151032,41.5550770234912,263.0 1.84128804164802,41.5551050190037,263.0 1.84123791745177,41.5551360321233,263.110000000001 1.84118192635845,41.5551650332587,263.788199999995 1.84112895270615,41.5551930287331,264.057199999996 1.84106692673073,41.5552248800742,264.661600000007 1.84101596440632,41.5552510316121,264.546900000001 1.84095695587195,41.5552790270492,265.0 1.84090800577378,41.5553070224742,265.022599999997 1.84084296235735,41.5553360242051,266.0 1.84079803491504,41.5553698867665,266.0 1.84075294038608,41.5554079406171,266.0 1.84070298417483,41.5554379479471,266.195999999996 1.84064699308147,41.555468960907,266.9804 1.84059200810124,41.555506009056,267.0 1.84053702312103,41.5555239466095,267.0 1.8404879050379,41.5555539538856,267.2454 1.84043593660042,41.5555789315931,268.0 1.84038698650228,41.5556159796792,268.0 1.84032999019411,41.5556469925536,268.0 1.84028103919767,41.5556790117259,268.0 1.84022789845871,41.5557029837449,268.666100000002 1.84018598845746,41.5557350028895,269.0 1.84013502703139,41.5557749004208,269.0 1.84008708214804,41.5558049075804,269.316999999995 1.84003611982367,41.5558359210364,270.0 1.8399829790847,41.5558769921973,270.0 1.83992698799135,41.5559130344756,270.0 1.83988390479032,41.5559448854619,270.0 1.83983411656403,41.5559799220664,270.0 1.83978097492677,41.5560089234955,270.756299999994 1.83972699605964,41.5560349073344,271.0 1.83968592418655,41.556069943218,271.0 1.83963496276048,41.5561110149023,271.0 1.83959003531818,41.5561478953019,271.116999999998 1.83955298699922,41.5561849430618,271.956399999995 1.83950403690108,41.5562229971047,272.0 1.83947503569045,41.5562669182049,272.0 1.83942206203815,41.5562969251361,272.248999999996 1.83936908838585,41.5563349791131,273.0 1.83931896418964,41.5563680042467,273.0 1.83928091065586,41.5564079020595,273.0 1.83923397188566,41.5564439440417,273.388099999996 1.83918099823335,41.5564830035601,274.0 1.83912701936623,41.5565079815808,274.0 1.83907203348769,41.5565579375932,274.232300000003 1.83903297384083,41.556593980164,274.959499999997 1.8389860350706,41.5566290164167,275.0 1.83891311253078,41.5566829961797,275.039999999994 1.83887287968415,41.5567249057188,275.808000000005 1.83882594091391,41.5567579299809,276.0 1.83877196204682,41.5568129152591,276.0 1.83872401716347,41.5568549927659,276.409599999999 1.83867691040828,41.5568860057179,277.0 1.83862511085405,41.5569190305699,277.0 1.83859007476135,41.5569669750236,277.0 1.83854799677511,41.5570040229863,277.532399999996 1.8384849655849,41.5570590080551,278.0 1.83843802681467,41.5570978998229,278.032000000007 1.83840097849574,41.5571409834341,278.988400000002 1.8383459935155,41.5572020034322,279.0 1.83830408351422,41.5572449189231,279.0 1.83826100121152,41.557282972342,279.007599999997 1.83821892322531,41.5573359459441,280.0 1.83817802023548,41.5573790293965,280.0 1.83813393092133,41.5574159097448,280.0 1.83809302703316,41.5574539630629,280.0 1.83804407693503,41.5574849763999,280.676000000007 1.83799998851921,41.5575248741953,281.0 1.83796009074416,41.5575609162269,281.0 1.8378989028969,41.5575959526276,281.0 1.83785498156771,41.557634006512,281.0 1.83779597303334,41.5576708867147,281.911699999997 1.83774601682209,41.5577139699439,282.0 1.83766789752833,41.5577599025917,282.159599999999 1.83761090032186,41.5578049976487,283.0 1.8375631234235,41.5578428833607,283.0 1.83751098789936,41.5578749027895,283.0 1.83745700903223,41.5579099390201,283.160399999993 1.83741291971809,41.5579419577435,283.948000000004 1.83736899838891,41.55798587902,284.0 1.83730998985454,41.5580239326748,284.773300000001 1.8372550048743,41.5580589688245,285.306599999996 1.83720001989406,41.5580980287114,286.0 1.83715609856487,41.558133903047,286.0 1.83710999792283,41.5581759803658,286.770000000004 1.83703388995701,41.558216884008,287.0 1.83698493985887,41.5582430356797,287.0 1.83693699497552,41.5582758924622,287.0 1.83689894144177,41.5583179696887,287.7264 1.83685803755361,41.5583590412889,288.0 1.83679902901923,41.5583969273483,288.0 1.83675292837716,41.5584289465027,288.300600000002 1.83671001316109,41.558460964969,289.0 1.83665703950878,41.5584839317037,289.0 1.83660591009775,41.5585109214884,289.0 1.83654589545027,41.558532881937,289.0 1.8364868869159,41.5585659066197,289.869600000005 1.83643592548983,41.5585949082327,289.891600000003 1.83638596927854,41.5586359796569,290.4421 1.83634288607751,41.5586710154749,290.383900000001 1.83628907429705,41.5586929765413,290.673999999999 1.83624397976812,41.5587239892836,290.883700000006 1.83619201222893,41.5587539964184,291.005999999994 1.83614088191957,41.5587850098037,291.0 1.83608589693937,41.5588218900218,291.0 1.83603191717392,41.5588619557108,291.829800000007 1.83596402430139,41.5588869334842,292.0 1.83590803320803,41.5589119119202,292.007700000002 1.83586193256599,41.5589509712916,292.776899999997 1.8358039301447,41.5589860076109,293.0 1.83573301893282,41.559031940699,293.508799999996 1.83567602172635,41.5590639595387,294.0 1.83561500186405,41.5590919546687,294.0 1.83556303342656,41.5591159274384,294.0 1.83549094901491,41.5591499574096,295.0 1.83543697014778,41.5591709127271,295.0 1.83540092794194,41.5592109781997,295.0 1.83535901794069,41.5592528874439,295.023799999995 1.83532398184796,41.5593009995561,295.2601 1.83528006051877,41.5593368738961,295.994699999996 1.83524401831296,41.5593809629421,296.491500000004 1.83519490022987,41.5594389654236,297.0 1.83515701468105,41.5594808751921,297.0 1.83512499513107,41.5595229523062,297.6535 1.83508995903838,41.5595698912648,298.0 1.83506799882293,41.5596220261301,298.0 1.83504402638126,41.5596709768458,298.0 1.83501502517063,41.5597118802139,298.0 1.8349799890779,41.5597529516004,298.901100000003 1.83494796952793,41.5597930173843,299.0 1.8349129334352,41.5598309032754,299.0 1.83487487990145,41.5598719745862,299.393400000001 1.83482794113125,41.5599120402964,300.0 1.83478787537124,41.5599539497581,300.085699999996 1.83474194271415,41.5599909980249,300.968900000007 1.83470103882599,41.5600329074355,301.377299999993 1.83466499662017,41.5600749841902,302.0 1.83463498929643,41.5601189053614,302.0 1.83460799941371,41.5601640001167,302.210099999997 1.83458000431619,41.5602109392819,302.895499999999 1.83453490978723,41.5602510047818,303.0 1.83450490246349,41.5602969369708,303.497799999997 1.83445997502119,41.5603380086577,304.0 1.83441806591823,41.5603839414569,304.0 1.83437900627137,41.560423001283,304.353499999997 1.83434095273763,41.5604669222176,305.0 1.83429300785427,41.5604989410185,305.0 1.83425495432053,41.5605458799404,305.426800000001 1.83420399199613,41.5605819223037,306.0 1.8341609087951,41.5606260105003,306.245299999995 1.83411497613801,41.5606689264062,307.0 1.83407407224984,41.560702956904,307.0 1.83404088039842,41.5607440283329,307.0 1.83399796518235,41.5607768851883,307.687399999995 1.83396192297654,41.5608169503374,308.0 1.83392001297526,41.5608580216938,308.0 1.83387408031817,41.5608959083047,308.159299999999 1.83382999190233,41.5609349678213,308.987899999993 1.83378288514713,41.560968998179,309.0 1.83373510824877,41.5610040347487,309.077399999995 1.83368498495086,41.5610358859147,309.724300000002 1.83364491919085,41.5610799744736,310.0 1.83360099786166,41.5611190345511,310.0 1.83356596176897,41.5611629556849,310.803 1.83352488989587,41.5612068767888,311.0 1.8334819746798,41.5612469423435,311.589999999997 1.83343101325373,41.5612849960946,312.0 1.83339295882166,41.5613279115629,312.305300000007 1.83337401604726,41.5613730061468,313.0 1.83334903749247,41.5614189388826,313.063299999994 1.83331299528663,41.5614590043057,313.142500000002 1.83328902374328,41.5615009141086,314.005999999994 1.83325901641954,41.5615409794809,314.0 1.83322297421369,41.5615780275101,314.056400000001 1.83319699044412,41.5616249663204,314.880499999999 1.83315893601204,41.5616668753434,315.0 1.83312188859141,41.5617029177536,315.381899999993 1.83309808413469,41.5617460009836,316.0 1.83307394370806,41.5617879099281,316.0386 1.83304795993848,41.5618289813396,316.112999999998 1.83302398749681,41.5618839670085,317.068199999994 1.83297302607074,41.5619439810183,317.175399999993 1.83294603618801,41.5619899140204,317.679699999993 1.83291703497738,41.5620299797617,318.1149 1.83289691810491,41.5620789299978,318.5239 1.83287512497613,41.5621230185173,319.2111 1.83283891568366,41.5621619105984,319.312900000004 1.83281393712887,41.5622070052724,320.0 1.83278594203136,41.5622479090518,320.0 1.83275593470761,41.5622879746332,320.035600000003 1.83271402470633,41.5623288783613,320.953200000004 1.83268401738258,41.5623739729188,321.0 1.83265099261779,41.5624178938717,321.823300000004 1.83261092775611,41.5624639945742,322.0 1.83258393787342,41.562514956222,322.0 1.83256801254004,41.5625659185017,323.0 1.83255091310862,41.5626090011563,323.0 1.83254588433967,41.5626569460939,323.025399999999 1.83253398166213,41.5627109255272,323.986900000004 1.83252409121086,41.562758031551,324.0 1.8325011248823,41.5628069819077,324.0 1.83248100800983,41.5628579439571,324.0 1.83245401812714,41.5629068942381,324.0 1.8324359134809,41.5629540007912,324.0 1.83243188992673,41.5629999337475,324.050199999998 1.83242702824441,41.5630599480651,324.901599999997 1.83242501691651,41.5631159388836,325.0 1.83243306312651,41.563162877921,325.039300000004 1.8324359134809,41.5632160187716,325.252299999993 1.83243893092192,41.5632730156494,325.273000000001 1.83243188992673,41.5633280014339,325.910699999993 1.83242401080339,41.5633749396451,326.0 1.83240590615716,41.5634218784943,326.009399999995 1.83239400347962,41.563468984672,326.949600000007 1.83239500959273,41.5635139117436,327.0 1.83239199215171,41.5635709083586,327.427299999996 1.83238998082378,41.5636190206168,327.645600000003 1.83237103715109,41.5636679709933,328.0 1.8323660083821,41.5637179275205,328.043900000004 1.83234790373587,41.5637630217807,328.653099999996 1.83231202861668,41.5638059369476,329.054199999999 1.83226794020087,41.5638429850225,329.835900000005 1.83221798398958,41.5638780213782,330.0 1.83218194178378,41.5639199309564,330.0916 1.8321390265677,41.5639529555747,330.123600000006 1.83210298436186,41.5639930214431,330.842300000004 1.83206794826917,41.5640359364573,331.542100000006 1.83202402693998,41.5640760022742,332.195399999997 1.83198898994895,41.5641209289238,332.835900000005 1.83192595875872,41.5641640118859,333.0 1.83187901998848,41.5641978751989,333.766399999993 1.83183291934643,41.5642359285564,334.0 1.83179905645348,41.5642739825637,334.195300000007 1.83175798547869,41.5643080131795,334.922900000005 1.83172496071389,41.5643559575286,335.533599999995 1.83168288362598,41.5643970293242,336.0 1.83163795618368,41.5644318980194,336.079700000002 1.83157894764931,41.5644419557505,337.0 1.83151893300179,41.5644318980194,337.032800000001 1.83145204534404,41.5644349152045,337.506699999998 1.83140292726095,41.5644679402317,338.0 1.83137191472239,41.5645110229623,338.075500000006 1.83134308059842,41.5645519266275,339.0 1.83131391140283,41.5646000388273,339.031600000002 1.83130100351051,41.5646469774588,339.971399999995 1.83125590898155,41.5646860373965,340.0 1.83122003476069,41.5647289526225,340.896699999998 1.83117611343151,41.5647799145004,341.912200000006 1.83113202411736,41.5648270203601,341.998999999996 1.8311010115788,41.5648669183277,342.774600000004 1.83105792837778,41.5649259274311,344.016799999998 1.83103295072128,41.5649669981923,344.784299999999 1.83099204683314,41.565005890578,345.0 1.83094192263694,41.5650328803274,345.0 1.83090604841605,41.5650709338653,345.124200000006 1.83086196000024,41.5651059702273,345.861199999999 1.83082390556816,41.565146874188,346.0 1.83077294414209,41.5651819105087,346.2068 1.83074411001809,41.5652280112556,346.991099999999 1.83072701058667,41.5652759555942,347.167799999996 1.83068895705293,41.5653180322956,348.0 1.83065811160102,41.5653629594258,348.222299999994 1.83061301707206,41.5653979956294,349.0 1.83056490510208,41.565435882267,349.232000000004 1.83053489777831,41.5654779595363,349.960999999996 1.83049298867539,41.5655119895179,350.779899999994 1.83046096912538,41.5655528932216,351.479300000006 1.83041889203747,41.5655919532838,352.208799999993 1.83038402392973,41.5656310126503,353.0 1.83036005148805,41.5656729224357,353.0 1.83030791596391,41.565716005035,353.986000000004 1.83027489119911,41.5657629442,354.4326 1.83022309074659,41.5658009979802,355.0 1.83018101365868,41.5658489425656,355.0 1.83016592645346,41.5658978925971,355.0 1.83015301856116,41.5659470106197,354.771099999998 1.8301320635605,41.5659929434647,355.146800000002 1.83011898768325,41.5660539638421,355.539999999994 1.83010390047804,41.5661099547547,356.740600000005 1.83007087571324,41.5661520322571,357.0 1.83002997182511,41.5661869006774,357.085600000006 1.82998102172697,41.5662239487314,357.039799999999 1.82994799696218,41.5662660254875,357.900599999994 1.82993592719801,41.5663149758751,358.0 1.82992100707945,41.5663659378462,358.128299999997 1.82990206430506,41.5664179059227,358.513099999996 1.82988697620154,41.5664869730387,358.757400000002 1.82987205698131,41.5665319000282,358.484800000006 1.82981489268822,41.5665629130412,358.790699999998 1.82975890159486,41.5665810175688,359.0 1.82969000171088,41.5666019724928,359.0 1.8296219408534,41.5666120305583,359.0 1.82957198464211,41.5666468994024,359.0 1.82958606663251,41.5666909881656,359.0 1.82958606663251,41.5667419505123,360.008700000006 1.82961288853028,41.5668090056751,361.431400000001 1.82962495829441,41.5668690198154,361.960000000006 1.82961003817589,41.5669250113658,363.001600000003 1.82958606663251,41.5669699380507,363.510800000004 1.82956192620588,41.567017882441,364.0 1.82954097210358,41.5670670002842,364.0 1.82950995866669,41.5671139391398,364.0 1.82951599354879,41.5671618834231,364.238899999997 1.82951599354879,41.5672079841015,364.956099999996 1.82957097852899,41.5672410090555,365.0 1.82958690476067,41.5672959941517,365.0 1.82958489253444,41.5673409212507,365.0 1.82958288120654,41.5673880272596,365.387000000002 1.82959495097067,41.5674399951861,366.0 1.82962294696651,41.5674879398996,366.614300000001 1.8296380341717,41.5675358839054,367.478400000007 1.82964591329507,41.5675809788616,367.930200000003 1.82964289585402,41.5676309350517,368.528300000005 1.82963401061753,41.5676808912031,368.950200000007 1.82960601552002,41.5677279976363,368.994200000001 1.82958690476067,41.5677759421361,369.978099999993 1.82955102964148,41.5678210362526,370.116599999994 1.82951196999462,41.5678679752325,371.156900000002 1.82948095745606,41.567913908056,371.9663 1.82945698501438,41.5679590027483,372.263500000001 1.82942396024959,41.5680129817848,373.524600000004 1.82941691925441,41.5680609267452,373.445099999997 1.82942898901858,41.5681090383484,374.112299999993 1.829482968784,41.5681418954914,375.003500000006 1.82952202843086,41.5681799498866,375.849700000006 1.82957902563733,41.5682019104098,376.876099999994 1.8296239521813,41.5682339287386,377.585699999996 1.82966502405442,41.5682719830796,378.277900000001 1.82972403258879,41.5683179156159,379.296199999997 1.82973794659424,41.5683650222566,380.5291 1.82972805614296,41.5684109547268,381.101899999994 1.82968396682882,41.5684480028496,380.998500000002 1.82964792462297,41.5684848829296,380.929199999999 1.82964289585402,41.5685340010017,381.869699999996 1.82967206504961,41.5685738993686,382.755799999999 1.82966401794131,41.5686270404736,384.451799999995 1.8296239521813,41.5686679442214,384.7451 1.82959897452484,41.5687120329497,386.255699999994 1.82957299075522,41.5687579658452,386.028300000005 1.82954700698565,41.568830888215,387.517999999996 1.82952588400006,41.5688739713969,388.617499999993 1.82949587667632,41.5689178926361,388.194799999997 1.82947995134294,41.568972039564,387.976299999995 1.82947710188685,41.5690189783797,388.804300000003 1.82948095745606,41.5690649110569,389.757800000007 1.82944290302398,41.5691089995143,389.714500000002 1.82939294681273,41.569136994997,389.226899999994 1.82934500282771,41.5691710257397,388.506999999998 1.82931298417603,41.5692149467771,388.863800000006 1.82930795450875,41.5692598738858,389.036600000007 1.82932103038603,41.5693089920408,389.977599999998 1.82932807138122,41.5693549245119,390.253800000006 1.82930309282643,41.5694129274499,389.782800000001 1.82928398206707,41.5694560102437,390.005900000004 1.82927794718501,41.5695029493797,390.257700000002 1.82925196341543,41.5695549169492,389.869200000001 1.82924089976438,41.5696000118402,390.076700000005 1.82921910663559,41.5696449386812,390.086299999995 1.82917300599352,41.5696759515441,388.534599999999 1.82911802101328,41.5697079704864,387.310200000007 1.82905800636579,41.5697249020364,386.841100000005 1.82899899783142,41.5697440124437,386.279800000004 1.82898592195414,41.569813918111,386.0 1.82894987974829,41.5698499600093,386.149000000005 1.82888098076265,41.5698719206369,386.0 1.82885197955202,41.5699190268167,386.0 1.82881006955073,41.5699629480175,385.855500000005 1.82874787559036,41.5699770299203,385.070099999997 1.82869691416428,41.5700060311165,385.0 1.82866003383031,41.5700429116512,385.118700000006 1.82860890441929,41.5700719128179,385.065300000002 1.82854704553049,41.5700989024672,385.606899999999 1.82849692223258,41.5701359502941,385.639899999995 1.82844512178005,41.5701699811827,386.0 1.82838896270174,41.5701979768777,385.842900000003 1.8283259306132,41.5701999883789,385.978799999997 1.82826608395067,41.5702070289688,386.625 1.82819802309315,41.5702229549739,387.011700000003 1.82814890501006,41.5702559790588,387.0 1.82781899333207,41.5704159061739,389.734500000006 1.82782301688623,41.5704698858458,390.0 1.8278479945427,41.5705220206537,390.423899999994 1.82791689442667,41.5705220206537,391.0 1.82798009360187,41.5705298999458,391.0 1.82803105592624,41.5705548779137,391.0 1.82805301614168,41.5706029903479,391.0 1.82807497635713,41.5706539522969,391.362800000003 1.82804647820304,41.5707144696013,391.034 1.82807899991126,41.5706930119635,391.475699999995 1.82805201002857,41.5706479171634,391.121299999999 1.82798093173003,41.570639032478,391.817599999995 1.82790901530333,41.5706549577044,391.976299999995 1.82784397188686,41.5706789302168,391.834099999993 1.82778898600832,41.570698879077,392.0 1.82775596124353,41.57074799681,392.0 1.82771388415562,41.5707848775932,392.453899999993 1.82768890649916,41.570840030377,392.671600000001 1.82766292272955,41.5708849576997,392.290699999998 1.82762788573852,41.5709298843192,392.669999999998 1.82759402284557,41.570980007951,391.615000000005 1.82759000018973,41.5710309702747,389.410199999998 1.82756988331727,41.5710819318862,388.695999999996 1.82755596931183,41.5711298765852,387.654999999999 1.82753400909638,41.571172959578,387.356799999994 1.82751389222391,41.5712168805984,386.852599999998 1.82750802442847,41.5712680100775,385.278300000005 1.82751087478286,41.5713169607077,383.4614 1.82748388490017,41.5713709402988,383.191300000006 1.8274820406589,41.5714219023141,383.343299999993 1.82749897210535,41.571473031631,382.687000000005 1.82749796689057,41.5715219821058,383.157900000006 1.82750903054159,41.5715739500672,383.560500000007 1.82753099165536,41.571621894401,382.640499999994 1.82754809018848,41.571667994585,382.485100000005 1.82757105651701,41.5717149334581,382.575299999997 1.82760793685101,41.5717519817024,381.7255 1.82764297384204,41.5718029434171,380.771599999993 1.82767616569346,41.5718393209034,379.9712 1.82768387683188,41.5718760337229,379.938800000004 1.82770499981746,41.5719249838922,379.072799999994 1.8277269600329,41.5719699111325,378.708100000003 1.82772796614602,41.5720259022944,379.444699999993 1.82774188015146,41.5720709968047,378.903699999995 1.8277619961256,41.5721249764378,378.5573 1.82779502089039,41.5721648739309,379.266799999998 1.82782603432728,41.5722089629609,380.035099999994 1.82788990454398,41.5722238824173,379.010200000004 1.8279458956373,41.5722538900036,378.167400000006 1.8280049041717,41.5722770238801,376.678199999995 1.82806491881919,41.5722879204485,376.530499999993 1.82808201735231,41.5723398877937,377.225300000006 1.82810800112192,41.5723809592183,378.037100000001 1.8281789123338,41.5723930291611,379.836200000005 1.82827698051506,41.5724780220589,382.865600000005 1.82832794283943,41.572515907905,385.360700000005 1.82836599637318,41.5725739106931,387.081900000005 1.82840690026135,41.5726220229676,387.819099999993 1.82845601834444,41.5726480068471,388.0 1.82851905043298,41.5726329194778,388.0 1.82858593719239,41.5726268845291,388.0 1.82866003383031,41.5726288959547,388.0 1.82870730767213,41.5726185028043,388.0 1.82871904236468,41.5726439833249,388.303100000005 1.82878090035515,41.5726520303689,389.0 1.82881996000201,41.5726919282087,389.0 1.82887192843953,41.5727199234827,389.0 1.82889489476809,41.5727630067592,389.111499999999 1.82890394709121,41.5728139683483,390.219500000007 1.82892791953288,41.5728719715408,391.111999999994 1.82898592195414,41.5728848794265,391.918300000005 1.82907007612996,41.5729080137491,393.021800000002 1.82913595767456,41.5729418765114,394.0 1.82918289644479,41.5729700396872,394.0 1.82925296952855,41.5729829475532,394.331999999995 1.82933192695043,41.5729728891356,394.182400000005 1.82941490792647,41.5729718837642,395.047000000006 1.82947710188685,41.5729708777207,395.273499999996 1.8295359424363,41.5729559577648,394.997799999997 1.82954298343148,41.5729152220539,394.463699999993 1.82958858101698,41.572928633289,395.0 1.82963049011994,41.5729123719309,395.0 1.82967608770544,41.5729232683921,395.247300000003 1.82971799770673,41.5729366796256,395.739100000006 1.82977499401487,41.5729448939711,395.980899999995 1.82982645939581,41.5729529403056,396.472699999998 1.82988261847412,41.5729556224169,397.320200000002 1.82996660466495,41.5729583052001,397.9041 1.83004338277397,41.5729636694221,398.977700000003 1.83010993536014,41.5729556224169,399.053 1.83016944695108,41.5729663515329,398.991800000003 1.83021839704922,41.5729743978647,399.108200000002 1.83025695363954,41.5729824448676,399.690600000002 1.83031076542,41.5729978675029,400.581399999995 1.83038301781661,41.5729970294697,400.0 1.83043900890997,41.5729978675029,400.248500000002 1.83049902355745,41.5730179843289,401.613400000002 1.83054998498352,41.5730158049055,401.881099999999 1.83062575787773,41.5730203310898,403.042700000005 1.83070991205355,41.5730159722433,404.029800000004 1.83076087347962,41.5730147988628,404.349799999996 1.83080647106513,41.5730158049055,404.717399999994 1.83089397865191,41.5730023936884,404.8465 1.83095231614475,41.5730023936884,405.581000000006 1.8310165223314,41.5730023936884,406.189400000003 1.83107485982424,41.5730023936884,406.856100000005 1.83113319821544,41.5730023936884,407.475300000006 1.83119153570831,41.5729978675029,407.849499999997 1.83125557390996,41.5729978675029,407.606599999999 1.83131391140284,41.5729978675029,407.591199999995 1.831372249794,41.5729978675029,407.645799999998 1.83143645508232,41.5730023936884,407.976999999999 1.83149479347349,41.573006752536,408.813099999999 1.83155313096636,41.5730158049055,409.640499999994 1.83161146935753,41.5730203310898,410.597200000004 1.8316698077487,41.5730203310898,410.846399999995 1.83172814524157,41.5730248572739,411.156700000007 1.83178648363277,41.5730292161198,410.958499999993 1.8318505209361,41.5730337423032,410.890199999994 1.8319088593273,41.5730337423032,410.944799999997 1.83197306461558,41.5730337423032,411.804000000004 1.83203140300678,41.5730337423032,412.118900000001 1.83209560829506,41.5730382684862,413.088799999998 1.83215981358337,41.5730382684862,413.533100000001 1.83221798398958,41.5730382684862,413.961299999995 1.8322821892779,41.5730382684862,415.128100000002 1.83234052766907,41.5730337423032,415.368000000002 1.83239886516194,41.5730248572739,415.543999999994 1.83245720355311,41.5730203310898,415.479999999996 1.83251554104598,41.5730112787209,415.040500000003 1.83257387943719,41.573006752536,415.821500000005 1.83263221782835,41.5729978675029,415.970799999996 1.83269642311667,41.5729978675029,416.904200000004 1.83275459352288,41.5729978675029,417.821500000005 1.83281879881119,41.5729888151308,418.755099999995 1.83287713720236,41.5729842889443,418.752399999998 1.83293547469523,41.5729799300953,418.975099999996 1.8329938130864,41.5729799300953,419.678599999999 1.83305215057928,41.5729754039081,420.584900000002 1.83313379037062,41.5729799300953,420.895799999998 1.8331570926691,41.5730112787209,421.0 1.83311635586759,41.5730607320591,421.729500000001 1.83302197616887,41.5730878891414,422.147100000002 1.83294989175722,41.5730969414996,423.314100000003 1.83288300409947,41.5731080059393,423.567200000005 1.83281997201094,41.5731178963264,424.517999999996 1.83275291726656,41.5731289607624,425.699600000007 1.83268401738258,41.5731339896233,425.7454 1.83261696263821,41.5731458920879,426.236199999999 1.83254705753942,41.573154944438,426.468699999998 1.83247899668193,41.5731710377257,427.056299999997 1.83241898203441,41.5731849515918,427.562099999996 1.83235393861797,41.5731990334642,427.162899999996 1.83228990041628,41.57320590639,427.604900000006 1.83222603019959,41.5732129473243,428.397899999996 1.83216098678315,41.5732038949823,427.869999999995 1.83209594336668,41.5732000388321,427.6198 1.83204296971437,41.5732209936254,429.062999999995 1.83197490885685,41.5732298786277,429.516300000003 1.83191288288143,41.5732339021134,430.2497 1.83185990922913,41.5732659206363,431.842399999994 1.83180391813581,41.5732868754082,432.878299999997 1.83173703047806,41.5732860373787,432.833899999998 1.83167500450264,41.5732919049288,432.881699999998 1.83160895497305,41.5733100095868,432.902799999996 1.8315449167714,41.5733249294609,433.114400000006 1.83148691435011,41.5733499076921,433.573099999994 1.83142589448781,41.5733670062965,434.489100000006 1.83137392605032,41.5733899731096,435.230500000005 1.83132698728009,41.5734250089924,436.091799999995 1.83127200229988,41.5734550166927,436.8318 1.83125188542738,41.5734989375056,437.0 1.83129781898283,41.5735259277392,437.025599999994 1.83135028957856,41.5735304538878,437.0 1.83139689237888,41.573534980036,437.669200000004 1.83148389690909,41.5735110079115,438.646099999998 1.83152899143802,41.5734759714033,438.344599999997 1.83159202352656,41.5734580341285,439.048500000004 1.83165941424088,41.5734377501029,439.353799999997 1.83171540533423,41.5734323852482,439.999100000001 1.83177491692515,41.5734377501029,440.781600000002 1.83184012742828,41.5734451256853,443.425399999993 1.83189276600896,41.5734451256853,445.906700000007 1.83194993030206,41.573440432194,444.342699999994 1.83199536080094,41.573440432194,445.573799999998 1.83205604559166,41.5734405995307,447.755999999994 1.83212477749065,41.5734431142851,448.731499999994 1.832180768584,41.573445796376,449.189400000003 1.83226492275982,41.5734431142851,447.803799999994 1.83234522136644,41.573440432194,447.621499999994 1.83241177305427,41.5734431142851,449.360100000005 1.83249928064102,41.5734431142851,450.100399999996 1.83258594920132,41.5734419409123,450.563500000004 1.83264277842283,41.5734214888729,449.587599999999 1.83270229001378,41.5734214888729,451.150299999994 1.83275476060951,41.5734053956476,450.979300000006 1.83280387869263,41.5733891350814,450.353799999997 1.83286674279621,41.5733757239419,450.149999999994 1.83290865279747,41.5733540985071,449.993300000002 1.83296129137818,41.5733380052651,449.656799999997 1.83302415548176,41.5733326410742,449.028999999995 1.83307662607749,41.5733299583065,449.0 1.83312926465821,41.5733326410741,449.0 1.83318877624916,41.5733326410742,449.0 1.83324124684489,41.5733433694555,449.069600000003 1.83330427893342,41.5733757239419,449.2745 1.83334283552374,41.5734270210652,452.034700000004 1.83328684443039,41.5734297031567,453.811199999996 1.83323068535211,41.5734270210652,454.3315 1.83318173525394,41.5734297031567,455.197100000005 1.83314669916125,41.5734134425967,453.791299999997 1.83309774816478,41.5734053956476,453.474900000001 1.83309070806789,41.5734214888729,455.366899999994 1.83310948285733,41.5734431142851,458.095199999996 1.83314787236099,41.5734566927473,460.564499999993 1.83317117376117,41.5734674217801,462.4179 1.83320620985386,41.5734764740851,463.324500000002 1.83322951215234,41.5734835149899,464.149999999994 1.83325532793699,41.5734853590523,464.128800000006 1.83327863023543,41.5734853590523,463.794299999994 1.83330427893342,41.5734853590523,463.106700000004 1.8333275803336,41.5734872031146,462.773300000001 1.8333510497187,41.5734925672927,463.507199999993 1.83337200471933,41.5735016195942,465.337100000004 1.83334870242085,41.5735069844431,465.753599999996 1.83332523303575,41.5735086604963,466.226299999995 1.83329958433776,41.5735086604963,466.9139 1.83327158924025,41.5735086604963,467.632599999997 1.83324594054225,41.5735086604963,468.208100000003 1.83322029184426,41.5735086604963,468.763099999996 1.83319464314627,41.5735086604963,469.130799999999 1.83317117376117,41.5735105045579,469.780100000004 1.83314787236099,41.5735141926811,470.599900000001 1.83315256605836,41.5735321299404,473.645099999994 1.83317352105898,41.5735428589606,475.157000000007 1.83319464314627,41.5735519112551,476.0527 1.83321559814689,41.5735626402721,476.893400000001 1.8332342058497,41.5735752133471,478.058999999994 1.83325532793699,41.573584265637,478.7641 1.83327863023543,41.573589629807,478.894499999995 1.83330193163561,41.5735931505894,479.314299999998 1.83332523303575,41.5735949939766,479.731499999994 1.83334870242085,41.5735949939766,479.897100000002 1.83337435111885,41.5735949939766,480.724199999997 1.83339999981684,41.5735949939766,481.510200000004 1.83342548052988,41.5735949939766,482.571500000005 1.83348566316235,41.5736008614986,485.066200000001 1.83352774025026,41.5736043822803,485.679000000004 1.83359295165166,41.573620475456,487.8177 1.83366520314997,41.5736151106166,488.165099999998 1.83371884784381,41.5736187987338,489.814899999998 1.83375690137756,41.5736068963563,489.512700000007 1.83380987502986,41.5735758833644,486.5913 1.8338822945131,41.5735629756168,486.089099999997 1.83393359190908,41.573568507797,486.437600000005 1.83399662399765,41.5735487264873,487.795499999993 1.83407792781905,41.5735299505344,487.278999999995 1.83414598957487,41.5735289451716,487.771900000007 1.83420415998108,41.5735198922019,486.208400000003 1.83430222816235,41.5735307892327,485.924400000004 1.83436291295307,41.5735271011105,486.628700000001 1.83442695025639,41.5735309565692,488.222399999999 1.83451915154051,41.5735073197882,487.242800000007 1.8345845300286,41.5735037990011,486.769100000005 1.83464689197394,41.5735279391368,486.226800000004 1.83471109726222,41.5735579461174,487.035900000003 1.83477396136583,41.5735468824268,486.078699999998 1.83486163603925,41.5735606282035,486.125899999999 1.83491393954835,41.5735552640311,486.079800000007 1.83494897564104,41.5735606282035,490.302800000005 1.83498401173377,41.5735606282035,494.933499999999 1.83501888073984,41.5735524139363,496.107699999993 1.83505039633494,41.5735390035027,491.266499999998 1.83508191282838,41.5735255923942,488.290900000007 1.83511342842348,41.5735093311864,485.468999999997 1.83514142441932,41.573490555894,482.365000000005 1.83516237852162,41.5734662484077,480.738700000002 1.83513086292651,41.5734528372842,479.431700000001 1.83509951441804,41.5734689304977,479.001999999993 1.83506447832534,41.5734769774389,478.296799999996 1.83501552822717,41.5734878738049,477.879799999995 1.83498401173377,41.5734555193747,475.974900000001 1.83502240123743,41.5734473050941,476.234899999996 1.83506095782772,41.5734204828364,475.278200000001 1.83508543332597,41.5734069043666,474.918099999995 1.8351063874283,41.5733934932308,474.382800000007 1.83517998100961,41.573369185708,472.361199999999 1.83525357369262,41.5733504103748,470.549499999994 1.83528844269869,41.5733504103748,470.712799999994 1.83536186829508,41.5733421960809,469.261400000003 1.83545289548113,41.5733368318903,468.979699999996 1.83551592756966,41.5733180565478,466.863700000002 1.83560343425812,41.5732991131908,465.204100000003 1.83567333935692,41.57328838413,464.800900000002 1.83575749353274,41.5732722908715,462.915999999997 1.83587282913038,41.5732479833031,462.300099999993 1.83595279266538,41.5732282018953,463.122199999998 1.8359878287581,41.5731976920776,464.690100000007 1.83601817115346,41.573174222512,463.901800000007 1.83606460686713,41.5731562858255,463.2163 1.83610199025767,41.5731490768755,462.728300000002 1.8361229452583,41.5731365043896,461.689599999998 1.83614641464343,41.5731311395099,461.566300000006 1.83617206334142,41.5731311395099,462.040800000002 1.83619771114109,41.5731311395099,462.209499999997 1.83622101343956,41.5731365043896,462.129400000005 1.8362443148397,41.5731418685968,461.941600000006 1.83626761623985,41.5731490768755,461.601599999995 1.83629091853832,41.5731527650193,461.040900000007 1.83631438792346,41.5731562858254,460.512700000007 1.8363376893236,41.573161650031,460.394799999995 1.83636099072375,41.5731670142361,460.483800000002 1.83638194572441,41.5731760665833,461.128200000006 1.83640541510951,41.5731814314592,461.502900000007 1.83642871650965,41.5731851189291,461.654500000004 1.83645436520764,41.5731851189291,461.888800000001 1.83647766750612,41.5731867956627,462.327399999995 1.83650096890626,41.5731814314592,462.308999999994 1.8365244382914,41.573174222512,462.292400000006 1.83654757260492,41.5731723784408,462.735499999995 1.83661999208815,41.5731598059594,461.980200000005 1.83666659488848,41.5731437126689,460.525099999999 1.83671789228446,41.5731418685968,461.230800000005 1.836780924373,41.5731401925341,462.868300000002 1.83682300146091,41.5731329835823,463.105100000001 1.83686960515953,41.5731113587383,460.170800000007 1.83692324895503,41.5731006296464,459.032099999997 1.8369770607355,41.5730952654358,459.577300000004 1.83701997595157,41.5730979475411,460.154999999999 1.83706322713755,41.573088056479,460.221699999995 1.8371051362405,41.57306643162,461.010299999994 1.83716665915935,41.5730484942314,461.054499999998 1.83721795655534,41.5730359210539,459.880999999994 1.83725768724373,41.5730431300164,460.966499999995 1.83727864134606,41.5730520143712,462.099000000002 1.83730194364453,41.5730557025205,462.550799999997 1.83732524504468,41.5730573792574,462.766499999998 1.83734871442978,41.5730573792574,462.750199999995 1.83737436312777,41.5730573792574,462.752099999998 1.83739984384081,41.5730573792574,463.061600000001 1.83742314613928,41.5730557025205,463.166500000007 1.83744661552438,41.5730538584459,463.187399999995 1.83746991692456,41.5730520143712,463.015199999994 1.83749321832471,41.5730520143712,463.211599999995 1.83751651972485,41.5730503383062,462.936400000006 1.83753982202332,41.5730484942314,462.555900000007 1.8375631234235,41.5730484942314,462.521299999993 1.8375865928086,41.5730448060816,461.845000000001 1.83760989420875,41.5730412859414,461.154299999995 1.83763319650722,41.5730412859414,460.941500000001 1.83771248900072,41.573037765129,458.625700000004 1.83776630078118,41.5730322335754,455.921300000002 1.83781055718198,41.573037765129,455.602199999994 1.83784559327468,41.5730340776507,453.692800000004 1.83787342128556,41.5730557025205,456.076100000006 1.83794131505643,41.5730610674065,457.662599999996 1.83797802740544,41.5730699517588,461.007899999997 1.83803603072502,41.5730560378679,458.115699999995 1.83807408425877,41.5730340776507,452.497499999998 1.83811616134668,41.5730394418664,451.701799999995 1.83816980604052,41.5730538584459,455.397299999997 1.83823283723072,41.5730484942314,451.338499999998 1.8382702206213,41.5730538584459,453.135800000004 1.83832621171462,41.5730557025205,452.542000000001 1.83838203572131,41.5730466501565,449.348199999993 1.83842176551141,41.5730538584459,449.608399999997 1.83848479759995,41.5730754839811,449.800600000002 1.83853140129857,41.573088056479,448.777700000006 1.83856174369393,41.5730950974262,448.311600000001 1.83859393033056,41.5731004623088,447.594200000007 1.83864740614111,41.5731148788747,448.744399999996 1.83869417782468,41.5731237638916,450.582899999994 1.83874312792282,41.5731328162449,451.775399999999 1.83877816401555,41.5731381804523,451.387400000007 1.83882711411369,41.5731453887315,448.414699999994 1.83888310610534,41.5731525976819,448.149099999995 1.83893440260303,41.573156117816,448.739700000006 1.83896005130102,41.5731579618877,448.706200000001 1.83898352068612,41.5731579618877,447.692500000005 1.8390068229846,41.5731598059594,446.871400000004 1.83903247078426,41.5731598059594,445.796700000006 1.83905811948225,41.5731598059594,444.714099999997 1.83908142178073,41.5731633260931,444.1774 1.83910489116583,41.5731686909701,443.8226 1.83912802458105,41.5731758992459,443.545400000003 1.83915132687949,41.5731831075208,443.846799999999 1.83917244896678,41.5731921598657,446.118900000001 1.83919575036692,41.5731993688109,445.889599999995 1.83921905266539,41.5732082531441,445.143500000006 1.83924000676772,41.5732173054855,443.650299999994 1.83927504375875,41.5732261904883,443.547999999995 1.83931946724618,41.5732280345581,442.994300000006 1.8393519889544,41.5732333987577,443.642200000002 1.83940563364823,41.5732424517675,443.465299999996 1.83945709813085,41.5732603884302,443.450700000001 1.83950604912731,41.5732783257599,442.752800000002 1.83955281991259,41.573294587026,442.872499999998 1.83959942271291,41.5733125243462,444.275399999999 1.8396366390168,41.5733286175946,444.406199999998 1.83968391285862,41.5733339817859,443.500799999994 1.83973303094175,41.5733562779191,444.587700000004 1.83977829255733,41.5733562779191,443.524099999995 1.83983093113802,41.5733670062965,443.265400000004 1.83990083623682,41.5733913138201,444.798599999995 1.83994626583736,41.5734100898134,446.577600000004 1.83999538392046,41.5734047249564,443.771399999998 1.84005137501381,41.5734020428638,442.167700000005 1.84011775961498,41.5734181360899,442.625499999995 1.84018783269874,41.5734290324659,442.4568 1.84026142538175,41.5734451256853,442.179399999994 1.84032445747029,41.5734451256853,443.049899999998 1.8404047560769,41.5734560220566,446.066099999996 1.84048874316606,41.573458704819,446.544099999999 1.84056233584911,41.5734531726295,446.997700000007 1.84063576144547,41.5734504905389,446.877800000002 1.84070583452922,41.5734343973208,445.418799999999 1.84077573962798,41.5734451256853,445.892999999996 1.84084564472678,41.573458704819,446.553499999995 1.84090515631772,41.5734667510896,445.967900000003 1.84097522850315,41.5734640689995,446.406499999997 1.84104513360191,41.5734504905389,445.819900000002 1.84111168618807,41.5734397615033,444.561199999996 1.84118527887109,41.5734397615033,443.655199999994 1.84125183145721,41.5734667510896,443.566900000005 1.84130061446873,41.5735017876028,443.453399999999 1.84132860956624,41.5735368240969,442.314899999998 1.84134973255182,41.5735555993758,441.130999999994 1.84136012605967,41.573587953756,440.147899999996 1.84136716615656,41.5736229895314,439.068299999999 1.84136012605967,41.5736716050489,439.269499999995 1.84137085463911,41.5737108322428,439.110100000005 1.84139164165477,41.5737503947568,437.227299999999 1.84141963765062,41.573806050376,435.786099999998 1.84143137144484,41.5738474575558,435.771200000003 1.84144075973787,41.5738942281816,435.058699999994 1.84144545343524,41.5739426754876,434.334400000007 1.8414501471326,41.5739785504351,434.200400000002 1.84146406113805,41.574019789497,433.478000000003 1.84148048952796,41.5740647159523,432.507700000002 1.84150161251355,41.5741042789216,431.563200000004 1.84151317922114,41.574141997151,431.358300000007 1.84152709322658,41.5741743512374,430.859100000001 1.8415435216165,41.5742085493493,430.188599999994 1.84155743562194,41.5742444241491,430.2454 1.84158073702209,41.5742569970915,428.877699999997 1.84157839062257,41.5742767781842,429.133100000006 1.84158308431994,41.5742947159037,428.959700000007 1.84158777801727,41.5743126529462,429.879499999995 1.84159951270986,41.5743289139519,429.957999999999 1.84160169202271,41.5743468509849,430.230899999995 1.84160403932056,41.5743647880129,429.744200000001 1.84160873301793,41.5743827257079,428.758499999996 1.84161812041263,41.5744008307322,428.908100000001 1.84163672811544,41.5744134036441,429.246599999999 1.84166237681343,41.5744134036441,428.389200000005 1.84168567911188,41.5744061948344,427.907800000001 1.84170914849701,41.574398986696,428.840899999996 1.84173244989715,41.5743917778847,429.324500000002 1.8417557512973,41.5743845697447,429.709600000002 1.84177670629796,41.5743755168948,429.285399999993 1.84180017568306,41.5743666320501,429.498399999997 1.8418234770832,41.5743612679446,429.486099999995 1.84184677938168,41.5743559031666,429.396900000007 1.84187008078186,41.5743540591291,429.653000000006 1.84189355016696,41.5743503717259,429.809500000003 1.84191919886495,41.5743503717259,430.333499999993 1.84194484756294,41.5743503717259,430.857600000003 1.84196798097813,41.5743522157636,431.491699999999 1.84199145036323,41.5743559031666,432.036300000007 1.84201475266171,41.5743594239072,432.436499999996 1.84203805406188,41.5743612679446,432.632599999997 1.84206135546203,41.5743647880129,432.368100000007 1.8420846577605,41.5743666320501,432.215299999996 1.84210795916065,41.5743719968272,433.035900000003 1.84213142854575,41.5743792049686,434.285600000003 1.84215472994592,41.5743827257079,434.650299999994 1.8421780322444,41.5743864137813,434.896299999993 1.84222228864517,41.5743899338482,434.292300000001 1.84227610042563,41.5743952986233,433.682000000001 1.84232270322595,41.5744008307322,433.789499999999 1.84237634791975,41.5744097155723,434.313999999998 1.84244407370566,41.5744150796737,434.494099999996 1.84248615079357,41.5744330166828,435.394199999995 1.84254432119982,41.5744367047533,435.751600000003 1.84259796499532,41.5744294966183,435.705400000006 1.84263769568368,41.5744187677452,436.4761 1.84265814762777,41.5744209471212,437.221600000004 1.84268144902791,41.5744120622827,436.377600000007 1.84270491841304,41.5744083742108,436.062399999995 1.84272821981319,41.5744030101088,434.9859 1.84275152121333,41.5743994893706,434.198300000004 1.84277482351181,41.5743958012979,433.555200000003 1.84279829289694,41.5743922812314,433.049199999994 1.84282159429709,41.5743904371949,432.833400000003 1.84284489569723,41.5743904371949,432.968399999998 1.84287054439522,41.5743904371949,433.058000000005 1.84289619309322,41.5743904371949,433.009099999996 1.84292184179121,41.5743904371949,432.903300000005 1.84294514319135,41.5743904371949,432.769799999995 1.84296844548983,41.5743904371949,432.599499999997 1.84299174689001,41.5743941252678,432.685800000007 1.84301504829015,41.5743958012979,432.362500000003 1.84303851767525,41.5744013334068,432.083199999994 1.84306181997373,41.5744102182468,431.849700000006 1.84308277407605,41.5744209471212,431.693400000004 1.84310372907668,41.574431843328,431.544899999994 1.84312485116397,41.5744407281637,431.395499999999 1.84314815346244,41.5744425721988,431.435500000007 1.84317145486259,41.5744390521348,431.184899999993 1.84319475626273,41.574431843328,430.723299999998 1.8432180585612,41.5744264792279,430.431400000001 1.8432415279463,41.5744192704197,430.047900000005 1.84326482934648,41.5744139063185,430.151400000002 1.84328813074663,41.574406697509,430.134300000005 1.8433114330451,41.5744013334068,430.018400000001 1.8433349024302,41.5743958012979,429.774300000005 1.84335803584542,41.5743922812314,429.696299999996 1.84338133814386,41.5743904371949,429.591400000005 1.843404807529,41.5743904371949,429.5861 1.84343045532866,41.5743904371949,429.627200000003 1.84345610402665,41.5743904371949,429.699399999998 1.84347940632513,41.5743904371949,429.764899999995 1.84349801402794,41.5744030101088,430.218399999998 1.84351209512001,41.574417426384,430.551800000001 1.84352835642327,41.574431843328,430.887300000002 1.84354713211103,41.5744444162338,433.116099999999 1.84357043351118,41.5744516250392,435.901599999997 1.84359842950702,41.5744516250392,437.169500000004 1.84362407730668,41.5744460929347,435.743600000002 1.84364972600468,41.5744425721988,435.060299999997 1.84367302830315,41.5744407281637,434.776299999998 1.84370169444219,41.5744375434398,434.053700000004 1.84372968953971,41.5744303346329,432.483099999998 1.84375064454033,41.5744249705327,431.829500000007 1.8437553382377,41.5744249705327,431.842699999994 1.84376925224314,41.5744105535871,430.921100000007 1.84378802793088,41.5743979806747,430.417199999996 1.8438089829315,41.5743854077598,430.3704 1.84382759063431,41.5743728348425,430.5867 1.84384401902423,41.5743565738479,430.829599999997 1.84385793302967,41.5743404808556,430.989600000001 1.84387436141959,41.5743260638912,430.993100000007 1.84389062182455,41.5743099708913,430.549100000004 1.84390688312781,41.5742937098808,430.044500000004 1.84392331151773,41.5742794602405,429.901800000007 1.84393957282098,41.5742650439345,429.870299999995 1.8439560012109,41.5742487829128,429.767399999997 1.84397226161586,41.5742345332625,429.742899999997 1.84398869090411,41.5742201169465,429.717399999994 1.84400495130907,41.5742056999553,429.685899999997 1.84402137969899,41.5741912829608,429.660300000003 1.84403998740177,41.5741787100057,429.788799999995 1.84405641669002,41.5741644610121,429.770300000004 1.84407033069543,41.5741554081314,429.742899999997 1.8440936320956,41.5741465232564,429.790999999997 1.84411240778334,41.5741356270015,429.477499999994 1.84413319479901,41.5741248980797,429.181100000002 1.84415431688629,41.5741158458655,429.001000000004 1.84417527188692,41.574106960985,428.828500000003 1.8441985732871,41.5740997528132,428.811400000006 1.84421952828772,41.5740906999235,428.627900000007 1.84424299767282,41.5740834917499,428.614100000006 1.84426395267345,41.5740727628194,428.321100000001 1.84428490677578,41.5740620338871,428.028000000006 1.8443058617764,41.5740529816642,428.0867 1.84432698386369,41.574044096775,428.280899999998 1.84434793886431,41.5740332005029,428.346300000005 1.84436889386494,41.574024315611,428.528300000005 1.84439219526512,41.5740134186635,428.672200000001 1.84441331735237,41.5740026903934,428.650800000003 1.84443661965084,41.5739954815379,428.633700000006 1.84445992105102,41.5739865966409,428.622700000007 1.84448322245116,41.5739793884556,428.971699999995 1.84450417745179,41.573970336221,429.1155 1.84452764683693,41.5739649714106,429.413199999995 1.84454860183755,41.5739559191741,429.229699999996 1.8445719032377,41.5739488783207,429.223599999998 1.84459067892546,41.5739379820325,428.877099999998 1.84461146594113,41.5739290971275,428.701400000005 1.84464449070592,41.5739220562713,428.8848 1.84469109440454,41.5739041191203,428.6204 1.84473551789197,41.5738878580077,428.487200000003 1.84476116658997,41.5738789730959,428.579500000007 1.84480307659122,41.5738752849935,429.198000000004 1.84484515367913,41.5738752849935,429.518899999995 1.84488018977186,41.5738789730959,429.703699999998 1.84492226685977,41.5738824938624,429.240699999995 1.84497356425575,41.5738824938624,428.527300000002 1.84500390665108,41.5738950662032,428.960099999997 1.8450270409646,41.5738950662032,428.639299999995 1.8450505103497,41.5738987543044,428.564299999998 1.84507146445203,41.5739076392135,428.876999999993 1.84509241945265,41.5739166914569,429.201000000001 1.84511572085283,41.5739239003211,429.452399999995 1.84513902315131,41.573929264463,429.868100000007 1.84516249253641,41.5739327852268,430.110000000001 1.84518579393655,41.5739383173753,430.341499999995 1.84520909533673,41.5739418374666,430.101999999999 1.84523005033736,41.5739508897052,430.457200000004 1.84526978102575,41.5739616186559,430.791800000006 1.84530699643134,41.5739579305583,430.025399999999 1.84536784920698,41.5739597746071,429.3802 1.84540741101209,41.5739579305583,429.368600000002 1.84545887639303,41.5739562545167,429.401800000007 1.84550078549598,41.5739346292764,428.499800000005 1.84556130320004,41.5739076392135,428.665699999998 1.84559868659059,41.5738824938624,427.900299999994 1.84566892676097,41.5738600299033,427.800799999997 1.84572692918226,41.573845948175,427.805500000002 1.84577638323527,41.5738607005897,428.598700000002 1.84582767973292,41.5738749496504,428.221300000005 1.84588367082628,41.5738984189614,427.987200000003 1.84592323352971,41.5739235649783,428.244399999996 1.84598693665978,41.5739589365863,428.451000000001 1.84603203118871,41.5739939728326,428.744300000006 1.84607494640478,41.5740241476038,427.857099999994 1.84611199382541,41.5740549930454,427.205900000001 1.84612792005708,41.5741009261741,428.238800000006 1.84614703081643,41.5741450145546,429.4283 1.84617988759627,41.5741839067916,429.145600000003 1.84620402712457,41.5742378860031,430.770900000003 1.84623504056146,41.5742809689391,430.728799999997 1.84624794845376,41.5743309253245,432.094100000002 1.84628499677272,41.5743699847838,431.607499999998 1.84632238016326,41.5744068655152,431.597699999998 1.84637501874398,41.5744350287242,430.595100000006 1.84644609704252,41.5744606772063,429.5141 1.84649286782777,41.5744913551054,429.631699999998 1.84653712422857,41.5744985632335,428.750599999999 1.84658154861433,41.5745272297483,430.003500000006 1.84663033072751,41.5745470107582,431.270699999994 1.84667240871372,41.5745649484027,431.036800000002 1.84673309350444,41.5745865734321,432.420899999997 1.84678439090042,41.5745991463078,430.490099999995 1.84681942699312,41.5746206039921,431.219899999996 1.84685194870137,41.5746315001652,430.376499999998 1.84688933209192,41.574647593757,430.314899999998 1.84693140917983,41.5746673747301,430.126799999998 1.84697097188323,41.574683468313,430.440600000002 1.84701070167333,41.5746906764197,430.7552 1.84705998774138,41.574695705831,430.7693 1.84711581084977,41.5747123020791,431.160900000003 1.84716224656344,41.5747176661554,430.938899999994 1.84722561372356,41.5747171634833,431.048699999999 1.84728864581213,41.5747190075104,431.0821 1.84735402430018,41.5747208515375,430.768200000006 1.84741923570158,41.5747153194561,430.506299999994 1.84746114570286,41.5747136434342,430.561100000006 1.84750087549292,41.5747117994069,431.215100000001 1.84753121788828,41.5747171634833,431.948499999999 1.84757547428905,41.5747278923067,432.277600000001 1.84761520497745,41.5747441532078,431.499599999996 1.84764470924465,41.5747687962237,431.152000000002 1.84766231083431,41.5747929358867,431.177899999995 1.84768678633256,41.5748145615117,430.719100000002 1.84770774133319,41.5748388684907,429.989400000006 1.84772534292288,41.5748656908314,429.932400000005 1.84774277742591,41.574889998463,429.957599999994 1.8477498184211,41.5749169881154,430.025299999994 1.84775669143132,41.5749439777565,430.160399999993 1.84776373242654,41.5749708000536,430.511100000003 1.84777429302102,41.5749977896722,430.249899999995 1.84778468652884,41.5750247792795,429.937099999996 1.84779172752405,41.5750517688755,430.286500000002 1.84780228901683,41.5750785911278,430.416599999997 1.84781268252468,41.5751055807014,430.607000000004 1.84781972351986,41.5751325709357,430.482000000004 1.84783380461196,41.5751595604867,429.971399999995 1.84784771861737,41.5751863826942,429.984599999996 1.84786180060777,41.5752133722227,429.993900000001 1.84787588169987,41.57524036174,430.003299999997 1.84789331620291,41.5752673519179,429.611799999999 1.84790739819327,41.5752941734087,429.654899999994 1.84792131219872,41.5753211635642,429.862200000003 1.8479318727932,41.5753481530364,430.386899999998 1.84794226630105,41.5753751431693,430.983999999997 1.84795986878904,41.5753992826057,430.758100000006 1.84797378279448,41.5754262727172,430.543999999994 1.84798065580471,41.5754532621455,430.370599999995 1.8479841763023,41.5754829342409,430.818599999999 1.8479841763023,41.5755099236454,431.775699999998 1.8479841763023,41.5755394283835,431.927599999995 1.84797026229689,41.5755664177645,434.384600000005 1.84796338928663,41.5755934078062,434.985799999995 1.84795986878904,41.5756203971647,433.736499999999 1.84795265980886,41.5756472191809,432.337799999994 1.84794578679864,41.5756742091888,431.981100000005 1.84794226630105,41.5757011991855,431.667799999996 1.84793874580345,41.5757281884989,432.0092 1.84793874580345,41.5757578604679,432.194900000002 1.84794226630105,41.575784682427,431.858500000002 1.84794930729623,41.5758116723776,430.434899999993 1.84795634829145,41.5758386623168,428.995899999994 1.84796338928663,41.5758656515727,427.321599999996 1.84797026229689,41.575892474159,426.899699999994 1.84798065580471,41.5759194633926,426.881399999998 1.84799138438414,41.5759464532867,427.115300000005 1.84801217139981,41.5759679111955,427.232300000003 1.8480297738878,41.5759922184123,427.777199999997 1.84805072888846,41.5760165262921,428.908100000001 1.84805424848772,41.5760435161456,430.941500000001 1.84801938037998,41.5760379835055,432.9948 1.84799473689678,41.5760165262921,432.412299999996 1.84795450405017,41.5760081443351,437.727400000003 1.84794042295807,41.5760099883254,441.540200000003 1.8479498103528,41.5760260815738,441.020000000004 1.84796841805558,41.5760386541693,438.917799999996 1.84798719374335,41.5760495507751,437.969700000001 1.84800814874397,41.5760602793773,437.164900000003 1.84802675644678,41.5760710086497,436.620999999999 1.8480431848367,41.5760854252245,436.975200000001 1.84806179253948,41.5760979984804,437.469599999997 1.8480782209294,41.576110571062,438.124800000005 1.84810621692524,41.5761285082722,438.952600000004 1.84813186562323,41.5761501334501,438.380099999995 1.84812482462802,41.5761680706494,440.664799999999 1.84813186562323,41.576189696486,441.912700000001 1.84815751432122,41.5762076336743,441.593399999998 1.84817394271114,41.5762309354803,442.172300000006 1.84817628911066,41.5762579252443,443.888999999996 1.84817628911066,41.5762902789428,444.933199999999 1.84815986072074,41.5763207893157,445.477499999994 1.84815281972553,41.5763424144292,445.534199999995 1.84814812602819,41.5763801333677,445.728000000003 1.8481459467153,41.576398070503,445.904299999995 1.84814125301793,41.5764160076334,446.052200000006 1.84813890572012,41.5764339447589,446.111999999994 1.84813890572012,41.5764537265289,446.109100000001 1.84813890572012,41.5764735076209,446.232699999993 1.84813890572012,41.5764914447303,446.344899999996 1.8481459467153,41.5765345275072,446.388500000001 1.84815281972553,41.5765759342818,447.082699999999 1.84816220801859,41.5766297461818,448.019 1.84818081572137,41.5766621003661,447.945399999997 1.84819255041392,41.5767123915822,448.675000000003 1.84818198892114,41.5767388784886,449.148400000005 1.84815164652578,41.5767769325236,449.402400000006 1.84809498528923,41.5768009047801,451.369000000006 1.84804670533429,41.5768361088286,452.833199999994 1.8480210566363,41.5768703068752,452.917600000001 1.84798836694312,41.5769061815407,453.557400000005 1.84795802454776,41.5769422235139,455.611499999999 1.84793472314759,41.5769853066621,455.3894 1.84790907444963,41.5770067642256,456.273000000001 1.84788342575163,41.5770444827761,456.275200000004 1.84785542975579,41.5770768367526,457.943599999999 1.8478483896589,41.5771003062441,458.048699999999 1.84783665496635,41.5771289722761,458.448300000004 1.84783196037069,41.5771594822529,458.337 1.84785291537132,41.5772558746537,458.311000000002 1.84786397992066,41.5773009688727,458.924899999998 1.84786431499225,41.5773430458062,461.433000000005 1.8478666622901,41.5773609833462,462.511100000003 1.84786900868962,41.5773789208811,462.811700000006 1.84787370238698,41.5773968577391,462.827000000005 1.84787839608435,41.5774147952641,463.044599999994 1.84788526999291,41.5774345767338,463.306899999996 1.84789231008979,41.5774525135763,463.384600000005 1.84789700468546,41.577470618412,463.448999999993 1.84790169838283,41.5774885559166,463.462700000004 1.84790404478234,41.5775083373637,464.406199999998 1.84790639208016,41.5775262748577,465.441600000006 1.84790873937801,41.5775442116747,466.379000000001 1.84790639208016,41.5775658370506,467.457200000004 1.84790404478234,41.5775926589309,467.716100000005 1.84788526999291,41.5775998673849,467.617499999993 1.84786196769443,41.5776035559466,467.700500000006 1.84783397259692,41.5775891390386,468.811700000006 1.8478150289242,41.57757991864,469.622799999997 1.84775803261606,41.577605902541,468.523799999995 1.84769500052752,41.5776189781505,468.897599999997 1.84764789377233,41.5776530091288,468.872700000007 1.84764051770553,41.5776773163835,469.047900000005 1.84764051770553,41.5777167111583,468.9375 1.84765443171097,41.5777544299662,470.080600000001 1.84767773400944,41.5777939926914,471.768599999996 1.84770338270744,41.577803045062,470.407200000001 1.84771746379951,41.5778191385356,470.429300000003 1.84773137780495,41.5778335553923,470.4427 1.84773607150232,41.577851492124,471.213300000003 1.84774076609798,41.5778694295227,471.551600000006 1.8477431124975,41.5778875342416,471.772800000006 1.84775015349268,41.5779054716303,471.606499999994 1.84776406749812,41.5779520753527,470.908500000005 1.84778518958541,41.5779844295465,471.138200000001 1.84781553198077,41.5780114192498,470.574299999993 1.84784118067876,41.5780437734138,470.403200000001 1.84785509468417,41.5780724390271,470.611600000004 1.84784755153075,41.5781039551936,471.594100000002 1.84783581683819,41.5781381532409,472.640299999999 1.84782894292964,41.5781812362633,473.031400000007 1.84783112224253,41.578235216166,473.023000000001 1.84783346954035,41.5782819869746,473.373200000002 1.84783816323771,41.5783267465011,474.009300000005 1.84783346954035,41.5783842461315,474.175199999998 1.84780312714499,41.5784238084708,475.723100000003 1.84777060543677,41.5784615275377,476.769100000005 1.84774026304141,41.5784992459106,477.074999999997 1.84770304673752,41.5785406527695,477.724000000002 1.84766298187584,41.5785839028468,478.847399999999 1.84763800332105,41.5786279921991,479.890599999999 1.84759994978731,41.5786464320237,481.071200000006 1.84757430108931,41.5786680577026,481.230100000001 1.84756960739194,41.5786878387884,481.418099999995 1.84755334608869,41.5787020881281,482.113100000002 1.84753004468851,41.5787039320414,482.695000000007 1.84750674328836,41.5787039320414,483.445500000002 1.84748327390326,41.5787057759548,484.411500000002 1.8474623189026,41.5787183487006,485.066999999995 1.8474529315079,41.5787362858586,485.518100000001 1.84745075219501,41.5787542236836,486.009900000005 1.8474623189026,41.5787721608316,486.004799999995 1.84746701259997,41.5787847335645,486.220100000006 1.8474571221487,41.5788040119742,486.868400000007 1.84741890062999,41.5788449153258,487.9228 1.84740498662455,41.5788953748527,488.908599999995 1.8473999578556,41.5789409719102,490.374500000005 1.84742091195793,41.5789869049242,491.388500000001 1.84742996428105,41.5790599951646,493.167300000001 1.84746298904581,41.57910291025,493.498099999997 1.84746567141527,41.5791324146907,494.798299999995 1.84747975340564,41.5791701333437,495.275099999999 1.84749132011327,41.5791936027466,495.480200000005 1.84748209980519,41.5792204246228,496.441999999995 1.84748209980519,41.5792385296349,496.8894 1.84749366741108,41.5792546227508,496.912100000001 1.84751931610907,41.5792546227508,496.683099999995 1.84754261750925,41.5792546227508,496.629199999996 1.84756608689435,41.5792546227508,496.737200000003 1.8475893882945,41.5792511022771,497.017600000006 1.84761269059297,41.5792564673204,497.681700000001 1.84763381268026,41.5792618316913,498.312900000004 1.84764705564417,41.5792799360199,499.529200000004 1.84762995711105,41.5793260367862,501.513300000006 1.84758402445393,41.5793550384888,502.460900000005 1.84755452018676,41.5793677784296,502.718800000002 1.84751713679622,41.5793803517185,502.812099999996 1.84750322279077,41.5793892365456,503.146699999998 1.84747522679493,41.5793946009055,503.022400000002 1.84745410470764,41.5794071735172,503.331399999995 1.84746349210238,41.5794251111559,504.594700000001 1.84750322279077,41.5794323194053,505.346699999995 1.84755217288891,41.5794306428339,506.078999999998 1.8476034702849,41.5794269550486,506.871700000003 1.84762442528552,41.5794269550486,507.260599999994 1.8476477266857,41.5794251111559,507.613400000002 1.8476711960708,41.5794180702267,507.744900000005 1.84769449747095,41.5794108619756,507.893200000006 1.84771779887112,41.5794054969451,508.206600000005 1.84774110116956,41.579399965265,508.432700000005 1.8477645705547,41.579392924333,508.700299999997 1.84778317825747,41.5793820276193,508.850099999996 1.84780413325813,41.5793731427913,509.215899999996 1.84782525534539,41.5793640906407,509.273100000006 1.84784369506324,41.5793533619154,509.152000000002 1.84786247075097,41.579342465195,509.029899999994 1.84788359373659,41.5793335803615,509.357099999994 1.84790438075226,41.5793245282054,509.710000000006 1.84792550283951,41.5793156433694,510.001300000004 1.84794880423969,41.5793084351069,509.724799999996 1.84797210653816,41.5793065905388,509.686600000001 1.84797445293768,41.5793245282054,510.487899999993 1.84796271824513,41.5793407886212,511.247600000002 1.84794411054232,41.5793533619154,511.820000000007 1.8479115888341,41.579371298897,511.925000000003 1.84788124643874,41.5793820276193,511.305600000007 1.84785090404338,41.5794090174105,512.031700000007 1.84781586795069,41.5794376837617,512.437699999995 1.84778787195484,41.579462996959,513.2111 1.8477504885643,41.5794916632862,513.640199999994 1.84771310517375,41.5795221734907,514.906499999997 1.84768041637888,41.5795330695089,514.913400000005 1.84766415507562,41.5795551981972,515.891600000003 1.84769097697335,41.5795598919161,516.3603 1.84775803261606,41.5795540242635,517.832500000004 1.84780882695547,41.5795426249423,518.569300000003 1.84784621034601,41.5795246880083,518.627900000007 1.84788828743392,41.5795174797691,519.023300000001 1.84792332352665,41.5795121147475,519.451000000001 1.84793019653688,41.5795013860467,519.106499999994 1.84793958482991,41.5794995421561,519.197899999999 1.84796288623009,41.5795032299373,519.405499999993 1.84798400831734,41.5795139593097,519.921799999996 1.84800010163567,41.5795283757881,520.518500000006 1.84800965701533,41.579546313393,520.785600000003 1.84802122372293,41.5795677707777,521.157699999996 1.84804921971877,41.5796019687218,521.699999999997 1.84806782742158,41.579634323433,523.077399999995 1.84808408872484,41.5796594685607,523.626000000004 1.8481238185149,41.5796971875779,523.732900000003 1.84815416091026,41.5797313854534,523.898300000001 1.84817746320873,41.5797528434486,524.122399999993 1.84818919790128,41.5797672598736,524.620999999999 1.84819841731106,41.5797851974122,525.358500000002 1.8482031110084,41.5798049788278,526.049400000004 1.8482031110084,41.5798068227097,526.137400000007 1.84820545830625,41.5798247602373,526.848100000003 1.84819389159865,41.5798318011221,527.878899999996 1.84816354920329,41.5798157074781,528.405599999998 1.84814711991508,41.5797977706199,527.932000000001 1.84813085951012,41.5797833535297,527.846000000005 1.8481144311202,41.5797691044286,528.286600000007 1.84809816981691,41.5797528434486,528.489700000006 1.84807956211413,41.5797402702322,528.911800000002 1.84806078642636,41.5797295415694,529.309699999998 1.84803983232407,41.5797204894687,529.816500000001 1.84801653002559,41.5797151244639,530.636100000003 1.84799322862541,41.5797134485718,531.127500000002 1.84796992722527,41.5797116040153,531.538799999995 1.8479466249268,41.5797097601307,531.798200000005 1.84789985414152,41.5797241772373,532.159199999995 1.84786498513545,41.579734905901,532.3946 1.84783682205298,41.5797511668855,533.185400000002 1.84779725934958,41.5797691044286,533.542600000001 1.84776926425207,41.5797888851771,534.599199999997 1.84776691695422,41.5798086665916,535.607199999999 1.84778787195484,41.5798227483638,536.342499999999 1.84782525534539,41.5798227483638,536.835099999997 1.84784855674556,41.5798192279211,536.971799999999 1.847871859044,41.5798192279211,537.426000000007 1.84789532753081,41.5798192279211,537.883600000001 1.8479209762288,41.5798210718025,538.171400000007 1.84794427852728,41.5798227483638,538.348800000007 1.84796757992742,41.5798227483638,538.522400000002 1.84799322862541,41.5798227483638,539.022400000002 1.84800965701533,41.5798336450032,539.917700000005 1.8479908813276,41.5798497379708,540.346999999994 1.84796757992742,41.5798569468449,540.684999999998 1.8479466249268,41.5798676754865,541.116200000004 1.84792332352665,41.5798748836866,541.123399999997 1.84789985414152,41.5798820925579,541.178400000004 1.84787655274137,41.5798893007563,541.593200000003 1.8478532504429,41.5798965089541,542.007899999997 1.8478322963406,41.5799053937101,542.540999999997 1.84780882695547,41.5799144464567,543.078099999999 1.84778317825748,41.5799216546516,543.486300000004 1.84774579486693,41.5799342278328,544.291800000006 1.84771092586086,41.5799395921474,544.905599999998 1.8476805834655,41.5799395921474,545.240600000005 1.84764789377233,41.5799323839545,545.241399999999 1.84761051128008,41.5799323839545,545.794699999999 1.84759659727467,41.5799449564616,546.149699999994 1.84761989867481,41.5799665817055,547.304799999998 1.84765024107018,41.5799719460175,547.529800000004 1.84767588976817,41.5799808307631,548.334600000002 1.84771561955823,41.5799845191888,548.952900000004 1.84776222325685,41.5799863630655,548.996700000003 1.84781352065284,41.5799898834992,548.789099999995 1.84786716444834,41.5800043005433,549.2304 1.84793002945025,41.580017041028,550.017800000001 1.84796757992742,41.5800381629451,550.931200000006 1.84799557592326,41.5800616327045,551.585099999997 1.84801418362607,41.5801011953602,551.993499999997 1.84803983232407,41.5801317052767,552.617899999997 1.8480445260214,41.5801585274354,553.066600000006 1.84805844002684,41.5801819964789,552.628899999996 1.84806078642636,41.5802089866078,553.112800000003 1.84805844002684,41.5802178713208,553.408500000005 1.84807252111891,41.5802341321837,553.339500000002 1.84807721481628,41.5802520695926,553.467300000004 1.84807721481628,41.5802700069966,553.770199999999 1.84807017471939,41.5802879437236,554.287599999996 1.84805391341614,41.5802860998554,555.099900000001 1.84802357102078,41.5802718508652,556.392699999997 1.84802122372293,41.5802627981686,556.272899999996 1.84801200431318,41.5802430168933,556.211899999995 1.84800965701533,41.580221559061,555.770000000004 1.84798166191782,41.580201777773,556.630900000004 1.84797445293768,41.5801801526078,556.367400000003 1.84795584523487,41.5801640597225,556.597800000003 1.84792567082447,41.5801442784169,556.801800000001 1.84789532753081,41.5801280175314,557.241999999998 1.84786716444834,41.580115444388,557.488599999997 1.8478438630482,41.5801119239613,557.725200000001 1.84782056164802,41.5801047157876,557.487599999993 1.84779725934958,41.5801011953602,557.638900000005 1.84777378996444,41.5800939865134,557.707899999994 1.8477504885643,41.5800921426397,558.102700000003 1.84772953356367,41.5800830905899,557.696800000005 1.8477062321635,41.5800814140354,558.0196 1.84768762446072,41.5800939865134,559.048299999995 1.8476711960708,41.5801082362148,559.377099999998 1.84765962846488,41.5801244971053,559.844500000007 1.84764554737281,41.5801389134474,560.2598 1.84762928606952,41.5801531631389,560.585500000001 1.84761520497745,41.5801675801465,561.0674 1.847601290972,41.5801838410221,561.511299999998 1.84759190267897,41.580201777773,562.111600000004 1.84761520497745,41.5802089866078,562.962700000004 1.84763850637762,41.5802071427374,563.411200000002 1.84766180777777,41.5801999339024,563.8655 1.84768527716287,41.5801945696094,564.467499999999 1.84771092586086,41.5801964134802,565.399799999999 1.84772718716415,41.580210663159,566.694799999997 1.84770857946134,41.580221559061,566.719100000002 1.84768762446072,41.580232288314,566.817999999999 1.84766415507562,41.5802411730238,566.879700000005 1.84764085367544,41.5802467053039,566.801999999996 1.84761755137697,41.5802502257234,566.623399999997 1.84759424997682,41.5802574338809,566.558199999999 1.84757094857668,41.5802627981686,566.427100000001 1.8475476462782,41.5802646420374,566.554900000003 1.84752417689307,41.5802700069966,566.921700000006 1.84748461508796,41.5802664865782,567.6299 1.84745192539479,41.5802664865782,568.636700000003 1.84741236269135,41.5802483811822,568.405599999998 1.84738671399336,41.5802341321837,567.913100000005 1.84735855091089,41.5802178713208,567.678599999999 1.84732820851553,41.5801999339024,568.321599999996 1.8472978661202,41.5801747883132,569.504499999995 1.84726400322725,41.5801580248055,571.396500000003 1.84722712289325,41.5801189648147,571.829700000002 1.84719476827165,41.580095831059,572.678700000004 1.8471528591687,41.5800597888298,573.097399999999 1.84711782217767,41.5800383309366,573.261499999993 1.84708965909521,41.5800220700244,573.384999999995 1.84706166399769,41.580007820976,573.364300000001 1.84703836259755,41.5799952478092,573.277799999996 1.84700567290434,41.5799987682424,573.782500000001 1.84698941160108,41.5800257577758,574.792199999996 1.84696845749875,41.5800400074923,575.385999999999 1.84694498811365,41.5800581122747,575.903999999995 1.84692168581518,41.5800849344638,576.629700000005 1.84689838441503,41.5800939865134,576.588099999994 1.84687525010152,41.5801062243502,576.6872 1.84686368339392,41.5801224852412,577.174700000003 1.84684960140352,41.5801332138386,577.376600000003 1.84684256130664,41.5801511512757,577.909799999994 1.84683568739808,41.5801690887076,578.027700000006 1.84683334099856,41.5801870261346,578.300799999997 1.84683099370071,41.5802051308758,578.5772 1.84682630000338,41.5802230682927,578.769799999995 1.84681456531079,41.5802391611633,578.684599999993 1.84680534500272,41.5802570985708,578.721999999994 1.84679830490583,41.5802752032924,578.837499999994 1.8467889166128,41.5802949845579,579.350200000001 1.84677734990521,41.5803110780824,579.880399999995 1.84676561521266,41.580327171603,580.260299999994 1.84675153322226,41.5803415878998,580.553799999994 1.84673761921682,41.5803578487315,580.997799999997 1.84672588452426,41.5803739422405,581.474900000001 1.84670727682149,41.5803937234757,581.792499999996 1.84669788942675,41.5804062965649,581.892500000002 1.84669554212894,41.5804223893898,582.204800000007 1.84671901151404,41.5804170251153,582.823999999993 1.84673761921682,41.5804044527001,582.933399999994 1.84675857421747,41.5803955673408,583.015199999994 1.84678187561762,41.5803918796106,583.2883 1.84680534500272,41.5803865153335,583.492199999993 1.84682630000338,41.5803776306437,583.497499999998 1.846847255004,41.5803685779619,583.585699999996 1.84686603069174,41.5803541609992,583.716799999995 1.84688463839455,41.5803415878998,584.107099999994 1.84690106678447,41.580327171603,584.386299999998 1.84692202178509,41.5803145984984,584.857199999999 1.84693828219005,41.5803003495145,585.133900000001 1.84695471057997,41.5802859325365,585.413199999995 1.84697331828275,41.5802733594238,585.684599999993 1.84699427328341,41.5802626308496,585.649099999995 1.84701757468355,41.5802554220208,585.770199999999 1.84703852968418,41.5802463699939,585.768200000006 1.8470594846848,41.5802374846128,585.773400000005 1.84708295406994,41.5802337968736,586.049700000003 1.84708982708016,41.5802517342826,586.951700000005 1.84707826037257,41.5802679951369,587.439199999993 1.84705026437673,41.5802877764047,587.500199999995 1.84704322338154,41.5803129219499,587.903300000005 1.84703618328466,41.5803415878998,588.801500000001 1.8470293093761,41.580361369145,589.371400000004 1.84701288098618,41.5803793065186,589.520699999994 1.84701288098618,41.5804116608403,590.877200000003 1.84701288098618,41.580440494737,591.455199999997 1.84701053458666,41.5804691606302,592.029299999995 1.84698505297533,41.5804889418363,591.455799999996 1.8469801921913,41.5805068791745,591.717600000004 1.8469662781859,41.580526660369,592.056700000001 1.8469500168826,41.5805445976967,592.235799999995 1.84692671548246,41.5805680672719,592.767900000006 1.8468963730871,41.5805751080757,593.023700000005 1.84686368339392,41.5805860045882,593.517900000006 1.84682864730119,41.5805985776399,593.965299999996 1.8468029986032,41.5806359608005,595.218999999997 1.84675991540217,41.5806730086316,596.073799999998 1.84671850845746,41.5806934603907,596.926699999996 1.84670459445206,41.5807113976721,597.581699999995 1.84668816606214,41.5807239706994,597.529999999999 1.84668347236477,41.5807383875796,597.969100000002 1.84667190565718,41.5807544809937,598.236300000004 1.84666017096463,41.5807705737318,598.497499999998 1.84664625695918,41.5807849906016,598.6198 1.84663686866615,41.5808029278575,599.032999999996 1.84662748127141,41.580821033098,599.461299999995 1.84661826096334,41.5808389703439,599.813599999994 1.84661121996816,41.5808569075849,599.985400000005 1.8466251339736,41.5808713244354,600.990099999995 1.84664390966133,41.5808587514367,601.469200000007 1.84666251736414,41.5808443345834,601.6728 1.84668112506692,41.5808317615795,601.801300000006 1.84669990075469,41.580821033098,602.013000000006 1.84671381476013,41.5808066162363,601.898799999995 1.8467278967505,41.5807903555175,601.743199999997 1.84674885085282,41.5807796263572,602.001699999993 1.8467721531513,41.5807742621124,602.597899999993 1.84678623424337,41.5807796263572,603.298800000004 1.846781540546,41.580795719761,604.133000000002 1.84676293284322,41.5808138243315,604.467000000004 1.84675119815067,41.5808280738741,604.675799999997 1.84673711616027,41.5808478549703,604.880000000005 1.84671850845746,41.5808622718228,604.397700000001 1.84670912106276,41.5808802090573,604.795800000007 1.84670912106276,41.5809071988943,605.781099999993 1.84671146836061,41.5809358652524,606.9182 1.84670912106276,41.5809521259345,607.331399999995 1.84671146836061,41.580977271893,608.321100000001 1.84669990075469,41.5809988967913,608.082800000004 1.84668816606214,41.5810221988844,608.022100000002 1.84667190565718,41.5810545528841,608.642900000006 1.84665782366678,41.5810832191768,608.583100000003 1.84663686866615,41.5811137293013,607.985000000001 1.84662982856926,41.5811407190407,608.850699999995 1.84662278757405,41.5811767613386,610.195900000006 1.84661323219439,41.5812045889783,610.8318 1.84660619119917,41.5812243699591,611.270900000003 1.84661088489654,41.5812441516058,612.182000000001 1.84661323219439,41.5812674529385,612.583599999998 1.84662245250246,41.5812998074873,613.3652 1.84662949259935,41.5813249533103,613.728499999997 1.84662949259935,41.5813537867992,614.186300000001 1.84663653359453,41.5813824529591,615.074399999998 1.84664575390261,41.58140759875,616.088499999998 1.84665983499471,41.5814506816071,616.850399999996 1.84666167923599,41.5814558784799,616.896099999998 1.84667341392854,41.5814719717152,617.607199999999 1.84668263423661,41.5814899087803,618.4084 1.84668498153446,41.5815078465124,618.859299999996 1.84668732793398,41.5815259508832,619.313099999999 1.84668732793398,41.5815455644499,619.675300000003 1.84668028693876,41.5815636694821,619.919200000004 1.84666872023117,41.5815797626905,619.973400000003 1.84665698553862,41.5815960238824,620.025599999994 1.84664307153317,41.5816121170828,620.640599999999 1.84663133684062,41.5816282102791,621.246100000004 1.84661507643566,41.5816426269575,621.460699999996 1.8465963007479,41.5816551998035,621.879700000005 1.84657769304512,41.5816660968057,622.620800000004 1.84655673804449,41.5816749813182,623.0389 1.84653326865936,41.5816821899886,623.117499999993 1.84650996725922,41.5816912424861,623.257199999993 1.84649135955641,41.5817038153227,623.570699999997 1.84647727756604,41.5817199084962,623.681200000006 1.84646571085841,41.5817361689809,623.762900000002 1.84644727024226,41.5817539386574,623.745599999995 1.84643302116524,41.581773887457,624.287899999996 1.84641927514475,41.5817916571232,624.746700000003 1.84641223414957,41.5818114385961,625.7696 1.84639127914894,41.5818419490486,627.121799999994 1.84637703007188,41.5818618978209,627.885899999994 1.84635842236911,41.581877990955,628.530199999994 1.84633964668134,41.5818851996027,628.650899999993 1.8463257326759,41.5818996162236,629.322400000005 1.84630477767527,41.5819193976635,629.960399999996 1.84628382357297,41.5819354907832,630.174899999998 1.84625582757713,41.5819517518855,630.368900000001 1.84623939918721,41.5819696888174,631.2215 1.84621844418659,41.5819804177799,631.422000000006 1.8461927954886,41.5819983553758,632.360799999995 1.84618340809386,41.5820127719715,633.332800000004 1.84620201579667,41.5820307095583,633.783100000001 1.84624107544353,41.5820260153471,633.866800000003 1.84627644750617,41.5820144484759,633.967600000004 1.84630444260369,41.582000199195,633.871899999998 1.84632774400383,41.5819983553758,634.306299999997 1.84635573999967,41.5819929905602,635.535199999998 1.84637451568741,41.5819946670651,636.668799999999 1.84635339270182,41.5820199806041,637.046700000006 1.84633243859949,41.5820379175169,636.695399999997 1.8463067899015,41.5820558550968,636.842799999999 1.84629270791114,41.5820630637246,636.7399 1.84627879390569,41.5820791568085,637.569099999993 1.84626236551577,41.5820935733862,638.478199999998 1.84624375781296,41.5821061461445,639.183999999994 1.84622045641282,41.5821133547666,639.246700000003 1.84619715411435,41.5821079906326,639.274900000004 1.84617837932491,41.5820954178747,638.979000000007 1.84615742432428,41.5820863654338,638.993100000007 1.84613646932366,41.5820773129916,639.258799999996 1.84611316792348,41.582066584045,639.661600000007 1.84609673953356,41.5820647395557,640.383199999997 1.84607109083557,41.5820521667894,641.027799999996 1.84604778853713,41.5820486464682,641.9804 1.8460268344348,41.5820395940207,642.494999999995 1.84600353213632,41.5820342298805,642.623200000002 1.84598006275122,41.5820307095583,642.774000000005 1.845956929336,41.5820288650679,643.388900000005 1.84593362703753,41.5820342298805,644.792400000006 1.84592658694068,41.5820521667894,646.102199999994 1.84594284734564,41.5820612192352,645.979099999997 1.84597084334145,41.5820719481826,645.695600000006 1.84598961813088,41.582084520945,645.935400000002 1.84601509974225,41.582097093705,645.736499999999 1.8460268344348,41.5821222398896,646.526500000007 1.84603840114239,41.5821403447602,646.884300000005 1.84605482953231,41.5821636464414,647.460600000006 1.84606421782534,41.5821869481143,648.258499999996 1.84608282552815,41.5822104170927,648.699699999997 1.84609673953356,41.5822318749361,648.778900000005 1.84610562387172,41.582263893702,648.998699999996 1.84610797116957,41.5822908836327,648.993100000007 1.84611266486694,41.582317873552,649.388999999996 1.84610797116957,41.5823537478792,649.935200000007 1.84609623647702,41.5823735291799,650.1682 1.8460891954818,41.5823914666666,650.093699999998 1.84607762877421,41.5824077269821,650.032699999996 1.84606589408166,41.5824238206521,649.987200000003 1.84605415938911,41.5824417581248,650.183199999999 1.84604493908103,41.5824596949205,650.409100000004 1.8460355516863,41.5824777996965,650.362699999998 1.84602851069112,41.5824957371541,650.002500000002 1.84602163768089,41.5825136746068,649.629700000005 1.84601459668567,41.5825316120544,649.098700000002 1.84600286199312,41.5825478730067,648.785799999998 1.84599364168505,41.5825658097729,648.321299999996 1.84596564658754,41.5825981643431,649.572400000005 1.84595391189499,41.5826088932012,650.069600000003 1.84593278890937,41.5826268299505,652.103199999998 1.84592826319699,41.5826070487274,652.762900000002 1.84592826319699,41.5825963198689,652.736699999994 1.84593513620722,41.5825783831112,652.120999999999 1.84593982990459,41.5825602776915,652.499800000005 1.84594687089977,41.5825423409237,653.019899999999 1.84595391189499,41.582524403479,653.687000000005 1.84595860559232,41.5825064660293,654.652400000006 1.84597486599728,41.5824920495438,654.1198 1.84597486599728,41.5824741120851,655.014899999995 1.84597721329513,41.5824561746215,655.552899999995 1.84597956059298,41.5824382371528,656.188500000004 1.84598425429031,41.5824201323657,656.234599999996 1.84598660068987,41.582402195559,656.384699999995 1.84599347370009,41.5823842580754,656.077699999994 1.84599347370009,41.5823663205868,655.992199999993 1.8459819069925,41.5823500595889,656.524900000004 1.84596547860258,41.5823358103821,656.922600000005 1.84594921729929,41.5823213938585,657.055300000007 1.84593278890937,41.5823069766598,657.023499999996 1.84591652850444,41.5822908836327,657.266199999998 1.84589792080163,41.5822764664271,657.805500000002 1.84587914511387,41.582263893702,658.400899999993 1.84586288381061,41.5822494771624,658.530899999998 1.8458442761078,41.5822369044321,658.526599999997 1.84580689271725,41.5822028738534,658.425300000003 1.84576950932671,41.5821847690003,659.329700000002 1.84574872231104,41.5821686752708,659.332899999994 1.84572525292594,41.5821651549559,659.847899999993 1.84569491053058,41.5821596228401,660.301600000006 1.84566238882233,41.5821596228401,660.915999999997 1.84562735272963,41.5821561025247,661.162800000006 1.84559466303646,41.5821542587099,661.4908 1.84556197334325,41.5821542587099,661.944000000003 1.84552459085103,41.5821542587099,662.629799999995 1.84548720746045,41.5821470500923,662.748300000007 1.8454452974592,41.582141685961,663.517000000007 1.84541260866432,41.582134477342,663.525899999993 1.84538226537067,41.5821309570253,663.8177 1.84531101998547,41.582131962926,665.603900000002 1.84525100533798,41.5821178809854,666.006800000003 1.84518378260865,41.5821076553322,666.023100000006 1.8451210855917,41.5820979322921,666.232199999999 1.84506945312413,41.582076977691,665.532900000006 1.84502989042069,41.582076977691,666.160199999998 1.84498094032252,41.5820662487444,666.696400000001 1.84496451193264,41.5820662487444,667.213600000003 1.84494355693198,41.5820573636138,667.456300000005 1.8449249492292,41.5820464673496,667.530799999993 1.84490399422858,41.5820375822162,667.773499999996 1.84488052484344,41.5820303742575,668.174100000004 1.8448572234433,41.5820266859487,668.734599999996 1.84483392204315,41.5820266859487,669.468099999998 1.84481279905754,41.5820178014845,669.716199999995 1.84479419135476,41.5820052280371,669.711899999995 1.84477558365195,41.5819926552592,669.707699999999 1.8447544615647,41.5819836028039,670.132199999993 1.84471959255863,41.5819675096961,671.036200000002 1.84468690286542,41.5819494047771,671.955199999997 1.84464951947488,41.5819368319884,672.851699999999 1.84461917707952,41.5819153740469,671.801500000001 1.84458883468419,41.5818991136074,672.038400000005 1.84457492067875,41.5818758118307,671.654200000004 1.84456318598619,41.5818399372379,672.443199999994 1.84454206389891,41.58180590645,674.376300000004 1.84453099934956,41.5817599740972,675.915599999993 1.84451993569851,41.5817120292252,677.026400000002 1.84452295313956,41.5816588881335,677.200200000007 1.844544913355,41.5816139609131,677.455400000006 1.84459704887915,41.5815982030162,677.703599999993 1.84465203475768,41.5815859654622,677.869600000005 1.8446999787427,41.5815559581797,678.842000000004 1.84472529236908,41.581529974524,679.483999999997 1.84473702706166,41.5814922559054,679.863700000002 1.84474859376926,41.5814401205445,680.380300000004 1.84474390007189,41.581400558037,680.895799999998 1.844741720759,41.5813665270176,680.877299999993 1.84474390007189,41.5813341731743,681.2935 1.84475328746659,41.5813018193147,681.768800000005 1.84475798116396,41.5812785173224,682.473100000003 1.84476971585651,41.5812496838,683.030400000003 1.84478128346243,41.5812463307515,682.860700000005 1.84479771185235,41.5812319139847,683.195800000001 1.84480693216043,41.5812139768479,683.951700000005 1.84482336055034,41.5811995600739,684.2111 1.84484666195049,41.5811923513497,683.956399999995 1.84489091835129,41.5811636851054,684.427899999995 1.84489578003362,41.5811437361174,685.350699999995 1.8448793516437,41.5811274754835,686.614400000006 1.84485135564786,41.5811293193277,687.434699999998 1.84482336055034,41.581145580633,687.262799999997 1.8447953645545,41.5811581529039,687.4663 1.84476032846181,41.5811707258443,687.927200000006 1.84473467976381,41.5811760907281,688.510800000004 1.84471137836367,41.5811777665823,689.246199999994 1.84469729637327,41.5811921840331,688.979699999996 1.84468338236783,41.5812066008088,688.808300000004 1.84467164767528,41.5812245379476,688.300399999993 1.84465991298273,41.581240798557,688.298899999994 1.84465303997247,41.5812587356863,688.317999999999 1.84464365257777,41.5812766734826,688.467999999993 1.84463426428473,41.5812946106019,688.240900000004 1.84462269757711,41.5813108711937,688.179900000003 1.84461096288456,41.5813269644651,688.271599999993 1.84459939617696,41.5813430577325,688.910699999993 1.84458296778704,41.5813574751464,689.860199999996 1.84456435918594,41.5813683715269,690.791200000007 1.84454340508361,41.581359318984,692.0285 1.84454575148316,41.5813413818826,692.168699999995 1.84455027809387,41.5813234441043,692.192899999995 1.84455966548857,41.5813053396767,692.262900000002 1.84456435918594,41.5812874018883,692.648199999996 1.84457374747897,41.581269464767,692.636899999998 1.84458296778704,41.5812515276407,692.703999999998 1.84459000788393,41.5812335905093,693.010899999994 1.84459470247959,41.5812156527011,693.442299999995 1.84459939617696,41.5811975482432,693.960699999996 1.84461096288456,41.5811777665823,694.203599999993 1.84462973857232,41.5811544652172,694.176800000001 1.8446483462751,41.5811257989561,694.859500000006 1.84467164767528,41.5811006530554,695.629499999995 1.84469025537805,41.5810790281912,696.343500000003 1.84472059867175,41.581059246494,696.514800000004 1.84476502215917,41.5810377889329,696.421300000002 1.8448000591502,41.5810143195283,696.7592 1.84481162585779,41.5809910181043,696.996100000004 1.8448210132525,41.580971237052,696.757299999997 1.8447953645545,41.5809425707096,697.306599999996 1.84477893616458,41.5809209451205,697.551800000001 1.84476971585651,41.5808867472029,697.677899999995 1.84473702706166,41.5808652895845,699.305500000002 1.84471372476319,41.5808275712496,700.287700000001 1.84469394386064,41.5807920313817,701.114199999996 1.84468103596831,41.5807398961274,700.658100000001 1.84466393653686,41.5806869228975,701.295599999998 1.84465689554168,41.5806419956728,701.644700000004 1.84465605741352,41.5805900276155,702.617899999997 1.84466192520896,41.5805368862725,703.114000000001 1.84466544570655,41.5805036940777,703.615300000005 1.84466779210607,41.5804694959392,704.802800000005 1.8446771803991,41.5804336212371,705.573300000004 1.84468874710669,41.5804047880094,706.154500000004 1.84470752279446,41.5803761214155,706.763099999996 1.84471908950205,41.5803402473336,706.910900000003 1.84471439580469,41.5802953198676,707.979800000001 1.84472613049724,41.5802611216187,708.265100000004 1.84473769720486,41.5802431848843,708.011199999994 1.84473551789197,41.580201777773,708.9041 1.84472613049724,41.5801586947546,709.989199999996 1.84470970210732,41.5801281848508,710.837199999994 1.84466779210607,41.580104883107,712.214500000002 1.84463275601337,41.5800939865134,712.209199999998 1.84458145861739,41.5800832579093,712.810200000007 1.84454172882729,41.5800778936067,713.383799999996 1.84448808413349,41.5800706847573,714.5674 1.84445321602572,41.580063476579,715.3269 1.84441348533736,41.5800562684,715.776299999998 1.84436922893656,41.5800490595482,716.189599999998 1.84431089054539,41.5800364870614,716.512300000002 1.84428524184739,41.5800348105056,716.754100000006 1.84426177336059,41.5800348105056,717.079400000002 1.84423847106211,41.5800383309366,717.641499999998 1.84421516966197,41.5800436952426,718.328800000003 1.84419186826179,41.5800490595482,719.016000000003 1.84416856596332,41.580050904095,719.464300000007 1.84414509657822,41.580050904095,719.789699999994 1.84412179517807,41.5800527479699,720.139299999995 1.84409849377793,41.5800545918447,720.454800000007 1.84407519147945,41.5800562684,720.714200000002 1.84404954278146,41.5800562684,720.798299999995 1.84402624138128,41.5800599561494,721.097999999998 1.84400293998114,41.5800599561494,721.263800000001 1.84397947059604,41.5800616327045,721.553199999995 1.8439399078926,41.5800653204535,722.418999999994 1.84390269248702,41.5800663263865,723.393299999996 1.84387469649117,41.5800545918447,724.009000000005 1.84383731310063,41.5800364870614,724.822100000005 1.84380462430575,41.5800113414085,725.7742 1.84377897560776,41.5799808307631,726.241500000004 1.84375550622266,41.5799431125836,726.414600000004 1.84373924491937,41.5799018732718,726.953599999993 1.84372801328339,41.5798690167346,728.132899999997 1.84373220392418,41.5798443736487,728.374299999996 1.84374511271481,41.5798071580221,728.907600000006 1.84375902672025,41.5797659192954,729.455700000006 1.84376137311977,41.5797298768821,730.055699999997 1.84376606681713,41.5796958463262,730.3989 1.84376372041762,41.5796581279802,731.206900000005 1.8437566794224,41.5796239293939,731.702699999994 1.84374980641217,41.579580846662,732.404500000004 1.84374511271481,41.5795431282489,733.297999999995 1.84373337802225,41.5795000447911,734.335600000006 1.84372633702707,41.5794640029013,734.697199999995 1.84371946401681,41.5794388570256,735.511899999998 1.84370303562689,41.5793939302765,736.105299999996 1.84368208062627,41.5793706282678,736.561000000002 1.84367034593372,41.5793436384606,736.907500000001 1.84363313052813,41.5793149727396,737.562999999995 1.84360966114303,41.5792894914908,737.694199999998 1.84360027284996,41.5792661901163,737.462599999999 1.84359574713759,41.5792427207399,737.257899999997 1.84358870614237,41.5792194186766,737.522899999996 1.84357697144982,41.5791905849068,738.001999999993 1.84357931874767,41.5791421375053,738.1351 1.84358166514719,41.5791116277933,738.578899999993 1.84358166514719,41.5790774295895,739.210399999996 1.84358870614237,41.5790433986898,739.479900000006 1.84359105344022,41.5790110450265,739.957699999999 1.84359339983974,41.5789875755573,740.271500000003 1.84358837107079,41.5789716496972,740.849199999997 1.84358837107079,41.5789518686984,741.287500000006 1.8435907174703,41.5789339316003,741.614700000006 1.84359541206597,41.5789159938252,741.8073 1.84359993777838,41.5788980567172,742.005699999994 1.84359993777838,41.5788782756958,742.549400000004 1.84359993777838,41.5788603385772,743.111399999994 1.84359993777838,41.5788405568723,743.653000000006 1.84359993777838,41.5788207758333,744.018299999996 1.84360463147575,41.5788028386988,744.110199999996 1.84360932517308,41.5787849008873,744.2022 1.84361167247093,41.5787669637429,744.413799999995 1.84361167247093,41.5787488585985,744.748099999997 1.8436163661683,41.578730921444,744.840100000001 1.84361871346615,41.5787129842846,745.051600000006 1.84362105986567,41.5786950471201,745.2837 1.84362575446133,41.5786771099507,745.476299999995 1.84362793377422,41.5786591727763,745.7552 1.84363732116892,41.5786410676017,745.790200000003 1.84363966846677,41.5786231304173,746.063299999994 1.84364436216414,41.5786051932279,746.255900000004 1.84365140315932,41.5785872560335,746.368100000007 1.84366062256907,41.5785639544058,746.542400000006 1.84364184777963,41.5785621098164,747.312000000005 1.84362323917852,41.5785802150131,747.472899999993 1.84360932517308,41.5786016727188,747.585699999996 1.84360463147575,41.5786196099091,747.493700000006 1.84359306476815,41.5786375470945,747.752099999998 1.84358133007557,41.5786536403602,748.053100000005 1.84356741607016,41.5786680577026,748.496199999994 1.84355098768024,41.5786824743697,748.934800000003 1.8435370736748,41.5786968910337,749.127800000002 1.84352533898225,41.5787129842846,749.213000000003 1.84351595158752,41.578730921444,749.471900000004 1.84349298436066,41.5787577435124,750.398400000005 1.84347437665785,41.5787864101527,750.513200000001 1.84345342255555,41.5788169200184,750.630399999995 1.8434369932673,41.5788439100458,750.661699999997 1.84341838556453,41.5788690554812,750.804199999999 1.8433974314622,41.5788942009069,751.027100000007 1.84338117015891,41.5789211909019,751.316000000006 1.84336708816854,41.5789444924009,751.603499999997 1.84336239447117,41.5789750028639,751.279399999999 1.84334848046573,41.5789984723376,751.555300000007 1.8433275263634,41.5790308260072,752.025999999998 1.84332702330686,41.5790610011132,751.842900000003 1.84330103953725,41.5791099512135,752.079400000002 1.84327589389583,41.5791589019486,752.948600000003 1.84327891133688,41.579211875088,752.718800000002 1.84327304354144,41.579244062001,752.651599999997 1.84326834984407,41.5792799360199,753.116800000003 1.84327539083926,41.5793248635202,753.595700000005 1.84328712553184,41.5793751546788,753.666899999997 1.84329181922918,41.57941287319,754.300799999997 1.84330103953725,41.5794542801352,754.595499999996 1.84329416562869,41.5794919986002,755.282600000006 1.84327304354144,41.5795297170432,756.480800000005 1.84326147683385,41.5795655915754,756.496899999998 1.84324270114608,41.5795781641538,757.218399999998 1.84322878714064,41.579605153863,757.453699999998 1.84322292024353,41.5796299643608,757.294599999994 1.84320297135602,41.5796809265798,757.185899999997 1.84315988815499,41.5797189802252,757.913199999995 1.84313289827226,41.5797669245611,758.354399999997 1.84311613481076,41.5797987758851,758.620800000004 1.84309752620966,41.5798274420632,759.039999999994 1.84307657210733,41.5798544316683,759.609700000001 1.8430671838143,41.5798849423734,760.112800000003 1.84308344511755,41.5799065676374,759.463600000003 1.84308797082996,41.5799540092027,760.473100000003 1.84309501182518,41.579998936234,761.147500000006 1.84310289094852,41.580045036487,761.103700000007 1.84309702405141,41.5800939865134,762.403000000006 1.84311596682581,41.580140925311,761.631099999999 1.84311395549787,41.5801938989887,762.425000000003 1.84311999037997,41.5802399997745,763.325500000006 1.84311479362603,41.5802755386023,764.194199999998 1.84311244632821,41.580315101127,764.459900000002 1.84311009903037,41.5803598605884,764.7451 1.84309165931251,41.5803922149199,765.789000000004 1.84307757732215,41.5804084757389,766.327399999995 1.84307053722526,41.5804264130994,766.354999999996 1.84306818992741,41.5804443504549,766.174100000004 1.84308210393285,41.5804606112607,765.913 1.84309165931251,41.5804785486068,765.909599999999 1.84309853232277,41.5804964859478,765.792199999996 1.84310087962059,41.5805144232838,765.757299999997 1.8430938386254,41.5805414126018,766.498699999996 1.84310087962059,41.5805719229823,766.880999999994 1.84311479362603,41.5806096414665,767.311900000001 1.84313356841547,41.5806492037865,768.0766 1.84316609012372,41.5806797141161,767.812999999995 1.84320112711474,41.5807030156525,768.263900000005 1.84323599522248,41.5807259825449,768.762100000007 1.84326164392047,41.5807440871349,769.176500000001 1.84329433361365,41.5807638682568,769.988700000002 1.8433268553219,41.5807836500446,770.479999999996 1.8433618914146,41.5808034311543,770.470700000005 1.84340162210299,41.580826732646,770.946899999995 1.84343665819572,41.5808502021187,771.5003 1.84346700059105,41.5808716597422,772.031199999998 1.84349717589978,41.5808932853478,773.089300000007 1.8435136042897,41.5809112225736,774.042499999996 1.84352986559296,41.5809310036443,774.628599999996 1.84355786069047,41.5809345240265,774.363100000002 1.8435672480852,41.5809435766289,774.573000000004 1.84359055038365,41.5809382117257,774.475699999995 1.84360915808645,41.5809507847089,774.771599999993 1.84361385178382,41.5809687219188,774.979000000007 1.84361150448597,41.5809866591237,775.001000000004 1.8435928967832,41.5809992320974,775.273199999996 1.84358820308583,41.5810118050687,775.205300000001 1.84356255438784,41.5810208576603,775.290299999993 1.84353690568984,41.5810406386974,775.131800000003 1.8435229916844,41.5810639407754,774.856799999994 1.84349030288952,41.5810837217993,775.731 1.84346465419153,41.5811088677066,776.000199999995 1.8434539247138,41.5811340136041,775.801699999996 1.84344336411932,41.5811715644433,775.069000000003 1.84342475641651,41.5812129709328,774.181500000006 1.84339910771852,41.581266782329,772.598800000007 1.84336692108188,41.5813050043721,772.609100000001 1.84333691375814,41.5813549600283,771.7022 1.84330573323462,41.5814049163177,770.986000000004 1.84329165124422,41.5814479991767,769.699600000007 1.84326365614671,41.581480353635,770.591899999999 1.84327069714192,41.5815288006262,769.795199999993 1.84325661515152,41.5815881445963,769.820500000002 1.84324270114608,41.581631228005,770.289099999995 1.84322157905879,41.5816654262003,771.282099999997 1.84321235875072,41.5816833632117,771.260500000004 1.84320766505339,41.581701300218,770.822799999994 1.84320766505339,41.5817192378914,770.491599999994 1.84320531775554,41.5817371748878,770.279999999999 1.84320297135602,41.5817551125512,770.126399999994 1.84320062405817,41.5817732175247,769.960800000001 1.8431959303608,41.5817911545061,769.872900000002 1.84319123666347,41.5818090914825,770.133700000006 1.84318201635539,41.5818270291259,770.824699999997 1.84316558796547,41.5818414457599,772.027900000001 1.84314463296482,41.5818323932834,773.313500000004 1.843142285667,41.5818144563134,773.033800000005 1.843142285667,41.5817893106809,772.562399999995 1.84312837166156,41.5817821020225,773.626799999998 1.84310959687212,41.5818018834984,774.693400000004 1.84309517981014,41.5818446307907,776.055800000002 1.84308579151711,41.5818572035974,776.572700000004 1.84307875142022,41.5818751412275,776.992199999993 1.8430671838143,41.5818930781806,777.442299999995 1.84305779641956,41.5819111831154,777.586500000005 1.84304840902486,41.5819291207304,777.733800000002 1.84303918871678,41.5819470576686,777.872499999998 1.84302980042375,41.5819649952736,778.019899999999 1.84301823371616,41.5819829322018,778.4035 1.84300884632142,41.5820008697969,778.789499999999 1.8429924179315,41.582015286392,779.322499999995 1.84297615662825,41.5820297036559,779.643500000006 1.84296207463785,41.5820441202446,779.856499999994 1.84294112053552,41.5820548491948,780.363599999997 1.84292016553489,41.5820655781433,780.870699999999 1.84289686413475,41.5820709422808,781.564100000003 1.84287121543676,41.5820709422808,782.443700000003 1.84285009245117,41.5820620578227,783.387900000002 1.84285009245117,41.5820441202446,783.719100000002 1.84283148474836,41.5820315474743,784.899799999999 1.84281053064603,41.5820315474743,785.967900000003 1.842801142353,41.5820530053771,786.050199999998 1.84278488194804,41.5820746305871,786.474400000006 1.84278488194804,41.5820979322921,787.012700000007 1.84278488194804,41.5821284426092,787.804799999998 1.84278722834756,41.5821554319245,788.390299999999 1.84280818334822,41.5821789015862,788.081200000001 1.84281757074292,41.5822075673798,788.485199999996 1.84282209735363,41.5822417659418,788.659899999999 1.84282897036389,41.5822739520167,789.094599999997 1.84282444375318,41.5823118381643,790.113100000002 1.84282779716411,41.5823359783677,790.763800000001 1.84280332166589,41.5823710147733,791.775699999998 1.84277884706597,41.5823926398768,792.690799999997 1.8427998011683,41.5824169473634,793.490900000004 1.84282427666652,41.5824384051381,794.240699999995 1.84286987425202,41.5824573485025,795.204299999998 1.84291061015523,41.5824581864129,795.204199999993 1.84294095255056,41.5824689152943,795.737800000003 1.842954866556,41.5824994254361,796.403099999996 1.84297364224377,41.5825192066922,796.597699999998 1.84297816795615,41.5825389879423,797.657099999997 1.84298755624918,41.5825569253829,798.426399999997 1.84300163734128,41.5825713418539,798.708599999998 1.84301555134672,41.5825876027961,799.092199999999 1.84303197973661,41.5826018519473,799.499800000005 1.84305058833775,41.5826144252785,800.002699999997 1.84307388973789,41.582621633172,800.168999999994 1.84309719113804,41.5826288417366,800.125899999999 1.84311361952796,41.5826451026644,800.623699999996 1.84309249744067,41.5826539877142,801.635899999994 1.84306919604053,41.5826521439136,802.194300000003 1.84304589374205,41.5826467791523,802.264299999995 1.84302493963976,41.5826378941016,801.9516 1.8430039846391,41.5826253214469,801.497099999993 1.84298520895136,41.5826144252785,801.321599999996 1.84295721385385,41.5826073840252,801.7984 1.84291530385257,41.5825929675622,801.821100000001 1.84287339474961,41.5825876027961,802.508900000001 1.84284992536451,41.582583915191,803.074699999997 1.84281270995893,41.5825876027961,803.770199999999 1.84278924057382,41.582598331656,804.202799999999 1.84276124457798,41.5826090605141,804.8367 1.84274263687517,41.582621633172,805.761700000003 1.84276157964957,41.5826303509122,806.091 1.84279896304014,41.5826340385146,806.054499999998 1.84282695903595,41.5826482876555,806.614499999996 1.84285495413346,41.5826752774255,807.373399999997 1.84287825643194,41.5826950586277,807.503899999996 1.84291094522682,41.5827183607808,807.613200000007 1.84290625152945,41.5827292569315,808.180399999997 1.8429085988273,41.5827471943193,808.943299999999 1.84291094522682,41.5827651317022,809.289900000003 1.84291329252467,41.58278306908,809.623200000002 1.84291094522682,41.5828010064529,809.905400000003 1.84288747584172,41.5828028502492,810.346399999995 1.84286652173939,41.5827937979074,810.684599999993 1.84284338742587,41.5827867566737,810.8995 1.84281991804077,41.5827812246112,811.1391 1.84279896304014,41.5827723402508,811.260500000004 1.84277566163997,41.5827686519844,811.540699999998 1.84275236023982,41.5827616114198,811.742299999998 1.84272905794135,41.58275440287,811.940000000002 1.84270558855625,41.58275440287,812.309399999998 1.84267993985825,41.58275440287,812.713099999994 1.84265663845811,41.5827560793551,813.116599999994 1.84263333705793,41.5827597669503,813.572499999995 1.84260986767283,41.5827651317022,814.067800000004 1.84258656537435,41.5827686519844,814.257599999997 1.84256326397421,41.5827758605326,814.572899999999 1.84254230897355,41.5827849128769,815.028999999995 1.84251900757341,41.5827902776266,815.223599999998 1.84251666027556,41.5827937979074,815.375599999999 1.84248397148071,41.5828028502492,815.716499999995 1.84245362908535,41.5828082143256,815.897899999996 1.84242798038736,41.5828119025897,816.035000000003 1.84239998439152,41.5828082143256,816.281000000003 1.84236729559664,41.5828010064529,816.435599999997 1.84233929960083,41.5828065385137,817.102700000003 1.8423439932982,41.5828261516914,817.929099999994 1.84236595441194,41.5828469387371,818.553499999995 1.84240333780248,41.5828630322976,818.735199999996 1.84242898560214,41.5828737611118,818.845600000001 1.84244055320807,41.5828828134424,819.128400000001 1.8424640225932,41.5828828134424,818.929099999994 1.84248732399335,41.5828846579083,818.761799999993 1.84250827899397,41.5828953867189,818.936600000001 1.84251766638871,41.5829133233886,819.224300000002 1.84251967861494,41.5829247227867,819.379100000006 1.84252202501446,41.5829428281042,819.618499999997 1.84251733131709,41.5829607654326,820.002099999998 1.84251263761972,41.5829787027561,820.464999999997 1.8425057646095,41.5829966400747,820.901400000002 1.8424916826191,41.583012732926,821.209799999997 1.84247307491632,41.583023629699,821.533800000005 1.84245211991566,41.5830325146967,821.8943 1.84243099782841,41.583041567005,822.175300000003 1.84240769552993,41.5830487755228,822.569600000003 1.84238439412976,41.5830559833678,823.053199999995 1.84236109272961,41.5830595043061,823.446200000006 1.84233779043114,41.5830613480951,823.837199999994 1.84231448903099,41.583063191884,824.456200000001 1.84229118763085,41.583063191884,825.233500000002 1.84226788623067,41.5830613480951,826.003100000002 1.84224441684557,41.5830541395787,826.385500000004 1.8422211145471,41.5830506193121,826.769700000004 1.84219781314695,41.5830362022762,826.913799999995 1.84218624643936,41.5830444166811,827.2886 1.8421652914387,41.5830534689878,827.7935 1.84214416935145,41.5830625212931,828.375700000004 1.84212556075034,41.5830750945346,828.963600000003 1.84210460664801,41.5830930318264,829.714300000007 1.84207426425265,41.5831289063949,830.543799999999 1.84203453356426,41.5831522077194,831.812900000004 1.84201139925077,41.5831828855218,831.946400000001 1.8419787104559,41.5832008227835,832.775500000003 1.84194132706535,41.5832241247541,833.407200000001 1.84190863737214,41.5832511142833,834.019499999995 1.84187360127945,41.5832655312713,834.740600000005 1.8418362178889,41.5832834685101,835.479999999996 1.84179430788762,41.583303249526,835.876499999998 1.84175927179492,41.5833193429728,836.156300000002 1.84173127669741,41.583348176915,836.539300000004 1.84171266809627,41.5833786866414,836.707999999999 1.8416985870042,41.5834019885477,836.857499999998 1.84168702029661,41.5834254577564,837.299899999998 1.84167059100839,41.5834487596459,837.454100000003 1.84165433060343,41.5834720615269,837.552299999996 1.84164259591085,41.5834918424851,837.564700000003 1.84162801176224,41.5835159822473,837.588900000002 1.84160990621767,41.5835649330023,837.625799999994 1.84160219507929,41.5835974543822,837.621799999994 1.841581072992,41.5836314848978,837.921400000007 1.84155542429401,41.5836638396059,838.163100000005 1.8415368165912,41.5836980373967,838.126999999993 1.84151351429276,41.5837285476297,838.4179 1.84149708590284,41.58375553762,838.794899999994 1.84148786559476,41.5837753184913,839.3799 1.84147864618499,41.5837986202546,840.087 1.84149708590284,41.5838256102156,839.869999999995 1.84152742829817,41.5838507557271,840.239000000001 1.84156246439089,41.5838668490374,840.403600000005 1.8416045423771,41.58389383897,840.374599999996 1.84163706408536,41.5839225046742,840.935599999997 1.84166975288024,41.5839548592365,842.369999999995 1.84171182996811,41.5839711198303,842.549299999999 1.84173982596396,41.5839779929536,842.517300000007 1.84179129044657,41.5840068266016,843.079899999997 1.84184728153992,41.5840212434208,843.396800000002 1.84189388523854,41.5840373366887,843.727299999999 1.84192657493175,41.5840517535011,844.072899999999 1.84195104953167,41.5840779054669,844.3799 1.8419860865227,41.5840976869114,844.154399999999 1.84200938792284,41.5841174676779,844.615600000005 1.84202112261539,41.5841407693176,845.144199999995 1.84202112261539,41.5841640716208,845.661900000006 1.84202816361061,41.584180332162,846.011799999993 1.84202816361061,41.5841982691467,846.180300000007 1.84202816361061,41.5842162067983,846.366699999999 1.84202816361061,41.5842359882004,846.592900000003 1.84202581631276,41.5842539251697,846.880799999999 1.84200251491261,41.5842611335521,847.669899999994 1.84197669822966,41.5842611335521,847.856400000004 1.84195339682949,41.5842629779787,847.948600000003 1.84193009542934,41.5842629779787,848.137600000002 1.84190444673135,41.5842629779787,848.565400000007 1.84187879803336,41.5842629779787,848.993100000007 1.84185314933536,41.5842629779787,849.420899999997 1.84182984793522,41.5842629779787,849.809500000003 1.84180637855008,41.5842629779787,850.0 1.84178072985209,41.5842629779787,850.0 1.84171786574851,41.5842395084024,850.0 1.84167109406493,41.5842378319558,850.0 1.84163840527006,41.5842520814148,849.744900000005 1.84164410418224,41.5842899677457,849.0527 1.84167109406494,41.5843330506955,849.0 1.84166874766542,41.584368925247,849.0 1.84168048235797,41.5844031233363,848.689599999998 1.84167813506015,41.5844443624611,848.187999999995 1.84165952735734,41.5844857688678,847.966400000005 1.8416315313615,41.5845342162919,847.261899999998 1.84160118896617,41.5845791428244,846.502500000002 1.84157554026818,41.5846114970576,845.816999999995 1.84156850017129,41.5846294345945,845.425199999998 1.84155693256537,41.5846456956903,845.074800000002 1.84154519787282,41.5846617888026,844.728300000002 1.84152893746786,41.5846762054755,844.423299999995 1.84150546808276,41.5847013513277,843.913100000005 1.84147747208691,41.5847283409114,843.313399999999 1.84144712969155,41.584757006917,843.0 1.84142382829141,41.5847839971494,843.029500000004 1.84138409760302,41.5848109866986,842.596399999995 1.84135694063366,41.5848369703778,842.013399999996 1.84130296086824,41.5848750243445,841.297699999996 1.84123707932361,41.5849013432839,840.850099999996 1.84118343552811,41.5849318536202,840.155700000003 1.84112392393716,41.5849588431076,839.546900000001 1.84106089184863,41.5849885155391,838.998900000006 1.84100858833952,41.5850235518493,838.936100000006 1.84096416485209,41.5850559058599,838.520399999994 1.84093097210234,41.5850989889706,837.092900000003 1.84089694212276,41.5851398923664,836.047399999996 1.84085922276231,41.5851700673055,835.5524 1.84084497368525,41.5852180116257,834.481799999994 1.84082804223879,41.5852609273221,834.070000000007 1.8407914969764,41.5852957961786,833.768100000001 1.84077288927359,41.5853425665769,833.259099999996 1.84076685439152,41.5854062690842,832.923200000005 1.84078210958167,41.5854369471595,832.418799999999 1.84082418666958,41.585478186296,832.827999999994 1.84084396847046,41.5855031638585,832.557100000005 1.84086157006012,41.58554457093,831.865600000005 1.84089895345067,41.5855910065377,832.0 1.84092678146155,41.5856253726286,832.0 1.84096299075402,41.5856756635838,832.255300000004 1.8410178086476,41.5857063415311,832.152100000007 1.8410855344335,41.5857333313666,831.702900000004 1.84112274983909,41.5857494242078,831.511100000003 1.84117404723508,41.585769205812,831.346099999995 1.84121143062562,41.5858015601208,832.012400000007 1.84126038072379,41.585839278238,832.044399999999 1.84129307041697,41.585875320601,831.550799999997 1.84133749480273,41.5859130393469,830.963799999998 1.84138409760302,41.5859561218857,830.836299999995 1.84141443999838,41.5859777478042,830.729600000006 1.84144008869637,41.5860010494445,830.400500000003 1.84147395158932,41.5860620697353,829.676200000002 1.8414845130821,41.5861160490977,828.424700000003 1.84148803357972,41.586167178205,828.0 1.84148099258451,41.5862367482885,827.092699999994 1.84148099258451,41.5862878779721,826.823699999994 1.84150546808276,41.586339678172,826.0 1.84152306967242,41.5863909750772,825.337599999999 1.84152306967242,41.5864307058615,824.800099999993 1.84153698367786,41.5864496487265,824.437000000005 1.84156145917608,41.5864712738078,823.561400000006 1.84158258126336,41.5865089922057,822.911099999998 1.841585933776,41.5865440290345,822.726299999995 1.84155793867848,41.586573533435,823.057400000005 1.84155458616585,41.5865978406914,823.0 1.84156196223265,41.5866369001228,822.877399999998 1.8415589447916,41.5866850126719,822.499899999995 1.84150798246723,41.5867150195866,823.0 1.84144293905076,41.5867099904394,823.103799999997 1.84138996539846,41.5867410038434,822.927500000005 1.84144092682453,41.5867659815893,822.084300000002 1.84148903969284,41.5867410038434,822.761199999994 1.84152592002681,41.5866969146549,822.955900000001 1.84155391512432,41.586653999241,822.6783 1.84160789488977,41.5866239922979,822.459900000002 1.84166589731103,41.5866399176146,821.186199999996 1.84170294562995,41.5866779718624,819.9421 1.84173395816851,41.5867170312453,819.370599999995 1.84175156065651,41.5867678259443,818.243600000002 1.84175860165172,41.5868001797527,818.166599999997 1.8417691622462,41.5868298520099,817.385299999994 1.84173764665106,41.5868702524036,817.295700000002 1.8417235646607,41.5868863456333,817.125 1.84170965065525,41.5869133356474,816.628599999996 1.84169204906556,41.586937642776,816.051600000006 1.84167461456253,41.5869644654671,816.0 1.8416536595619,41.586986090376,816.143700000001 1.84163253747462,41.5870264913438,815.182799999995 1.84160102187951,41.5870588456945,815.1008 1.84156263237585,41.5870938815531,814.686400000006 1.84154586891432,41.5871275769674,814.0769 1.84152776336978,41.5871773655211,813.285999999993 1.84151887903162,41.5872350333064,811.591899999999 1.84150496502618,41.5872880065396,810.431500000006 1.84147495770244,41.5873289105643,809.853000000003 1.84145249443045,41.5873792015364,808.997099999993 1.84143707125532,41.587419937531,808.4283 1.84142500149118,41.5874739171019,806.5334 1.8414038794039,41.5875240413327,806.0 1.84137688952117,41.5875739968808,805.195399999997 1.84134503795615,41.5876219414316,804.160300000003 1.84129843515583,41.5876576488716,803.410799999998 1.84124244406251,41.5876792735484,802.1253 1.84119818766171,41.5876827942345,801.384999999995 1.84114923666524,41.5876792735484,801.040299999993 1.84108855187455,41.587668377561,800.574600000007 1.84103960177638,41.5876630132165,799.890499999994 1.84098796930881,41.5876398788041,799.932700000005 1.84092292589234,41.5876108774628,798.976999999999 1.84087196356797,41.5875828819243,799.065300000002 1.84082988648006,41.5875500245921,798.506899999993 1.84078210958167,41.5875180057598,797.651800000007 1.84072997405752,41.5874789461896,796.478600000002 1.84069896151899,41.5874492742307,796.435200000007 1.84065302796354,41.5874108851646,796.9476 1.8405915050447,41.5873880866067,795.735799999995 1.84055881535149,41.587366629133,795.752099999998 1.84049360484839,41.5873270662253,795.118799999997 1.84044918046266,41.5873000763841,793.893100000001 1.84040961775923,41.5872749308721,793.358099999998 1.84036200884579,41.5872499526513,793.650899999993 1.84030702296725,41.5872246391469,793.107799999998 1.84024197955078,41.5871969793869,791.723899999997 1.84019487369392,41.5871887648383,790.298200000005 1.84013888260056,41.5871761917259,788.439499999993 1.84008523790676,41.5871599312674,787.685400000002 1.84002103261845,41.5871609370898,787.284100000004 1.83997325572005,41.5871689836689,786.614300000001 1.83992899931929,41.5871815561108,785.498500000002 1.83990335062129,41.5871958055921,784.933399999994 1.83986144151834,41.5872120667134,783.867700000003 1.83980528244003,41.5872372122499,783.395099999994 1.83976337333707,41.5872714101637,782.309999999998 1.83972364264871,41.5873054407587,781.815300000002 1.8396815655608,41.5873540560552,781.002200000003 1.83964435015522,41.5873880866067,781.024799999999 1.83960545849328,41.5874174233208,780.974600000001 1.83957193067194,41.5874402218685,781.151599999997 1.83955181379948,41.5874623498628,780.569399999993 1.83954007910693,41.5874802872796,780.013600000006 1.83952851239933,41.5874963810291,779.8799 1.83951443040893,41.587510797741,779.825700000001 1.83950051640349,41.5875270587831,779.7307 1.83948408801357,41.5875413075161,779.713099999994 1.83947252130598,41.5875575685505,779.4277 1.83946095370005,41.5875736616088,778.999500000005 1.83943530500206,41.5876060156853,778.3606 1.83942122390999,41.5876293174098,777.946100000001 1.83940261620718,41.5876527870977,777.450500000006 1.83939322791415,41.5876832974776,776.253899999996 1.83937914682208,41.5877138071712,774.962100000004 1.83937914682208,41.5877480055045,774.373300000007 1.83940261620718,41.5877946088426,773.699600000007 1.83941418291478,41.5878143898203,773.388600000006 1.83942122390999,41.5878432237709,772.926399999997 1.83943748431495,41.5878881506884,771.278000000006 1.83942357120784,41.5879347539255,770.537800000006 1.83941418291478,41.58798336942,769.683999999994 1.83940026890937,41.5880210876063,769.140799999994 1.8393741171548,41.5880576326633,768.4954 1.83935785674984,41.5880883108225,767.600200000001 1.83933690174921,41.588111612373,767.388200000001 1.8393089066517,41.5881439668518,767.171400000007 1.83927856425634,41.588185205603,766.320300000007 1.83925760925571,41.5882121950742,765.0141 1.83922961325987,41.5882445495026,765.237999999998 1.83921083847044,41.5882732152909,765.188999999998 1.83920161816236,41.588298529056,764.820699999997 1.83918518977244,41.5883236748412,764.582899999994 1.83917362216655,41.5883523405943,764.394199999995 1.83915250007927,41.588395423521,763.675399999993 1.83915250007927,41.5884259335499,763.439199999993 1.83915015278142,41.5884529235924,763.3986 1.83915484737711,41.5884906421763,763.126499999998 1.83917596946437,41.588524840098,762.698499999999 1.83921067048548,41.5885669171091,761.706600000005 1.83923413987061,41.5886118441949,761.909199999995 1.83924805387606,41.5886406784612,761.666800000006 1.83925744127076,41.5886586155505,761.398499999996 1.83926917596331,41.5886765526349,761.051900000006 1.8392713552762,41.5886944897143,761.024000000005 1.83927370257402,41.5887124274606,760.9905 1.83927839627138,41.58873036453,760.878700000001 1.83928074356923,41.5887484695633,760.845600000001 1.83928308996875,41.5887664066228,760.513500000001 1.8392854372666,41.5887843436772,760.129199999996 1.83929951835867,41.5888292712836,759.710600000006 1.83930404496938,41.5888651453525,760.048699999999 1.83931812606144,41.5889172807653,760.020199999999 1.83932516705666,41.5889549997498,759.321200000006 1.83932751435451,41.5890017708568,758.642900000006 1.83931343236411,41.5890448533501,758.204299999998 1.83929951835867,41.5890790516502,758.0383 1.83928308996875,41.5891124114362,758.322400000005 1.83928661046634,41.5891447660853,757.5821 1.83926565546572,41.5891932133728,756.356 1.83923749238325,41.5892391458129,755.725200000001 1.83921653738262,41.5892849109247,755.541400000002 1.83921653738262,41.5893172654874,754.903399999996 1.83920949728574,41.589360348442,754.238500000007 1.83920949728574,41.5893953843954,753.523100000006 1.83920262337718,41.5894304210017,753.072899999999 1.83920262337718,41.5894681396863,752.386199999994 1.8391920627827,41.5895139046358,753.017800000001 1.83918502178749,41.589581295608,752.778300000005 1.83918502178749,41.5896190142045,752.104399999997 1.83916406678686,41.5896756753693,751.625100000005 1.83912299581206,41.5897199318337,751.405499999993 1.83909634100095,41.5897558067515,751.313500000004 1.83908594749314,41.5898079421168,750.9758 1.83908930090407,41.589868962169,751.0386 1.83910103559665,41.5899103691279,750.740399999995 1.83911260230425,41.5899552959508,750.022700000001 1.8391243369968,41.5899946906259,749.260599999994 1.83912903069416,41.5900396180619,748.726200000005 1.83912668339632,41.590079180651,748.009600000005 1.83909634100095,41.5901348363077,747.429000000004 1.83907538689866,41.5901708782882,747.871899999998 1.83904973820067,41.590213961345,747.338300000003 1.83902861521505,41.5902498359883,746.959900000002 1.83900062011754,41.5902840343219,747.245599999995 1.83896809840932,41.5903126998764,747.761299999998 1.83893540871614,41.5903450545959,747.557400000005 1.83889802532557,41.5903918253677,747.259999999995 1.83886533563239,41.5904151267585,747.853300000002 1.83883650240672,41.5904471461695,748.316699999996 1.83880163340065,41.5904687712556,749.078699999998 1.83879006669306,41.5904885527577,749.155199999994 1.83875503060033,41.5905155419378,749.206399999995 1.83872468730667,41.5905442080614,748.702300000004 1.83869669220916,41.5905693543156,748.169999999998 1.83866165611643,41.5905944998881,747.999500000005 1.83862661912541,41.5906340621372,746.983399999997 1.83858454203753,41.5906447910038,747.499599999996 1.83856124063735,41.5906519993446,747.300499999998 1.83854028563673,41.5906610519283,746.805200000003 1.83851698423658,41.5906682602673,746.282600000006 1.8384936828364,41.5906753013134,746.013500000001 1.83847255985082,41.5906878744162,745.747199999998 1.83844925845068,41.5906915622303,745.619999999995 1.8384259570505,41.5906969263231,745.339699999997 1.83840265475206,41.5907022910873,744.985000000001 1.83837935335188,41.5907076551792,744.790299999993 1.83835605195174,41.5907148641848,744.513699999996 1.83832570865808,41.5907220725178,744.250400000004 1.8382930198632,41.5907292808499,743.991399999999 1.83823468147203,41.5907364891813,743.6872 1.83818573137386,41.5907436975118,743.327900000004 1.83813661329076,41.5907544263602,742.455100000006 1.83808296949526,41.5907597911197,741.8315 1.83804340679182,41.5907705199653,740.996299999999 1.83799194141088,41.590781416101,741.198099999994 1.83794299131274,41.5907980122464,741.020300000004 1.83789404121461,41.590828019265,739.765700000004 1.83787593656837,41.5908509859153,739.298899999994 1.83786403389083,41.5909039595408,738.601999999999 1.83782866182822,41.5909430190544,739.755499999999 1.83781005412541,41.5909735292231,740.005099999995 1.83779362573549,41.5909933105705,740.0 1.83778658474031,41.5910310290138,739.9277 1.8377585896428,41.5910722679365,740.292700000005 1.83774014902665,41.5911064665062,740.250700000004 1.83772137423721,41.5911423406534,740.187099999996 1.83771433324199,41.5911711744613,739.532000000007 1.83770980663129,41.5912161017504,738.129300000001 1.83770444279072,41.5912570053019,737.506800000003 1.83770444279072,41.5912876832844,736.901899999997 1.83770444279072,41.5913072965733,736.515100000004 1.83770678919024,41.5913254015558,736.077699999994 1.83770678919024,41.5913451827953,735.824099999998 1.83770678919024,41.5913647967386,735.873099999997 1.83770678919024,41.5913829017049,735.9182 1.83770678919024,41.5914025149649,735.557199999996 1.8377020954929,41.5914206199206,735.361199999999 1.83769756888216,41.5914385575813,735.226800000004 1.83769522248264,41.5914564945651,735.042700000005 1.83768818148746,41.5915121503781,734.873399999997 1.83768114049224,41.5915661298867,734.212899999999 1.83766488008728,41.5915984839778,734.439299999998 1.8376578390921,41.5916415674256,734.1204 1.83764392508666,41.5916685567955,734.105599999995 1.83762514939892,41.5917097959827,733.489799999996 1.83759011330619,41.5917456704665,733.857399999994 1.83756463259316,41.5917672957895,733.741500000004 1.8375342901978,41.5918031702413,732.542700000005 1.83749925320677,41.5918373684239,731.310299999997 1.83745265040648,41.5918606699648,730.650800000003 1.83741996071327,41.5918719018381,730.431899999996 1.83738928324633,41.5918931918691,729.980299999996 1.83734385274749,41.591920013845,729.331699999995 1.83729138215173,41.5919389571149,728.120699999999 1.83724595255118,41.5919577324188,727.376699999993 1.83719683446808,41.5919739936844,726.924100000004 1.83714084337473,41.5920009829153,725.868499999997 1.83707077029098,41.5920197588729,725.401199999993 1.83701829969525,41.5920331695001,724.643800000005 1.83694135360127,41.5920628413677,723.927899999995 1.83688888300554,41.5920844665844,723.025899999993 1.83681881082012,41.5920978778699,722.787500000006 1.8367420327111,41.5921060924657,721.144499999995 1.83668587363278,41.592111456441,720.001600000003 1.83661596853399,41.592111456441,719.591199999995 1.83657037094849,41.5921168210876,719.035900000003 1.83651437985516,41.5921141391003,718.441600000006 1.83645134776659,41.592111456441,717.713900000002 1.83637440167265,41.5921195030749,716.119200000001 1.83631841057929,41.5921221857339,714.599000000002 1.83623459147509,41.5921168210876,715.136599999998 1.83617038618678,41.592117994793,715.136199999994 1.83611389293518,41.5921314053997,713.384099999996 1.83602605027681,41.5921449839637,708.486900000004 1.8359804526913,41.5921583952367,708.416299999997 1.83592613785427,41.5921407930243,708.858200000002 1.8358703147459,41.5921354290515,709.059200000003 1.8358247171604,41.5921138038518,710.1054 1.83573301893282,41.5920899991935,711.167400000006 1.83569177997307,41.5920921779731,711.157600000006 1.83563930937734,41.5920950279216,711.025099999999 1.8355937117918,41.5920841313358,711.0 1.83552380669304,41.5920787673583,711.0 1.83546429510209,41.592084299296,711.0 1.83543629910625,41.5920789346466,711.0 1.83540126301356,41.5920762526577,711.0 1.8353593539106,41.5920735706687,711.0 1.83532431691958,41.5920789346466,711.0 1.83529632182207,41.5920978778699,711.0 1.83529632182207,41.5921273824196,711.0 1.83530688241654,41.5921706328024,711.0 1.83533135791476,41.5922029872625,711.0 1.8353593539106,41.5922407056709,711.0 1.83539086950571,41.5922728921361,711.109200000006 1.83543277860866,41.5923025638935,711.1443 1.83546781559969,41.5923268716804,711.021900000007 1.83549916410816,41.5923484968086,712.032200000001 1.83553772069848,41.5923808511795,712.193700000003 1.83557627728877,41.5924076729528,712.395399999994 1.83562874788453,41.5924400272941,713.229200000002 1.83568473897788,41.5924723816191,713.584600000002 1.83573016857843,41.592507417899,714.271099999998 1.83578280715912,41.5925531827094,715.345100000006 1.83581784325184,41.5925882189455,715.907200000001 1.83585271225791,41.5926152092633,716.204199999993 1.83589830984342,41.5926341523292,716.417199999996 1.83592714396742,41.5926582920324,717.393800000005 1.83597039425507,41.5926879636127,717.144799999995 1.83601716504035,41.5927149538888,717.578099999999 1.83604968674857,41.5927419434818,718.093399999998 1.83612562672943,41.5927957553473,719.034899999999 1.8361759189106,41.5928227449065,718.411399999997 1.83622285768084,41.5928416879115,718.025200000004 1.83625537938905,41.592865828209,718.555800000002 1.83630231726096,41.5928981823206,719.245500000005 1.83634171287777,41.5929307037021,719.232300000003 1.83636702560585,41.592968590315,719.7353 1.83640306781166,41.5929900479423,719.205400000006 1.83642486094044,41.593006308276,719.0 1.83646090314629,41.5930277665625,719.0 1.83648252829011,41.5930440268869,719.0 1.83650767393157,41.593057437973,719.0 1.83654388412233,41.5930708490564,719.0 1.83657992632818,41.5930844280946,719.0 1.83656550926619,41.5931167820966,719.0 1.83659970723073,41.5931231523894,719.0 1.83663122372416,41.5931367307447,719.0 1.83666307439088,41.5931501418116,719.0 1.83668050889392,41.5931744492793,719.0 1.83670867197639,41.5931985894523,719.0 1.83674387605404,41.5932121684637,719.0 1.83678260062932,41.5932228969018,719.0 1.83682484570219,41.5932228969018,719.009699999995 1.8368634022925,41.5932202149604,719.0 1.83690212686775,41.5932175323471,719.0 1.83692676945263,41.5931959075099,719.139999999999 1.83692676945263,41.5931664027769,719.0 1.8369198964424,41.5931394133614,719.0 1.83693129606333,41.5930913009196,719.0 1.83693129606333,41.5930617968106,719.0 1.83692207575526,41.593035142595,719.023000000001 1.83690330006752,41.5930244134538,719.029399999999 1.83688452437976,41.5930135170249,719.0 1.8368634022925,41.5930027878802,719.0 1.83683993290737,41.5929991001982,719.0 1.8368117698249,41.5929937356248,719.0</coordinates>
</LineString>
</Placemark>
</Folder>
</Document></kml>
